  0
SECTION
  2
HEADER
  9
$ACADVER
  1
AC1018
  9
$ACADMAINTVER
 70
0
  9
$DWGCODEPAGE
  3
ANSI_1252
  9
$LASTSAVEDBY
  1
ezdxf
  9
$INSBASE
 10
0.0
 20
0.0
 30
0.0
  9
$EXTMIN
 10
1e+20
 20
1e+20
 30
1e+20
  9
$EXTMAX
 10
-1e+20
 20
-1e+20
 30
-1e+20
  9
$LIMMIN
 10
0.0
 20
0.0
  9
$LIMMAX
 10
420.0
 20
297.0
  9
$ORTHOMODE
 70
0
  9
$REGENMODE
 70
1
  9
$FILLMODE
 70
1
  9
$QTEXTMODE
 70
0
  9
$MIRRTEXT
 70
1
  9
$LTSCALE
 40
1.0
  9
$ATTMODE
 70
1
  9
$TEXTSIZE
 40
2.5
  9
$TRACEWID
 40
1.0
  9
$TEXTSTYLE
  7
Standard
  9
$CLAYER
  8
0
  9
$CELTYPE
  6
ByLayer
  9
$CECOLOR
 62
256
  9
$CELTSCALE
 40
1.0
  9
$DISPSILH
 70
0
  9
$DIMSCALE
 40
1.0
  9
$DIMASZ
 40
2.5
  9
$DIMEXO
 40
0.625
  9
$DIMDLI
 40
3.75
  9
$DIMRND
 40
0.0
  9
$DIMDLE
 40
0.0
  9
$DIMEXE
 40
1.25
  9
$DIMTP
 40
0.0
  9
$DIMTM
 40
0.0
  9
$DIMTXT
 40
2.5
  9
$DIMCEN
 40
2.5
  9
$DIMTSZ
 40
0.0
  9
$DIMTOL
 70
0
  9
$DIMLIM
 70
0
  9
$DIMTIH
 70
0
  9
$DIMTOH
 70
0
  9
$DIMSE1
 70
0
  9
$DIMSE2
 70
0
  9
$DIMTAD
 70
1
  9
$DIMZIN
 70
8
  9
$DIMBLK
  1

  9
$DIMASO
 70
1
  9
$DIMSHO
 70
1
  9
$DIMPOST
  1

  9
$DIMAPOST
  1

  9
$DIMALT
 70
0
  9
$DIMALTD
 70
3
  9
$DIMALTF
 40
0.03937007874
  9
$DIMLFAC
 40
1.0
  9
$DIMTOFL
 70
1
  9
$DIMTVP
 40
0.0
  9
$DIMTIX
 70
0
  9
$DIMSOXD
 70
0
  9
$DIMSAH
 70
0
  9
$DIMBLK1
  1

  9
$DIMBLK2
  1

  9
$DIMSTYLE
  2
ISO-25
  9
$DIMCLRD
 70
0
  9
$DIMCLRE
 70
0
  9
$DIMCLRT
 70
0
  9
$DIMTFAC
 40
1.0
  9
$DIMGAP
 40
0.625
  9
$DIMJUST
 70
0
  9
$DIMSD1
 70
0
  9
$DIMSD2
 70
0
  9
$DIMTOLJ
 70
0
  9
$DIMTZIN
 70
8
  9
$DIMALTZ
 70
0
  9
$DIMALTTZ
 70
0
  9
$DIMUPT
 70
0
  9
$DIMDEC
 70
2
  9
$DIMTDEC
 70
2
  9
$DIMALTU
 70
2
  9
$DIMALTTD
 70
3
  9
$DIMTXSTY
  7
Standard
  9
$DIMAUNIT
 70
0
  9
$DIMADEC
 70
0
  9
$DIMALTRND
 40
0.0
  9
$DIMAZIN
 70
0
  9
$DIMDSEP
 70
44
  9
$DIMATFIT
 70
3
  9
$DIMFRAC
 70
0
  9
$DIMLDRBLK
  1

  9
$DIMLUNIT
 70
2
  9
$DIMLWD
 70
-2
  9
$DIMLWE
 70
-2
  9
$DIMTMOVE
 70
0
  9
$LUNITS
 70
2
  9
$LUPREC
 70
4
  9
$SKETCHINC
 40
1.0
  9
$FILLETRAD
 40
10.0
  9
$AUNITS
 70
0
  9
$AUPREC
 70
2
  9
$MENU
  1
.
  9
$ELEVATION
 40
0.0
  9
$PELEVATION
 40
0.0
  9
$THICKNESS
 40
0.0
  9
$LIMCHECK
 70
0
  9
$CHAMFERA
 40
0.0
  9
$CHAMFERB
 40
0.0
  9
$CHAMFERC
 40
0.0
  9
$CHAMFERD
 40
0.0
  9
$SKPOLY
 70
0
  9
$TDCREATE
 40
2461261.1352314814
  9
$TDUCREATE
 40
2458532.153996898
  9
$TDUPDATE
 40
2461261.1352430554
  9
$TDUUPDATE
 40
2458532.1544311
  9
$TDINDWG
 40
0.0
  9
$TDUSRTIMER
 40
0.0
  9
$USRTIMER
 70
1
  9
$ANGBASE
 50
0.0
  9
$ANGDIR
 70
0
  9
$PDMODE
 70
0
  9
$PDSIZE
 40
0.0
  9
$PLINEWID
 40
0.0
  9
$SPLFRAME
 70
0
  9
$SPLINETYPE
 70
6
  9
$SPLINESEGS
 70
8
  9
$HANDSEED
  5
2A7
  9
$SURFTAB1
 70
6
  9
$SURFTAB2
 70
6
  9
$SURFTYPE
 70
6
  9
$SURFU
 70
6
  9
$SURFV
 70
6
  9
$UCSBASE
  2

  9
$UCSNAME
  2

  9
$UCSORG
 10
0.0
 20
0.0
 30
0.0
  9
$UCSXDIR
 10
1.0
 20
0.0
 30
0.0
  9
$UCSYDIR
 10
0.0
 20
1.0
 30
0.0
  9
$UCSORTHOREF
  2

  9
$UCSORTHOVIEW
 70
0
  9
$UCSORGTOP
 10
0.0
 20
0.0
 30
0.0
  9
$UCSORGBOTTOM
 10
0.0
 20
0.0
 30
0.0
  9
$UCSORGLEFT
 10
0.0
 20
0.0
 30
0.0
  9
$UCSORGRIGHT
 10
0.0
 20
0.0
 30
0.0
  9
$UCSORGFRONT
 10
0.0
 20
0.0
 30
0.0
  9
$UCSORGBACK
 10
0.0
 20
0.0
 30
0.0
  9
$PUCSBASE
  2

  9
$PUCSNAME
  2

  9
$PUCSORG
 10
0.0
 20
0.0
 30
0.0
  9
$PUCSXDIR
 10
1.0
 20
0.0
 30
0.0
  9
$PUCSYDIR
 10
0.0
 20
1.0
 30
0.0
  9
$PUCSORTHOREF
  2

  9
$PUCSORTHOVIEW
 70
0
  9
$PUCSORGTOP
 10
0.0
 20
0.0
 30
0.0
  9
$PUCSORGBOTTOM
 10
0.0
 20
0.0
 30
0.0
  9
$PUCSORGLEFT
 10
0.0
 20
0.0
 30
0.0
  9
$PUCSORGRIGHT
 10
0.0
 20
0.0
 30
0.0
  9
$PUCSORGFRONT
 10
0.0
 20
0.0
 30
0.0
  9
$PUCSORGBACK
 10
0.0
 20
0.0
 30
0.0
  9
$USERI1
 70
0
  9
$USERI2
 70
0
  9
$USERI3
 70
0
  9
$USERI4
 70
0
  9
$USERI5
 70
0
  9
$USERR1
 40
0.0
  9
$USERR2
 40
0.0
  9
$USERR3
 40
0.0
  9
$USERR4
 40
0.0
  9
$USERR5
 40
0.0
  9
$WORLDVIEW
 70
1
  9
$SHADEDGE
 70
3
  9
$SHADEDIF
 70
70
  9
$TILEMODE
 70
1
  9
$MAXACTVP
 70
64
  9
$PINSBASE
 10
0.0
 20
0.0
 30
0.0
  9
$PLIMCHECK
 70
0
  9
$PEXTMIN
 10
1e+20
 20
1e+20
 30
1e+20
  9
$PEXTMAX
 10
-1e+20
 20
-1e+20
 30
-1e+20
  9
$PLIMMIN
 10
0.0
 20
0.0
  9
$PLIMMAX
 10
420.0
 20
297.0
  9
$UNITMODE
 70
0
  9
$VISRETAIN
 70
1
  9
$PLINEGEN
 70
0
  9
$PSLTSCALE
 70
1
  9
$TREEDEPTH
 70
3020
  9
$CMLSTYLE
  2
Standard
  9
$CMLJUST
 70
0
  9
$CMLSCALE
 40
20.0
  9
$PROXYGRAPHICS
 70
1
  9
$MEASUREMENT
 70
1
  9
$CELWEIGHT
370
-1
  9
$ENDCAPS
280
0
  9
$JOINSTYLE
280
0
  9
$LWDISPLAY
290
0
  9
$INSUNITS
 70
4
  9
$HYPERLINKBASE
  1

  9
$STYLESHEET
  1

  9
$XEDIT
290
1
  9
$CEPSNTYPE
380
0
  9
$PSTYLEMODE
290
1
  9
$FINGERPRINTGUID
  2
{C3A59CBC-E4A7-4B4F-B640-70340DB4AB5D}
  9
$VERSIONGUID
  2
{9E567663-48C3-400D-A201-2128B543CEA5}
  9
$EXTNAMES
290
1
  9
$PSVPSCALE
 40
0.0
  9
$OLESTARTUP
290
0
  9
$SORTENTS
280
127
  9
$INDEXCTL
280
0
  9
$HIDETEXT
280
1
  9
$XCLIPFRAME
290
1
  9
$HALOGAP
280
0
  9
$OBSCOLOR
 70
257
  9
$OBSLTYPE
280
0
  9
$INTERSECTIONDISPLAY
280
0
  9
$INTERSECTIONCOLOR
 70
257
  9
$DIMASSOC
280
2
  9
$PROJECTNAME
  1

  0
ENDSEC
  0
SECTION
  2
CLASSES
  0
CLASS
  1
ACDBDICTIONARYWDFLT
  2
AcDbDictionaryWithDefault
  3
ObjectDBX Classes
 90
0
 91
0
280
0
281
0
  0
CLASS
  1
SUN
  2
AcDbSun
  3
SCENEOE
 90
1153
 91
0
280
0
281
0
  0
CLASS
  1
VISUALSTYLE
  2
AcDbVisualStyle
  3
ObjectDBX Classes
 90
4095
 91
0
280
0
281
0
  0
CLASS
  1
MATERIAL
  2
AcDbMaterial
  3
ObjectDBX Classes
 90
1153
 91
0
280
0
281
0
  0
CLASS
  1
SCALE
  2
AcDbScale
  3
ObjectDBX Classes
 90
1153
 91
0
280
0
281
0
  0
CLASS
  1
TABLESTYLE
  2
AcDbTableStyle
  3
ObjectDBX Classes
 90
4095
 91
0
280
0
281
0
  0
CLASS
  1
MLEADERSTYLE
  2
AcDbMLeaderStyle
  3
ACDB_MLEADERSTYLE_CLASS
 90
4095
 91
0
280
0
281
0
  0
CLASS
  1
DICTIONARYVAR
  2
AcDbDictionaryVar
  3
ObjectDBX Classes
 90
0
 91
0
280
0
281
0
  0
CLASS
  1
CELLSTYLEMAP
  2
AcDbCellStyleMap
  3
ObjectDBX Classes
 90
1152
 91
0
280
0
281
0
  0
CLASS
  1
MENTALRAYRENDERSETTINGS
  2
AcDbMentalRayRenderSettings
  3
SCENEOE
 90
1024
 91
0
280
0
281
0
  0
CLASS
  1
ACDBDETAILVIEWSTYLE
  2
AcDbDetailViewStyle
  3
ObjectDBX Classes
 90
1025
 91
0
280
0
281
0
  0
CLASS
  1
ACDBSECTIONVIEWSTYLE
  2
AcDbSectionViewStyle
  3
ObjectDBX Classes
 90
1025
 91
0
280
0
281
0
  0
CLASS
  1
RASTERVARIABLES
  2
AcDbRasterVariables
  3
ISM
 90
0
 91
0
280
0
281
0
  0
CLASS
  1
LAYOUT
  2
AcDbLayout
  3
ObjectDBX Classes
 90
0
 91
0
280
0
281
0
  0
CLASS
  1
ACDBPLACEHOLDER
  2
AcDbPlaceHolder
  3
ObjectDBX Classes
 90
0
 91
0
280
0
281
0
  0
ENDSEC
  0
SECTION
  2
TABLES
  0
TABLE
  2
VPORT
  5
8
330
0
100
AcDbSymbolTable
 70
1
  0
VPORT
  5
23
330
8
100
AcDbSymbolTableRecord
100
AcDbViewportTableRecord
  2
*Active
 70
0
 10
0.0
 20
0.0
 11
1.0
 21
1.0
 12
0.0
 22
0.0
 13
0.0
 23
0.0
 14
0.5
 24
0.5
 15
0.5
 25
0.5
 16
0.0
 26
0.0
 36
1.0
 17
0.0
 27
0.0
 37
0.0
 40
1000.0
 41
1.34
 42
50.0
 43
0.0
 44
0.0
 50
0.0
 51
0.0
 71
0
 72
1000
 73
1
 74
3
 75
0
 76
0
 77
0
 78
0
281
0
 65
0
146
0.0
  0
ENDTAB
  0
TABLE
  2
LTYPE
  5
2
330
0
100
AcDbSymbolTable
 70
3
  0
LTYPE
  5
24
330
2
100
AcDbSymbolTableRecord
100
AcDbLinetypeTableRecord
  2
ByBlock
 70
0
  3

 72
65
 73
0
 40
0.0
  0
LTYPE
  5
25
330
2
100
AcDbSymbolTableRecord
100
AcDbLinetypeTableRecord
  2
ByLayer
 70
0
  3

 72
65
 73
0
 40
0.0
  0
LTYPE
  5
26
330
2
100
AcDbSymbolTableRecord
100
AcDbLinetypeTableRecord
  2
Continuous
 70
0
  3

 72
65
 73
0
 40
0.0
  0
ENDTAB
  0
TABLE
  2
LAYER
  5
1
330
0
100
AcDbSymbolTable
 70
4
  0
LAYER
  5
27
330
1
100
AcDbSymbolTableRecord
100
AcDbLayerTableRecord
  2
0
 70
0
 62
7
  6
Continuous
370
-3
390
13
  0
LAYER
  5
28
330
1
100
AcDbSymbolTableRecord
100
AcDbLayerTableRecord
  2
Defpoints
 70
0
 62
7
  6
Continuous
290
0
370
-3
390
13
  0
LAYER
  5
2F
330
1
100
AcDbSymbolTableRecord
100
AcDbLayerTableRecord
  2
cut
 70
0
 62
5
420
255
  6
Continuous
370
-3
390
13
  0
LAYER
  5
30
330
1
100
AcDbSymbolTableRecord
100
AcDbLayerTableRecord
  2
line engraving
 70
0
 62
1
420
16711680
  6
Continuous
370
-3
390
13
  0
ENDTAB
  0
TABLE
  2
STYLE
  5
5
330
0
100
AcDbSymbolTable
 70
1
  0
STYLE
  5
29
330
5
100
AcDbSymbolTableRecord
100
AcDbTextStyleTableRecord
  2
Standard
 70
0
 40
0.0
 41
1.0
 50
0.0
 71
0
 42
2.5
  3
txt
  4

  0
ENDTAB
  0
TABLE
  2
VIEW
  5
7
330
0
100
AcDbSymbolTable
 70
0
  0
ENDTAB
  0
TABLE
  2
UCS
  5
6
330
0
100
AcDbSymbolTable
 70
0
  0
ENDTAB
  0
TABLE
  2
APPID
  5
3
330
0
100
AcDbSymbolTable
 70
3
  0
APPID
  5
2A
330
3
100
AcDbSymbolTableRecord
100
AcDbRegAppTableRecord
  2
ACAD
 70
0
  0
APPID
  5
2A4
330
3
100
AcDbSymbolTableRecord
100
AcDbRegAppTableRecord
  2
HATCHBACKGROUNDCOLOR
 70
0
  0
APPID
  5
2A5
330
3
100
AcDbSymbolTableRecord
100
AcDbRegAppTableRecord
  2
EZDXF
 70
0
  0
ENDTAB
  0
TABLE
  2
DIMSTYLE
  5
4
330
0
100
AcDbSymbolTable
 70
1
100
AcDbDimStyleTable
  0
DIMSTYLE
105
2B
330
4
100
AcDbSymbolTableRecord
100
AcDbDimStyleTableRecord
  2
Standard
 70
0
  3

  4

 40
1.0
 41
2.5
 42
0.625
 43
3.75
 44
1.25
 45
0.0
 46
0.0
 47
0.0
 48
0.0
140
2.5
141
2.5
142
0.0
143
0.03937007874
144
1.0
145
0.0
146
1.0
147
0.625
148
0.0
 71
0
 72
0
 73
0
 74
0
 75
0
 76
0
 77
1
 78
8
 79
3
170
0
171
3
172
1
173
0
174
0
175
0
176
0
177
0
178
0
179
2
271
2
272
2
273
2
274
3
275
0
276
0
277
2
278
44
279
0
280
0
281
0
282
0
283
0
284
8
285
0
286
0
288
0
289
3
371
-2
372
-2
  0
ENDTAB
  0
TABLE
  2
BLOCK_RECORD
  5
9
330
0
100
AcDbSymbolTable
 70
2
  0
BLOCK_RECORD
  5
17
330
9
100
AcDbSymbolTableRecord
100
AcDbBlockTableRecord
  2
*Model_Space
340
1A
  0
BLOCK_RECORD
  5
1B
330
9
100
AcDbSymbolTableRecord
100
AcDbBlockTableRecord
  2
*Paper_Space
340
1E
  0
ENDTAB
  0
ENDSEC
  0
SECTION
  2
BLOCKS
  0
BLOCK
  5
18
330
17
100
AcDbEntity
  8
0
100
AcDbBlockBegin
  2
*Model_Space
 70
0
 10
0.0
 20
0.0
 30
0.0
  3
*Model_Space
  1

  0
ENDBLK
  5
19
330
17
100
AcDbEntity
  8
0
100
AcDbBlockEnd
  0
BLOCK
  5
1C
330
1B
100
AcDbEntity
  8
0
100
AcDbBlockBegin
  2
*Paper_Space
 70
0
 10
0.0
 20
0.0
 30
0.0
  3
*Paper_Space
  1

  0
ENDBLK
  5
1D
330
1B
100
AcDbEntity
  8
0
100
AcDbBlockEnd
  0
ENDSEC
  0
SECTION
  2
ENTITIES
  0
CIRCLE
  5
31
330
17
100
AcDbEntity
  8
cut
 62
5
420
255
100
AcDbCircle
 10
47.99999999999994
 20
48.0
 30
0.0
 40
4.4
  0
CIRCLE
  5
32
330
17
100
AcDbEntity
  8
cut
 62
5
420
255
100
AcDbCircle
 10
283.79999999999995
 20
48.00000000000003
 30
0.0
 40
4.4
  0
LWPOLYLINE
  5
33
330
17
100
AcDbEntity
  8
cut
 62
5
420
255
100
AcDbPolyline
 90
4
 70
1
 10
283.79999999999995
 20
18.00000000000003
 42
0.9999999999999999
 10
283.79999999999995
 20
78.00000000000003
 10
47.99999999999994
 20
78.0
 42
0.9999999999999999
 10
48.00000000000003
 20
18.0
  0
LWPOLYLINE
  5
34
330
17
100
AcDbEntity
  8
line engraving
 62
1
420
16711680
100
AcDbPolyline
 90
7
 70
0
 10
219.60573946964524
 20
42.07031250000003
 10
219.60573946964524
 20
53.92968750000003
 10
221.17512470156885
 20
53.92968750000003
 10
221.17512470156885
 20
43.4698158253752
 10
227.01582644099588
 20
43.4698158253752
 10
227.01582644099588
 20
42.07031250000003
 10
219.60573946964524
 20
42.07031250000003
  0
LWPOLYLINE
  5
35
330
17
100
AcDbEntity
  8
line engraving
 62
1
420
16711680
100
AcDbPolyline
 90
5
 70
0
 10
228.70655589188263
 20
52.255137278308354
 10
228.70655589188263
 20
53.92968750000003
 10
230.16268651944063
 20
53.92968750000003
 10
230.16268651944063
 20
52.255137278308354
 10
228.70655589188263
 20
52.255137278308354
  0
LWPOLYLINE
  5
36
330
17
100
AcDbEntity
  8
line engraving
 62
1
420
16711680
100
AcDbPolyline
 90
5
 70
0
 10
228.70655589188263
 20
42.07031250000003
 10
228.70655589188263
 20
50.661483202592116
 10
230.16268651944063
 20
50.661483202592116
 10
230.16268651944063
 20
42.07031250000003
 10
228.70655589188263
 20
42.07031250000003
  0
LWPOLYLINE
  5
37
330
17
100
AcDbEntity
  8
line engraving
 62
1
420
16711680
100
AcDbPolyline
 90
61
 70
0
 10
232.37924091916776
 20
42.07031250000003
 10
232.37924091916776
 20
50.661483202592116
 10
233.68975848396997
 20
50.661483202592116
 10
233.68975848396997
 20
49.43995139836292
 10
233.93952533466916
 20
49.77175199709033
 10
234.21558343281035
 20
50.05931251598741
 10
234.51793277839354
 20
50.30263295505417
 10
234.8465733714188
 20
50.50171331429062
 10
235.20150521188606
 20
50.65655359369674
 10
235.58272829979532
 20
50.76715379327254
 10
235.99024263514661
 20
50.833513913018024
 10
236.42404821793994
 20
50.85563395293318
 10
236.8045129044807
 20
50.838190721457224
 10
237.16930396273872
 20
50.78586102702936
 10
237.51842139271398
 20
50.698644869649584
 10
237.8518651944065
 20
50.5765422493179
 10
238.15699534500763
 20
50.42612597789481
 10
238.4211718217087
 20
50.253968867240815
 10
238.6443946245097
 20
50.06007091735593
 10
238.8266637534106
 20
49.844432128240136
 10
238.97632162346517
 20
49.607305300349616
 10
239.10171064972712
 20
49.34894323414055
 10
239.2028308321964
 20
49.06934592961292
 10
239.2796821708731
 20
48.76851338676674
 10
239.31507423473735
 20
48.52835295340214
 10
239.3403542803547
 20
48.21235238318557
 10
239.35552230772507
 20
47.820511676117015
 10
239.36057831684855
 20
47.35283083219648
 10
239.36057831684855
 20
42.07031250000003
 10
237.90444768929055
 20
42.07031250000003
 10
237.90444768929055
 20
47.29620353001367
 10
237.8938300701313
 20
47.71307148224338
 10
237.86197721265344
 20
48.073817733202624
 10
237.80888911685707
 20
48.3784422828914
 10
237.73456578274212
 20
48.62694513130972
 10
237.63319279981664
 20
48.83626390902118
 10
237.49895575758865
 20
49.02333624658939
 10
237.3318546560581
 20
49.18816214401435
 10
237.13188949522507
 20
49.33074160129607
 10
236.90613868786235
 20
49.44576580885491
 10
236.6616806467428
 20
49.527925957111215
 10
236.39851537186644
 20
49.577222046065
 10
236.11664286323327
 20
49.593654075716266
 10
235.8880480507386
 20
49.58442685906594
 10
235.66741645261337
 20
49.55674520911497
 10
235.4547480688576
 20
49.51060912586335
 10
235.2500428994713
 20
49.44601860931108
 10
235.05330094445446
 20
49.36297365945816
 10
234.8645222038071
 20
49.2614742763046
 10
234.68370667752916
 20
49.14152045985038
 10
234.5108543656207
 20
49.00311221009552
 10
234.3525380799422
 20
48.83891831381099
 10
234.21533063235415
 20
48.64160755776776
 10
234.0992320228566
 20
48.411179941965834
 10
234.00424225144948
 20
48.14763546640521
 10
233.93036131813287
 20
47.85097413108589
 10
233.8775892229067
 20
47.52119593600787
 10
233.845925965771
 20
47.15830088117116
 10
233.83537154672575
 20
46.762288966575746
 10
233.83537154672575
 20
42.07031250000003
 10
232.37924091916776
 20
42.07031250000003
  0
LWPOLYLINE
  5
38
330
17
100
AcDbEntity
  8
line engraving
 62
1
420
16711680
100
AcDbPolyline
 90
13
 70
0
 10
241.60140156036832
 20
42.07031250000003
 10
241.60140156036832
 20
53.92968750000003
 10
243.05753218792628
 20
53.92968750000003
 10
243.05753218792628
 20
47.16676969645296
 10
246.5037080064802
 20
50.661483202592116
 10
248.388588207708
 20
50.661483202592116
 10
245.10420468110502
 20
47.47417505115965
 10
248.72026240620733
 20
42.07031250000003
 10
246.9243679655525
 20
42.07031250000003
 10
244.08491324181443
 20
46.4629732264666
 10
243.05753218792628
 20
45.476040245566196
 10
243.05753218792628
 20
42.07031250000003
 10
241.60140156036832
 20
42.07031250000003
  0
LWPOLYLINE
  5
39
330
17
100
AcDbEntity
  8
line engraving
 62
1
420
16711680
100
AcDbPolyline
 90
151
 70
0
 10
258.5248752984311
 20
46.22837440313782
 10
260.0942605303547
 20
45.831983287858144
 10
259.95856988550366
 20
45.3629752415427
 10
259.7982311961758
 20
44.92266004700293
 10
259.61324446237103
 20
44.51103770423882
 10
259.40360968408936
 20
44.12810821325037
 10
259.1693268613308
 20
43.773871574037585
 10
258.91039599409527
 20
43.44832778660047
 10
258.6268170823829
 20
43.15147685093902
 10
258.31859012619367
 20
42.88331876705323
 10
257.98912793168586
 20
42.64537033768015
 10
257.64184330501786
 20
42.43914836555681
 10
257.2767362461896
 20
42.26465285068322
 10
256.8938067552012
 20
42.12188379305937
 10
256.4930548320525
 20
42.01084119268527
 10
256.07448047674364
 20
41.9315250495609
 10
255.63808368927454
 20
41.88393536368629
 10
255.18386446964524
 20
41.86807213506142
 10
254.7157412249264
 20
41.88026975707178
 10
254.26999082057893
 20
41.91686262310286
 10
253.84661325660275
 20
41.97785073315465
 10
253.4456085329979
 20
42.06323408722717
 10
253.06697664976443
 20
42.173012685320415
 10
252.71071760690225
 20
42.307186527434375
 10
252.37683140441143
 20
42.46575561356905
 10
252.06531804229192
 20
42.64871994372445
 10
251.77396551655224
 20
42.8548155156197
 10
251.50056182320085
 20
43.08277832697394
 10
251.24510696223777
 20
43.33260837778716
 10
251.007600933663
 20
43.604305668059375
 10
250.78804373747653
 20
43.897870197790574
 10
250.58643537367834
 20
44.21330196698076
 10
250.40277584226848
 20
44.55060097562993
 10
250.2370651432469
 20
44.90976722373809
 10
250.0901248780962
 20
45.28327989773408
 10
249.96277664829893
 20
45.663618184046754
 10
249.85502045385508
 20
46.05078208267611
 10
249.76685629476464
 20
46.444771593622136
 10
249.69828417102764
 20
46.84558671688484
 10
249.64930408264408
 20
47.253227452464216
 10
249.61991602961393
 20
47.66769380036028
 10
249.61012001193723
 20
48.08898576057302
 10
249.6211800318948
 20
48.54472178293936
 10
249.65436009176756
 20
48.98566897861957
 10
249.70966019155546
 20
49.411827347613645
 10
249.7870803312585
 20
49.82319688992158
 10
249.88662051087672
 20
50.219777605543385
 10
250.00828073041012
 20
50.60156949447906
 10
250.15206098985865
 20
50.96857255672859
 10
250.31796128922235
 20
51.32078679229198
 10
250.50427522542205
 20
51.655241795809204
 10
250.70929639537854
 20
51.96896716192022
 10
250.9330247990919
 20
52.26196289062503
 10
251.17546043656205
 20
52.53422898192363
 10
251.43660330778903
 20
52.785765435816025
 10
251.7164534127728
 20
53.01657225230221
 10
252.01501075151344
 20
53.22664943138219
 10
252.33227532401088
 20
53.41599697305597
 10
252.66300152079955
 20
53.58379327584097
 10
253.00194373241385
 20
53.729216738254635
 10
253.34910195885377
 20
53.85226736029697
 10
253.70447620011933
 20
53.95294514196797
 10
254.06806645621052
 20
54.031250083267636
 10
254.43987272712735
 20
54.087182184195974
 10
254.8198950128698
 20
54.12074144475297
 10
255.20813331343788
 20
54.13192786493864
 10
255.64421410033677
 20
54.117771039392935
 10
256.0625988553035
 20
54.07530056275583
 10
256.4632875783381
 20
54.00451643502731
 10
256.8462802694406
 20
53.905418656207395
 10
257.21157692861095
 20
53.778007226296076
 10
257.5591775558492
 20
53.62228214529335
 10
257.8890821511553
 20
53.43824341319921
 10
258.2012907145293
 20
53.22589103001367
 10
258.4931488411813
 20
52.987879400526545
 10
258.7620021263216
 20
52.726862929527655
 10
259.00785056995005
 20
52.442841617016995
 10
259.2306941720668
 20
52.13581546299457
 10
259.4305329326718
 20
51.805784467460384
 10
259.60736685176494
 20
51.452748630414426
 10
259.7611959293464
 20
51.0767079518567
 10
259.89202016541606
 20
50.677662431787205
 10
258.3469037772851
 20
50.313629774897706
 10
258.2379467806744
 20
50.62621753895594
 10
258.11736096307976
 20
50.9168116633271
 10
257.98514632450116
 20
51.185412148011196
 10
257.8413028649386
 20
51.432018993008214
 10
257.685830584392
 20
51.65663219831816
 10
257.5187294828615
 20
51.859251763941025
 10
257.339999560347
 20
52.03987768987682
 10
257.14964081684855
 20
52.19850997612554
 10
256.94714765145375
 20
52.3369182258804
 10
256.7320144632503
 20
52.456872042334616
 10
256.5042412522382
 20
52.558371425488176
 10
256.2638280184174
 20
52.641416375341095
 10
256.01077476178796
 20
52.70600689189336
 10
255.7450814823499
 20
52.752142975144984
 10
255.46674818010314
 20
52.779824625095955
 10
255.1757748550477
 20
52.78905184174628
 10
254.84100385096028
 20
52.77881342327126
 10
254.52026327219045
 20
52.74809816784621
 10
254.21355311873822
 20
52.69690607547113
 10
253.92087339060365
 20
52.625237146146006
 10
253.64222408778667
 20
52.533091379870854
 10
253.3776052102873
 20
52.42046877664566
 10
253.12701675810555
 20
52.28736933647044
 10
252.89045873124144
 20
52.13379305934519
 10
252.66944793243198
 20
51.96296315108611
 10
252.4655011644142
 20
51.77810281750941
 10
252.27861842718812
 20
51.5792120586151
 10
252.10879972075372
 20
51.36629087440317
 10
251.95604504511104
 20
51.13933926487362
 10
251.82035440026004
 20
50.89835723002646
 10
251.70172778620073
 20
50.643344769861685
 10
251.6001652029331
 20
50.37430188437929
 10
251.43736170915753
 20
49.817888080341945
 10
251.32107349931783
 20
49.25287906079471
 10
251.25130057341403
 20
48.67927482573758
 10
251.22804293144608
 20
48.09707537517056
 10
251.25559818116898
 20
47.36471245363663
 10
251.33826393033763
 20
46.680381618775606
 10
251.47604017895205
 20
46.04408287058751
 10
251.66892692701225
 20
45.45581620907233
 10
251.78679513970303
 20
45.18260211606308
 10
251.9199577799923
 20
44.927210455214045
 10
252.06841484788004
 20
44.689641226525225
 10
252.23216634336626
 20
44.46989442999662
 10
252.41121226645097
 20
44.26797006562823
 10
252.60555261713418
 20
44.083868133420054
 10
252.81518739541585
 20
43.91758863337209
 10
253.040116601296
 20
43.769131565484344
 10
253.5148758579894
 20
43.524926324820974
 10
254.00884794935195
 20
43.35049401006142
 10
254.52203287538367
 20
43.24583462120569
 10
255.05443063608453
 20
43.21094815825378
 10
255.37776241953014
 20
43.222829779693924
 10
255.68845418016707
 20
43.25847464401435
 10
255.98650591799534
 20
43.317882751215066
 10
256.27191763301494
 20
43.40105410129607
 10
256.54468932522593
 20
43.50798869425736
 10
256.8048209946282
 20
43.63868653009894
 10
257.0523126412218
 20
43.793147608820796
 10
257.28716426500677
 20
43.97137193042295
 10
257.5064686607371
 20
44.17298029422112
 10
257.7073186231667
 20
44.39759349953106
 10
257.88971415229577
 20
44.645211546352776
 10
258.05365524812413
 20
44.915834434686246
 10
258.1991419106518
 20
45.209462164531494
 10
258.3261741398789
 20
45.5260947358885
 10
258.4347519358053
 20
45.865732148757274
 10
258.5248752984311
 20
46.22837440313782
  0
CIRCLE
  5
3A
330
17
100
AcDbEntity
  8
cut
 62
5
420
255
100
AcDbCircle
 10
349.7999999999999
 20
48.0
 30
0.0
 40
4.4
  0
CIRCLE
  5
3B
330
17
100
AcDbEntity
  8
cut
 62
5
420
255
100
AcDbCircle
 10
585.5999999999999
 20
48.00000000000003
 30
0.0
 40
4.4
  0
LWPOLYLINE
  5
3C
330
17
100
AcDbEntity
  8
cut
 62
5
420
255
100
AcDbPolyline
 90
4
 70
1
 10
585.5999999999999
 20
18.00000000000003
 42
0.9999999999999999
 10
585.5999999999999
 20
78.00000000000003
 10
349.7999999999999
 20
78.0
 42
0.9999999999999999
 10
349.79999999999995
 20
18.0
  0
LWPOLYLINE
  5
3D
330
17
100
AcDbEntity
  8
line engraving
 62
1
420
16711680
100
AcDbPolyline
 90
7
 70
0
 10
521.4057394696451
 20
42.07031250000003
 10
521.4057394696451
 20
53.92968750000003
 10
522.9751247015688
 20
53.92968750000003
 10
522.9751247015688
 20
43.4698158253752
 10
528.8158264409958
 20
43.4698158253752
 10
528.8158264409958
 20
42.07031250000003
 10
521.4057394696451
 20
42.07031250000003
  0
LWPOLYLINE
  5
3E
330
17
100
AcDbEntity
  8
line engraving
 62
1
420
16711680
100
AcDbPolyline
 90
5
 70
0
 10
530.5065558918825
 20
52.255137278308354
 10
530.5065558918825
 20
53.92968750000003
 10
531.9626865194405
 20
53.92968750000003
 10
531.9626865194405
 20
52.255137278308354
 10
530.5065558918825
 20
52.255137278308354
  0
LWPOLYLINE
  5
3F
330
17
100
AcDbEntity
  8
line engraving
 62
1
420
16711680
100
AcDbPolyline
 90
5
 70
0
 10
530.5065558918825
 20
42.07031250000003
 10
530.5065558918825
 20
50.661483202592116
 10
531.9626865194405
 20
50.661483202592116
 10
531.9626865194405
 20
42.07031250000003
 10
530.5065558918825
 20
42.07031250000003
  0
LWPOLYLINE
  5
40
330
17
100
AcDbEntity
  8
line engraving
 62
1
420
16711680
100
AcDbPolyline
 90
61
 70
0
 10
534.1792409191677
 20
42.07031250000003
 10
534.1792409191677
 20
50.661483202592116
 10
535.4897584839698
 20
50.661483202592116
 10
535.4897584839698
 20
49.43995139836292
 10
535.739525334669
 20
49.77175199709033
 10
536.0155834328102
 20
50.05931251598741
 10
536.3179327783935
 20
50.30263295505417
 10
536.6465733714186
 20
50.50171331429062
 10
537.001505211886
 20
50.65655359369674
 10
537.3827282997952
 20
50.76715379327254
 10
537.7902426351466
 20
50.833513913018024
 10
538.2240482179399
 20
50.85563395293318
 10
538.6045129044807
 20
50.838190721457224
 10
538.9693039627386
 20
50.78586102702936
 10
539.3184213927138
 20
50.698644869649584
 10
539.6518651944064
 20
50.5765422493179
 10
539.9569953450075
 20
50.42612597789481
 10
540.2211718217086
 20
50.253968867240815
 10
540.4443946245095
 20
50.06007091735593
 10
540.6266637534105
 20
49.844432128240136
 10
540.776321623465
 20
49.607305300349616
 10
540.901710649727
 20
49.34894323414055
 10
541.0028308321963
 20
49.06934592961292
 10
541.079682170873
 20
48.76851338676674
 10
541.1150742347372
 20
48.52835295340214
 10
541.1403542803546
 20
48.21235238318557
 10
541.1555223077249
 20
47.820511676117015
 10
541.1605783168484
 20
47.35283083219648
 10
541.1605783168484
 20
42.07031250000003
 10
539.7044476892904
 20
42.07031250000003
 10
539.7044476892904
 20
47.29620353001367
 10
539.6938300701312
 20
47.71307148224338
 10
539.6619772126533
 20
48.073817733202624
 10
539.608889116857
 20
48.3784422828914
 10
539.534565782742
 20
48.62694513130972
 10
539.4331927998165
 20
48.83626390902118
 10
539.2989557575885
 20
49.02333624658939
 10
539.131854656058
 20
49.18816214401435
 10
538.9318894952249
 20
49.33074160129607
 10
538.7061386878622
 20
49.44576580885491
 10
538.4616806467427
 20
49.527925957111215
 10
538.1985153718663
 20
49.577222046065
 10
537.9166428632332
 20
49.593654075716266
 10
537.6880480507385
 20
49.58442685906594
 10
537.4674164526133
 20
49.55674520911497
 10
537.2547480688576
 20
49.51060912586335
 10
537.0500428994712
 20
49.44601860931108
 10
536.8533009444544
 20
49.36297365945816
 10
536.664522203807
 20
49.2614742763046
 10
536.4837066775291
 20
49.14152045985038
 10
536.3108543656206
 20
49.00311221009552
 10
536.152538079942
 20
48.83891831381099
 10
536.015330632354
 20
48.64160755776776
 10
535.8992320228565
 20
48.411179941965834
 10
535.8042422514494
 20
48.14763546640521
 10
535.7303613181327
 20
47.85097413108589
 10
535.6775892229066
 20
47.52119593600787
 10
535.6459259657709
 20
47.15830088117116
 10
535.6353715467257
 20
46.762288966575746
 10
535.6353715467257
 20
42.07031250000003
 10
534.1792409191677
 20
42.07031250000003
  0
LWPOLYLINE
  5
41
330
17
100
AcDbEntity
  8
line engraving
 62
1
420
16711680
100
AcDbPolyline
 90
13
 70
0
 10
543.4014015603682
 20
42.07031250000003
 10
543.4014015603682
 20
53.92968750000003
 10
544.8575321879262
 20
53.92968750000003
 10
544.8575321879262
 20
47.16676969645296
 10
548.3037080064801
 20
50.661483202592116
 10
550.1885882077079
 20
50.661483202592116
 10
546.9042046811049
 20
47.47417505115965
 10
550.5202624062073
 20
42.07031250000003
 10
548.7243679655523
 20
42.07031250000003
 10
545.8849132418143
 20
46.4629732264666
 10
544.8575321879262
 20
45.476040245566196
 10
544.8575321879262
 20
42.07031250000003
 10
543.4014015603682
 20
42.07031250000003
  0
LWPOLYLINE
  5
42
330
17
100
AcDbEntity
  8
line engraving
 62
1
420
16711680
100
AcDbPolyline
 90
151
 70
0
 10
560.3248752984309
 20
46.22837440313782
 10
561.8942605303546
 20
45.831983287858144
 10
561.7585698855036
 20
45.3629752415427
 10
561.5982311961757
 20
44.92266004700293
 10
561.4132444623709
 20
44.51103770423882
 10
561.2036096840892
 20
44.12810821325037
 10
560.9693268613306
 20
43.773871574037585
 10
560.7103959940952
 20
43.44832778660047
 10
560.4268170823829
 20
43.15147685093902
 10
560.1185901261936
 20
42.88331876705323
 10
559.7891279316858
 20
42.64537033768015
 10
559.4418433050178
 20
42.43914836555681
 10
559.0767362461895
 20
42.26465285068322
 10
558.6938067552011
 20
42.12188379305937
 10
558.2930548320525
 20
42.01084119268527
 10
557.8744804767435
 20
41.9315250495609
 10
557.4380836892744
 20
41.88393536368629
 10
556.9838644696451
 20
41.86807213506142
 10
556.5157412249263
 20
41.88026975707178
 10
556.0699908205788
 20
41.91686262310286
 10
555.6466132566027
 20
41.97785073315465
 10
555.2456085329978
 20
42.06323408722717
 10
554.8669766497643
 20
42.173012685320415
 10
554.5107176069022
 20
42.307186527434375
 10
554.1768314044114
 20
42.46575561356905
 10
553.8653180422918
 20
42.64871994372445
 10
553.5739655165521
 20
42.8548155156197
 10
553.3005618232007
 20
43.08277832697394
 10
553.0451069622377
 20
43.33260837778716
 10
552.8076009336629
 20
43.604305668059375
 10
552.5880437374765
 20
43.897870197790574
 10
552.3864353736783
 20
44.21330196698076
 10
552.2027758422684
 20
44.55060097562993
 10
552.0370651432468
 20
44.90976722373809
 10
551.8901248780961
 20
45.28327989773408
 10
551.7627766482988
 20
45.663618184046754
 10
551.655020453855
 20
46.05078208267611
 10
551.5668562947645
 20
46.444771593622136
 10
551.4982841710275
 20
46.84558671688484
 10
551.449304082644
 20
47.253227452464216
 10
551.4199160296139
 20
47.66769380036028
 10
551.4101200119371
 20
48.08898576057302
 10
551.4211800318947
 20
48.54472178293936
 10
551.4543600917674
 20
48.98566897861957
 10
551.5096601915553
 20
49.411827347613645
 10
551.5870803312584
 20
49.82319688992158
 10
551.6866205108767
 20
50.219777605543385
 10
551.8082807304099
 20
50.60156949447906
 10
551.9520609898585
 20
50.96857255672859
 10
552.1179612892222
 20
51.32078679229198
 10
552.3042752254219
 20
51.655241795809204
 10
552.5092963953784
 20
51.96896716192022
 10
552.7330247990918
 20
52.26196289062503
 10
552.9754604365619
 20
52.53422898192363
 10
553.236603307789
 20
52.785765435816025
 10
553.5164534127728
 20
53.01657225230221
 10
553.8150107515133
 20
53.22664943138219
 10
554.1322753240108
 20
53.41599697305597
 10
554.4630015207995
 20
53.58379327584097
 10
554.8019437324137
 20
53.729216738254635
 10
555.1491019588537
 20
53.85226736029697
 10
555.5044762001193
 20
53.95294514196797
 10
555.8680664562105
 20
54.031250083267636
 10
556.2398727271272
 20
54.087182184195974
 10
556.6198950128697
 20
54.12074144475297
 10
557.0081333134378
 20
54.13192786493864
 10
557.4442141003367
 20
54.117771039392935
 10
557.8625988553034
 20
54.07530056275583
 10
558.263287578338
 20
54.00451643502731
 10
558.6462802694405
 20
53.905418656207395
 10
559.0115769286109
 20
53.778007226296076
 10
559.3591775558491
 20
53.62228214529335
 10
559.6890821511553
 20
53.43824341319921
 10
560.0012907145292
 20
53.22589103001367
 10
560.2931488411813
 20
52.987879400526545
 10
560.5620021263215
 20
52.726862929527655
 10
560.80785056995
 20
52.442841617016995
 10
561.0306941720668
 20
52.13581546299457
 10
561.2305329326717
 20
51.805784467460384
 10
561.4073668517649
 20
51.452748630414426
 10
561.5611959293464
 20
51.0767079518567
 10
561.692020165416
 20
50.677662431787205
 10
560.1469037772849
 20
50.313629774897706
 10
560.0379467806742
 20
50.62621753895594
 10
559.9173609630797
 20
50.9168116633271
 10
559.785146324501
 20
51.185412148011196
 10
559.6413028649384
 20
51.432018993008214
 10
559.4858305843919
 20
51.65663219831816
 10
559.3187294828614
 20
51.859251763941025
 10
559.1399995603468
 20
52.03987768987682
 10
558.9496408168484
 20
52.19850997612554
 10
558.7471476514536
 20
52.3369182258804
 10
558.5320144632502
 20
52.456872042334616
 10
558.3042412522381
 20
52.558371425488176
 10
558.0638280184173
 20
52.641416375341095
 10
557.8107747617879
 20
52.70600689189336
 10
557.5450814823498
 20
52.752142975144984
 10
557.266748180103
 20
52.779824625095955
 10
556.9757748550476
 20
52.78905184174628
 10
556.6410038509601
 20
52.77881342327126
 10
556.3202632721903
 20
52.74809816784621
 10
556.0135531187381
 20
52.69690607547113
 10
555.7208733906035
 20
52.625237146146006
 10
555.4422240877865
 20
52.533091379870854
 10
555.1776052102872
 20
52.42046877664566
 10
554.9270167581054
 20
52.28736933647044
 10
554.6904587312413
 20
52.13379305934519
 10
554.4694479324319
 20
51.96296315108611
 10
554.2655011644141
 20
51.77810281750941
 10
554.078618427188
 20
51.5792120586151
 10
553.9087997207537
 20
51.36629087440317
 10
553.7560450451109
 20
51.13933926487362
 10
553.62035440026
 20
50.89835723002646
 10
553.5017277862007
 20
50.643344769861685
 10
553.4001652029331
 20
50.37430188437929
 10
553.2373617091574
 20
49.817888080341945
 10
553.1210734993177
 20
49.25287906079471
 10
553.0513005734139
 20
48.67927482573758
 10
553.028042931446
 20
48.09707537517056
 10
553.0555981811689
 20
47.36471245363663
 10
553.1382639303375
 20
46.680381618775606
 10
553.2760401789519
 20
46.04408287058751
 10
553.4689269270121
 20
45.45581620907233
 10
553.586795139703
 20
45.18260211606308
 10
553.7199577799922
 20
44.927210455214045
 10
553.86841484788
 20
44.689641226525225
 10
554.0321663433662
 20
44.46989442999662
 10
554.2112122664508
 20
44.26797006562823
 10
554.405552617134
 20
44.083868133420054
 10
554.6151873954158
 20
43.91758863337209
 10
554.8401166012959
 20
43.769131565484344
 10
555.3148758579893
 20
43.524926324820974
 10
555.8088479493518
 20
43.35049401006142
 10
556.3220328753836
 20
43.24583462120569
 10
556.8544306360844
 20
43.21094815825378
 10
557.17776241953
 20
43.222829779693924
 10
557.488454180167
 20
43.25847464401435
 10
557.7865059179952
 20
43.317882751215066
 10
558.0719176330149
 20
43.40105410129607
 10
558.3446893252258
 20
43.50798869425736
 10
558.6048209946281
 20
43.63868653009894
 10
558.8523126412217
 20
43.793147608820796
 10
559.0871642650067
 20
43.97137193042295
 10
559.306468660737
 20
44.17298029422112
 10
559.5073186231666
 20
44.39759349953106
 10
559.6897141522957
 20
44.645211546352776
 10
559.853655248124
 20
44.915834434686246
 10
559.9991419106517
 20
45.209462164531494
 10
560.1261741398788
 20
45.5260947358885
 10
560.2347519358052
 20
45.865732148757274
 10
560.3248752984309
 20
46.22837440313782
  0
CIRCLE
  5
43
330
17
100
AcDbEntity
  8
cut
 62
5
420
255
100
AcDbCircle
 10
651.5999999999999
 20
48.0
 30
0.0
 40
4.4
  0
CIRCLE
  5
44
330
17
100
AcDbEntity
  8
cut
 62
5
420
255
100
AcDbCircle
 10
887.3999999999999
 20
48.00000000000003
 30
0.0
 40
4.4
  0
LWPOLYLINE
  5
45
330
17
100
AcDbEntity
  8
cut
 62
5
420
255
100
AcDbPolyline
 90
4
 70
1
 10
887.3999999999999
 20
18.00000000000003
 42
0.9999999999999999
 10
887.3999999999999
 20
78.00000000000003
 10
651.5999999999999
 20
78.0
 42
0.9999999999999999
 10
651.5999999999999
 20
18.0
  0
LWPOLYLINE
  5
46
330
17
100
AcDbEntity
  8
line engraving
 62
1
420
16711680
100
AcDbPolyline
 90
7
 70
0
 10
823.2057394696451
 20
42.07031250000003
 10
823.2057394696451
 20
53.92968750000003
 10
824.7751247015688
 20
53.92968750000003
 10
824.7751247015688
 20
43.4698158253752
 10
830.6158264409958
 20
43.4698158253752
 10
830.6158264409958
 20
42.07031250000003
 10
823.2057394696451
 20
42.07031250000003
  0
LWPOLYLINE
  5
47
330
17
100
AcDbEntity
  8
line engraving
 62
1
420
16711680
100
AcDbPolyline
 90
5
 70
0
 10
832.3065558918825
 20
52.255137278308354
 10
832.3065558918825
 20
53.92968750000003
 10
833.7626865194404
 20
53.92968750000003
 10
833.7626865194404
 20
52.255137278308354
 10
832.3065558918825
 20
52.255137278308354
  0
LWPOLYLINE
  5
48
330
17
100
AcDbEntity
  8
line engraving
 62
1
420
16711680
100
AcDbPolyline
 90
5
 70
0
 10
832.3065558918825
 20
42.07031250000003
 10
832.3065558918825
 20
50.661483202592116
 10
833.7626865194404
 20
50.661483202592116
 10
833.7626865194404
 20
42.07031250000003
 10
832.3065558918825
 20
42.07031250000003
  0
LWPOLYLINE
  5
49
330
17
100
AcDbEntity
  8
line engraving
 62
1
420
16711680
100
AcDbPolyline
 90
61
 70
0
 10
835.9792409191676
 20
42.07031250000003
 10
835.9792409191676
 20
50.661483202592116
 10
837.2897584839698
 20
50.661483202592116
 10
837.2897584839698
 20
49.43995139836292
 10
837.539525334669
 20
49.77175199709033
 10
837.8155834328102
 20
50.05931251598741
 10
838.1179327783934
 20
50.30263295505417
 10
838.4465733714186
 20
50.50171331429062
 10
838.8015052118859
 20
50.65655359369674
 10
839.1827282997951
 20
50.76715379327254
 10
839.5902426351465
 20
50.833513913018024
 10
840.0240482179398
 20
50.85563395293318
 10
840.4045129044806
 20
50.838190721457224
 10
840.7693039627386
 20
50.78586102702936
 10
841.1184213927138
 20
50.698644869649584
 10
841.4518651944063
 20
50.5765422493179
 10
841.7569953450075
 20
50.42612597789481
 10
842.0211718217085
 20
50.253968867240815
 10
842.2443946245095
 20
50.06007091735593
 10
842.4266637534105
 20
49.844432128240136
 10
842.576321623465
 20
49.607305300349616
 10
842.7017106497269
 20
49.34894323414055
 10
842.8028308321963
 20
49.06934592961292
 10
842.8796821708729
 20
48.76851338676674
 10
842.9150742347372
 20
48.52835295340214
 10
842.9403542803545
 20
48.21235238318557
 10
842.9555223077249
 20
47.820511676117015
 10
842.9605783168483
 20
47.35283083219648
 10
842.9605783168483
 20
42.07031250000003
 10
841.5044476892904
 20
42.07031250000003
 10
841.5044476892904
 20
47.29620353001367
 10
841.4938300701311
 20
47.71307148224338
 10
841.4619772126532
 20
48.073817733202624
 10
841.4088891168569
 20
48.3784422828914
 10
841.334565782742
 20
48.62694513130972
 10
841.2331927998165
 20
48.83626390902118
 10
841.0989557575884
 20
49.02333624658939
 10
840.9318546560579
 20
49.18816214401435
 10
840.7318894952249
 20
49.33074160129607
 10
840.5061386878622
 20
49.44576580885491
 10
840.2616806467427
 20
49.527925957111215
 10
839.9985153718662
 20
49.577222046065
 10
839.7166428632331
 20
49.593654075716266
 10
839.4880480507385
 20
49.58442685906594
 10
839.2674164526132
 20
49.55674520911497
 10
839.0547480688575
 20
49.51060912586335
 10
838.8500428994712
 20
49.44601860931108
 10
838.6533009444544
 20
49.36297365945816
 10
838.464522203807
 20
49.2614742763046
 10
838.283706677529
 20
49.14152045985038
 10
838.1108543656205
 20
49.00311221009552
 10
837.952538079942
 20
48.83891831381099
 10
837.815330632354
 20
48.64160755776776
 10
837.6992320228564
 20
48.411179941965834
 10
837.6042422514494
 20
48.14763546640521
 10
837.5303613181327
 20
47.85097413108589
 10
837.4775892229065
 20
47.52119593600787
 10
837.4459259657708
 20
47.15830088117116
 10
837.4353715467256
 20
46.762288966575746
 10
837.4353715467256
 20
42.07031250000003
 10
835.9792409191676
 20
42.07031250000003
  0
LWPOLYLINE
  5
4A
330
17
100
AcDbEntity
  8
line engraving
 62
1
420
16711680
100
AcDbPolyline
 90
13
 70
0
 10
845.2014015603681
 20
42.07031250000003
 10
845.2014015603681
 20
53.92968750000003
 10
846.6575321879261
 20
53.92968750000003
 10
846.6575321879261
 20
47.16676969645296
 10
850.10370800648
 20
50.661483202592116
 10
851.9885882077078
 20
50.661483202592116
 10
848.7042046811049
 20
47.47417505115965
 10
852.3202624062072
 20
42.07031250000003
 10
850.5243679655523
 20
42.07031250000003
 10
847.6849132418142
 20
46.4629732264666
 10
846.6575321879261
 20
45.476040245566196
 10
846.6575321879261
 20
42.07031250000003
 10
845.2014015603681
 20
42.07031250000003
  0
LWPOLYLINE
  5
4B
330
17
100
AcDbEntity
  8
line engraving
 62
1
420
16711680
100
AcDbPolyline
 90
151
 70
0
 10
862.1248752984309
 20
46.22837440313782
 10
863.6942605303545
 20
45.831983287858144
 10
863.5585698855035
 20
45.3629752415427
 10
863.3982311961756
 20
44.92266004700293
 10
863.2132444623709
 20
44.51103770423882
 10
863.0036096840892
 20
44.12810821325037
 10
862.7693268613306
 20
43.773871574037585
 10
862.5103959940951
 20
43.44832778660047
 10
862.2268170823828
 20
43.15147685093902
 10
861.9185901261935
 20
42.88331876705323
 10
861.5891279316858
 20
42.64537033768015
 10
861.2418433050177
 20
42.43914836555681
 10
860.8767362461895
 20
42.26465285068322
 10
860.493806755201
 20
42.12188379305937
 10
860.0930548320524
 20
42.01084119268527
 10
859.6744804767435
 20
41.9315250495609
 10
859.2380836892744
 20
41.88393536368629
 10
858.7838644696451
 20
41.86807213506142
 10
858.3157412249262
 20
41.88026975707178
 10
857.8699908205788
 20
41.91686262310286
 10
857.4466132566026
 20
41.97785073315465
 10
857.0456085329978
 20
42.06323408722717
 10
856.6669766497643
 20
42.173012685320415
 10
856.3107176069021
 20
42.307186527434375
 10
855.9768314044113
 20
42.46575561356905
 10
855.6653180422918
 20
42.64871994372445
 10
855.3739655165521
 20
42.8548155156197
 10
855.1005618232007
 20
43.08277832697394
 10
854.8451069622377
 20
43.33260837778716
 10
854.6076009336629
 20
43.604305668059375
 10
854.3880437374764
 20
43.897870197790574
 10
854.1864353736783
 20
44.21330196698076
 10
854.0027758422683
 20
44.55060097562993
 10
853.8370651432467
 20
44.90976722373809
 10
853.6901248780961
 20
45.28327989773408
 10
853.5627766482987
 20
45.663618184046754
 10
853.4550204538549
 20
46.05078208267611
 10
853.3668562947645
 20
46.444771593622136
 10
853.2982841710275
 20
46.84558671688484
 10
853.2493040826439
 20
47.253227452464216
 10
853.2199160296138
 20
47.66769380036028
 10
853.2101200119371
 20
48.08898576057302
 10
853.2211800318946
 20
48.54472178293936
 10
853.2543600917674
 20
48.98566897861957
 10
853.3096601915553
 20
49.411827347613645
 10
853.3870803312584
 20
49.82319688992158
 10
853.4866205108766
 20
50.219777605543385
 10
853.6082807304099
 20
50.60156949447906
 10
853.7520609898585
 20
50.96857255672859
 10
853.9179612892221
 20
51.32078679229198
 10
854.1042752254218
 20
51.655241795809204
 10
854.3092963953784
 20
51.96896716192022
 10
854.5330247990918
 20
52.26196289062503
 10
854.7754604365618
 20
52.53422898192363
 10
855.0366033077889
 20
52.785765435816025
 10
855.3164534127727
 20
53.01657225230221
 10
855.6150107515133
 20
53.22664943138219
 10
855.9322753240108
 20
53.41599697305597
 10
856.2630015207994
 20
53.58379327584097
 10
856.6019437324137
 20
53.729216738254635
 10
856.9491019588537
 20
53.85226736029697
 10
857.3044762001192
 20
53.95294514196797
 10
857.6680664562105
 20
54.031250083267636
 10
858.0398727271272
 20
54.087182184195974
 10
858.4198950128697
 20
54.12074144475297
 10
858.8081333134378
 20
54.13192786493864
 10
859.2442141003366
 20
54.117771039392935
 10
859.6625988553034
 20
54.07530056275583
 10
860.063287578338
 20
54.00451643502731
 10
860.4462802694404
 20
53.905418656207395
 10
860.8115769286109
 20
53.778007226296076
 10
861.159177555849
 20
53.62228214529335
 10
861.4890821511552
 20
53.43824341319921
 10
861.8012907145292
 20
53.22589103001367
 10
862.0931488411812
 20
52.987879400526545
 10
862.3620021263215
 20
52.726862929527655
 10
862.60785056995
 20
52.442841617016995
 10
862.8306941720667
 20
52.13581546299457
 10
863.0305329326717
 20
51.805784467460384
 10
863.2073668517648
 20
51.452748630414426
 10
863.3611959293463
 20
51.0767079518567
 10
863.492020165416
 20
50.677662431787205
 10
861.9469037772849
 20
50.313629774897706
 10
861.8379467806742
 20
50.62621753895594
 10
861.7173609630796
 20
50.9168116633271
 10
861.585146324501
 20
51.185412148011196
 10
861.4413028649384
 20
51.432018993008214
 10
861.2858305843919
 20
51.65663219831816
 10
861.1187294828613
 20
51.859251763941025
 10
860.9399995603468
 20
52.03987768987682
 10
860.7496408168483
 20
52.19850997612554
 10
860.5471476514535
 20
52.3369182258804
 10
860.3320144632502
 20
52.456872042334616
 10
860.104241252238
 20
52.558371425488176
 10
859.8638280184173
 20
52.641416375341095
 10
859.6107747617879
 20
52.70600689189336
 10
859.3450814823498
 20
52.752142975144984
 10
859.066748180103
 20
52.779824625095955
 10
858.7757748550475
 20
52.78905184174628
 10
858.4410038509601
 20
52.77881342327126
 10
858.1202632721903
 20
52.74809816784621
 10
857.813553118738
 20
52.69690607547113
 10
857.5208733906035
 20
52.625237146146006
 10
857.2422240877864
 20
52.533091379870854
 10
856.9776052102872
 20
52.42046877664566
 10
856.7270167581054
 20
52.28736933647044
 10
856.4904587312412
 20
52.13379305934519
 10
856.2694479324318
 20
51.96296315108611
 10
856.0655011644141
 20
51.77810281750941
 10
855.8786184271879
 20
51.5792120586151
 10
855.7087997207536
 20
51.36629087440317
 10
855.5560450451109
 20
51.13933926487362
 10
855.42035440026
 20
50.89835723002646
 10
855.3017277862007
 20
50.643344769861685
 10
855.200165202933
 20
50.37430188437929
 10
855.0373617091574
 20
49.817888080341945
 10
854.9210734993177
 20
49.25287906079471
 10
854.8513005734138
 20
48.67927482573758
 10
854.8280429314459
 20
48.09707537517056
 10
854.8555981811688
 20
47.36471245363663
 10
854.9382639303375
 20
46.680381618775606
 10
855.0760401789519
 20
46.04408287058751
 10
855.2689269270121
 20
45.45581620907233
 10
855.3867951397029
 20
45.18260211606308
 10
855.5199577799922
 20
44.927210455214045
 10
855.66841484788
 20
44.689641226525225
 10
855.8321663433661
 20
44.46989442999662
 10
856.0112122664508
 20
44.26797006562823
 10
856.205552617134
 20
44.083868133420054
 10
856.4151873954157
 20
43.91758863337209
 10
856.6401166012959
 20
43.769131565484344
 10
857.1148758579892
 20
43.524926324820974
 10
857.6088479493518
 20
43.35049401006142
 10
858.1220328753835
 20
43.24583462120569
 10
858.6544306360844
 20
43.21094815825378
 10
858.97776241953
 20
43.222829779693924
 10
859.2884541801669
 20
43.25847464401435
 10
859.5865059179952
 20
43.317882751215066
 10
859.8719176330148
 20
43.40105410129607
 10
860.1446893252257
 20
43.50798869425736
 10
860.404820994628
 20
43.63868653009894
 10
860.6523126412217
 20
43.793147608820796
 10
860.8871642650066
 20
43.97137193042295
 10
861.1064686607369
 20
44.17298029422112
 10
861.3073186231666
 20
44.39759349953106
 10
861.4897141522956
 20
44.645211546352776
 10
861.653655248124
 20
44.915834434686246
 10
861.7991419106517
 20
45.209462164531494
 10
861.9261741398788
 20
45.5260947358885
 10
862.0347519358052
 20
45.865732148757274
 10
862.1248752984309
 20
46.22837440313782
  0
CIRCLE
  5
4C
330
17
100
AcDbEntity
  8
cut
 62
5
420
255
100
AcDbCircle
 10
953.3999999999999
 20
47.99999999999994
 30
0.0
 40
4.4
  0
CIRCLE
  5
4D
330
17
100
AcDbEntity
  8
cut
 62
5
420
255
100
AcDbCircle
 10
953.3999999999999
 20
283.79999999999995
 30
0.0
 40
4.4
  0
LWPOLYLINE
  5
4E
330
17
100
AcDbEntity
  8
cut
 62
5
420
255
100
AcDbPolyline
 90
4
 70
1
 10
983.3999999999999
 20
283.79999999999995
 42
0.9999999999999999
 10
923.3999999999999
 20
283.79999999999995
 10
923.3999999999999
 20
47.99999999999994
 42
0.9999999999999999
 10
983.3999999999999
 20
48.00000000000003
  0
LWPOLYLINE
  5
4F
330
17
100
AcDbEntity
  8
line engraving
 62
1
420
16711680
100
AcDbPolyline
 90
7
 70
0
 10
959.3296874999999
 20
219.60573946964524
 10
947.4703124999999
 20
219.60573946964524
 10
947.4703124999999
 20
221.17512470156885
 10
957.9301841746247
 20
221.17512470156885
 10
957.9301841746247
 20
227.01582644099588
 10
959.3296874999999
 20
227.01582644099588
 10
959.3296874999999
 20
219.60573946964524
  0
LWPOLYLINE
  5
50
330
17
100
AcDbEntity
  8
line engraving
 62
1
420
16711680
100
AcDbPolyline
 90
5
 70
0
 10
949.1448627216915
 20
228.70655589188263
 10
947.4703124999999
 20
228.70655589188263
 10
947.4703124999999
 20
230.16268651944063
 10
949.1448627216915
 20
230.16268651944063
 10
949.1448627216915
 20
228.70655589188263
  0
LWPOLYLINE
  5
51
330
17
100
AcDbEntity
  8
line engraving
 62
1
420
16711680
100
AcDbPolyline
 90
5
 70
0
 10
959.3296874999999
 20
228.70655589188263
 10
950.7385167974078
 20
228.70655589188263
 10
950.7385167974078
 20
230.16268651944063
 10
959.3296874999999
 20
230.16268651944063
 10
959.3296874999999
 20
228.70655589188263
  0
LWPOLYLINE
  5
52
330
17
100
AcDbEntity
  8
line engraving
 62
1
420
16711680
100
AcDbPolyline
 90
61
 70
0
 10
959.3296874999999
 20
232.37924091916776
 10
950.7385167974078
 20
232.37924091916776
 10
950.7385167974078
 20
233.68975848396997
 10
951.960048601637
 20
233.68975848396997
 10
951.6282480029096
 20
233.93952533466916
 10
951.3406874840125
 20
234.21558343281035
 10
951.0973670449457
 20
234.51793277839354
 10
950.8982866857093
 20
234.8465733714188
 10
950.7434464063031
 20
235.20150521188606
 10
950.6328462067273
 20
235.58272829979532
 10
950.5664860869819
 20
235.99024263514661
 10
950.5443660470667
 20
236.42404821793994
 10
950.5618092785426
 20
236.8045129044807
 10
950.6141389729705
 20
237.16930396273872
 10
950.7013551303503
 20
237.51842139271398
 10
950.823457750682
 20
237.8518651944065
 10
950.9738740221051
 20
238.15699534500763
 10
951.146031132759
 20
238.4211718217087
 10
951.339929082644
 20
238.6443946245097
 10
951.5555678717598
 20
238.8266637534106
 10
951.7926946996503
 20
238.97632162346517
 10
952.0510567658594
 20
239.10171064972712
 10
952.3306540703869
 20
239.2028308321964
 10
952.6314866132332
 20
239.2796821708731
 10
952.8716470465978
 20
239.31507423473735
 10
953.1876476168143
 20
239.3403542803547
 10
953.5794883238829
 20
239.35552230772507
 10
954.0471691678034
 20
239.36057831684852
 10
959.3296874999999
 20
239.36057831684852
 10
959.3296874999999
 20
237.90444768929055
 10
954.1037964699863
 20
237.90444768929055
 10
953.6869285177565
 20
237.8938300701313
 10
953.3261822667973
 20
237.86197721265344
 10
953.0215577171085
 20
237.80888911685707
 10
952.7730548686902
 20
237.73456578274212
 10
952.5637360909788
 20
237.63319279981664
 10
952.3766637534105
 20
237.49895575758865
 10
952.2118378559856
 20
237.3318546560581
 10
952.0692583987038
 20
237.13188949522507
 10
951.954234191145
 20
236.90613868786235
 10
951.8720740428887
 20
236.6616806467428
 10
951.8227779539349
 20
236.39851537186644
 10
951.8063459242836
 20
236.11664286323327
 10
951.8155731409339
 20
235.8880480507386
 10
951.8432547908849
 20
235.66741645261337
 10
951.8893908741366
 20
235.4547480688576
 10
951.9539813906888
 20
235.2500428994713
 10
952.0370263405417
 20
235.05330094445446
 10
952.1385257236952
 20
234.8645222038071
 10
952.2584795401494
 20
234.68370667752916
 10
952.3968877899043
 20
234.5108543656207
 10
952.5610816861889
 20
234.3525380799422
 10
952.7583924422321
 20
234.21533063235415
 10
952.9888200580341
 20
234.0992320228566
 10
953.2523645335947
 20
234.00424225144948
 10
953.549025868914
 20
233.93036131813287
 10
953.878804063992
 20
233.8775892229067
 10
954.2416991188287
 20
233.845925965771
 10
954.6377110334241
 20
233.83537154672575
 10
959.3296874999999
 20
233.83537154672575
 10
959.3296874999999
 20
232.37924091916776
  0
LWPOLYLINE
  5
53
330
17
100
AcDbEntity
  8
line engraving
 62
1
420
16711680
100
AcDbPolyline
 90
13
 70
0
 10
959.3296874999999
 20
241.60140156036832
 10
947.4703124999999
 20
241.60140156036832
 10
947.4703124999999
 20
243.05753218792628
 10
954.233230303547
 20
243.05753218792628
 10
950.7385167974078
 20
246.5037080064802
 10
950.7385167974078
 20
248.388588207708
 10
953.9258249488403
 20
245.10420468110502
 10
959.3296874999999
 20
248.72026240620733
 10
959.3296874999999
 20
246.9243679655525
 10
954.9370267735333
 20
244.08491324181443
 10
955.9239597544337
 20
243.05753218792628
 10
959.3296874999999
 20
243.05753218792628
 10
959.3296874999999
 20
241.60140156036832
  0
LWPOLYLINE
  5
54
330
17
100
AcDbEntity
  8
line engraving
 62
1
420
16711680
100
AcDbPolyline
 90
151
 70
0
 10
955.1716255968621
 20
258.5248752984311
 10
955.5680167121418
 20
260.0942605303547
 10
956.0370247584573
 20
259.95856988550366
 10
956.477339952997
 20
259.7982311961758
 10
956.8889622957611
 20
259.61324446237103
 10
957.2718917867496
 20
259.40360968408936
 10
957.6261284259623
 20
259.1693268613308
 10
957.9516722133994
 20
258.91039599409527
 10
958.2485231490609
 20
258.6268170823829
 10
958.5166812329467
 20
258.31859012619367
 10
958.7546296623198
 20
257.98912793168586
 10
958.9608516344431
 20
257.64184330501786
 10
959.1353471493167
 20
257.2767362461896
 10
959.2781162069405
 20
256.8938067552012
 10
959.3891588073146
 20
256.4930548320525
 10
959.4684749504389
 20
256.07448047674364
 10
959.5160646363136
 20
255.63808368927454
 10
959.5319278649384
 20
255.18386446964524
 10
959.5197302429281
 20
254.7157412249264
 10
959.483137376897
 20
254.26999082057893
 10
959.4221492668452
 20
253.84661325660275
 10
959.3367659127726
 20
253.4456085329979
 10
959.2269873146795
 20
253.06697664976443
 10
959.0928134725655
 20
252.71071760690225
 10
958.9342443864308
 20
252.37683140441143
 10
958.7512800562754
 20
252.06531804229192
 10
958.5451844843801
 20
251.77396551655224
 10
958.317221673026
 20
251.50056182320085
 10
958.0673916222128
 20
251.24510696223777
 10
957.7956943319405
 20
251.007600933663
 10
957.5021298022093
 20
250.78804373747653
 10
957.1866980330192
 20
250.58643537367834
 10
956.84939902437
 20
250.40277584226848
 10
956.4902327762618
 20
250.2370651432469
 10
956.1167201022658
 20
250.0901248780962
 10
955.7363818159531
 20
249.96277664829893
 10
955.3492179173238
 20
249.85502045385508
 10
954.9552284063777
 20
249.76685629476464
 10
954.5544132831151
 20
249.69828417102764
 10
954.1467725475356
 20
249.64930408264408
 10
953.7323061996397
 20
249.61991602961393
 10
953.3110142394269
 20
249.61012001193723
 10
952.8552782170606
 20
249.6211800318948
 10
952.4143310213803
 20
249.65436009176756
 10
951.9881726523862
 20
249.70966019155546
 10
951.5768031100783
 20
249.7870803312585
 10
951.1802223944565
 20
249.88662051087672
 10
950.7984305055209
 20
250.00828073041012
 10
950.4314274432713
 20
250.15206098985865
 10
950.0792132077079
 20
250.31796128922235
 10
949.7447582041907
 20
250.50427522542205
 10
949.4310328380797
 20
250.70929639537854
 10
949.1380371093749
 20
250.9330247990919
 10
948.8657710180762
 20
251.17546043656205
 10
948.6142345641838
 20
251.43660330778903
 10
948.3834277476976
 20
251.7164534127728
 10
948.1733505686177
 20
252.01501075151344
 10
947.9840030269439
 20
252.33227532401088
 10
947.816206724159
 20
252.66300152079955
 10
947.6707832617453
 20
253.00194373241385
 10
947.547732639703
 20
253.34910195885377
 10
947.447054858032
 20
253.70447620011933
 10
947.3687499167323
 20
254.06806645621052
 10
947.312817815804
 20
254.43987272712735
 10
947.279258555247
 20
254.8198950128698
 10
947.2680721350613
 20
255.20813331343788
 10
947.282228960607
 20
255.64421410033677
 10
947.3246994372441
 20
256.0625988553035
 10
947.3954835649727
 20
256.4632875783381
 10
947.4945813437926
 20
256.8462802694406
 10
947.6219927737038
 20
257.21157692861095
 10
947.7777178547066
 20
257.5591775558492
 10
947.9617565868007
 20
257.8890821511553
 10
948.1741089699863
 20
258.2012907145293
 10
948.4121205994734
 20
258.4931488411813
 10
948.6731370704723
 20
258.7620021263216
 10
948.9571583829829
 20
259.00785056995005
 10
949.2641845370053
 20
259.2306941720668
 10
949.5942155325396
 20
259.4305329326718
 10
949.9472513695855
 20
259.60736685176494
 10
950.3232920481432
 20
259.7611959293464
 10
950.7223375682127
 20
259.89202016541606
 10
951.0863702251022
 20
258.3469037772851
 10
950.773782461044
 20
258.2379467806744
 10
950.4831883366728
 20
258.11736096307976
 10
950.2145878519887
 20
257.98514632450116
 10
949.9679810069917
 20
257.8413028649386
 10
949.7433678016818
 20
257.685830584392
 10
949.5407482360589
 20
257.5187294828615
 10
949.3601223101231
 20
257.339999560347
 10
949.2014900238744
 20
257.14964081684855
 10
949.0630817741195
 20
256.94714765145375
 10
948.9431279576653
 20
256.7320144632503
 10
948.8416285745117
 20
256.5042412522382
 10
948.7585836246587
 20
256.2638280184174
 10
948.6939931081065
 20
256.01077476178796
 10
948.6478570248548
 20
255.7450814823499
 10
948.6201753749039
 20
255.46674818010314
 10
948.6109481582536
 20
255.1757748550477
 10
948.6211865767286
 20
254.84100385096028
 10
948.6519018321536
 20
254.52026327219045
 10
948.7030939245287
 20
254.21355311873822
 10
948.7747628538539
 20
253.92087339060365
 10
948.866908620129
 20
253.64222408778667
 10
948.9795312233542
 20
253.3776052102873
 10
949.1126306635294
 20
253.12701675810555
 10
949.2662069406547
 20
252.89045873124144
 10
949.4370368489137
 20
252.66944793243198
 10
949.6218971824904
 20
252.4655011644142
 10
949.8207879413848
 20
252.27861842718812
 10
950.0337091255967
 20
252.10879972075372
 10
950.2606607351263
 20
251.95604504511104
 10
950.5016427699734
 20
251.82035440026004
 10
950.7566552301382
 20
251.70172778620073
 10
951.0256981156206
 20
251.6001652029331
 10
951.5821119196579
 20
251.43736170915753
 10
952.1471209392053
 20
251.32107349931783
 10
952.7207251742623
 20
251.25130057341403
 10
953.3029246248293
 20
251.22804293144608
 10
954.0352875463633
 20
251.25559818116898
 10
954.7196183812243
 20
251.33826393033763
 10
955.3559171294124
 20
251.47604017895205
 10
955.9441837909276
 20
251.66892692701225
 10
956.2173978839369
 20
251.78679513970303
 10
956.4727895447859
 20
251.9199577799923
 10
956.7103587734747
 20
252.06841484788004
 10
956.9301055700033
 20
252.23216634336626
 10
957.1320299343718
 20
252.41121226645097
 10
957.3161318665799
 20
252.60555261713418
 10
957.4824113666278
 20
252.81518739541585
 10
957.6308684345156
 20
253.040116601296
 10
957.875073675179
 20
253.5148758579894
 10
958.0495059899386
 20
254.00884794935195
 10
958.1541653787942
 20
254.52203287538367
 10
958.1890518417462
 20
255.05443063608453
 10
958.177170220306
 20
255.37776241953014
 10
958.1415253559856
 20
255.68845418016707
 10
958.0821172487848
 20
255.98650591799534
 10
957.9989458987038
 20
256.27191763301494
 10
957.8920113057426
 20
256.54468932522593
 10
957.761313469901
 20
256.8048209946282
 10
957.6068523911791
 20
257.0523126412218
 10
957.4286280695769
 20
257.28716426500677
 10
957.2270197057787
 20
257.5064686607371
 10
957.0024065004689
 20
257.7073186231667
 10
956.7547884536472
 20
257.88971415229577
 10
956.4841655653137
 20
258.05365524812413
 10
956.1905378354684
 20
258.1991419106518
 10
955.8739052641114
 20
258.3261741398789
 10
955.5342678512426
 20
258.4347519358053
 10
955.1716255968621
 20
258.5248752984311
  0
CIRCLE
  5
55
330
17
100
AcDbEntity
  8
cut
 62
5
420
255
100
AcDbCircle
 10
1019.3999999999999
 20
47.99999999999994
 30
0.0
 40
4.4
  0
CIRCLE
  5
56
330
17
100
AcDbEntity
  8
cut
 62
5
420
255
100
AcDbCircle
 10
1019.3999999999999
 20
283.79999999999995
 30
0.0
 40
4.4
  0
LWPOLYLINE
  5
57
330
17
100
AcDbEntity
  8
cut
 62
5
420
255
100
AcDbPolyline
 90
4
 70
1
 10
1049.3999999999999
 20
283.79999999999995
 42
0.9999999999999999
 10
989.3999999999999
 20
283.79999999999995
 10
989.3999999999999
 20
47.99999999999994
 42
0.9999999999999999
 10
1049.3999999999999
 20
48.00000000000003
  0
LWPOLYLINE
  5
58
330
17
100
AcDbEntity
  8
line engraving
 62
1
420
16711680
100
AcDbPolyline
 90
7
 70
0
 10
1025.3296874999999
 20
219.60573946964524
 10
1013.4703124999999
 20
219.60573946964524
 10
1013.4703124999999
 20
221.17512470156885
 10
1023.9301841746247
 20
221.17512470156885
 10
1023.9301841746247
 20
227.01582644099588
 10
1025.3296874999999
 20
227.01582644099588
 10
1025.3296874999999
 20
219.60573946964524
  0
LWPOLYLINE
  5
59
330
17
100
AcDbEntity
  8
line engraving
 62
1
420
16711680
100
AcDbPolyline
 90
5
 70
0
 10
1015.1448627216915
 20
228.70655589188263
 10
1013.4703124999999
 20
228.70655589188263
 10
1013.4703124999999
 20
230.16268651944063
 10
1015.1448627216915
 20
230.16268651944063
 10
1015.1448627216915
 20
228.70655589188263
  0
LWPOLYLINE
  5
5A
330
17
100
AcDbEntity
  8
line engraving
 62
1
420
16711680
100
AcDbPolyline
 90
5
 70
0
 10
1025.3296874999999
 20
228.70655589188263
 10
1016.7385167974078
 20
228.70655589188263
 10
1016.7385167974078
 20
230.16268651944063
 10
1025.3296874999999
 20
230.16268651944063
 10
1025.3296874999999
 20
228.70655589188263
  0
LWPOLYLINE
  5
5B
330
17
100
AcDbEntity
  8
line engraving
 62
1
420
16711680
100
AcDbPolyline
 90
61
 70
0
 10
1025.3296874999999
 20
232.37924091916776
 10
1016.7385167974078
 20
232.37924091916776
 10
1016.7385167974078
 20
233.68975848396997
 10
1017.960048601637
 20
233.68975848396997
 10
1017.6282480029096
 20
233.93952533466916
 10
1017.3406874840125
 20
234.21558343281035
 10
1017.0973670449457
 20
234.51793277839354
 10
1016.8982866857093
 20
234.8465733714188
 10
1016.7434464063031
 20
235.20150521188606
 10
1016.6328462067273
 20
235.58272829979532
 10
1016.5664860869819
 20
235.99024263514661
 10
1016.5443660470667
 20
236.42404821793994
 10
1016.5618092785426
 20
236.8045129044807
 10
1016.6141389729705
 20
237.16930396273872
 10
1016.7013551303503
 20
237.51842139271398
 10
1016.823457750682
 20
237.8518651944065
 10
1016.9738740221051
 20
238.15699534500763
 10
1017.146031132759
 20
238.4211718217087
 10
1017.339929082644
 20
238.6443946245097
 10
1017.5555678717598
 20
238.8266637534106
 10
1017.7926946996503
 20
238.97632162346517
 10
1018.0510567658594
 20
239.10171064972712
 10
1018.3306540703869
 20
239.2028308321964
 10
1018.6314866132332
 20
239.2796821708731
 10
1018.8716470465978
 20
239.31507423473735
 10
1019.1876476168143
 20
239.3403542803547
 10
1019.5794883238829
 20
239.35552230772507
 10
1020.0471691678034
 20
239.36057831684852
 10
1025.3296874999999
 20
239.36057831684852
 10
1025.3296874999999
 20
237.90444768929055
 10
1020.1037964699863
 20
237.90444768929055
 10
1019.6869285177565
 20
237.8938300701313
 10
1019.3261822667973
 20
237.86197721265344
 10
1019.0215577171085
 20
237.80888911685707
 10
1018.7730548686902
 20
237.73456578274212
 10
1018.5637360909788
 20
237.63319279981664
 10
1018.3766637534105
 20
237.49895575758865
 10
1018.2118378559856
 20
237.3318546560581
 10
1018.0692583987038
 20
237.13188949522507
 10
1017.954234191145
 20
236.90613868786235
 10
1017.8720740428887
 20
236.6616806467428
 10
1017.8227779539349
 20
236.39851537186644
 10
1017.8063459242836
 20
236.11664286323327
 10
1017.8155731409339
 20
235.8880480507386
 10
1017.8432547908849
 20
235.66741645261337
 10
1017.8893908741366
 20
235.4547480688576
 10
1017.9539813906888
 20
235.2500428994713
 10
1018.0370263405417
 20
235.05330094445446
 10
1018.1385257236952
 20
234.8645222038071
 10
1018.2584795401494
 20
234.68370667752916
 10
1018.3968877899043
 20
234.5108543656207
 10
1018.5610816861889
 20
234.3525380799422
 10
1018.7583924422321
 20
234.21533063235415
 10
1018.9888200580341
 20
234.0992320228566
 10
1019.2523645335947
 20
234.00424225144948
 10
1019.549025868914
 20
233.93036131813287
 10
1019.878804063992
 20
233.8775892229067
 10
1020.2416991188287
 20
233.845925965771
 10
1020.6377110334241
 20
233.83537154672575
 10
1025.3296874999999
 20
233.83537154672575
 10
1025.3296874999999
 20
232.37924091916776
  0
LWPOLYLINE
  5
5C
330
17
100
AcDbEntity
  8
line engraving
 62
1
420
16711680
100
AcDbPolyline
 90
13
 70
0
 10
1025.3296874999999
 20
241.60140156036832
 10
1013.4703124999999
 20
241.60140156036832
 10
1013.4703124999999
 20
243.05753218792628
 10
1020.233230303547
 20
243.05753218792628
 10
1016.7385167974078
 20
246.5037080064802
 10
1016.7385167974078
 20
248.388588207708
 10
1019.9258249488403
 20
245.10420468110502
 10
1025.3296874999999
 20
248.72026240620733
 10
1025.3296874999999
 20
246.9243679655525
 10
1020.9370267735333
 20
244.08491324181443
 10
1021.9239597544337
 20
243.05753218792628
 10
1025.3296874999999
 20
243.05753218792628
 10
1025.3296874999999
 20
241.60140156036832
  0
LWPOLYLINE
  5
5D
330
17
100
AcDbEntity
  8
line engraving
 62
1
420
16711680
100
AcDbPolyline
 90
151
 70
0
 10
1021.1716255968621
 20
258.5248752984311
 10
1021.5680167121418
 20
260.0942605303547
 10
1022.0370247584573
 20
259.95856988550366
 10
1022.477339952997
 20
259.7982311961758
 10
1022.8889622957611
 20
259.61324446237103
 10
1023.2718917867496
 20
259.40360968408936
 10
1023.6261284259623
 20
259.1693268613308
 10
1023.9516722133994
 20
258.91039599409527
 10
1024.248523149061
 20
258.6268170823829
 10
1024.5166812329467
 20
258.31859012619367
 10
1024.7546296623198
 20
257.98912793168586
 10
1024.960851634443
 20
257.64184330501786
 10
1025.1353471493167
 20
257.2767362461896
 10
1025.2781162069405
 20
256.8938067552012
 10
1025.3891588073147
 20
256.4930548320525
 10
1025.468474950439
 20
256.07448047674364
 10
1025.5160646363138
 20
255.63808368927454
 10
1025.5319278649386
 20
255.18386446964524
 10
1025.5197302429283
 20
254.7157412249264
 10
1025.483137376897
 20
254.26999082057893
 10
1025.4221492668453
 20
253.84661325660275
 10
1025.3367659127728
 20
253.4456085329979
 10
1025.2269873146795
 20
253.06697664976443
 10
1025.0928134725655
 20
252.71071760690225
 10
1024.934244386431
 20
252.37683140441143
 10
1024.7512800562754
 20
252.06531804229192
 10
1024.5451844843801
 20
251.77396551655224
 10
1024.3172216730259
 20
251.50056182320085
 10
1024.0673916222127
 20
251.24510696223777
 10
1023.7956943319405
 20
251.007600933663
 10
1023.5021298022093
 20
250.78804373747653
 10
1023.1866980330192
 20
250.58643537367834
 10
1022.84939902437
 20
250.40277584226848
 10
1022.4902327762618
 20
250.2370651432469
 10
1022.1167201022658
 20
250.0901248780962
 10
1021.7363818159531
 20
249.96277664829893
 10
1021.3492179173238
 20
249.85502045385508
 10
1020.9552284063777
 20
249.76685629476464
 10
1020.5544132831151
 20
249.69828417102764
 10
1020.1467725475356
 20
249.64930408264408
 10
1019.7323061996397
 20
249.61991602961393
 10
1019.3110142394269
 20
249.61012001193723
 10
1018.8552782170606
 20
249.6211800318948
 10
1018.4143310213803
 20
249.65436009176756
 10
1017.9881726523862
 20
249.70966019155546
 10
1017.5768031100783
 20
249.7870803312585
 10
1017.1802223944565
 20
249.88662051087672
 10
1016.7984305055209
 20
250.00828073041012
 10
1016.4314274432713
 20
250.15206098985865
 10
1016.0792132077079
 20
250.31796128922235
 10
1015.7447582041907
 20
250.50427522542205
 10
1015.4310328380797
 20
250.70929639537854
 10
1015.1380371093749
 20
250.9330247990919
 10
1014.8657710180762
 20
251.17546043656205
 10
1014.6142345641838
 20
251.43660330778903
 10
1014.3834277476976
 20
251.7164534127728
 10
1014.1733505686177
 20
252.01501075151344
 10
1013.9840030269439
 20
252.33227532401088
 10
1013.816206724159
 20
252.66300152079955
 10
1013.6707832617453
 20
253.00194373241385
 10
1013.547732639703
 20
253.34910195885377
 10
1013.447054858032
 20
253.70447620011933
 10
1013.3687499167323
 20
254.06806645621052
 10
1013.312817815804
 20
254.43987272712735
 10
1013.279258555247
 20
254.8198950128698
 10
1013.2680721350613
 20
255.20813331343788
 10
1013.282228960607
 20
255.64421410033677
 10
1013.3246994372441
 20
256.0625988553035
 10
1013.3954835649727
 20
256.4632875783381
 10
1013.4945813437926
 20
256.8462802694406
 10
1013.6219927737038
 20
257.21157692861095
 10
1013.7777178547066
 20
257.5591775558492
 10
1013.9617565868007
 20
257.8890821511553
 10
1014.1741089699863
 20
258.2012907145293
 10
1014.4121205994734
 20
258.4931488411813
 10
1014.6731370704723
 20
258.7620021263216
 10
1014.9571583829829
 20
259.00785056995005
 10
1015.2641845370053
 20
259.2306941720668
 10
1015.5942155325396
 20
259.4305329326718
 10
1015.9472513695855
 20
259.60736685176494
 10
1016.3232920481432
 20
259.7611959293464
 10
1016.7223375682127
 20
259.89202016541606
 10
1017.0863702251022
 20
258.3469037772851
 10
1016.773782461044
 20
258.2379467806744
 10
1016.4831883366728
 20
258.11736096307976
 10
1016.2145878519887
 20
257.98514632450116
 10
1015.9679810069917
 20
257.8413028649386
 10
1015.7433678016818
 20
257.685830584392
 10
1015.5407482360589
 20
257.5187294828615
 10
1015.3601223101231
 20
257.339999560347
 10
1015.2014900238744
 20
257.14964081684855
 10
1015.0630817741195
 20
256.94714765145375
 10
1014.9431279576653
 20
256.7320144632503
 10
1014.8416285745117
 20
256.5042412522382
 10
1014.7585836246587
 20
256.2638280184174
 10
1014.6939931081065
 20
256.01077476178796
 10
1014.6478570248548
 20
255.7450814823499
 10
1014.6201753749039
 20
255.46674818010314
 10
1014.6109481582536
 20
255.1757748550477
 10
1014.6211865767286
 20
254.84100385096028
 10
1014.6519018321536
 20
254.52026327219045
 10
1014.7030939245287
 20
254.21355311873822
 10
1014.7747628538539
 20
253.92087339060365
 10
1014.866908620129
 20
253.64222408778667
 10
1014.9795312233542
 20
253.3776052102873
 10
1015.1126306635294
 20
253.12701675810555
 10
1015.2662069406547
 20
252.89045873124144
 10
1015.4370368489137
 20
252.66944793243198
 10
1015.6218971824904
 20
252.4655011644142
 10
1015.8207879413848
 20
252.27861842718812
 10
1016.0337091255967
 20
252.10879972075372
 10
1016.2606607351263
 20
251.95604504511104
 10
1016.5016427699734
 20
251.82035440026004
 10
1016.7566552301382
 20
251.70172778620073
 10
1017.0256981156206
 20
251.6001652029331
 10
1017.5821119196579
 20
251.43736170915753
 10
1018.1471209392053
 20
251.32107349931783
 10
1018.7207251742623
 20
251.25130057341403
 10
1019.3029246248293
 20
251.22804293144608
 10
1020.0352875463633
 20
251.25559818116898
 10
1020.7196183812243
 20
251.33826393033763
 10
1021.3559171294124
 20
251.47604017895205
 10
1021.9441837909276
 20
251.66892692701225
 10
1022.2173978839369
 20
251.78679513970303
 10
1022.4727895447859
 20
251.9199577799923
 10
1022.7103587734747
 20
252.06841484788004
 10
1022.9301055700033
 20
252.23216634336626
 10
1023.1320299343718
 20
252.41121226645097
 10
1023.3161318665799
 20
252.60555261713418
 10
1023.4824113666278
 20
252.81518739541585
 10
1023.6308684345156
 20
253.040116601296
 10
1023.8750736751789
 20
253.5148758579894
 10
1024.0495059899386
 20
254.00884794935195
 10
1024.1541653787942
 20
254.52203287538367
 10
1024.189051841746
 20
255.05443063608453
 10
1024.177170220306
 20
255.37776241953014
 10
1024.1415253559856
 20
255.68845418016707
 10
1024.0821172487847
 20
255.98650591799534
 10
1023.9989458987038
 20
256.27191763301494
 10
1023.8920113057425
 20
256.54468932522593
 10
1023.7613134699009
 20
256.8048209946282
 10
1023.606852391179
 20
257.0523126412218
 10
1023.4286280695769
 20
257.28716426500677
 10
1023.2270197057787
 20
257.5064686607371
 10
1023.0024065004689
 20
257.7073186231667
 10
1022.7547884536472
 20
257.88971415229577
 10
1022.4841655653137
 20
258.05365524812413
 10
1022.1905378354684
 20
258.1991419106518
 10
1021.8739052641114
 20
258.3261741398789
 10
1021.5342678512426
 20
258.4347519358053
 10
1021.1716255968621
 20
258.5248752984311
  0
CIRCLE
  5
5E
330
17
100
AcDbEntity
  8
cut
 62
5
420
255
100
AcDbCircle
 10
1085.3999999999999
 20
47.99999999999994
 30
0.0
 40
4.4
  0
CIRCLE
  5
5F
330
17
100
AcDbEntity
  8
cut
 62
5
420
255
100
AcDbCircle
 10
1085.3999999999999
 20
283.79999999999995
 30
0.0
 40
4.4
  0
LWPOLYLINE
  5
60
330
17
100
AcDbEntity
  8
cut
 62
5
420
255
100
AcDbPolyline
 90
4
 70
1
 10
1115.3999999999999
 20
283.79999999999995
 42
0.9999999999999999
 10
1055.3999999999999
 20
283.79999999999995
 10
1055.3999999999999
 20
47.99999999999994
 42
0.9999999999999999
 10
1115.3999999999999
 20
48.00000000000003
  0
LWPOLYLINE
  5
61
330
17
100
AcDbEntity
  8
line engraving
 62
1
420
16711680
100
AcDbPolyline
 90
7
 70
0
 10
1091.3296874999999
 20
219.60573946964524
 10
1079.4703124999999
 20
219.60573946964524
 10
1079.4703124999999
 20
221.17512470156885
 10
1089.9301841746246
 20
221.17512470156885
 10
1089.9301841746246
 20
227.01582644099588
 10
1091.3296874999999
 20
227.01582644099588
 10
1091.3296874999999
 20
219.60573946964524
  0
LWPOLYLINE
  5
62
330
17
100
AcDbEntity
  8
line engraving
 62
1
420
16711680
100
AcDbPolyline
 90
5
 70
0
 10
1081.1448627216917
 20
228.70655589188263
 10
1079.4703124999999
 20
228.70655589188263
 10
1079.4703124999999
 20
230.16268651944063
 10
1081.1448627216917
 20
230.16268651944063
 10
1081.1448627216917
 20
228.70655589188263
  0
LWPOLYLINE
  5
63
330
17
100
AcDbEntity
  8
line engraving
 62
1
420
16711680
100
AcDbPolyline
 90
5
 70
0
 10
1091.3296874999999
 20
228.70655589188263
 10
1082.7385167974078
 20
228.70655589188263
 10
1082.7385167974078
 20
230.16268651944063
 10
1091.3296874999999
 20
230.16268651944063
 10
1091.3296874999999
 20
228.70655589188263
  0
LWPOLYLINE
  5
64
330
17
100
AcDbEntity
  8
line engraving
 62
1
420
16711680
100
AcDbPolyline
 90
61
 70
0
 10
1091.3296874999999
 20
232.37924091916776
 10
1082.7385167974078
 20
232.37924091916776
 10
1082.7385167974078
 20
233.68975848396997
 10
1083.960048601637
 20
233.68975848396997
 10
1083.6282480029097
 20
233.93952533466916
 10
1083.3406874840125
 20
234.21558343281035
 10
1083.0973670449457
 20
234.51793277839354
 10
1082.8982866857093
 20
234.8465733714188
 10
1082.743446406303
 20
235.20150521188606
 10
1082.6328462067272
 20
235.58272829979532
 10
1082.5664860869817
 20
235.99024263514661
 10
1082.5443660470667
 20
236.42404821793994
 10
1082.5618092785426
 20
236.8045129044807
 10
1082.6141389729705
 20
237.16930396273872
 10
1082.7013551303503
 20
237.51842139271398
 10
1082.8234577506819
 20
237.8518651944065
 10
1082.973874022105
 20
238.15699534500763
 10
1083.1460311327592
 20
238.4211718217087
 10
1083.339929082644
 20
238.6443946245097
 10
1083.5555678717596
 20
238.8266637534106
 10
1083.7926946996502
 20
238.97632162346517
 10
1084.0510567658594
 20
239.10171064972712
 10
1084.330654070387
 20
239.2028308321964
 10
1084.6314866132332
 20
239.2796821708731
 10
1084.8716470465977
 20
239.31507423473735
 10
1085.1876476168143
 20
239.3403542803547
 10
1085.5794883238827
 20
239.35552230772507
 10
1086.0471691678033
 20
239.36057831684852
 10
1091.3296874999999
 20
239.36057831684852
 10
1091.3296874999999
 20
237.90444768929055
 10
1086.1037964699863
 20
237.90444768929055
 10
1085.6869285177565
 20
237.8938300701313
 10
1085.3261822667973
 20
237.86197721265344
 10
1085.0215577171084
 20
237.80888911685707
 10
1084.7730548686902
 20
237.73456578274212
 10
1084.5637360909786
 20
237.63319279981664
 10
1084.3766637534104
 20
237.49895575758865
 10
1084.2118378559856
 20
237.3318546560581
 10
1084.0692583987038
 20
237.13188949522507
 10
1083.9542341911451
 20
236.90613868786235
 10
1083.8720740428887
 20
236.6616806467428
 10
1083.822777953935
 20
236.39851537186644
 10
1083.8063459242837
 20
236.11664286323327
 10
1083.815573140934
 20
235.8880480507386
 10
1083.843254790885
 20
235.66741645261337
 10
1083.8893908741366
 20
235.4547480688576
 10
1083.953981390689
 20
235.2500428994713
 10
1084.0370263405418
 20
235.05330094445446
 10
1084.1385257236955
 20
234.8645222038071
 10
1084.2584795401497
 20
234.68370667752916
 10
1084.3968877899044
 20
234.5108543656207
 10
1084.561081686189
 20
234.3525380799422
 10
1084.7583924422322
 20
234.21533063235415
 10
1084.9888200580342
 20
234.0992320228566
 10
1085.2523645335948
 20
234.00424225144948
 10
1085.549025868914
 20
233.93036131813287
 10
1085.878804063992
 20
233.8775892229067
 10
1086.2416991188288
 20
233.845925965771
 10
1086.6377110334242
 20
233.83537154672575
 10
1091.3296874999999
 20
233.83537154672575
 10
1091.3296874999999
 20
232.37924091916776
  0
LWPOLYLINE
  5
65
330
17
100
AcDbEntity
  8
line engraving
 62
1
420
16711680
100
AcDbPolyline
 90
13
 70
0
 10
1091.3296874999999
 20
241.60140156036832
 10
1079.4703124999999
 20
241.60140156036832
 10
1079.4703124999999
 20
243.05753218792628
 10
1086.2332303035469
 20
243.05753218792628
 10
1082.7385167974078
 20
246.5037080064802
 10
1082.7385167974078
 20
248.388588207708
 10
1085.9258249488403
 20
245.10420468110502
 10
1091.3296874999999
 20
248.72026240620733
 10
1091.3296874999999
 20
246.9243679655525
 10
1086.9370267735333
 20
244.08491324181443
 10
1087.9239597544338
 20
243.05753218792628
 10
1091.3296874999999
 20
243.05753218792628
 10
1091.3296874999999
 20
241.60140156036832
  0
LWPOLYLINE
  5
66
330
17
100
AcDbEntity
  8
line engraving
 62
1
420
16711680
100
AcDbPolyline
 90
151
 70
0
 10
1087.171625596862
 20
258.5248752984311
 10
1087.5680167121418
 20
260.0942605303547
 10
1088.0370247584572
 20
259.95856988550366
 10
1088.477339952997
 20
259.7982311961758
 10
1088.888962295761
 20
259.61324446237103
 10
1089.2718917867496
 20
259.40360968408936
 10
1089.6261284259622
 20
259.1693268613308
 10
1089.9516722133994
 20
258.91039599409527
 10
1090.248523149061
 20
258.6268170823829
 10
1090.5166812329467
 20
258.31859012619367
 10
1090.7546296623198
 20
257.98912793168586
 10
1090.960851634443
 20
257.64184330501786
 10
1091.1353471493167
 20
257.2767362461896
 10
1091.2781162069405
 20
256.8938067552012
 10
1091.3891588073147
 20
256.4930548320525
 10
1091.468474950439
 20
256.07448047674364
 10
1091.5160646363138
 20
255.63808368927454
 10
1091.5319278649386
 20
255.18386446964524
 10
1091.5197302429283
 20
254.7157412249264
 10
1091.483137376897
 20
254.26999082057893
 10
1091.4221492668453
 20
253.84661325660275
 10
1091.3367659127728
 20
253.4456085329979
 10
1091.2269873146795
 20
253.06697664976443
 10
1091.0928134725655
 20
252.71071760690225
 10
1090.934244386431
 20
252.37683140441143
 10
1090.7512800562754
 20
252.06531804229192
 10
1090.5451844843801
 20
251.77396551655224
 10
1090.3172216730259
 20
251.50056182320085
 10
1090.0673916222127
 20
251.24510696223777
 10
1089.7956943319405
 20
251.007600933663
 10
1089.5021298022093
 20
250.78804373747653
 10
1089.1866980330192
 20
250.58643537367834
 10
1088.8493990243699
 20
250.40277584226848
 10
1088.4902327762618
 20
250.2370651432469
 10
1088.1167201022658
 20
250.0901248780962
 10
1087.736381815953
 20
249.96277664829893
 10
1087.3492179173238
 20
249.85502045385508
 10
1086.9552284063777
 20
249.76685629476464
 10
1086.554413283115
 20
249.69828417102764
 10
1086.1467725475356
 20
249.64930408264408
 10
1085.7323061996397
 20
249.61991602961393
 10
1085.3110142394269
 20
249.61012001193723
 10
1084.8552782170605
 20
249.6211800318948
 10
1084.4143310213803
 20
249.65436009176756
 10
1083.9881726523863
 20
249.70966019155546
 10
1083.5768031100783
 20
249.7870803312585
 10
1083.1802223944565
 20
249.88662051087672
 10
1082.7984305055209
 20
250.00828073041012
 10
1082.4314274432713
 20
250.15206098985865
 10
1082.0792132077079
 20
250.31796128922235
 10
1081.7447582041907
 20
250.50427522542205
 10
1081.4310328380798
 20
250.70929639537854
 10
1081.1380371093749
 20
250.9330247990919
 10
1080.8657710180764
 20
251.17546043656205
 10
1080.614234564184
 20
251.43660330778903
 10
1080.3834277476979
 20
251.7164534127728
 10
1080.1733505686177
 20
252.01501075151344
 10
1079.984003026944
 20
252.33227532401088
 10
1079.816206724159
 20
252.66300152079955
 10
1079.6707832617453
 20
253.00194373241385
 10
1079.5477326397029
 20
253.34910195885377
 10
1079.4470548580318
 20
253.70447620011933
 10
1079.3687499167322
 20
254.06806645621052
 10
1079.3128178158038
 20
254.43987272712735
 10
1079.2792585552468
 20
254.8198950128698
 10
1079.2680721350612
 20
255.20813331343788
 10
1079.282228960607
 20
255.64421410033677
 10
1079.324699437244
 20
256.0625988553035
 10
1079.3954835649724
 20
256.4632875783381
 10
1079.4945813437926
 20
256.8462802694406
 10
1079.6219927737038
 20
257.21157692861095
 10
1079.7777178547065
 20
257.5591775558492
 10
1079.9617565868007
 20
257.8890821511553
 10
1080.1741089699863
 20
258.2012907145293
 10
1080.4121205994734
 20
258.4931488411813
 10
1080.6731370704722
 20
258.7620021263216
 10
1080.957158382983
 20
259.00785056995005
 10
1081.2641845370053
 20
259.2306941720668
 10
1081.5942155325395
 20
259.4305329326718
 10
1081.9472513695855
 20
259.60736685176494
 10
1082.3232920481432
 20
259.7611959293464
 10
1082.7223375682127
 20
259.89202016541606
 10
1083.0863702251022
 20
258.3469037772851
 10
1082.773782461044
 20
258.2379467806744
 10
1082.4831883366728
 20
258.11736096307976
 10
1082.2145878519887
 20
257.98514632450116
 10
1081.9679810069917
 20
257.8413028649386
 10
1081.7433678016816
 20
257.685830584392
 10
1081.5407482360588
 20
257.5187294828615
 10
1081.3601223101232
 20
257.339999560347
 10
1081.2014900238744
 20
257.14964081684855
 10
1081.0630817741196
 20
256.94714765145375
 10
1080.9431279576654
 20
256.7320144632503
 10
1080.8416285745118
 20
256.5042412522382
 10
1080.758583624659
 20
256.2638280184174
 10
1080.6939931081065
 20
256.01077476178796
 10
1080.647857024855
 20
255.7450814823499
 10
1080.620175374904
 20
255.46674818010314
 10
1080.6109481582537
 20
255.1757748550477
 10
1080.6211865767286
 20
254.84100385096028
 10
1080.6519018321537
 20
254.52026327219045
 10
1080.7030939245287
 20
254.21355311873822
 10
1080.7747628538539
 20
253.92087339060365
 10
1080.8669086201292
 20
253.64222408778667
 10
1080.9795312233543
 20
253.3776052102873
 10
1081.1126306635294
 20
253.12701675810555
 10
1081.2662069406547
 20
252.89045873124144
 10
1081.4370368489137
 20
252.66944793243198
 10
1081.6218971824903
 20
252.4655011644142
 10
1081.8207879413847
 20
252.27861842718812
 10
1082.0337091255967
 20
252.10879972075372
 10
1082.2606607351263
 20
251.95604504511104
 10
1082.5016427699734
 20
251.82035440026004
 10
1082.7566552301382
 20
251.70172778620073
 10
1083.0256981156206
 20
251.6001652029331
 10
1083.582111919658
 20
251.43736170915753
 10
1084.1471209392053
 20
251.32107349931783
 10
1084.7207251742623
 20
251.25130057341403
 10
1085.3029246248293
 20
251.22804293144608
 10
1086.0352875463632
 20
251.25559818116898
 10
1086.7196183812243
 20
251.33826393033763
 10
1087.3559171294123
 20
251.47604017895205
 10
1087.9441837909276
 20
251.66892692701225
 10
1088.2173978839369
 20
251.78679513970303
 10
1088.4727895447859
 20
251.9199577799923
 10
1088.7103587734746
 20
252.06841484788004
 10
1088.9301055700032
 20
252.23216634336626
 10
1089.1320299343718
 20
252.41121226645097
 10
1089.3161318665798
 20
252.60555261713418
 10
1089.4824113666277
 20
252.81518739541585
 10
1089.6308684345156
 20
253.040116601296
 10
1089.875073675179
 20
253.5148758579894
 10
1090.0495059899386
 20
254.00884794935195
 10
1090.1541653787942
 20
254.52203287538367
 10
1090.189051841746
 20
255.05443063608453
 10
1090.177170220306
 20
255.37776241953014
 10
1090.1415253559856
 20
255.68845418016707
 10
1090.0821172487847
 20
255.98650591799534
 10
1089.9989458987038
 20
256.27191763301494
 10
1089.8920113057425
 20
256.54468932522593
 10
1089.7613134699009
 20
256.8048209946282
 10
1089.606852391179
 20
257.0523126412218
 10
1089.428628069577
 20
257.28716426500677
 10
1089.2270197057787
 20
257.5064686607371
 10
1089.0024065004689
 20
257.7073186231667
 10
1088.754788453647
 20
257.88971415229577
 10
1088.4841655653136
 20
258.05365524812413
 10
1088.1905378354684
 20
258.1991419106518
 10
1087.8739052641113
 20
258.3261741398789
 10
1087.5342678512425
 20
258.4347519358053
 10
1087.171625596862
 20
258.5248752984311
  0
CIRCLE
  5
67
330
17
100
AcDbEntity
  8
cut
 62
5
420
255
100
AcDbCircle
 10
1151.3999999999999
 20
47.99999999999994
 30
0.0
 40
4.4
  0
CIRCLE
  5
68
330
17
100
AcDbEntity
  8
cut
 62
5
420
255
100
AcDbCircle
 10
1151.3999999999999
 20
283.79999999999995
 30
0.0
 40
4.4
  0
LWPOLYLINE
  5
69
330
17
100
AcDbEntity
  8
cut
 62
5
420
255
100
AcDbPolyline
 90
4
 70
1
 10
1181.3999999999999
 20
283.79999999999995
 42
0.9999999999999999
 10
1121.3999999999999
 20
283.79999999999995
 10
1121.3999999999999
 20
47.99999999999994
 42
0.9999999999999999
 10
1181.3999999999999
 20
48.00000000000003
  0
LWPOLYLINE
  5
6A
330
17
100
AcDbEntity
  8
line engraving
 62
1
420
16711680
100
AcDbPolyline
 90
7
 70
0
 10
1157.3296874999999
 20
219.60573946964524
 10
1145.4703124999999
 20
219.60573946964524
 10
1145.4703124999999
 20
221.17512470156885
 10
1155.9301841746246
 20
221.17512470156885
 10
1155.9301841746246
 20
227.01582644099588
 10
1157.3296874999999
 20
227.01582644099588
 10
1157.3296874999999
 20
219.60573946964524
  0
LWPOLYLINE
  5
6B
330
17
100
AcDbEntity
  8
line engraving
 62
1
420
16711680
100
AcDbPolyline
 90
5
 70
0
 10
1147.1448627216917
 20
228.70655589188263
 10
1145.4703124999999
 20
228.70655589188263
 10
1145.4703124999999
 20
230.16268651944063
 10
1147.1448627216917
 20
230.16268651944063
 10
1147.1448627216917
 20
228.70655589188263
  0
LWPOLYLINE
  5
6C
330
17
100
AcDbEntity
  8
line engraving
 62
1
420
16711680
100
AcDbPolyline
 90
5
 70
0
 10
1157.3296874999999
 20
228.70655589188263
 10
1148.7385167974078
 20
228.70655589188263
 10
1148.7385167974078
 20
230.16268651944063
 10
1157.3296874999999
 20
230.16268651944063
 10
1157.3296874999999
 20
228.70655589188263
  0
LWPOLYLINE
  5
6D
330
17
100
AcDbEntity
  8
line engraving
 62
1
420
16711680
100
AcDbPolyline
 90
61
 70
0
 10
1157.3296874999999
 20
232.37924091916776
 10
1148.7385167974078
 20
232.37924091916776
 10
1148.7385167974078
 20
233.68975848396997
 10
1149.960048601637
 20
233.68975848396997
 10
1149.6282480029097
 20
233.93952533466916
 10
1149.3406874840125
 20
234.21558343281035
 10
1149.0973670449457
 20
234.51793277839354
 10
1148.8982866857093
 20
234.8465733714188
 10
1148.743446406303
 20
235.20150521188606
 10
1148.6328462067272
 20
235.58272829979532
 10
1148.5664860869817
 20
235.99024263514661
 10
1148.5443660470667
 20
236.42404821793994
 10
1148.5618092785426
 20
236.8045129044807
 10
1148.6141389729705
 20
237.16930396273872
 10
1148.7013551303503
 20
237.51842139271398
 10
1148.8234577506819
 20
237.8518651944065
 10
1148.973874022105
 20
238.15699534500763
 10
1149.1460311327592
 20
238.4211718217087
 10
1149.339929082644
 20
238.6443946245097
 10
1149.5555678717596
 20
238.8266637534106
 10
1149.7926946996502
 20
238.97632162346517
 10
1150.0510567658594
 20
239.10171064972712
 10
1150.330654070387
 20
239.2028308321964
 10
1150.6314866132332
 20
239.2796821708731
 10
1150.8716470465977
 20
239.31507423473735
 10
1151.1876476168143
 20
239.3403542803547
 10
1151.5794883238827
 20
239.35552230772507
 10
1152.0471691678033
 20
239.36057831684852
 10
1157.3296874999999
 20
239.36057831684852
 10
1157.3296874999999
 20
237.90444768929055
 10
1152.1037964699863
 20
237.90444768929055
 10
1151.6869285177565
 20
237.8938300701313
 10
1151.3261822667973
 20
237.86197721265344
 10
1151.0215577171084
 20
237.80888911685707
 10
1150.7730548686902
 20
237.73456578274212
 10
1150.5637360909786
 20
237.63319279981664
 10
1150.3766637534104
 20
237.49895575758865
 10
1150.2118378559856
 20
237.3318546560581
 10
1150.0692583987038
 20
237.13188949522507
 10
1149.9542341911451
 20
236.90613868786235
 10
1149.8720740428887
 20
236.6616806467428
 10
1149.822777953935
 20
236.39851537186644
 10
1149.8063459242837
 20
236.11664286323327
 10
1149.815573140934
 20
235.8880480507386
 10
1149.843254790885
 20
235.66741645261337
 10
1149.8893908741366
 20
235.4547480688576
 10
1149.953981390689
 20
235.2500428994713
 10
1150.0370263405418
 20
235.05330094445446
 10
1150.1385257236955
 20
234.8645222038071
 10
1150.2584795401497
 20
234.68370667752916
 10
1150.3968877899044
 20
234.5108543656207
 10
1150.561081686189
 20
234.3525380799422
 10
1150.7583924422322
 20
234.21533063235415
 10
1150.9888200580342
 20
234.0992320228566
 10
1151.2523645335948
 20
234.00424225144948
 10
1151.549025868914
 20
233.93036131813287
 10
1151.878804063992
 20
233.8775892229067
 10
1152.2416991188288
 20
233.845925965771
 10
1152.6377110334242
 20
233.83537154672575
 10
1157.3296874999999
 20
233.83537154672575
 10
1157.3296874999999
 20
232.37924091916776
  0
LWPOLYLINE
  5
6E
330
17
100
AcDbEntity
  8
line engraving
 62
1
420
16711680
100
AcDbPolyline
 90
13
 70
0
 10
1157.3296874999999
 20
241.60140156036832
 10
1145.4703124999999
 20
241.60140156036832
 10
1145.4703124999999
 20
243.05753218792628
 10
1152.2332303035469
 20
243.05753218792628
 10
1148.7385167974078
 20
246.5037080064802
 10
1148.7385167974078
 20
248.388588207708
 10
1151.9258249488403
 20
245.10420468110502
 10
1157.3296874999999
 20
248.72026240620733
 10
1157.3296874999999
 20
246.9243679655525
 10
1152.9370267735333
 20
244.08491324181443
 10
1153.9239597544338
 20
243.05753218792628
 10
1157.3296874999999
 20
243.05753218792628
 10
1157.3296874999999
 20
241.60140156036832
  0
LWPOLYLINE
  5
6F
330
17
100
AcDbEntity
  8
line engraving
 62
1
420
16711680
100
AcDbPolyline
 90
151
 70
0
 10
1153.171625596862
 20
258.5248752984311
 10
1153.5680167121418
 20
260.0942605303547
 10
1154.0370247584572
 20
259.95856988550366
 10
1154.477339952997
 20
259.7982311961758
 10
1154.888962295761
 20
259.61324446237103
 10
1155.2718917867496
 20
259.40360968408936
 10
1155.6261284259622
 20
259.1693268613308
 10
1155.9516722133994
 20
258.91039599409527
 10
1156.248523149061
 20
258.6268170823829
 10
1156.5166812329467
 20
258.31859012619367
 10
1156.7546296623198
 20
257.98912793168586
 10
1156.960851634443
 20
257.64184330501786
 10
1157.1353471493167
 20
257.2767362461896
 10
1157.2781162069405
 20
256.8938067552012
 10
1157.3891588073147
 20
256.4930548320525
 10
1157.468474950439
 20
256.07448047674364
 10
1157.5160646363138
 20
255.63808368927454
 10
1157.5319278649386
 20
255.18386446964524
 10
1157.5197302429283
 20
254.7157412249264
 10
1157.483137376897
 20
254.26999082057893
 10
1157.4221492668453
 20
253.84661325660275
 10
1157.3367659127728
 20
253.4456085329979
 10
1157.2269873146795
 20
253.06697664976443
 10
1157.0928134725655
 20
252.71071760690225
 10
1156.934244386431
 20
252.37683140441143
 10
1156.7512800562754
 20
252.06531804229192
 10
1156.5451844843801
 20
251.77396551655224
 10
1156.3172216730259
 20
251.50056182320085
 10
1156.0673916222127
 20
251.24510696223777
 10
1155.7956943319405
 20
251.007600933663
 10
1155.5021298022093
 20
250.78804373747653
 10
1155.1866980330192
 20
250.58643537367834
 10
1154.8493990243699
 20
250.40277584226848
 10
1154.4902327762618
 20
250.2370651432469
 10
1154.1167201022658
 20
250.0901248780962
 10
1153.736381815953
 20
249.96277664829893
 10
1153.3492179173238
 20
249.85502045385508
 10
1152.9552284063777
 20
249.76685629476464
 10
1152.554413283115
 20
249.69828417102764
 10
1152.1467725475356
 20
249.64930408264408
 10
1151.7323061996397
 20
249.61991602961393
 10
1151.3110142394269
 20
249.61012001193723
 10
1150.8552782170605
 20
249.6211800318948
 10
1150.4143310213803
 20
249.65436009176756
 10
1149.9881726523863
 20
249.70966019155546
 10
1149.5768031100783
 20
249.7870803312585
 10
1149.1802223944565
 20
249.88662051087672
 10
1148.7984305055209
 20
250.00828073041012
 10
1148.4314274432713
 20
250.15206098985865
 10
1148.0792132077079
 20
250.31796128922235
 10
1147.7447582041907
 20
250.50427522542205
 10
1147.4310328380798
 20
250.70929639537854
 10
1147.1380371093749
 20
250.9330247990919
 10
1146.8657710180764
 20
251.17546043656205
 10
1146.614234564184
 20
251.43660330778903
 10
1146.3834277476979
 20
251.7164534127728
 10
1146.1733505686177
 20
252.01501075151344
 10
1145.984003026944
 20
252.33227532401088
 10
1145.816206724159
 20
252.66300152079955
 10
1145.6707832617453
 20
253.00194373241385
 10
1145.5477326397029
 20
253.34910195885377
 10
1145.4470548580318
 20
253.70447620011933
 10
1145.3687499167322
 20
254.06806645621052
 10
1145.3128178158038
 20
254.43987272712735
 10
1145.2792585552468
 20
254.8198950128698
 10
1145.2680721350612
 20
255.20813331343788
 10
1145.282228960607
 20
255.64421410033677
 10
1145.324699437244
 20
256.0625988553035
 10
1145.3954835649724
 20
256.4632875783381
 10
1145.4945813437926
 20
256.8462802694406
 10
1145.6219927737038
 20
257.21157692861095
 10
1145.7777178547065
 20
257.5591775558492
 10
1145.9617565868007
 20
257.8890821511553
 10
1146.1741089699863
 20
258.2012907145293
 10
1146.4121205994734
 20
258.4931488411813
 10
1146.6731370704722
 20
258.7620021263216
 10
1146.957158382983
 20
259.00785056995005
 10
1147.2641845370053
 20
259.2306941720668
 10
1147.5942155325395
 20
259.4305329326718
 10
1147.9472513695855
 20
259.60736685176494
 10
1148.3232920481432
 20
259.7611959293464
 10
1148.7223375682127
 20
259.89202016541606
 10
1149.0863702251022
 20
258.3469037772851
 10
1148.773782461044
 20
258.2379467806744
 10
1148.4831883366728
 20
258.11736096307976
 10
1148.2145878519887
 20
257.98514632450116
 10
1147.9679810069917
 20
257.8413028649386
 10
1147.7433678016816
 20
257.685830584392
 10
1147.5407482360588
 20
257.5187294828615
 10
1147.3601223101232
 20
257.339999560347
 10
1147.2014900238744
 20
257.14964081684855
 10
1147.0630817741196
 20
256.94714765145375
 10
1146.9431279576654
 20
256.7320144632503
 10
1146.8416285745118
 20
256.5042412522382
 10
1146.758583624659
 20
256.2638280184174
 10
1146.6939931081065
 20
256.01077476178796
 10
1146.647857024855
 20
255.7450814823499
 10
1146.620175374904
 20
255.46674818010314
 10
1146.6109481582537
 20
255.1757748550477
 10
1146.6211865767286
 20
254.84100385096028
 10
1146.6519018321537
 20
254.52026327219045
 10
1146.7030939245287
 20
254.21355311873822
 10
1146.7747628538539
 20
253.92087339060365
 10
1146.8669086201292
 20
253.64222408778667
 10
1146.9795312233543
 20
253.3776052102873
 10
1147.1126306635294
 20
253.12701675810555
 10
1147.2662069406547
 20
252.89045873124144
 10
1147.4370368489137
 20
252.66944793243198
 10
1147.6218971824903
 20
252.4655011644142
 10
1147.8207879413847
 20
252.27861842718812
 10
1148.0337091255967
 20
252.10879972075372
 10
1148.2606607351263
 20
251.95604504511104
 10
1148.5016427699734
 20
251.82035440026004
 10
1148.7566552301382
 20
251.70172778620073
 10
1149.0256981156206
 20
251.6001652029331
 10
1149.582111919658
 20
251.43736170915753
 10
1150.1471209392053
 20
251.32107349931783
 10
1150.7207251742623
 20
251.25130057341403
 10
1151.3029246248293
 20
251.22804293144608
 10
1152.0352875463632
 20
251.25559818116898
 10
1152.7196183812243
 20
251.33826393033763
 10
1153.3559171294123
 20
251.47604017895205
 10
1153.9441837909276
 20
251.66892692701225
 10
1154.2173978839369
 20
251.78679513970303
 10
1154.4727895447859
 20
251.9199577799923
 10
1154.7103587734746
 20
252.06841484788004
 10
1154.9301055700032
 20
252.23216634336626
 10
1155.1320299343718
 20
252.41121226645097
 10
1155.3161318665798
 20
252.60555261713418
 10
1155.4824113666277
 20
252.81518739541585
 10
1155.6308684345156
 20
253.040116601296
 10
1155.875073675179
 20
253.5148758579894
 10
1156.0495059899386
 20
254.00884794935195
 10
1156.1541653787942
 20
254.52203287538367
 10
1156.189051841746
 20
255.05443063608453
 10
1156.177170220306
 20
255.37776241953014
 10
1156.1415253559856
 20
255.68845418016707
 10
1156.0821172487847
 20
255.98650591799534
 10
1155.9989458987038
 20
256.27191763301494
 10
1155.8920113057425
 20
256.54468932522593
 10
1155.7613134699009
 20
256.8048209946282
 10
1155.606852391179
 20
257.0523126412218
 10
1155.428628069577
 20
257.28716426500677
 10
1155.2270197057787
 20
257.5064686607371
 10
1155.0024065004689
 20
257.7073186231667
 10
1154.754788453647
 20
257.88971415229577
 10
1154.4841655653136
 20
258.05365524812413
 10
1154.1905378354684
 20
258.1991419106518
 10
1153.8739052641113
 20
258.3261741398789
 10
1153.5342678512425
 20
258.4347519358053
 10
1153.171625596862
 20
258.5248752984311
  0
CIRCLE
  5
70
330
17
100
AcDbEntity
  8
cut
 62
5
420
255
100
AcDbCircle
 10
48.0
 20
349.7999999999999
 30
0.0
 40
4.4
  0
CIRCLE
  5
71
330
17
100
AcDbEntity
  8
cut
 62
5
420
255
100
AcDbCircle
 10
48.0
 20
585.5999999999999
 30
0.0
 40
4.4
  0
LWPOLYLINE
  5
72
330
17
100
AcDbEntity
  8
cut
 62
5
420
255
100
AcDbPolyline
 90
4
 70
1
 10
78.0
 20
585.5999999999999
 42
0.9999999999999999
 10
18.0
 20
585.5999999999999
 10
18.0
 20
349.7999999999999
 42
0.9999999999999999
 10
78.00000000000001
 20
349.79999999999995
  0
LWPOLYLINE
  5
73
330
17
100
AcDbEntity
  8
line engraving
 62
1
420
16711680
100
AcDbPolyline
 90
7
 70
0
 10
53.9296875
 20
521.4057394696453
 10
42.0703125
 20
521.4057394696453
 10
42.0703125
 20
522.9751247015689
 10
52.53018417462483
 20
522.9751247015689
 10
52.53018417462483
 20
528.8158264409959
 10
53.9296875
 20
528.8158264409959
 10
53.9296875
 20
521.4057394696453
  0
LWPOLYLINE
  5
74
330
17
100
AcDbEntity
  8
line engraving
 62
1
420
16711680
100
AcDbPolyline
 90
5
 70
0
 10
43.744862721691675
 20
530.5065558918826
 10
42.0703125
 20
530.5065558918826
 10
42.0703125
 20
531.9626865194406
 10
43.744862721691675
 20
531.9626865194406
 10
43.744862721691675
 20
530.5065558918826
  0
LWPOLYLINE
  5
75
330
17
100
AcDbEntity
  8
line engraving
 62
1
420
16711680
100
AcDbPolyline
 90
5
 70
0
 10
53.9296875
 20
530.5065558918826
 10
45.33851679740791
 20
530.5065558918826
 10
45.33851679740791
 20
531.9626865194406
 10
53.9296875
 20
531.9626865194406
 10
53.9296875
 20
530.5065558918826
  0
LWPOLYLINE
  5
76
330
17
100
AcDbEntity
  8
line engraving
 62
1
420
16711680
100
AcDbPolyline
 90
61
 70
0
 10
53.9296875
 20
534.1792409191678
 10
45.33851679740791
 20
534.1792409191678
 10
45.33851679740791
 20
535.4897584839699
 10
46.56004860163711
 20
535.4897584839699
 10
46.2282480029097
 20
535.7395253346691
 10
45.94068748401262
 20
536.0155834328103
 10
45.69736704494586
 20
536.3179327783936
 10
45.49828668570941
 20
536.6465733714188
 10
45.343446406303286
 20
537.0015052118861
 10
45.23284620672749
 20
537.3827282997953
 10
45.166486086982005
 20
537.7902426351467
 10
45.144366047066846
 20
538.22404821794
 10
45.161809278542805
 20
538.6045129044808
 10
45.214138972970666
 20
538.9693039627388
 10
45.301355130350444
 20
539.3184213927141
 10
45.423457750682125
 20
539.6518651944066
 10
45.573874022105215
 20
539.9569953450077
 10
45.746031132759214
 20
540.2211718217087
 10
45.9399290826441
 20
540.4443946245096
 10
46.15556787175989
 20
540.6266637534106
 10
46.39269469965041
 20
540.7763216234652
 10
46.65105676585948
 20
540.9017106497271
 10
46.93065407038711
 20
541.0028308321964
 10
47.23148661323329
 20
541.0796821708731
 10
47.47164704659788
 20
541.1150742347373
 10
47.78764761681446
 20
541.1403542803546
 10
48.179488323883014
 20
541.155522307725
 10
48.64716916780355
 20
541.1605783168485
 10
53.9296875
 20
541.1605783168485
 10
53.9296875
 20
539.7044476892905
 10
48.70379646998636
 20
539.7044476892905
 10
48.28692851775665
 20
539.6938300701313
 10
47.926182266797404
 20
539.6619772126535
 10
47.62155771710863
 20
539.6088891168571
 10
47.37305486869031
 20
539.5345657827421
 10
47.16373609097885
 20
539.4331927998167
 10
46.976663753410634
 20
539.2989557575886
 10
46.81183785598567
 20
539.1318546560581
 10
46.66925839870395
 20
538.931889495225
 10
46.55423419114512
 20
538.7061386878623
 10
46.472074042888806
 20
538.4616806467428
 10
46.422777953935025
 20
538.1985153718664
 10
46.40634592428376
 20
537.9166428632333
 10
46.415573140934086
 20
537.6880480507386
 10
46.44325479088506
 20
537.4674164526134
 10
46.48939087413668
 20
537.2547480688577
 10
46.553981390688946
 20
537.0500428994714
 10
46.637026340541865
 20
536.8533009444545
 10
46.738525723695425
 20
536.6645222038071
 10
46.85847954014964
 20
536.4837066775292
 10
46.9968877899045
 20
536.3108543656207
 10
47.161081686189036
 20
536.1525380799421
 10
47.358392442232265
 20
536.0153306323541
 10
47.588820058034194
 20
535.8992320228566
 10
47.852364533594816
 20
535.8042422514495
 10
48.14902586891414
 20
535.7303613181329
 10
48.47880406399216
 20
535.6775892229067
 10
48.84169911882887
 20
535.645925965771
 10
49.23771103342428
 20
535.6353715467258
 10
53.9296875
 20
535.6353715467258
 10
53.9296875
 20
534.1792409191678
  0
LWPOLYLINE
  5
77
330
17
100
AcDbEntity
  8
line engraving
 62
1
420
16711680
100
AcDbPolyline
 90
13
 70
0
 10
53.9296875
 20
543.4014015603683
 10
42.0703125
 20
543.4014015603683
 10
42.0703125
 20
544.8575321879263
 10
48.83323030354707
 20
544.8575321879263
 10
45.33851679740791
 20
548.3037080064802
 10
45.33851679740791
 20
550.188588207708
 10
48.52582494884038
 20
546.904204681105
 10
53.9296875
 20
550.5202624062074
 10
53.9296875
 20
548.7243679655525
 10
49.53702677353343
 20
545.8849132418144
 10
50.52395975443383
 20
544.8575321879263
 10
53.9296875
 20
544.8575321879263
 10
53.9296875
 20
543.4014015603683
  0
LWPOLYLINE
  5
78
330
17
100
AcDbEntity
  8
line engraving
 62
1
420
16711680
100
AcDbPolyline
 90
151
 70
0
 10
49.77162559686221
 20
560.324875298431
 10
50.168016712141885
 20
561.8942605303547
 10
50.63702475845733
 20
561.7585698855037
 10
51.0773399529971
 20
561.5982311961758
 10
51.48896229576121
 20
561.413244462371
 10
51.87189178674966
 20
561.2036096840893
 10
52.22612842596244
 20
560.9693268613307
 10
52.551672213399556
 20
560.7103959940953
 10
52.84852314906101
 20
560.426817082383
 10
53.116681232946796
 20
560.1185901261937
 10
53.35462966231988
 20
559.7891279316859
 10
53.56085163444322
 20
559.4418433050179
 10
53.73534714931681
 20
559.0767362461896
 10
53.87811620694066
 20
558.6938067552012
 10
53.98915880731476
 20
558.2930548320526
 10
54.068474950439125
 20
557.8744804767437
 10
54.11606463631374
 20
557.4380836892745
 10
54.13192786493861
 20
556.9838644696453
 10
54.11973024292825
 20
556.5157412249264
 10
54.08313737689717
 20
556.0699908205789
 10
54.022149266845375
 20
555.6466132566028
 10
53.936765912772856
 20
555.245608532998
 10
53.82698731467961
 20
554.8669766497644
 10
53.69281347256566
 20
554.5107176069023
 10
53.534244386430984
 20
554.1768314044115
 10
53.351280056275584
 20
553.865318042292
 10
53.14518448438033
 20
553.5739655165523
 10
52.91722167302609
 20
553.300561823201
 10
52.66739162221287
 20
553.0451069622378
 10
52.39569433194065
 20
552.807600933663
 10
52.102129802209454
 20
552.5880437374765
 10
51.78669803301927
 20
552.3864353736783
 10
51.449399024370095
 20
552.2027758422685
 10
51.090232776261935
 20
552.0370651432469
 10
50.716720102265946
 20
551.8901248780962
 10
50.336381815953274
 20
551.7627766482989
 10
49.94921791732393
 20
551.6550204538551
 10
49.5552284063779
 20
551.5668562947646
 10
49.1544132831152
 20
551.4982841710276
 10
48.74677254753581
 20
551.4493040826441
 10
48.33230619963975
 20
551.419916029614
 10
47.91101423942701
 20
551.4101200119372
 10
47.455278217060666
 20
551.4211800318948
 10
47.01433102138046
 20
551.4543600917675
 10
46.58817265238638
 20
551.5096601915554
 10
46.176803110078446
 20
551.5870803312584
 10
45.78022239445664
 20
551.6866205108768
 10
45.39843050552098
 20
551.80828073041
 10
45.03142744327145
 20
551.9520609898586
 10
44.67921320770805
 20
552.1179612892223
 10
44.344758204190825
 20
552.304275225422
 10
44.03103283807981
 20
552.5092963953786
 10
43.738037109375
 20
552.7330247990918
 10
43.465771018076396
 20
552.975460436562
 10
43.214234564184004
 20
553.236603307789
 10
42.98342774769782
 20
553.5164534127728
 10
42.773350568617836
 20
553.8150107515135
 10
42.58400302694407
 20
554.1322753240108
 10
42.41620672415907
 20
554.4630015207995
 10
42.27078326174539
 20
554.8019437324139
 10
42.14773263970306
 20
555.1491019588537
 10
42.047054858032055
 20
555.5044762001194
 10
41.96874991673239
 20
555.8680664562105
 10
41.912817815804054
 20
556.2398727271274
 10
41.879258555247056
 20
556.6198950128698
 10
41.86807213506139
 20
557.008133313438
 10
41.882228960607094
 20
557.4442141003368
 10
41.9246994372442
 20
557.8625988553035
 10
41.995483564972716
 20
558.2632875783381
 10
42.09458134379263
 20
558.6462802694407
 10
42.22199277370395
 20
559.011576928611
 10
42.37771785470668
 20
559.3591775558492
 10
42.56175658680082
 20
559.6890821511554
 10
42.77410896998636
 20
560.0012907145293
 10
43.012120599473484
 20
560.2931488411814
 10
43.27313707047237
 20
560.5620021263217
 10
43.55715838298303
 20
560.8078505699501
 10
43.86418453700546
 20
561.0306941720669
 10
44.19421553253965
 20
561.2305329326718
 10
44.54725136958561
 20
561.407366851765
 10
44.92329204814333
 20
561.5611959293465
 10
45.322337568212824
 20
561.6920201654161
 10
45.68637022510232
 20
560.1469037772852
 10
45.37378246104409
 20
560.0379467806745
 10
45.083188336672926
 20
559.9173609630798
 10
44.81458785198883
 20
559.7851463245012
 10
44.567981006991815
 20
559.6413028649386
 10
44.34336780168187
 20
559.485830584392
 10
44.140748236059004
 20
559.3187294828615
 10
43.96012231012321
 20
559.139999560347
 10
43.801490023874486
 20
558.9496408168485
 10
43.663081774119625
 20
558.7471476514537
 10
43.54312795766541
 20
558.5320144632503
 10
43.44162857451185
 20
558.3042412522382
 10
43.358583624658934
 20
558.0638280184174
 10
43.29399310810667
 20
557.810774761788
 10
43.247857024855044
 20
557.5450814823499
 10
43.22017537490407
 20
557.2667481801031
 10
43.21094815825375
 20
556.9757748550477
 10
43.22118657672877
 20
556.6410038509603
 10
43.25190183215382
 20
556.3202632721905
 10
43.3030939245289
 20
556.0135531187383
 10
43.37476285385402
 20
555.7208733906036
 10
43.466908620129175
 20
555.4422240877867
 10
43.579531223354365
 20
555.1776052102873
 10
43.71263066352959
 20
554.9270167581057
 10
43.86620694065484
 20
554.6904587312415
 10
44.03703684891392
 20
554.469447932432
 10
44.22189718249062
 20
554.2655011644142
 10
44.42078794138493
 20
554.0786184271882
 10
44.63370912559686
 20
553.9087997207538
 10
44.86066073512641
 20
553.756045045111
 10
45.101642769973566
 20
553.6203544002601
 10
45.356655230138344
 20
553.5017277862008
 10
45.625698115620736
 20
553.4001652029332
 10
46.182111919658084
 20
553.2373617091575
 10
46.74712093920532
 20
553.1210734993178
 10
47.32072517426245
 20
553.051300573414
 10
47.90292462482947
 20
553.0280429314461
 10
48.6352875463634
 20
553.055598181169
 10
49.31961838122442
 20
553.1382639303376
 10
49.95591712941252
 20
553.276040178952
 10
50.5441837909277
 20
553.4689269270123
 10
50.81739788393695
 20
553.5867951397031
 10
51.072789544785984
 20
553.7199577799923
 10
51.3103587734748
 20
553.8684148478801
 10
51.530105570003414
 20
554.0321663433663
 10
51.7320299343718
 20
554.211212266451
 10
51.91613186657998
 20
554.4055526171342
 10
52.082411366627944
 20
554.6151873954159
 10
52.23086843451569
 20
554.840116601296
 10
52.47507367517906
 20
555.3148758579894
 10
52.64950598993861
 20
555.808847949352
 10
52.75416537879434
 20
556.3220328753837
 10
52.78905184174625
 20
556.8544306360845
 10
52.777170220306104
 20
557.1777624195302
 10
52.74152535598568
 20
557.4884541801671
 10
52.68211724878496
 20
557.7865059179954
 10
52.59894589870396
 20
558.071917633015
 10
52.49201130574267
 20
558.344689325226
 10
52.36131346990109
 20
558.6048209946282
 10
52.20685239117923
 20
558.8523126412218
 10
52.02862806957708
 20
559.0871642650068
 10
51.82701970577891
 20
559.3064686607371
 10
51.602406500468966
 20
559.5073186231667
 10
51.35478845364725
 20
559.6897141522958
 10
51.08416556531378
 20
559.8536552481241
 10
50.790537835468534
 20
559.9991419106518
 10
50.47390526411153
 20
560.1261741398789
 10
50.134267851242754
 20
560.2347519358053
 10
49.77162559686221
 20
560.324875298431
  0
CIRCLE
  5
79
330
17
100
AcDbEntity
  8
cut
 62
5
420
255
100
AcDbCircle
 10
47.99999999999994
 20
114.00000000000003
 30
0.0
 40
4.4
  0
CIRCLE
  5
7A
330
17
100
AcDbEntity
  8
cut
 62
5
420
255
100
AcDbCircle
 10
283.79999999999995
 20
114.00000000000006
 30
0.0
 40
4.4
  0
LWPOLYLINE
  5
7B
330
17
100
AcDbEntity
  8
cut
 62
5
420
255
100
AcDbPolyline
 90
4
 70
1
 10
283.79999999999995
 20
84.00000000000006
 42
0.9999999999999999
 10
283.79999999999995
 20
144.00000000000006
 10
47.99999999999994
 20
144.00000000000003
 42
0.9999999999999999
 10
48.00000000000003
 20
84.00000000000003
  0
LWPOLYLINE
  5
7C
330
17
100
AcDbEntity
  8
line engraving
 62
1
420
16711680
100
AcDbPolyline
 90
7
 70
0
 10
219.60573946964524
 20
108.07031250000006
 10
219.60573946964524
 20
119.92968750000006
 10
221.17512470156885
 20
119.92968750000006
 10
221.17512470156885
 20
109.46981582537522
 10
227.01582644099588
 20
109.46981582537522
 10
227.01582644099588
 20
108.07031250000006
 10
219.60573946964524
 20
108.07031250000006
  0
LWPOLYLINE
  5
7D
330
17
100
AcDbEntity
  8
line engraving
 62
1
420
16711680
100
AcDbPolyline
 90
5
 70
0
 10
228.70655589188263
 20
118.25513727830838
 10
228.70655589188263
 20
119.92968750000006
 10
230.16268651944063
 20
119.92968750000006
 10
230.16268651944063
 20
118.25513727830838
 10
228.70655589188263
 20
118.25513727830838
  0
LWPOLYLINE
  5
7E
330
17
100
AcDbEntity
  8
line engraving
 62
1
420
16711680
100
AcDbPolyline
 90
5
 70
0
 10
228.70655589188263
 20
108.07031250000006
 10
228.70655589188263
 20
116.66148320259214
 10
230.16268651944063
 20
116.66148320259214
 10
230.16268651944063
 20
108.07031250000006
 10
228.70655589188263
 20
108.07031250000006
  0
LWPOLYLINE
  5
7F
330
17
100
AcDbEntity
  8
line engraving
 62
1
420
16711680
100
AcDbPolyline
 90
61
 70
0
 10
232.37924091916776
 20
108.07031250000006
 10
232.37924091916776
 20
116.66148320259214
 10
233.68975848396997
 20
116.66148320259214
 10
233.68975848396997
 20
115.43995139836295
 10
233.93952533466916
 20
115.77175199709035
 10
234.21558343281035
 20
116.05931251598744
 10
234.51793277839354
 20
116.3026329550542
 10
234.8465733714188
 20
116.50171331429064
 10
235.20150521188606
 20
116.65655359369676
 10
235.58272829979532
 20
116.76715379327257
 10
235.99024263514661
 20
116.83351391301804
 10
236.42404821793994
 20
116.8556339529332
 10
236.8045129044807
 20
116.83819072145725
 10
237.16930396273872
 20
116.78586102702938
 10
237.51842139271398
 20
116.69864486964961
 10
237.8518651944065
 20
116.57654224931792
 10
238.15699534500763
 20
116.42612597789484
 10
238.4211718217087
 20
116.25396886724084
 10
238.6443946245097
 20
116.06007091735596
 10
238.8266637534106
 20
115.84443212824017
 10
238.97632162346517
 20
115.60730530034965
 10
239.10171064972712
 20
115.34894323414058
 10
239.2028308321964
 20
115.06934592961295
 10
239.2796821708731
 20
114.76851338676677
 10
239.31507423473735
 20
114.52835295340218
 10
239.3403542803547
 20
114.21235238318559
 10
239.35552230772507
 20
113.82051167611704
 10
239.36057831684855
 20
113.3528308321965
 10
239.36057831684855
 20
108.07031250000006
 10
237.90444768929055
 20
108.07031250000006
 10
237.90444768929055
 20
113.2962035300137
 10
237.8938300701313
 20
113.71307148224341
 10
237.86197721265344
 20
114.07381773320265
 10
237.80888911685707
 20
114.37844228289143
 10
237.73456578274212
 20
114.62694513130974
 10
237.63319279981664
 20
114.8362639090212
 10
237.49895575758865
 20
115.02333624658941
 10
237.3318546560581
 20
115.18816214401438
 10
237.13188949522507
 20
115.3307416012961
 10
236.90613868786235
 20
115.44576580885493
 10
236.6616806467428
 20
115.52792595711124
 10
236.39851537186644
 20
115.57722204606503
 10
236.11664286323327
 20
115.59365407571629
 10
235.8880480507386
 20
115.58442685906596
 10
235.66741645261337
 20
115.556745209115
 10
235.4547480688576
 20
115.51060912586337
 10
235.2500428994713
 20
115.4460186093111
 10
235.05330094445446
 20
115.36297365945819
 10
234.8645222038071
 20
115.26147427630463
 10
234.68370667752916
 20
115.14152045985041
 10
234.5108543656207
 20
115.00311221009555
 10
234.3525380799422
 20
114.83891831381102
 10
234.21533063235415
 20
114.64160755776778
 10
234.0992320228566
 20
114.41117994196586
 10
234.00424225144948
 20
114.14763546640523
 10
233.93036131813287
 20
113.85097413108592
 10
233.8775892229067
 20
113.5211959360079
 10
233.845925965771
 20
113.15830088117119
 10
233.83537154672575
 20
112.76228896657577
 10
233.83537154672575
 20
108.07031250000006
 10
232.37924091916776
 20
108.07031250000006
  0
LWPOLYLINE
  5
80
330
17
100
AcDbEntity
  8
line engraving
 62
1
420
16711680
100
AcDbPolyline
 90
13
 70
0
 10
241.60140156036832
 20
108.07031250000006
 10
241.60140156036832
 20
119.92968750000006
 10
243.05753218792628
 20
119.92968750000006
 10
243.05753218792628
 20
113.16676969645299
 10
246.5037080064802
 20
116.66148320259214
 10
248.388588207708
 20
116.66148320259214
 10
245.10420468110502
 20
113.47417505115968
 10
248.72026240620733
 20
108.07031250000006
 10
246.9243679655525
 20
108.07031250000006
 10
244.08491324181443
 20
112.46297322646663
 10
243.05753218792628
 20
111.47604024556622
 10
243.05753218792628
 20
108.07031250000006
 10
241.60140156036832
 20
108.07031250000006
  0
LWPOLYLINE
  5
81
330
17
100
AcDbEntity
  8
line engraving
 62
1
420
16711680
100
AcDbPolyline
 90
151
 70
0
 10
258.5248752984311
 20
112.22837440313785
 10
260.0942605303547
 20
111.83198328785818
 10
259.95856988550366
 20
111.36297524154274
 10
259.7982311961758
 20
110.92266004700296
 10
259.61324446237103
 20
110.51103770423884
 10
259.40360968408936
 20
110.1281082132504
 10
259.1693268613308
 20
109.77387157403763
 10
258.91039599409527
 20
109.4483277866005
 10
258.6268170823829
 20
109.15147685093905
 10
258.31859012619367
 20
108.88331876705327
 10
257.98912793168586
 20
108.64537033768019
 10
257.64184330501786
 20
108.43914836555685
 10
257.2767362461896
 20
108.26465285068326
 10
256.8938067552012
 20
108.12188379305941
 10
256.4930548320525
 20
108.0108411926853
 10
256.07448047674364
 20
107.93152504956095
 10
255.63808368927454
 20
107.88393536368632
 10
255.18386446964524
 20
107.86807213506145
 10
254.7157412249264
 20
107.88026975707182
 10
254.26999082057893
 20
107.91686262310289
 10
253.84661325660275
 20
107.9778507331547
 10
253.4456085329979
 20
108.06323408722722
 10
253.06697664976443
 20
108.17301268532044
 10
252.71071760690225
 20
108.3071865274344
 10
252.37683140441143
 20
108.46575561356907
 10
252.06531804229192
 20
108.64871994372447
 10
251.77396551655224
 20
108.85481551561972
 10
251.50056182320085
 20
109.08277832697397
 10
251.24510696223777
 20
109.33260837778718
 10
251.007600933663
 20
109.6043056680594
 10
250.78804373747653
 20
109.8978701977906
 10
250.58643537367834
 20
110.21330196698078
 10
250.40277584226848
 20
110.55060097562996
 10
250.2370651432469
 20
110.90976722373811
 10
250.0901248780962
 20
111.2832798977341
 10
249.96277664829893
 20
111.66361818404678
 10
249.85502045385508
 20
112.05078208267614
 10
249.76685629476464
 20
112.44477159362216
 10
249.69828417102764
 20
112.84558671688487
 10
249.64930408264408
 20
113.25322745246424
 10
249.61991602961393
 20
113.6676938003603
 10
249.61012001193723
 20
114.08898576057304
 10
249.6211800318948
 20
114.54472178293939
 10
249.65436009176756
 20
114.9856689786196
 10
249.70966019155546
 20
115.41182734761368
 10
249.7870803312585
 20
115.82319688992162
 10
249.88662051087672
 20
116.21977760554341
 10
250.00828073041012
 20
116.60156949447908
 10
250.15206098985865
 20
116.96857255672862
 10
250.31796128922235
 20
117.32078679229201
 10
250.50427522542205
 20
117.65524179580923
 10
250.70929639537854
 20
117.96896716192025
 10
250.9330247990919
 20
118.26196289062506
 10
251.17546043656205
 20
118.53422898192366
 10
251.43660330778903
 20
118.78576543581606
 10
251.7164534127728
 20
119.01657225230224
 10
252.01501075151344
 20
119.22664943138223
 10
252.33227532401088
 20
119.415996973056
 10
252.66300152079955
 20
119.58379327584099
 10
253.00194373241385
 20
119.72921673825466
 10
253.34910195885377
 20
119.85226736029699
 10
253.70447620011933
 20
119.952945141968
 10
254.06806645621052
 20
120.03125008326766
 10
254.43987272712735
 20
120.087182184196
 10
254.8198950128698
 20
120.120741444753
 10
255.20813331343788
 20
120.13192786493866
 10
255.64421410033677
 20
120.11777103939296
 10
256.0625988553035
 20
120.07530056275586
 10
256.4632875783381
 20
120.00451643502734
 10
256.8462802694406
 20
119.90541865620742
 10
257.21157692861095
 20
119.7780072262961
 10
257.5591775558492
 20
119.62228214529337
 10
257.8890821511553
 20
119.43824341319923
 10
258.2012907145293
 20
119.2258910300137
 10
258.4931488411813
 20
118.98787940052658
 10
258.7620021263216
 20
118.72686292952768
 10
259.00785056995005
 20
118.44284161701702
 10
259.2306941720668
 20
118.1358154629946
 10
259.4305329326718
 20
117.80578446746041
 10
259.60736685176494
 20
117.45274863041446
 10
259.7611959293464
 20
117.07670795185673
 10
259.89202016541606
 20
116.67766243178724
 10
258.3469037772851
 20
116.31362977489773
 10
258.2379467806744
 20
116.62621753895597
 10
258.11736096307976
 20
116.91681166332714
 10
257.98514632450116
 20
117.18541214801122
 10
257.8413028649386
 20
117.43201899300824
 10
257.685830584392
 20
117.65663219831818
 10
257.5187294828615
 20
117.85925176394105
 10
257.339999560347
 20
118.03987768987685
 10
257.14964081684855
 20
118.19850997612556
 10
256.94714765145375
 20
118.33691822588042
 10
256.7320144632503
 20
118.45687204233464
 10
256.5042412522382
 20
118.5583714254882
 10
256.2638280184174
 20
118.64141637534112
 10
256.01077476178796
 20
118.70600689189338
 10
255.7450814823499
 20
118.752142975145
 10
255.46674818010314
 20
118.77982462509597
 10
255.1757748550477
 20
118.7890518417463
 10
254.84100385096028
 20
118.77881342327129
 10
254.52026327219045
 20
118.74809816784624
 10
254.21355311873822
 20
118.69690607547115
 10
253.92087339060365
 20
118.62523714614602
 10
253.64222408778667
 20
118.53309137987087
 10
253.3776052102873
 20
118.42046877664569
 10
253.12701675810555
 20
118.28736933647046
 10
252.89045873124144
 20
118.13379305934521
 10
252.66944793243198
 20
117.96296315108613
 10
252.4655011644142
 20
117.77810281750943
 10
252.27861842718812
 20
117.57921205861511
 10
252.10879972075372
 20
117.36629087440319
 10
251.95604504511104
 20
117.13933926487364
 10
251.82035440026004
 20
116.89835723002649
 10
251.70172778620073
 20
116.64334476986171
 10
251.6001652029331
 20
116.37430188437932
 10
251.43736170915753
 20
115.81788808034197
 10
251.32107349931783
 20
115.25287906079474
 10
251.25130057341403
 20
114.67927482573761
 10
251.22804293144608
 20
114.09707537517059
 10
251.25559818116898
 20
113.36471245363666
 10
251.33826393033763
 20
112.68038161877564
 10
251.47604017895205
 20
112.04408287058754
 10
251.66892692701225
 20
111.45581620907237
 10
251.78679513970303
 20
111.18260211606311
 10
251.9199577799923
 20
110.92721045521408
 10
252.06841484788004
 20
110.68964122652525
 10
252.23216634336626
 20
110.46989442999666
 10
252.41121226645097
 20
110.26797006562826
 10
252.60555261713418
 20
110.08386813342008
 10
252.81518739541585
 20
109.91758863337212
 10
253.040116601296
 20
109.76913156548437
 10
253.5148758579894
 20
109.524926324821
 10
254.00884794935195
 20
109.35049401006145
 10
254.52203287538367
 20
109.24583462120572
 10
255.05443063608453
 20
109.21094815825381
 10
255.37776241953014
 20
109.22282977969395
 10
255.68845418016707
 20
109.25847464401438
 10
255.98650591799534
 20
109.31788275121511
 10
256.27191763301494
 20
109.4010541012961
 10
256.54468932522593
 20
109.50798869425739
 10
256.8048209946282
 20
109.63868653009897
 10
257.0523126412218
 20
109.79314760882083
 10
257.28716426500677
 20
109.97137193042298
 10
257.5064686607371
 20
110.17298029422115
 10
257.7073186231667
 20
110.3975934995311
 10
257.88971415229577
 20
110.6452115463528
 10
258.05365524812413
 20
110.91583443468627
 10
258.1991419106518
 20
111.20946216453152
 10
258.3261741398789
 20
111.52609473588853
 10
258.4347519358053
 20
111.8657321487573
 10
258.5248752984311
 20
112.22837440313785
  0
CIRCLE
  5
82
330
17
100
AcDbEntity
  8
cut
 62
5
420
255
100
AcDbCircle
 10
47.99999999999994
 20
180.00000000000006
 30
0.0
 40
4.4
  0
CIRCLE
  5
83
330
17
100
AcDbEntity
  8
cut
 62
5
420
255
100
AcDbCircle
 10
283.79999999999995
 20
180.00000000000009
 30
0.0
 40
4.4
  0
LWPOLYLINE
  5
84
330
17
100
AcDbEntity
  8
cut
 62
5
420
255
100
AcDbPolyline
 90
4
 70
1
 10
283.79999999999995
 20
150.00000000000009
 42
0.9999999999999999
 10
283.79999999999995
 20
210.00000000000009
 10
47.99999999999994
 20
210.00000000000006
 42
0.9999999999999999
 10
48.00000000000003
 20
150.00000000000006
  0
LWPOLYLINE
  5
85
330
17
100
AcDbEntity
  8
line engraving
 62
1
420
16711680
100
AcDbPolyline
 90
7
 70
0
 10
219.60573946964524
 20
174.07031250000009
 10
219.60573946964524
 20
185.92968750000009
 10
221.17512470156885
 20
185.92968750000009
 10
221.17512470156885
 20
175.46981582537526
 10
227.01582644099588
 20
175.46981582537526
 10
227.01582644099588
 20
174.07031250000009
 10
219.60573946964524
 20
174.07031250000009
  0
LWPOLYLINE
  5
86
330
17
100
AcDbEntity
  8
line engraving
 62
1
420
16711680
100
AcDbPolyline
 90
5
 70
0
 10
228.70655589188263
 20
184.2551372783084
 10
228.70655589188263
 20
185.92968750000009
 10
230.16268651944063
 20
185.92968750000009
 10
230.16268651944063
 20
184.2551372783084
 10
228.70655589188263
 20
184.2551372783084
  0
LWPOLYLINE
  5
87
330
17
100
AcDbEntity
  8
line engraving
 62
1
420
16711680
100
AcDbPolyline
 90
5
 70
0
 10
228.70655589188263
 20
174.07031250000009
 10
228.70655589188263
 20
182.66148320259217
 10
230.16268651944063
 20
182.66148320259217
 10
230.16268651944063
 20
174.07031250000009
 10
228.70655589188263
 20
174.07031250000009
  0
LWPOLYLINE
  5
88
330
17
100
AcDbEntity
  8
line engraving
 62
1
420
16711680
100
AcDbPolyline
 90
61
 70
0
 10
232.37924091916776
 20
174.07031250000009
 10
232.37924091916776
 20
182.66148320259217
 10
233.68975848396997
 20
182.66148320259217
 10
233.68975848396997
 20
181.43995139836298
 10
233.93952533466916
 20
181.77175199709038
 10
234.21558343281035
 20
182.05931251598747
 10
234.51793277839354
 20
182.30263295505424
 10
234.8465733714188
 20
182.50171331429067
 10
235.20150521188606
 20
182.6565535936968
 10
235.58272829979532
 20
182.7671537932726
 10
235.99024263514661
 20
182.83351391301807
 10
236.42404821793994
 20
182.85563395293323
 10
236.8045129044807
 20
182.83819072145727
 10
237.16930396273872
 20
182.7858610270294
 10
237.51842139271398
 20
182.69864486964963
 10
237.8518651944065
 20
182.57654224931795
 10
238.15699534500763
 20
182.42612597789486
 10
238.4211718217087
 20
182.25396886724087
 10
238.6443946245097
 20
182.06007091735597
 10
238.8266637534106
 20
181.8444321282402
 10
238.97632162346517
 20
181.60730530034968
 10
239.10171064972712
 20
181.34894323414062
 10
239.2028308321964
 20
181.06934592961298
 10
239.2796821708731
 20
180.76851338676678
 10
239.31507423473735
 20
180.5283529534022
 10
239.3403542803547
 20
180.21235238318562
 10
239.35552230772507
 20
179.82051167611706
 10
239.36057831684855
 20
179.35283083219653
 10
239.36057831684855
 20
174.07031250000009
 10
237.90444768929055
 20
174.07031250000009
 10
237.90444768929055
 20
179.29620353001374
 10
237.8938300701313
 20
179.71307148224344
 10
237.86197721265344
 20
180.0738177332027
 10
237.80888911685707
 20
180.37844228289146
 10
237.73456578274212
 20
180.62694513130978
 10
237.63319279981664
 20
180.83626390902123
 10
237.49895575758865
 20
181.02333624658945
 10
237.3318546560581
 20
181.18816214401443
 10
237.13188949522507
 20
181.33074160129613
 10
236.90613868786235
 20
181.44576580885496
 10
236.6616806467428
 20
181.52792595711128
 10
236.39851537186644
 20
181.57722204606506
 10
236.11664286323327
 20
181.59365407571633
 10
235.8880480507386
 20
181.584426859066
 10
235.66741645261337
 20
181.55674520911504
 10
235.4547480688576
 20
181.51060912586343
 10
235.2500428994713
 20
181.44601860931115
 10
235.05330094445446
 20
181.36297365945822
 10
234.8645222038071
 20
181.26147427630465
 10
234.68370667752916
 20
181.14152045985045
 10
234.5108543656207
 20
181.0031122100956
 10
234.3525380799422
 20
180.83891831381106
 10
234.21533063235415
 20
180.64160755776783
 10
234.0992320228566
 20
180.4111799419659
 10
234.00424225144948
 20
180.1476354664053
 10
233.93036131813287
 20
179.85097413108596
 10
233.8775892229067
 20
179.52119593600793
 10
233.845925965771
 20
179.15830088117121
 10
233.83537154672575
 20
178.7622889665758
 10
233.83537154672575
 20
174.07031250000009
 10
232.37924091916776
 20
174.07031250000009
  0
LWPOLYLINE
  5
89
330
17
100
AcDbEntity
  8
line engraving
 62
1
420
16711680
100
AcDbPolyline
 90
13
 70
0
 10
241.60140156036832
 20
174.07031250000009
 10
241.60140156036832
 20
185.92968750000009
 10
243.05753218792628
 20
185.92968750000009
 10
243.05753218792628
 20
179.16676969645303
 10
246.5037080064802
 20
182.66148320259217
 10
248.388588207708
 20
182.66148320259217
 10
245.10420468110502
 20
179.4741750511597
 10
248.72026240620733
 20
174.07031250000009
 10
246.9243679655525
 20
174.07031250000009
 10
244.08491324181443
 20
178.46297322646666
 10
243.05753218792628
 20
177.47604024556625
 10
243.05753218792628
 20
174.07031250000009
 10
241.60140156036832
 20
174.07031250000009
  0
LWPOLYLINE
  5
8A
330
17
100
AcDbEntity
  8
line engraving
 62
1
420
16711680
100
AcDbPolyline
 90
151
 70
0
 10
258.5248752984311
 20
178.22837440313788
 10
260.0942605303547
 20
177.8319832878582
 10
259.95856988550366
 20
177.36297524154276
 10
259.7982311961758
 20
176.92266004700298
 10
259.61324446237103
 20
176.51103770423887
 10
259.40360968408936
 20
176.1281082132504
 10
259.1693268613308
 20
175.77387157403766
 10
258.91039599409527
 20
175.44832778660052
 10
258.6268170823829
 20
175.15147685093908
 10
258.31859012619367
 20
174.88331876705328
 10
257.98912793168586
 20
174.6453703376802
 10
257.64184330501786
 20
174.43914836555686
 10
257.2767362461896
 20
174.2646528506833
 10
256.8938067552012
 20
174.12188379305942
 10
256.4930548320525
 20
174.01084119268532
 10
256.07448047674364
 20
173.93152504956097
 10
255.63808368927454
 20
173.88393536368636
 10
255.18386446964524
 20
173.86807213506148
 10
254.7157412249264
 20
173.88026975707183
 10
254.26999082057893
 20
173.91686262310293
 10
253.84661325660275
 20
173.97785073315472
 10
253.4456085329979
 20
174.06323408722724
 10
253.06697664976443
 20
174.1730126853205
 10
252.71071760690225
 20
174.30718652743442
 10
252.37683140441143
 20
174.46575561356912
 10
252.06531804229192
 20
174.6487199437245
 10
251.77396551655224
 20
174.85481551561975
 10
251.50056182320085
 20
175.082778326974
 10
251.24510696223777
 20
175.3326083777872
 10
251.007600933663
 20
175.60430566805942
 10
250.78804373747653
 20
175.89787019779064
 10
250.58643537367834
 20
176.21330196698082
 10
250.40277584226848
 20
176.55060097563
 10
250.2370651432469
 20
176.90976722373816
 10
250.0901248780962
 20
177.28327989773416
 10
249.96277664829893
 20
177.6636181840468
 10
249.85502045385508
 20
178.05078208267616
 10
249.76685629476464
 20
178.4447715936222
 10
249.69828417102764
 20
178.8455867168849
 10
249.64930408264408
 20
179.25322745246427
 10
249.61991602961393
 20
179.66769380036035
 10
249.61012001193723
 20
180.08898576057308
 10
249.6211800318948
 20
180.54472178293943
 10
249.65436009176756
 20
180.98566897861963
 10
249.70966019155546
 20
181.4118273476137
 10
249.7870803312585
 20
181.82319688992163
 10
249.88662051087672
 20
182.21977760554344
 10
250.00828073041012
 20
182.60156949447912
 10
250.15206098985865
 20
182.96857255672865
 10
250.31796128922235
 20
183.32078679229204
 10
250.50427522542205
 20
183.65524179580927
 10
250.70929639537854
 20
183.9689671619203
 10
250.9330247990919
 20
184.26196289062509
 10
251.17546043656205
 20
184.5342289819237
 10
251.43660330778903
 20
184.7857654358161
 10
251.7164534127728
 20
185.01657225230227
 10
252.01501075151344
 20
185.22664943138224
 10
252.33227532401088
 20
185.41599697305602
 10
252.66300152079955
 20
185.58379327584103
 10
253.00194373241385
 20
185.72921673825468
 10
253.34910195885377
 20
185.85226736029702
 10
253.70447620011933
 20
185.95294514196803
 10
254.06806645621052
 20
186.03125008326768
 10
254.43987272712735
 20
186.08718218419602
 10
254.8198950128698
 20
186.120741444753
 10
255.20813331343788
 20
186.1319278649387
 10
255.64421410033677
 20
186.11777103939298
 10
256.0625988553035
 20
186.07530056275587
 10
256.4632875783381
 20
186.00451643502737
 10
256.8462802694406
 20
185.90541865620744
 10
257.21157692861095
 20
185.77800722629613
 10
257.5591775558492
 20
185.6222821452934
 10
257.8890821511553
 20
185.43824341319927
 10
258.2012907145293
 20
185.22589103001374
 10
258.4931488411813
 20
184.98787940052662
 10
258.7620021263216
 20
184.72686292952773
 10
259.00785056995005
 20
184.44284161701705
 10
259.2306941720668
 20
184.13581546299463
 10
259.4305329326718
 20
183.80578446746046
 10
259.60736685176494
 20
183.45274863041448
 10
259.7611959293464
 20
183.07670795185675
 10
259.89202016541606
 20
182.67766243178727
 10
258.3469037772851
 20
182.31362977489778
 10
258.2379467806744
 20
182.626217538956
 10
258.11736096307976
 20
182.91681166332717
 10
257.98514632450116
 20
183.18541214801127
 10
257.8413028649386
 20
183.43201899300828
 10
257.685830584392
 20
183.65663219831822
 10
257.5187294828615
 20
183.85925176394107
 10
257.339999560347
 20
184.03987768987687
 10
257.14964081684855
 20
184.1985099761256
 10
256.94714765145375
 20
184.33691822588045
 10
256.7320144632503
 20
184.45687204233465
 10
256.5042412522382
 20
184.55837142548822
 10
256.2638280184174
 20
184.64141637534115
 10
256.01077476178796
 20
184.70600689189342
 10
255.7450814823499
 20
184.75214297514503
 10
255.46674818010314
 20
184.779824625096
 10
255.1757748550477
 20
184.78905184174633
 10
254.84100385096028
 20
184.77881342327132
 10
254.52026327219045
 20
184.74809816784625
 10
254.21355311873822
 20
184.69690607547116
 10
253.92087339060365
 20
184.62523714614605
 10
253.64222408778667
 20
184.5330913798709
 10
253.3776052102873
 20
184.42046877664572
 10
253.12701675810555
 20
184.2873693364705
 10
252.89045873124144
 20
184.13379305934524
 10
252.66944793243198
 20
183.96296315108614
 10
252.4655011644142
 20
183.77810281750945
 10
252.27861842718812
 20
183.57921205861516
 10
252.10879972075372
 20
183.3662908744032
 10
251.95604504511104
 20
183.13933926487368
 10
251.82035440026004
 20
182.8983572300265
 10
251.70172778620073
 20
182.64334476986173
 10
251.6001652029331
 20
182.37430188437935
 10
251.43736170915753
 20
181.81788808034202
 10
251.32107349931783
 20
181.25287906079478
 10
251.25130057341403
 20
180.67927482573765
 10
251.22804293144608
 20
180.09707537517062
 10
251.25559818116898
 20
179.36471245363668
 10
251.33826393033763
 20
178.68038161877567
 10
251.47604017895205
 20
178.04408287058757
 10
251.66892692701225
 20
177.4558162090724
 10
251.78679513970303
 20
177.18260211606315
 10
251.9199577799923
 20
176.9272104552141
 10
252.06841484788004
 20
176.68964122652528
 10
252.23216634336626
 20
176.46989442999669
 10
252.41121226645097
 20
176.26797006562828
 10
252.60555261713418
 20
176.0838681334201
 10
252.81518739541585
 20
175.91758863337213
 10
253.040116601296
 20
175.7691315654844
 10
253.5148758579894
 20
175.52492632482102
 10
254.00884794935195
 20
175.35049401006148
 10
254.52203287538367
 20
175.24583462120574
 10
255.05443063608453
 20
175.21094815825384
 10
255.37776241953014
 20
175.222829779694
 10
255.68845418016707
 20
175.25847464401443
 10
255.98650591799534
 20
175.31788275121514
 10
256.27191763301494
 20
175.40105410129613
 10
256.54468932522593
 20
175.50798869425742
 10
256.8048209946282
 20
175.638686530099
 10
257.0523126412218
 20
175.79314760882085
 10
257.28716426500677
 20
175.971371930423
 10
257.5064686607371
 20
176.1729802942212
 10
257.7073186231667
 20
176.39759349953113
 10
257.88971415229577
 20
176.64521154635284
 10
258.05365524812413
 20
176.9158344346863
 10
258.1991419106518
 20
177.20946216453154
 10
258.3261741398789
 20
177.52609473588856
 10
258.4347519358053
 20
177.86573214875733
 10
258.5248752984311
 20
178.22837440313788
  0
CIRCLE
  5
8B
330
17
100
AcDbEntity
  8
cut
 62
5
420
255
100
AcDbCircle
 10
47.99999999999994
 20
246.00000000000009
 30
0.0
 40
4.4
  0
CIRCLE
  5
8C
330
17
100
AcDbEntity
  8
cut
 62
5
420
255
100
AcDbCircle
 10
283.79999999999995
 20
246.0000000000001
 30
0.0
 40
4.4
  0
LWPOLYLINE
  5
8D
330
17
100
AcDbEntity
  8
cut
 62
5
420
255
100
AcDbPolyline
 90
4
 70
1
 10
283.79999999999995
 20
216.0000000000001
 42
0.9999999999999999
 10
283.79999999999995
 20
276.0000000000001
 10
47.99999999999994
 20
276.0000000000001
 42
0.9999999999999999
 10
48.00000000000003
 20
216.00000000000009
  0
LWPOLYLINE
  5
8E
330
17
100
AcDbEntity
  8
line engraving
 62
1
420
16711680
100
AcDbPolyline
 90
7
 70
0
 10
219.60573946964524
 20
240.0703125000001
 10
219.60573946964524
 20
251.9296875000001
 10
221.17512470156885
 20
251.9296875000001
 10
221.17512470156885
 20
241.4698158253753
 10
227.01582644099588
 20
241.4698158253753
 10
227.01582644099588
 20
240.0703125000001
 10
219.60573946964524
 20
240.0703125000001
  0
LWPOLYLINE
  5
8F
330
17
100
AcDbEntity
  8
line engraving
 62
1
420
16711680
100
AcDbPolyline
 90
5
 70
0
 10
228.70655589188263
 20
250.25513727830844
 10
228.70655589188263
 20
251.9296875000001
 10
230.16268651944063
 20
251.9296875000001
 10
230.16268651944063
 20
250.25513727830844
 10
228.70655589188263
 20
250.25513727830844
  0
LWPOLYLINE
  5
90
330
17
100
AcDbEntity
  8
line engraving
 62
1
420
16711680
100
AcDbPolyline
 90
5
 70
0
 10
228.70655589188263
 20
240.0703125000001
 10
228.70655589188263
 20
248.6614832025922
 10
230.16268651944063
 20
248.6614832025922
 10
230.16268651944063
 20
240.0703125000001
 10
228.70655589188263
 20
240.0703125000001
  0
LWPOLYLINE
  5
91
330
17
100
AcDbEntity
  8
line engraving
 62
1
420
16711680
100
AcDbPolyline
 90
61
 70
0
 10
232.37924091916776
 20
240.0703125000001
 10
232.37924091916776
 20
248.6614832025922
 10
233.68975848396997
 20
248.6614832025922
 10
233.68975848396997
 20
247.439951398363
 10
233.93952533466916
 20
247.7717519970904
 10
234.21558343281035
 20
248.0593125159875
 10
234.51793277839354
 20
248.30263295505426
 10
234.8465733714188
 20
248.5017133142907
 10
235.20150521188606
 20
248.65655359369683
 10
235.58272829979532
 20
248.76715379327263
 10
235.99024263514661
 20
248.8335139130181
 10
236.42404821793994
 20
248.85563395293326
 10
236.8045129044807
 20
248.8381907214573
 10
237.16930396273872
 20
248.78586102702945
 10
237.51842139271398
 20
248.69864486964966
 10
237.8518651944065
 20
248.57654224931798
 10
238.15699534500763
 20
248.42612597789488
 10
238.4211718217087
 20
248.2539688672409
 10
238.6443946245097
 20
248.060070917356
 10
238.8266637534106
 20
247.84443212824021
 10
238.97632162346517
 20
247.6073053003497
 10
239.10171064972712
 20
247.34894323414062
 10
239.2028308321964
 20
247.069345929613
 10
239.2796821708731
 20
246.7685133867668
 10
239.31507423473735
 20
246.52835295340222
 10
239.3403542803547
 20
246.21235238318565
 10
239.35552230772507
 20
245.8205116761171
 10
239.36057831684855
 20
245.35283083219656
 10
239.36057831684855
 20
240.0703125000001
 10
237.90444768929055
 20
240.0703125000001
 10
237.90444768929055
 20
245.29620353001377
 10
237.8938300701313
 20
245.71307148224346
 10
237.86197721265344
 20
246.0738177332027
 10
237.80888911685707
 20
246.37844228289148
 10
237.73456578274212
 20
246.6269451313098
 10
237.63319279981664
 20
246.83626390902128
 10
237.49895575758865
 20
247.02333624658948
 10
237.3318546560581
 20
247.18816214401443
 10
237.13188949522507
 20
247.33074160129615
 10
236.90613868786235
 20
247.445765808855
 10
236.6616806467428
 20
247.5279259571113
 10
236.39851537186644
 20
247.5772220460651
 10
236.11664286323327
 20
247.59365407571636
 10
235.8880480507386
 20
247.58442685906604
 10
235.66741645261337
 20
247.55674520911506
 10
235.4547480688576
 20
247.51060912586345
 10
235.2500428994713
 20
247.44601860931118
 10
235.05330094445446
 20
247.36297365945825
 10
234.8645222038071
 20
247.26147427630468
 10
234.68370667752916
 20
247.14152045985048
 10
234.5108543656207
 20
247.00311221009562
 10
234.3525380799422
 20
246.8389183138111
 10
234.21533063235415
 20
246.64160755776786
 10
234.0992320228566
 20
246.41117994196594
 10
234.00424225144948
 20
246.1476354664053
 10
233.93036131813287
 20
245.850974131086
 10
233.8775892229067
 20
245.52119593600796
 10
233.845925965771
 20
245.15830088117124
 10
233.83537154672575
 20
244.76228896657582
 10
233.83537154672575
 20
240.0703125000001
 10
232.37924091916776
 20
240.0703125000001
  0
LWPOLYLINE
  5
92
330
17
100
AcDbEntity
  8
line engraving
 62
1
420
16711680
100
AcDbPolyline
 90
13
 70
0
 10
241.60140156036832
 20
240.0703125000001
 10
241.60140156036832
 20
251.9296875000001
 10
243.05753218792628
 20
251.9296875000001
 10
243.05753218792628
 20
245.16676969645306
 10
246.5037080064802
 20
248.6614832025922
 10
248.388588207708
 20
248.6614832025922
 10
245.10420468110502
 20
245.47417505115973
 10
248.72026240620733
 20
240.0703125000001
 10
246.9243679655525
 20
240.0703125000001
 10
244.08491324181443
 20
244.4629732264667
 10
243.05753218792628
 20
243.47604024556628
 10
243.05753218792628
 20
240.0703125000001
 10
241.60140156036832
 20
240.0703125000001
  0
LWPOLYLINE
  5
93
330
17
100
AcDbEntity
  8
line engraving
 62
1
420
16711680
100
AcDbPolyline
 90
151
 70
0
 10
258.5248752984311
 20
244.2283744031379
 10
260.0942605303547
 20
243.83198328785824
 10
259.95856988550366
 20
243.36297524154278
 10
259.7982311961758
 20
242.922660047003
 10
259.61324446237103
 20
242.5110377042389
 10
259.40360968408936
 20
242.12810821325047
 10
259.1693268613308
 20
241.77387157403768
 10
258.91039599409527
 20
241.44832778660054
 10
258.6268170823829
 20
241.1514768509391
 10
258.31859012619367
 20
240.8833187670533
 10
257.98912793168586
 20
240.64537033768022
 10
257.64184330501786
 20
240.4391483655569
 10
257.2767362461896
 20
240.26465285068332
 10
256.8938067552012
 20
240.12188379305945
 10
256.4930548320525
 20
240.01084119268535
 10
256.07448047674364
 20
239.931525049561
 10
255.63808368927454
 20
239.8839353636864
 10
255.18386446964524
 20
239.8680721350615
 10
254.7157412249264
 20
239.88026975707186
 10
254.26999082057893
 20
239.91686262310296
 10
253.84661325660275
 20
239.97785073315475
 10
253.4456085329979
 20
240.06323408722727
 10
253.06697664976443
 20
240.17301268532051
 10
252.71071760690225
 20
240.30718652743445
 10
252.37683140441143
 20
240.46575561356914
 10
252.06531804229192
 20
240.64871994372453
 10
251.77396551655224
 20
240.85481551561978
 10
251.50056182320085
 20
241.08277832697402
 10
251.24510696223777
 20
241.33260837778727
 10
251.007600933663
 20
241.60430566805945
 10
250.78804373747653
 20
241.89787019779067
 10
250.58643537367834
 20
242.21330196698085
 10
250.40277584226848
 20
242.55060097563003
 10
250.2370651432469
 20
242.90976722373819
 10
250.0901248780962
 20
243.2832798977342
 10
249.96277664829893
 20
243.66361818404684
 10
249.85502045385508
 20
244.0507820826762
 10
249.76685629476464
 20
244.44477159362222
 10
249.69828417102764
 20
244.84558671688492
 10
249.64930408264408
 20
245.2532274524643
 10
249.61991602961393
 20
245.66769380036038
 10
249.61012001193723
 20
246.0889857605731
 10
249.6211800318948
 20
246.54472178293946
 10
249.65436009176756
 20
246.98566897861966
 10
249.70966019155546
 20
247.41182734761372
 10
249.7870803312585
 20
247.82319688992166
 10
249.88662051087672
 20
248.21977760554347
 10
250.00828073041012
 20
248.60156949447915
 10
250.15206098985865
 20
248.96857255672867
 10
250.31796128922235
 20
249.32078679229207
 10
250.50427522542205
 20
249.65524179580927
 10
250.70929639537854
 20
249.9689671619203
 10
250.9330247990919
 20
250.2619628906251
 10
251.17546043656205
 20
250.53422898192372
 10
251.43660330778903
 20
250.7857654358161
 10
251.7164534127728
 20
251.0165722523023
 10
252.01501075151344
 20
251.22664943138227
 10
252.33227532401088
 20
251.41599697305605
 10
252.66300152079955
 20
251.58379327584106
 10
253.00194373241385
 20
251.7292167382547
 10
253.34910195885377
 20
251.85226736029705
 10
253.70447620011933
 20
251.95294514196806
 10
254.06806645621052
 20
252.0312500832677
 10
254.43987272712735
 20
252.08718218419605
 10
254.8198950128698
 20
252.12074144475304
 10
255.20813331343788
 20
252.13192786493872
 10
255.64421410033677
 20
252.117771039393
 10
256.0625988553035
 20
252.0753005627559
 10
256.4632875783381
 20
252.0045164350274
 10
256.8462802694406
 20
251.90541865620747
 10
257.21157692861095
 20
251.77800722629615
 10
257.5591775558492
 20
251.62228214529344
 10
257.8890821511553
 20
251.4382434131993
 10
258.2012907145293
 20
251.22589103001377
 10
258.4931488411813
 20
250.98787940052665
 10
258.7620021263216
 20
250.72686292952775
 10
259.00785056995005
 20
250.44284161701708
 10
259.2306941720668
 20
250.13581546299466
 10
259.4305329326718
 20
249.80578446746048
 10
259.60736685176494
 20
249.4527486304145
 10
259.7611959293464
 20
249.07670795185678
 10
259.89202016541606
 20
248.6776624317873
 10
258.3469037772851
 20
248.3136297748978
 10
258.2379467806744
 20
248.62621753895604
 10
258.11736096307976
 20
248.9168116633272
 10
257.98514632450116
 20
249.1854121480113
 10
257.8413028649386
 20
249.43201899300828
 10
257.685830584392
 20
249.65663219831825
 10
257.5187294828615
 20
249.8592517639411
 10
257.339999560347
 20
250.0398776898769
 10
257.14964081684855
 20
250.19850997612562
 10
256.94714765145375
 20
250.33691822588048
 10
256.7320144632503
 20
250.45687204233468
 10
256.5042412522382
 20
250.55837142548825
 10
256.2638280184174
 20
250.64141637534118
 10
256.01077476178796
 20
250.70600689189345
 10
255.7450814823499
 20
250.75214297514506
 10
255.46674818010314
 20
250.77982462509604
 10
255.1757748550477
 20
250.78905184174636
 10
254.84100385096028
 20
250.77881342327134
 10
254.52026327219045
 20
250.74809816784628
 10
254.21355311873822
 20
250.6969060754712
 10
253.92087339060365
 20
250.62523714614608
 10
253.64222408778667
 20
250.53309137987094
 10
253.3776052102873
 20
250.42046877664575
 10
253.12701675810555
 20
250.28736933647053
 10
252.89045873124144
 20
250.13379305934527
 10
252.66944793243198
 20
249.96296315108617
 10
252.4655011644142
 20
249.77810281750948
 10
252.27861842718812
 20
249.57921205861518
 10
252.10879972075372
 20
249.36629087440326
 10
251.95604504511104
 20
249.1393392648737
 10
251.82035440026004
 20
248.89835723002653
 10
251.70172778620073
 20
248.64334476986176
 10
251.6001652029331
 20
248.37430188437938
 10
251.43736170915753
 20
247.81788808034204
 10
251.32107349931783
 20
247.25287906079478
 10
251.25130057341403
 20
246.67927482573768
 10
251.22804293144608
 20
246.09707537517065
 10
251.25559818116898
 20
245.3647124536367
 10
251.33826393033763
 20
244.6803816187757
 10
251.47604017895205
 20
244.0440828705876
 10
251.66892692701225
 20
243.45581620907242
 10
251.78679513970303
 20
243.18260211606318
 10
251.9199577799923
 20
242.92721045521412
 10
252.06841484788004
 20
242.6896412265253
 10
252.23216634336626
 20
242.4698944299967
 10
252.41121226645097
 20
242.2679700656283
 10
252.60555261713418
 20
242.08386813342014
 10
252.81518739541585
 20
241.91758863337216
 10
253.040116601296
 20
241.76913156548443
 10
253.5148758579894
 20
241.52492632482105
 10
254.00884794935195
 20
241.3504940100615
 10
254.52203287538367
 20
241.24583462120577
 10
255.05443063608453
 20
241.21094815825387
 10
255.37776241953014
 20
241.22282977969402
 10
255.68845418016707
 20
241.25847464401446
 10
255.98650591799534
 20
241.31788275121517
 10
256.27191763301494
 20
241.40105410129615
 10
256.54468932522593
 20
241.50798869425745
 10
256.8048209946282
 20
241.63868653009902
 10
257.0523126412218
 20
241.79314760882087
 10
257.28716426500677
 20
241.97137193042303
 10
257.5064686607371
 20
242.17298029422122
 10
257.7073186231667
 20
242.39759349953115
 10
257.88971415229577
 20
242.64521154635287
 10
258.05365524812413
 20
242.91583443468633
 10
258.1991419106518
 20
243.20946216453157
 10
258.3261741398789
 20
243.5260947358886
 10
258.4347519358053
 20
243.86573214875736
 10
258.5248752984311
 20
244.2283744031379
  0
CIRCLE
  5
94
330
17
100
AcDbEntity
  8
cut
 62
5
420
255
100
AcDbCircle
 10
48.0
 20
651.5999999999999
 30
0.0
 40
4.4
  0
CIRCLE
  5
95
330
17
100
AcDbEntity
  8
cut
 62
5
420
255
100
AcDbCircle
 10
48.0
 20
887.3999999999999
 30
0.0
 40
4.4
  0
LWPOLYLINE
  5
96
330
17
100
AcDbEntity
  8
cut
 62
5
420
255
100
AcDbPolyline
 90
4
 70
1
 10
78.0
 20
887.3999999999999
 42
0.9999999999999999
 10
18.0
 20
887.3999999999999
 10
18.0
 20
651.5999999999999
 42
0.9999999999999999
 10
78.00000000000001
 20
651.5999999999999
  0
LWPOLYLINE
  5
97
330
17
100
AcDbEntity
  8
line engraving
 62
1
420
16711680
100
AcDbPolyline
 90
7
 70
0
 10
53.9296875
 20
823.2057394696452
 10
42.0703125
 20
823.2057394696452
 10
42.0703125
 20
824.7751247015689
 10
52.53018417462483
 20
824.7751247015689
 10
52.53018417462483
 20
830.6158264409959
 10
53.9296875
 20
830.6158264409959
 10
53.9296875
 20
823.2057394696452
  0
LWPOLYLINE
  5
98
330
17
100
AcDbEntity
  8
line engraving
 62
1
420
16711680
100
AcDbPolyline
 90
5
 70
0
 10
43.744862721691675
 20
832.3065558918826
 10
42.0703125
 20
832.3065558918826
 10
42.0703125
 20
833.7626865194405
 10
43.744862721691675
 20
833.7626865194405
 10
43.744862721691675
 20
832.3065558918826
  0
LWPOLYLINE
  5
99
330
17
100
AcDbEntity
  8
line engraving
 62
1
420
16711680
100
AcDbPolyline
 90
5
 70
0
 10
53.9296875
 20
832.3065558918826
 10
45.33851679740791
 20
832.3065558918826
 10
45.33851679740791
 20
833.7626865194405
 10
53.9296875
 20
833.7626865194405
 10
53.9296875
 20
832.3065558918826
  0
LWPOLYLINE
  5
9A
330
17
100
AcDbEntity
  8
line engraving
 62
1
420
16711680
100
AcDbPolyline
 90
61
 70
0
 10
53.9296875
 20
835.9792409191678
 10
45.33851679740791
 20
835.9792409191678
 10
45.33851679740791
 20
837.2897584839699
 10
46.56004860163711
 20
837.2897584839699
 10
46.2282480029097
 20
837.5395253346691
 10
45.94068748401262
 20
837.8155834328103
 10
45.69736704494586
 20
838.1179327783935
 10
45.49828668570941
 20
838.4465733714187
 10
45.343446406303286
 20
838.801505211886
 10
45.23284620672749
 20
839.1827282997953
 10
45.166486086982005
 20
839.5902426351466
 10
45.144366047066846
 20
840.0240482179399
 10
45.161809278542805
 20
840.4045129044807
 10
45.214138972970666
 20
840.7693039627387
 10
45.301355130350444
 20
841.118421392714
 10
45.423457750682125
 20
841.4518651944065
 10
45.573874022105215
 20
841.7569953450077
 10
45.746031132759214
 20
842.0211718217087
 10
45.9399290826441
 20
842.2443946245096
 10
46.15556787175989
 20
842.4266637534106
 10
46.39269469965041
 20
842.5763216234651
 10
46.65105676585948
 20
842.701710649727
 10
46.93065407038711
 20
842.8028308321964
 10
47.23148661323329
 20
842.879682170873
 10
47.47164704659788
 20
842.9150742347373
 10
47.78764761681446
 20
842.9403542803545
 10
48.179488323883014
 20
842.955522307725
 10
48.64716916780355
 20
842.9605783168485
 10
53.9296875
 20
842.9605783168485
 10
53.9296875
 20
841.5044476892905
 10
48.70379646998636
 20
841.5044476892905
 10
48.28692851775665
 20
841.4938300701313
 10
47.926182266797404
 20
841.4619772126534
 10
47.62155771710863
 20
841.408889116857
 10
47.37305486869031
 20
841.3345657827421
 10
47.16373609097885
 20
841.2331927998166
 10
46.976663753410634
 20
841.0989557575886
 10
46.81183785598567
 20
840.931854656058
 10
46.66925839870395
 20
840.731889495225
 10
46.55423419114512
 20
840.5061386878623
 10
46.472074042888806
 20
840.2616806467428
 10
46.422777953935025
 20
839.9985153718663
 10
46.40634592428376
 20
839.7166428632332
 10
46.415573140934086
 20
839.4880480507386
 10
46.44325479088506
 20
839.2674164526134
 10
46.48939087413668
 20
839.0547480688576
 10
46.553981390688946
 20
838.8500428994713
 10
46.637026340541865
 20
838.6533009444545
 10
46.738525723695425
 20
838.4645222038071
 10
46.85847954014964
 20
838.2837066775292
 10
46.9968877899045
 20
838.1108543656206
 10
47.161081686189036
 20
837.9525380799421
 10
47.358392442232265
 20
837.8153306323541
 10
47.588820058034194
 20
837.6992320228566
 10
47.852364533594816
 20
837.6042422514495
 10
48.14902586891414
 20
837.5303613181328
 10
48.47880406399216
 20
837.4775892229067
 10
48.84169911882887
 20
837.4459259657709
 10
49.23771103342428
 20
837.4353715467257
 10
53.9296875
 20
837.4353715467257
 10
53.9296875
 20
835.9792409191678
  0
LWPOLYLINE
  5
9B
330
17
100
AcDbEntity
  8
line engraving
 62
1
420
16711680
100
AcDbPolyline
 90
13
 70
0
 10
53.9296875
 20
845.2014015603683
 10
42.0703125
 20
845.2014015603683
 10
42.0703125
 20
846.6575321879262
 10
48.83323030354707
 20
846.6575321879262
 10
45.33851679740791
 20
850.1037080064801
 10
45.33851679740791
 20
851.988588207708
 10
48.52582494884038
 20
848.704204681105
 10
53.9296875
 20
852.3202624062073
 10
53.9296875
 20
850.5243679655524
 10
49.53702677353343
 20
847.6849132418143
 10
50.52395975443383
 20
846.6575321879262
 10
53.9296875
 20
846.6575321879262
 10
53.9296875
 20
845.2014015603683
  0
LWPOLYLINE
  5
9C
330
17
100
AcDbEntity
  8
line engraving
 62
1
420
16711680
100
AcDbPolyline
 90
151
 70
0
 10
49.77162559686221
 20
862.124875298431
 10
50.168016712141885
 20
863.6942605303547
 10
50.63702475845733
 20
863.5585698855036
 10
51.0773399529971
 20
863.3982311961757
 10
51.48896229576121
 20
863.213244462371
 10
51.87189178674966
 20
863.0036096840893
 10
52.22612842596244
 20
862.7693268613307
 10
52.551672213399556
 20
862.5103959940952
 10
52.84852314906101
 20
862.2268170823829
 10
53.116681232946796
 20
861.9185901261936
 10
53.35462966231988
 20
861.5891279316859
 10
53.56085163444322
 20
861.2418433050178
 10
53.73534714931681
 20
860.8767362461896
 10
53.87811620694066
 20
860.4938067552011
 10
53.98915880731476
 20
860.0930548320525
 10
54.068474950439125
 20
859.6744804767436
 10
54.11606463631374
 20
859.2380836892745
 10
54.13192786493861
 20
858.7838644696452
 10
54.11973024292825
 20
858.3157412249263
 10
54.08313737689717
 20
857.8699908205789
 10
54.022149266845375
 20
857.4466132566027
 10
53.936765912772856
 20
857.0456085329979
 10
53.82698731467961
 20
856.6669766497644
 10
53.69281347256566
 20
856.3107176069022
 10
53.534244386430984
 20
855.9768314044114
 10
53.351280056275584
 20
855.6653180422919
 10
53.14518448438033
 20
855.3739655165523
 10
52.91722167302609
 20
855.1005618232009
 10
52.66739162221287
 20
854.8451069622378
 10
52.39569433194065
 20
854.607600933663
 10
52.102129802209454
 20
854.3880437374764
 10
51.78669803301927
 20
854.1864353736783
 10
51.449399024370095
 20
854.0027758422684
 10
51.090232776261935
 20
853.8370651432468
 10
50.716720102265946
 20
853.6901248780962
 10
50.336381815953274
 20
853.5627766482988
 10
49.94921791732393
 20
853.455020453855
 10
49.5552284063779
 20
853.3668562947646
 10
49.1544132831152
 20
853.2982841710276
 10
48.74677254753581
 20
853.249304082644
 10
48.33230619963975
 20
853.219916029614
 10
47.91101423942701
 20
853.2101200119372
 10
47.455278217060666
 20
853.2211800318947
 10
47.01433102138046
 20
853.2543600917675
 10
46.58817265238638
 20
853.3096601915554
 10
46.176803110078446
 20
853.3870803312584
 10
45.78022239445664
 20
853.4866205108767
 10
45.39843050552098
 20
853.60828073041
 10
45.03142744327145
 20
853.7520609898586
 10
44.67921320770805
 20
853.9179612892223
 10
44.344758204190825
 20
854.1042752254219
 10
44.03103283807981
 20
854.3092963953785
 10
43.738037109375
 20
854.5330247990918
 10
43.465771018076396
 20
854.775460436562
 10
43.214234564184004
 20
855.0366033077889
 10
42.98342774769782
 20
855.3164534127727
 10
42.773350568617836
 20
855.6150107515134
 10
42.58400302694407
 20
855.9322753240108
 10
42.41620672415907
 20
856.2630015207994
 10
42.27078326174539
 20
856.6019437324138
 10
42.14773263970306
 20
856.9491019588537
 10
42.047054858032055
 20
857.3044762001193
 10
41.96874991673239
 20
857.6680664562105
 10
41.912817815804054
 20
858.0398727271273
 10
41.879258555247056
 20
858.4198950128698
 10
41.86807213506139
 20
858.8081333134379
 10
41.882228960607094
 20
859.2442141003368
 10
41.9246994372442
 20
859.6625988553035
 10
41.995483564972716
 20
860.0632875783381
 10
42.09458134379263
 20
860.4462802694406
 10
42.22199277370395
 20
860.811576928611
 10
42.37771785470668
 20
861.1591775558492
 10
42.56175658680082
 20
861.4890821511553
 10
42.77410896998636
 20
861.8012907145293
 10
43.012120599473484
 20
862.0931488411813
 10
43.27313707047237
 20
862.3620021263216
 10
43.55715838298303
 20
862.6078505699501
 10
43.86418453700546
 20
862.8306941720668
 10
44.19421553253965
 20
863.0305329326718
 10
44.54725136958561
 20
863.207366851765
 10
44.92329204814333
 20
863.3611959293464
 10
45.322337568212824
 20
863.4920201654161
 10
45.68637022510232
 20
861.9469037772851
 10
45.37378246104409
 20
861.8379467806744
 10
45.083188336672926
 20
861.7173609630797
 10
44.81458785198883
 20
861.5851463245011
 10
44.567981006991815
 20
861.4413028649385
 10
44.34336780168187
 20
861.285830584392
 10
44.140748236059004
 20
861.1187294828615
 10
43.96012231012321
 20
860.9399995603469
 10
43.801490023874486
 20
860.7496408168485
 10
43.663081774119625
 20
860.5471476514537
 10
43.54312795766541
 20
860.3320144632503
 10
43.44162857451185
 20
860.1042412522381
 10
43.358583624658934
 20
859.8638280184174
 10
43.29399310810667
 20
859.610774761788
 10
43.247857024855044
 20
859.3450814823499
 10
43.22017537490407
 20
859.0667481801031
 10
43.21094815825375
 20
858.7757748550476
 10
43.22118657672877
 20
858.4410038509602
 10
43.25190183215382
 20
858.1202632721904
 10
43.3030939245289
 20
857.8135531187382
 10
43.37476285385402
 20
857.5208733906036
 10
43.466908620129175
 20
857.2422240877867
 10
43.579531223354365
 20
856.9776052102873
 10
43.71263066352959
 20
856.7270167581056
 10
43.86620694065484
 20
856.4904587312415
 10
44.03703684891392
 20
856.269447932432
 10
44.22189718249062
 20
856.0655011644142
 10
44.42078794138493
 20
855.8786184271881
 10
44.63370912559686
 20
855.7087997207537
 10
44.86066073512641
 20
855.556045045111
 10
45.101642769973566
 20
855.4203544002601
 10
45.356655230138344
 20
855.3017277862008
 10
45.625698115620736
 20
855.2001652029331
 10
46.182111919658084
 20
855.0373617091575
 10
46.74712093920532
 20
854.9210734993178
 10
47.32072517426245
 20
854.8513005734139
 10
47.90292462482947
 20
854.828042931446
 10
48.6352875463634
 20
854.855598181169
 10
49.31961838122442
 20
854.9382639303376
 10
49.95591712941252
 20
855.076040178952
 10
50.5441837909277
 20
855.2689269270122
 10
50.81739788393695
 20
855.386795139703
 10
51.072789544785984
 20
855.5199577799923
 10
51.3103587734748
 20
855.6684148478801
 10
51.530105570003414
 20
855.8321663433662
 10
51.7320299343718
 20
856.0112122664509
 10
51.91613186657998
 20
856.2055526171341
 10
52.082411366627944
 20
856.4151873954158
 10
52.23086843451569
 20
856.640116601296
 10
52.47507367517906
 20
857.1148758579893
 10
52.64950598993861
 20
857.6088479493519
 10
52.75416537879434
 20
858.1220328753836
 10
52.78905184174625
 20
858.6544306360845
 10
52.777170220306104
 20
858.9777624195301
 10
52.74152535598568
 20
859.288454180167
 10
52.68211724878496
 20
859.5865059179954
 10
52.59894589870396
 20
859.871917633015
 10
52.49201130574267
 20
860.144689325226
 10
52.36131346990109
 20
860.4048209946282
 10
52.20685239117923
 20
860.6523126412218
 10
52.02862806957708
 20
860.8871642650067
 10
51.82701970577891
 20
861.106468660737
 10
51.602406500468966
 20
861.3073186231667
 10
51.35478845364725
 20
861.4897141522957
 10
51.08416556531378
 20
861.6536552481241
 10
50.790537835468534
 20
861.7991419106518
 10
50.47390526411153
 20
861.9261741398789
 10
50.134267851242754
 20
862.0347519358053
 10
49.77162559686221
 20
862.124875298431
  0
CIRCLE
  5
9D
330
17
100
AcDbEntity
  8
cut
 62
5
420
255
100
AcDbCircle
 10
47.99999999999994
 20
953.3999999999999
 30
0.0
 40
4.4
  0
CIRCLE
  5
9E
330
17
100
AcDbEntity
  8
cut
 62
5
420
255
100
AcDbCircle
 10
283.79999999999995
 20
953.3999999999999
 30
0.0
 40
4.4
  0
LWPOLYLINE
  5
9F
330
17
100
AcDbEntity
  8
cut
 62
5
420
255
100
AcDbPolyline
 90
4
 70
1
 10
283.79999999999995
 20
923.3999999999999
 42
0.9999999999999999
 10
283.79999999999995
 20
983.3999999999999
 10
47.99999999999994
 20
983.3999999999999
 42
0.9999999999999999
 10
48.00000000000003
 20
923.3999999999999
  0
LWPOLYLINE
  5
A0
330
17
100
AcDbEntity
  8
line engraving
 62
1
420
16711680
100
AcDbPolyline
 90
7
 70
0
 10
219.60573946964524
 20
947.4703124999999
 10
219.60573946964524
 20
959.3296874999999
 10
221.17512470156885
 20
959.3296874999999
 10
221.17512470156885
 20
948.869815825375
 10
227.01582644099588
 20
948.869815825375
 10
227.01582644099588
 20
947.4703124999999
 10
219.60573946964524
 20
947.4703124999999
  0
LWPOLYLINE
  5
A1
330
17
100
AcDbEntity
  8
line engraving
 62
1
420
16711680
100
AcDbPolyline
 90
5
 70
0
 10
228.70655589188263
 20
957.6551372783082
 10
228.70655589188263
 20
959.3296874999999
 10
230.16268651944063
 20
959.3296874999999
 10
230.16268651944063
 20
957.6551372783082
 10
228.70655589188263
 20
957.6551372783082
  0
LWPOLYLINE
  5
A2
330
17
100
AcDbEntity
  8
line engraving
 62
1
420
16711680
100
AcDbPolyline
 90
5
 70
0
 10
228.70655589188263
 20
947.4703124999999
 10
228.70655589188263
 20
956.061483202592
 10
230.16268651944063
 20
956.061483202592
 10
230.16268651944063
 20
947.4703124999999
 10
228.70655589188263
 20
947.4703124999999
  0
LWPOLYLINE
  5
A3
330
17
100
AcDbEntity
  8
line engraving
 62
1
420
16711680
100
AcDbPolyline
 90
61
 70
0
 10
232.37924091916776
 20
947.4703124999999
 10
232.37924091916776
 20
956.061483202592
 10
233.68975848396997
 20
956.061483202592
 10
233.68975848396997
 20
954.8399513983627
 10
233.93952533466916
 20
955.1717519970902
 10
234.21558343281035
 20
955.4593125159872
 10
234.51793277839354
 20
955.702632955054
 10
234.8465733714188
 20
955.9017133142904
 10
235.20150521188606
 20
956.0565535936967
 10
235.58272829979532
 20
956.1671537932724
 10
235.99024263514661
 20
956.2335139130179
 10
236.42404821793994
 20
956.2556339529331
 10
236.8045129044807
 20
956.2381907214572
 10
237.16930396273872
 20
956.1858610270292
 10
237.51842139271398
 20
956.0986448696494
 10
237.8518651944065
 20
955.9765422493177
 10
238.15699534500763
 20
955.8261259778947
 10
238.4211718217087
 20
955.6539688672407
 10
238.6443946245097
 20
955.4600709173558
 10
238.8266637534106
 20
955.24443212824
 10
238.97632162346517
 20
955.0073053003495
 10
239.10171064972712
 20
954.7489432341404
 10
239.2028308321964
 20
954.4693459296128
 10
239.2796821708731
 20
954.1685133867666
 10
239.31507423473735
 20
953.9283529534019
 10
239.3403542803547
 20
953.6123523831855
 10
239.35552230772507
 20
953.2205116761169
 10
239.36057831684855
 20
952.7528308321963
 10
239.36057831684855
 20
947.4703124999999
 10
237.90444768929055
 20
947.4703124999999
 10
237.90444768929055
 20
952.6962035300135
 10
237.8938300701313
 20
953.1130714822432
 10
237.86197721265344
 20
953.4738177332024
 10
237.80888911685707
 20
953.7784422828912
 10
237.73456578274212
 20
954.0269451313095
 10
237.63319279981664
 20
954.236263909021
 10
237.49895575758865
 20
954.4233362465892
 10
237.3318546560581
 20
954.5881621440142
 10
237.13188949522507
 20
954.7307416012959
 10
236.90613868786235
 20
954.8457658088547
 10
236.6616806467428
 20
954.927925957111
 10
236.39851537186644
 20
954.9772220460649
 10
236.11664286323327
 20
954.9936540757161
 10
235.8880480507386
 20
954.9844268590658
 10
235.66741645261337
 20
954.9567452091148
 10
235.4547480688576
 20
954.9106091258632
 10
235.2500428994713
 20
954.8460186093109
 10
235.05330094445446
 20
954.762973659458
 10
234.8645222038071
 20
954.6614742763045
 10
234.68370667752916
 20
954.5415204598503
 10
234.5108543656207
 20
954.4031122100954
 10
234.3525380799422
 20
954.2389183138108
 10
234.21533063235415
 20
954.0416075577676
 10
234.0992320228566
 20
953.8111799419656
 10
234.00424225144948
 20
953.547635466405
 10
233.93036131813287
 20
953.2509741310857
 10
233.8775892229067
 20
952.9211959360077
 10
233.845925965771
 20
952.558300881171
 10
233.83537154672575
 20
952.1622889665756
 10
233.83537154672575
 20
947.4703124999999
 10
232.37924091916776
 20
947.4703124999999
  0
LWPOLYLINE
  5
A4
330
17
100
AcDbEntity
  8
line engraving
 62
1
420
16711680
100
AcDbPolyline
 90
13
 70
0
 10
241.60140156036832
 20
947.4703124999999
 10
241.60140156036832
 20
959.3296874999999
 10
243.05753218792628
 20
959.3296874999999
 10
243.05753218792628
 20
952.5667696964528
 10
246.5037080064802
 20
956.061483202592
 10
248.388588207708
 20
956.061483202592
 10
245.10420468110502
 20
952.8741750511595
 10
248.72026240620733
 20
947.4703124999999
 10
246.9243679655525
 20
947.4703124999999
 10
244.08491324181443
 20
951.8629732264665
 10
243.05753218792628
 20
950.8760402455661
 10
243.05753218792628
 20
947.4703124999999
 10
241.60140156036832
 20
947.4703124999999
  0
LWPOLYLINE
  5
A5
330
17
100
AcDbEntity
  8
line engraving
 62
1
420
16711680
100
AcDbPolyline
 90
151
 70
0
 10
258.5248752984311
 20
951.6283744031376
 10
260.0942605303547
 20
951.2319832878579
 10
259.95856988550366
 20
950.7629752415424
 10
259.7982311961758
 20
950.3226600470027
 10
259.61324446237103
 20
949.9110377042387
 10
259.40360968408936
 20
949.5281082132501
 10
259.1693268613308
 20
949.1738715740374
 10
258.91039599409527
 20
948.8483277866003
 10
258.6268170823829
 20
948.5514768509388
 10
258.31859012619367
 20
948.2833187670531
 10
257.98912793168586
 20
948.04537033768
 10
257.64184330501786
 20
947.8391483655566
 10
257.2767362461896
 20
947.6646528506831
 10
256.8938067552012
 20
947.5218837930593
 10
256.4930548320525
 20
947.4108411926851
 10
256.07448047674364
 20
947.3315250495608
 10
255.63808368927454
 20
947.2839353636862
 10
255.18386446964524
 20
947.2680721350613
 10
254.7157412249264
 20
947.2802697570717
 10
254.26999082057893
 20
947.3168626231027
 10
253.84661325660275
 20
947.3778507331546
 10
253.4456085329979
 20
947.4632340872271
 10
253.06697664976443
 20
947.5730126853202
 10
252.71071760690225
 20
947.7071865274343
 10
252.37683140441143
 20
947.8657556135689
 10
252.06531804229192
 20
948.0487199437243
 10
251.77396551655224
 20
948.2548155156196
 10
251.50056182320085
 20
948.4827783269737
 10
251.24510696223777
 20
948.732608377787
 10
251.007600933663
 20
949.0043056680593
 10
250.78804373747653
 20
949.2978701977904
 10
250.58643537367834
 20
949.6133019669805
 10
250.40277584226848
 20
949.9506009756298
 10
250.2370651432469
 20
950.3097672237379
 10
250.0901248780962
 20
950.6832798977339
 10
249.96277664829893
 20
951.0636181840466
 10
249.85502045385508
 20
951.4507820826759
 10
249.76685629476464
 20
951.844771593622
 10
249.69828417102764
 20
952.2455867168846
 10
249.64930408264408
 20
952.6532274524641
 10
249.61991602961393
 20
953.0676938003601
 10
249.61012001193723
 20
953.4889857605729
 10
249.6211800318948
 20
953.9447217829392
 10
249.65436009176756
 20
954.3856689786194
 10
249.70966019155546
 20
954.8118273476135
 10
249.7870803312585
 20
955.2231968899214
 10
249.88662051087672
 20
955.6197776055433
 10
250.00828073041012
 20
956.0015694944789
 10
250.15206098985865
 20
956.3685725567284
 10
250.31796128922235
 20
956.7207867922918
 10
250.50427522542205
 20
957.055241795809
 10
250.70929639537854
 20
957.3689671619201
 10
250.9330247990919
 20
957.6619628906249
 10
251.17546043656205
 20
957.9342289819235
 10
251.43660330778903
 20
958.1857654358159
 10
251.7164534127728
 20
958.4165722523021
 10
252.01501075151344
 20
958.626649431382
 10
252.33227532401088
 20
958.8159969730558
 10
252.66300152079955
 20
958.9837932758408
 10
253.00194373241385
 20
959.1292167382544
 10
253.34910195885377
 20
959.2522673602967
 10
253.70447620011933
 20
959.3529451419678
 10
254.06806645621052
 20
959.4312500832674
 10
254.43987272712735
 20
959.4871821841957
 10
254.8198950128698
 20
959.5207414447527
 10
255.20813331343788
 20
959.5319278649384
 10
255.64421410033677
 20
959.5177710393928
 10
256.0625988553035
 20
959.4753005627556
 10
256.4632875783381
 20
959.4045164350271
 10
256.8462802694406
 20
959.3054186562072
 10
257.21157692861095
 20
959.1780072262959
 10
257.5591775558492
 20
959.0222821452932
 10
257.8890821511553
 20
958.838243413199
 10
258.2012907145293
 20
958.6258910300135
 10
258.4931488411813
 20
958.3878794005263
 10
258.7620021263216
 20
958.1268629295274
 10
259.00785056995005
 20
957.8428416170168
 10
259.2306941720668
 20
957.5358154629944
 10
259.4305329326718
 20
957.2057844674601
 10
259.60736685176494
 20
956.8527486304142
 10
259.7611959293464
 20
956.4767079518565
 10
259.89202016541606
 20
956.0776624317871
 10
258.3469037772851
 20
955.7136297748975
 10
258.2379467806744
 20
956.0262175389557
 10
258.11736096307976
 20
956.3168116633269
 10
257.98514632450116
 20
956.5854121480111
 10
257.8413028649386
 20
956.832018993008
 10
257.685830584392
 20
957.056632198318
 10
257.5187294828615
 20
957.2592517639408
 10
257.339999560347
 20
957.4398776898767
 10
257.14964081684855
 20
957.5985099761253
 10
256.94714765145375
 20
957.7369182258802
 10
256.7320144632503
 20
957.8568720423344
 10
256.5042412522382
 20
957.958371425488
 10
256.2638280184174
 20
958.041416375341
 10
256.01077476178796
 20
958.1060068918932
 10
255.7450814823499
 20
958.1521429751449
 10
255.46674818010314
 20
958.1798246250959
 10
255.1757748550477
 20
958.1890518417462
 10
254.84100385096028
 20
958.1788134232711
 10
254.52026327219045
 20
958.1480981678461
 10
254.21355311873822
 20
958.096906075471
 10
253.92087339060365
 20
958.0252371461459
 10
253.64222408778667
 20
957.9330913798707
 10
253.3776052102873
 20
957.8204687766455
 10
253.12701675810555
 20
957.6873693364703
 10
252.89045873124144
 20
957.533793059345
 10
252.66944793243198
 20
957.362963151086
 10
252.4655011644142
 20
957.1781028175093
 10
252.27861842718812
 20
956.979212058615
 10
252.10879972075372
 20
956.766290874403
 10
251.95604504511104
 20
956.5393392648734
 10
251.82035440026004
 20
956.2983572300263
 10
251.70172778620073
 20
956.0433447698615
 10
251.6001652029331
 20
955.7743018843792
 10
251.43736170915753
 20
955.2178880803418
 10
251.32107349931783
 20
954.6528790607945
 10
251.25130057341403
 20
954.0792748257375
 10
251.22804293144608
 20
953.4970753751704
 10
251.25559818116898
 20
952.7647124536364
 10
251.33826393033763
 20
952.0803816187754
 10
251.47604017895205
 20
951.4440828705873
 10
251.66892692701225
 20
950.8558162090721
 10
251.78679513970303
 20
950.5826021160628
 10
251.9199577799923
 20
950.3272104552138
 10
252.06841484788004
 20
950.089641226525
 10
252.23216634336626
 20
949.8698944299964
 10
252.41121226645097
 20
949.667970065628
 10
252.60555261713418
 20
949.4838681334198
 10
252.81518739541585
 20
949.3175886333719
 10
253.040116601296
 20
949.1691315654841
 10
253.5148758579894
 20
948.9249263248207
 10
254.00884794935195
 20
948.7504940100612
 10
254.52203287538367
 20
948.6458346212055
 10
255.05443063608453
 20
948.6109481582536
 10
255.37776241953014
 20
948.6228297796937
 10
255.68845418016707
 20
948.6584746440142
 10
255.98650591799534
 20
948.7178827512149
 10
256.27191763301494
 20
948.8010541012959
 10
256.54468932522593
 20
948.9079886942571
 10
256.8048209946282
 20
949.0386865300987
 10
257.0523126412218
 20
949.1931476088206
 10
257.28716426500677
 20
949.3713719304228
 10
257.5064686607371
 20
949.572980294221
 10
257.7073186231667
 20
949.7975934995309
 10
257.88971415229577
 20
950.0452115463526
 10
258.05365524812413
 20
950.315834434686
 10
258.1991419106518
 20
950.6094621645314
 10
258.3261741398789
 20
950.9260947358883
 10
258.4347519358053
 20
951.2657321487571
 10
258.5248752984311
 20
951.6283744031376
  0
CIRCLE
  5
A6
330
17
100
AcDbEntity
  8
cut
 62
5
420
255
100
AcDbCircle
 10
47.99999999999994
 20
1019.3999999999999
 30
0.0
 40
4.4
  0
CIRCLE
  5
A7
330
17
100
AcDbEntity
  8
cut
 62
5
420
255
100
AcDbCircle
 10
283.79999999999995
 20
1019.3999999999999
 30
0.0
 40
4.4
  0
LWPOLYLINE
  5
A8
330
17
100
AcDbEntity
  8
cut
 62
5
420
255
100
AcDbPolyline
 90
4
 70
1
 10
283.79999999999995
 20
989.3999999999999
 42
0.9999999999999999
 10
283.79999999999995
 20
1049.3999999999999
 10
47.99999999999994
 20
1049.3999999999999
 42
0.9999999999999999
 10
48.00000000000003
 20
989.3999999999999
  0
LWPOLYLINE
  5
A9
330
17
100
AcDbEntity
  8
line engraving
 62
1
420
16711680
100
AcDbPolyline
 90
7
 70
0
 10
219.60573946964524
 20
1013.4703124999999
 10
219.60573946964524
 20
1025.3296874999999
 10
221.17512470156885
 20
1025.3296874999999
 10
221.17512470156885
 20
1014.869815825375
 10
227.01582644099588
 20
1014.869815825375
 10
227.01582644099588
 20
1013.4703124999999
 10
219.60573946964524
 20
1013.4703124999999
  0
LWPOLYLINE
  5
AA
330
17
100
AcDbEntity
  8
line engraving
 62
1
420
16711680
100
AcDbPolyline
 90
5
 70
0
 10
228.70655589188263
 20
1023.6551372783082
 10
228.70655589188263
 20
1025.3296874999999
 10
230.16268651944063
 20
1025.3296874999999
 10
230.16268651944063
 20
1023.6551372783082
 10
228.70655589188263
 20
1023.6551372783082
  0
LWPOLYLINE
  5
AB
330
17
100
AcDbEntity
  8
line engraving
 62
1
420
16711680
100
AcDbPolyline
 90
5
 70
0
 10
228.70655589188263
 20
1013.4703124999999
 10
228.70655589188263
 20
1022.061483202592
 10
230.16268651944063
 20
1022.061483202592
 10
230.16268651944063
 20
1013.4703124999999
 10
228.70655589188263
 20
1013.4703124999999
  0
LWPOLYLINE
  5
AC
330
17
100
AcDbEntity
  8
line engraving
 62
1
420
16711680
100
AcDbPolyline
 90
61
 70
0
 10
232.37924091916776
 20
1013.4703124999999
 10
232.37924091916776
 20
1022.061483202592
 10
233.68975848396997
 20
1022.061483202592
 10
233.68975848396997
 20
1020.8399513983627
 10
233.93952533466916
 20
1021.1717519970902
 10
234.21558343281035
 20
1021.4593125159872
 10
234.51793277839354
 20
1021.702632955054
 10
234.8465733714188
 20
1021.9017133142904
 10
235.20150521188606
 20
1022.0565535936967
 10
235.58272829979532
 20
1022.1671537932724
 10
235.99024263514661
 20
1022.2335139130179
 10
236.42404821793994
 20
1022.2556339529331
 10
236.8045129044807
 20
1022.2381907214572
 10
237.16930396273872
 20
1022.1858610270292
 10
237.51842139271398
 20
1022.0986448696494
 10
237.8518651944065
 20
1021.9765422493177
 10
238.15699534500763
 20
1021.8261259778947
 10
238.4211718217087
 20
1021.6539688672407
 10
238.6443946245097
 20
1021.4600709173558
 10
238.8266637534106
 20
1021.24443212824
 10
238.97632162346517
 20
1021.0073053003495
 10
239.10171064972712
 20
1020.7489432341404
 10
239.2028308321964
 20
1020.4693459296128
 10
239.2796821708731
 20
1020.1685133867666
 10
239.31507423473735
 20
1019.9283529534019
 10
239.3403542803547
 20
1019.6123523831855
 10
239.35552230772507
 20
1019.2205116761169
 10
239.36057831684855
 20
1018.7528308321963
 10
239.36057831684855
 20
1013.4703124999999
 10
237.90444768929055
 20
1013.4703124999999
 10
237.90444768929055
 20
1018.6962035300135
 10
237.8938300701313
 20
1019.1130714822432
 10
237.86197721265344
 20
1019.4738177332024
 10
237.80888911685707
 20
1019.7784422828912
 10
237.73456578274212
 20
1020.0269451313095
 10
237.63319279981664
 20
1020.236263909021
 10
237.49895575758865
 20
1020.4233362465892
 10
237.3318546560581
 20
1020.5881621440142
 10
237.13188949522507
 20
1020.7307416012959
 10
236.90613868786235
 20
1020.8457658088547
 10
236.6616806467428
 20
1020.927925957111
 10
236.39851537186644
 20
1020.9772220460649
 10
236.11664286323327
 20
1020.9936540757161
 10
235.8880480507386
 20
1020.9844268590658
 10
235.66741645261337
 20
1020.9567452091148
 10
235.4547480688576
 20
1020.9106091258632
 10
235.2500428994713
 20
1020.8460186093109
 10
235.05330094445446
 20
1020.762973659458
 10
234.8645222038071
 20
1020.6614742763045
 10
234.68370667752916
 20
1020.5415204598503
 10
234.5108543656207
 20
1020.4031122100954
 10
234.3525380799422
 20
1020.2389183138108
 10
234.21533063235415
 20
1020.0416075577676
 10
234.0992320228566
 20
1019.8111799419656
 10
234.00424225144948
 20
1019.547635466405
 10
233.93036131813287
 20
1019.2509741310857
 10
233.8775892229067
 20
1018.9211959360077
 10
233.845925965771
 20
1018.558300881171
 10
233.83537154672575
 20
1018.1622889665756
 10
233.83537154672575
 20
1013.4703124999999
 10
232.37924091916776
 20
1013.4703124999999
  0
LWPOLYLINE
  5
AD
330
17
100
AcDbEntity
  8
line engraving
 62
1
420
16711680
100
AcDbPolyline
 90
13
 70
0
 10
241.60140156036832
 20
1013.4703124999999
 10
241.60140156036832
 20
1025.3296874999999
 10
243.05753218792628
 20
1025.3296874999999
 10
243.05753218792628
 20
1018.5667696964528
 10
246.5037080064802
 20
1022.061483202592
 10
248.388588207708
 20
1022.061483202592
 10
245.10420468110502
 20
1018.8741750511595
 10
248.72026240620733
 20
1013.4703124999999
 10
246.9243679655525
 20
1013.4703124999999
 10
244.08491324181443
 20
1017.8629732264665
 10
243.05753218792628
 20
1016.8760402455661
 10
243.05753218792628
 20
1013.4703124999999
 10
241.60140156036832
 20
1013.4703124999999
  0
LWPOLYLINE
  5
AE
330
17
100
AcDbEntity
  8
line engraving
 62
1
420
16711680
100
AcDbPolyline
 90
151
 70
0
 10
258.5248752984311
 20
1017.6283744031376
 10
260.0942605303547
 20
1017.2319832878579
 10
259.95856988550366
 20
1016.7629752415424
 10
259.7982311961758
 20
1016.3226600470027
 10
259.61324446237103
 20
1015.9110377042387
 10
259.40360968408936
 20
1015.5281082132501
 10
259.1693268613308
 20
1015.1738715740374
 10
258.91039599409527
 20
1014.8483277866003
 10
258.6268170823829
 20
1014.5514768509388
 10
258.31859012619367
 20
1014.2833187670531
 10
257.98912793168586
 20
1014.04537033768
 10
257.64184330501786
 20
1013.8391483655566
 10
257.2767362461896
 20
1013.6646528506831
 10
256.8938067552012
 20
1013.5218837930593
 10
256.4930548320525
 20
1013.4108411926851
 10
256.07448047674364
 20
1013.3315250495608
 10
255.63808368927454
 20
1013.2839353636862
 10
255.18386446964524
 20
1013.2680721350613
 10
254.7157412249264
 20
1013.2802697570717
 10
254.26999082057893
 20
1013.3168626231027
 10
253.84661325660275
 20
1013.3778507331546
 10
253.4456085329979
 20
1013.4632340872271
 10
253.06697664976443
 20
1013.5730126853202
 10
252.71071760690225
 20
1013.7071865274343
 10
252.37683140441143
 20
1013.8657556135689
 10
252.06531804229192
 20
1014.0487199437243
 10
251.77396551655224
 20
1014.2548155156196
 10
251.50056182320085
 20
1014.4827783269737
 10
251.24510696223777
 20
1014.732608377787
 10
251.007600933663
 20
1015.0043056680593
 10
250.78804373747653
 20
1015.2978701977904
 10
250.58643537367834
 20
1015.6133019669805
 10
250.40277584226848
 20
1015.9506009756298
 10
250.2370651432469
 20
1016.3097672237379
 10
250.0901248780962
 20
1016.6832798977339
 10
249.96277664829893
 20
1017.0636181840466
 10
249.85502045385508
 20
1017.4507820826759
 10
249.76685629476464
 20
1017.844771593622
 10
249.69828417102764
 20
1018.2455867168846
 10
249.64930408264408
 20
1018.6532274524641
 10
249.61991602961393
 20
1019.0676938003601
 10
249.61012001193723
 20
1019.4889857605729
 10
249.6211800318948
 20
1019.9447217829392
 10
249.65436009176756
 20
1020.3856689786194
 10
249.70966019155546
 20
1020.8118273476135
 10
249.7870803312585
 20
1021.2231968899214
 10
249.88662051087672
 20
1021.6197776055433
 10
250.00828073041012
 20
1022.0015694944789
 10
250.15206098985865
 20
1022.3685725567284
 10
250.31796128922235
 20
1022.7207867922918
 10
250.50427522542205
 20
1023.055241795809
 10
250.70929639537854
 20
1023.3689671619201
 10
250.9330247990919
 20
1023.6619628906249
 10
251.17546043656205
 20
1023.9342289819234
 10
251.43660330778903
 20
1024.1857654358157
 10
251.7164534127728
 20
1024.4165722523019
 10
252.01501075151344
 20
1024.626649431382
 10
252.33227532401088
 20
1024.8159969730557
 10
252.66300152079955
 20
1024.9837932758408
 10
253.00194373241385
 20
1025.1292167382544
 10
253.34910195885377
 20
1025.2522673602969
 10
253.70447620011933
 20
1025.352945141968
 10
254.06806645621052
 20
1025.4312500832675
 10
254.43987272712735
 20
1025.487182184196
 10
254.8198950128698
 20
1025.520741444753
 10
255.20813331343788
 20
1025.5319278649386
 10
255.64421410033677
 20
1025.5177710393928
 10
256.0625988553035
 20
1025.4753005627558
 10
256.4632875783381
 20
1025.4045164350273
 10
256.8462802694406
 20
1025.3054186562072
 10
257.21157692861095
 20
1025.178007226296
 10
257.5591775558492
 20
1025.0222821452933
 10
257.8890821511553
 20
1024.838243413199
 10
258.2012907145293
 20
1024.6258910300135
 10
258.4931488411813
 20
1024.3878794005263
 10
258.7620021263216
 20
1024.1268629295275
 10
259.00785056995005
 20
1023.8428416170168
 10
259.2306941720668
 20
1023.5358154629944
 10
259.4305329326718
 20
1023.2057844674601
 10
259.60736685176494
 20
1022.8527486304142
 10
259.7611959293464
 20
1022.4767079518565
 10
259.89202016541606
 20
1022.0776624317871
 10
258.3469037772851
 20
1021.7136297748975
 10
258.2379467806744
 20
1022.0262175389557
 10
258.11736096307976
 20
1022.3168116633269
 10
257.98514632450116
 20
1022.5854121480111
 10
257.8413028649386
 20
1022.832018993008
 10
257.685830584392
 20
1023.056632198318
 10
257.5187294828615
 20
1023.2592517639408
 10
257.339999560347
 20
1023.4398776898767
 10
257.14964081684855
 20
1023.5985099761253
 10
256.94714765145375
 20
1023.7369182258802
 10
256.7320144632503
 20
1023.8568720423344
 10
256.5042412522382
 20
1023.9583714254879
 10
256.2638280184174
 20
1024.0414163753408
 10
256.01077476178796
 20
1024.1060068918932
 10
255.7450814823499
 20
1024.1521429751447
 10
255.46674818010314
 20
1024.1798246250958
 10
255.1757748550477
 20
1024.189051841746
 10
254.84100385096028
 20
1024.178813423271
 10
254.52026327219045
 20
1024.148098167846
 10
254.21355311873822
 20
1024.096906075471
 10
253.92087339060365
 20
1024.0252371461459
 10
253.64222408778667
 20
1023.9330913798707
 10
253.3776052102873
 20
1023.8204687766455
 10
253.12701675810555
 20
1023.6873693364703
 10
252.89045873124144
 20
1023.533793059345
 10
252.66944793243198
 20
1023.362963151086
 10
252.4655011644142
 20
1023.1781028175093
 10
252.27861842718812
 20
1022.979212058615
 10
252.10879972075372
 20
1022.766290874403
 10
251.95604504511104
 20
1022.5393392648734
 10
251.82035440026004
 20
1022.2983572300263
 10
251.70172778620073
 20
1022.0433447698615
 10
251.6001652029331
 20
1021.7743018843792
 10
251.43736170915753
 20
1021.2178880803418
 10
251.32107349931783
 20
1020.6528790607945
 10
251.25130057341403
 20
1020.0792748257375
 10
251.22804293144608
 20
1019.4970753751704
 10
251.25559818116898
 20
1018.7647124536364
 10
251.33826393033763
 20
1018.0803816187754
 10
251.47604017895205
 20
1017.4440828705873
 10
251.66892692701225
 20
1016.8558162090721
 10
251.78679513970303
 20
1016.5826021160628
 10
251.9199577799923
 20
1016.3272104552138
 10
252.06841484788004
 20
1016.089641226525
 10
252.23216634336626
 20
1015.8698944299964
 10
252.41121226645097
 20
1015.667970065628
 10
252.60555261713418
 20
1015.4838681334198
 10
252.81518739541585
 20
1015.3175886333719
 10
253.040116601296
 20
1015.1691315654841
 10
253.5148758579894
 20
1014.9249263248207
 10
254.00884794935195
 20
1014.7504940100612
 10
254.52203287538367
 20
1014.6458346212055
 10
255.05443063608453
 20
1014.6109481582536
 10
255.37776241953014
 20
1014.6228297796937
 10
255.68845418016707
 20
1014.6584746440142
 10
255.98650591799534
 20
1014.7178827512149
 10
256.27191763301494
 20
1014.8010541012959
 10
256.54468932522593
 20
1014.9079886942571
 10
256.8048209946282
 20
1015.0386865300987
 10
257.0523126412218
 20
1015.1931476088206
 10
257.28716426500677
 20
1015.3713719304228
 10
257.5064686607371
 20
1015.572980294221
 10
257.7073186231667
 20
1015.7975934995309
 10
257.88971415229577
 20
1016.0452115463526
 10
258.05365524812413
 20
1016.315834434686
 10
258.1991419106518
 20
1016.6094621645314
 10
258.3261741398789
 20
1016.9260947358883
 10
258.4347519358053
 20
1017.2657321487571
 10
258.5248752984311
 20
1017.6283744031376
  0
CIRCLE
  5
AF
330
17
100
AcDbEntity
  8
cut
 62
5
420
255
100
AcDbCircle
 10
47.99999999999994
 20
1085.3999999999999
 30
0.0
 40
4.4
  0
CIRCLE
  5
B0
330
17
100
AcDbEntity
  8
cut
 62
5
420
255
100
AcDbCircle
 10
283.79999999999995
 20
1085.3999999999999
 30
0.0
 40
4.4
  0
LWPOLYLINE
  5
B1
330
17
100
AcDbEntity
  8
cut
 62
5
420
255
100
AcDbPolyline
 90
4
 70
1
 10
283.79999999999995
 20
1055.3999999999999
 42
0.9999999999999999
 10
283.79999999999995
 20
1115.3999999999999
 10
47.99999999999994
 20
1115.3999999999999
 42
0.9999999999999999
 10
48.00000000000003
 20
1055.3999999999999
  0
LWPOLYLINE
  5
B2
330
17
100
AcDbEntity
  8
line engraving
 62
1
420
16711680
100
AcDbPolyline
 90
7
 70
0
 10
219.60573946964524
 20
1079.4703124999999
 10
219.60573946964524
 20
1091.3296874999999
 10
221.17512470156885
 20
1091.3296874999999
 10
221.17512470156885
 20
1080.869815825375
 10
227.01582644099588
 20
1080.869815825375
 10
227.01582644099588
 20
1079.4703124999999
 10
219.60573946964524
 20
1079.4703124999999
  0
LWPOLYLINE
  5
B3
330
17
100
AcDbEntity
  8
line engraving
 62
1
420
16711680
100
AcDbPolyline
 90
5
 70
0
 10
228.70655589188263
 20
1089.655137278308
 10
228.70655589188263
 20
1091.3296874999999
 10
230.16268651944063
 20
1091.3296874999999
 10
230.16268651944063
 20
1089.655137278308
 10
228.70655589188263
 20
1089.655137278308
  0
LWPOLYLINE
  5
B4
330
17
100
AcDbEntity
  8
line engraving
 62
1
420
16711680
100
AcDbPolyline
 90
5
 70
0
 10
228.70655589188263
 20
1079.4703124999999
 10
228.70655589188263
 20
1088.061483202592
 10
230.16268651944063
 20
1088.061483202592
 10
230.16268651944063
 20
1079.4703124999999
 10
228.70655589188263
 20
1079.4703124999999
  0
LWPOLYLINE
  5
B5
330
17
100
AcDbEntity
  8
line engraving
 62
1
420
16711680
100
AcDbPolyline
 90
61
 70
0
 10
232.37924091916776
 20
1079.4703124999999
 10
232.37924091916776
 20
1088.061483202592
 10
233.68975848396997
 20
1088.061483202592
 10
233.68975848396997
 20
1086.8399513983627
 10
233.93952533466916
 20
1087.17175199709
 10
234.21558343281035
 20
1087.4593125159872
 10
234.51793277839354
 20
1087.702632955054
 10
234.8465733714188
 20
1087.9017133142904
 10
235.20150521188606
 20
1088.0565535936967
 10
235.58272829979532
 20
1088.1671537932725
 10
235.99024263514661
 20
1088.233513913018
 10
236.42404821793994
 20
1088.255633952933
 10
236.8045129044807
 20
1088.2381907214572
 10
237.16930396273872
 20
1088.1858610270292
 10
237.51842139271398
 20
1088.0986448696494
 10
237.8518651944065
 20
1087.9765422493178
 10
238.15699534500763
 20
1087.8261259778947
 10
238.4211718217087
 20
1087.6539688672406
 10
238.6443946245097
 20
1087.4600709173558
 10
238.8266637534106
 20
1087.24443212824
 10
238.97632162346517
 20
1087.0073053003496
 10
239.10171064972712
 20
1086.7489432341404
 10
239.2028308321964
 20
1086.4693459296127
 10
239.2796821708731
 20
1086.1685133867666
 10
239.31507423473735
 20
1085.928352953402
 10
239.3403542803547
 20
1085.6123523831855
 10
239.35552230772507
 20
1085.220511676117
 10
239.36057831684855
 20
1084.7528308321964
 10
239.36057831684855
 20
1079.4703124999999
 10
237.90444768929055
 20
1079.4703124999999
 10
237.90444768929055
 20
1084.6962035300135
 10
237.8938300701313
 20
1085.1130714822432
 10
237.86197721265344
 20
1085.4738177332024
 10
237.80888911685707
 20
1085.7784422828913
 10
237.73456578274212
 20
1086.0269451313095
 10
237.63319279981664
 20
1086.236263909021
 10
237.49895575758865
 20
1086.4233362465893
 10
237.3318546560581
 20
1086.5881621440142
 10
237.13188949522507
 20
1086.730741601296
 10
236.90613868786235
 20
1086.8457658088546
 10
236.6616806467428
 20
1086.927925957111
 10
236.39851537186644
 20
1086.9772220460648
 10
236.11664286323327
 20
1086.993654075716
 10
235.8880480507386
 20
1086.9844268590657
 10
235.66741645261337
 20
1086.9567452091146
 10
235.4547480688576
 20
1086.9106091258632
 10
235.2500428994713
 20
1086.8460186093107
 10
235.05330094445446
 20
1086.7629736594579
 10
234.8645222038071
 20
1086.6614742763043
 10
234.68370667752916
 20
1086.54152045985
 10
234.5108543656207
 20
1086.4031122100953
 10
234.3525380799422
 20
1086.2389183138107
 10
234.21533063235415
 20
1086.0416075577675
 10
234.0992320228566
 20
1085.8111799419655
 10
234.00424225144948
 20
1085.547635466405
 10
233.93036131813287
 20
1085.2509741310857
 10
233.8775892229067
 20
1084.9211959360077
 10
233.845925965771
 20
1084.558300881171
 10
233.83537154672575
 20
1084.1622889665755
 10
233.83537154672575
 20
1079.4703124999999
 10
232.37924091916776
 20
1079.4703124999999
  0
LWPOLYLINE
  5
B6
330
17
100
AcDbEntity
  8
line engraving
 62
1
420
16711680
100
AcDbPolyline
 90
13
 70
0
 10
241.60140156036832
 20
1079.4703124999999
 10
241.60140156036832
 20
1091.3296874999999
 10
243.05753218792628
 20
1091.3296874999999
 10
243.05753218792628
 20
1084.5667696964529
 10
246.5037080064802
 20
1088.061483202592
 10
248.388588207708
 20
1088.061483202592
 10
245.10420468110502
 20
1084.8741750511595
 10
248.72026240620733
 20
1079.4703124999999
 10
246.9243679655525
 20
1079.4703124999999
 10
244.08491324181443
 20
1083.8629732264665
 10
243.05753218792628
 20
1082.876040245566
 10
243.05753218792628
 20
1079.4703124999999
 10
241.60140156036832
 20
1079.4703124999999
  0
LWPOLYLINE
  5
B7
330
17
100
AcDbEntity
  8
line engraving
 62
1
420
16711680
100
AcDbPolyline
 90
151
 70
0
 10
258.5248752984311
 20
1083.6283744031377
 10
260.0942605303547
 20
1083.231983287858
 10
259.95856988550366
 20
1082.7629752415426
 10
259.7982311961758
 20
1082.3226600470027
 10
259.61324446237103
 20
1081.9110377042387
 10
259.40360968408936
 20
1081.52810821325
 10
259.1693268613308
 20
1081.1738715740375
 10
258.91039599409527
 20
1080.8483277866003
 10
258.6268170823829
 20
1080.5514768509388
 10
258.31859012619367
 20
1080.283318767053
 10
257.98912793168586
 20
1080.04537033768
 10
257.64184330501786
 20
1079.8391483655566
 10
257.2767362461896
 20
1079.664652850683
 10
256.8938067552012
 20
1079.5218837930593
 10
256.4930548320525
 20
1079.410841192685
 10
256.07448047674364
 20
1079.3315250495607
 10
255.63808368927454
 20
1079.283935363686
 10
255.18386446964524
 20
1079.2680721350612
 10
254.7157412249264
 20
1079.2802697570714
 10
254.26999082057893
 20
1079.3168626231027
 10
253.84661325660275
 20
1079.3778507331544
 10
253.4456085329979
 20
1079.463234087227
 10
253.06697664976443
 20
1079.5730126853202
 10
252.71071760690225
 20
1079.7071865274343
 10
252.37683140441143
 20
1079.8657556135688
 10
252.06531804229192
 20
1080.0487199437243
 10
251.77396551655224
 20
1080.2548155156196
 10
251.50056182320085
 20
1080.4827783269739
 10
251.24510696223777
 20
1080.732608377787
 10
251.007600933663
 20
1081.0043056680593
 10
250.78804373747653
 20
1081.2978701977904
 10
250.58643537367834
 20
1081.6133019669805
 10
250.40277584226848
 20
1081.9506009756299
 10
250.2370651432469
 20
1082.309767223738
 10
250.0901248780962
 20
1082.6832798977339
 10
249.96277664829893
 20
1083.0636181840466
 10
249.85502045385508
 20
1083.450782082676
 10
249.76685629476464
 20
1083.844771593622
 10
249.69828417102764
 20
1084.2455867168846
 10
249.64930408264408
 20
1084.653227452464
 10
249.61991602961393
 20
1085.06769380036
 10
249.61012001193723
 20
1085.4889857605729
 10
249.6211800318948
 20
1085.9447217829393
 10
249.65436009176756
 20
1086.3856689786194
 10
249.70966019155546
 20
1086.8118273476134
 10
249.7870803312585
 20
1087.2231968899214
 10
249.88662051087672
 20
1087.6197776055433
 10
250.00828073041012
 20
1088.0015694944789
 10
250.15206098985865
 20
1088.3685725567284
 10
250.31796128922235
 20
1088.7207867922918
 10
250.50427522542205
 20
1089.055241795809
 10
250.70929639537854
 20
1089.36896716192
 10
250.9330247990919
 20
1089.6619628906249
 10
251.17546043656205
 20
1089.9342289819233
 10
251.43660330778903
 20
1090.1857654358157
 10
251.7164534127728
 20
1090.4165722523019
 10
252.01501075151344
 20
1090.626649431382
 10
252.33227532401088
 20
1090.8159969730557
 10
252.66300152079955
 20
1090.9837932758408
 10
253.00194373241385
 20
1091.1292167382544
 10
253.34910195885377
 20
1091.2522673602969
 10
253.70447620011933
 20
1091.352945141968
 10
254.06806645621052
 20
1091.4312500832675
 10
254.43987272712735
 20
1091.487182184196
 10
254.8198950128698
 20
1091.520741444753
 10
255.20813331343788
 20
1091.5319278649386
 10
255.64421410033677
 20
1091.5177710393928
 10
256.0625988553035
 20
1091.4753005627558
 10
256.4632875783381
 20
1091.4045164350273
 10
256.8462802694406
 20
1091.3054186562072
 10
257.21157692861095
 20
1091.178007226296
 10
257.5591775558492
 20
1091.0222821452933
 10
257.8890821511553
 20
1090.838243413199
 10
258.2012907145293
 20
1090.6258910300135
 10
258.4931488411813
 20
1090.3878794005263
 10
258.7620021263216
 20
1090.1268629295275
 10
259.00785056995005
 20
1089.8428416170168
 10
259.2306941720668
 20
1089.5358154629944
 10
259.4305329326718
 20
1089.2057844674603
 10
259.60736685176494
 20
1088.8527486304142
 10
259.7611959293464
 20
1088.4767079518565
 10
259.89202016541606
 20
1088.077662431787
 10
258.3469037772851
 20
1087.7136297748975
 10
258.2379467806744
 20
1088.0262175389557
 10
258.11736096307976
 20
1088.316811663327
 10
257.98514632450116
 20
1088.585412148011
 10
257.8413028649386
 20
1088.832018993008
 10
257.685830584392
 20
1089.056632198318
 10
257.5187294828615
 20
1089.259251763941
 10
257.339999560347
 20
1089.4398776898765
 10
257.14964081684855
 20
1089.5985099761253
 10
256.94714765145375
 20
1089.7369182258801
 10
256.7320144632503
 20
1089.8568720423343
 10
256.5042412522382
 20
1089.958371425488
 10
256.2638280184174
 20
1090.0414163753408
 10
256.01077476178796
 20
1090.1060068918932
 10
255.7450814823499
 20
1090.1521429751447
 10
255.46674818010314
 20
1090.1798246250958
 10
255.1757748550477
 20
1090.189051841746
 10
254.84100385096028
 20
1090.178813423271
 10
254.52026327219045
 20
1090.148098167846
 10
254.21355311873822
 20
1090.096906075471
 10
253.92087339060365
 20
1090.0252371461459
 10
253.64222408778667
 20
1089.9330913798706
 10
253.3776052102873
 20
1089.8204687766454
 10
253.12701675810555
 20
1089.6873693364703
 10
252.89045873124144
 20
1089.533793059345
 10
252.66944793243198
 20
1089.362963151086
 10
252.4655011644142
 20
1089.1781028175094
 10
252.27861842718812
 20
1088.979212058615
 10
252.10879972075372
 20
1088.766290874403
 10
251.95604504511104
 20
1088.5393392648734
 10
251.82035440026004
 20
1088.2983572300263
 10
251.70172778620073
 20
1088.0433447698615
 10
251.6001652029331
 20
1087.7743018843792
 10
251.43736170915753
 20
1087.2178880803417
 10
251.32107349931783
 20
1086.6528790607945
 10
251.25130057341403
 20
1086.0792748257375
 10
251.22804293144608
 20
1085.4970753751704
 10
251.25559818116898
 20
1084.7647124536365
 10
251.33826393033763
 20
1084.0803816187754
 10
251.47604017895205
 20
1083.4440828705874
 10
251.66892692701225
 20
1082.8558162090721
 10
251.78679513970303
 20
1082.5826021160628
 10
251.9199577799923
 20
1082.3272104552138
 10
252.06841484788004
 20
1082.0896412265251
 10
252.23216634336626
 20
1081.8698944299965
 10
252.41121226645097
 20
1081.667970065628
 10
252.60555261713418
 20
1081.48386813342
 10
252.81518739541585
 20
1081.317588633372
 10
253.040116601296
 20
1081.1691315654841
 10
253.5148758579894
 20
1080.9249263248207
 10
254.00884794935195
 20
1080.7504940100612
 10
254.52203287538367
 20
1080.6458346212055
 10
255.05443063608453
 20
1080.6109481582537
 10
255.37776241953014
 20
1080.6228297796938
 10
255.68845418016707
 20
1080.6584746440142
 10
255.98650591799534
 20
1080.717882751215
 10
256.27191763301494
 20
1080.801054101296
 10
256.54468932522593
 20
1080.9079886942573
 10
256.8048209946282
 20
1081.0386865300989
 10
257.0523126412218
 20
1081.1931476088207
 10
257.28716426500677
 20
1081.3713719304228
 10
257.5064686607371
 20
1081.572980294221
 10
257.7073186231667
 20
1081.7975934995309
 10
257.88971415229577
 20
1082.0452115463527
 10
258.05365524812413
 20
1082.3158344346862
 10
258.1991419106518
 20
1082.6094621645314
 10
258.3261741398789
 20
1082.9260947358885
 10
258.4347519358053
 20
1083.2657321487573
 10
258.5248752984311
 20
1083.6283744031377
  0
CIRCLE
  5
B8
330
17
100
AcDbEntity
  8
cut
 62
5
420
255
100
AcDbCircle
 10
47.99999999999994
 20
1151.3999999999999
 30
0.0
 40
4.4
  0
CIRCLE
  5
B9
330
17
100
AcDbEntity
  8
cut
 62
5
420
255
100
AcDbCircle
 10
283.79999999999995
 20
1151.3999999999999
 30
0.0
 40
4.4
  0
LWPOLYLINE
  5
BA
330
17
100
AcDbEntity
  8
cut
 62
5
420
255
100
AcDbPolyline
 90
4
 70
1
 10
283.79999999999995
 20
1121.3999999999999
 42
0.9999999999999999
 10
283.79999999999995
 20
1181.3999999999999
 10
47.99999999999994
 20
1181.3999999999999
 42
0.9999999999999999
 10
48.00000000000003
 20
1121.3999999999999
  0
LWPOLYLINE
  5
BB
330
17
100
AcDbEntity
  8
line engraving
 62
1
420
16711680
100
AcDbPolyline
 90
7
 70
0
 10
219.60573946964524
 20
1145.4703124999999
 10
219.60573946964524
 20
1157.3296874999999
 10
221.17512470156885
 20
1157.3296874999999
 10
221.17512470156885
 20
1146.869815825375
 10
227.01582644099588
 20
1146.869815825375
 10
227.01582644099588
 20
1145.4703124999999
 10
219.60573946964524
 20
1145.4703124999999
  0
LWPOLYLINE
  5
BC
330
17
100
AcDbEntity
  8
line engraving
 62
1
420
16711680
100
AcDbPolyline
 90
5
 70
0
 10
228.70655589188263
 20
1155.655137278308
 10
228.70655589188263
 20
1157.3296874999999
 10
230.16268651944063
 20
1157.3296874999999
 10
230.16268651944063
 20
1155.655137278308
 10
228.70655589188263
 20
1155.655137278308
  0
LWPOLYLINE
  5
BD
330
17
100
AcDbEntity
  8
line engraving
 62
1
420
16711680
100
AcDbPolyline
 90
5
 70
0
 10
228.70655589188263
 20
1145.4703124999999
 10
228.70655589188263
 20
1154.061483202592
 10
230.16268651944063
 20
1154.061483202592
 10
230.16268651944063
 20
1145.4703124999999
 10
228.70655589188263
 20
1145.4703124999999
  0
LWPOLYLINE
  5
BE
330
17
100
AcDbEntity
  8
line engraving
 62
1
420
16711680
100
AcDbPolyline
 90
61
 70
0
 10
232.37924091916776
 20
1145.4703124999999
 10
232.37924091916776
 20
1154.061483202592
 10
233.68975848396997
 20
1154.061483202592
 10
233.68975848396997
 20
1152.8399513983627
 10
233.93952533466916
 20
1153.17175199709
 10
234.21558343281035
 20
1153.4593125159872
 10
234.51793277839354
 20
1153.702632955054
 10
234.8465733714188
 20
1153.9017133142904
 10
235.20150521188606
 20
1154.0565535936967
 10
235.58272829979532
 20
1154.1671537932725
 10
235.99024263514661
 20
1154.233513913018
 10
236.42404821793994
 20
1154.255633952933
 10
236.8045129044807
 20
1154.2381907214572
 10
237.16930396273872
 20
1154.1858610270292
 10
237.51842139271398
 20
1154.0986448696494
 10
237.8518651944065
 20
1153.9765422493178
 10
238.15699534500763
 20
1153.8261259778947
 10
238.4211718217087
 20
1153.6539688672406
 10
238.6443946245097
 20
1153.4600709173558
 10
238.8266637534106
 20
1153.24443212824
 10
238.97632162346517
 20
1153.0073053003496
 10
239.10171064972712
 20
1152.7489432341404
 10
239.2028308321964
 20
1152.4693459296127
 10
239.2796821708731
 20
1152.1685133867666
 10
239.31507423473735
 20
1151.928352953402
 10
239.3403542803547
 20
1151.6123523831855
 10
239.35552230772507
 20
1151.220511676117
 10
239.36057831684855
 20
1150.7528308321964
 10
239.36057831684855
 20
1145.4703124999999
 10
237.90444768929055
 20
1145.4703124999999
 10
237.90444768929055
 20
1150.6962035300135
 10
237.8938300701313
 20
1151.1130714822432
 10
237.86197721265344
 20
1151.4738177332024
 10
237.80888911685707
 20
1151.7784422828913
 10
237.73456578274212
 20
1152.0269451313095
 10
237.63319279981664
 20
1152.236263909021
 10
237.49895575758865
 20
1152.4233362465893
 10
237.3318546560581
 20
1152.5881621440142
 10
237.13188949522507
 20
1152.730741601296
 10
236.90613868786235
 20
1152.8457658088546
 10
236.6616806467428
 20
1152.927925957111
 10
236.39851537186644
 20
1152.9772220460648
 10
236.11664286323327
 20
1152.993654075716
 10
235.8880480507386
 20
1152.9844268590657
 10
235.66741645261337
 20
1152.9567452091146
 10
235.4547480688576
 20
1152.9106091258632
 10
235.2500428994713
 20
1152.8460186093107
 10
235.05330094445446
 20
1152.7629736594579
 10
234.8645222038071
 20
1152.6614742763043
 10
234.68370667752916
 20
1152.54152045985
 10
234.5108543656207
 20
1152.4031122100953
 10
234.3525380799422
 20
1152.2389183138107
 10
234.21533063235415
 20
1152.0416075577675
 10
234.0992320228566
 20
1151.8111799419655
 10
234.00424225144948
 20
1151.547635466405
 10
233.93036131813287
 20
1151.2509741310857
 10
233.8775892229067
 20
1150.9211959360077
 10
233.845925965771
 20
1150.558300881171
 10
233.83537154672575
 20
1150.1622889665755
 10
233.83537154672575
 20
1145.4703124999999
 10
232.37924091916776
 20
1145.4703124999999
  0
LWPOLYLINE
  5
BF
330
17
100
AcDbEntity
  8
line engraving
 62
1
420
16711680
100
AcDbPolyline
 90
13
 70
0
 10
241.60140156036832
 20
1145.4703124999999
 10
241.60140156036832
 20
1157.3296874999999
 10
243.05753218792628
 20
1157.3296874999999
 10
243.05753218792628
 20
1150.5667696964529
 10
246.5037080064802
 20
1154.061483202592
 10
248.388588207708
 20
1154.061483202592
 10
245.10420468110502
 20
1150.8741750511595
 10
248.72026240620733
 20
1145.4703124999999
 10
246.9243679655525
 20
1145.4703124999999
 10
244.08491324181443
 20
1149.8629732264665
 10
243.05753218792628
 20
1148.876040245566
 10
243.05753218792628
 20
1145.4703124999999
 10
241.60140156036832
 20
1145.4703124999999
  0
LWPOLYLINE
  5
C0
330
17
100
AcDbEntity
  8
line engraving
 62
1
420
16711680
100
AcDbPolyline
 90
151
 70
0
 10
258.5248752984311
 20
1149.6283744031377
 10
260.0942605303547
 20
1149.231983287858
 10
259.95856988550366
 20
1148.7629752415426
 10
259.7982311961758
 20
1148.3226600470027
 10
259.61324446237103
 20
1147.9110377042387
 10
259.40360968408936
 20
1147.52810821325
 10
259.1693268613308
 20
1147.1738715740375
 10
258.91039599409527
 20
1146.8483277866003
 10
258.6268170823829
 20
1146.5514768509388
 10
258.31859012619367
 20
1146.283318767053
 10
257.98912793168586
 20
1146.04537033768
 10
257.64184330501786
 20
1145.8391483655566
 10
257.2767362461896
 20
1145.664652850683
 10
256.8938067552012
 20
1145.5218837930593
 10
256.4930548320525
 20
1145.410841192685
 10
256.07448047674364
 20
1145.3315250495607
 10
255.63808368927454
 20
1145.283935363686
 10
255.18386446964524
 20
1145.2680721350612
 10
254.7157412249264
 20
1145.2802697570714
 10
254.26999082057893
 20
1145.3168626231027
 10
253.84661325660275
 20
1145.3778507331544
 10
253.4456085329979
 20
1145.463234087227
 10
253.06697664976443
 20
1145.5730126853202
 10
252.71071760690225
 20
1145.7071865274343
 10
252.37683140441143
 20
1145.8657556135688
 10
252.06531804229192
 20
1146.0487199437243
 10
251.77396551655224
 20
1146.2548155156196
 10
251.50056182320085
 20
1146.4827783269739
 10
251.24510696223777
 20
1146.732608377787
 10
251.007600933663
 20
1147.0043056680593
 10
250.78804373747653
 20
1147.2978701977904
 10
250.58643537367834
 20
1147.6133019669805
 10
250.40277584226848
 20
1147.9506009756299
 10
250.2370651432469
 20
1148.309767223738
 10
250.0901248780962
 20
1148.6832798977339
 10
249.96277664829893
 20
1149.0636181840466
 10
249.85502045385508
 20
1149.450782082676
 10
249.76685629476464
 20
1149.844771593622
 10
249.69828417102764
 20
1150.2455867168846
 10
249.64930408264408
 20
1150.653227452464
 10
249.61991602961393
 20
1151.06769380036
 10
249.61012001193723
 20
1151.4889857605729
 10
249.6211800318948
 20
1151.9447217829393
 10
249.65436009176756
 20
1152.3856689786194
 10
249.70966019155546
 20
1152.8118273476134
 10
249.7870803312585
 20
1153.2231968899214
 10
249.88662051087672
 20
1153.6197776055433
 10
250.00828073041012
 20
1154.0015694944789
 10
250.15206098985865
 20
1154.3685725567284
 10
250.31796128922235
 20
1154.7207867922918
 10
250.50427522542205
 20
1155.055241795809
 10
250.70929639537854
 20
1155.36896716192
 10
250.9330247990919
 20
1155.6619628906249
 10
251.17546043656205
 20
1155.9342289819233
 10
251.43660330778903
 20
1156.1857654358157
 10
251.7164534127728
 20
1156.4165722523019
 10
252.01501075151344
 20
1156.626649431382
 10
252.33227532401088
 20
1156.8159969730557
 10
252.66300152079955
 20
1156.9837932758408
 10
253.00194373241385
 20
1157.1292167382544
 10
253.34910195885377
 20
1157.2522673602969
 10
253.70447620011933
 20
1157.352945141968
 10
254.06806645621052
 20
1157.4312500832675
 10
254.43987272712735
 20
1157.487182184196
 10
254.8198950128698
 20
1157.520741444753
 10
255.20813331343788
 20
1157.5319278649386
 10
255.64421410033677
 20
1157.5177710393928
 10
256.0625988553035
 20
1157.4753005627558
 10
256.4632875783381
 20
1157.4045164350273
 10
256.8462802694406
 20
1157.3054186562072
 10
257.21157692861095
 20
1157.178007226296
 10
257.5591775558492
 20
1157.0222821452933
 10
257.8890821511553
 20
1156.838243413199
 10
258.2012907145293
 20
1156.6258910300135
 10
258.4931488411813
 20
1156.3878794005263
 10
258.7620021263216
 20
1156.1268629295275
 10
259.00785056995005
 20
1155.8428416170168
 10
259.2306941720668
 20
1155.5358154629944
 10
259.4305329326718
 20
1155.2057844674603
 10
259.60736685176494
 20
1154.8527486304142
 10
259.7611959293464
 20
1154.4767079518565
 10
259.89202016541606
 20
1154.077662431787
 10
258.3469037772851
 20
1153.7136297748975
 10
258.2379467806744
 20
1154.0262175389557
 10
258.11736096307976
 20
1154.316811663327
 10
257.98514632450116
 20
1154.585412148011
 10
257.8413028649386
 20
1154.832018993008
 10
257.685830584392
 20
1155.056632198318
 10
257.5187294828615
 20
1155.259251763941
 10
257.339999560347
 20
1155.4398776898765
 10
257.14964081684855
 20
1155.5985099761253
 10
256.94714765145375
 20
1155.7369182258801
 10
256.7320144632503
 20
1155.8568720423343
 10
256.5042412522382
 20
1155.958371425488
 10
256.2638280184174
 20
1156.0414163753408
 10
256.01077476178796
 20
1156.1060068918932
 10
255.7450814823499
 20
1156.1521429751447
 10
255.46674818010314
 20
1156.1798246250958
 10
255.1757748550477
 20
1156.189051841746
 10
254.84100385096028
 20
1156.178813423271
 10
254.52026327219045
 20
1156.148098167846
 10
254.21355311873822
 20
1156.096906075471
 10
253.92087339060365
 20
1156.0252371461459
 10
253.64222408778667
 20
1155.9330913798706
 10
253.3776052102873
 20
1155.8204687766454
 10
253.12701675810555
 20
1155.6873693364703
 10
252.89045873124144
 20
1155.533793059345
 10
252.66944793243198
 20
1155.362963151086
 10
252.4655011644142
 20
1155.1781028175094
 10
252.27861842718812
 20
1154.979212058615
 10
252.10879972075372
 20
1154.766290874403
 10
251.95604504511104
 20
1154.5393392648734
 10
251.82035440026004
 20
1154.2983572300263
 10
251.70172778620073
 20
1154.0433447698615
 10
251.6001652029331
 20
1153.7743018843792
 10
251.43736170915753
 20
1153.2178880803417
 10
251.32107349931783
 20
1152.6528790607945
 10
251.25130057341403
 20
1152.0792748257375
 10
251.22804293144608
 20
1151.4970753751704
 10
251.25559818116898
 20
1150.7647124536365
 10
251.33826393033763
 20
1150.0803816187754
 10
251.47604017895205
 20
1149.4440828705874
 10
251.66892692701225
 20
1148.8558162090721
 10
251.78679513970303
 20
1148.5826021160628
 10
251.9199577799923
 20
1148.3272104552138
 10
252.06841484788004
 20
1148.0896412265251
 10
252.23216634336626
 20
1147.8698944299965
 10
252.41121226645097
 20
1147.667970065628
 10
252.60555261713418
 20
1147.48386813342
 10
252.81518739541585
 20
1147.317588633372
 10
253.040116601296
 20
1147.1691315654841
 10
253.5148758579894
 20
1146.9249263248207
 10
254.00884794935195
 20
1146.7504940100612
 10
254.52203287538367
 20
1146.6458346212055
 10
255.05443063608453
 20
1146.6109481582537
 10
255.37776241953014
 20
1146.6228297796938
 10
255.68845418016707
 20
1146.6584746440142
 10
255.98650591799534
 20
1146.717882751215
 10
256.27191763301494
 20
1146.801054101296
 10
256.54468932522593
 20
1146.9079886942573
 10
256.8048209946282
 20
1147.0386865300989
 10
257.0523126412218
 20
1147.1931476088207
 10
257.28716426500677
 20
1147.3713719304228
 10
257.5064686607371
 20
1147.572980294221
 10
257.7073186231667
 20
1147.7975934995309
 10
257.88971415229577
 20
1148.0452115463527
 10
258.05365524812413
 20
1148.3158344346862
 10
258.1991419106518
 20
1148.6094621645314
 10
258.3261741398789
 20
1148.9260947358885
 10
258.4347519358053
 20
1149.2657321487573
 10
258.5248752984311
 20
1149.6283744031377
  0
CIRCLE
  5
C1
330
17
100
AcDbEntity
  8
cut
 62
5
420
255
100
AcDbCircle
 10
349.7999999999999
 20
114.00000000000003
 30
0.0
 40
4.4
  0
CIRCLE
  5
C2
330
17
100
AcDbEntity
  8
cut
 62
5
420
255
100
AcDbCircle
 10
585.5999999999999
 20
114.00000000000006
 30
0.0
 40
4.4
  0
LWPOLYLINE
  5
C3
330
17
100
AcDbEntity
  8
cut
 62
5
420
255
100
AcDbPolyline
 90
4
 70
1
 10
585.5999999999999
 20
84.00000000000006
 42
0.9999999999999999
 10
585.5999999999999
 20
144.00000000000006
 10
349.7999999999999
 20
144.00000000000003
 42
0.9999999999999999
 10
349.79999999999995
 20
84.00000000000003
  0
LWPOLYLINE
  5
C4
330
17
100
AcDbEntity
  8
line engraving
 62
1
420
16711680
100
AcDbPolyline
 90
7
 70
0
 10
521.4057394696451
 20
108.07031250000006
 10
521.4057394696451
 20
119.92968750000006
 10
522.9751247015688
 20
119.92968750000006
 10
522.9751247015688
 20
109.46981582537522
 10
528.8158264409958
 20
109.46981582537522
 10
528.8158264409958
 20
108.07031250000006
 10
521.4057394696451
 20
108.07031250000006
  0
LWPOLYLINE
  5
C5
330
17
100
AcDbEntity
  8
line engraving
 62
1
420
16711680
100
AcDbPolyline
 90
5
 70
0
 10
530.5065558918825
 20
118.25513727830838
 10
530.5065558918825
 20
119.92968750000006
 10
531.9626865194405
 20
119.92968750000006
 10
531.9626865194405
 20
118.25513727830838
 10
530.5065558918825
 20
118.25513727830838
  0
LWPOLYLINE
  5
C6
330
17
100
AcDbEntity
  8
line engraving
 62
1
420
16711680
100
AcDbPolyline
 90
5
 70
0
 10
530.5065558918825
 20
108.07031250000006
 10
530.5065558918825
 20
116.66148320259214
 10
531.9626865194405
 20
116.66148320259214
 10
531.9626865194405
 20
108.07031250000006
 10
530.5065558918825
 20
108.07031250000006
  0
LWPOLYLINE
  5
C7
330
17
100
AcDbEntity
  8
line engraving
 62
1
420
16711680
100
AcDbPolyline
 90
61
 70
0
 10
534.1792409191677
 20
108.07031250000006
 10
534.1792409191677
 20
116.66148320259214
 10
535.4897584839698
 20
116.66148320259214
 10
535.4897584839698
 20
115.43995139836295
 10
535.739525334669
 20
115.77175199709035
 10
536.0155834328102
 20
116.05931251598744
 10
536.3179327783935
 20
116.3026329550542
 10
536.6465733714186
 20
116.50171331429064
 10
537.001505211886
 20
116.65655359369676
 10
537.3827282997952
 20
116.76715379327257
 10
537.7902426351466
 20
116.83351391301804
 10
538.2240482179399
 20
116.8556339529332
 10
538.6045129044807
 20
116.83819072145725
 10
538.9693039627386
 20
116.78586102702938
 10
539.3184213927138
 20
116.69864486964961
 10
539.6518651944064
 20
116.57654224931792
 10
539.9569953450075
 20
116.42612597789484
 10
540.2211718217086
 20
116.25396886724084
 10
540.4443946245095
 20
116.06007091735596
 10
540.6266637534105
 20
115.84443212824017
 10
540.776321623465
 20
115.60730530034965
 10
540.901710649727
 20
115.34894323414058
 10
541.0028308321963
 20
115.06934592961295
 10
541.079682170873
 20
114.76851338676677
 10
541.1150742347372
 20
114.52835295340218
 10
541.1403542803546
 20
114.21235238318559
 10
541.1555223077249
 20
113.82051167611704
 10
541.1605783168484
 20
113.3528308321965
 10
541.1605783168484
 20
108.07031250000006
 10
539.7044476892904
 20
108.07031250000006
 10
539.7044476892904
 20
113.2962035300137
 10
539.6938300701312
 20
113.71307148224341
 10
539.6619772126533
 20
114.07381773320265
 10
539.608889116857
 20
114.37844228289143
 10
539.534565782742
 20
114.62694513130974
 10
539.4331927998165
 20
114.8362639090212
 10
539.2989557575885
 20
115.02333624658941
 10
539.131854656058
 20
115.18816214401438
 10
538.9318894952249
 20
115.3307416012961
 10
538.7061386878622
 20
115.44576580885493
 10
538.4616806467427
 20
115.52792595711124
 10
538.1985153718663
 20
115.57722204606503
 10
537.9166428632332
 20
115.59365407571629
 10
537.6880480507385
 20
115.58442685906596
 10
537.4674164526133
 20
115.556745209115
 10
537.2547480688576
 20
115.51060912586337
 10
537.0500428994712
 20
115.4460186093111
 10
536.8533009444544
 20
115.36297365945819
 10
536.664522203807
 20
115.26147427630463
 10
536.4837066775291
 20
115.14152045985041
 10
536.3108543656206
 20
115.00311221009555
 10
536.152538079942
 20
114.83891831381102
 10
536.015330632354
 20
114.64160755776778
 10
535.8992320228565
 20
114.41117994196586
 10
535.8042422514494
 20
114.14763546640523
 10
535.7303613181327
 20
113.85097413108592
 10
535.6775892229066
 20
113.5211959360079
 10
535.6459259657709
 20
113.15830088117119
 10
535.6353715467257
 20
112.76228896657577
 10
535.6353715467257
 20
108.07031250000006
 10
534.1792409191677
 20
108.07031250000006
  0
LWPOLYLINE
  5
C8
330
17
100
AcDbEntity
  8
line engraving
 62
1
420
16711680
100
AcDbPolyline
 90
13
 70
0
 10
543.4014015603682
 20
108.07031250000006
 10
543.4014015603682
 20
119.92968750000006
 10
544.8575321879262
 20
119.92968750000006
 10
544.8575321879262
 20
113.16676969645299
 10
548.3037080064801
 20
116.66148320259214
 10
550.1885882077079
 20
116.66148320259214
 10
546.9042046811049
 20
113.47417505115968
 10
550.5202624062073
 20
108.07031250000006
 10
548.7243679655523
 20
108.07031250000006
 10
545.8849132418143
 20
112.46297322646663
 10
544.8575321879262
 20
111.47604024556622
 10
544.8575321879262
 20
108.07031250000006
 10
543.4014015603682
 20
108.07031250000006
  0
LWPOLYLINE
  5
C9
330
17
100
AcDbEntity
  8
line engraving
 62
1
420
16711680
100
AcDbPolyline
 90
151
 70
0
 10
560.3248752984309
 20
112.22837440313785
 10
561.8942605303546
 20
111.83198328785818
 10
561.7585698855036
 20
111.36297524154274
 10
561.5982311961757
 20
110.92266004700296
 10
561.4132444623709
 20
110.51103770423884
 10
561.2036096840892
 20
110.1281082132504
 10
560.9693268613306
 20
109.77387157403763
 10
560.7103959940952
 20
109.4483277866005
 10
560.4268170823829
 20
109.15147685093905
 10
560.1185901261936
 20
108.88331876705327
 10
559.7891279316858
 20
108.64537033768019
 10
559.4418433050178
 20
108.43914836555685
 10
559.0767362461895
 20
108.26465285068326
 10
558.6938067552011
 20
108.12188379305941
 10
558.2930548320525
 20
108.0108411926853
 10
557.8744804767435
 20
107.93152504956095
 10
557.4380836892744
 20
107.88393536368632
 10
556.9838644696451
 20
107.86807213506145
 10
556.5157412249263
 20
107.88026975707182
 10
556.0699908205788
 20
107.91686262310289
 10
555.6466132566027
 20
107.9778507331547
 10
555.2456085329978
 20
108.06323408722722
 10
554.8669766497643
 20
108.17301268532044
 10
554.5107176069022
 20
108.3071865274344
 10
554.1768314044114
 20
108.46575561356907
 10
553.8653180422918
 20
108.64871994372447
 10
553.5739655165521
 20
108.85481551561972
 10
553.3005618232007
 20
109.08277832697397
 10
553.0451069622377
 20
109.33260837778718
 10
552.8076009336629
 20
109.6043056680594
 10
552.5880437374765
 20
109.8978701977906
 10
552.3864353736783
 20
110.21330196698078
 10
552.2027758422684
 20
110.55060097562996
 10
552.0370651432468
 20
110.90976722373811
 10
551.8901248780961
 20
111.2832798977341
 10
551.7627766482988
 20
111.66361818404678
 10
551.655020453855
 20
112.05078208267614
 10
551.5668562947645
 20
112.44477159362216
 10
551.4982841710275
 20
112.84558671688487
 10
551.449304082644
 20
113.25322745246424
 10
551.4199160296139
 20
113.6676938003603
 10
551.4101200119371
 20
114.08898576057304
 10
551.4211800318947
 20
114.54472178293939
 10
551.4543600917674
 20
114.9856689786196
 10
551.5096601915553
 20
115.41182734761368
 10
551.5870803312584
 20
115.82319688992162
 10
551.6866205108767
 20
116.21977760554341
 10
551.8082807304099
 20
116.60156949447908
 10
551.9520609898585
 20
116.96857255672862
 10
552.1179612892222
 20
117.32078679229201
 10
552.3042752254219
 20
117.65524179580923
 10
552.5092963953784
 20
117.96896716192025
 10
552.7330247990918
 20
118.26196289062506
 10
552.9754604365619
 20
118.53422898192366
 10
553.236603307789
 20
118.78576543581606
 10
553.5164534127728
 20
119.01657225230224
 10
553.8150107515133
 20
119.22664943138223
 10
554.1322753240108
 20
119.415996973056
 10
554.4630015207995
 20
119.58379327584099
 10
554.8019437324137
 20
119.72921673825466
 10
555.1491019588537
 20
119.85226736029699
 10
555.5044762001193
 20
119.952945141968
 10
555.8680664562105
 20
120.03125008326766
 10
556.2398727271272
 20
120.087182184196
 10
556.6198950128697
 20
120.120741444753
 10
557.0081333134378
 20
120.13192786493866
 10
557.4442141003367
 20
120.11777103939296
 10
557.8625988553034
 20
120.07530056275586
 10
558.263287578338
 20
120.00451643502734
 10
558.6462802694405
 20
119.90541865620742
 10
559.0115769286109
 20
119.7780072262961
 10
559.3591775558491
 20
119.62228214529337
 10
559.6890821511553
 20
119.43824341319923
 10
560.0012907145292
 20
119.2258910300137
 10
560.2931488411813
 20
118.98787940052658
 10
560.5620021263215
 20
118.72686292952768
 10
560.80785056995
 20
118.44284161701702
 10
561.0306941720668
 20
118.1358154629946
 10
561.2305329326717
 20
117.80578446746041
 10
561.4073668517649
 20
117.45274863041446
 10
561.5611959293464
 20
117.07670795185673
 10
561.692020165416
 20
116.67766243178724
 10
560.1469037772849
 20
116.31362977489773
 10
560.0379467806742
 20
116.62621753895597
 10
559.9173609630797
 20
116.91681166332714
 10
559.785146324501
 20
117.18541214801122
 10
559.6413028649384
 20
117.43201899300824
 10
559.4858305843919
 20
117.65663219831818
 10
559.3187294828614
 20
117.85925176394105
 10
559.1399995603468
 20
118.03987768987685
 10
558.9496408168484
 20
118.19850997612556
 10
558.7471476514536
 20
118.33691822588042
 10
558.5320144632502
 20
118.45687204233464
 10
558.3042412522381
 20
118.5583714254882
 10
558.0638280184173
 20
118.64141637534112
 10
557.8107747617879
 20
118.70600689189338
 10
557.5450814823498
 20
118.752142975145
 10
557.266748180103
 20
118.77982462509597
 10
556.9757748550476
 20
118.7890518417463
 10
556.6410038509601
 20
118.77881342327129
 10
556.3202632721903
 20
118.74809816784624
 10
556.0135531187381
 20
118.69690607547115
 10
555.7208733906035
 20
118.62523714614602
 10
555.4422240877865
 20
118.53309137987087
 10
555.1776052102872
 20
118.42046877664569
 10
554.9270167581054
 20
118.28736933647046
 10
554.6904587312413
 20
118.13379305934521
 10
554.4694479324319
 20
117.96296315108613
 10
554.2655011644141
 20
117.77810281750943
 10
554.078618427188
 20
117.57921205861511
 10
553.9087997207537
 20
117.36629087440319
 10
553.7560450451109
 20
117.13933926487364
 10
553.62035440026
 20
116.89835723002649
 10
553.5017277862007
 20
116.64334476986171
 10
553.4001652029331
 20
116.37430188437932
 10
553.2373617091574
 20
115.81788808034197
 10
553.1210734993177
 20
115.25287906079474
 10
553.0513005734139
 20
114.67927482573761
 10
553.028042931446
 20
114.09707537517059
 10
553.0555981811689
 20
113.36471245363666
 10
553.1382639303375
 20
112.68038161877564
 10
553.2760401789519
 20
112.04408287058754
 10
553.4689269270121
 20
111.45581620907237
 10
553.586795139703
 20
111.18260211606311
 10
553.7199577799922
 20
110.92721045521408
 10
553.86841484788
 20
110.68964122652525
 10
554.0321663433662
 20
110.46989442999666
 10
554.2112122664508
 20
110.26797006562826
 10
554.405552617134
 20
110.08386813342008
 10
554.6151873954158
 20
109.91758863337212
 10
554.8401166012959
 20
109.76913156548437
 10
555.3148758579893
 20
109.524926324821
 10
555.8088479493518
 20
109.35049401006145
 10
556.3220328753836
 20
109.24583462120572
 10
556.8544306360844
 20
109.21094815825381
 10
557.17776241953
 20
109.22282977969395
 10
557.488454180167
 20
109.25847464401438
 10
557.7865059179952
 20
109.31788275121511
 10
558.0719176330149
 20
109.4010541012961
 10
558.3446893252258
 20
109.50798869425739
 10
558.6048209946281
 20
109.63868653009897
 10
558.8523126412217
 20
109.79314760882083
 10
559.0871642650067
 20
109.97137193042298
 10
559.306468660737
 20
110.17298029422115
 10
559.5073186231666
 20
110.3975934995311
 10
559.6897141522957
 20
110.6452115463528
 10
559.853655248124
 20
110.91583443468627
 10
559.9991419106517
 20
111.20946216453152
 10
560.1261741398788
 20
111.52609473588853
 10
560.2347519358052
 20
111.8657321487573
 10
560.3248752984309
 20
112.22837440313785
  0
CIRCLE
  5
CA
330
17
100
AcDbEntity
  8
cut
 62
5
420
255
100
AcDbCircle
 10
651.5999999999999
 20
114.00000000000003
 30
0.0
 40
4.4
  0
CIRCLE
  5
CB
330
17
100
AcDbEntity
  8
cut
 62
5
420
255
100
AcDbCircle
 10
887.3999999999999
 20
114.00000000000006
 30
0.0
 40
4.4
  0
LWPOLYLINE
  5
CC
330
17
100
AcDbEntity
  8
cut
 62
5
420
255
100
AcDbPolyline
 90
4
 70
1
 10
887.3999999999999
 20
84.00000000000006
 42
0.9999999999999999
 10
887.3999999999999
 20
144.00000000000006
 10
651.5999999999999
 20
144.00000000000003
 42
0.9999999999999999
 10
651.5999999999999
 20
84.00000000000003
  0
LWPOLYLINE
  5
CD
330
17
100
AcDbEntity
  8
line engraving
 62
1
420
16711680
100
AcDbPolyline
 90
7
 70
0
 10
823.2057394696451
 20
108.07031250000006
 10
823.2057394696451
 20
119.92968750000006
 10
824.7751247015688
 20
119.92968750000006
 10
824.7751247015688
 20
109.46981582537522
 10
830.6158264409958
 20
109.46981582537522
 10
830.6158264409958
 20
108.07031250000006
 10
823.2057394696451
 20
108.07031250000006
  0
LWPOLYLINE
  5
CE
330
17
100
AcDbEntity
  8
line engraving
 62
1
420
16711680
100
AcDbPolyline
 90
5
 70
0
 10
832.3065558918825
 20
118.25513727830838
 10
832.3065558918825
 20
119.92968750000006
 10
833.7626865194404
 20
119.92968750000006
 10
833.7626865194404
 20
118.25513727830838
 10
832.3065558918825
 20
118.25513727830838
  0
LWPOLYLINE
  5
CF
330
17
100
AcDbEntity
  8
line engraving
 62
1
420
16711680
100
AcDbPolyline
 90
5
 70
0
 10
832.3065558918825
 20
108.07031250000006
 10
832.3065558918825
 20
116.66148320259214
 10
833.7626865194404
 20
116.66148320259214
 10
833.7626865194404
 20
108.07031250000006
 10
832.3065558918825
 20
108.07031250000006
  0
LWPOLYLINE
  5
D0
330
17
100
AcDbEntity
  8
line engraving
 62
1
420
16711680
100
AcDbPolyline
 90
61
 70
0
 10
835.9792409191676
 20
108.07031250000006
 10
835.9792409191676
 20
116.66148320259214
 10
837.2897584839698
 20
116.66148320259214
 10
837.2897584839698
 20
115.43995139836295
 10
837.539525334669
 20
115.77175199709035
 10
837.8155834328102
 20
116.05931251598744
 10
838.1179327783934
 20
116.3026329550542
 10
838.4465733714186
 20
116.50171331429064
 10
838.8015052118859
 20
116.65655359369676
 10
839.1827282997951
 20
116.76715379327257
 10
839.5902426351465
 20
116.83351391301804
 10
840.0240482179398
 20
116.8556339529332
 10
840.4045129044806
 20
116.83819072145725
 10
840.7693039627386
 20
116.78586102702938
 10
841.1184213927138
 20
116.69864486964961
 10
841.4518651944063
 20
116.57654224931792
 10
841.7569953450075
 20
116.42612597789484
 10
842.0211718217085
 20
116.25396886724084
 10
842.2443946245095
 20
116.06007091735596
 10
842.4266637534105
 20
115.84443212824017
 10
842.576321623465
 20
115.60730530034965
 10
842.7017106497269
 20
115.34894323414058
 10
842.8028308321963
 20
115.06934592961295
 10
842.8796821708729
 20
114.76851338676677
 10
842.9150742347372
 20
114.52835295340218
 10
842.9403542803545
 20
114.21235238318559
 10
842.9555223077249
 20
113.82051167611704
 10
842.9605783168483
 20
113.3528308321965
 10
842.9605783168483
 20
108.07031250000006
 10
841.5044476892904
 20
108.07031250000006
 10
841.5044476892904
 20
113.2962035300137
 10
841.4938300701311
 20
113.71307148224341
 10
841.4619772126532
 20
114.07381773320265
 10
841.4088891168569
 20
114.37844228289143
 10
841.334565782742
 20
114.62694513130974
 10
841.2331927998165
 20
114.8362639090212
 10
841.0989557575884
 20
115.02333624658941
 10
840.9318546560579
 20
115.18816214401438
 10
840.7318894952249
 20
115.3307416012961
 10
840.5061386878622
 20
115.44576580885493
 10
840.2616806467427
 20
115.52792595711124
 10
839.9985153718662
 20
115.57722204606503
 10
839.7166428632331
 20
115.59365407571629
 10
839.4880480507385
 20
115.58442685906596
 10
839.2674164526132
 20
115.556745209115
 10
839.0547480688575
 20
115.51060912586337
 10
838.8500428994712
 20
115.4460186093111
 10
838.6533009444544
 20
115.36297365945819
 10
838.464522203807
 20
115.26147427630463
 10
838.283706677529
 20
115.14152045985041
 10
838.1108543656205
 20
115.00311221009555
 10
837.952538079942
 20
114.83891831381102
 10
837.815330632354
 20
114.64160755776778
 10
837.6992320228564
 20
114.41117994196586
 10
837.6042422514494
 20
114.14763546640523
 10
837.5303613181327
 20
113.85097413108592
 10
837.4775892229065
 20
113.5211959360079
 10
837.4459259657708
 20
113.15830088117119
 10
837.4353715467256
 20
112.76228896657577
 10
837.4353715467256
 20
108.07031250000006
 10
835.9792409191676
 20
108.07031250000006
  0
LWPOLYLINE
  5
D1
330
17
100
AcDbEntity
  8
line engraving
 62
1
420
16711680
100
AcDbPolyline
 90
13
 70
0
 10
845.2014015603681
 20
108.07031250000006
 10
845.2014015603681
 20
119.92968750000006
 10
846.6575321879261
 20
119.92968750000006
 10
846.6575321879261
 20
113.16676969645299
 10
850.10370800648
 20
116.66148320259214
 10
851.9885882077078
 20
116.66148320259214
 10
848.7042046811049
 20
113.47417505115968
 10
852.3202624062072
 20
108.07031250000006
 10
850.5243679655523
 20
108.07031250000006
 10
847.6849132418142
 20
112.46297322646663
 10
846.6575321879261
 20
111.47604024556622
 10
846.6575321879261
 20
108.07031250000006
 10
845.2014015603681
 20
108.07031250000006
  0
LWPOLYLINE
  5
D2
330
17
100
AcDbEntity
  8
line engraving
 62
1
420
16711680
100
AcDbPolyline
 90
151
 70
0
 10
862.1248752984309
 20
112.22837440313785
 10
863.6942605303545
 20
111.83198328785818
 10
863.5585698855035
 20
111.36297524154274
 10
863.3982311961756
 20
110.92266004700296
 10
863.2132444623709
 20
110.51103770423884
 10
863.0036096840892
 20
110.1281082132504
 10
862.7693268613306
 20
109.77387157403763
 10
862.5103959940951
 20
109.4483277866005
 10
862.2268170823828
 20
109.15147685093905
 10
861.9185901261935
 20
108.88331876705327
 10
861.5891279316858
 20
108.64537033768019
 10
861.2418433050177
 20
108.43914836555685
 10
860.8767362461895
 20
108.26465285068326
 10
860.493806755201
 20
108.12188379305941
 10
860.0930548320524
 20
108.0108411926853
 10
859.6744804767435
 20
107.93152504956095
 10
859.2380836892744
 20
107.88393536368632
 10
858.7838644696451
 20
107.86807213506145
 10
858.3157412249262
 20
107.88026975707182
 10
857.8699908205788
 20
107.91686262310289
 10
857.4466132566026
 20
107.9778507331547
 10
857.0456085329978
 20
108.06323408722722
 10
856.6669766497643
 20
108.17301268532044
 10
856.3107176069021
 20
108.3071865274344
 10
855.9768314044113
 20
108.46575561356907
 10
855.6653180422918
 20
108.64871994372447
 10
855.3739655165521
 20
108.85481551561972
 10
855.1005618232007
 20
109.08277832697397
 10
854.8451069622377
 20
109.33260837778718
 10
854.6076009336629
 20
109.6043056680594
 10
854.3880437374764
 20
109.8978701977906
 10
854.1864353736783
 20
110.21330196698078
 10
854.0027758422683
 20
110.55060097562996
 10
853.8370651432467
 20
110.90976722373811
 10
853.6901248780961
 20
111.2832798977341
 10
853.5627766482987
 20
111.66361818404678
 10
853.4550204538549
 20
112.05078208267614
 10
853.3668562947645
 20
112.44477159362216
 10
853.2982841710275
 20
112.84558671688487
 10
853.2493040826439
 20
113.25322745246424
 10
853.2199160296138
 20
113.6676938003603
 10
853.2101200119371
 20
114.08898576057304
 10
853.2211800318946
 20
114.54472178293939
 10
853.2543600917674
 20
114.9856689786196
 10
853.3096601915553
 20
115.41182734761368
 10
853.3870803312584
 20
115.82319688992162
 10
853.4866205108766
 20
116.21977760554341
 10
853.6082807304099
 20
116.60156949447908
 10
853.7520609898585
 20
116.96857255672862
 10
853.9179612892221
 20
117.32078679229201
 10
854.1042752254218
 20
117.65524179580923
 10
854.3092963953784
 20
117.96896716192025
 10
854.5330247990918
 20
118.26196289062506
 10
854.7754604365618
 20
118.53422898192366
 10
855.0366033077889
 20
118.78576543581606
 10
855.3164534127727
 20
119.01657225230224
 10
855.6150107515133
 20
119.22664943138223
 10
855.9322753240108
 20
119.415996973056
 10
856.2630015207994
 20
119.58379327584099
 10
856.6019437324137
 20
119.72921673825466
 10
856.9491019588537
 20
119.85226736029699
 10
857.3044762001192
 20
119.952945141968
 10
857.6680664562105
 20
120.03125008326766
 10
858.0398727271272
 20
120.087182184196
 10
858.4198950128697
 20
120.120741444753
 10
858.8081333134378
 20
120.13192786493866
 10
859.2442141003366
 20
120.11777103939296
 10
859.6625988553034
 20
120.07530056275586
 10
860.063287578338
 20
120.00451643502734
 10
860.4462802694404
 20
119.90541865620742
 10
860.8115769286109
 20
119.7780072262961
 10
861.159177555849
 20
119.62228214529337
 10
861.4890821511552
 20
119.43824341319923
 10
861.8012907145292
 20
119.2258910300137
 10
862.0931488411812
 20
118.98787940052658
 10
862.3620021263215
 20
118.72686292952768
 10
862.60785056995
 20
118.44284161701702
 10
862.8306941720667
 20
118.1358154629946
 10
863.0305329326717
 20
117.80578446746041
 10
863.2073668517648
 20
117.45274863041446
 10
863.3611959293463
 20
117.07670795185673
 10
863.492020165416
 20
116.67766243178724
 10
861.9469037772849
 20
116.31362977489773
 10
861.8379467806742
 20
116.62621753895597
 10
861.7173609630796
 20
116.91681166332714
 10
861.585146324501
 20
117.18541214801122
 10
861.4413028649384
 20
117.43201899300824
 10
861.2858305843919
 20
117.65663219831818
 10
861.1187294828613
 20
117.85925176394105
 10
860.9399995603468
 20
118.03987768987685
 10
860.7496408168483
 20
118.19850997612556
 10
860.5471476514535
 20
118.33691822588042
 10
860.3320144632502
 20
118.45687204233464
 10
860.104241252238
 20
118.5583714254882
 10
859.8638280184173
 20
118.64141637534112
 10
859.6107747617879
 20
118.70600689189338
 10
859.3450814823498
 20
118.752142975145
 10
859.066748180103
 20
118.77982462509597
 10
858.7757748550475
 20
118.7890518417463
 10
858.4410038509601
 20
118.77881342327129
 10
858.1202632721903
 20
118.74809816784624
 10
857.813553118738
 20
118.69690607547115
 10
857.5208733906035
 20
118.62523714614602
 10
857.2422240877864
 20
118.53309137987087
 10
856.9776052102872
 20
118.42046877664569
 10
856.7270167581054
 20
118.28736933647046
 10
856.4904587312412
 20
118.13379305934521
 10
856.2694479324318
 20
117.96296315108613
 10
856.0655011644141
 20
117.77810281750943
 10
855.8786184271879
 20
117.57921205861511
 10
855.7087997207536
 20
117.36629087440319
 10
855.5560450451109
 20
117.13933926487364
 10
855.42035440026
 20
116.89835723002649
 10
855.3017277862007
 20
116.64334476986171
 10
855.200165202933
 20
116.37430188437932
 10
855.0373617091574
 20
115.81788808034197
 10
854.9210734993177
 20
115.25287906079474
 10
854.8513005734138
 20
114.67927482573761
 10
854.8280429314459
 20
114.09707537517059
 10
854.8555981811688
 20
113.36471245363666
 10
854.9382639303375
 20
112.68038161877564
 10
855.0760401789519
 20
112.04408287058754
 10
855.2689269270121
 20
111.45581620907237
 10
855.3867951397029
 20
111.18260211606311
 10
855.5199577799922
 20
110.92721045521408
 10
855.66841484788
 20
110.68964122652525
 10
855.8321663433661
 20
110.46989442999666
 10
856.0112122664508
 20
110.26797006562826
 10
856.205552617134
 20
110.08386813342008
 10
856.4151873954157
 20
109.91758863337212
 10
856.6401166012959
 20
109.76913156548437
 10
857.1148758579892
 20
109.524926324821
 10
857.6088479493518
 20
109.35049401006145
 10
858.1220328753835
 20
109.24583462120572
 10
858.6544306360844
 20
109.21094815825381
 10
858.97776241953
 20
109.22282977969395
 10
859.2884541801669
 20
109.25847464401438
 10
859.5865059179952
 20
109.31788275121511
 10
859.8719176330148
 20
109.4010541012961
 10
860.1446893252257
 20
109.50798869425739
 10
860.404820994628
 20
109.63868653009897
 10
860.6523126412217
 20
109.79314760882083
 10
860.8871642650066
 20
109.97137193042298
 10
861.1064686607369
 20
110.17298029422115
 10
861.3073186231666
 20
110.3975934995311
 10
861.4897141522956
 20
110.6452115463528
 10
861.653655248124
 20
110.91583443468627
 10
861.7991419106517
 20
111.20946216453152
 10
861.9261741398788
 20
111.52609473588853
 10
862.0347519358052
 20
111.8657321487573
 10
862.1248752984309
 20
112.22837440313785
  0
CIRCLE
  5
D3
330
17
100
AcDbEntity
  8
cut
 62
5
420
255
100
AcDbCircle
 10
349.7999999999999
 20
180.00000000000006
 30
0.0
 40
4.4
  0
CIRCLE
  5
D4
330
17
100
AcDbEntity
  8
cut
 62
5
420
255
100
AcDbCircle
 10
585.5999999999999
 20
180.00000000000009
 30
0.0
 40
4.4
  0
LWPOLYLINE
  5
D5
330
17
100
AcDbEntity
  8
cut
 62
5
420
255
100
AcDbPolyline
 90
4
 70
1
 10
585.5999999999999
 20
150.00000000000009
 42
0.9999999999999999
 10
585.5999999999999
 20
210.00000000000009
 10
349.7999999999999
 20
210.00000000000006
 42
0.9999999999999999
 10
349.79999999999995
 20
150.00000000000006
  0
LWPOLYLINE
  5
D6
330
17
100
AcDbEntity
  8
line engraving
 62
1
420
16711680
100
AcDbPolyline
 90
7
 70
0
 10
521.4057394696451
 20
174.07031250000009
 10
521.4057394696451
 20
185.92968750000009
 10
522.9751247015688
 20
185.92968750000009
 10
522.9751247015688
 20
175.46981582537526
 10
528.8158264409958
 20
175.46981582537526
 10
528.8158264409958
 20
174.07031250000009
 10
521.4057394696451
 20
174.07031250000009
  0
LWPOLYLINE
  5
D7
330
17
100
AcDbEntity
  8
line engraving
 62
1
420
16711680
100
AcDbPolyline
 90
5
 70
0
 10
530.5065558918825
 20
184.2551372783084
 10
530.5065558918825
 20
185.92968750000009
 10
531.9626865194405
 20
185.92968750000009
 10
531.9626865194405
 20
184.2551372783084
 10
530.5065558918825
 20
184.2551372783084
  0
LWPOLYLINE
  5
D8
330
17
100
AcDbEntity
  8
line engraving
 62
1
420
16711680
100
AcDbPolyline
 90
5
 70
0
 10
530.5065558918825
 20
174.07031250000009
 10
530.5065558918825
 20
182.66148320259217
 10
531.9626865194405
 20
182.66148320259217
 10
531.9626865194405
 20
174.07031250000009
 10
530.5065558918825
 20
174.07031250000009
  0
LWPOLYLINE
  5
D9
330
17
100
AcDbEntity
  8
line engraving
 62
1
420
16711680
100
AcDbPolyline
 90
61
 70
0
 10
534.1792409191677
 20
174.07031250000009
 10
534.1792409191677
 20
182.66148320259217
 10
535.4897584839698
 20
182.66148320259217
 10
535.4897584839698
 20
181.43995139836298
 10
535.739525334669
 20
181.77175199709038
 10
536.0155834328102
 20
182.05931251598747
 10
536.3179327783935
 20
182.30263295505424
 10
536.6465733714186
 20
182.50171331429067
 10
537.001505211886
 20
182.6565535936968
 10
537.3827282997952
 20
182.7671537932726
 10
537.7902426351466
 20
182.83351391301807
 10
538.2240482179399
 20
182.85563395293323
 10
538.6045129044807
 20
182.83819072145727
 10
538.9693039627386
 20
182.7858610270294
 10
539.3184213927138
 20
182.69864486964963
 10
539.6518651944064
 20
182.57654224931795
 10
539.9569953450075
 20
182.42612597789486
 10
540.2211718217086
 20
182.25396886724087
 10
540.4443946245095
 20
182.06007091735597
 10
540.6266637534105
 20
181.8444321282402
 10
540.776321623465
 20
181.60730530034968
 10
540.901710649727
 20
181.34894323414062
 10
541.0028308321963
 20
181.06934592961298
 10
541.079682170873
 20
180.76851338676678
 10
541.1150742347372
 20
180.5283529534022
 10
541.1403542803546
 20
180.21235238318562
 10
541.1555223077249
 20
179.82051167611706
 10
541.1605783168484
 20
179.35283083219653
 10
541.1605783168484
 20
174.07031250000009
 10
539.7044476892904
 20
174.07031250000009
 10
539.7044476892904
 20
179.29620353001374
 10
539.6938300701312
 20
179.71307148224344
 10
539.6619772126533
 20
180.0738177332027
 10
539.608889116857
 20
180.37844228289146
 10
539.534565782742
 20
180.62694513130978
 10
539.4331927998165
 20
180.83626390902123
 10
539.2989557575885
 20
181.02333624658945
 10
539.131854656058
 20
181.18816214401443
 10
538.9318894952249
 20
181.33074160129613
 10
538.7061386878622
 20
181.44576580885496
 10
538.4616806467427
 20
181.52792595711128
 10
538.1985153718663
 20
181.57722204606506
 10
537.9166428632332
 20
181.59365407571633
 10
537.6880480507385
 20
181.584426859066
 10
537.4674164526133
 20
181.55674520911504
 10
537.2547480688576
 20
181.51060912586343
 10
537.0500428994712
 20
181.44601860931115
 10
536.8533009444544
 20
181.36297365945822
 10
536.664522203807
 20
181.26147427630465
 10
536.4837066775291
 20
181.14152045985045
 10
536.3108543656206
 20
181.0031122100956
 10
536.152538079942
 20
180.83891831381106
 10
536.015330632354
 20
180.64160755776783
 10
535.8992320228565
 20
180.4111799419659
 10
535.8042422514494
 20
180.1476354664053
 10
535.7303613181327
 20
179.85097413108596
 10
535.6775892229066
 20
179.52119593600793
 10
535.6459259657709
 20
179.15830088117121
 10
535.6353715467257
 20
178.7622889665758
 10
535.6353715467257
 20
174.07031250000009
 10
534.1792409191677
 20
174.07031250000009
  0
LWPOLYLINE
  5
DA
330
17
100
AcDbEntity
  8
line engraving
 62
1
420
16711680
100
AcDbPolyline
 90
13
 70
0
 10
543.4014015603682
 20
174.07031250000009
 10
543.4014015603682
 20
185.92968750000009
 10
544.8575321879262
 20
185.92968750000009
 10
544.8575321879262
 20
179.16676969645303
 10
548.3037080064801
 20
182.66148320259217
 10
550.1885882077079
 20
182.66148320259217
 10
546.9042046811049
 20
179.4741750511597
 10
550.5202624062073
 20
174.07031250000009
 10
548.7243679655523
 20
174.07031250000009
 10
545.8849132418143
 20
178.46297322646666
 10
544.8575321879262
 20
177.47604024556625
 10
544.8575321879262
 20
174.07031250000009
 10
543.4014015603682
 20
174.07031250000009
  0
LWPOLYLINE
  5
DB
330
17
100
AcDbEntity
  8
line engraving
 62
1
420
16711680
100
AcDbPolyline
 90
151
 70
0
 10
560.3248752984309
 20
178.22837440313788
 10
561.8942605303546
 20
177.8319832878582
 10
561.7585698855036
 20
177.36297524154276
 10
561.5982311961757
 20
176.92266004700298
 10
561.4132444623709
 20
176.51103770423887
 10
561.2036096840892
 20
176.1281082132504
 10
560.9693268613306
 20
175.77387157403766
 10
560.7103959940952
 20
175.44832778660052
 10
560.4268170823829
 20
175.15147685093908
 10
560.1185901261936
 20
174.88331876705328
 10
559.7891279316858
 20
174.6453703376802
 10
559.4418433050178
 20
174.43914836555686
 10
559.0767362461895
 20
174.2646528506833
 10
558.6938067552011
 20
174.12188379305942
 10
558.2930548320525
 20
174.01084119268532
 10
557.8744804767435
 20
173.93152504956097
 10
557.4380836892744
 20
173.88393536368636
 10
556.9838644696451
 20
173.86807213506148
 10
556.5157412249263
 20
173.88026975707183
 10
556.0699908205788
 20
173.91686262310293
 10
555.6466132566027
 20
173.97785073315472
 10
555.2456085329978
 20
174.06323408722724
 10
554.8669766497643
 20
174.1730126853205
 10
554.5107176069022
 20
174.30718652743442
 10
554.1768314044114
 20
174.46575561356912
 10
553.8653180422918
 20
174.6487199437245
 10
553.5739655165521
 20
174.85481551561975
 10
553.3005618232007
 20
175.082778326974
 10
553.0451069622377
 20
175.3326083777872
 10
552.8076009336629
 20
175.60430566805942
 10
552.5880437374765
 20
175.89787019779064
 10
552.3864353736783
 20
176.21330196698082
 10
552.2027758422684
 20
176.55060097563
 10
552.0370651432468
 20
176.90976722373816
 10
551.8901248780961
 20
177.28327989773416
 10
551.7627766482988
 20
177.6636181840468
 10
551.655020453855
 20
178.05078208267616
 10
551.5668562947645
 20
178.4447715936222
 10
551.4982841710275
 20
178.8455867168849
 10
551.449304082644
 20
179.25322745246427
 10
551.4199160296139
 20
179.66769380036035
 10
551.4101200119371
 20
180.08898576057308
 10
551.4211800318947
 20
180.54472178293943
 10
551.4543600917674
 20
180.98566897861963
 10
551.5096601915553
 20
181.4118273476137
 10
551.5870803312584
 20
181.82319688992163
 10
551.6866205108767
 20
182.21977760554344
 10
551.8082807304099
 20
182.60156949447912
 10
551.9520609898585
 20
182.96857255672865
 10
552.1179612892222
 20
183.32078679229204
 10
552.3042752254219
 20
183.65524179580927
 10
552.5092963953784
 20
183.9689671619203
 10
552.7330247990918
 20
184.26196289062509
 10
552.9754604365619
 20
184.5342289819237
 10
553.236603307789
 20
184.7857654358161
 10
553.5164534127728
 20
185.01657225230227
 10
553.8150107515133
 20
185.22664943138224
 10
554.1322753240108
 20
185.41599697305602
 10
554.4630015207995
 20
185.58379327584103
 10
554.8019437324137
 20
185.72921673825468
 10
555.1491019588537
 20
185.85226736029702
 10
555.5044762001193
 20
185.95294514196803
 10
555.8680664562105
 20
186.03125008326768
 10
556.2398727271272
 20
186.08718218419602
 10
556.6198950128697
 20
186.120741444753
 10
557.0081333134378
 20
186.1319278649387
 10
557.4442141003367
 20
186.11777103939298
 10
557.8625988553034
 20
186.07530056275587
 10
558.263287578338
 20
186.00451643502737
 10
558.6462802694405
 20
185.90541865620744
 10
559.0115769286109
 20
185.77800722629613
 10
559.3591775558491
 20
185.6222821452934
 10
559.6890821511553
 20
185.43824341319927
 10
560.0012907145292
 20
185.22589103001374
 10
560.2931488411813
 20
184.98787940052662
 10
560.5620021263215
 20
184.72686292952773
 10
560.80785056995
 20
184.44284161701705
 10
561.0306941720668
 20
184.13581546299463
 10
561.2305329326717
 20
183.80578446746046
 10
561.4073668517649
 20
183.45274863041448
 10
561.5611959293464
 20
183.07670795185675
 10
561.692020165416
 20
182.67766243178727
 10
560.1469037772849
 20
182.31362977489778
 10
560.0379467806742
 20
182.626217538956
 10
559.9173609630797
 20
182.91681166332717
 10
559.785146324501
 20
183.18541214801127
 10
559.6413028649384
 20
183.43201899300828
 10
559.4858305843919
 20
183.65663219831822
 10
559.3187294828614
 20
183.85925176394107
 10
559.1399995603468
 20
184.03987768987687
 10
558.9496408168484
 20
184.1985099761256
 10
558.7471476514536
 20
184.33691822588045
 10
558.5320144632502
 20
184.45687204233465
 10
558.3042412522381
 20
184.55837142548822
 10
558.0638280184173
 20
184.64141637534115
 10
557.8107747617879
 20
184.70600689189342
 10
557.5450814823498
 20
184.75214297514503
 10
557.266748180103
 20
184.779824625096
 10
556.9757748550476
 20
184.78905184174633
 10
556.6410038509601
 20
184.77881342327132
 10
556.3202632721903
 20
184.74809816784625
 10
556.0135531187381
 20
184.69690607547116
 10
555.7208733906035
 20
184.62523714614605
 10
555.4422240877865
 20
184.5330913798709
 10
555.1776052102872
 20
184.42046877664572
 10
554.9270167581054
 20
184.2873693364705
 10
554.6904587312413
 20
184.13379305934524
 10
554.4694479324319
 20
183.96296315108614
 10
554.2655011644141
 20
183.77810281750945
 10
554.078618427188
 20
183.57921205861516
 10
553.9087997207537
 20
183.3662908744032
 10
553.7560450451109
 20
183.13933926487368
 10
553.62035440026
 20
182.8983572300265
 10
553.5017277862007
 20
182.64334476986173
 10
553.4001652029331
 20
182.37430188437935
 10
553.2373617091574
 20
181.81788808034202
 10
553.1210734993177
 20
181.25287906079478
 10
553.0513005734139
 20
180.67927482573765
 10
553.028042931446
 20
180.09707537517062
 10
553.0555981811689
 20
179.36471245363668
 10
553.1382639303375
 20
178.68038161877567
 10
553.2760401789519
 20
178.04408287058757
 10
553.4689269270121
 20
177.4558162090724
 10
553.586795139703
 20
177.18260211606315
 10
553.7199577799922
 20
176.9272104552141
 10
553.86841484788
 20
176.68964122652528
 10
554.0321663433662
 20
176.46989442999669
 10
554.2112122664508
 20
176.26797006562828
 10
554.405552617134
 20
176.0838681334201
 10
554.6151873954158
 20
175.91758863337213
 10
554.8401166012959
 20
175.7691315654844
 10
555.3148758579893
 20
175.52492632482102
 10
555.8088479493518
 20
175.35049401006148
 10
556.3220328753836
 20
175.24583462120574
 10
556.8544306360844
 20
175.21094815825384
 10
557.17776241953
 20
175.222829779694
 10
557.488454180167
 20
175.25847464401443
 10
557.7865059179952
 20
175.31788275121514
 10
558.0719176330149
 20
175.40105410129613
 10
558.3446893252258
 20
175.50798869425742
 10
558.6048209946281
 20
175.638686530099
 10
558.8523126412217
 20
175.79314760882085
 10
559.0871642650067
 20
175.971371930423
 10
559.306468660737
 20
176.1729802942212
 10
559.5073186231666
 20
176.39759349953113
 10
559.6897141522957
 20
176.64521154635284
 10
559.853655248124
 20
176.9158344346863
 10
559.9991419106517
 20
177.20946216453154
 10
560.1261741398788
 20
177.52609473588856
 10
560.2347519358052
 20
177.86573214875733
 10
560.3248752984309
 20
178.22837440313788
  0
CIRCLE
  5
DC
330
17
100
AcDbEntity
  8
cut
 62
5
420
255
100
AcDbCircle
 10
651.5999999999999
 20
180.00000000000006
 30
0.0
 40
4.4
  0
CIRCLE
  5
DD
330
17
100
AcDbEntity
  8
cut
 62
5
420
255
100
AcDbCircle
 10
887.3999999999999
 20
180.00000000000009
 30
0.0
 40
4.4
  0
LWPOLYLINE
  5
DE
330
17
100
AcDbEntity
  8
cut
 62
5
420
255
100
AcDbPolyline
 90
4
 70
1
 10
887.3999999999999
 20
150.00000000000009
 42
0.9999999999999999
 10
887.3999999999999
 20
210.00000000000009
 10
651.5999999999999
 20
210.00000000000006
 42
0.9999999999999999
 10
651.5999999999999
 20
150.00000000000006
  0
LWPOLYLINE
  5
DF
330
17
100
AcDbEntity
  8
line engraving
 62
1
420
16711680
100
AcDbPolyline
 90
7
 70
0
 10
823.2057394696451
 20
174.07031250000009
 10
823.2057394696451
 20
185.92968750000009
 10
824.7751247015688
 20
185.92968750000009
 10
824.7751247015688
 20
175.46981582537526
 10
830.6158264409958
 20
175.46981582537526
 10
830.6158264409958
 20
174.07031250000009
 10
823.2057394696451
 20
174.07031250000009
  0
LWPOLYLINE
  5
E0
330
17
100
AcDbEntity
  8
line engraving
 62
1
420
16711680
100
AcDbPolyline
 90
5
 70
0
 10
832.3065558918825
 20
184.2551372783084
 10
832.3065558918825
 20
185.92968750000009
 10
833.7626865194404
 20
185.92968750000009
 10
833.7626865194404
 20
184.2551372783084
 10
832.3065558918825
 20
184.2551372783084
  0
LWPOLYLINE
  5
E1
330
17
100
AcDbEntity
  8
line engraving
 62
1
420
16711680
100
AcDbPolyline
 90
5
 70
0
 10
832.3065558918825
 20
174.07031250000009
 10
832.3065558918825
 20
182.66148320259217
 10
833.7626865194404
 20
182.66148320259217
 10
833.7626865194404
 20
174.07031250000009
 10
832.3065558918825
 20
174.07031250000009
  0
LWPOLYLINE
  5
E2
330
17
100
AcDbEntity
  8
line engraving
 62
1
420
16711680
100
AcDbPolyline
 90
61
 70
0
 10
835.9792409191676
 20
174.07031250000009
 10
835.9792409191676
 20
182.66148320259217
 10
837.2897584839698
 20
182.66148320259217
 10
837.2897584839698
 20
181.43995139836298
 10
837.539525334669
 20
181.77175199709038
 10
837.8155834328102
 20
182.05931251598747
 10
838.1179327783934
 20
182.30263295505424
 10
838.4465733714186
 20
182.50171331429067
 10
838.8015052118859
 20
182.6565535936968
 10
839.1827282997951
 20
182.7671537932726
 10
839.5902426351465
 20
182.83351391301807
 10
840.0240482179398
 20
182.85563395293323
 10
840.4045129044806
 20
182.83819072145727
 10
840.7693039627386
 20
182.7858610270294
 10
841.1184213927138
 20
182.69864486964963
 10
841.4518651944063
 20
182.57654224931795
 10
841.7569953450075
 20
182.42612597789486
 10
842.0211718217085
 20
182.25396886724087
 10
842.2443946245095
 20
182.06007091735597
 10
842.4266637534105
 20
181.8444321282402
 10
842.576321623465
 20
181.60730530034968
 10
842.7017106497269
 20
181.34894323414062
 10
842.8028308321963
 20
181.06934592961298
 10
842.8796821708729
 20
180.76851338676678
 10
842.9150742347372
 20
180.5283529534022
 10
842.9403542803545
 20
180.21235238318562
 10
842.9555223077249
 20
179.82051167611706
 10
842.9605783168483
 20
179.35283083219653
 10
842.9605783168483
 20
174.07031250000009
 10
841.5044476892904
 20
174.07031250000009
 10
841.5044476892904
 20
179.29620353001374
 10
841.4938300701311
 20
179.71307148224344
 10
841.4619772126532
 20
180.0738177332027
 10
841.4088891168569
 20
180.37844228289146
 10
841.334565782742
 20
180.62694513130978
 10
841.2331927998165
 20
180.83626390902123
 10
841.0989557575884
 20
181.02333624658945
 10
840.9318546560579
 20
181.18816214401443
 10
840.7318894952249
 20
181.33074160129613
 10
840.5061386878622
 20
181.44576580885496
 10
840.2616806467427
 20
181.52792595711128
 10
839.9985153718662
 20
181.57722204606506
 10
839.7166428632331
 20
181.59365407571633
 10
839.4880480507385
 20
181.584426859066
 10
839.2674164526132
 20
181.55674520911504
 10
839.0547480688575
 20
181.51060912586343
 10
838.8500428994712
 20
181.44601860931115
 10
838.6533009444544
 20
181.36297365945822
 10
838.464522203807
 20
181.26147427630465
 10
838.283706677529
 20
181.14152045985045
 10
838.1108543656205
 20
181.0031122100956
 10
837.952538079942
 20
180.83891831381106
 10
837.815330632354
 20
180.64160755776783
 10
837.6992320228564
 20
180.4111799419659
 10
837.6042422514494
 20
180.1476354664053
 10
837.5303613181327
 20
179.85097413108596
 10
837.4775892229065
 20
179.52119593600793
 10
837.4459259657708
 20
179.15830088117121
 10
837.4353715467256
 20
178.7622889665758
 10
837.4353715467256
 20
174.07031250000009
 10
835.9792409191676
 20
174.07031250000009
  0
LWPOLYLINE
  5
E3
330
17
100
AcDbEntity
  8
line engraving
 62
1
420
16711680
100
AcDbPolyline
 90
13
 70
0
 10
845.2014015603681
 20
174.07031250000009
 10
845.2014015603681
 20
185.92968750000009
 10
846.6575321879261
 20
185.92968750000009
 10
846.6575321879261
 20
179.16676969645303
 10
850.10370800648
 20
182.66148320259217
 10
851.9885882077078
 20
182.66148320259217
 10
848.7042046811049
 20
179.4741750511597
 10
852.3202624062072
 20
174.07031250000009
 10
850.5243679655523
 20
174.07031250000009
 10
847.6849132418142
 20
178.46297322646666
 10
846.6575321879261
 20
177.47604024556625
 10
846.6575321879261
 20
174.07031250000009
 10
845.2014015603681
 20
174.07031250000009
  0
LWPOLYLINE
  5
E4
330
17
100
AcDbEntity
  8
line engraving
 62
1
420
16711680
100
AcDbPolyline
 90
151
 70
0
 10
862.1248752984309
 20
178.22837440313788
 10
863.6942605303545
 20
177.8319832878582
 10
863.5585698855035
 20
177.36297524154276
 10
863.3982311961756
 20
176.92266004700298
 10
863.2132444623709
 20
176.51103770423887
 10
863.0036096840892
 20
176.1281082132504
 10
862.7693268613306
 20
175.77387157403766
 10
862.5103959940951
 20
175.44832778660052
 10
862.2268170823828
 20
175.15147685093908
 10
861.9185901261935
 20
174.88331876705328
 10
861.5891279316858
 20
174.6453703376802
 10
861.2418433050177
 20
174.43914836555686
 10
860.8767362461895
 20
174.2646528506833
 10
860.493806755201
 20
174.12188379305942
 10
860.0930548320524
 20
174.01084119268532
 10
859.6744804767435
 20
173.93152504956097
 10
859.2380836892744
 20
173.88393536368636
 10
858.7838644696451
 20
173.86807213506148
 10
858.3157412249262
 20
173.88026975707183
 10
857.8699908205788
 20
173.91686262310293
 10
857.4466132566026
 20
173.97785073315472
 10
857.0456085329978
 20
174.06323408722724
 10
856.6669766497643
 20
174.1730126853205
 10
856.3107176069021
 20
174.30718652743442
 10
855.9768314044113
 20
174.46575561356912
 10
855.6653180422918
 20
174.6487199437245
 10
855.3739655165521
 20
174.85481551561975
 10
855.1005618232007
 20
175.082778326974
 10
854.8451069622377
 20
175.3326083777872
 10
854.6076009336629
 20
175.60430566805942
 10
854.3880437374764
 20
175.89787019779064
 10
854.1864353736783
 20
176.21330196698082
 10
854.0027758422683
 20
176.55060097563
 10
853.8370651432467
 20
176.90976722373816
 10
853.6901248780961
 20
177.28327989773416
 10
853.5627766482987
 20
177.6636181840468
 10
853.4550204538549
 20
178.05078208267616
 10
853.3668562947645
 20
178.4447715936222
 10
853.2982841710275
 20
178.8455867168849
 10
853.2493040826439
 20
179.25322745246427
 10
853.2199160296138
 20
179.66769380036035
 10
853.2101200119371
 20
180.08898576057308
 10
853.2211800318946
 20
180.54472178293943
 10
853.2543600917674
 20
180.98566897861963
 10
853.3096601915553
 20
181.4118273476137
 10
853.3870803312584
 20
181.82319688992163
 10
853.4866205108766
 20
182.21977760554344
 10
853.6082807304099
 20
182.60156949447912
 10
853.7520609898585
 20
182.96857255672865
 10
853.9179612892221
 20
183.32078679229204
 10
854.1042752254218
 20
183.65524179580927
 10
854.3092963953784
 20
183.9689671619203
 10
854.5330247990918
 20
184.26196289062509
 10
854.7754604365618
 20
184.5342289819237
 10
855.0366033077889
 20
184.7857654358161
 10
855.3164534127727
 20
185.01657225230227
 10
855.6150107515133
 20
185.22664943138224
 10
855.9322753240108
 20
185.41599697305602
 10
856.2630015207994
 20
185.58379327584103
 10
856.6019437324137
 20
185.72921673825468
 10
856.9491019588537
 20
185.85226736029702
 10
857.3044762001192
 20
185.95294514196803
 10
857.6680664562105
 20
186.03125008326768
 10
858.0398727271272
 20
186.08718218419602
 10
858.4198950128697
 20
186.120741444753
 10
858.8081333134378
 20
186.1319278649387
 10
859.2442141003366
 20
186.11777103939298
 10
859.6625988553034
 20
186.07530056275587
 10
860.063287578338
 20
186.00451643502737
 10
860.4462802694404
 20
185.90541865620744
 10
860.8115769286109
 20
185.77800722629613
 10
861.159177555849
 20
185.6222821452934
 10
861.4890821511552
 20
185.43824341319927
 10
861.8012907145292
 20
185.22589103001374
 10
862.0931488411812
 20
184.98787940052662
 10
862.3620021263215
 20
184.72686292952773
 10
862.60785056995
 20
184.44284161701705
 10
862.8306941720667
 20
184.13581546299463
 10
863.0305329326717
 20
183.80578446746046
 10
863.2073668517648
 20
183.45274863041448
 10
863.3611959293463
 20
183.07670795185675
 10
863.492020165416
 20
182.67766243178727
 10
861.9469037772849
 20
182.31362977489778
 10
861.8379467806742
 20
182.626217538956
 10
861.7173609630796
 20
182.91681166332717
 10
861.585146324501
 20
183.18541214801127
 10
861.4413028649384
 20
183.43201899300828
 10
861.2858305843919
 20
183.65663219831822
 10
861.1187294828613
 20
183.85925176394107
 10
860.9399995603468
 20
184.03987768987687
 10
860.7496408168483
 20
184.1985099761256
 10
860.5471476514535
 20
184.33691822588045
 10
860.3320144632502
 20
184.45687204233465
 10
860.104241252238
 20
184.55837142548822
 10
859.8638280184173
 20
184.64141637534115
 10
859.6107747617879
 20
184.70600689189342
 10
859.3450814823498
 20
184.75214297514503
 10
859.066748180103
 20
184.779824625096
 10
858.7757748550475
 20
184.78905184174633
 10
858.4410038509601
 20
184.77881342327132
 10
858.1202632721903
 20
184.74809816784625
 10
857.813553118738
 20
184.69690607547116
 10
857.5208733906035
 20
184.62523714614605
 10
857.2422240877864
 20
184.5330913798709
 10
856.9776052102872
 20
184.42046877664572
 10
856.7270167581054
 20
184.2873693364705
 10
856.4904587312412
 20
184.13379305934524
 10
856.2694479324318
 20
183.96296315108614
 10
856.0655011644141
 20
183.77810281750945
 10
855.8786184271879
 20
183.57921205861516
 10
855.7087997207536
 20
183.3662908744032
 10
855.5560450451109
 20
183.13933926487368
 10
855.42035440026
 20
182.8983572300265
 10
855.3017277862007
 20
182.64334476986173
 10
855.200165202933
 20
182.37430188437935
 10
855.0373617091574
 20
181.81788808034202
 10
854.9210734993177
 20
181.25287906079478
 10
854.8513005734138
 20
180.67927482573765
 10
854.8280429314459
 20
180.09707537517062
 10
854.8555981811688
 20
179.36471245363668
 10
854.9382639303375
 20
178.68038161877567
 10
855.0760401789519
 20
178.04408287058757
 10
855.2689269270121
 20
177.4558162090724
 10
855.3867951397029
 20
177.18260211606315
 10
855.5199577799922
 20
176.9272104552141
 10
855.66841484788
 20
176.68964122652528
 10
855.8321663433661
 20
176.46989442999669
 10
856.0112122664508
 20
176.26797006562828
 10
856.205552617134
 20
176.0838681334201
 10
856.4151873954157
 20
175.91758863337213
 10
856.6401166012959
 20
175.7691315654844
 10
857.1148758579892
 20
175.52492632482102
 10
857.6088479493518
 20
175.35049401006148
 10
858.1220328753835
 20
175.24583462120574
 10
858.6544306360844
 20
175.21094815825384
 10
858.97776241953
 20
175.222829779694
 10
859.2884541801669
 20
175.25847464401443
 10
859.5865059179952
 20
175.31788275121514
 10
859.8719176330148
 20
175.40105410129613
 10
860.1446893252257
 20
175.50798869425742
 10
860.404820994628
 20
175.638686530099
 10
860.6523126412217
 20
175.79314760882085
 10
860.8871642650066
 20
175.971371930423
 10
861.1064686607369
 20
176.1729802942212
 10
861.3073186231666
 20
176.39759349953113
 10
861.4897141522956
 20
176.64521154635284
 10
861.653655248124
 20
176.9158344346863
 10
861.7991419106517
 20
177.20946216453154
 10
861.9261741398788
 20
177.52609473588856
 10
862.0347519358052
 20
177.86573214875733
 10
862.1248752984309
 20
178.22837440313788
  0
CIRCLE
  5
E5
330
17
100
AcDbEntity
  8
cut
 62
5
420
255
100
AcDbCircle
 10
349.7999999999999
 20
246.00000000000009
 30
0.0
 40
4.4
  0
CIRCLE
  5
E6
330
17
100
AcDbEntity
  8
cut
 62
5
420
255
100
AcDbCircle
 10
585.5999999999999
 20
246.0000000000001
 30
0.0
 40
4.4
  0
LWPOLYLINE
  5
E7
330
17
100
AcDbEntity
  8
cut
 62
5
420
255
100
AcDbPolyline
 90
4
 70
1
 10
585.5999999999999
 20
216.0000000000001
 42
0.9999999999999999
 10
585.5999999999999
 20
276.0000000000001
 10
349.7999999999999
 20
276.0000000000001
 42
0.9999999999999999
 10
349.79999999999995
 20
216.00000000000009
  0
LWPOLYLINE
  5
E8
330
17
100
AcDbEntity
  8
line engraving
 62
1
420
16711680
100
AcDbPolyline
 90
7
 70
0
 10
521.4057394696451
 20
240.0703125000001
 10
521.4057394696451
 20
251.9296875000001
 10
522.9751247015688
 20
251.9296875000001
 10
522.9751247015688
 20
241.4698158253753
 10
528.8158264409958
 20
241.4698158253753
 10
528.8158264409958
 20
240.0703125000001
 10
521.4057394696451
 20
240.0703125000001
  0
LWPOLYLINE
  5
E9
330
17
100
AcDbEntity
  8
line engraving
 62
1
420
16711680
100
AcDbPolyline
 90
5
 70
0
 10
530.5065558918825
 20
250.25513727830844
 10
530.5065558918825
 20
251.9296875000001
 10
531.9626865194405
 20
251.9296875000001
 10
531.9626865194405
 20
250.25513727830844
 10
530.5065558918825
 20
250.25513727830844
  0
LWPOLYLINE
  5
EA
330
17
100
AcDbEntity
  8
line engraving
 62
1
420
16711680
100
AcDbPolyline
 90
5
 70
0
 10
530.5065558918825
 20
240.0703125000001
 10
530.5065558918825
 20
248.6614832025922
 10
531.9626865194405
 20
248.6614832025922
 10
531.9626865194405
 20
240.0703125000001
 10
530.5065558918825
 20
240.0703125000001
  0
LWPOLYLINE
  5
EB
330
17
100
AcDbEntity
  8
line engraving
 62
1
420
16711680
100
AcDbPolyline
 90
61
 70
0
 10
534.1792409191677
 20
240.0703125000001
 10
534.1792409191677
 20
248.6614832025922
 10
535.4897584839698
 20
248.6614832025922
 10
535.4897584839698
 20
247.439951398363
 10
535.739525334669
 20
247.7717519970904
 10
536.0155834328102
 20
248.0593125159875
 10
536.3179327783935
 20
248.30263295505426
 10
536.6465733714186
 20
248.5017133142907
 10
537.001505211886
 20
248.65655359369683
 10
537.3827282997952
 20
248.76715379327263
 10
537.7902426351466
 20
248.8335139130181
 10
538.2240482179399
 20
248.85563395293326
 10
538.6045129044807
 20
248.8381907214573
 10
538.9693039627386
 20
248.78586102702945
 10
539.3184213927138
 20
248.69864486964966
 10
539.6518651944064
 20
248.57654224931798
 10
539.9569953450075
 20
248.42612597789488
 10
540.2211718217086
 20
248.2539688672409
 10
540.4443946245095
 20
248.060070917356
 10
540.6266637534105
 20
247.84443212824021
 10
540.776321623465
 20
247.6073053003497
 10
540.901710649727
 20
247.34894323414062
 10
541.0028308321963
 20
247.069345929613
 10
541.079682170873
 20
246.7685133867668
 10
541.1150742347372
 20
246.52835295340222
 10
541.1403542803546
 20
246.21235238318565
 10
541.1555223077249
 20
245.8205116761171
 10
541.1605783168484
 20
245.35283083219656
 10
541.1605783168484
 20
240.0703125000001
 10
539.7044476892904
 20
240.0703125000001
 10
539.7044476892904
 20
245.29620353001377
 10
539.6938300701312
 20
245.71307148224346
 10
539.6619772126533
 20
246.0738177332027
 10
539.608889116857
 20
246.37844228289148
 10
539.534565782742
 20
246.6269451313098
 10
539.4331927998165
 20
246.83626390902128
 10
539.2989557575885
 20
247.02333624658948
 10
539.131854656058
 20
247.18816214401443
 10
538.9318894952249
 20
247.33074160129615
 10
538.7061386878622
 20
247.445765808855
 10
538.4616806467427
 20
247.5279259571113
 10
538.1985153718663
 20
247.5772220460651
 10
537.9166428632332
 20
247.59365407571636
 10
537.6880480507385
 20
247.58442685906604
 10
537.4674164526133
 20
247.55674520911506
 10
537.2547480688576
 20
247.51060912586345
 10
537.0500428994712
 20
247.44601860931118
 10
536.8533009444544
 20
247.36297365945825
 10
536.664522203807
 20
247.26147427630468
 10
536.4837066775291
 20
247.14152045985048
 10
536.3108543656206
 20
247.00311221009562
 10
536.152538079942
 20
246.8389183138111
 10
536.015330632354
 20
246.64160755776786
 10
535.8992320228565
 20
246.41117994196594
 10
535.8042422514494
 20
246.1476354664053
 10
535.7303613181327
 20
245.850974131086
 10
535.6775892229066
 20
245.52119593600796
 10
535.6459259657709
 20
245.15830088117124
 10
535.6353715467257
 20
244.76228896657582
 10
535.6353715467257
 20
240.0703125000001
 10
534.1792409191677
 20
240.0703125000001
  0
LWPOLYLINE
  5
EC
330
17
100
AcDbEntity
  8
line engraving
 62
1
420
16711680
100
AcDbPolyline
 90
13
 70
0
 10
543.4014015603682
 20
240.0703125000001
 10
543.4014015603682
 20
251.9296875000001
 10
544.8575321879262
 20
251.9296875000001
 10
544.8575321879262
 20
245.16676969645306
 10
548.3037080064801
 20
248.6614832025922
 10
550.1885882077079
 20
248.6614832025922
 10
546.9042046811049
 20
245.47417505115973
 10
550.5202624062073
 20
240.0703125000001
 10
548.7243679655523
 20
240.0703125000001
 10
545.8849132418143
 20
244.4629732264667
 10
544.8575321879262
 20
243.47604024556628
 10
544.8575321879262
 20
240.0703125000001
 10
543.4014015603682
 20
240.0703125000001
  0
LWPOLYLINE
  5
ED
330
17
100
AcDbEntity
  8
line engraving
 62
1
420
16711680
100
AcDbPolyline
 90
151
 70
0
 10
560.3248752984309
 20
244.2283744031379
 10
561.8942605303546
 20
243.83198328785824
 10
561.7585698855036
 20
243.36297524154278
 10
561.5982311961757
 20
242.922660047003
 10
561.4132444623709
 20
242.5110377042389
 10
561.2036096840892
 20
242.12810821325047
 10
560.9693268613306
 20
241.77387157403768
 10
560.7103959940952
 20
241.44832778660054
 10
560.4268170823829
 20
241.1514768509391
 10
560.1185901261936
 20
240.8833187670533
 10
559.7891279316858
 20
240.64537033768022
 10
559.4418433050178
 20
240.4391483655569
 10
559.0767362461895
 20
240.26465285068332
 10
558.6938067552011
 20
240.12188379305945
 10
558.2930548320525
 20
240.01084119268535
 10
557.8744804767435
 20
239.931525049561
 10
557.4380836892744
 20
239.8839353636864
 10
556.9838644696451
 20
239.8680721350615
 10
556.5157412249263
 20
239.88026975707186
 10
556.0699908205788
 20
239.91686262310296
 10
555.6466132566027
 20
239.97785073315475
 10
555.2456085329978
 20
240.06323408722727
 10
554.8669766497643
 20
240.17301268532051
 10
554.5107176069022
 20
240.30718652743445
 10
554.1768314044114
 20
240.46575561356914
 10
553.8653180422918
 20
240.64871994372453
 10
553.5739655165521
 20
240.85481551561978
 10
553.3005618232007
 20
241.08277832697402
 10
553.0451069622377
 20
241.33260837778727
 10
552.8076009336629
 20
241.60430566805945
 10
552.5880437374765
 20
241.89787019779067
 10
552.3864353736783
 20
242.21330196698085
 10
552.2027758422684
 20
242.55060097563003
 10
552.0370651432468
 20
242.90976722373819
 10
551.8901248780961
 20
243.2832798977342
 10
551.7627766482988
 20
243.66361818404684
 10
551.655020453855
 20
244.0507820826762
 10
551.5668562947645
 20
244.44477159362222
 10
551.4982841710275
 20
244.84558671688492
 10
551.449304082644
 20
245.2532274524643
 10
551.4199160296139
 20
245.66769380036038
 10
551.4101200119371
 20
246.0889857605731
 10
551.4211800318947
 20
246.54472178293946
 10
551.4543600917674
 20
246.98566897861966
 10
551.5096601915553
 20
247.41182734761372
 10
551.5870803312584
 20
247.82319688992166
 10
551.6866205108767
 20
248.21977760554347
 10
551.8082807304099
 20
248.60156949447915
 10
551.9520609898585
 20
248.96857255672867
 10
552.1179612892222
 20
249.32078679229207
 10
552.3042752254219
 20
249.65524179580927
 10
552.5092963953784
 20
249.9689671619203
 10
552.7330247990918
 20
250.2619628906251
 10
552.9754604365619
 20
250.53422898192372
 10
553.236603307789
 20
250.7857654358161
 10
553.5164534127728
 20
251.0165722523023
 10
553.8150107515133
 20
251.22664943138227
 10
554.1322753240108
 20
251.41599697305605
 10
554.4630015207995
 20
251.58379327584106
 10
554.8019437324137
 20
251.7292167382547
 10
555.1491019588537
 20
251.85226736029705
 10
555.5044762001193
 20
251.95294514196806
 10
555.8680664562105
 20
252.0312500832677
 10
556.2398727271272
 20
252.08718218419605
 10
556.6198950128697
 20
252.12074144475304
 10
557.0081333134378
 20
252.13192786493872
 10
557.4442141003367
 20
252.117771039393
 10
557.8625988553034
 20
252.0753005627559
 10
558.263287578338
 20
252.0045164350274
 10
558.6462802694405
 20
251.90541865620747
 10
559.0115769286109
 20
251.77800722629615
 10
559.3591775558491
 20
251.62228214529344
 10
559.6890821511553
 20
251.4382434131993
 10
560.0012907145292
 20
251.22589103001377
 10
560.2931488411813
 20
250.98787940052665
 10
560.5620021263215
 20
250.72686292952775
 10
560.80785056995
 20
250.44284161701708
 10
561.0306941720668
 20
250.13581546299466
 10
561.2305329326717
 20
249.80578446746048
 10
561.4073668517649
 20
249.4527486304145
 10
561.5611959293464
 20
249.07670795185678
 10
561.692020165416
 20
248.6776624317873
 10
560.1469037772849
 20
248.3136297748978
 10
560.0379467806742
 20
248.62621753895604
 10
559.9173609630797
 20
248.9168116633272
 10
559.785146324501
 20
249.1854121480113
 10
559.6413028649384
 20
249.43201899300828
 10
559.4858305843919
 20
249.65663219831825
 10
559.3187294828614
 20
249.8592517639411
 10
559.1399995603468
 20
250.0398776898769
 10
558.9496408168484
 20
250.19850997612562
 10
558.7471476514536
 20
250.33691822588048
 10
558.5320144632502
 20
250.45687204233468
 10
558.3042412522381
 20
250.55837142548825
 10
558.0638280184173
 20
250.64141637534118
 10
557.8107747617879
 20
250.70600689189345
 10
557.5450814823498
 20
250.75214297514506
 10
557.266748180103
 20
250.77982462509604
 10
556.9757748550476
 20
250.78905184174636
 10
556.6410038509601
 20
250.77881342327134
 10
556.3202632721903
 20
250.74809816784628
 10
556.0135531187381
 20
250.6969060754712
 10
555.7208733906035
 20
250.62523714614608
 10
555.4422240877865
 20
250.53309137987094
 10
555.1776052102872
 20
250.42046877664575
 10
554.9270167581054
 20
250.28736933647053
 10
554.6904587312413
 20
250.13379305934527
 10
554.4694479324319
 20
249.96296315108617
 10
554.2655011644141
 20
249.77810281750948
 10
554.078618427188
 20
249.57921205861518
 10
553.9087997207537
 20
249.36629087440326
 10
553.7560450451109
 20
249.1393392648737
 10
553.62035440026
 20
248.89835723002653
 10
553.5017277862007
 20
248.64334476986176
 10
553.4001652029331
 20
248.37430188437938
 10
553.2373617091574
 20
247.81788808034204
 10
553.1210734993177
 20
247.25287906079478
 10
553.0513005734139
 20
246.67927482573768
 10
553.028042931446
 20
246.09707537517065
 10
553.0555981811689
 20
245.3647124536367
 10
553.1382639303375
 20
244.6803816187757
 10
553.2760401789519
 20
244.0440828705876
 10
553.4689269270121
 20
243.45581620907242
 10
553.586795139703
 20
243.18260211606318
 10
553.7199577799922
 20
242.92721045521412
 10
553.86841484788
 20
242.6896412265253
 10
554.0321663433662
 20
242.4698944299967
 10
554.2112122664508
 20
242.2679700656283
 10
554.405552617134
 20
242.08386813342014
 10
554.6151873954158
 20
241.91758863337216
 10
554.8401166012959
 20
241.76913156548443
 10
555.3148758579893
 20
241.52492632482105
 10
555.8088479493518
 20
241.3504940100615
 10
556.3220328753836
 20
241.24583462120577
 10
556.8544306360844
 20
241.21094815825387
 10
557.17776241953
 20
241.22282977969402
 10
557.488454180167
 20
241.25847464401446
 10
557.7865059179952
 20
241.31788275121517
 10
558.0719176330149
 20
241.40105410129615
 10
558.3446893252258
 20
241.50798869425745
 10
558.6048209946281
 20
241.63868653009902
 10
558.8523126412217
 20
241.79314760882087
 10
559.0871642650067
 20
241.97137193042303
 10
559.306468660737
 20
242.17298029422122
 10
559.5073186231666
 20
242.39759349953115
 10
559.6897141522957
 20
242.64521154635287
 10
559.853655248124
 20
242.91583443468633
 10
559.9991419106517
 20
243.20946216453157
 10
560.1261741398788
 20
243.5260947358886
 10
560.2347519358052
 20
243.86573214875736
 10
560.3248752984309
 20
244.2283744031379
  0
CIRCLE
  5
EE
330
17
100
AcDbEntity
  8
cut
 62
5
420
255
100
AcDbCircle
 10
651.5999999999999
 20
246.00000000000009
 30
0.0
 40
4.4
  0
CIRCLE
  5
EF
330
17
100
AcDbEntity
  8
cut
 62
5
420
255
100
AcDbCircle
 10
887.3999999999999
 20
246.0000000000001
 30
0.0
 40
4.4
  0
LWPOLYLINE
  5
F0
330
17
100
AcDbEntity
  8
cut
 62
5
420
255
100
AcDbPolyline
 90
4
 70
1
 10
887.3999999999999
 20
216.0000000000001
 42
0.9999999999999999
 10
887.3999999999999
 20
276.0000000000001
 10
651.5999999999999
 20
276.0000000000001
 42
0.9999999999999999
 10
651.5999999999999
 20
216.00000000000009
  0
LWPOLYLINE
  5
F1
330
17
100
AcDbEntity
  8
line engraving
 62
1
420
16711680
100
AcDbPolyline
 90
7
 70
0
 10
823.2057394696451
 20
240.0703125000001
 10
823.2057394696451
 20
251.9296875000001
 10
824.7751247015688
 20
251.9296875000001
 10
824.7751247015688
 20
241.4698158253753
 10
830.6158264409958
 20
241.4698158253753
 10
830.6158264409958
 20
240.0703125000001
 10
823.2057394696451
 20
240.0703125000001
  0
LWPOLYLINE
  5
F2
330
17
100
AcDbEntity
  8
line engraving
 62
1
420
16711680
100
AcDbPolyline
 90
5
 70
0
 10
832.3065558918825
 20
250.25513727830844
 10
832.3065558918825
 20
251.9296875000001
 10
833.7626865194404
 20
251.9296875000001
 10
833.7626865194404
 20
250.25513727830844
 10
832.3065558918825
 20
250.25513727830844
  0
LWPOLYLINE
  5
F3
330
17
100
AcDbEntity
  8
line engraving
 62
1
420
16711680
100
AcDbPolyline
 90
5
 70
0
 10
832.3065558918825
 20
240.0703125000001
 10
832.3065558918825
 20
248.6614832025922
 10
833.7626865194404
 20
248.6614832025922
 10
833.7626865194404
 20
240.0703125000001
 10
832.3065558918825
 20
240.0703125000001
  0
LWPOLYLINE
  5
F4
330
17
100
AcDbEntity
  8
line engraving
 62
1
420
16711680
100
AcDbPolyline
 90
61
 70
0
 10
835.9792409191676
 20
240.0703125000001
 10
835.9792409191676
 20
248.6614832025922
 10
837.2897584839698
 20
248.6614832025922
 10
837.2897584839698
 20
247.439951398363
 10
837.539525334669
 20
247.7717519970904
 10
837.8155834328102
 20
248.0593125159875
 10
838.1179327783934
 20
248.30263295505426
 10
838.4465733714186
 20
248.5017133142907
 10
838.8015052118859
 20
248.65655359369683
 10
839.1827282997951
 20
248.76715379327263
 10
839.5902426351465
 20
248.8335139130181
 10
840.0240482179398
 20
248.85563395293326
 10
840.4045129044806
 20
248.8381907214573
 10
840.7693039627386
 20
248.78586102702945
 10
841.1184213927138
 20
248.69864486964966
 10
841.4518651944063
 20
248.57654224931798
 10
841.7569953450075
 20
248.42612597789488
 10
842.0211718217085
 20
248.2539688672409
 10
842.2443946245095
 20
248.060070917356
 10
842.4266637534105
 20
247.84443212824021
 10
842.576321623465
 20
247.6073053003497
 10
842.7017106497269
 20
247.34894323414062
 10
842.8028308321963
 20
247.069345929613
 10
842.8796821708729
 20
246.7685133867668
 10
842.9150742347372
 20
246.52835295340222
 10
842.9403542803545
 20
246.21235238318565
 10
842.9555223077249
 20
245.8205116761171
 10
842.9605783168483
 20
245.35283083219656
 10
842.9605783168483
 20
240.0703125000001
 10
841.5044476892904
 20
240.0703125000001
 10
841.5044476892904
 20
245.29620353001377
 10
841.4938300701311
 20
245.71307148224346
 10
841.4619772126532
 20
246.0738177332027
 10
841.4088891168569
 20
246.37844228289148
 10
841.334565782742
 20
246.6269451313098
 10
841.2331927998165
 20
246.83626390902128
 10
841.0989557575884
 20
247.02333624658948
 10
840.9318546560579
 20
247.18816214401443
 10
840.7318894952249
 20
247.33074160129615
 10
840.5061386878622
 20
247.445765808855
 10
840.2616806467427
 20
247.5279259571113
 10
839.9985153718662
 20
247.5772220460651
 10
839.7166428632331
 20
247.59365407571636
 10
839.4880480507385
 20
247.58442685906604
 10
839.2674164526132
 20
247.55674520911506
 10
839.0547480688575
 20
247.51060912586345
 10
838.8500428994712
 20
247.44601860931118
 10
838.6533009444544
 20
247.36297365945825
 10
838.464522203807
 20
247.26147427630468
 10
838.283706677529
 20
247.14152045985048
 10
838.1108543656205
 20
247.00311221009562
 10
837.952538079942
 20
246.8389183138111
 10
837.815330632354
 20
246.64160755776786
 10
837.6992320228564
 20
246.41117994196594
 10
837.6042422514494
 20
246.1476354664053
 10
837.5303613181327
 20
245.850974131086
 10
837.4775892229065
 20
245.52119593600796
 10
837.4459259657708
 20
245.15830088117124
 10
837.4353715467256
 20
244.76228896657582
 10
837.4353715467256
 20
240.0703125000001
 10
835.9792409191676
 20
240.0703125000001
  0
LWPOLYLINE
  5
F5
330
17
100
AcDbEntity
  8
line engraving
 62
1
420
16711680
100
AcDbPolyline
 90
13
 70
0
 10
845.2014015603681
 20
240.0703125000001
 10
845.2014015603681
 20
251.9296875000001
 10
846.6575321879261
 20
251.9296875000001
 10
846.6575321879261
 20
245.16676969645306
 10
850.10370800648
 20
248.6614832025922
 10
851.9885882077078
 20
248.6614832025922
 10
848.7042046811049
 20
245.47417505115973
 10
852.3202624062072
 20
240.0703125000001
 10
850.5243679655523
 20
240.0703125000001
 10
847.6849132418142
 20
244.4629732264667
 10
846.6575321879261
 20
243.47604024556628
 10
846.6575321879261
 20
240.0703125000001
 10
845.2014015603681
 20
240.0703125000001
  0
LWPOLYLINE
  5
F6
330
17
100
AcDbEntity
  8
line engraving
 62
1
420
16711680
100
AcDbPolyline
 90
151
 70
0
 10
862.1248752984309
 20
244.2283744031379
 10
863.6942605303545
 20
243.83198328785824
 10
863.5585698855035
 20
243.36297524154278
 10
863.3982311961756
 20
242.922660047003
 10
863.2132444623709
 20
242.5110377042389
 10
863.0036096840892
 20
242.12810821325047
 10
862.7693268613306
 20
241.77387157403768
 10
862.5103959940951
 20
241.44832778660054
 10
862.2268170823828
 20
241.1514768509391
 10
861.9185901261935
 20
240.8833187670533
 10
861.5891279316858
 20
240.64537033768022
 10
861.2418433050177
 20
240.4391483655569
 10
860.8767362461895
 20
240.26465285068332
 10
860.493806755201
 20
240.12188379305945
 10
860.0930548320524
 20
240.01084119268535
 10
859.6744804767435
 20
239.931525049561
 10
859.2380836892744
 20
239.8839353636864
 10
858.7838644696451
 20
239.8680721350615
 10
858.3157412249262
 20
239.88026975707186
 10
857.8699908205788
 20
239.91686262310296
 10
857.4466132566026
 20
239.97785073315475
 10
857.0456085329978
 20
240.06323408722727
 10
856.6669766497643
 20
240.17301268532051
 10
856.3107176069021
 20
240.30718652743445
 10
855.9768314044113
 20
240.46575561356914
 10
855.6653180422918
 20
240.64871994372453
 10
855.3739655165521
 20
240.85481551561978
 10
855.1005618232007
 20
241.08277832697402
 10
854.8451069622377
 20
241.33260837778727
 10
854.6076009336629
 20
241.60430566805945
 10
854.3880437374764
 20
241.89787019779067
 10
854.1864353736783
 20
242.21330196698085
 10
854.0027758422683
 20
242.55060097563003
 10
853.8370651432467
 20
242.90976722373819
 10
853.6901248780961
 20
243.2832798977342
 10
853.5627766482987
 20
243.66361818404684
 10
853.4550204538549
 20
244.0507820826762
 10
853.3668562947645
 20
244.44477159362222
 10
853.2982841710275
 20
244.84558671688492
 10
853.2493040826439
 20
245.2532274524643
 10
853.2199160296138
 20
245.66769380036038
 10
853.2101200119371
 20
246.0889857605731
 10
853.2211800318946
 20
246.54472178293946
 10
853.2543600917674
 20
246.98566897861966
 10
853.3096601915553
 20
247.41182734761372
 10
853.3870803312584
 20
247.82319688992166
 10
853.4866205108766
 20
248.21977760554347
 10
853.6082807304099
 20
248.60156949447915
 10
853.7520609898585
 20
248.96857255672867
 10
853.9179612892221
 20
249.32078679229207
 10
854.1042752254218
 20
249.65524179580927
 10
854.3092963953784
 20
249.9689671619203
 10
854.5330247990918
 20
250.2619628906251
 10
854.7754604365618
 20
250.53422898192372
 10
855.0366033077889
 20
250.7857654358161
 10
855.3164534127727
 20
251.0165722523023
 10
855.6150107515133
 20
251.22664943138227
 10
855.9322753240108
 20
251.41599697305605
 10
856.2630015207994
 20
251.58379327584106
 10
856.6019437324137
 20
251.7292167382547
 10
856.9491019588537
 20
251.85226736029705
 10
857.3044762001192
 20
251.95294514196806
 10
857.6680664562105
 20
252.0312500832677
 10
858.0398727271272
 20
252.08718218419605
 10
858.4198950128697
 20
252.12074144475304
 10
858.8081333134378
 20
252.13192786493872
 10
859.2442141003366
 20
252.117771039393
 10
859.6625988553034
 20
252.0753005627559
 10
860.063287578338
 20
252.0045164350274
 10
860.4462802694404
 20
251.90541865620747
 10
860.8115769286109
 20
251.77800722629615
 10
861.159177555849
 20
251.62228214529344
 10
861.4890821511552
 20
251.4382434131993
 10
861.8012907145292
 20
251.22589103001377
 10
862.0931488411812
 20
250.98787940052665
 10
862.3620021263215
 20
250.72686292952775
 10
862.60785056995
 20
250.44284161701708
 10
862.8306941720667
 20
250.13581546299466
 10
863.0305329326717
 20
249.80578446746048
 10
863.2073668517648
 20
249.4527486304145
 10
863.3611959293463
 20
249.07670795185678
 10
863.492020165416
 20
248.6776624317873
 10
861.9469037772849
 20
248.3136297748978
 10
861.8379467806742
 20
248.62621753895604
 10
861.7173609630796
 20
248.9168116633272
 10
861.585146324501
 20
249.1854121480113
 10
861.4413028649384
 20
249.43201899300828
 10
861.2858305843919
 20
249.65663219831825
 10
861.1187294828613
 20
249.8592517639411
 10
860.9399995603468
 20
250.0398776898769
 10
860.7496408168483
 20
250.19850997612562
 10
860.5471476514535
 20
250.33691822588048
 10
860.3320144632502
 20
250.45687204233468
 10
860.104241252238
 20
250.55837142548825
 10
859.8638280184173
 20
250.64141637534118
 10
859.6107747617879
 20
250.70600689189345
 10
859.3450814823498
 20
250.75214297514506
 10
859.066748180103
 20
250.77982462509604
 10
858.7757748550475
 20
250.78905184174636
 10
858.4410038509601
 20
250.77881342327134
 10
858.1202632721903
 20
250.74809816784628
 10
857.813553118738
 20
250.6969060754712
 10
857.5208733906035
 20
250.62523714614608
 10
857.2422240877864
 20
250.53309137987094
 10
856.9776052102872
 20
250.42046877664575
 10
856.7270167581054
 20
250.28736933647053
 10
856.4904587312412
 20
250.13379305934527
 10
856.2694479324318
 20
249.96296315108617
 10
856.0655011644141
 20
249.77810281750948
 10
855.8786184271879
 20
249.57921205861518
 10
855.7087997207536
 20
249.36629087440326
 10
855.5560450451109
 20
249.1393392648737
 10
855.42035440026
 20
248.89835723002653
 10
855.3017277862007
 20
248.64334476986176
 10
855.200165202933
 20
248.37430188437938
 10
855.0373617091574
 20
247.81788808034204
 10
854.9210734993177
 20
247.25287906079478
 10
854.8513005734138
 20
246.67927482573768
 10
854.8280429314459
 20
246.09707537517065
 10
854.8555981811688
 20
245.3647124536367
 10
854.9382639303375
 20
244.6803816187757
 10
855.0760401789519
 20
244.0440828705876
 10
855.2689269270121
 20
243.45581620907242
 10
855.3867951397029
 20
243.18260211606318
 10
855.5199577799922
 20
242.92721045521412
 10
855.66841484788
 20
242.6896412265253
 10
855.8321663433661
 20
242.4698944299967
 10
856.0112122664508
 20
242.2679700656283
 10
856.205552617134
 20
242.08386813342014
 10
856.4151873954157
 20
241.91758863337216
 10
856.6401166012959
 20
241.76913156548443
 10
857.1148758579892
 20
241.52492632482105
 10
857.6088479493518
 20
241.3504940100615
 10
858.1220328753835
 20
241.24583462120577
 10
858.6544306360844
 20
241.21094815825387
 10
858.97776241953
 20
241.22282977969402
 10
859.2884541801669
 20
241.25847464401446
 10
859.5865059179952
 20
241.31788275121517
 10
859.8719176330148
 20
241.40105410129615
 10
860.1446893252257
 20
241.50798869425745
 10
860.404820994628
 20
241.63868653009902
 10
860.6523126412217
 20
241.79314760882087
 10
860.8871642650066
 20
241.97137193042303
 10
861.1064686607369
 20
242.17298029422122
 10
861.3073186231666
 20
242.39759349953115
 10
861.4897141522956
 20
242.64521154635287
 10
861.653655248124
 20
242.91583443468633
 10
861.7991419106517
 20
243.20946216453157
 10
861.9261741398788
 20
243.5260947358886
 10
862.0347519358052
 20
243.86573214875736
 10
862.1248752984309
 20
244.2283744031379
  0
CIRCLE
  5
F7
330
17
100
AcDbEntity
  8
cut
 62
5
420
255
100
AcDbCircle
 10
349.7999999999999
 20
312.0000000000001
 30
0.0
 40
4.4
  0
CIRCLE
  5
F8
330
17
100
AcDbEntity
  8
cut
 62
5
420
255
100
AcDbCircle
 10
585.5999999999999
 20
312.0000000000001
 30
0.0
 40
4.4
  0
LWPOLYLINE
  5
F9
330
17
100
AcDbEntity
  8
cut
 62
5
420
255
100
AcDbPolyline
 90
4
 70
1
 10
585.5999999999999
 20
282.0000000000001
 42
0.9999999999999999
 10
585.5999999999999
 20
342.0000000000001
 10
349.7999999999999
 20
342.0000000000001
 42
0.9999999999999999
 10
349.79999999999995
 20
282.0000000000001
  0
LWPOLYLINE
  5
FA
330
17
100
AcDbEntity
  8
line engraving
 62
1
420
16711680
100
AcDbPolyline
 90
7
 70
0
 10
521.4057394696451
 20
306.0703125000001
 10
521.4057394696451
 20
317.9296875000001
 10
522.9751247015688
 20
317.9296875000001
 10
522.9751247015688
 20
307.4698158253753
 10
528.8158264409958
 20
307.4698158253753
 10
528.8158264409958
 20
306.0703125000001
 10
521.4057394696451
 20
306.0703125000001
  0
LWPOLYLINE
  5
FB
330
17
100
AcDbEntity
  8
line engraving
 62
1
420
16711680
100
AcDbPolyline
 90
5
 70
0
 10
530.5065558918825
 20
316.25513727830844
 10
530.5065558918825
 20
317.9296875000001
 10
531.9626865194405
 20
317.9296875000001
 10
531.9626865194405
 20
316.25513727830844
 10
530.5065558918825
 20
316.25513727830844
  0
LWPOLYLINE
  5
FC
330
17
100
AcDbEntity
  8
line engraving
 62
1
420
16711680
100
AcDbPolyline
 90
5
 70
0
 10
530.5065558918825
 20
306.0703125000001
 10
530.5065558918825
 20
314.6614832025922
 10
531.9626865194405
 20
314.6614832025922
 10
531.9626865194405
 20
306.0703125000001
 10
530.5065558918825
 20
306.0703125000001
  0
LWPOLYLINE
  5
FD
330
17
100
AcDbEntity
  8
line engraving
 62
1
420
16711680
100
AcDbPolyline
 90
61
 70
0
 10
534.1792409191677
 20
306.0703125000001
 10
534.1792409191677
 20
314.6614832025922
 10
535.4897584839698
 20
314.6614832025922
 10
535.4897584839698
 20
313.439951398363
 10
535.739525334669
 20
313.7717519970904
 10
536.0155834328102
 20
314.0593125159875
 10
536.3179327783935
 20
314.30263295505426
 10
536.6465733714186
 20
314.50171331429067
 10
537.001505211886
 20
314.6565535936968
 10
537.3827282997952
 20
314.7671537932726
 10
537.7902426351466
 20
314.8335139130181
 10
538.2240482179399
 20
314.85563395293326
 10
538.6045129044807
 20
314.8381907214573
 10
538.9693039627386
 20
314.78586102702945
 10
539.3184213927138
 20
314.6986448696497
 10
539.6518651944064
 20
314.576542249318
 10
539.9569953450075
 20
314.4261259778949
 10
540.2211718217086
 20
314.2539688672409
 10
540.4443946245095
 20
314.06007091735603
 10
540.6266637534105
 20
313.8444321282402
 10
540.776321623465
 20
313.6073053003497
 10
540.901710649727
 20
313.3489432341406
 10
541.0028308321963
 20
313.069345929613
 10
541.079682170873
 20
312.7685133867668
 10
541.1150742347372
 20
312.5283529534022
 10
541.1403542803546
 20
312.21235238318565
 10
541.1555223077249
 20
311.8205116761171
 10
541.1605783168484
 20
311.35283083219656
 10
541.1605783168484
 20
306.0703125000001
 10
539.7044476892904
 20
306.0703125000001
 10
539.7044476892904
 20
311.29620353001377
 10
539.6938300701312
 20
311.71307148224344
 10
539.6619772126533
 20
312.0738177332027
 10
539.608889116857
 20
312.37844228289146
 10
539.534565782742
 20
312.6269451313098
 10
539.4331927998165
 20
312.8362639090213
 10
539.2989557575885
 20
313.02333624658945
 10
539.131854656058
 20
313.1881621440144
 10
538.9318894952249
 20
313.33074160129615
 10
538.7061386878622
 20
313.445765808855
 10
538.4616806467427
 20
313.5279259571113
 10
538.1985153718663
 20
313.5772220460651
 10
537.9166428632332
 20
313.59365407571636
 10
537.6880480507385
 20
313.584426859066
 10
537.4674164526133
 20
313.55674520911504
 10
537.2547480688576
 20
313.5106091258634
 10
537.0500428994712
 20
313.4460186093112
 10
536.8533009444544
 20
313.36297365945825
 10
536.664522203807
 20
313.2614742763047
 10
536.4837066775291
 20
313.1415204598505
 10
536.3108543656206
 20
313.0031122100956
 10
536.152538079942
 20
312.83891831381106
 10
536.015330632354
 20
312.6416075577678
 10
535.8992320228565
 20
312.41117994196594
 10
535.8042422514494
 20
312.1476354664053
 10
535.7303613181327
 20
311.850974131086
 10
535.6775892229066
 20
311.521195936008
 10
535.6459259657709
 20
311.1583008811713
 10
535.6353715467257
 20
310.76228896657585
 10
535.6353715467257
 20
306.0703125000001
 10
534.1792409191677
 20
306.0703125000001
  0
LWPOLYLINE
  5
FE
330
17
100
AcDbEntity
  8
line engraving
 62
1
420
16711680
100
AcDbPolyline
 90
13
 70
0
 10
543.4014015603682
 20
306.0703125000001
 10
543.4014015603682
 20
317.9296875000001
 10
544.8575321879262
 20
317.9296875000001
 10
544.8575321879262
 20
311.16676969645306
 10
548.3037080064801
 20
314.6614832025922
 10
550.1885882077079
 20
314.6614832025922
 10
546.9042046811049
 20
311.4741750511597
 10
550.5202624062073
 20
306.0703125000001
 10
548.7243679655523
 20
306.0703125000001
 10
545.8849132418143
 20
310.4629732264667
 10
544.8575321879262
 20
309.47604024556625
 10
544.8575321879262
 20
306.0703125000001
 10
543.4014015603682
 20
306.0703125000001
  0
LWPOLYLINE
  5
FF
330
17
100
AcDbEntity
  8
line engraving
 62
1
420
16711680
100
AcDbPolyline
 90
151
 70
0
 10
560.3248752984309
 20
310.2283744031379
 10
561.8942605303546
 20
309.83198328785824
 10
561.7585698855036
 20
309.3629752415428
 10
561.5982311961757
 20
308.92266004700303
 10
561.4132444623709
 20
308.5110377042389
 10
561.2036096840892
 20
308.12810821325047
 10
560.9693268613306
 20
307.7738715740377
 10
560.7103959940952
 20
307.44832778660054
 10
560.4268170823829
 20
307.1514768509391
 10
560.1185901261936
 20
306.8833187670533
 10
559.7891279316858
 20
306.6453703376802
 10
559.4418433050178
 20
306.4391483655569
 10
559.0767362461895
 20
306.26465285068326
 10
558.6938067552011
 20
306.12188379305945
 10
558.2930548320525
 20
306.01084119268535
 10
557.8744804767435
 20
305.93152504956095
 10
557.4380836892744
 20
305.88393536368636
 10
556.9838644696451
 20
305.8680721350615
 10
556.5157412249263
 20
305.88026975707186
 10
556.0699908205788
 20
305.91686262310293
 10
555.6466132566027
 20
305.9778507331547
 10
555.2456085329978
 20
306.0632340872272
 10
554.8669766497643
 20
306.1730126853205
 10
554.5107176069022
 20
306.30718652743445
 10
554.1768314044114
 20
306.4657556135691
 10
553.8653180422918
 20
306.64871994372453
 10
553.5739655165521
 20
306.8548155156198
 10
553.3005618232007
 20
307.08277832697405
 10
553.0451069622377
 20
307.33260837778727
 10
552.8076009336629
 20
307.60430566805945
 10
552.5880437374765
 20
307.89787019779067
 10
552.3864353736783
 20
308.21330196698085
 10
552.2027758422684
 20
308.55060097563
 10
552.0370651432468
 20
308.9097672237382
 10
551.8901248780961
 20
309.2832798977342
 10
551.7627766482988
 20
309.66361818404687
 10
551.655020453855
 20
310.0507820826762
 10
551.5668562947645
 20
310.44477159362225
 10
551.4982841710275
 20
310.84558671688495
 10
551.449304082644
 20
311.25322745246433
 10
551.4199160296139
 20
311.6676938003604
 10
551.4101200119371
 20
312.0889857605731
 10
551.4211800318947
 20
312.54472178293946
 10
551.4543600917674
 20
312.9856689786197
 10
551.5096601915553
 20
313.4118273476137
 10
551.5870803312584
 20
313.8231968899217
 10
551.6866205108767
 20
314.21977760554347
 10
551.8082807304099
 20
314.6015694944791
 10
551.9520609898585
 20
314.96857255672865
 10
552.1179612892222
 20
315.32078679229204
 10
552.3042752254219
 20
315.6552417958093
 10
552.5092963953784
 20
315.96896716192026
 10
552.7330247990918
 20
316.2619628906251
 10
552.9754604365619
 20
316.5342289819237
 10
553.236603307789
 20
316.7857654358161
 10
553.5164534127728
 20
317.0165722523023
 10
553.8150107515133
 20
317.22664943138227
 10
554.1322753240108
 20
317.41599697305605
 10
554.4630015207995
 20
317.58379327584106
 10
554.8019437324137
 20
317.7292167382547
 10
555.1491019588537
 20
317.85226736029705
 10
555.5044762001193
 20
317.9529451419681
 10
555.8680664562105
 20
318.03125008326776
 10
556.2398727271272
 20
318.0871821841961
 10
556.6198950128697
 20
318.1207414447531
 10
557.0081333134378
 20
318.13192786493875
 10
557.4442141003367
 20
318.11777103939306
 10
557.8625988553034
 20
318.07530056275596
 10
558.263287578338
 20
318.0045164350274
 10
558.6462802694405
 20
317.90541865620753
 10
559.0115769286109
 20
317.77800722629615
 10
559.3591775558491
 20
317.62228214529347
 10
559.6890821511553
 20
317.4382434131993
 10
560.0012907145292
 20
317.22589103001377
 10
560.2931488411813
 20
316.98787940052665
 10
560.5620021263215
 20
316.7268629295277
 10
560.80785056995
 20
316.4428416170171
 10
561.0306941720668
 20
316.13581546299463
 10
561.2305329326717
 20
315.80578446746046
 10
561.4073668517649
 20
315.4527486304145
 10
561.5611959293464
 20
315.07670795185675
 10
561.692020165416
 20
314.67766243178727
 10
560.1469037772849
 20
314.3136297748978
 10
560.0379467806742
 20
314.62621753895604
 10
559.9173609630797
 20
314.91681166332717
 10
559.785146324501
 20
315.18541214801127
 10
559.6413028649384
 20
315.4320189930083
 10
559.4858305843919
 20
315.6566321983182
 10
559.3187294828614
 20
315.85925176394113
 10
559.1399995603468
 20
316.0398776898769
 10
558.9496408168484
 20
316.19850997612565
 10
558.7471476514536
 20
316.3369182258805
 10
558.5320144632502
 20
316.4568720423347
 10
558.3042412522381
 20
316.55837142548825
 10
558.0638280184173
 20
316.6414163753412
 10
557.8107747617879
 20
316.7060068918934
 10
557.5450814823498
 20
316.75214297514503
 10
557.266748180103
 20
316.779824625096
 10
556.9757748550476
 20
316.78905184174636
 10
556.6410038509601
 20
316.77881342327134
 10
556.3202632721903
 20
316.7480981678463
 10
556.0135531187381
 20
316.6969060754712
 10
555.7208733906035
 20
316.6252371461461
 10
555.4422240877865
 20
316.53309137987094
 10
555.1776052102872
 20
316.42046877664575
 10
554.9270167581054
 20
316.28736933647053
 10
554.6904587312413
 20
316.1337930593453
 10
554.4694479324319
 20
315.9629631510862
 10
554.2655011644141
 20
315.77810281750953
 10
554.078618427188
 20
315.5792120586152
 10
553.9087997207537
 20
315.36629087440326
 10
553.7560450451109
 20
315.13933926487374
 10
553.62035440026
 20
314.8983572300266
 10
553.5017277862007
 20
314.6433447698618
 10
553.4001652029331
 20
314.3743018843794
 10
553.2373617091574
 20
313.8178880803421
 10
553.1210734993177
 20
313.2528790607948
 10
553.0513005734139
 20
312.67927482573765
 10
553.028042931446
 20
312.0970753751706
 10
553.0555981811689
 20
311.3647124536367
 10
553.1382639303375
 20
310.6803816187757
 10
553.2760401789519
 20
310.0440828705876
 10
553.4689269270121
 20
309.4558162090724
 10
553.586795139703
 20
309.18260211606315
 10
553.7199577799922
 20
308.9272104552141
 10
553.86841484788
 20
308.6896412265253
 10
554.0321663433662
 20
308.4698944299967
 10
554.2112122664508
 20
308.26797006562833
 10
554.405552617134
 20
308.08386813342014
 10
554.6151873954158
 20
307.9175886333722
 10
554.8401166012959
 20
307.76913156548443
 10
555.3148758579893
 20
307.5249263248211
 10
555.8088479493518
 20
307.35049401006154
 10
556.3220328753836
 20
307.2458346212058
 10
556.8544306360844
 20
307.21094815825387
 10
557.17776241953
 20
307.222829779694
 10
557.488454180167
 20
307.2584746440144
 10
557.7865059179952
 20
307.31788275121517
 10
558.0719176330149
 20
307.40105410129615
 10
558.3446893252258
 20
307.50798869425745
 10
558.6048209946281
 20
307.63868653009905
 10
558.8523126412217
 20
307.7931476088209
 10
559.0871642650067
 20
307.97137193042306
 10
559.306468660737
 20
308.17298029422125
 10
559.5073186231666
 20
308.3975934995312
 10
559.6897141522957
 20
308.64521154635287
 10
559.853655248124
 20
308.9158344346863
 10
559.9991419106517
 20
309.20946216453154
 10
560.1261741398788
 20
309.5260947358886
 10
560.2347519358052
 20
309.86573214875733
 10
560.3248752984309
 20
310.2283744031379
  0
CIRCLE
  5
100
330
17
100
AcDbEntity
  8
cut
 62
5
420
255
100
AcDbCircle
 10
651.5999999999999
 20
312.0000000000001
 30
0.0
 40
4.4
  0
CIRCLE
  5
101
330
17
100
AcDbEntity
  8
cut
 62
5
420
255
100
AcDbCircle
 10
887.3999999999999
 20
312.0000000000001
 30
0.0
 40
4.4
  0
LWPOLYLINE
  5
102
330
17
100
AcDbEntity
  8
cut
 62
5
420
255
100
AcDbPolyline
 90
4
 70
1
 10
887.3999999999999
 20
282.0000000000001
 42
0.9999999999999999
 10
887.3999999999999
 20
342.0000000000001
 10
651.5999999999999
 20
342.0000000000001
 42
0.9999999999999999
 10
651.5999999999999
 20
282.0000000000001
  0
LWPOLYLINE
  5
103
330
17
100
AcDbEntity
  8
line engraving
 62
1
420
16711680
100
AcDbPolyline
 90
7
 70
0
 10
823.2057394696451
 20
306.0703125000001
 10
823.2057394696451
 20
317.9296875000001
 10
824.7751247015688
 20
317.9296875000001
 10
824.7751247015688
 20
307.4698158253753
 10
830.6158264409958
 20
307.4698158253753
 10
830.6158264409958
 20
306.0703125000001
 10
823.2057394696451
 20
306.0703125000001
  0
LWPOLYLINE
  5
104
330
17
100
AcDbEntity
  8
line engraving
 62
1
420
16711680
100
AcDbPolyline
 90
5
 70
0
 10
832.3065558918825
 20
316.25513727830844
 10
832.3065558918825
 20
317.9296875000001
 10
833.7626865194404
 20
317.9296875000001
 10
833.7626865194404
 20
316.25513727830844
 10
832.3065558918825
 20
316.25513727830844
  0
LWPOLYLINE
  5
105
330
17
100
AcDbEntity
  8
line engraving
 62
1
420
16711680
100
AcDbPolyline
 90
5
 70
0
 10
832.3065558918825
 20
306.0703125000001
 10
832.3065558918825
 20
314.6614832025922
 10
833.7626865194404
 20
314.6614832025922
 10
833.7626865194404
 20
306.0703125000001
 10
832.3065558918825
 20
306.0703125000001
  0
LWPOLYLINE
  5
106
330
17
100
AcDbEntity
  8
line engraving
 62
1
420
16711680
100
AcDbPolyline
 90
61
 70
0
 10
835.9792409191676
 20
306.0703125000001
 10
835.9792409191676
 20
314.6614832025922
 10
837.2897584839698
 20
314.6614832025922
 10
837.2897584839698
 20
313.439951398363
 10
837.539525334669
 20
313.7717519970904
 10
837.8155834328102
 20
314.0593125159875
 10
838.1179327783934
 20
314.30263295505426
 10
838.4465733714186
 20
314.50171331429067
 10
838.8015052118859
 20
314.6565535936968
 10
839.1827282997951
 20
314.7671537932726
 10
839.5902426351465
 20
314.8335139130181
 10
840.0240482179398
 20
314.85563395293326
 10
840.4045129044806
 20
314.8381907214573
 10
840.7693039627386
 20
314.78586102702945
 10
841.1184213927138
 20
314.6986448696497
 10
841.4518651944063
 20
314.576542249318
 10
841.7569953450075
 20
314.4261259778949
 10
842.0211718217085
 20
314.2539688672409
 10
842.2443946245095
 20
314.06007091735603
 10
842.4266637534105
 20
313.8444321282402
 10
842.576321623465
 20
313.6073053003497
 10
842.7017106497269
 20
313.3489432341406
 10
842.8028308321963
 20
313.069345929613
 10
842.8796821708729
 20
312.7685133867668
 10
842.9150742347372
 20
312.5283529534022
 10
842.9403542803545
 20
312.21235238318565
 10
842.9555223077249
 20
311.8205116761171
 10
842.9605783168483
 20
311.35283083219656
 10
842.9605783168483
 20
306.0703125000001
 10
841.5044476892904
 20
306.0703125000001
 10
841.5044476892904
 20
311.29620353001377
 10
841.4938300701311
 20
311.71307148224344
 10
841.4619772126532
 20
312.0738177332027
 10
841.4088891168569
 20
312.37844228289146
 10
841.334565782742
 20
312.6269451313098
 10
841.2331927998165
 20
312.8362639090213
 10
841.0989557575884
 20
313.02333624658945
 10
840.9318546560579
 20
313.1881621440144
 10
840.7318894952249
 20
313.33074160129615
 10
840.5061386878622
 20
313.445765808855
 10
840.2616806467427
 20
313.5279259571113
 10
839.9985153718662
 20
313.5772220460651
 10
839.7166428632331
 20
313.59365407571636
 10
839.4880480507385
 20
313.584426859066
 10
839.2674164526132
 20
313.55674520911504
 10
839.0547480688575
 20
313.5106091258634
 10
838.8500428994712
 20
313.4460186093112
 10
838.6533009444544
 20
313.36297365945825
 10
838.464522203807
 20
313.2614742763047
 10
838.283706677529
 20
313.1415204598505
 10
838.1108543656205
 20
313.0031122100956
 10
837.952538079942
 20
312.83891831381106
 10
837.815330632354
 20
312.6416075577678
 10
837.6992320228564
 20
312.41117994196594
 10
837.6042422514494
 20
312.1476354664053
 10
837.5303613181327
 20
311.850974131086
 10
837.4775892229065
 20
311.521195936008
 10
837.4459259657708
 20
311.1583008811713
 10
837.4353715467256
 20
310.76228896657585
 10
837.4353715467256
 20
306.0703125000001
 10
835.9792409191676
 20
306.0703125000001
  0
LWPOLYLINE
  5
107
330
17
100
AcDbEntity
  8
line engraving
 62
1
420
16711680
100
AcDbPolyline
 90
13
 70
0
 10
845.2014015603681
 20
306.0703125000001
 10
845.2014015603681
 20
317.9296875000001
 10
846.6575321879261
 20
317.9296875000001
 10
846.6575321879261
 20
311.16676969645306
 10
850.10370800648
 20
314.6614832025922
 10
851.9885882077078
 20
314.6614832025922
 10
848.7042046811049
 20
311.4741750511597
 10
852.3202624062072
 20
306.0703125000001
 10
850.5243679655523
 20
306.0703125000001
 10
847.6849132418142
 20
310.4629732264667
 10
846.6575321879261
 20
309.47604024556625
 10
846.6575321879261
 20
306.0703125000001
 10
845.2014015603681
 20
306.0703125000001
  0
LWPOLYLINE
  5
108
330
17
100
AcDbEntity
  8
line engraving
 62
1
420
16711680
100
AcDbPolyline
 90
151
 70
0
 10
862.1248752984309
 20
310.2283744031379
 10
863.6942605303545
 20
309.83198328785824
 10
863.5585698855035
 20
309.3629752415428
 10
863.3982311961756
 20
308.92266004700303
 10
863.2132444623709
 20
308.5110377042389
 10
863.0036096840892
 20
308.12810821325047
 10
862.7693268613306
 20
307.7738715740377
 10
862.5103959940951
 20
307.44832778660054
 10
862.2268170823828
 20
307.1514768509391
 10
861.9185901261935
 20
306.8833187670533
 10
861.5891279316858
 20
306.6453703376802
 10
861.2418433050177
 20
306.4391483655569
 10
860.8767362461895
 20
306.26465285068326
 10
860.493806755201
 20
306.12188379305945
 10
860.0930548320524
 20
306.01084119268535
 10
859.6744804767435
 20
305.93152504956095
 10
859.2380836892744
 20
305.88393536368636
 10
858.7838644696451
 20
305.8680721350615
 10
858.3157412249262
 20
305.88026975707186
 10
857.8699908205788
 20
305.91686262310293
 10
857.4466132566026
 20
305.9778507331547
 10
857.0456085329978
 20
306.0632340872272
 10
856.6669766497643
 20
306.1730126853205
 10
856.3107176069021
 20
306.30718652743445
 10
855.9768314044113
 20
306.4657556135691
 10
855.6653180422918
 20
306.64871994372453
 10
855.3739655165521
 20
306.8548155156198
 10
855.1005618232007
 20
307.08277832697405
 10
854.8451069622377
 20
307.33260837778727
 10
854.6076009336629
 20
307.60430566805945
 10
854.3880437374764
 20
307.89787019779067
 10
854.1864353736783
 20
308.21330196698085
 10
854.0027758422683
 20
308.55060097563
 10
853.8370651432467
 20
308.9097672237382
 10
853.6901248780961
 20
309.2832798977342
 10
853.5627766482987
 20
309.66361818404687
 10
853.4550204538549
 20
310.0507820826762
 10
853.3668562947645
 20
310.44477159362225
 10
853.2982841710275
 20
310.84558671688495
 10
853.2493040826439
 20
311.25322745246433
 10
853.2199160296138
 20
311.6676938003604
 10
853.2101200119371
 20
312.0889857605731
 10
853.2211800318946
 20
312.54472178293946
 10
853.2543600917674
 20
312.9856689786197
 10
853.3096601915553
 20
313.4118273476137
 10
853.3870803312584
 20
313.8231968899217
 10
853.4866205108766
 20
314.21977760554347
 10
853.6082807304099
 20
314.6015694944791
 10
853.7520609898585
 20
314.96857255672865
 10
853.9179612892221
 20
315.32078679229204
 10
854.1042752254218
 20
315.6552417958093
 10
854.3092963953784
 20
315.96896716192026
 10
854.5330247990918
 20
316.2619628906251
 10
854.7754604365618
 20
316.5342289819237
 10
855.0366033077889
 20
316.7857654358161
 10
855.3164534127727
 20
317.0165722523023
 10
855.6150107515133
 20
317.22664943138227
 10
855.9322753240108
 20
317.41599697305605
 10
856.2630015207994
 20
317.58379327584106
 10
856.6019437324137
 20
317.7292167382547
 10
856.9491019588537
 20
317.85226736029705
 10
857.3044762001192
 20
317.9529451419681
 10
857.6680664562105
 20
318.03125008326776
 10
858.0398727271272
 20
318.0871821841961
 10
858.4198950128697
 20
318.1207414447531
 10
858.8081333134378
 20
318.13192786493875
 10
859.2442141003366
 20
318.11777103939306
 10
859.6625988553034
 20
318.07530056275596
 10
860.063287578338
 20
318.0045164350274
 10
860.4462802694404
 20
317.90541865620753
 10
860.8115769286109
 20
317.77800722629615
 10
861.159177555849
 20
317.62228214529347
 10
861.4890821511552
 20
317.4382434131993
 10
861.8012907145292
 20
317.22589103001377
 10
862.0931488411812
 20
316.98787940052665
 10
862.3620021263215
 20
316.7268629295277
 10
862.60785056995
 20
316.4428416170171
 10
862.8306941720667
 20
316.13581546299463
 10
863.0305329326717
 20
315.80578446746046
 10
863.2073668517648
 20
315.4527486304145
 10
863.3611959293463
 20
315.07670795185675
 10
863.492020165416
 20
314.67766243178727
 10
861.9469037772849
 20
314.3136297748978
 10
861.8379467806742
 20
314.62621753895604
 10
861.7173609630796
 20
314.91681166332717
 10
861.585146324501
 20
315.18541214801127
 10
861.4413028649384
 20
315.4320189930083
 10
861.2858305843919
 20
315.6566321983182
 10
861.1187294828613
 20
315.85925176394113
 10
860.9399995603468
 20
316.0398776898769
 10
860.7496408168483
 20
316.19850997612565
 10
860.5471476514535
 20
316.3369182258805
 10
860.3320144632502
 20
316.4568720423347
 10
860.104241252238
 20
316.55837142548825
 10
859.8638280184173
 20
316.6414163753412
 10
859.6107747617879
 20
316.7060068918934
 10
859.3450814823498
 20
316.75214297514503
 10
859.066748180103
 20
316.779824625096
 10
858.7757748550475
 20
316.78905184174636
 10
858.4410038509601
 20
316.77881342327134
 10
858.1202632721903
 20
316.7480981678463
 10
857.813553118738
 20
316.6969060754712
 10
857.5208733906035
 20
316.6252371461461
 10
857.2422240877864
 20
316.53309137987094
 10
856.9776052102872
 20
316.42046877664575
 10
856.7270167581054
 20
316.28736933647053
 10
856.4904587312412
 20
316.1337930593453
 10
856.2694479324318
 20
315.9629631510862
 10
856.0655011644141
 20
315.77810281750953
 10
855.8786184271879
 20
315.5792120586152
 10
855.7087997207536
 20
315.36629087440326
 10
855.5560450451109
 20
315.13933926487374
 10
855.42035440026
 20
314.8983572300266
 10
855.3017277862007
 20
314.6433447698618
 10
855.200165202933
 20
314.3743018843794
 10
855.0373617091574
 20
313.8178880803421
 10
854.9210734993177
 20
313.2528790607948
 10
854.8513005734138
 20
312.67927482573765
 10
854.8280429314459
 20
312.0970753751706
 10
854.8555981811688
 20
311.3647124536367
 10
854.9382639303375
 20
310.6803816187757
 10
855.0760401789519
 20
310.0440828705876
 10
855.2689269270121
 20
309.4558162090724
 10
855.3867951397029
 20
309.18260211606315
 10
855.5199577799922
 20
308.9272104552141
 10
855.66841484788
 20
308.6896412265253
 10
855.8321663433661
 20
308.4698944299967
 10
856.0112122664508
 20
308.26797006562833
 10
856.205552617134
 20
308.08386813342014
 10
856.4151873954157
 20
307.9175886333722
 10
856.6401166012959
 20
307.76913156548443
 10
857.1148758579892
 20
307.5249263248211
 10
857.6088479493518
 20
307.35049401006154
 10
858.1220328753835
 20
307.2458346212058
 10
858.6544306360844
 20
307.21094815825387
 10
858.97776241953
 20
307.222829779694
 10
859.2884541801669
 20
307.2584746440144
 10
859.5865059179952
 20
307.31788275121517
 10
859.8719176330148
 20
307.40105410129615
 10
860.1446893252257
 20
307.50798869425745
 10
860.404820994628
 20
307.63868653009905
 10
860.6523126412217
 20
307.7931476088209
 10
860.8871642650066
 20
307.97137193042306
 10
861.1064686607369
 20
308.17298029422125
 10
861.3073186231666
 20
308.3975934995312
 10
861.4897141522956
 20
308.64521154635287
 10
861.653655248124
 20
308.9158344346863
 10
861.7991419106517
 20
309.20946216453154
 10
861.9261741398788
 20
309.5260947358886
 10
862.0347519358052
 20
309.86573214875733
 10
862.1248752984309
 20
310.2283744031379
  0
CIRCLE
  5
109
330
17
100
AcDbEntity
  8
cut
 62
5
420
255
100
AcDbCircle
 10
114.0
 20
312.00000000000006
 30
0.0
 40
4.4
  0
CIRCLE
  5
10A
330
17
100
AcDbEntity
  8
cut
 62
5
420
255
100
AcDbCircle
 10
114.0
 20
547.8000000000001
 30
0.0
 40
4.4
  0
LWPOLYLINE
  5
10B
330
17
100
AcDbEntity
  8
cut
 62
5
420
255
100
AcDbPolyline
 90
4
 70
1
 10
144.0
 20
547.8000000000001
 42
0.9999999999999999
 10
84.0
 20
547.8000000000001
 10
84.0
 20
312.00000000000006
 42
0.9999999999999999
 10
144.0
 20
312.0000000000001
  0
LWPOLYLINE
  5
10C
330
17
100
AcDbEntity
  8
line engraving
 62
1
420
16711680
100
AcDbPolyline
 90
7
 70
0
 10
119.9296875
 20
483.60573946964536
 10
108.0703125
 20
483.60573946964536
 10
108.0703125
 20
485.17512470156896
 10
118.53018417462482
 20
485.17512470156896
 10
118.53018417462482
 20
491.01582644099597
 10
119.9296875
 20
491.01582644099597
 10
119.9296875
 20
483.60573946964536
  0
LWPOLYLINE
  5
10D
330
17
100
AcDbEntity
  8
line engraving
 62
1
420
16711680
100
AcDbPolyline
 90
5
 70
0
 10
109.74486272169167
 20
492.7065558918828
 10
108.0703125
 20
492.7065558918828
 10
108.0703125
 20
494.16268651944074
 10
109.74486272169167
 20
494.16268651944074
 10
109.74486272169167
 20
492.7065558918828
  0
LWPOLYLINE
  5
10E
330
17
100
AcDbEntity
  8
line engraving
 62
1
420
16711680
100
AcDbPolyline
 90
5
 70
0
 10
119.9296875
 20
492.7065558918828
 10
111.3385167974079
 20
492.7065558918828
 10
111.3385167974079
 20
494.16268651944074
 10
119.9296875
 20
494.16268651944074
 10
119.9296875
 20
492.7065558918828
  0
LWPOLYLINE
  5
10F
330
17
100
AcDbEntity
  8
line engraving
 62
1
420
16711680
100
AcDbPolyline
 90
61
 70
0
 10
119.9296875
 20
496.3792409191679
 10
111.3385167974079
 20
496.3792409191679
 10
111.3385167974079
 20
497.6897584839701
 10
112.5600486016371
 20
497.6897584839701
 10
112.22824800290971
 20
497.93952533466927
 10
111.94068748401261
 20
498.2155834328105
 10
111.69736704494586
 20
498.5179327783937
 10
111.49828668570942
 20
498.8465733714189
 10
111.3434464063033
 20
499.2015052118862
 10
111.23284620672749
 20
499.58272829979546
 10
111.16648608698202
 20
499.9902426351467
 10
111.14436604706685
 20
500.42404821794
 10
111.1618092785428
 20
500.8045129044808
 10
111.21413897297067
 20
501.1693039627388
 10
111.30135513035044
 20
501.5184213927141
 10
111.42345775068213
 20
501.8518651944066
 10
111.57387402210522
 20
502.1569953450078
 10
111.74603113275921
 20
502.4211718217088
 10
111.9399290826441
 20
502.6443946245098
 10
112.15556787175989
 20
502.82666375341074
 10
112.3926946996504
 20
502.9763216234653
 10
112.65105676585948
 20
503.10171064972724
 10
112.9306540703871
 20
503.2028308321966
 10
113.23148661323329
 20
503.27968217087323
 10
113.47164704659788
 20
503.3150742347375
 10
113.78764761681447
 20
503.3403542803548
 10
114.17948832388302
 20
503.3555223077252
 10
114.64716916780355
 20
503.36057831684866
 10
119.9296875
 20
503.36057831684866
 10
119.9296875
 20
501.9044476892907
 10
114.70379646998636
 20
501.9044476892907
 10
114.28692851775665
 20
501.8938300701314
 10
113.92618226679741
 20
501.8619772126536
 10
113.62155771710863
 20
501.8088891168572
 10
113.37305486869032
 20
501.73456578274227
 10
113.16373609097886
 20
501.63319279981675
 10
112.97666375341065
 20
501.49895575758876
 10
112.81183785598567
 20
501.3318546560582
 10
112.66925839870396
 20
501.1318894952252
 10
112.55423419114513
 20
500.9061386878625
 10
112.47207404288882
 20
500.6616806467429
 10
112.42277795393503
 20
500.39851537186655
 10
112.40634592428377
 20
500.1166428632334
 10
112.4155731409341
 20
499.8880480507387
 10
112.44325479088506
 20
499.6674164526135
 10
112.48939087413669
 20
499.4547480688577
 10
112.55398139068896
 20
499.25004289947145
 10
112.63702634054187
 20
499.0533009444546
 10
112.73852572369543
 20
498.8645222038072
 10
112.85847954014965
 20
498.6837066775293
 10
112.9968877899045
 20
498.51085436562084
 10
113.16108168618904
 20
498.35253807994235
 10
113.35839244223227
 20
498.21533063235427
 10
113.5888200580342
 20
498.0992320228567
 10
113.85236453359482
 20
498.0042422514496
 10
114.14902586891414
 20
497.93036131813295
 10
114.47880406399216
 20
497.8775892229068
 10
114.84169911882887
 20
497.8459259657711
 10
115.23771103342429
 20
497.83537154672587
 10
119.9296875
 20
497.83537154672587
 10
119.9296875
 20
496.3792409191679
  0
LWPOLYLINE
  5
110
330
17
100
AcDbEntity
  8
line engraving
 62
1
420
16711680
100
AcDbPolyline
 90
13
 70
0
 10
119.9296875
 20
505.6014015603684
 10
108.0703125
 20
505.60140156036846
 10
108.0703125
 20
507.0575321879264
 10
114.83323030354707
 20
507.0575321879264
 10
111.33851679740792
 20
510.5037080064803
 10
111.33851679740792
 20
512.3885882077082
 10
114.52582494884038
 20
509.1042046811051
 10
119.9296875
 20
512.7202624062074
 10
119.9296875
 20
510.9243679655526
 10
115.53702677353343
 20
508.08491324181455
 10
116.52395975443383
 20
507.0575321879264
 10
119.9296875
 20
507.0575321879264
 10
119.9296875
 20
505.6014015603684
  0
LWPOLYLINE
  5
111
330
17
100
AcDbEntity
  8
line engraving
 62
1
420
16711680
100
AcDbPolyline
 90
151
 70
0
 10
115.77162559686221
 20
522.5248752984312
 10
116.16801671214188
 20
524.0942605303547
 10
116.63702475845731
 20
523.9585698855037
 10
117.0773399529971
 20
523.7982311961758
 10
117.48896229576121
 20
523.6132444623711
 10
117.87189178674966
 20
523.4036096840895
 10
118.22612842596243
 20
523.1693268613309
 10
118.55167221339956
 20
522.9103959940954
 10
118.84852314906101
 20
522.6268170823831
 10
119.11668123294679
 20
522.3185901261938
 10
119.35462966231987
 20
521.989127931686
 10
119.56085163444321
 20
521.641843305018
 10
119.7353471493168
 20
521.2767362461898
 10
119.87811620694065
 20
520.8938067552012
 10
119.98915880731475
 20
520.4930548320526
 10
120.06847495043911
 20
520.0744804767438
 10
120.11606463631374
 20
519.6380836892747
 10
120.1319278649386
 20
519.1838644696454
 10
120.11973024292824
 20
518.7157412249265
 10
120.08313737689717
 20
518.2699908205791
 10
120.02214926684536
 20
517.8466132566028
 10
119.93676591277284
 20
517.445608532998
 10
119.82698731467961
 20
517.0669766497646
 10
119.69281347256566
 20
516.7107176069023
 10
119.53424438643098
 20
516.3768314044115
 10
119.35128005627558
 20
516.065318042292
 10
119.14518448438034
 20
515.7739655165524
 10
118.91722167302609
 20
515.500561823201
 10
118.66739162221288
 20
515.2451069622379
 10
118.39569433194066
 20
515.0076009336631
 10
118.10212980220946
 20
514.7880437374766
 10
117.78669803301928
 20
514.5864353736785
 10
117.4493990243701
 20
514.4027758422686
 10
117.09023277626194
 20
514.237065143247
 10
116.71672010226595
 20
514.0901248780963
 10
116.33638181595327
 20
513.962776648299
 10
115.94921791732392
 20
513.8550204538551
 10
115.55522840637789
 20
513.7668562947647
 10
115.15441328311519
 20
513.6982841710277
 10
114.74677254753581
 20
513.6493040826441
 10
114.33230619963976
 20
513.619916029614
 10
113.91101423942702
 20
513.6101200119373
 10
113.45527821706067
 20
513.6211800318948
 10
113.01433102138046
 20
513.6543600917676
 10
112.58817265238638
 20
513.7096601915555
 10
112.17680311007844
 20
513.7870803312586
 10
111.78022239445664
 20
513.8866205108768
 10
111.39843050552098
 20
514.0082807304102
 10
111.03142744327144
 20
514.1520609898588
 10
110.67921320770805
 20
514.3179612892225
 10
110.34475820419082
 20
514.5042752254221
 10
110.03103283807981
 20
514.7092963953786
 10
109.738037109375
 20
514.933024799092
 10
109.4657710180764
 20
515.1754604365622
 10
109.214234564184
 20
515.4366033077891
 10
108.98342774769782
 20
515.7164534127729
 10
108.77335056861783
 20
516.0150107515135
 10
108.58400302694406
 20
516.332275324011
 10
108.41620672415907
 20
516.6630015207996
 10
108.2707832617454
 20
517.001943732414
 10
108.14773263970307
 20
517.3491019588539
 10
108.04705485803206
 20
517.7044762001194
 10
107.96874991673239
 20
518.0680664562107
 10
107.91281781580406
 20
518.4398727271275
 10
107.87925855524706
 20
518.8198950128699
 10
107.8680721350614
 20
519.208133313438
 10
107.8822289606071
 20
519.6442141003369
 10
107.9246994372442
 20
520.0625988553036
 10
107.99548356497272
 20
520.4632875783383
 10
108.09458134379264
 20
520.8462802694407
 10
108.22199277370396
 20
521.2115769286111
 10
108.37771785470669
 20
521.5591775558494
 10
108.56175658680083
 20
521.8890821511554
 10
108.77410896998636
 20
522.2012907145294
 10
109.01212059947348
 20
522.4931488411814
 10
109.27313707047237
 20
522.7620021263217
 10
109.55715838298303
 20
523.0078505699502
 10
109.86418453700546
 20
523.2306941720669
 10
110.19421553253964
 20
523.4305329326719
 10
110.54725136958561
 20
523.607366851765
 10
110.92329204814334
 20
523.7611959293465
 10
111.32233756821283
 20
523.8920201654162
 10
111.68637022510232
 20
522.3469037772852
 10
111.37378246104409
 20
522.2379467806745
 10
111.08318833667292
 20
522.1173609630799
 10
110.81458785198883
 20
521.9851463245013
 10
110.56798100699181
 20
521.8413028649387
 10
110.34336780168188
 20
521.6858305843922
 10
110.14074823605901
 20
521.5187294828617
 10
109.96012231012321
 20
521.3399995603471
 10
109.80149002387449
 20
521.1496408168487
 10
109.66308177411963
 20
520.9471476514539
 10
109.54312795766542
 20
520.7320144632504
 10
109.44162857451185
 20
520.5042412522383
 10
109.35858362465893
 20
520.2638280184176
 10
109.29399310810668
 20
520.0107747617881
 10
109.24785702485505
 20
519.74508148235
 10
109.22017537490409
 20
519.4667481801033
 10
109.21094815825376
 20
519.1757748550478
 10
109.22118657672877
 20
518.8410038509604
 10
109.25190183215382
 20
518.5202632721906
 10
109.30309392452891
 20
518.2135531187383
 10
109.37476285385404
 20
517.9208733906038
 10
109.46690862012919
 20
517.6422240877868
 10
109.57953122335437
 20
517.3776052102875
 10
109.7126306635296
 20
517.1270167581057
 10
109.86620694065485
 20
516.8904587312416
 10
110.03703684891393
 20
516.669447932432
 10
110.22189718249062
 20
516.4655011644143
 10
110.42078794138494
 20
516.2786184271882
 10
110.63370912559687
 20
516.1087997207538
 10
110.86066073512642
 20
515.9560450451111
 10
111.10164276997357
 20
515.8203544002602
 10
111.35665523013834
 20
515.7017277862009
 10
111.62569811562074
 20
515.6001652029332
 10
112.18211191965808
 20
515.4373617091577
 10
112.74712093920532
 20
515.321073499318
 10
113.32072517426245
 20
515.2513005734141
 10
113.90292462482947
 20
515.2280429314462
 10
114.6352875463634
 20
515.2555981811691
 10
115.31961838122442
 20
515.3382639303377
 10
115.95591712941251
 20
515.4760401789522
 10
116.54418379092769
 20
515.6689269270123
 10
116.81739788393695
 20
515.7867951397031
 10
117.07278954478598
 20
515.9199577799924
 10
117.3103587734748
 20
516.0684148478801
 10
117.5301055700034
 20
516.2321663433663
 10
117.7320299343718
 20
516.4112122664511
 10
117.91613186657997
 20
516.6055526171343
 10
118.08241136662794
 20
516.815187395416
 10
118.23086843451568
 20
517.0401166012962
 10
118.47507367517906
 20
517.5148758579895
 10
118.6495059899386
 20
518.0088479493521
 10
118.75416537879434
 20
518.5220328753838
 10
118.78905184174624
 20
519.0544306360847
 10
118.7771702203061
 20
519.3777624195303
 10
118.74152535598567
 20
519.6884541801672
 10
118.68211724878495
 20
519.9865059179955
 10
118.59894589870396
 20
520.2719176330152
 10
118.49201130574266
 20
520.544689325226
 10
118.36131346990109
 20
520.8048209946284
 10
118.20685239117923
 20
521.052312641222
 10
118.02862806957708
 20
521.2871642650069
 10
117.82701970577891
 20
521.5064686607373
 10
117.60240650046896
 20
521.7073186231669
 10
117.35478845364726
 20
521.8897141522958
 10
117.08416556531378
 20
522.0536552481242
 10
116.79053783546854
 20
522.199141910652
 10
116.47390526411152
 20
522.326174139879
 10
116.13426785124275
 20
522.4347519358054
 10
115.77162559686221
 20
522.5248752984312
  0
CIRCLE
  5
112
330
17
100
AcDbEntity
  8
cut
 62
5
420
255
100
AcDbCircle
 10
114.0
 20
613.8
 30
0.0
 40
4.4
  0
CIRCLE
  5
113
330
17
100
AcDbEntity
  8
cut
 62
5
420
255
100
AcDbCircle
 10
114.0
 20
849.6
 30
0.0
 40
4.4
  0
LWPOLYLINE
  5
114
330
17
100
AcDbEntity
  8
cut
 62
5
420
255
100
AcDbPolyline
 90
4
 70
1
 10
144.0
 20
849.6
 42
0.9999999999999999
 10
84.0
 20
849.6
 10
84.0
 20
613.8
 42
0.9999999999999999
 10
144.0
 20
613.8000000000001
  0
LWPOLYLINE
  5
115
330
17
100
AcDbEntity
  8
line engraving
 62
1
420
16711680
100
AcDbPolyline
 90
7
 70
0
 10
119.9296875
 20
785.4057394696454
 10
108.0703125
 20
785.4057394696454
 10
108.0703125
 20
786.975124701569
 10
118.53018417462482
 20
786.975124701569
 10
118.53018417462482
 20
792.815826440996
 10
119.9296875
 20
792.815826440996
 10
119.9296875
 20
785.4057394696454
  0
LWPOLYLINE
  5
116
330
17
100
AcDbEntity
  8
line engraving
 62
1
420
16711680
100
AcDbPolyline
 90
5
 70
0
 10
109.74486272169167
 20
794.5065558918827
 10
108.0703125
 20
794.5065558918827
 10
108.0703125
 20
795.9626865194407
 10
109.74486272169167
 20
795.9626865194407
 10
109.74486272169167
 20
794.5065558918827
  0
LWPOLYLINE
  5
117
330
17
100
AcDbEntity
  8
line engraving
 62
1
420
16711680
100
AcDbPolyline
 90
5
 70
0
 10
119.9296875
 20
794.5065558918827
 10
111.3385167974079
 20
794.5065558918827
 10
111.3385167974079
 20
795.9626865194407
 10
119.9296875
 20
795.9626865194407
 10
119.9296875
 20
794.5065558918827
  0
LWPOLYLINE
  5
118
330
17
100
AcDbEntity
  8
line engraving
 62
1
420
16711680
100
AcDbPolyline
 90
61
 70
0
 10
119.9296875
 20
798.1792409191679
 10
111.3385167974079
 20
798.1792409191679
 10
111.3385167974079
 20
799.48975848397
 10
112.5600486016371
 20
799.48975848397
 10
112.22824800290971
 20
799.7395253346692
 10
111.94068748401261
 20
800.0155834328104
 10
111.69736704494586
 20
800.3179327783937
 10
111.49828668570942
 20
800.6465733714189
 10
111.3434464063033
 20
801.0015052118862
 10
111.23284620672749
 20
801.3827282997954
 10
111.16648608698202
 20
801.7902426351468
 10
111.14436604706685
 20
802.2240482179401
 10
111.1618092785428
 20
802.6045129044809
 10
111.21413897297067
 20
802.9693039627389
 10
111.30135513035044
 20
803.3184213927142
 10
111.42345775068213
 20
803.6518651944067
 10
111.57387402210522
 20
803.9569953450077
 10
111.74603113275921
 20
804.2211718217088
 10
111.9399290826441
 20
804.4443946245099
 10
112.15556787175989
 20
804.6266637534108
 10
112.3926946996504
 20
804.7763216234653
 10
112.65105676585948
 20
804.9017106497272
 10
112.9306540703871
 20
805.0028308321965
 10
113.23148661323329
 20
805.0796821708732
 10
113.47164704659788
 20
805.1150742347374
 10
113.78764761681447
 20
805.1403542803548
 10
114.17948832388302
 20
805.1555223077252
 10
114.64716916780355
 20
805.1605783168486
 10
119.9296875
 20
805.1605783168486
 10
119.9296875
 20
803.7044476892906
 10
114.70379646998636
 20
803.7044476892906
 10
114.28692851775665
 20
803.6938300701314
 10
113.92618226679741
 20
803.6619772126535
 10
113.62155771710863
 20
803.6088891168572
 10
113.37305486869032
 20
803.5345657827422
 10
113.16373609097886
 20
803.4331927998168
 10
112.97666375341065
 20
803.2989557575887
 10
112.81183785598567
 20
803.1318546560582
 10
112.66925839870396
 20
802.9318894952252
 10
112.55423419114513
 20
802.7061386878624
 10
112.47207404288882
 20
802.4616806467429
 10
112.42277795393503
 20
802.1985153718665
 10
112.40634592428377
 20
801.9166428632334
 10
112.4155731409341
 20
801.6880480507388
 10
112.44325479088506
 20
801.4674164526135
 10
112.48939087413669
 20
801.2547480688578
 10
112.55398139068896
 20
801.0500428994715
 10
112.63702634054187
 20
800.8533009444546
 10
112.73852572369543
 20
800.6645222038072
 10
112.85847954014965
 20
800.4837066775293
 10
112.9968877899045
 20
800.3108543656208
 10
113.16108168618904
 20
800.1525380799422
 10
113.35839244223227
 20
800.0153306323542
 10
113.5888200580342
 20
799.8992320228567
 10
113.85236453359482
 20
799.8042422514496
 10
114.14902586891414
 20
799.730361318133
 10
114.47880406399216
 20
799.6775892229068
 10
114.84169911882887
 20
799.6459259657711
 10
115.23771103342429
 20
799.6353715467259
 10
119.9296875
 20
799.6353715467259
 10
119.9296875
 20
798.1792409191679
  0
LWPOLYLINE
  5
119
330
17
100
AcDbEntity
  8
line engraving
 62
1
420
16711680
100
AcDbPolyline
 90
13
 70
0
 10
119.9296875
 20
807.4014015603684
 10
108.0703125
 20
807.4014015603684
 10
108.0703125
 20
808.8575321879264
 10
114.83323030354707
 20
808.8575321879264
 10
111.33851679740792
 20
812.3037080064803
 10
111.33851679740792
 20
814.1885882077081
 10
114.52582494884038
 20
810.9042046811052
 10
119.9296875
 20
814.5202624062075
 10
119.9296875
 20
812.7243679655526
 10
115.53702677353343
 20
809.8849132418145
 10
116.52395975443383
 20
808.8575321879264
 10
119.9296875
 20
808.8575321879264
 10
119.9296875
 20
807.4014015603684
  0
LWPOLYLINE
  5
11A
330
17
100
AcDbEntity
  8
line engraving
 62
1
420
16711680
100
AcDbPolyline
 90
151
 70
0
 10
115.77162559686221
 20
824.3248752984312
 10
116.16801671214188
 20
825.8942605303548
 10
116.63702475845731
 20
825.7585698855038
 10
117.0773399529971
 20
825.5982311961759
 10
117.48896229576121
 20
825.4132444623712
 10
117.87189178674966
 20
825.2036096840894
 10
118.22612842596243
 20
824.9693268613308
 10
118.55167221339956
 20
824.7103959940954
 10
118.84852314906101
 20
824.4268170823831
 10
119.11668123294679
 20
824.1185901261938
 10
119.35462966231987
 20
823.789127931686
 10
119.56085163444321
 20
823.441843305018
 10
119.7353471493168
 20
823.0767362461897
 10
119.87811620694065
 20
822.6938067552013
 10
119.98915880731475
 20
822.2930548320527
 10
120.06847495043911
 20
821.8744804767438
 10
120.11606463631374
 20
821.4380836892747
 10
120.1319278649386
 20
820.9838644696454
 10
120.11973024292824
 20
820.5157412249265
 10
120.08313737689717
 20
820.069990820579
 10
120.02214926684536
 20
819.6466132566029
 10
119.93676591277284
 20
819.2456085329981
 10
119.82698731467961
 20
818.8669766497645
 10
119.69281347256566
 20
818.5107176069024
 10
119.53424438643098
 20
818.1768314044116
 10
119.35128005627558
 20
817.8653180422921
 10
119.14518448438034
 20
817.5739655165523
 10
118.91722167302609
 20
817.300561823201
 10
118.66739162221288
 20
817.0451069622379
 10
118.39569433194066
 20
816.8076009336631
 10
118.10212980220946
 20
816.5880437374767
 10
117.78669803301928
 20
816.3864353736785
 10
117.4493990243701
 20
816.2027758422686
 10
117.09023277626194
 20
816.037065143247
 10
116.71672010226595
 20
815.8901248780963
 10
116.33638181595327
 20
815.762776648299
 10
115.94921791732392
 20
815.6550204538552
 10
115.55522840637789
 20
815.5668562947648
 10
115.15441328311519
 20
815.4982841710278
 10
114.74677254753581
 20
815.4493040826442
 10
114.33230619963976
 20
815.4199160296141
 10
113.91101423942702
 20
815.4101200119374
 10
113.45527821706067
 20
815.4211800318949
 10
113.01433102138046
 20
815.4543600917676
 10
112.58817265238638
 20
815.5096601915556
 10
112.17680311007844
 20
815.5870803312587
 10
111.78022239445664
 20
815.6866205108769
 10
111.39843050552098
 20
815.8082807304102
 10
111.03142744327144
 20
815.9520609898588
 10
110.67921320770805
 20
816.1179612892224
 10
110.34475820419082
 20
816.3042752254221
 10
110.03103283807981
 20
816.5092963953787
 10
109.738037109375
 20
816.733024799092
 10
109.4657710180764
 20
816.9754604365621
 10
109.214234564184
 20
817.2366033077892
 10
108.98342774769782
 20
817.516453412773
 10
108.77335056861783
 20
817.8150107515136
 10
108.58400302694406
 20
818.1322753240111
 10
108.41620672415907
 20
818.4630015207997
 10
108.2707832617454
 20
818.801943732414
 10
108.14773263970307
 20
819.149101958854
 10
108.04705485803206
 20
819.5044762001195
 10
107.96874991673239
 20
819.8680664562107
 10
107.91281781580406
 20
820.2398727271275
 10
107.87925855524706
 20
820.61989501287
 10
107.8680721350614
 20
821.0081333134381
 10
107.8822289606071
 20
821.4442141003369
 10
107.9246994372442
 20
821.8625988553036
 10
107.99548356497272
 20
822.2632875783382
 10
108.09458134379264
 20
822.6462802694407
 10
108.22199277370396
 20
823.0115769286111
 10
108.37771785470669
 20
823.3591775558493
 10
108.56175658680083
 20
823.6890821511555
 10
108.77410896998636
 20
824.0012907145294
 10
109.01212059947348
 20
824.2931488411815
 10
109.27313707047237
 20
824.5620021263218
 10
109.55715838298303
 20
824.8078505699502
 10
109.86418453700546
 20
825.030694172067
 10
110.19421553253964
 20
825.230532932672
 10
110.54725136958561
 20
825.4073668517651
 10
110.92329204814334
 20
825.5611959293466
 10
111.32233756821283
 20
825.6920201654162
 10
111.68637022510232
 20
824.1469037772852
 10
111.37378246104409
 20
824.0379467806745
 10
111.08318833667292
 20
823.9173609630799
 10
110.81458785198883
 20
823.7851463245013
 10
110.56798100699181
 20
823.6413028649387
 10
110.34336780168188
 20
823.4858305843921
 10
110.14074823605901
 20
823.3187294828616
 10
109.96012231012321
 20
823.1399995603471
 10
109.80149002387449
 20
822.9496408168486
 10
109.66308177411963
 20
822.7471476514538
 10
109.54312795766542
 20
822.5320144632504
 10
109.44162857451185
 20
822.3042412522383
 10
109.35858362465893
 20
822.0638280184176
 10
109.29399310810668
 20
821.8107747617881
 10
109.24785702485505
 20
821.54508148235
 10
109.22017537490409
 20
821.2667481801033
 10
109.21094815825376
 20
820.9757748550478
 10
109.22118657672877
 20
820.6410038509604
 10
109.25190183215382
 20
820.3202632721906
 10
109.30309392452891
 20
820.0135531187383
 10
109.37476285385404
 20
819.7208733906037
 10
109.46690862012919
 20
819.4422240877867
 10
109.57953122335437
 20
819.1776052102874
 10
109.7126306635296
 20
818.9270167581057
 10
109.86620694065485
 20
818.6904587312415
 10
110.03703684891393
 20
818.4694479324321
 10
110.22189718249062
 20
818.2655011644143
 10
110.42078794138494
 20
818.0786184271882
 10
110.63370912559687
 20
817.9087997207539
 10
110.86066073512642
 20
817.7560450451111
 10
111.10164276997357
 20
817.6203544002602
 10
111.35665523013834
 20
817.501727786201
 10
111.62569811562074
 20
817.4001652029333
 10
112.18211191965808
 20
817.2373617091577
 10
112.74712093920532
 20
817.121073499318
 10
113.32072517426245
 20
817.0513005734141
 10
113.90292462482947
 20
817.0280429314462
 10
114.6352875463634
 20
817.0555981811691
 10
115.31961838122442
 20
817.1382639303378
 10
115.95591712941251
 20
817.2760401789521
 10
116.54418379092769
 20
817.4689269270124
 10
116.81739788393695
 20
817.5867951397032
 10
117.07278954478598
 20
817.7199577799925
 10
117.3103587734748
 20
817.8684148478802
 10
117.5301055700034
 20
818.0321663433664
 10
117.7320299343718
 20
818.2112122664511
 10
117.91613186657997
 20
818.4055526171343
 10
118.08241136662794
 20
818.615187395416
 10
118.23086843451568
 20
818.8401166012961
 10
118.47507367517906
 20
819.3148758579895
 10
118.6495059899386
 20
819.8088479493521
 10
118.75416537879434
 20
820.3220328753838
 10
118.78905184174624
 20
820.8544306360847
 10
118.7771702203061
 20
821.1777624195303
 10
118.74152535598567
 20
821.4884541801672
 10
118.68211724878495
 20
821.7865059179954
 10
118.59894589870396
 20
822.0719176330151
 10
118.49201130574266
 20
822.344689325226
 10
118.36131346990109
 20
822.6048209946283
 10
118.20685239117923
 20
822.8523126412219
 10
118.02862806957708
 20
823.0871642650069
 10
117.82701970577891
 20
823.3064686607372
 10
117.60240650046896
 20
823.5073186231668
 10
117.35478845364726
 20
823.6897141522959
 10
117.08416556531378
 20
823.8536552481243
 10
116.79053783546854
 20
823.9991419106519
 10
116.47390526411152
 20
824.126174139879
 10
116.13426785124275
 20
824.2347519358054
 10
115.77162559686221
 20
824.3248752984312
  0
CIRCLE
  5
11B
330
17
100
AcDbEntity
  8
cut
 62
5
420
255
100
AcDbCircle
 10
180.00000000000006
 20
312.00000000000006
 30
0.0
 40
4.4
  0
CIRCLE
  5
11C
330
17
100
AcDbEntity
  8
cut
 62
5
420
255
100
AcDbCircle
 10
180.00000000000006
 20
547.8000000000001
 30
0.0
 40
4.4
  0
LWPOLYLINE
  5
11D
330
17
100
AcDbEntity
  8
cut
 62
5
420
255
100
AcDbPolyline
 90
4
 70
1
 10
210.00000000000006
 20
547.8000000000001
 42
0.9999999999999999
 10
150.00000000000006
 20
547.8000000000001
 10
150.00000000000006
 20
312.00000000000006
 42
0.9999999999999999
 10
210.00000000000006
 20
312.0000000000001
  0
LWPOLYLINE
  5
11E
330
17
100
AcDbEntity
  8
line engraving
 62
1
420
16711680
100
AcDbPolyline
 90
7
 70
0
 10
185.92968750000006
 20
483.60573946964536
 10
174.07031250000006
 20
483.60573946964536
 10
174.07031250000006
 20
485.17512470156896
 10
184.53018417462488
 20
485.17512470156896
 10
184.53018417462488
 20
491.01582644099597
 10
185.92968750000006
 20
491.01582644099597
 10
185.92968750000006
 20
483.60573946964536
  0
LWPOLYLINE
  5
11F
330
17
100
AcDbEntity
  8
line engraving
 62
1
420
16711680
100
AcDbPolyline
 90
5
 70
0
 10
175.74486272169173
 20
492.7065558918828
 10
174.07031250000006
 20
492.7065558918828
 10
174.07031250000006
 20
494.16268651944074
 10
175.74486272169173
 20
494.16268651944074
 10
175.74486272169173
 20
492.7065558918828
  0
LWPOLYLINE
  5
120
330
17
100
AcDbEntity
  8
line engraving
 62
1
420
16711680
100
AcDbPolyline
 90
5
 70
0
 10
185.92968750000006
 20
492.7065558918828
 10
177.33851679740798
 20
492.7065558918828
 10
177.33851679740798
 20
494.16268651944074
 10
185.92968750000006
 20
494.16268651944074
 10
185.92968750000006
 20
492.7065558918828
  0
LWPOLYLINE
  5
121
330
17
100
AcDbEntity
  8
line engraving
 62
1
420
16711680
100
AcDbPolyline
 90
61
 70
0
 10
185.92968750000006
 20
496.3792409191679
 10
177.33851679740798
 20
496.3792409191679
 10
177.33851679740798
 20
497.6897584839701
 10
178.56004860163716
 20
497.6897584839701
 10
178.22824800290977
 20
497.93952533466927
 10
177.94068748401267
 20
498.2155834328105
 10
177.6973670449459
 20
498.5179327783937
 10
177.49828668570947
 20
498.8465733714189
 10
177.34344640630334
 20
499.2015052118862
 10
177.23284620672754
 20
499.58272829979546
 10
177.16648608698208
 20
499.9902426351467
 10
177.1443660470669
 20
500.42404821794
 10
177.16180927854288
 20
500.8045129044808
 10
177.21413897297072
 20
501.1693039627388
 10
177.30135513035052
 20
501.5184213927141
 10
177.4234577506822
 20
501.8518651944066
 10
177.5738740221053
 20
502.1569953450078
 10
177.74603113275927
 20
502.4211718217088
 10
177.93992908264417
 20
502.6443946245098
 10
178.15556787175996
 20
502.82666375341074
 10
178.39269469965046
 20
502.9763216234653
 10
178.65105676585955
 20
503.10171064972724
 10
178.93065407038716
 20
503.2028308321966
 10
179.23148661323336
 20
503.27968217087323
 10
179.47164704659795
 20
503.3150742347375
 10
179.78764761681452
 20
503.3403542803548
 10
180.17948832388308
 20
503.3555223077252
 10
180.6471691678036
 20
503.36057831684866
 10
185.92968750000006
 20
503.36057831684866
 10
185.92968750000006
 20
501.9044476892907
 10
180.7037964699864
 20
501.9044476892907
 10
180.2869285177567
 20
501.8938300701314
 10
179.92618226679747
 20
501.8619772126536
 10
179.6215577171087
 20
501.8088891168572
 10
179.37305486869036
 20
501.73456578274227
 10
179.1637360909789
 20
501.63319279981675
 10
178.9766637534107
 20
501.49895575758876
 10
178.81183785598574
 20
501.3318546560582
 10
178.66925839870402
 20
501.1318894952252
 10
178.55423419114518
 20
500.9061386878625
 10
178.47207404288886
 20
500.6616806467429
 10
178.42277795393508
 20
500.39851537186655
 10
178.4063459242838
 20
500.1166428632334
 10
178.41557314093413
 20
499.8880480507387
 10
178.4432547908851
 20
499.6674164526135
 10
178.48939087413672
 20
499.4547480688577
 10
178.553981390689
 20
499.25004289947145
 10
178.63702634054192
 20
499.0533009444546
 10
178.7385257236955
 20
498.8645222038072
 10
178.8584795401497
 20
498.6837066775293
 10
178.99688778990455
 20
498.51085436562084
 10
179.16108168618908
 20
498.35253807994235
 10
179.35839244223232
 20
498.21533063235427
 10
179.58882005803423
 20
498.0992320228567
 10
179.85236453359488
 20
498.0042422514496
 10
180.14902586891418
 20
497.93036131813295
 10
180.47880406399221
 20
497.8775892229068
 10
180.84169911882893
 20
497.8459259657711
 10
181.23771103342435
 20
497.83537154672587
 10
185.92968750000006
 20
497.83537154672587
 10
185.92968750000006
 20
496.3792409191679
  0
LWPOLYLINE
  5
122
330
17
100
AcDbEntity
  8
line engraving
 62
1
420
16711680
100
AcDbPolyline
 90
13
 70
0
 10
185.92968750000006
 20
505.6014015603684
 10
174.07031250000006
 20
505.60140156036846
 10
174.07031250000006
 20
507.0575321879264
 10
180.8332303035471
 20
507.0575321879264
 10
177.33851679740798
 20
510.5037080064803
 10
177.33851679740798
 20
512.3885882077082
 10
180.52582494884044
 20
509.1042046811051
 10
185.92968750000006
 20
512.7202624062074
 10
185.92968750000006
 20
510.9243679655526
 10
181.53702677353348
 20
508.08491324181455
 10
182.5239597544339
 20
507.0575321879264
 10
185.92968750000006
 20
507.0575321879264
 10
185.92968750000006
 20
505.6014015603684
  0
LWPOLYLINE
  5
123
330
17
100
AcDbEntity
  8
line engraving
 62
1
420
16711680
100
AcDbPolyline
 90
151
 70
0
 10
181.77162559686226
 20
522.5248752984312
 10
182.16801671214193
 20
524.0942605303547
 10
182.6370247584574
 20
523.9585698855037
 10
183.07733995299716
 20
523.7982311961758
 10
183.48896229576127
 20
523.6132444623711
 10
183.8718917867497
 20
523.4036096840895
 10
184.2261284259625
 20
523.1693268613309
 10
184.55167221339963
 20
522.9103959940954
 10
184.84852314906107
 20
522.6268170823831
 10
185.11668123294686
 20
522.3185901261938
 10
185.35462966231995
 20
521.989127931686
 10
185.56085163444328
 20
521.641843305018
 10
185.73534714931685
 20
521.2767362461898
 10
185.87811620694072
 20
520.8938067552012
 10
185.98915880731482
 20
520.4930548320526
 10
186.06847495043917
 20
520.0744804767438
 10
186.11606463631378
 20
519.6380836892747
 10
186.13192786493866
 20
519.1838644696454
 10
186.1197302429283
 20
518.7157412249265
 10
186.0831373768972
 20
518.2699908205791
 10
186.02214926684542
 20
517.8466132566028
 10
185.9367659127729
 20
517.445608532998
 10
185.82698731467966
 20
517.0669766497646
 10
185.69281347256572
 20
516.7107176069023
 10
185.53424438643103
 20
516.3768314044115
 10
185.35128005627564
 20
516.065318042292
 10
185.1451844843804
 20
515.7739655165524
 10
184.91722167302615
 20
515.500561823201
 10
184.66739162221293
 20
515.2451069622379
 10
184.39569433194072
 20
515.0076009336631
 10
184.1021298022095
 20
514.7880437374766
 10
183.78669803301932
 20
514.5864353736785
 10
183.44939902437014
 20
514.4027758422686
 10
183.09023277626198
 20
514.237065143247
 10
182.71672010226598
 20
514.0901248780963
 10
182.33638181595333
 20
513.962776648299
 10
181.94921791732398
 20
513.8550204538551
 10
181.55522840637795
 20
513.7668562947647
 10
181.15441328311525
 20
513.6982841710277
 10
180.74677254753587
 20
513.6493040826441
 10
180.3323061996398
 20
513.619916029614
 10
179.91101423942706
 20
513.6101200119373
 10
179.4552782170607
 20
513.6211800318948
 10
179.0143310213805
 20
513.6543600917676
 10
178.58817265238645
 20
513.7096601915555
 10
178.1768031100785
 20
513.7870803312586
 10
177.7802223944567
 20
513.8866205108768
 10
177.39843050552102
 20
514.0082807304102
 10
177.0314274432715
 20
514.1520609898588
 10
176.6792132077081
 20
514.3179612892225
 10
176.3447582041909
 20
514.5042752254221
 10
176.03103283807988
 20
514.7092963953786
 10
175.73803710937506
 20
514.933024799092
 10
175.46577101807645
 20
515.1754604365622
 10
175.21423456418407
 20
515.4366033077891
 10
174.98342774769787
 20
515.7164534127729
 10
174.7733505686179
 20
516.0150107515135
 10
174.58400302694412
 20
516.332275324011
 10
174.4162067241591
 20
516.6630015207996
 10
174.27078326174546
 20
517.001943732414
 10
174.14773263970312
 20
517.3491019588539
 10
174.0470548580321
 20
517.7044762001194
 10
173.96874991673246
 20
518.0680664562107
 10
173.91281781580412
 20
518.4398727271275
 10
173.87925855524713
 20
518.8198950128699
 10
173.86807213506145
 20
519.208133313438
 10
173.88222896060716
 20
519.6442141003369
 10
173.92469943724427
 20
520.0625988553036
 10
173.99548356497277
 20
520.4632875783383
 10
174.0945813437927
 20
520.8462802694407
 10
174.22199277370402
 20
521.2115769286111
 10
174.37771785470673
 20
521.5591775558494
 10
174.56175658680087
 20
521.8890821511554
 10
174.7741089699864
 20
522.2012907145294
 10
175.01212059947352
 20
522.4931488411814
 10
175.27313707047242
 20
522.7620021263217
 10
175.5571583829831
 20
523.0078505699502
 10
175.8641845370055
 20
523.2306941720669
 10
176.1942155325397
 20
523.4305329326719
 10
176.54725136958567
 20
523.607366851765
 10
176.9232920481434
 20
523.7611959293465
 10
177.32233756821287
 20
523.8920201654162
 10
177.68637022510237
 20
522.3469037772852
 10
177.37378246104413
 20
522.2379467806745
 10
177.08318833667298
 20
522.1173609630799
 10
176.81458785198888
 20
521.9851463245013
 10
176.5679810069919
 20
521.8413028649387
 10
176.34336780168192
 20
521.6858305843922
 10
176.14074823605907
 20
521.5187294828617
 10
175.96012231012327
 20
521.3399995603471
 10
175.80149002387455
 20
521.1496408168487
 10
175.6630817741197
 20
520.9471476514539
 10
175.5431279576655
 20
520.7320144632504
 10
175.44162857451192
 20
520.5042412522383
 10
175.358583624659
 20
520.2638280184176
 10
175.29399310810672
 20
520.0107747617881
 10
175.2478570248551
 20
519.74508148235
 10
175.22017537490413
 20
519.4667481801033
 10
175.2109481582538
 20
519.1757748550478
 10
175.22118657672883
 20
518.8410038509604
 10
175.2519018321539
 20
518.5202632721906
 10
175.30309392452898
 20
518.2135531187383
 10
175.3747628538541
 20
517.9208733906038
 10
175.46690862012923
 20
517.6422240877868
 10
175.57953122335442
 20
517.3776052102875
 10
175.71263066352964
 20
517.1270167581057
 10
175.8662069406549
 20
516.8904587312416
 10
176.037036848914
 20
516.669447932432
 10
176.2218971824907
 20
516.4655011644143
 10
176.420787941385
 20
516.2786184271882
 10
176.6337091255969
 20
516.1087997207538
 10
176.86066073512646
 20
515.9560450451111
 10
177.10164276997364
 20
515.8203544002602
 10
177.35665523013841
 20
515.7017277862009
 10
177.6256981156208
 20
515.6001652029332
 10
178.18211191965813
 20
515.4373617091577
 10
178.7471209392054
 20
515.321073499318
 10
179.3207251742625
 20
515.2513005734141
 10
179.90292462482952
 20
515.2280429314462
 10
180.63528754636346
 20
515.2555981811691
 10
181.31961838122447
 20
515.3382639303377
 10
181.95591712941257
 20
515.4760401789522
 10
182.54418379092775
 20
515.6689269270123
 10
182.817397883937
 20
515.7867951397031
 10
183.07278954478605
 20
515.9199577799924
 10
183.31035877347486
 20
516.0684148478801
 10
183.53010557000346
 20
516.2321663433663
 10
183.73202993437187
 20
516.4112122664511
 10
183.91613186658003
 20
516.6055526171343
 10
184.082411366628
 20
516.815187395416
 10
184.23086843451574
 20
517.0401166012962
 10
184.47507367517912
 20
517.5148758579895
 10
184.64950598993866
 20
518.0088479493521
 10
184.7541653787944
 20
518.5220328753838
 10
184.7890518417463
 20
519.0544306360847
 10
184.77717022030615
 20
519.3777624195303
 10
184.74152535598571
 20
519.6884541801672
 10
184.682117248785
 20
519.9865059179955
 10
184.59894589870402
 20
520.2719176330152
 10
184.49201130574272
 20
520.544689325226
 10
184.36131346990115
 20
520.8048209946284
 10
184.2068523911793
 20
521.052312641222
 10
184.02862806957714
 20
521.2871642650069
 10
183.82701970577895
 20
521.5064686607373
 10
183.60240650046902
 20
521.7073186231669
 10
183.3547884536473
 20
521.8897141522958
 10
183.08416556531384
 20
522.0536552481242
 10
182.7905378354686
 20
522.199141910652
 10
182.47390526411158
 20
522.326174139879
 10
182.1342678512428
 20
522.4347519358054
 10
181.77162559686226
 20
522.5248752984312
  0
CIRCLE
  5
124
330
17
100
AcDbEntity
  8
cut
 62
5
420
255
100
AcDbCircle
 10
246.0000000000001
 20
312.00000000000006
 30
0.0
 40
4.4
  0
CIRCLE
  5
125
330
17
100
AcDbEntity
  8
cut
 62
5
420
255
100
AcDbCircle
 10
246.0000000000001
 20
547.8000000000001
 30
0.0
 40
4.4
  0
LWPOLYLINE
  5
126
330
17
100
AcDbEntity
  8
cut
 62
5
420
255
100
AcDbPolyline
 90
4
 70
1
 10
276.0000000000001
 20
547.8000000000001
 42
0.9999999999999999
 10
216.0000000000001
 20
547.8000000000001
 10
216.0000000000001
 20
312.00000000000006
 42
0.9999999999999999
 10
276.0000000000001
 20
312.0000000000001
  0
LWPOLYLINE
  5
127
330
17
100
AcDbEntity
  8
line engraving
 62
1
420
16711680
100
AcDbPolyline
 90
7
 70
0
 10
251.9296875000001
 20
483.60573946964536
 10
240.0703125000001
 20
483.60573946964536
 10
240.0703125000001
 20
485.17512470156896
 10
250.53018417462494
 20
485.17512470156896
 10
250.53018417462494
 20
491.01582644099597
 10
251.9296875000001
 20
491.01582644099597
 10
251.9296875000001
 20
483.60573946964536
  0
LWPOLYLINE
  5
128
330
17
100
AcDbEntity
  8
line engraving
 62
1
420
16711680
100
AcDbPolyline
 90
5
 70
0
 10
241.7448627216918
 20
492.7065558918828
 10
240.0703125000001
 20
492.7065558918828
 10
240.0703125000001
 20
494.16268651944074
 10
241.7448627216918
 20
494.16268651944074
 10
241.7448627216918
 20
492.7065558918828
  0
LWPOLYLINE
  5
129
330
17
100
AcDbEntity
  8
line engraving
 62
1
420
16711680
100
AcDbPolyline
 90
5
 70
0
 10
251.9296875000001
 20
492.7065558918828
 10
243.33851679740803
 20
492.7065558918828
 10
243.33851679740803
 20
494.16268651944074
 10
251.9296875000001
 20
494.16268651944074
 10
251.9296875000001
 20
492.7065558918828
  0
LWPOLYLINE
  5
12A
330
17
100
AcDbEntity
  8
line engraving
 62
1
420
16711680
100
AcDbPolyline
 90
61
 70
0
 10
251.9296875000001
 20
496.3792409191679
 10
243.33851679740803
 20
496.3792409191679
 10
243.33851679740803
 20
497.6897584839701
 10
244.56004860163722
 20
497.6897584839701
 10
244.22824800290982
 20
497.93952533466927
 10
243.94068748401273
 20
498.2155834328105
 10
243.69736704494596
 20
498.5179327783937
 10
243.49828668570953
 20
498.8465733714189
 10
243.3434464063034
 20
499.2015052118862
 10
243.2328462067276
 20
499.58272829979546
 10
243.16648608698213
 20
499.9902426351467
 10
243.14436604706697
 20
500.42404821794
 10
243.16180927854293
 20
500.8045129044808
 10
243.21413897297077
 20
501.1693039627388
 10
243.30135513035057
 20
501.5184213927141
 10
243.42345775068225
 20
501.8518651944066
 10
243.57387402210534
 20
502.1569953450078
 10
243.74603113275933
 20
502.4211718217088
 10
243.93992908264423
 20
502.6443946245098
 10
244.15556787176
 20
502.82666375341074
 10
244.39269469965052
 20
502.9763216234653
 10
244.6510567658596
 20
503.10171064972724
 10
244.93065407038722
 20
503.2028308321966
 10
245.23148661323341
 20
503.27968217087323
 10
245.471647046598
 20
503.3150742347375
 10
245.78764761681458
 20
503.3403542803548
 10
246.17948832388313
 20
503.3555223077252
 10
246.64716916780367
 20
503.36057831684866
 10
251.9296875000001
 20
503.36057831684866
 10
251.9296875000001
 20
501.9044476892907
 10
246.70379646998646
 20
501.9044476892907
 10
246.28692851775676
 20
501.8938300701314
 10
245.92618226679753
 20
501.8619772126536
 10
245.62155771710874
 20
501.8088891168572
 10
245.37305486869042
 20
501.73456578274227
 10
245.16373609097894
 20
501.63319279981675
 10
244.97666375341075
 20
501.49895575758876
 10
244.8118378559858
 20
501.3318546560582
 10
244.66925839870407
 20
501.1318894952252
 10
244.55423419114524
 20
500.9061386878625
 10
244.47207404288892
 20
500.6616806467429
 10
244.42277795393514
 20
500.39851537186655
 10
244.40634592428387
 20
500.1166428632334
 10
244.41557314093419
 20
499.8880480507387
 10
244.44325479088516
 20
499.6674164526135
 10
244.48939087413677
 20
499.4547480688577
 10
244.55398139068905
 20
499.25004289947145
 10
244.63702634054198
 20
499.0533009444546
 10
244.73852572369555
 20
498.8645222038072
 10
244.85847954014974
 20
498.6837066775293
 10
244.9968877899046
 20
498.51085436562084
 10
245.16108168618914
 20
498.35253807994235
 10
245.35839244223237
 20
498.21533063235427
 10
245.5888200580343
 20
498.0992320228567
 10
245.85236453359494
 20
498.0042422514496
 10
246.14902586891424
 20
497.93036131813295
 10
246.47880406399227
 20
497.8775892229068
 10
246.84169911882898
 20
497.8459259657711
 10
247.2377110334244
 20
497.83537154672587
 10
251.9296875000001
 20
497.83537154672587
 10
251.9296875000001
 20
496.3792409191679
  0
LWPOLYLINE
  5
12B
330
17
100
AcDbEntity
  8
line engraving
 62
1
420
16711680
100
AcDbPolyline
 90
13
 70
0
 10
251.9296875000001
 20
505.6014015603684
 10
240.0703125000001
 20
505.60140156036846
 10
240.0703125000001
 20
507.0575321879264
 10
246.83323030354717
 20
507.0575321879264
 10
243.33851679740803
 20
510.5037080064803
 10
243.33851679740803
 20
512.3885882077082
 10
246.5258249488405
 20
509.1042046811051
 10
251.9296875000001
 20
512.7202624062074
 10
251.9296875000001
 20
510.9243679655526
 10
247.53702677353354
 20
508.08491324181455
 10
248.52395975443395
 20
507.0575321879264
 10
251.9296875000001
 20
507.0575321879264
 10
251.9296875000001
 20
505.6014015603684
  0
LWPOLYLINE
  5
12C
330
17
100
AcDbEntity
  8
line engraving
 62
1
420
16711680
100
AcDbPolyline
 90
151
 70
0
 10
247.77162559686232
 20
522.5248752984312
 10
248.168016712142
 20
524.0942605303547
 10
248.63702475845744
 20
523.9585698855037
 10
249.07733995299722
 20
523.7982311961758
 10
249.48896229576133
 20
523.6132444623711
 10
249.87189178674976
 20
523.4036096840895
 10
250.22612842596254
 20
523.1693268613309
 10
250.55167221339968
 20
522.9103959940954
 10
250.84852314906112
 20
522.6268170823831
 10
251.11668123294692
 20
522.3185901261938
 10
251.35462966232
 20
521.989127931686
 10
251.56085163444334
 20
521.641843305018
 10
251.7353471493169
 20
521.2767362461898
 10
251.87811620694077
 20
520.8938067552012
 10
251.98915880731488
 20
520.4930548320526
 10
252.06847495043922
 20
520.0744804767438
 10
252.11606463631384
 20
519.6380836892747
 10
252.13192786493872
 20
519.1838644696454
 10
252.11973024292837
 20
518.7157412249265
 10
252.08313737689727
 20
518.2699908205791
 10
252.02214926684547
 20
517.8466132566028
 10
251.93676591277296
 20
517.445608532998
 10
251.8269873146797
 20
517.0669766497646
 10
251.69281347256577
 20
516.7107176069023
 10
251.53424438643108
 20
516.3768314044115
 10
251.3512800562757
 20
516.065318042292
 10
251.14518448438045
 20
515.7739655165524
 10
250.9172216730262
 20
515.500561823201
 10
250.667391622213
 20
515.2451069622379
 10
250.39569433194077
 20
515.0076009336631
 10
250.10212980220956
 20
514.7880437374766
 10
249.78669803301938
 20
514.5864353736785
 10
249.4493990243702
 20
514.4027758422686
 10
249.09023277626204
 20
514.237065143247
 10
248.71672010226604
 20
514.0901248780963
 10
248.3363818159534
 20
513.962776648299
 10
247.94921791732403
 20
513.8550204538551
 10
247.555228406378
 20
513.7668562947647
 10
247.1544132831153
 20
513.6982841710277
 10
246.74677254753593
 20
513.6493040826441
 10
246.33230619963985
 20
513.619916029614
 10
245.91101423942712
 20
513.6101200119373
 10
245.45527821706077
 20
513.6211800318948
 10
245.01433102138057
 20
513.6543600917676
 10
244.5881726523865
 20
513.7096601915555
 10
244.17680311007857
 20
513.7870803312586
 10
243.78022239445676
 20
513.8866205108768
 10
243.39843050552108
 20
514.0082807304102
 10
243.03142744327155
 20
514.1520609898588
 10
242.67921320770816
 20
514.3179612892225
 10
242.34475820419095
 20
514.5042752254221
 10
242.03103283807994
 20
514.7092963953786
 10
241.7380371093751
 20
514.933024799092
 10
241.4657710180765
 20
515.1754604365622
 10
241.21423456418412
 20
515.4366033077891
 10
240.98342774769793
 20
515.7164534127729
 10
240.77335056861796
 20
516.0150107515135
 10
240.58400302694417
 20
516.332275324011
 10
240.41620672415917
 20
516.6630015207996
 10
240.27078326174552
 20
517.001943732414
 10
240.14773263970318
 20
517.3491019588539
 10
240.04705485803217
 20
517.7044762001194
 10
239.96874991673252
 20
518.0680664562107
 10
239.91281781580417
 20
518.4398727271275
 10
239.8792585552472
 20
518.8198950128699
 10
239.8680721350615
 20
519.208133313438
 10
239.88222896060722
 20
519.6442141003369
 10
239.92469943724433
 20
520.0625988553036
 10
239.99548356497283
 20
520.4632875783383
 10
240.09458134379275
 20
520.8462802694407
 10
240.22199277370407
 20
521.2115769286111
 10
240.3777178547068
 20
521.5591775558494
 10
240.56175658680093
 20
521.8890821511554
 10
240.77410896998646
 20
522.2012907145294
 10
241.01212059947358
 20
522.4931488411814
 10
241.27313707047247
 20
522.7620021263217
 10
241.55715838298315
 20
523.0078505699502
 10
241.86418453700557
 20
523.2306941720669
 10
242.19421553253974
 20
523.4305329326719
 10
242.54725136958572
 20
523.607366851765
 10
242.92329204814345
 20
523.7611959293465
 10
243.32233756821293
 20
523.8920201654162
 10
243.68637022510242
 20
522.3469037772852
 10
243.3737824610442
 20
522.2379467806745
 10
243.08318833667303
 20
522.1173609630799
 10
242.81458785198893
 20
521.9851463245013
 10
242.56798100699194
 20
521.8413028649387
 10
242.34336780168198
 20
521.6858305843922
 10
242.14074823605912
 20
521.5187294828617
 10
241.96012231012332
 20
521.3399995603471
 10
241.8014900238746
 20
521.1496408168487
 10
241.66308177411975
 20
520.9471476514539
 10
241.54312795766555
 20
520.7320144632504
 10
241.44162857451198
 20
520.5042412522383
 10
241.35858362465905
 20
520.2638280184176
 10
241.29399310810678
 20
520.0107747617881
 10
241.24785702485516
 20
519.74508148235
 10
241.2201753749042
 20
519.4667481801033
 10
241.21094815825387
 20
519.1757748550478
 10
241.22118657672888
 20
518.8410038509604
 10
241.25190183215395
 20
518.5202632721906
 10
241.30309392452904
 20
518.2135531187383
 10
241.37476285385415
 20
517.9208733906038
 10
241.4669086201293
 20
517.6422240877868
 10
241.57953122335448
 20
517.3776052102875
 10
241.7126306635297
 20
517.1270167581057
 10
241.86620694065496
 20
516.8904587312416
 10
242.03703684891406
 20
516.669447932432
 10
242.22189718249075
 20
516.4655011644143
 10
242.42078794138504
 20
516.2786184271882
 10
242.63370912559697
 20
516.1087997207538
 10
242.86066073512652
 20
515.9560450451111
 10
243.1016427699737
 20
515.8203544002602
 10
243.35665523013847
 20
515.7017277862009
 10
243.62569811562085
 20
515.6001652029332
 10
244.18211191965818
 20
515.4373617091577
 10
244.74712093920544
 20
515.321073499318
 10
245.32072517426255
 20
515.2513005734141
 10
245.90292462482958
 20
515.2280429314462
 10
246.63528754636351
 20
515.2555981811691
 10
247.31961838122453
 20
515.3382639303377
 10
247.95591712941263
 20
515.4760401789522
 10
248.5441837909278
 20
515.6689269270123
 10
248.81739788393705
 20
515.7867951397031
 10
249.0727895447861
 20
515.9199577799924
 10
249.31035877347492
 20
516.0684148478801
 10
249.5301055700035
 20
516.2321663433663
 10
249.73202993437192
 20
516.4112122664511
 10
249.9161318665801
 20
516.6055526171343
 10
250.08241136662807
 20
516.815187395416
 10
250.2308684345158
 20
517.0401166012962
 10
250.47507367517917
 20
517.5148758579895
 10
250.64950598993872
 20
518.0088479493521
 10
250.75416537879445
 20
518.5220328753838
 10
250.78905184174636
 20
519.0544306360847
 10
250.7771702203062
 20
519.3777624195303
 10
250.74152535598577
 20
519.6884541801672
 10
250.68211724878506
 20
519.9865059179955
 10
250.59894589870407
 20
520.2719176330152
 10
250.49201130574278
 20
520.544689325226
 10
250.3613134699012
 20
520.8048209946284
 10
250.20685239117935
 20
521.052312641222
 10
250.0286280695772
 20
521.2871642650069
 10
249.827019705779
 20
521.5064686607373
 10
249.60240650046907
 20
521.7073186231669
 10
249.35478845364736
 20
521.8897141522958
 10
249.0841655653139
 20
522.0536552481242
 10
248.79053783546865
 20
522.199141910652
 10
248.47390526411164
 20
522.326174139879
 10
248.13426785124287
 20
522.4347519358054
 10
247.77162559686232
 20
522.5248752984312
  0
CIRCLE
  5
12D
330
17
100
AcDbEntity
  8
cut
 62
5
420
255
100
AcDbCircle
 10
180.00000000000006
 20
613.8
 30
0.0
 40
4.4
  0
CIRCLE
  5
12E
330
17
100
AcDbEntity
  8
cut
 62
5
420
255
100
AcDbCircle
 10
180.00000000000006
 20
849.6
 30
0.0
 40
4.4
  0
LWPOLYLINE
  5
12F
330
17
100
AcDbEntity
  8
cut
 62
5
420
255
100
AcDbPolyline
 90
4
 70
1
 10
210.00000000000006
 20
849.6
 42
0.9999999999999999
 10
150.00000000000006
 20
849.6
 10
150.00000000000006
 20
613.8
 42
0.9999999999999999
 10
210.00000000000006
 20
613.8000000000001
  0
LWPOLYLINE
  5
130
330
17
100
AcDbEntity
  8
line engraving
 62
1
420
16711680
100
AcDbPolyline
 90
7
 70
0
 10
185.92968750000006
 20
785.4057394696454
 10
174.07031250000006
 20
785.4057394696454
 10
174.07031250000006
 20
786.975124701569
 10
184.53018417462488
 20
786.975124701569
 10
184.53018417462488
 20
792.815826440996
 10
185.92968750000006
 20
792.815826440996
 10
185.92968750000006
 20
785.4057394696454
  0
LWPOLYLINE
  5
131
330
17
100
AcDbEntity
  8
line engraving
 62
1
420
16711680
100
AcDbPolyline
 90
5
 70
0
 10
175.74486272169173
 20
794.5065558918827
 10
174.07031250000006
 20
794.5065558918827
 10
174.07031250000006
 20
795.9626865194407
 10
175.74486272169173
 20
795.9626865194407
 10
175.74486272169173
 20
794.5065558918827
  0
LWPOLYLINE
  5
132
330
17
100
AcDbEntity
  8
line engraving
 62
1
420
16711680
100
AcDbPolyline
 90
5
 70
0
 10
185.92968750000006
 20
794.5065558918827
 10
177.33851679740798
 20
794.5065558918827
 10
177.33851679740798
 20
795.9626865194407
 10
185.92968750000006
 20
795.9626865194407
 10
185.92968750000006
 20
794.5065558918827
  0
LWPOLYLINE
  5
133
330
17
100
AcDbEntity
  8
line engraving
 62
1
420
16711680
100
AcDbPolyline
 90
61
 70
0
 10
185.92968750000006
 20
798.1792409191679
 10
177.33851679740798
 20
798.1792409191679
 10
177.33851679740798
 20
799.48975848397
 10
178.56004860163716
 20
799.48975848397
 10
178.22824800290977
 20
799.7395253346692
 10
177.94068748401267
 20
800.0155834328104
 10
177.6973670449459
 20
800.3179327783937
 10
177.49828668570947
 20
800.6465733714189
 10
177.34344640630334
 20
801.0015052118862
 10
177.23284620672754
 20
801.3827282997954
 10
177.16648608698208
 20
801.7902426351468
 10
177.1443660470669
 20
802.2240482179401
 10
177.16180927854288
 20
802.6045129044809
 10
177.21413897297072
 20
802.9693039627389
 10
177.30135513035052
 20
803.3184213927142
 10
177.4234577506822
 20
803.6518651944067
 10
177.5738740221053
 20
803.9569953450077
 10
177.74603113275927
 20
804.2211718217088
 10
177.93992908264417
 20
804.4443946245099
 10
178.15556787175996
 20
804.6266637534108
 10
178.39269469965046
 20
804.7763216234653
 10
178.65105676585955
 20
804.9017106497272
 10
178.93065407038716
 20
805.0028308321965
 10
179.23148661323336
 20
805.0796821708732
 10
179.47164704659795
 20
805.1150742347374
 10
179.78764761681452
 20
805.1403542803548
 10
180.17948832388308
 20
805.1555223077252
 10
180.6471691678036
 20
805.1605783168486
 10
185.92968750000006
 20
805.1605783168486
 10
185.92968750000006
 20
803.7044476892906
 10
180.7037964699864
 20
803.7044476892906
 10
180.2869285177567
 20
803.6938300701314
 10
179.92618226679747
 20
803.6619772126535
 10
179.6215577171087
 20
803.6088891168572
 10
179.37305486869036
 20
803.5345657827422
 10
179.1637360909789
 20
803.4331927998168
 10
178.9766637534107
 20
803.2989557575887
 10
178.81183785598574
 20
803.1318546560582
 10
178.66925839870402
 20
802.9318894952252
 10
178.55423419114518
 20
802.7061386878624
 10
178.47207404288886
 20
802.4616806467429
 10
178.42277795393508
 20
802.1985153718665
 10
178.4063459242838
 20
801.9166428632334
 10
178.41557314093413
 20
801.6880480507388
 10
178.4432547908851
 20
801.4674164526135
 10
178.48939087413672
 20
801.2547480688578
 10
178.553981390689
 20
801.0500428994715
 10
178.63702634054192
 20
800.8533009444546
 10
178.7385257236955
 20
800.6645222038072
 10
178.8584795401497
 20
800.4837066775293
 10
178.99688778990455
 20
800.3108543656208
 10
179.16108168618908
 20
800.1525380799422
 10
179.35839244223232
 20
800.0153306323542
 10
179.58882005803423
 20
799.8992320228567
 10
179.85236453359488
 20
799.8042422514496
 10
180.14902586891418
 20
799.730361318133
 10
180.47880406399221
 20
799.6775892229068
 10
180.84169911882893
 20
799.6459259657711
 10
181.23771103342435
 20
799.6353715467259
 10
185.92968750000006
 20
799.6353715467259
 10
185.92968750000006
 20
798.1792409191679
  0
LWPOLYLINE
  5
134
330
17
100
AcDbEntity
  8
line engraving
 62
1
420
16711680
100
AcDbPolyline
 90
13
 70
0
 10
185.92968750000006
 20
807.4014015603684
 10
174.07031250000006
 20
807.4014015603684
 10
174.07031250000006
 20
808.8575321879264
 10
180.8332303035471
 20
808.8575321879264
 10
177.33851679740798
 20
812.3037080064803
 10
177.33851679740798
 20
814.1885882077081
 10
180.52582494884044
 20
810.9042046811052
 10
185.92968750000006
 20
814.5202624062075
 10
185.92968750000006
 20
812.7243679655526
 10
181.53702677353348
 20
809.8849132418145
 10
182.5239597544339
 20
808.8575321879264
 10
185.92968750000006
 20
808.8575321879264
 10
185.92968750000006
 20
807.4014015603684
  0
LWPOLYLINE
  5
135
330
17
100
AcDbEntity
  8
line engraving
 62
1
420
16711680
100
AcDbPolyline
 90
151
 70
0
 10
181.77162559686226
 20
824.3248752984312
 10
182.16801671214193
 20
825.8942605303548
 10
182.6370247584574
 20
825.7585698855038
 10
183.07733995299716
 20
825.5982311961759
 10
183.48896229576127
 20
825.4132444623712
 10
183.8718917867497
 20
825.2036096840894
 10
184.2261284259625
 20
824.9693268613308
 10
184.55167221339963
 20
824.7103959940954
 10
184.84852314906107
 20
824.4268170823831
 10
185.11668123294686
 20
824.1185901261938
 10
185.35462966231995
 20
823.789127931686
 10
185.56085163444328
 20
823.441843305018
 10
185.73534714931685
 20
823.0767362461897
 10
185.87811620694072
 20
822.6938067552013
 10
185.98915880731482
 20
822.2930548320527
 10
186.06847495043917
 20
821.8744804767438
 10
186.11606463631378
 20
821.4380836892747
 10
186.13192786493866
 20
820.9838644696454
 10
186.1197302429283
 20
820.5157412249265
 10
186.0831373768972
 20
820.069990820579
 10
186.02214926684542
 20
819.6466132566029
 10
185.9367659127729
 20
819.2456085329981
 10
185.82698731467966
 20
818.8669766497645
 10
185.69281347256572
 20
818.5107176069024
 10
185.53424438643103
 20
818.1768314044116
 10
185.35128005627564
 20
817.8653180422921
 10
185.1451844843804
 20
817.5739655165523
 10
184.91722167302615
 20
817.300561823201
 10
184.66739162221293
 20
817.0451069622379
 10
184.39569433194072
 20
816.8076009336631
 10
184.1021298022095
 20
816.5880437374767
 10
183.78669803301932
 20
816.3864353736785
 10
183.44939902437014
 20
816.2027758422686
 10
183.09023277626198
 20
816.037065143247
 10
182.71672010226598
 20
815.8901248780963
 10
182.33638181595333
 20
815.762776648299
 10
181.94921791732398
 20
815.6550204538552
 10
181.55522840637795
 20
815.5668562947648
 10
181.15441328311525
 20
815.4982841710278
 10
180.74677254753587
 20
815.4493040826442
 10
180.3323061996398
 20
815.4199160296141
 10
179.91101423942706
 20
815.4101200119374
 10
179.4552782170607
 20
815.4211800318949
 10
179.0143310213805
 20
815.4543600917676
 10
178.58817265238645
 20
815.5096601915556
 10
178.1768031100785
 20
815.5870803312587
 10
177.7802223944567
 20
815.6866205108769
 10
177.39843050552102
 20
815.8082807304102
 10
177.0314274432715
 20
815.9520609898588
 10
176.6792132077081
 20
816.1179612892224
 10
176.3447582041909
 20
816.3042752254221
 10
176.03103283807988
 20
816.5092963953787
 10
175.73803710937506
 20
816.733024799092
 10
175.46577101807645
 20
816.9754604365621
 10
175.21423456418407
 20
817.2366033077892
 10
174.98342774769787
 20
817.516453412773
 10
174.7733505686179
 20
817.8150107515136
 10
174.58400302694412
 20
818.1322753240111
 10
174.4162067241591
 20
818.4630015207997
 10
174.27078326174546
 20
818.801943732414
 10
174.14773263970312
 20
819.149101958854
 10
174.0470548580321
 20
819.5044762001195
 10
173.96874991673246
 20
819.8680664562107
 10
173.91281781580412
 20
820.2398727271275
 10
173.87925855524713
 20
820.61989501287
 10
173.86807213506145
 20
821.0081333134381
 10
173.88222896060716
 20
821.4442141003369
 10
173.92469943724427
 20
821.8625988553036
 10
173.99548356497277
 20
822.2632875783382
 10
174.0945813437927
 20
822.6462802694407
 10
174.22199277370402
 20
823.0115769286111
 10
174.37771785470673
 20
823.3591775558493
 10
174.56175658680087
 20
823.6890821511555
 10
174.7741089699864
 20
824.0012907145294
 10
175.01212059947352
 20
824.2931488411815
 10
175.27313707047242
 20
824.5620021263218
 10
175.5571583829831
 20
824.8078505699502
 10
175.8641845370055
 20
825.030694172067
 10
176.1942155325397
 20
825.230532932672
 10
176.54725136958567
 20
825.4073668517651
 10
176.9232920481434
 20
825.5611959293466
 10
177.32233756821287
 20
825.6920201654162
 10
177.68637022510237
 20
824.1469037772852
 10
177.37378246104413
 20
824.0379467806745
 10
177.08318833667298
 20
823.9173609630799
 10
176.81458785198888
 20
823.7851463245013
 10
176.5679810069919
 20
823.6413028649387
 10
176.34336780168192
 20
823.4858305843921
 10
176.14074823605907
 20
823.3187294828616
 10
175.96012231012327
 20
823.1399995603471
 10
175.80149002387455
 20
822.9496408168486
 10
175.6630817741197
 20
822.7471476514538
 10
175.5431279576655
 20
822.5320144632504
 10
175.44162857451192
 20
822.3042412522383
 10
175.358583624659
 20
822.0638280184176
 10
175.29399310810672
 20
821.8107747617881
 10
175.2478570248551
 20
821.54508148235
 10
175.22017537490413
 20
821.2667481801033
 10
175.2109481582538
 20
820.9757748550478
 10
175.22118657672883
 20
820.6410038509604
 10
175.2519018321539
 20
820.3202632721906
 10
175.30309392452898
 20
820.0135531187383
 10
175.3747628538541
 20
819.7208733906037
 10
175.46690862012923
 20
819.4422240877867
 10
175.57953122335442
 20
819.1776052102874
 10
175.71263066352964
 20
818.9270167581057
 10
175.8662069406549
 20
818.6904587312415
 10
176.037036848914
 20
818.4694479324321
 10
176.2218971824907
 20
818.2655011644143
 10
176.420787941385
 20
818.0786184271882
 10
176.6337091255969
 20
817.9087997207539
 10
176.86066073512646
 20
817.7560450451111
 10
177.10164276997364
 20
817.6203544002602
 10
177.35665523013841
 20
817.501727786201
 10
177.6256981156208
 20
817.4001652029333
 10
178.18211191965813
 20
817.2373617091577
 10
178.7471209392054
 20
817.121073499318
 10
179.3207251742625
 20
817.0513005734141
 10
179.90292462482952
 20
817.0280429314462
 10
180.63528754636346
 20
817.0555981811691
 10
181.31961838122447
 20
817.1382639303378
 10
181.95591712941257
 20
817.2760401789521
 10
182.54418379092775
 20
817.4689269270124
 10
182.817397883937
 20
817.5867951397032
 10
183.07278954478605
 20
817.7199577799925
 10
183.31035877347486
 20
817.8684148478802
 10
183.53010557000346
 20
818.0321663433664
 10
183.73202993437187
 20
818.2112122664511
 10
183.91613186658003
 20
818.4055526171343
 10
184.082411366628
 20
818.615187395416
 10
184.23086843451574
 20
818.8401166012961
 10
184.47507367517912
 20
819.3148758579895
 10
184.64950598993866
 20
819.8088479493521
 10
184.7541653787944
 20
820.3220328753838
 10
184.7890518417463
 20
820.8544306360847
 10
184.77717022030615
 20
821.1777624195303
 10
184.74152535598571
 20
821.4884541801672
 10
184.682117248785
 20
821.7865059179954
 10
184.59894589870402
 20
822.0719176330151
 10
184.49201130574272
 20
822.344689325226
 10
184.36131346990115
 20
822.6048209946283
 10
184.2068523911793
 20
822.8523126412219
 10
184.02862806957714
 20
823.0871642650069
 10
183.82701970577895
 20
823.3064686607372
 10
183.60240650046902
 20
823.5073186231668
 10
183.3547884536473
 20
823.6897141522959
 10
183.08416556531384
 20
823.8536552481243
 10
182.7905378354686
 20
823.9991419106519
 10
182.47390526411158
 20
824.126174139879
 10
182.1342678512428
 20
824.2347519358054
 10
181.77162559686226
 20
824.3248752984312
  0
CIRCLE
  5
136
330
17
100
AcDbEntity
  8
cut
 62
5
420
255
100
AcDbCircle
 10
246.0000000000001
 20
613.8
 30
0.0
 40
4.4
  0
CIRCLE
  5
137
330
17
100
AcDbEntity
  8
cut
 62
5
420
255
100
AcDbCircle
 10
246.0000000000001
 20
849.6
 30
0.0
 40
4.4
  0
LWPOLYLINE
  5
138
330
17
100
AcDbEntity
  8
cut
 62
5
420
255
100
AcDbPolyline
 90
4
 70
1
 10
276.0000000000001
 20
849.6
 42
0.9999999999999999
 10
216.0000000000001
 20
849.6
 10
216.0000000000001
 20
613.8
 42
0.9999999999999999
 10
276.0000000000001
 20
613.8000000000001
  0
LWPOLYLINE
  5
139
330
17
100
AcDbEntity
  8
line engraving
 62
1
420
16711680
100
AcDbPolyline
 90
7
 70
0
 10
251.9296875000001
 20
785.4057394696454
 10
240.0703125000001
 20
785.4057394696454
 10
240.0703125000001
 20
786.975124701569
 10
250.53018417462494
 20
786.975124701569
 10
250.53018417462494
 20
792.815826440996
 10
251.9296875000001
 20
792.815826440996
 10
251.9296875000001
 20
785.4057394696454
  0
LWPOLYLINE
  5
13A
330
17
100
AcDbEntity
  8
line engraving
 62
1
420
16711680
100
AcDbPolyline
 90
5
 70
0
 10
241.7448627216918
 20
794.5065558918827
 10
240.0703125000001
 20
794.5065558918827
 10
240.0703125000001
 20
795.9626865194407
 10
241.7448627216918
 20
795.9626865194407
 10
241.7448627216918
 20
794.5065558918827
  0
LWPOLYLINE
  5
13B
330
17
100
AcDbEntity
  8
line engraving
 62
1
420
16711680
100
AcDbPolyline
 90
5
 70
0
 10
251.9296875000001
 20
794.5065558918827
 10
243.33851679740803
 20
794.5065558918827
 10
243.33851679740803
 20
795.9626865194407
 10
251.9296875000001
 20
795.9626865194407
 10
251.9296875000001
 20
794.5065558918827
  0
LWPOLYLINE
  5
13C
330
17
100
AcDbEntity
  8
line engraving
 62
1
420
16711680
100
AcDbPolyline
 90
61
 70
0
 10
251.9296875000001
 20
798.1792409191679
 10
243.33851679740803
 20
798.1792409191679
 10
243.33851679740803
 20
799.48975848397
 10
244.56004860163722
 20
799.48975848397
 10
244.22824800290982
 20
799.7395253346692
 10
243.94068748401273
 20
800.0155834328104
 10
243.69736704494596
 20
800.3179327783937
 10
243.49828668570953
 20
800.6465733714189
 10
243.3434464063034
 20
801.0015052118862
 10
243.2328462067276
 20
801.3827282997954
 10
243.16648608698213
 20
801.7902426351468
 10
243.14436604706697
 20
802.2240482179401
 10
243.16180927854293
 20
802.6045129044809
 10
243.21413897297077
 20
802.9693039627389
 10
243.30135513035057
 20
803.3184213927142
 10
243.42345775068225
 20
803.6518651944067
 10
243.57387402210534
 20
803.9569953450077
 10
243.74603113275933
 20
804.2211718217088
 10
243.93992908264423
 20
804.4443946245099
 10
244.15556787176
 20
804.6266637534108
 10
244.39269469965052
 20
804.7763216234653
 10
244.6510567658596
 20
804.9017106497272
 10
244.93065407038722
 20
805.0028308321965
 10
245.23148661323341
 20
805.0796821708732
 10
245.471647046598
 20
805.1150742347374
 10
245.78764761681458
 20
805.1403542803548
 10
246.17948832388313
 20
805.1555223077252
 10
246.64716916780367
 20
805.1605783168486
 10
251.9296875000001
 20
805.1605783168486
 10
251.9296875000001
 20
803.7044476892906
 10
246.70379646998646
 20
803.7044476892906
 10
246.28692851775676
 20
803.6938300701314
 10
245.92618226679753
 20
803.6619772126535
 10
245.62155771710874
 20
803.6088891168572
 10
245.37305486869042
 20
803.5345657827422
 10
245.16373609097894
 20
803.4331927998168
 10
244.97666375341075
 20
803.2989557575887
 10
244.8118378559858
 20
803.1318546560582
 10
244.66925839870407
 20
802.9318894952252
 10
244.55423419114524
 20
802.7061386878624
 10
244.47207404288892
 20
802.4616806467429
 10
244.42277795393514
 20
802.1985153718665
 10
244.40634592428387
 20
801.9166428632334
 10
244.41557314093419
 20
801.6880480507388
 10
244.44325479088516
 20
801.4674164526135
 10
244.48939087413677
 20
801.2547480688578
 10
244.55398139068905
 20
801.0500428994715
 10
244.63702634054198
 20
800.8533009444546
 10
244.73852572369555
 20
800.6645222038072
 10
244.85847954014974
 20
800.4837066775293
 10
244.9968877899046
 20
800.3108543656208
 10
245.16108168618914
 20
800.1525380799422
 10
245.35839244223237
 20
800.0153306323542
 10
245.5888200580343
 20
799.8992320228567
 10
245.85236453359494
 20
799.8042422514496
 10
246.14902586891424
 20
799.730361318133
 10
246.47880406399227
 20
799.6775892229068
 10
246.84169911882898
 20
799.6459259657711
 10
247.2377110334244
 20
799.6353715467259
 10
251.9296875000001
 20
799.6353715467259
 10
251.9296875000001
 20
798.1792409191679
  0
LWPOLYLINE
  5
13D
330
17
100
AcDbEntity
  8
line engraving
 62
1
420
16711680
100
AcDbPolyline
 90
13
 70
0
 10
251.9296875000001
 20
807.4014015603684
 10
240.0703125000001
 20
807.4014015603684
 10
240.0703125000001
 20
808.8575321879264
 10
246.83323030354717
 20
808.8575321879264
 10
243.33851679740803
 20
812.3037080064803
 10
243.33851679740803
 20
814.1885882077081
 10
246.5258249488405
 20
810.9042046811052
 10
251.9296875000001
 20
814.5202624062075
 10
251.9296875000001
 20
812.7243679655526
 10
247.53702677353354
 20
809.8849132418145
 10
248.52395975443395
 20
808.8575321879264
 10
251.9296875000001
 20
808.8575321879264
 10
251.9296875000001
 20
807.4014015603684
  0
LWPOLYLINE
  5
13E
330
17
100
AcDbEntity
  8
line engraving
 62
1
420
16711680
100
AcDbPolyline
 90
151
 70
0
 10
247.77162559686232
 20
824.3248752984312
 10
248.168016712142
 20
825.8942605303548
 10
248.63702475845744
 20
825.7585698855038
 10
249.07733995299722
 20
825.5982311961759
 10
249.48896229576133
 20
825.4132444623712
 10
249.87189178674976
 20
825.2036096840894
 10
250.22612842596254
 20
824.9693268613308
 10
250.55167221339968
 20
824.7103959940954
 10
250.84852314906112
 20
824.4268170823831
 10
251.11668123294692
 20
824.1185901261938
 10
251.35462966232
 20
823.789127931686
 10
251.56085163444334
 20
823.441843305018
 10
251.7353471493169
 20
823.0767362461897
 10
251.87811620694077
 20
822.6938067552013
 10
251.98915880731488
 20
822.2930548320527
 10
252.06847495043922
 20
821.8744804767438
 10
252.11606463631384
 20
821.4380836892747
 10
252.13192786493872
 20
820.9838644696454
 10
252.11973024292837
 20
820.5157412249265
 10
252.08313737689727
 20
820.069990820579
 10
252.02214926684547
 20
819.6466132566029
 10
251.93676591277296
 20
819.2456085329981
 10
251.8269873146797
 20
818.8669766497645
 10
251.69281347256577
 20
818.5107176069024
 10
251.53424438643108
 20
818.1768314044116
 10
251.3512800562757
 20
817.8653180422921
 10
251.14518448438045
 20
817.5739655165523
 10
250.9172216730262
 20
817.300561823201
 10
250.667391622213
 20
817.0451069622379
 10
250.39569433194077
 20
816.8076009336631
 10
250.10212980220956
 20
816.5880437374767
 10
249.78669803301938
 20
816.3864353736785
 10
249.4493990243702
 20
816.2027758422686
 10
249.09023277626204
 20
816.037065143247
 10
248.71672010226604
 20
815.8901248780963
 10
248.3363818159534
 20
815.762776648299
 10
247.94921791732403
 20
815.6550204538552
 10
247.555228406378
 20
815.5668562947648
 10
247.1544132831153
 20
815.4982841710278
 10
246.74677254753593
 20
815.4493040826442
 10
246.33230619963985
 20
815.4199160296141
 10
245.91101423942712
 20
815.4101200119374
 10
245.45527821706077
 20
815.4211800318949
 10
245.01433102138057
 20
815.4543600917676
 10
244.5881726523865
 20
815.5096601915556
 10
244.17680311007857
 20
815.5870803312587
 10
243.78022239445676
 20
815.6866205108769
 10
243.39843050552108
 20
815.8082807304102
 10
243.03142744327155
 20
815.9520609898588
 10
242.67921320770816
 20
816.1179612892224
 10
242.34475820419095
 20
816.3042752254221
 10
242.03103283807994
 20
816.5092963953787
 10
241.7380371093751
 20
816.733024799092
 10
241.4657710180765
 20
816.9754604365621
 10
241.21423456418412
 20
817.2366033077892
 10
240.98342774769793
 20
817.516453412773
 10
240.77335056861796
 20
817.8150107515136
 10
240.58400302694417
 20
818.1322753240111
 10
240.41620672415917
 20
818.4630015207997
 10
240.27078326174552
 20
818.801943732414
 10
240.14773263970318
 20
819.149101958854
 10
240.04705485803217
 20
819.5044762001195
 10
239.96874991673252
 20
819.8680664562107
 10
239.91281781580417
 20
820.2398727271275
 10
239.8792585552472
 20
820.61989501287
 10
239.8680721350615
 20
821.0081333134381
 10
239.88222896060722
 20
821.4442141003369
 10
239.92469943724433
 20
821.8625988553036
 10
239.99548356497283
 20
822.2632875783382
 10
240.09458134379275
 20
822.6462802694407
 10
240.22199277370407
 20
823.0115769286111
 10
240.3777178547068
 20
823.3591775558493
 10
240.56175658680093
 20
823.6890821511555
 10
240.77410896998646
 20
824.0012907145294
 10
241.01212059947358
 20
824.2931488411815
 10
241.27313707047247
 20
824.5620021263218
 10
241.55715838298315
 20
824.8078505699502
 10
241.86418453700557
 20
825.030694172067
 10
242.19421553253974
 20
825.230532932672
 10
242.54725136958572
 20
825.4073668517651
 10
242.92329204814345
 20
825.5611959293466
 10
243.32233756821293
 20
825.6920201654162
 10
243.68637022510242
 20
824.1469037772852
 10
243.3737824610442
 20
824.0379467806745
 10
243.08318833667303
 20
823.9173609630799
 10
242.81458785198893
 20
823.7851463245013
 10
242.56798100699194
 20
823.6413028649387
 10
242.34336780168198
 20
823.4858305843921
 10
242.14074823605912
 20
823.3187294828616
 10
241.96012231012332
 20
823.1399995603471
 10
241.8014900238746
 20
822.9496408168486
 10
241.66308177411975
 20
822.7471476514538
 10
241.54312795766555
 20
822.5320144632504
 10
241.44162857451198
 20
822.3042412522383
 10
241.35858362465905
 20
822.0638280184176
 10
241.29399310810678
 20
821.8107747617881
 10
241.24785702485516
 20
821.54508148235
 10
241.2201753749042
 20
821.2667481801033
 10
241.21094815825387
 20
820.9757748550478
 10
241.22118657672888
 20
820.6410038509604
 10
241.25190183215395
 20
820.3202632721906
 10
241.30309392452904
 20
820.0135531187383
 10
241.37476285385415
 20
819.7208733906037
 10
241.4669086201293
 20
819.4422240877867
 10
241.57953122335448
 20
819.1776052102874
 10
241.7126306635297
 20
818.9270167581057
 10
241.86620694065496
 20
818.6904587312415
 10
242.03703684891406
 20
818.4694479324321
 10
242.22189718249075
 20
818.2655011644143
 10
242.42078794138504
 20
818.0786184271882
 10
242.63370912559697
 20
817.9087997207539
 10
242.86066073512652
 20
817.7560450451111
 10
243.1016427699737
 20
817.6203544002602
 10
243.35665523013847
 20
817.501727786201
 10
243.62569811562085
 20
817.4001652029333
 10
244.18211191965818
 20
817.2373617091577
 10
244.74712093920544
 20
817.121073499318
 10
245.32072517426255
 20
817.0513005734141
 10
245.90292462482958
 20
817.0280429314462
 10
246.63528754636351
 20
817.0555981811691
 10
247.31961838122453
 20
817.1382639303378
 10
247.95591712941263
 20
817.2760401789521
 10
248.5441837909278
 20
817.4689269270124
 10
248.81739788393705
 20
817.5867951397032
 10
249.0727895447861
 20
817.7199577799925
 10
249.31035877347492
 20
817.8684148478802
 10
249.5301055700035
 20
818.0321663433664
 10
249.73202993437192
 20
818.2112122664511
 10
249.9161318665801
 20
818.4055526171343
 10
250.08241136662807
 20
818.615187395416
 10
250.2308684345158
 20
818.8401166012961
 10
250.47507367517917
 20
819.3148758579895
 10
250.64950598993872
 20
819.8088479493521
 10
250.75416537879445
 20
820.3220328753838
 10
250.78905184174636
 20
820.8544306360847
 10
250.7771702203062
 20
821.1777624195303
 10
250.74152535598577
 20
821.4884541801672
 10
250.68211724878506
 20
821.7865059179954
 10
250.59894589870407
 20
822.0719176330151
 10
250.49201130574278
 20
822.344689325226
 10
250.3613134699012
 20
822.6048209946283
 10
250.20685239117935
 20
822.8523126412219
 10
250.0286280695772
 20
823.0871642650069
 10
249.827019705779
 20
823.3064686607372
 10
249.60240650046907
 20
823.5073186231668
 10
249.35478845364736
 20
823.6897141522959
 10
249.0841655653139
 20
823.8536552481243
 10
248.79053783546865
 20
823.9991419106519
 10
248.47390526411164
 20
824.126174139879
 10
248.13426785124287
 20
824.2347519358054
 10
247.77162559686232
 20
824.3248752984312
  0
CIRCLE
  5
13F
330
17
100
AcDbEntity
  8
cut
 62
5
420
255
100
AcDbCircle
 10
953.3999999999999
 20
349.7999999999999
 30
0.0
 40
4.4
  0
CIRCLE
  5
140
330
17
100
AcDbEntity
  8
cut
 62
5
420
255
100
AcDbCircle
 10
953.3999999999999
 20
585.5999999999999
 30
0.0
 40
4.4
  0
LWPOLYLINE
  5
141
330
17
100
AcDbEntity
  8
cut
 62
5
420
255
100
AcDbPolyline
 90
4
 70
1
 10
983.3999999999999
 20
585.5999999999999
 42
0.9999999999999999
 10
923.3999999999999
 20
585.5999999999999
 10
923.3999999999999
 20
349.7999999999999
 42
0.9999999999999999
 10
983.3999999999999
 20
349.79999999999995
  0
LWPOLYLINE
  5
142
330
17
100
AcDbEntity
  8
line engraving
 62
1
420
16711680
100
AcDbPolyline
 90
7
 70
0
 10
959.3296874999999
 20
521.4057394696453
 10
947.4703124999999
 20
521.4057394696453
 10
947.4703124999999
 20
522.9751247015689
 10
957.9301841746247
 20
522.9751247015689
 10
957.9301841746247
 20
528.8158264409959
 10
959.3296874999999
 20
528.8158264409959
 10
959.3296874999999
 20
521.4057394696453
  0
LWPOLYLINE
  5
143
330
17
100
AcDbEntity
  8
line engraving
 62
1
420
16711680
100
AcDbPolyline
 90
5
 70
0
 10
949.1448627216915
 20
530.5065558918826
 10
947.4703124999999
 20
530.5065558918826
 10
947.4703124999999
 20
531.9626865194406
 10
949.1448627216915
 20
531.9626865194406
 10
949.1448627216915
 20
530.5065558918826
  0
LWPOLYLINE
  5
144
330
17
100
AcDbEntity
  8
line engraving
 62
1
420
16711680
100
AcDbPolyline
 90
5
 70
0
 10
959.3296874999999
 20
530.5065558918826
 10
950.7385167974078
 20
530.5065558918826
 10
950.7385167974078
 20
531.9626865194406
 10
959.3296874999999
 20
531.9626865194406
 10
959.3296874999999
 20
530.5065558918826
  0
LWPOLYLINE
  5
145
330
17
100
AcDbEntity
  8
line engraving
 62
1
420
16711680
100
AcDbPolyline
 90
61
 70
0
 10
959.3296874999999
 20
534.1792409191678
 10
950.7385167974078
 20
534.1792409191678
 10
950.7385167974078
 20
535.4897584839699
 10
951.960048601637
 20
535.4897584839699
 10
951.6282480029096
 20
535.7395253346691
 10
951.3406874840125
 20
536.0155834328103
 10
951.0973670449457
 20
536.3179327783936
 10
950.8982866857093
 20
536.6465733714188
 10
950.7434464063031
 20
537.0015052118861
 10
950.6328462067273
 20
537.3827282997953
 10
950.5664860869819
 20
537.7902426351467
 10
950.5443660470667
 20
538.22404821794
 10
950.5618092785426
 20
538.6045129044808
 10
950.6141389729705
 20
538.9693039627388
 10
950.7013551303503
 20
539.3184213927141
 10
950.823457750682
 20
539.6518651944066
 10
950.9738740221051
 20
539.9569953450077
 10
951.146031132759
 20
540.2211718217087
 10
951.339929082644
 20
540.4443946245096
 10
951.5555678717598
 20
540.6266637534106
 10
951.7926946996503
 20
540.7763216234652
 10
952.0510567658594
 20
540.9017106497271
 10
952.3306540703869
 20
541.0028308321964
 10
952.6314866132332
 20
541.0796821708731
 10
952.8716470465978
 20
541.1150742347373
 10
953.1876476168143
 20
541.1403542803546
 10
953.5794883238829
 20
541.155522307725
 10
954.0471691678034
 20
541.1605783168485
 10
959.3296874999999
 20
541.1605783168485
 10
959.3296874999999
 20
539.7044476892905
 10
954.1037964699863
 20
539.7044476892905
 10
953.6869285177565
 20
539.6938300701313
 10
953.3261822667973
 20
539.6619772126535
 10
953.0215577171085
 20
539.6088891168571
 10
952.7730548686902
 20
539.5345657827421
 10
952.5637360909788
 20
539.4331927998167
 10
952.3766637534105
 20
539.2989557575886
 10
952.2118378559856
 20
539.1318546560581
 10
952.0692583987038
 20
538.931889495225
 10
951.954234191145
 20
538.7061386878623
 10
951.8720740428887
 20
538.4616806467428
 10
951.8227779539349
 20
538.1985153718664
 10
951.8063459242836
 20
537.9166428632333
 10
951.8155731409339
 20
537.6880480507386
 10
951.8432547908849
 20
537.4674164526134
 10
951.8893908741366
 20
537.2547480688577
 10
951.9539813906888
 20
537.0500428994714
 10
952.0370263405417
 20
536.8533009444545
 10
952.1385257236952
 20
536.6645222038071
 10
952.2584795401494
 20
536.4837066775292
 10
952.3968877899043
 20
536.3108543656207
 10
952.5610816861889
 20
536.1525380799421
 10
952.7583924422321
 20
536.0153306323541
 10
952.9888200580341
 20
535.8992320228566
 10
953.2523645335947
 20
535.8042422514495
 10
953.549025868914
 20
535.7303613181329
 10
953.878804063992
 20
535.6775892229067
 10
954.2416991188287
 20
535.645925965771
 10
954.6377110334241
 20
535.6353715467258
 10
959.3296874999999
 20
535.6353715467258
 10
959.3296874999999
 20
534.1792409191678
  0
LWPOLYLINE
  5
146
330
17
100
AcDbEntity
  8
line engraving
 62
1
420
16711680
100
AcDbPolyline
 90
13
 70
0
 10
959.3296874999999
 20
543.4014015603683
 10
947.4703124999999
 20
543.4014015603683
 10
947.4703124999999
 20
544.8575321879263
 10
954.233230303547
 20
544.8575321879263
 10
950.7385167974078
 20
548.3037080064802
 10
950.7385167974078
 20
550.188588207708
 10
953.9258249488403
 20
546.904204681105
 10
959.3296874999999
 20
550.5202624062074
 10
959.3296874999999
 20
548.7243679655525
 10
954.9370267735333
 20
545.8849132418144
 10
955.9239597544337
 20
544.8575321879263
 10
959.3296874999999
 20
544.8575321879263
 10
959.3296874999999
 20
543.4014015603683
  0
LWPOLYLINE
  5
147
330
17
100
AcDbEntity
  8
line engraving
 62
1
420
16711680
100
AcDbPolyline
 90
151
 70
0
 10
955.1716255968621
 20
560.324875298431
 10
955.5680167121418
 20
561.8942605303547
 10
956.0370247584573
 20
561.7585698855037
 10
956.477339952997
 20
561.5982311961758
 10
956.8889622957611
 20
561.413244462371
 10
957.2718917867496
 20
561.2036096840893
 10
957.6261284259623
 20
560.9693268613307
 10
957.9516722133994
 20
560.7103959940953
 10
958.2485231490609
 20
560.426817082383
 10
958.5166812329467
 20
560.1185901261937
 10
958.7546296623198
 20
559.7891279316859
 10
958.9608516344431
 20
559.4418433050179
 10
959.1353471493167
 20
559.0767362461896
 10
959.2781162069405
 20
558.6938067552012
 10
959.3891588073146
 20
558.2930548320526
 10
959.4684749504389
 20
557.8744804767437
 10
959.5160646363136
 20
557.4380836892745
 10
959.5319278649384
 20
556.9838644696453
 10
959.5197302429281
 20
556.5157412249264
 10
959.483137376897
 20
556.0699908205789
 10
959.4221492668452
 20
555.6466132566028
 10
959.3367659127726
 20
555.245608532998
 10
959.2269873146795
 20
554.8669766497644
 10
959.0928134725655
 20
554.5107176069023
 10
958.9342443864308
 20
554.1768314044115
 10
958.7512800562754
 20
553.865318042292
 10
958.5451844843801
 20
553.5739655165523
 10
958.317221673026
 20
553.300561823201
 10
958.0673916222128
 20
553.0451069622378
 10
957.7956943319405
 20
552.807600933663
 10
957.5021298022093
 20
552.5880437374765
 10
957.1866980330192
 20
552.3864353736783
 10
956.84939902437
 20
552.2027758422685
 10
956.4902327762618
 20
552.0370651432469
 10
956.1167201022658
 20
551.8901248780962
 10
955.7363818159531
 20
551.7627766482989
 10
955.3492179173238
 20
551.6550204538551
 10
954.9552284063777
 20
551.5668562947646
 10
954.5544132831151
 20
551.4982841710276
 10
954.1467725475356
 20
551.4493040826441
 10
953.7323061996397
 20
551.419916029614
 10
953.3110142394269
 20
551.4101200119372
 10
952.8552782170606
 20
551.4211800318948
 10
952.4143310213803
 20
551.4543600917675
 10
951.9881726523862
 20
551.5096601915554
 10
951.5768031100783
 20
551.5870803312584
 10
951.1802223944565
 20
551.6866205108768
 10
950.7984305055209
 20
551.80828073041
 10
950.4314274432713
 20
551.9520609898586
 10
950.0792132077079
 20
552.1179612892223
 10
949.7447582041907
 20
552.304275225422
 10
949.4310328380797
 20
552.5092963953786
 10
949.1380371093749
 20
552.7330247990918
 10
948.8657710180762
 20
552.975460436562
 10
948.6142345641838
 20
553.236603307789
 10
948.3834277476976
 20
553.5164534127728
 10
948.1733505686177
 20
553.8150107515135
 10
947.9840030269439
 20
554.1322753240108
 10
947.816206724159
 20
554.4630015207995
 10
947.6707832617453
 20
554.8019437324139
 10
947.547732639703
 20
555.1491019588537
 10
947.447054858032
 20
555.5044762001194
 10
947.3687499167323
 20
555.8680664562105
 10
947.312817815804
 20
556.2398727271274
 10
947.279258555247
 20
556.6198950128698
 10
947.2680721350613
 20
557.008133313438
 10
947.282228960607
 20
557.4442141003368
 10
947.3246994372441
 20
557.8625988553035
 10
947.3954835649727
 20
558.2632875783381
 10
947.4945813437926
 20
558.6462802694407
 10
947.6219927737038
 20
559.011576928611
 10
947.7777178547066
 20
559.3591775558492
 10
947.9617565868007
 20
559.6890821511554
 10
948.1741089699863
 20
560.0012907145293
 10
948.4121205994734
 20
560.2931488411814
 10
948.6731370704723
 20
560.5620021263217
 10
948.9571583829829
 20
560.8078505699501
 10
949.2641845370053
 20
561.0306941720669
 10
949.5942155325396
 20
561.2305329326718
 10
949.9472513695855
 20
561.407366851765
 10
950.3232920481432
 20
561.5611959293465
 10
950.7223375682127
 20
561.6920201654161
 10
951.0863702251022
 20
560.1469037772852
 10
950.773782461044
 20
560.0379467806745
 10
950.4831883366728
 20
559.9173609630798
 10
950.2145878519887
 20
559.7851463245012
 10
949.9679810069917
 20
559.6413028649386
 10
949.7433678016818
 20
559.485830584392
 10
949.5407482360589
 20
559.3187294828615
 10
949.3601223101231
 20
559.139999560347
 10
949.2014900238744
 20
558.9496408168485
 10
949.0630817741195
 20
558.7471476514537
 10
948.9431279576653
 20
558.5320144632503
 10
948.8416285745117
 20
558.3042412522382
 10
948.7585836246587
 20
558.0638280184174
 10
948.6939931081065
 20
557.810774761788
 10
948.6478570248548
 20
557.5450814823499
 10
948.6201753749039
 20
557.2667481801031
 10
948.6109481582536
 20
556.9757748550477
 10
948.6211865767286
 20
556.6410038509603
 10
948.6519018321536
 20
556.3202632721905
 10
948.7030939245287
 20
556.0135531187383
 10
948.7747628538539
 20
555.7208733906036
 10
948.866908620129
 20
555.4422240877867
 10
948.9795312233542
 20
555.1776052102873
 10
949.1126306635294
 20
554.9270167581057
 10
949.2662069406547
 20
554.6904587312415
 10
949.4370368489137
 20
554.469447932432
 10
949.6218971824904
 20
554.2655011644142
 10
949.8207879413848
 20
554.0786184271882
 10
950.0337091255967
 20
553.9087997207538
 10
950.2606607351263
 20
553.756045045111
 10
950.5016427699734
 20
553.6203544002601
 10
950.7566552301382
 20
553.5017277862008
 10
951.0256981156206
 20
553.4001652029332
 10
951.5821119196579
 20
553.2373617091575
 10
952.1471209392053
 20
553.1210734993178
 10
952.7207251742623
 20
553.051300573414
 10
953.3029246248293
 20
553.0280429314461
 10
954.0352875463633
 20
553.055598181169
 10
954.7196183812243
 20
553.1382639303376
 10
955.3559171294124
 20
553.276040178952
 10
955.9441837909276
 20
553.4689269270123
 10
956.2173978839369
 20
553.5867951397031
 10
956.4727895447859
 20
553.7199577799923
 10
956.7103587734747
 20
553.8684148478801
 10
956.9301055700033
 20
554.0321663433663
 10
957.1320299343718
 20
554.211212266451
 10
957.3161318665799
 20
554.4055526171342
 10
957.4824113666278
 20
554.6151873954159
 10
957.6308684345156
 20
554.840116601296
 10
957.875073675179
 20
555.3148758579894
 10
958.0495059899386
 20
555.808847949352
 10
958.1541653787942
 20
556.3220328753837
 10
958.1890518417462
 20
556.8544306360845
 10
958.177170220306
 20
557.1777624195302
 10
958.1415253559856
 20
557.4884541801671
 10
958.0821172487848
 20
557.7865059179954
 10
957.9989458987038
 20
558.071917633015
 10
957.8920113057426
 20
558.344689325226
 10
957.761313469901
 20
558.6048209946282
 10
957.6068523911791
 20
558.8523126412218
 10
957.4286280695769
 20
559.0871642650068
 10
957.2270197057787
 20
559.3064686607371
 10
957.0024065004689
 20
559.5073186231667
 10
956.7547884536472
 20
559.6897141522958
 10
956.4841655653137
 20
559.8536552481241
 10
956.1905378354684
 20
559.9991419106518
 10
955.8739052641114
 20
560.1261741398789
 10
955.5342678512426
 20
560.2347519358053
 10
955.1716255968621
 20
560.324875298431
  0
CIRCLE
  5
148
330
17
100
AcDbEntity
  8
cut
 62
5
420
255
100
AcDbCircle
 10
312.0000000000001
 20
651.5999999999999
 30
0.0
 40
4.4
  0
CIRCLE
  5
149
330
17
100
AcDbEntity
  8
cut
 62
5
420
255
100
AcDbCircle
 10
312.0000000000001
 20
887.3999999999999
 30
0.0
 40
4.4
  0
LWPOLYLINE
  5
14A
330
17
100
AcDbEntity
  8
cut
 62
5
420
255
100
AcDbPolyline
 90
4
 70
1
 10
342.0000000000001
 20
887.3999999999999
 42
0.9999999999999999
 10
282.0000000000001
 20
887.3999999999999
 10
282.0000000000001
 20
651.5999999999999
 42
0.9999999999999999
 10
342.0000000000001
 20
651.5999999999999
  0
LWPOLYLINE
  5
14B
330
17
100
AcDbEntity
  8
line engraving
 62
1
420
16711680
100
AcDbPolyline
 90
7
 70
0
 10
317.9296875000001
 20
823.2057394696452
 10
306.0703125000001
 20
823.2057394696452
 10
306.0703125000001
 20
824.7751247015689
 10
316.53018417462494
 20
824.7751247015689
 10
316.53018417462494
 20
830.6158264409959
 10
317.9296875000001
 20
830.6158264409959
 10
317.9296875000001
 20
823.2057394696452
  0
LWPOLYLINE
  5
14C
330
17
100
AcDbEntity
  8
line engraving
 62
1
420
16711680
100
AcDbPolyline
 90
5
 70
0
 10
307.7448627216918
 20
832.3065558918826
 10
306.0703125000001
 20
832.3065558918826
 10
306.0703125000001
 20
833.7626865194405
 10
307.7448627216918
 20
833.7626865194405
 10
307.7448627216918
 20
832.3065558918826
  0
LWPOLYLINE
  5
14D
330
17
100
AcDbEntity
  8
line engraving
 62
1
420
16711680
100
AcDbPolyline
 90
5
 70
0
 10
317.9296875000001
 20
832.3065558918826
 10
309.33851679740803
 20
832.3065558918826
 10
309.33851679740803
 20
833.7626865194405
 10
317.9296875000001
 20
833.7626865194405
 10
317.9296875000001
 20
832.3065558918826
  0
LWPOLYLINE
  5
14E
330
17
100
AcDbEntity
  8
line engraving
 62
1
420
16711680
100
AcDbPolyline
 90
61
 70
0
 10
317.9296875000001
 20
835.9792409191678
 10
309.33851679740803
 20
835.9792409191678
 10
309.33851679740803
 20
837.2897584839699
 10
310.5600486016372
 20
837.2897584839699
 10
310.2282480029098
 20
837.5395253346691
 10
309.94068748401276
 20
837.8155834328103
 10
309.69736704494596
 20
838.1179327783935
 10
309.49828668570956
 20
838.4465733714187
 10
309.3434464063034
 20
838.801505211886
 10
309.23284620672763
 20
839.1827282997953
 10
309.1664860869821
 20
839.5902426351466
 10
309.14436604706697
 20
840.0240482179399
 10
309.16180927854293
 20
840.4045129044807
 10
309.2141389729708
 20
840.7693039627387
 10
309.30135513035054
 20
841.118421392714
 10
309.42345775068225
 20
841.4518651944065
 10
309.5738740221053
 20
841.7569953450077
 10
309.7460311327593
 20
842.0211718217087
 10
309.9399290826442
 20
842.2443946245096
 10
310.15556787176
 20
842.4266637534106
 10
310.3926946996505
 20
842.5763216234651
 10
310.6510567658596
 20
842.701710649727
 10
310.9306540703872
 20
842.8028308321964
 10
311.2314866132334
 20
842.879682170873
 10
311.47164704659804
 20
842.9150742347373
 10
311.7876476168146
 20
842.9403542803545
 10
312.1794883238831
 20
842.955522307725
 10
312.64716916780367
 20
842.9605783168485
 10
317.9296875000001
 20
842.9605783168485
 10
317.9296875000001
 20
841.5044476892905
 10
312.70379646998646
 20
841.5044476892905
 10
312.2869285177568
 20
841.4938300701313
 10
311.9261822667975
 20
841.4619772126534
 10
311.6215577171088
 20
841.408889116857
 10
311.3730548686904
 20
841.3345657827421
 10
311.16373609097894
 20
841.2331927998166
 10
310.9766637534108
 20
841.0989557575886
 10
310.8118378559858
 20
840.931854656058
 10
310.6692583987041
 20
840.731889495225
 10
310.5542341911452
 20
840.5061386878623
 10
310.47207404288895
 20
840.2616806467428
 10
310.4227779539351
 20
839.9985153718663
 10
310.40634592428387
 20
839.7166428632332
 10
310.4155731409342
 20
839.4880480507386
 10
310.4432547908852
 20
839.2674164526134
 10
310.4893908741368
 20
839.0547480688576
 10
310.55398139068905
 20
838.8500428994713
 10
310.637026340542
 20
838.6533009444545
 10
310.73852572369555
 20
838.4645222038071
 10
310.85847954014974
 20
838.2837066775292
 10
310.99688778990463
 20
838.1108543656206
 10
311.16108168618916
 20
837.9525380799421
 10
311.3583924422324
 20
837.8153306323541
 10
311.5888200580343
 20
837.6992320228566
 10
311.85236453359494
 20
837.6042422514495
 10
312.14902586891424
 20
837.5303613181328
 10
312.47880406399224
 20
837.4775892229067
 10
312.84169911882896
 20
837.4459259657709
 10
313.2377110334244
 20
837.4353715467257
 10
317.9296875000001
 20
837.4353715467257
 10
317.9296875000001
 20
835.9792409191678
  0
LWPOLYLINE
  5
14F
330
17
100
AcDbEntity
  8
line engraving
 62
1
420
16711680
100
AcDbPolyline
 90
13
 70
0
 10
317.9296875000001
 20
845.2014015603683
 10
306.0703125000001
 20
845.2014015603683
 10
306.0703125000001
 20
846.6575321879262
 10
312.83323030354717
 20
846.6575321879262
 10
309.33851679740803
 20
850.1037080064801
 10
309.33851679740803
 20
851.988588207708
 10
312.5258249488405
 20
848.704204681105
 10
317.9296875000001
 20
852.3202624062073
 10
317.9296875000001
 20
850.5243679655524
 10
313.5370267735335
 20
847.6849132418143
 10
314.523959754434
 20
846.6575321879262
 10
317.9296875000001
 20
846.6575321879262
 10
317.9296875000001
 20
845.2014015603683
  0
LWPOLYLINE
  5
150
330
17
100
AcDbEntity
  8
line engraving
 62
1
420
16711680
100
AcDbPolyline
 90
151
 70
0
 10
313.77162559686235
 20
862.124875298431
 10
314.168016712142
 20
863.6942605303547
 10
314.6370247584574
 20
863.5585698855036
 10
315.0773399529972
 20
863.3982311961757
 10
315.4889622957613
 20
863.213244462371
 10
315.87189178674976
 20
863.0036096840893
 10
316.22612842596254
 20
862.7693268613307
 10
316.5516722133997
 20
862.5103959940952
 10
316.8485231490611
 20
862.2268170823829
 10
317.1166812329469
 20
861.9185901261936
 10
317.35462966232
 20
861.5891279316859
 10
317.56085163444334
 20
861.2418433050178
 10
317.73534714931696
 20
860.8767362461896
 10
317.8781162069408
 20
860.4938067552011
 10
317.9891588073149
 20
860.0930548320525
 10
318.0684749504393
 20
859.6744804767436
 10
318.11606463631387
 20
859.2380836892745
 10
318.13192786493875
 20
858.7838644696452
 10
318.11973024292837
 20
858.3157412249263
 10
318.0831373768973
 20
857.8699908205789
 10
318.02214926684553
 20
857.4466132566027
 10
317.936765912773
 20
857.0456085329979
 10
317.82698731467974
 20
856.6669766497644
 10
317.6928134725658
 20
856.3107176069022
 10
317.5342443864311
 20
855.9768314044114
 10
317.3512800562757
 20
855.6653180422919
 10
317.1451844843804
 20
855.3739655165523
 10
316.9172216730262
 20
855.1005618232009
 10
316.66739162221296
 20
854.8451069622378
 10
316.3956943319408
 20
854.607600933663
 10
316.10212980220956
 20
854.3880437374764
 10
315.7866980330194
 20
854.1864353736783
 10
315.4493990243702
 20
854.0027758422684
 10
315.09023277626204
 20
853.8370651432468
 10
314.71672010226604
 20
853.6901248780962
 10
314.33638181595336
 20
853.5627766482988
 10
313.949217917324
 20
853.455020453855
 10
313.555228406378
 20
853.3668562947646
 10
313.1544132831153
 20
853.2982841710276
 10
312.7467725475359
 20
853.249304082644
 10
312.33230619963985
 20
853.219916029614
 10
311.9110142394271
 20
853.2101200119372
 10
311.45527821706077
 20
853.2211800318947
 10
311.01433102138054
 20
853.2543600917675
 10
310.5881726523865
 20
853.3096601915554
 10
310.17680311007854
 20
853.3870803312584
 10
309.78022239445676
 20
853.4866205108767
 10
309.3984305055211
 20
853.60828073041
 10
309.0314274432716
 20
853.7520609898586
 10
308.6792132077082
 20
853.9179612892223
 10
308.34475820419095
 20
854.1042752254219
 10
308.03103283807997
 20
854.3092963953785
 10
307.7380371093751
 20
854.5330247990918
 10
307.4657710180765
 20
854.775460436562
 10
307.21423456418415
 20
855.0366033077889
 10
306.98342774769793
 20
855.3164534127727
 10
306.77335056861796
 20
855.6150107515134
 10
306.5840030269442
 20
855.9322753240108
 10
306.41620672415917
 20
856.2630015207994
 10
306.2707832617455
 20
856.6019437324138
 10
306.1477326397032
 20
856.9491019588537
 10
306.04705485803214
 20
857.3044762001193
 10
305.96874991673246
 20
857.6680664562105
 10
305.91281781580415
 20
858.0398727271273
 10
305.87925855524713
 20
858.4198950128698
 10
305.8680721350615
 20
858.8081333134379
 10
305.88222896060716
 20
859.2442141003368
 10
305.92469943724427
 20
859.6625988553035
 10
305.9954835649728
 20
860.0632875783381
 10
306.0945813437927
 20
860.4462802694406
 10
306.2219927737041
 20
860.811576928611
 10
306.37771785470676
 20
861.1591775558492
 10
306.5617565868009
 20
861.4890821511553
 10
306.77410896998646
 20
861.8012907145293
 10
307.0121205994736
 20
862.0931488411813
 10
307.2731370704725
 20
862.3620021263216
 10
307.5571583829831
 20
862.6078505699501
 10
307.8641845370056
 20
862.8306941720668
 10
308.1942155325398
 20
863.0305329326718
 10
308.54725136958575
 20
863.207366851765
 10
308.9232920481435
 20
863.3611959293464
 10
309.32233756821296
 20
863.4920201654161
 10
309.68637022510245
 20
861.9469037772851
 10
309.3737824610442
 20
861.8379467806744
 10
309.08318833667306
 20
861.7173609630797
 10
308.81458785198896
 20
861.5851463245011
 10
308.56798100699194
 20
861.4413028649385
 10
308.343367801682
 20
861.285830584392
 10
308.1407482360591
 20
861.1187294828615
 10
307.9601223101233
 20
860.9399995603469
 10
307.8014900238746
 20
860.7496408168485
 10
307.66308177411975
 20
860.5471476514537
 10
307.54312795766555
 20
860.3320144632503
 10
307.441628574512
 20
860.1042412522381
 10
307.35858362465905
 20
859.8638280184174
 10
307.2939931081068
 20
859.610774761788
 10
307.2478570248552
 20
859.3450814823499
 10
307.2201753749042
 20
859.0667481801031
 10
307.21094815825387
 20
858.7757748550476
 10
307.2211865767289
 20
858.4410038509602
 10
307.2519018321539
 20
858.1202632721904
 10
307.30309392452904
 20
857.8135531187382
 10
307.3747628538541
 20
857.5208733906036
 10
307.4669086201293
 20
857.2422240877867
 10
307.5795312233545
 20
856.9776052102873
 10
307.7126306635297
 20
856.7270167581056
 10
307.86620694065493
 20
856.4904587312415
 10
308.037036848914
 20
856.269447932432
 10
308.22189718249075
 20
856.0655011644142
 10
308.4207879413851
 20
855.8786184271881
 10
308.63370912559697
 20
855.7087997207537
 10
308.86066073512654
 20
855.556045045111
 10
309.1016427699737
 20
855.4203544002601
 10
309.3566552301385
 20
855.3017277862008
 10
309.6256981156209
 20
855.2001652029331
 10
310.1821119196582
 20
855.0373617091575
 10
310.74712093920544
 20
854.9210734993178
 10
311.3207251742626
 20
854.8513005734139
 10
311.9029246248296
 20
854.828042931446
 10
312.63528754636354
 20
854.855598181169
 10
313.31961838122453
 20
854.9382639303376
 10
313.9559171294126
 20
855.076040178952
 10
314.54418379092783
 20
855.2689269270122
 10
314.8173978839371
 20
855.386795139703
 10
315.07278954478613
 20
855.5199577799923
 10
315.31035877347495
 20
855.6684148478801
 10
315.5301055700035
 20
855.8321663433662
 10
315.7320299343719
 20
856.0112122664509
 10
315.9161318665801
 20
856.2055526171341
 10
316.08241136662804
 20
856.4151873954158
 10
316.2308684345158
 20
856.640116601296
 10
316.47507367517915
 20
857.1148758579893
 10
316.6495059899387
 20
857.6088479493519
 10
316.7541653787944
 20
858.1220328753836
 10
316.78905184174636
 20
858.6544306360845
 10
316.77717022030623
 20
858.9777624195301
 10
316.7415253559858
 20
859.288454180167
 10
316.68211724878506
 20
859.5865059179954
 10
316.5989458987041
 20
859.871917633015
 10
316.4920113057428
 20
860.144689325226
 10
316.3613134699012
 20
860.4048209946282
 10
316.2068523911793
 20
860.6523126412218
 10
316.02862806957717
 20
860.8871642650067
 10
315.827019705779
 20
861.106468660737
 10
315.60240650046904
 20
861.3073186231667
 10
315.35478845364736
 20
861.4897141522957
 10
315.0841655653139
 20
861.6536552481241
 10
314.7905378354687
 20
861.7991419106518
 10
314.47390526411164
 20
861.9261741398789
 10
314.1342678512429
 20
862.0347519358053
 10
313.77162559686235
 20
862.124875298431
  0
CIRCLE
  5
151
330
17
100
AcDbEntity
  8
cut
 62
5
420
255
100
AcDbCircle
 10
1019.3999999999999
 20
349.7999999999999
 30
0.0
 40
4.4
  0
CIRCLE
  5
152
330
17
100
AcDbEntity
  8
cut
 62
5
420
255
100
AcDbCircle
 10
1019.3999999999999
 20
585.5999999999999
 30
0.0
 40
4.4
  0
LWPOLYLINE
  5
153
330
17
100
AcDbEntity
  8
cut
 62
5
420
255
100
AcDbPolyline
 90
4
 70
1
 10
1049.3999999999999
 20
585.5999999999999
 42
0.9999999999999999
 10
989.3999999999999
 20
585.5999999999999
 10
989.3999999999999
 20
349.7999999999999
 42
0.9999999999999999
 10
1049.3999999999999
 20
349.79999999999995
  0
LWPOLYLINE
  5
154
330
17
100
AcDbEntity
  8
line engraving
 62
1
420
16711680
100
AcDbPolyline
 90
7
 70
0
 10
1025.3296874999999
 20
521.4057394696453
 10
1013.4703124999999
 20
521.4057394696453
 10
1013.4703124999999
 20
522.9751247015689
 10
1023.9301841746247
 20
522.9751247015689
 10
1023.9301841746247
 20
528.8158264409959
 10
1025.3296874999999
 20
528.8158264409959
 10
1025.3296874999999
 20
521.4057394696453
  0
LWPOLYLINE
  5
155
330
17
100
AcDbEntity
  8
line engraving
 62
1
420
16711680
100
AcDbPolyline
 90
5
 70
0
 10
1015.1448627216915
 20
530.5065558918826
 10
1013.4703124999999
 20
530.5065558918826
 10
1013.4703124999999
 20
531.9626865194406
 10
1015.1448627216915
 20
531.9626865194406
 10
1015.1448627216915
 20
530.5065558918826
  0
LWPOLYLINE
  5
156
330
17
100
AcDbEntity
  8
line engraving
 62
1
420
16711680
100
AcDbPolyline
 90
5
 70
0
 10
1025.3296874999999
 20
530.5065558918826
 10
1016.7385167974078
 20
530.5065558918826
 10
1016.7385167974078
 20
531.9626865194406
 10
1025.3296874999999
 20
531.9626865194406
 10
1025.3296874999999
 20
530.5065558918826
  0
LWPOLYLINE
  5
157
330
17
100
AcDbEntity
  8
line engraving
 62
1
420
16711680
100
AcDbPolyline
 90
61
 70
0
 10
1025.3296874999999
 20
534.1792409191678
 10
1016.7385167974078
 20
534.1792409191678
 10
1016.7385167974078
 20
535.4897584839699
 10
1017.960048601637
 20
535.4897584839699
 10
1017.6282480029096
 20
535.7395253346691
 10
1017.3406874840125
 20
536.0155834328103
 10
1017.0973670449457
 20
536.3179327783936
 10
1016.8982866857093
 20
536.6465733714188
 10
1016.7434464063031
 20
537.0015052118861
 10
1016.6328462067273
 20
537.3827282997953
 10
1016.5664860869819
 20
537.7902426351467
 10
1016.5443660470667
 20
538.22404821794
 10
1016.5618092785426
 20
538.6045129044808
 10
1016.6141389729705
 20
538.9693039627388
 10
1016.7013551303503
 20
539.3184213927141
 10
1016.823457750682
 20
539.6518651944066
 10
1016.9738740221051
 20
539.9569953450077
 10
1017.146031132759
 20
540.2211718217087
 10
1017.339929082644
 20
540.4443946245096
 10
1017.5555678717598
 20
540.6266637534106
 10
1017.7926946996503
 20
540.7763216234652
 10
1018.0510567658594
 20
540.9017106497271
 10
1018.3306540703869
 20
541.0028308321964
 10
1018.6314866132332
 20
541.0796821708731
 10
1018.8716470465978
 20
541.1150742347373
 10
1019.1876476168143
 20
541.1403542803546
 10
1019.5794883238829
 20
541.155522307725
 10
1020.0471691678034
 20
541.1605783168485
 10
1025.3296874999999
 20
541.1605783168485
 10
1025.3296874999999
 20
539.7044476892905
 10
1020.1037964699863
 20
539.7044476892905
 10
1019.6869285177565
 20
539.6938300701313
 10
1019.3261822667973
 20
539.6619772126535
 10
1019.0215577171085
 20
539.6088891168571
 10
1018.7730548686902
 20
539.5345657827421
 10
1018.5637360909788
 20
539.4331927998167
 10
1018.3766637534105
 20
539.2989557575886
 10
1018.2118378559856
 20
539.1318546560581
 10
1018.0692583987038
 20
538.931889495225
 10
1017.954234191145
 20
538.7061386878623
 10
1017.8720740428887
 20
538.4616806467428
 10
1017.8227779539349
 20
538.1985153718664
 10
1017.8063459242836
 20
537.9166428632333
 10
1017.8155731409339
 20
537.6880480507386
 10
1017.8432547908849
 20
537.4674164526134
 10
1017.8893908741366
 20
537.2547480688577
 10
1017.9539813906888
 20
537.0500428994714
 10
1018.0370263405417
 20
536.8533009444545
 10
1018.1385257236952
 20
536.6645222038071
 10
1018.2584795401494
 20
536.4837066775292
 10
1018.3968877899043
 20
536.3108543656207
 10
1018.5610816861889
 20
536.1525380799421
 10
1018.7583924422321
 20
536.0153306323541
 10
1018.9888200580341
 20
535.8992320228566
 10
1019.2523645335947
 20
535.8042422514495
 10
1019.549025868914
 20
535.7303613181329
 10
1019.878804063992
 20
535.6775892229067
 10
1020.2416991188287
 20
535.645925965771
 10
1020.6377110334241
 20
535.6353715467258
 10
1025.3296874999999
 20
535.6353715467258
 10
1025.3296874999999
 20
534.1792409191678
  0
LWPOLYLINE
  5
158
330
17
100
AcDbEntity
  8
line engraving
 62
1
420
16711680
100
AcDbPolyline
 90
13
 70
0
 10
1025.3296874999999
 20
543.4014015603683
 10
1013.4703124999999
 20
543.4014015603683
 10
1013.4703124999999
 20
544.8575321879263
 10
1020.233230303547
 20
544.8575321879263
 10
1016.7385167974078
 20
548.3037080064802
 10
1016.7385167974078
 20
550.188588207708
 10
1019.9258249488403
 20
546.904204681105
 10
1025.3296874999999
 20
550.5202624062074
 10
1025.3296874999999
 20
548.7243679655525
 10
1020.9370267735333
 20
545.8849132418144
 10
1021.9239597544337
 20
544.8575321879263
 10
1025.3296874999999
 20
544.8575321879263
 10
1025.3296874999999
 20
543.4014015603683
  0
LWPOLYLINE
  5
159
330
17
100
AcDbEntity
  8
line engraving
 62
1
420
16711680
100
AcDbPolyline
 90
151
 70
0
 10
1021.1716255968621
 20
560.324875298431
 10
1021.5680167121418
 20
561.8942605303547
 10
1022.0370247584573
 20
561.7585698855037
 10
1022.477339952997
 20
561.5982311961758
 10
1022.8889622957611
 20
561.413244462371
 10
1023.2718917867496
 20
561.2036096840893
 10
1023.6261284259623
 20
560.9693268613307
 10
1023.9516722133994
 20
560.7103959940953
 10
1024.248523149061
 20
560.426817082383
 10
1024.5166812329467
 20
560.1185901261937
 10
1024.7546296623198
 20
559.7891279316859
 10
1024.960851634443
 20
559.4418433050179
 10
1025.1353471493167
 20
559.0767362461896
 10
1025.2781162069405
 20
558.6938067552012
 10
1025.3891588073147
 20
558.2930548320526
 10
1025.468474950439
 20
557.8744804767437
 10
1025.5160646363138
 20
557.4380836892745
 10
1025.5319278649386
 20
556.9838644696453
 10
1025.5197302429283
 20
556.5157412249264
 10
1025.483137376897
 20
556.0699908205789
 10
1025.4221492668453
 20
555.6466132566028
 10
1025.3367659127728
 20
555.245608532998
 10
1025.2269873146795
 20
554.8669766497644
 10
1025.0928134725655
 20
554.5107176069023
 10
1024.934244386431
 20
554.1768314044115
 10
1024.7512800562754
 20
553.865318042292
 10
1024.5451844843801
 20
553.5739655165523
 10
1024.3172216730259
 20
553.300561823201
 10
1024.0673916222127
 20
553.0451069622378
 10
1023.7956943319405
 20
552.807600933663
 10
1023.5021298022093
 20
552.5880437374765
 10
1023.1866980330192
 20
552.3864353736783
 10
1022.84939902437
 20
552.2027758422685
 10
1022.4902327762618
 20
552.0370651432469
 10
1022.1167201022658
 20
551.8901248780962
 10
1021.7363818159531
 20
551.7627766482989
 10
1021.3492179173238
 20
551.6550204538551
 10
1020.9552284063777
 20
551.5668562947646
 10
1020.5544132831151
 20
551.4982841710276
 10
1020.1467725475356
 20
551.4493040826441
 10
1019.7323061996397
 20
551.419916029614
 10
1019.3110142394269
 20
551.4101200119372
 10
1018.8552782170606
 20
551.4211800318948
 10
1018.4143310213803
 20
551.4543600917675
 10
1017.9881726523862
 20
551.5096601915554
 10
1017.5768031100783
 20
551.5870803312584
 10
1017.1802223944565
 20
551.6866205108768
 10
1016.7984305055209
 20
551.80828073041
 10
1016.4314274432713
 20
551.9520609898586
 10
1016.0792132077079
 20
552.1179612892223
 10
1015.7447582041907
 20
552.304275225422
 10
1015.4310328380797
 20
552.5092963953786
 10
1015.1380371093749
 20
552.7330247990918
 10
1014.8657710180762
 20
552.975460436562
 10
1014.6142345641838
 20
553.236603307789
 10
1014.3834277476976
 20
553.5164534127728
 10
1014.1733505686177
 20
553.8150107515135
 10
1013.9840030269439
 20
554.1322753240108
 10
1013.816206724159
 20
554.4630015207995
 10
1013.6707832617453
 20
554.8019437324139
 10
1013.547732639703
 20
555.1491019588537
 10
1013.447054858032
 20
555.5044762001194
 10
1013.3687499167323
 20
555.8680664562105
 10
1013.312817815804
 20
556.2398727271274
 10
1013.279258555247
 20
556.6198950128698
 10
1013.2680721350613
 20
557.008133313438
 10
1013.282228960607
 20
557.4442141003368
 10
1013.3246994372441
 20
557.8625988553035
 10
1013.3954835649727
 20
558.2632875783381
 10
1013.4945813437926
 20
558.6462802694407
 10
1013.6219927737038
 20
559.011576928611
 10
1013.7777178547066
 20
559.3591775558492
 10
1013.9617565868007
 20
559.6890821511554
 10
1014.1741089699863
 20
560.0012907145293
 10
1014.4121205994734
 20
560.2931488411814
 10
1014.6731370704723
 20
560.5620021263217
 10
1014.9571583829829
 20
560.8078505699501
 10
1015.2641845370053
 20
561.0306941720669
 10
1015.5942155325396
 20
561.2305329326718
 10
1015.9472513695855
 20
561.407366851765
 10
1016.3232920481432
 20
561.5611959293465
 10
1016.7223375682127
 20
561.6920201654161
 10
1017.0863702251022
 20
560.1469037772852
 10
1016.773782461044
 20
560.0379467806745
 10
1016.4831883366728
 20
559.9173609630798
 10
1016.2145878519887
 20
559.7851463245012
 10
1015.9679810069917
 20
559.6413028649386
 10
1015.7433678016818
 20
559.485830584392
 10
1015.5407482360589
 20
559.3187294828615
 10
1015.3601223101231
 20
559.139999560347
 10
1015.2014900238744
 20
558.9496408168485
 10
1015.0630817741195
 20
558.7471476514537
 10
1014.9431279576653
 20
558.5320144632503
 10
1014.8416285745117
 20
558.3042412522382
 10
1014.7585836246587
 20
558.0638280184174
 10
1014.6939931081065
 20
557.810774761788
 10
1014.6478570248548
 20
557.5450814823499
 10
1014.6201753749039
 20
557.2667481801031
 10
1014.6109481582536
 20
556.9757748550477
 10
1014.6211865767286
 20
556.6410038509603
 10
1014.6519018321536
 20
556.3202632721905
 10
1014.7030939245287
 20
556.0135531187383
 10
1014.7747628538539
 20
555.7208733906036
 10
1014.866908620129
 20
555.4422240877867
 10
1014.9795312233542
 20
555.1776052102873
 10
1015.1126306635294
 20
554.9270167581057
 10
1015.2662069406547
 20
554.6904587312415
 10
1015.4370368489137
 20
554.469447932432
 10
1015.6218971824904
 20
554.2655011644142
 10
1015.8207879413848
 20
554.0786184271882
 10
1016.0337091255967
 20
553.9087997207538
 10
1016.2606607351263
 20
553.756045045111
 10
1016.5016427699734
 20
553.6203544002601
 10
1016.7566552301382
 20
553.5017277862008
 10
1017.0256981156206
 20
553.4001652029332
 10
1017.5821119196579
 20
553.2373617091575
 10
1018.1471209392053
 20
553.1210734993178
 10
1018.7207251742623
 20
553.051300573414
 10
1019.3029246248293
 20
553.0280429314461
 10
1020.0352875463633
 20
553.055598181169
 10
1020.7196183812243
 20
553.1382639303376
 10
1021.3559171294124
 20
553.276040178952
 10
1021.9441837909276
 20
553.4689269270123
 10
1022.2173978839369
 20
553.5867951397031
 10
1022.4727895447859
 20
553.7199577799923
 10
1022.7103587734747
 20
553.8684148478801
 10
1022.9301055700033
 20
554.0321663433663
 10
1023.1320299343718
 20
554.211212266451
 10
1023.3161318665799
 20
554.4055526171342
 10
1023.4824113666278
 20
554.6151873954159
 10
1023.6308684345156
 20
554.840116601296
 10
1023.8750736751789
 20
555.3148758579894
 10
1024.0495059899386
 20
555.808847949352
 10
1024.1541653787942
 20
556.3220328753837
 10
1024.189051841746
 20
556.8544306360845
 10
1024.177170220306
 20
557.1777624195302
 10
1024.1415253559856
 20
557.4884541801671
 10
1024.0821172487847
 20
557.7865059179954
 10
1023.9989458987038
 20
558.071917633015
 10
1023.8920113057425
 20
558.344689325226
 10
1023.7613134699009
 20
558.6048209946282
 10
1023.606852391179
 20
558.8523126412218
 10
1023.4286280695769
 20
559.0871642650068
 10
1023.2270197057787
 20
559.3064686607371
 10
1023.0024065004689
 20
559.5073186231667
 10
1022.7547884536472
 20
559.6897141522958
 10
1022.4841655653137
 20
559.8536552481241
 10
1022.1905378354684
 20
559.9991419106518
 10
1021.8739052641114
 20
560.1261741398789
 10
1021.5342678512426
 20
560.2347519358053
 10
1021.1716255968621
 20
560.324875298431
  0
CIRCLE
  5
15A
330
17
100
AcDbEntity
  8
cut
 62
5
420
255
100
AcDbCircle
 10
1079.4000003576273
 20
343.80000367427465
 30
0.0
 40
4.4
  0
LWPOLYLINE
  5
15B
330
17
100
AcDbEntity
  8
cut
 62
5
420
255
100
AcDbPolyline
 90
4
 70
1
 10
1055.400000357627
 20
343.8000036742742
 42
1.0157787888818275
 10
1103.3882375877968
 20
344.55131891378915
 10
1103.3882375877968
 20
580.9252354466043
 42
0.9809821123639358
 10
1055.3999999999996
 20
580.3962532441046
  0
CIRCLE
  5
15C
330
17
100
AcDbEntity
  8
cut
 62
5
420
255
100
AcDbCircle
 10
1079.400011533498
 20
580.2000449802918
 30
0.0
 40
4.4
  0
LWPOLYLINE
  5
15D
330
17
100
AcDbEntity
  8
line engraving
 62
1
420
16711680
100
AcDbPolyline
 90
7
 70
0
 10
1085.3297108129884
 20
531.605564800419
 10
1073.4703358129884
 20
531.605564800419
 10
1073.4703358129884
 20
533.1749500323426
 10
1083.9302074876132
 20
533.1749500323426
 10
1083.9302074876132
 20
539.0156517717696
 10
1085.3297108129884
 20
539.0156517717696
 10
1085.3297108129884
 20
531.605564800419
  0
LWPOLYLINE
  5
15E
330
17
100
AcDbEntity
  8
line engraving
 62
1
420
16711680
100
AcDbPolyline
 90
5
 70
0
 10
1075.1448860346802
 20
540.7063812226564
 10
1073.4703358129884
 20
540.7063812226564
 10
1073.4703358129884
 20
542.1625118502144
 10
1075.1448860346802
 20
542.1625118502144
 10
1075.1448860346802
 20
540.7063812226564
  0
LWPOLYLINE
  5
15F
330
17
100
AcDbEntity
  8
line engraving
 62
1
420
16711680
100
AcDbPolyline
 90
5
 70
0
 10
1085.3297108129884
 20
540.7063812226564
 10
1076.7385401103963
 20
540.7063812226564
 10
1076.7385401103963
 20
542.1625118502144
 10
1085.3297108129884
 20
542.1625118502144
 10
1085.3297108129884
 20
540.7063812226564
  0
LWPOLYLINE
  5
160
330
17
100
AcDbEntity
  8
line engraving
 62
1
420
16711680
100
AcDbPolyline
 90
61
 70
0
 10
1085.3297108129884
 20
544.3790662499415
 10
1076.7385401103963
 20
544.3790662499415
 10
1076.7385401103963
 20
545.6895838147437
 10
1077.9600719146256
 20
545.6895838147437
 10
1077.6282713158982
 20
545.9393506654429
 10
1077.340710797001
 20
546.2154087635842
 10
1077.0973903579343
 20
546.5177581091673
 10
1076.8983099986979
 20
546.8463987021926
 10
1076.7434697192916
 20
547.2013305426598
 10
1076.6328695197158
 20
547.5825536305691
 10
1076.5665093999703
 20
547.9900679659204
 10
1076.5443893600552
 20
548.4238735487137
 10
1076.5618325915311
 20
548.8043382352545
 10
1076.614162285959
 20
549.1691292935125
 10
1076.7013784433389
 20
549.5182467234878
 10
1076.8234810636704
 20
549.8516905251803
 10
1076.9738973350936
 20
550.1568206757814
 10
1077.1460544457477
 20
550.4209971524824
 10
1077.3399523956325
 20
550.6442199552835
 10
1077.5555911847482
 20
550.8264890841843
 10
1077.7927180126387
 20
550.976146954239
 10
1078.051080078848
 20
551.1015359805009
 10
1078.3306773833756
 20
551.2026561629702
 10
1078.6315099262217
 20
551.2795075016469
 10
1078.8716703595862
 20
551.3148995655112
 10
1079.1876709298028
 20
551.3401796111284
 10
1079.5795116368713
 20
551.3553476384989
 10
1080.0471924807919
 20
551.3604036476223
 10
1085.3297108129884
 20
551.3604036476223
 10
1085.3297108129884
 20
549.9042730200644
 10
1080.1038197829748
 20
549.9042730200644
 10
1079.686951830745
 20
549.8936554009051
 10
1079.326205579786
 20
549.8618025434273
 10
1079.021581030097
 20
549.8087144476309
 10
1078.7730781816788
 20
549.7343911135159
 10
1078.5637594039672
 20
549.6330181305904
 10
1078.376687066399
 20
549.4987810883624
 10
1078.211861168974
 20
549.3316799868319
 10
1078.0692817116924
 20
549.1317148259989
 10
1077.9542575041337
 20
548.9059640186362
 10
1077.8720973558773
 20
548.6615059775165
 10
1077.8228012669235
 20
548.3983407026402
 10
1077.8063692372723
 20
548.116468194007
 10
1077.8155964539226
 20
547.8878733815123
 10
1077.8432781038737
 20
547.6672417833871
 10
1077.889414187125
 20
547.4545733996314
 10
1077.9540047036776
 20
547.249868230245
 10
1078.0370496535304
 20
547.0531262752282
 10
1078.138549036684
 20
546.8643475345809
 10
1078.2585028531382
 20
546.683532008303
 10
1078.396911102893
 20
546.5106796963945
 10
1078.5611049991776
 20
546.352363410716
 10
1078.7584157552208
 20
546.2151559631279
 10
1078.9888433710228
 20
546.0990573536303
 10
1079.2523878465834
 20
546.0040675822232
 10
1079.5490491819025
 20
545.9301866489066
 10
1079.8788273769806
 20
545.8774145536804
 10
1080.2417224318174
 20
545.8457512965447
 10
1080.6377343464128
 20
545.8351968774995
 10
1085.3297108129884
 20
545.8351968774995
 10
1085.3297108129884
 20
544.3790662499415
  0
LWPOLYLINE
  5
161
330
17
100
AcDbEntity
  8
line engraving
 62
1
420
16711680
100
AcDbPolyline
 90
13
 70
0
 10
1085.3297108129884
 20
553.6012268911421
 10
1073.4703358129884
 20
553.6012268911421
 10
1073.4703358129884
 20
555.0573575187001
 10
1080.2332536165354
 20
555.0573575187001
 10
1076.7385401103963
 20
558.5035333372539
 10
1076.7385401103963
 20
560.3884135384818
 10
1079.9258482618288
 20
557.1040300118788
 10
1085.3297108129884
 20
560.7200877369811
 10
1085.3297108129884
 20
558.9241932963263
 10
1080.9370500865218
 20
556.0847385725882
 10
1081.9239830674223
 20
555.0573575187001
 10
1085.3297108129884
 20
555.0573575187001
 10
1085.3297108129884
 20
553.6012268911421
  0
LWPOLYLINE
  5
162
330
17
100
AcDbEntity
  8
line engraving
 62
1
420
16711680
100
AcDbPolyline
 90
11
 70
0
 10
1085.3297108129884
 20
562.1438599061489
 10
1073.4703358129884
 20
562.1438599061489
 10
1073.4703358129884
 20
570.1444887431203
 10
1074.8698391383637
 20
570.1444887431203
 10
1074.8698391383637
 20
563.7132451380725
 10
1078.5425241656487
 20
563.7132451380725
 10
1078.5425241656487
 20
569.278899981183
 10
1079.942027491024
 20
569.278899981183
 10
1079.942027491024
 20
563.7132451380725
 10
1085.3297108129884
 20
563.7132451380725
 10
1085.3297108129884
 20
562.1438599061489
  0
CIRCLE
  5
163
330
17
100
AcDbEntity
  8
cut
 62
5
420
255
100
AcDbCircle
 10
1133.4000469836049
 20
343.80000367427465
 30
0.0
 40
4.4
  0
LWPOLYLINE
  5
164
330
17
100
AcDbEntity
  8
cut
 62
5
420
255
100
AcDbPolyline
 90
4
 70
1
 10
1109.4000469836046
 20
343.8000036742742
 42
1.0157787888818275
 10
1157.3882842137743
 20
344.55131891378915
 10
1157.3882842137743
 20
580.9252354466043
 42
0.9809821123639358
 10
1109.4000466259772
 20
580.3962532441046
  0
CIRCLE
  5
165
330
17
100
AcDbEntity
  8
cut
 62
5
420
255
100
AcDbCircle
 10
1133.4000581594755
 20
580.2000449802918
 30
0.0
 40
4.4
  0
LWPOLYLINE
  5
166
330
17
100
AcDbEntity
  8
line engraving
 62
1
420
16711680
100
AcDbPolyline
 90
7
 70
0
 10
1139.329757438966
 20
531.605564800419
 10
1127.470382438966
 20
531.605564800419
 10
1127.470382438966
 20
533.1749500323426
 10
1137.9302541135908
 20
533.1749500323426
 10
1137.9302541135908
 20
539.0156517717696
 10
1139.329757438966
 20
539.0156517717696
 10
1139.329757438966
 20
531.605564800419
  0
LWPOLYLINE
  5
167
330
17
100
AcDbEntity
  8
line engraving
 62
1
420
16711680
100
AcDbPolyline
 90
5
 70
0
 10
1129.1449326606578
 20
540.7063812226564
 10
1127.470382438966
 20
540.7063812226564
 10
1127.470382438966
 20
542.1625118502144
 10
1129.1449326606578
 20
542.1625118502144
 10
1129.1449326606578
 20
540.7063812226564
  0
LWPOLYLINE
  5
168
330
17
100
AcDbEntity
  8
line engraving
 62
1
420
16711680
100
AcDbPolyline
 90
5
 70
0
 10
1139.329757438966
 20
540.7063812226564
 10
1130.738586736374
 20
540.7063812226564
 10
1130.738586736374
 20
542.1625118502144
 10
1139.329757438966
 20
542.1625118502144
 10
1139.329757438966
 20
540.7063812226564
  0
LWPOLYLINE
  5
169
330
17
100
AcDbEntity
  8
line engraving
 62
1
420
16711680
100
AcDbPolyline
 90
61
 70
0
 10
1139.329757438966
 20
544.3790662499415
 10
1130.738586736374
 20
544.3790662499415
 10
1130.738586736374
 20
545.6895838147437
 10
1131.9601185406032
 20
545.6895838147437
 10
1131.6283179418758
 20
545.9393506654429
 10
1131.3407574229786
 20
546.2154087635842
 10
1131.0974369839118
 20
546.5177581091673
 10
1130.8983566246754
 20
546.8463987021926
 10
1130.7435163452692
 20
547.2013305426598
 10
1130.6329161456933
 20
547.5825536305691
 10
1130.5665560259479
 20
547.9900679659204
 10
1130.5444359860328
 20
548.4238735487137
 10
1130.5618792175087
 20
548.8043382352545
 10
1130.6142089119367
 20
549.1691292935125
 10
1130.7014250693164
 20
549.5182467234878
 10
1130.823527689648
 20
549.8516905251803
 10
1130.9739439610712
 20
550.1568206757814
 10
1131.1461010717253
 20
550.4209971524824
 10
1131.33999902161
 20
550.6442199552835
 10
1131.5556378107258
 20
550.8264890841843
 10
1131.7927646386163
 20
550.976146954239
 10
1132.0511267048255
 20
551.1015359805009
 10
1132.3307240093532
 20
551.2026561629702
 10
1132.6315565521993
 20
551.2795075016469
 10
1132.8717169855638
 20
551.3148995655112
 10
1133.1877175557804
 20
551.3401796111284
 10
1133.5795582628489
 20
551.3553476384989
 10
1134.0472391067694
 20
551.3604036476223
 10
1139.329757438966
 20
551.3604036476223
 10
1139.329757438966
 20
549.9042730200644
 10
1134.1038664089524
 20
549.9042730200644
 10
1133.6869984567227
 20
549.8936554009051
 10
1133.3262522057635
 20
549.8618025434273
 10
1133.0216276560745
 20
549.8087144476309
 10
1132.7731248076564
 20
549.7343911135159
 10
1132.5638060299448
 20
549.6330181305904
 10
1132.3767336923765
 20
549.4987810883624
 10
1132.2119077949517
 20
549.3316799868319
 10
1132.06932833767
 20
549.1317148259989
 10
1131.9543041301113
 20
548.9059640186362
 10
1131.8721439818548
 20
548.6615059775165
 10
1131.822847892901
 20
548.3983407026402
 10
1131.8064158632499
 20
548.116468194007
 10
1131.8156430799002
 20
547.8878733815123
 10
1131.8433247298512
 20
547.6672417833871
 10
1131.8894608131027
 20
547.4545733996314
 10
1131.9540513296552
 20
547.249868230245
 10
1132.037096279508
 20
547.0531262752282
 10
1132.1385956626616
 20
546.8643475345809
 10
1132.2585494791158
 20
546.683532008303
 10
1132.3969577288706
 20
546.5106796963945
 10
1132.5611516251552
 20
546.352363410716
 10
1132.7584623811983
 20
546.2151559631279
 10
1132.9888899970003
 20
546.0990573536303
 10
1133.252434472561
 20
546.0040675822232
 10
1133.5490958078801
 20
545.9301866489066
 10
1133.8788740029581
 20
545.8774145536804
 10
1134.241769057795
 20
545.8457512965447
 10
1134.6377809723904
 20
545.8351968774995
 10
1139.329757438966
 20
545.8351968774995
 10
1139.329757438966
 20
544.3790662499415
  0
LWPOLYLINE
  5
16A
330
17
100
AcDbEntity
  8
line engraving
 62
1
420
16711680
100
AcDbPolyline
 90
13
 70
0
 10
1139.329757438966
 20
553.6012268911421
 10
1127.470382438966
 20
553.6012268911421
 10
1127.470382438966
 20
555.0573575187001
 10
1134.233300242513
 20
555.0573575187001
 10
1130.738586736374
 20
558.5035333372539
 10
1130.738586736374
 20
560.3884135384818
 10
1133.9258948878064
 20
557.1040300118788
 10
1139.329757438966
 20
560.7200877369811
 10
1139.329757438966
 20
558.9241932963263
 10
1134.9370967124994
 20
556.0847385725882
 10
1135.9240296934
 20
555.0573575187001
 10
1139.329757438966
 20
555.0573575187001
 10
1139.329757438966
 20
553.6012268911421
  0
LWPOLYLINE
  5
16B
330
17
100
AcDbEntity
  8
line engraving
 62
1
420
16711680
100
AcDbPolyline
 90
11
 70
0
 10
1139.329757438966
 20
562.1438599061489
 10
1127.470382438966
 20
562.1438599061489
 10
1127.470382438966
 20
570.1444887431203
 10
1128.8698857643412
 20
570.1444887431203
 10
1128.8698857643412
 20
563.7132451380725
 10
1132.5425707916263
 20
563.7132451380725
 10
1132.5425707916263
 20
569.278899981183
 10
1133.9420741170015
 20
569.278899981183
 10
1133.9420741170015
 20
563.7132451380725
 10
1139.329757438966
 20
563.7132451380725
 10
1139.329757438966
 20
562.1438599061489
  0
CIRCLE
  5
16C
330
17
100
AcDbEntity
  8
cut
 62
5
420
255
100
AcDbCircle
 10
1079.4000003576273
 20
634.2000366241459
 30
0.0
 40
4.4
  0
LWPOLYLINE
  5
16D
330
17
100
AcDbEntity
  8
cut
 62
5
420
255
100
AcDbPolyline
 90
4
 70
1
 10
1055.400000357627
 20
634.2000366241455
 42
1.0157787888818275
 10
1103.3882375877968
 20
634.9513518636604
 10
1103.3882375877968
 20
871.3252683964756
 42
0.9809821123639358
 10
1055.3999999999996
 20
870.7962861939759
  0
CIRCLE
  5
16E
330
17
100
AcDbEntity
  8
cut
 62
5
420
255
100
AcDbCircle
 10
1079.400011533498
 20
870.600077930163
 30
0.0
 40
4.4
  0
LWPOLYLINE
  5
16F
330
17
100
AcDbEntity
  8
line engraving
 62
1
420
16711680
100
AcDbPolyline
 90
7
 70
0
 10
1085.3297108129884
 20
822.0055977502902
 10
1073.4703358129884
 20
822.0055977502902
 10
1073.4703358129884
 20
823.5749829822139
 10
1083.9302074876132
 20
823.5749829822139
 10
1083.9302074876132
 20
829.4156847216409
 10
1085.3297108129884
 20
829.4156847216409
 10
1085.3297108129884
 20
822.0055977502902
  0
LWPOLYLINE
  5
170
330
17
100
AcDbEntity
  8
line engraving
 62
1
420
16711680
100
AcDbPolyline
 90
5
 70
0
 10
1075.1448860346802
 20
831.1064141725277
 10
1073.4703358129884
 20
831.1064141725277
 10
1073.4703358129884
 20
832.5625448000857
 10
1075.1448860346802
 20
832.5625448000857
 10
1075.1448860346802
 20
831.1064141725277
  0
LWPOLYLINE
  5
171
330
17
100
AcDbEntity
  8
line engraving
 62
1
420
16711680
100
AcDbPolyline
 90
5
 70
0
 10
1085.3297108129884
 20
831.1064141725277
 10
1076.7385401103963
 20
831.1064141725277
 10
1076.7385401103963
 20
832.5625448000857
 10
1085.3297108129884
 20
832.5625448000857
 10
1085.3297108129884
 20
831.1064141725277
  0
LWPOLYLINE
  5
172
330
17
100
AcDbEntity
  8
line engraving
 62
1
420
16711680
100
AcDbPolyline
 90
61
 70
0
 10
1085.3297108129884
 20
834.7790991998128
 10
1076.7385401103963
 20
834.7790991998128
 10
1076.7385401103963
 20
836.089616764615
 10
1077.9600719146256
 20
836.089616764615
 10
1077.6282713158982
 20
836.3393836153142
 10
1077.340710797001
 20
836.6154417134554
 10
1077.0973903579343
 20
836.9177910590386
 10
1076.8983099986979
 20
837.2464316520638
 10
1076.7434697192916
 20
837.601363492531
 10
1076.6328695197158
 20
837.9825865804404
 10
1076.5665093999703
 20
838.3901009157917
 10
1076.5443893600552
 20
838.823906498585
 10
1076.5618325915311
 20
839.2043711851258
 10
1076.614162285959
 20
839.5691622433837
 10
1076.7013784433389
 20
839.918279673359
 10
1076.8234810636704
 20
840.2517234750516
 10
1076.9738973350936
 20
840.5568536256527
 10
1077.1460544457477
 20
840.8210301023537
 10
1077.3399523956325
 20
841.0442529051547
 10
1077.5555911847482
 20
841.2265220340556
 10
1077.7927180126387
 20
841.3761799041102
 10
1078.051080078848
 20
841.5015689303722
 10
1078.3306773833756
 20
841.6026891128415
 10
1078.6315099262217
 20
841.6795404515182
 10
1078.8716703595862
 20
841.7149325153824
 10
1079.1876709298028
 20
841.7402125609997
 10
1079.5795116368713
 20
841.7553805883701
 10
1080.0471924807919
 20
841.7604365974936
 10
1085.3297108129884
 20
841.7604365974936
 10
1085.3297108129884
 20
840.3043059699356
 10
1080.1038197829748
 20
840.3043059699356
 10
1079.686951830745
 20
840.2936883507764
 10
1079.326205579786
 20
840.2618354932986
 10
1079.021581030097
 20
840.2087473975022
 10
1078.7730781816788
 20
840.1344240633872
 10
1078.5637594039672
 20
840.0330510804616
 10
1078.376687066399
 20
839.8988140382337
 10
1078.211861168974
 20
839.7317129367032
 10
1078.0692817116924
 20
839.5317477758701
 10
1077.9542575041337
 20
839.3059969685074
 10
1077.8720973558773
 20
839.0615389273878
 10
1077.8228012669235
 20
838.7983736525115
 10
1077.8063692372723
 20
838.5165011438783
 10
1077.8155964539226
 20
838.2879063313836
 10
1077.8432781038737
 20
838.0672747332584
 10
1077.889414187125
 20
837.8546063495027
 10
1077.9540047036776
 20
837.6499011801163
 10
1078.0370496535304
 20
837.4531592250995
 10
1078.138549036684
 20
837.2643804844522
 10
1078.2585028531382
 20
837.0835649581743
 10
1078.396911102893
 20
836.9107126462658
 10
1078.5611049991776
 20
836.7523963605872
 10
1078.7584157552208
 20
836.6151889129992
 10
1078.9888433710228
 20
836.4990903035016
 10
1079.2523878465834
 20
836.4041005320945
 10
1079.5490491819025
 20
836.3302195987778
 10
1079.8788273769806
 20
836.2774475035517
 10
1080.2417224318174
 20
836.245784246416
 10
1080.6377343464128
 20
836.2352298273707
 10
1085.3297108129884
 20
836.2352298273707
 10
1085.3297108129884
 20
834.7790991998128
  0
LWPOLYLINE
  5
173
330
17
100
AcDbEntity
  8
line engraving
 62
1
420
16711680
100
AcDbPolyline
 90
13
 70
0
 10
1085.3297108129884
 20
844.0012598410134
 10
1073.4703358129884
 20
844.0012598410134
 10
1073.4703358129884
 20
845.4573904685714
 10
1080.2332536165354
 20
845.4573904685714
 10
1076.7385401103963
 20
848.9035662871252
 10
1076.7385401103963
 20
850.7884464883531
 10
1079.9258482618288
 20
847.50406296175
 10
1085.3297108129884
 20
851.1201206868524
 10
1085.3297108129884
 20
849.3242262461976
 10
1080.9370500865218
 20
846.4847715224595
 10
1081.9239830674223
 20
845.4573904685714
 10
1085.3297108129884
 20
845.4573904685714
 10
1085.3297108129884
 20
844.0012598410134
  0
LWPOLYLINE
  5
174
330
17
100
AcDbEntity
  8
line engraving
 62
1
420
16711680
100
AcDbPolyline
 90
11
 70
0
 10
1085.3297108129884
 20
852.5438928560202
 10
1073.4703358129884
 20
852.5438928560202
 10
1073.4703358129884
 20
860.5445216929916
 10
1074.8698391383637
 20
860.5445216929916
 10
1074.8698391383637
 20
854.1132780879437
 10
1078.5425241656487
 20
854.1132780879437
 10
1078.5425241656487
 20
859.6789329310543
 10
1079.942027491024
 20
859.6789329310543
 10
1079.942027491024
 20
854.1132780879437
 10
1085.3297108129884
 20
854.1132780879437
 10
1085.3297108129884
 20
852.5438928560202
  0
CIRCLE
  5
175
330
17
100
AcDbEntity
  8
cut
 62
5
420
255
100
AcDbCircle
 10
1133.4000469836049
 20
634.2000366241459
 30
0.0
 40
4.4
  0
LWPOLYLINE
  5
176
330
17
100
AcDbEntity
  8
cut
 62
5
420
255
100
AcDbPolyline
 90
4
 70
1
 10
1109.4000469836046
 20
634.2000366241455
 42
1.0157787888818275
 10
1157.3882842137743
 20
634.9513518636604
 10
1157.3882842137743
 20
871.3252683964756
 42
0.9809821123639358
 10
1109.4000466259772
 20
870.7962861939759
  0
CIRCLE
  5
177
330
17
100
AcDbEntity
  8
cut
 62
5
420
255
100
AcDbCircle
 10
1133.4000581594755
 20
870.600077930163
 30
0.0
 40
4.4
  0
LWPOLYLINE
  5
178
330
17
100
AcDbEntity
  8
line engraving
 62
1
420
16711680
100
AcDbPolyline
 90
7
 70
0
 10
1139.329757438966
 20
822.0055977502902
 10
1127.470382438966
 20
822.0055977502902
 10
1127.470382438966
 20
823.5749829822139
 10
1137.9302541135908
 20
823.5749829822139
 10
1137.9302541135908
 20
829.4156847216409
 10
1139.329757438966
 20
829.4156847216409
 10
1139.329757438966
 20
822.0055977502902
  0
LWPOLYLINE
  5
179
330
17
100
AcDbEntity
  8
line engraving
 62
1
420
16711680
100
AcDbPolyline
 90
5
 70
0
 10
1129.1449326606578
 20
831.1064141725277
 10
1127.470382438966
 20
831.1064141725277
 10
1127.470382438966
 20
832.5625448000857
 10
1129.1449326606578
 20
832.5625448000857
 10
1129.1449326606578
 20
831.1064141725277
  0
LWPOLYLINE
  5
17A
330
17
100
AcDbEntity
  8
line engraving
 62
1
420
16711680
100
AcDbPolyline
 90
5
 70
0
 10
1139.329757438966
 20
831.1064141725277
 10
1130.738586736374
 20
831.1064141725277
 10
1130.738586736374
 20
832.5625448000857
 10
1139.329757438966
 20
832.5625448000857
 10
1139.329757438966
 20
831.1064141725277
  0
LWPOLYLINE
  5
17B
330
17
100
AcDbEntity
  8
line engraving
 62
1
420
16711680
100
AcDbPolyline
 90
61
 70
0
 10
1139.329757438966
 20
834.7790991998128
 10
1130.738586736374
 20
834.7790991998128
 10
1130.738586736374
 20
836.089616764615
 10
1131.9601185406032
 20
836.089616764615
 10
1131.6283179418758
 20
836.3393836153142
 10
1131.3407574229786
 20
836.6154417134554
 10
1131.0974369839118
 20
836.9177910590386
 10
1130.8983566246754
 20
837.2464316520638
 10
1130.7435163452692
 20
837.601363492531
 10
1130.6329161456933
 20
837.9825865804404
 10
1130.5665560259479
 20
838.3901009157917
 10
1130.5444359860328
 20
838.823906498585
 10
1130.5618792175087
 20
839.2043711851258
 10
1130.6142089119367
 20
839.5691622433837
 10
1130.7014250693164
 20
839.918279673359
 10
1130.823527689648
 20
840.2517234750516
 10
1130.9739439610712
 20
840.5568536256527
 10
1131.1461010717253
 20
840.8210301023537
 10
1131.33999902161
 20
841.0442529051547
 10
1131.5556378107258
 20
841.2265220340556
 10
1131.7927646386163
 20
841.3761799041102
 10
1132.0511267048255
 20
841.5015689303722
 10
1132.3307240093532
 20
841.6026891128415
 10
1132.6315565521993
 20
841.6795404515182
 10
1132.8717169855638
 20
841.7149325153824
 10
1133.1877175557804
 20
841.7402125609997
 10
1133.5795582628489
 20
841.7553805883701
 10
1134.0472391067694
 20
841.7604365974936
 10
1139.329757438966
 20
841.7604365974936
 10
1139.329757438966
 20
840.3043059699356
 10
1134.1038664089524
 20
840.3043059699356
 10
1133.6869984567227
 20
840.2936883507764
 10
1133.3262522057635
 20
840.2618354932986
 10
1133.0216276560745
 20
840.2087473975022
 10
1132.7731248076564
 20
840.1344240633872
 10
1132.5638060299448
 20
840.0330510804616
 10
1132.3767336923765
 20
839.8988140382337
 10
1132.2119077949517
 20
839.7317129367032
 10
1132.06932833767
 20
839.5317477758701
 10
1131.9543041301113
 20
839.3059969685074
 10
1131.8721439818548
 20
839.0615389273878
 10
1131.822847892901
 20
838.7983736525115
 10
1131.8064158632499
 20
838.5165011438783
 10
1131.8156430799002
 20
838.2879063313836
 10
1131.8433247298512
 20
838.0672747332584
 10
1131.8894608131027
 20
837.8546063495027
 10
1131.9540513296552
 20
837.6499011801163
 10
1132.037096279508
 20
837.4531592250995
 10
1132.1385956626616
 20
837.2643804844522
 10
1132.2585494791158
 20
837.0835649581743
 10
1132.3969577288706
 20
836.9107126462658
 10
1132.5611516251552
 20
836.7523963605872
 10
1132.7584623811983
 20
836.6151889129992
 10
1132.9888899970003
 20
836.4990903035016
 10
1133.252434472561
 20
836.4041005320945
 10
1133.5490958078801
 20
836.3302195987778
 10
1133.8788740029581
 20
836.2774475035517
 10
1134.241769057795
 20
836.245784246416
 10
1134.6377809723904
 20
836.2352298273707
 10
1139.329757438966
 20
836.2352298273707
 10
1139.329757438966
 20
834.7790991998128
  0
LWPOLYLINE
  5
17C
330
17
100
AcDbEntity
  8
line engraving
 62
1
420
16711680
100
AcDbPolyline
 90
13
 70
0
 10
1139.329757438966
 20
844.0012598410134
 10
1127.470382438966
 20
844.0012598410134
 10
1127.470382438966
 20
845.4573904685714
 10
1134.233300242513
 20
845.4573904685714
 10
1130.738586736374
 20
848.9035662871252
 10
1130.738586736374
 20
850.7884464883531
 10
1133.9258948878064
 20
847.50406296175
 10
1139.329757438966
 20
851.1201206868524
 10
1139.329757438966
 20
849.3242262461976
 10
1134.9370967124994
 20
846.4847715224595
 10
1135.9240296934
 20
845.4573904685714
 10
1139.329757438966
 20
845.4573904685714
 10
1139.329757438966
 20
844.0012598410134
  0
LWPOLYLINE
  5
17D
330
17
100
AcDbEntity
  8
line engraving
 62
1
420
16711680
100
AcDbPolyline
 90
11
 70
0
 10
1139.329757438966
 20
852.5438928560202
 10
1127.470382438966
 20
852.5438928560202
 10
1127.470382438966
 20
860.5445216929916
 10
1128.8698857643412
 20
860.5445216929916
 10
1128.8698857643412
 20
854.1132780879437
 10
1132.5425707916263
 20
854.1132780879437
 10
1132.5425707916263
 20
859.6789329310543
 10
1133.9420741170015
 20
859.6789329310543
 10
1133.9420741170015
 20
854.1132780879437
 10
1139.329757438966
 20
854.1132780879437
 10
1139.329757438966
 20
852.5438928560202
  0
CIRCLE
  5
17E
330
17
100
AcDbEntity
  8
cut
 62
5
420
255
100
AcDbCircle
 10
343.80000367427465
 20
947.4000462683497
 30
0.0
 40
4.4
  0
LWPOLYLINE
  5
17F
330
17
100
AcDbEntity
  8
cut
 62
5
420
255
100
AcDbPolyline
 90
4
 70
1
 10
343.8000036742742
 20
971.40004626835
 42
1.0157787888818275
 10
344.55131891378915
 20
923.4118090381802
 10
580.9252354466043
 20
923.4118090381802
 42
0.9809821123639358
 10
580.3962532441046
 20
971.4000466259772
  0
CIRCLE
  5
180
330
17
100
AcDbEntity
  8
cut
 62
5
420
255
100
AcDbCircle
 10
580.2000449802918
 20
947.4000350924791
 30
0.0
 40
4.4
  0
LWPOLYLINE
  5
181
330
17
100
AcDbEntity
  8
line engraving
 62
1
420
16711680
100
AcDbPolyline
 90
7
 70
0
 10
531.605564800419
 20
941.4703358129885
 10
531.605564800419
 20
953.3297108129885
 10
533.1749500323426
 20
953.3297108129885
 10
533.1749500323426
 20
942.8698391383637
 10
539.0156517717696
 20
942.8698391383637
 10
539.0156517717696
 20
941.4703358129885
 10
531.605564800419
 20
941.4703358129885
  0
LWPOLYLINE
  5
182
330
17
100
AcDbEntity
  8
line engraving
 62
1
420
16711680
100
AcDbPolyline
 90
5
 70
0
 10
540.7063812226564
 20
951.6551605912969
 10
540.7063812226564
 20
953.3297108129885
 10
542.1625118502144
 20
953.3297108129885
 10
542.1625118502144
 20
951.6551605912969
 10
540.7063812226564
 20
951.6551605912969
  0
LWPOLYLINE
  5
183
330
17
100
AcDbEntity
  8
line engraving
 62
1
420
16711680
100
AcDbPolyline
 90
5
 70
0
 10
540.7063812226564
 20
941.4703358129885
 10
540.7063812226564
 20
950.0615065155806
 10
542.1625118502144
 20
950.0615065155806
 10
542.1625118502144
 20
941.4703358129885
 10
540.7063812226564
 20
941.4703358129885
  0
LWPOLYLINE
  5
184
330
17
100
AcDbEntity
  8
line engraving
 62
1
420
16711680
100
AcDbPolyline
 90
61
 70
0
 10
544.3790662499415
 20
941.4703358129885
 10
544.3790662499415
 20
950.0615065155806
 10
545.6895838147437
 20
950.0615065155806
 10
545.6895838147437
 20
948.8399747113514
 10
545.9393506654429
 20
949.1717753100788
 10
546.2154087635842
 20
949.4593358289759
 10
546.5177581091673
 20
949.7026562680427
 10
546.8463987021926
 20
949.9017366272792
 10
547.2013305426598
 20
950.0565769066853
 10
547.5825536305691
 20
950.1671771062611
 10
547.9900679659204
 20
950.2335372260065
 10
548.4238735487137
 20
950.2556572659217
 10
548.8043382352545
 20
950.2382140344458
 10
549.1691292935125
 20
950.1858843400179
 10
549.5182467234878
 20
950.0986681826381
 10
549.8516905251803
 20
949.9765655623064
 10
550.1568206757814
 20
949.8261492908833
 10
550.4209971524824
 20
949.6539921802294
 10
550.6442199552835
 20
949.4600942303445
 10
550.8264890841843
 20
949.2444554412286
 10
550.976146954239
 20
949.0073286133381
 10
551.1015359805009
 20
948.748966547129
 10
551.2026561629702
 20
948.4693692426015
 10
551.2795075016469
 20
948.1685366997552
 10
551.3148995655112
 20
947.9283762663906
 10
551.3401796111284
 20
947.6123756961741
 10
551.3553476384989
 20
947.2205349891055
 10
551.3604036476223
 20
946.752854145185
 10
551.3604036476223
 20
941.4703358129885
 10
549.9042730200644
 20
941.4703358129885
 10
549.9042730200644
 20
946.6962268430021
 10
549.8936554009051
 20
947.1130947952319
 10
549.8618025434273
 20
947.4738410461912
 10
549.8087144476309
 20
947.7784655958799
 10
549.7343911135159
 20
948.0269684442982
 10
549.6330181305904
 20
948.2362872220097
 10
549.4987810883624
 20
948.4233595595779
 10
549.3316799868319
 20
948.5881854570029
 10
549.1317148259989
 20
948.7307649142846
 10
548.9059640186362
 20
948.8457891218434
 10
548.6615059775165
 20
948.9279492700997
 10
548.3983407026402
 20
948.9772453590535
 10
548.116468194007
 20
948.9936773887048
 10
547.8878733815123
 20
948.9844501720545
 10
547.6672417833871
 20
948.9567685221035
 10
547.4545733996314
 20
948.9106324388518
 10
547.249868230245
 20
948.8460419222996
 10
547.0531262752282
 20
948.7629969724467
 10
546.8643475345809
 20
948.6614975892932
 10
546.683532008303
 20
948.541543772839
 10
546.5106796963945
 20
948.4031355230841
 10
546.352363410716
 20
948.2389416267995
 10
546.2151559631279
 20
948.0416308707563
 10
546.0990573536303
 20
947.8112032549543
 10
546.0040675822232
 20
947.5476587793937
 10
545.9301866489066
 20
947.2509974440744
 10
545.8774145536804
 20
946.9212192489964
 10
545.8457512965447
 20
946.5583241941597
 10
545.8351968774995
 20
946.1623122795643
 10
545.8351968774995
 20
941.4703358129885
 10
544.3790662499415
 20
941.4703358129885
  0
LWPOLYLINE
  5
185
330
17
100
AcDbEntity
  8
line engraving
 62
1
420
16711680
100
AcDbPolyline
 90
13
 70
0
 10
553.6012268911421
 20
941.4703358129885
 10
553.6012268911421
 20
953.3297108129885
 10
555.0573575187001
 20
953.3297108129885
 10
555.0573575187001
 20
946.5667930094414
 10
558.5035333372539
 20
950.0615065155806
 10
560.3884135384818
 20
950.0615065155806
 10
557.1040300118788
 20
946.8741983641481
 10
560.7200877369811
 20
941.4703358129885
 10
558.9241932963263
 20
941.4703358129885
 10
556.0847385725882
 20
945.8629965394551
 10
555.0573575187001
 20
944.8760635585547
 10
555.0573575187001
 20
941.4703358129885
 10
553.6012268911421
 20
941.4703358129885
  0
LWPOLYLINE
  5
186
330
17
100
AcDbEntity
  8
line engraving
 62
1
420
16711680
100
AcDbPolyline
 90
11
 70
0
 10
562.1438599061489
 20
941.4703358129885
 10
562.1438599061489
 20
953.3297108129885
 10
570.1444887431203
 20
953.3297108129885
 10
570.1444887431203
 20
951.9302074876134
 10
563.7132451380725
 20
951.9302074876134
 10
563.7132451380725
 20
948.2575224603282
 10
569.278899981183
 20
948.2575224603282
 10
569.278899981183
 20
946.8580191349531
 10
563.7132451380725
 20
946.8580191349531
 10
563.7132451380725
 20
941.4703358129885
 10
562.1438599061489
 20
941.4703358129885
  0
CIRCLE
  5
187
330
17
100
AcDbEntity
  8
cut
 62
5
420
255
100
AcDbCircle
 10
372.00000035762764
 20
645.6000036742748
 30
0.0
 40
4.4
  0
LWPOLYLINE
  5
188
330
17
100
AcDbEntity
  8
cut
 62
5
420
255
100
AcDbPolyline
 90
4
 70
1
 10
348.0000003576273
 20
645.6000036742744
 42
1.0157787888818275
 10
395.98823758779713
 20
646.3513189137893
 10
395.98823758779713
 20
882.7252354466045
 42
0.9809821123639358
 10
348.0000000000001
 20
882.1962532441048
  0
CIRCLE
  5
189
330
17
100
AcDbEntity
  8
cut
 62
5
420
255
100
AcDbCircle
 10
372.0000115334982
 20
882.0000449802919
 30
0.0
 40
4.4
  0
LWPOLYLINE
  5
18A
330
17
100
AcDbEntity
  8
line engraving
 62
1
420
16711680
100
AcDbPolyline
 90
7
 70
0
 10
377.9297108129888
 20
833.4055648004191
 10
366.0703358129888
 20
833.4055648004191
 10
366.0703358129888
 20
834.9749500323428
 10
376.5302074876136
 20
834.9749500323428
 10
376.5302074876136
 20
840.8156517717698
 10
377.9297108129888
 20
840.8156517717698
 10
377.9297108129888
 20
833.4055648004191
  0
LWPOLYLINE
  5
18B
330
17
100
AcDbEntity
  8
line engraving
 62
1
420
16711680
100
AcDbPolyline
 90
5
 70
0
 10
367.74488603468046
 20
842.5063812226566
 10
366.0703358129888
 20
842.5063812226566
 10
366.0703358129888
 20
843.9625118502146
 10
367.74488603468046
 20
843.9625118502146
 10
367.74488603468046
 20
842.5063812226566
  0
LWPOLYLINE
  5
18C
330
17
100
AcDbEntity
  8
line engraving
 62
1
420
16711680
100
AcDbPolyline
 90
5
 70
0
 10
377.9297108129888
 20
842.5063812226566
 10
369.3385401103967
 20
842.5063812226566
 10
369.3385401103967
 20
843.9625118502146
 10
377.9297108129888
 20
843.9625118502146
 10
377.9297108129888
 20
842.5063812226566
  0
LWPOLYLINE
  5
18D
330
17
100
AcDbEntity
  8
line engraving
 62
1
420
16711680
100
AcDbPolyline
 90
61
 70
0
 10
377.9297108129888
 20
846.1790662499417
 10
369.3385401103967
 20
846.1790662499417
 10
369.3385401103967
 20
847.4895838147439
 10
370.5600719146259
 20
847.4895838147439
 10
370.2282713158985
 20
847.7393506654431
 10
369.94071079700143
 20
848.0154087635843
 10
369.69739035793464
 20
848.3177581091675
 10
369.49830999869823
 20
848.6463987021928
 10
369.3434697192921
 20
849.00133054266
 10
369.2328695197163
 20
849.3825536305693
 10
369.1665093999708
 20
849.7900679659206
 10
369.14438936005564
 20
850.2238735487139
 10
369.1618325915316
 20
850.6043382352547
 10
369.21416228595945
 20
850.9691292935127
 10
369.3013784433392
 20
851.318246723488
 10
369.4234810636709
 20
851.6516905251805
 10
369.573897335094
 20
851.9568206757816
 10
369.746054445748
 20
852.2209971524826
 10
369.9399523956329
 20
852.4442199552836
 10
370.1555911847487
 20
852.6264890841845
 10
370.3927180126392
 20
852.7761469542392
 10
370.6510800788483
 20
852.9015359805011
 10
370.9306773833759
 20
853.0026561629704
 10
371.2315099262221
 20
853.0795075016471
 10
371.4716703595867
 20
853.1148995655113
 10
371.78767092980326
 20
853.1401796111286
 10
372.1795116368718
 20
853.155347638499
 10
372.64719248079234
 20
853.1604036476225
 10
377.9297108129888
 20
853.1604036476225
 10
377.9297108129888
 20
851.7042730200645
 10
372.70381978297513
 20
851.7042730200645
 10
372.28695183074547
 20
851.6936554009053
 10
371.9262055797862
 20
851.6618025434275
 10
371.62158103009745
 20
851.6087144476311
 10
371.3730781816791
 20
851.5343911135161
 10
371.1637594039676
 20
851.4330181305905
 10
370.97668706639945
 20
851.2987810883626
 10
370.8118611689745
 20
851.1316799868321
 10
370.66928171169275
 20
850.931714825999
 10
370.5542575041339
 20
850.7059640186363
 10
370.4720973558776
 20
850.4615059775167
 10
370.4228012669238
 20
850.1983407026404
 10
370.40636923727254
 20
849.9164681940072
 10
370.4155964539229
 20
849.6878733815125
 10
370.44327810387387
 20
849.4672417833873
 10
370.4894141871255
 20
849.2545733996316
 10
370.5540047036777
 20
849.0498682302452
 10
370.63704965353065
 20
848.8531262752284
 10
370.7385490366842
 20
848.6643475345811
 10
370.8585028531384
 20
848.4835320083032
 10
370.9969111028933
 20
848.3106796963947
 10
371.16110499917784
 20
848.1523634107161
 10
371.3584157552211
 20
848.0151559631281
 10
371.58884337102296
 20
847.8990573536305
 10
371.8523878465836
 20
847.8040675822234
 10
372.1490491819029
 20
847.7301866489067
 10
372.4788273769809
 20
847.6774145536806
 10
372.84172243181763
 20
847.6457512965449
 10
373.23773434641305
 20
847.6351968774997
 10
377.9297108129888
 20
847.6351968774997
 10
377.9297108129888
 20
846.1790662499417
  0
LWPOLYLINE
  5
18E
330
17
100
AcDbEntity
  8
line engraving
 62
1
420
16711680
100
AcDbPolyline
 90
13
 70
0
 10
377.9297108129888
 20
855.4012268911423
 10
366.0703358129888
 20
855.4012268911423
 10
366.0703358129888
 20
856.8573575187003
 10
372.83325361653584
 20
856.8573575187003
 10
369.3385401103967
 20
860.3035333372541
 10
369.3385401103967
 20
862.188413538482
 10
372.5258482618292
 20
858.904030011879
 10
377.9297108129888
 20
862.5200877369813
 10
377.9297108129888
 20
860.7241932963265
 10
373.5370500865222
 20
857.8847385725884
 10
374.52398306742265
 20
856.8573575187003
 10
377.9297108129888
 20
856.8573575187003
 10
377.9297108129888
 20
855.4012268911423
  0
LWPOLYLINE
  5
18F
330
17
100
AcDbEntity
  8
line engraving
 62
1
420
16711680
100
AcDbPolyline
 90
11
 70
0
 10
377.9297108129888
 20
863.9438599061491
 10
366.0703358129888
 20
863.9438599061491
 10
366.0703358129888
 20
871.9444887431205
 10
367.46983913836397
 20
871.9444887431205
 10
367.46983913836397
 20
865.5132451380726
 10
371.1425241656491
 20
865.5132451380726
 10
371.1425241656491
 20
871.0788999811832
 10
372.54202749102427
 20
871.0788999811832
 10
372.54202749102427
 20
865.5132451380726
 10
377.9297108129888
 20
865.5132451380726
 10
377.9297108129888
 20
863.9438599061491
  0
CIRCLE
  5
190
330
17
100
AcDbEntity
  8
cut
 62
5
420
255
100
AcDbCircle
 10
426.000046983605
 20
645.6000036742748
 30
0.0
 40
4.4
  0
LWPOLYLINE
  5
191
330
17
100
AcDbEntity
  8
cut
 62
5
420
255
100
AcDbPolyline
 90
4
 70
1
 10
402.00004698360465
 20
645.6000036742744
 42
1.0157787888818275
 10
449.9882842137745
 20
646.3513189137893
 10
449.9882842137745
 20
882.7252354466045
 42
0.9809821123639358
 10
402.00004662597746
 20
882.1962532441048
  0
CIRCLE
  5
192
330
17
100
AcDbEntity
  8
cut
 62
5
420
255
100
AcDbCircle
 10
426.00005815947554
 20
882.0000449802919
 30
0.0
 40
4.4
  0
LWPOLYLINE
  5
193
330
17
100
AcDbEntity
  8
line engraving
 62
1
420
16711680
100
AcDbPolyline
 90
7
 70
0
 10
431.92975743896613
 20
833.4055648004191
 10
420.07038243896613
 20
833.4055648004191
 10
420.07038243896613
 20
834.9749500323428
 10
430.53025411359096
 20
834.9749500323428
 10
430.53025411359096
 20
840.8156517717698
 10
431.92975743896613
 20
840.8156517717698
 10
431.92975743896613
 20
833.4055648004191
  0
LWPOLYLINE
  5
194
330
17
100
AcDbEntity
  8
line engraving
 62
1
420
16711680
100
AcDbPolyline
 90
5
 70
0
 10
421.7449326606578
 20
842.5063812226566
 10
420.07038243896613
 20
842.5063812226566
 10
420.07038243896613
 20
843.9625118502146
 10
421.7449326606578
 20
843.9625118502146
 10
421.7449326606578
 20
842.5063812226566
  0
LWPOLYLINE
  5
195
330
17
100
AcDbEntity
  8
line engraving
 62
1
420
16711680
100
AcDbPolyline
 90
5
 70
0
 10
431.92975743896613
 20
842.5063812226566
 10
423.33858673637405
 20
842.5063812226566
 10
423.33858673637405
 20
843.9625118502146
 10
431.92975743896613
 20
843.9625118502146
 10
431.92975743896613
 20
842.5063812226566
  0
LWPOLYLINE
  5
196
330
17
100
AcDbEntity
  8
line engraving
 62
1
420
16711680
100
AcDbPolyline
 90
61
 70
0
 10
431.92975743896613
 20
846.1790662499417
 10
423.33858673637405
 20
846.1790662499417
 10
423.33858673637405
 20
847.4895838147439
 10
424.56011854060324
 20
847.4895838147439
 10
424.22831794187584
 20
847.7393506654431
 10
423.9407574229788
 20
848.0154087635843
 10
423.697436983912
 20
848.3177581091675
 10
423.4983566246756
 20
848.6463987021928
 10
423.34351634526945
 20
849.00133054266
 10
423.23291614569365
 20
849.3825536305693
 10
423.1665560259481
 20
849.7900679659206
 10
423.144435986033
 20
850.2238735487139
 10
423.16187921750895
 20
850.6043382352547
 10
423.2142089119368
 20
850.9691292935127
 10
423.30142506931656
 20
851.318246723488
 10
423.42352768964827
 20
851.6516905251805
 10
423.57394396107134
 20
851.9568206757816
 10
423.7461010717253
 20
852.2209971524826
 10
423.9399990216102
 20
852.4442199552836
 10
424.15563781072603
 20
852.6264890841845
 10
424.39276463861654
 20
852.7761469542392
 10
424.65112670482563
 20
852.9015359805011
 10
424.93072400935324
 20
853.0026561629704
 10
425.23155655219944
 20
853.0795075016471
 10
425.47171698556406
 20
853.1148995655113
 10
425.7877175557806
 20
853.1401796111286
 10
426.1795582628491
 20
853.155347638499
 10
426.6472391067697
 20
853.1604036476225
 10
431.92975743896613
 20
853.1604036476225
 10
431.92975743896613
 20
851.7042730200645
 10
426.7038664089525
 20
851.7042730200645
 10
426.2869984567228
 20
851.6936554009053
 10
425.92625220576355
 20
851.6618025434275
 10
425.6216276560748
 20
851.6087144476311
 10
425.37312480765644
 20
851.5343911135161
 10
425.16380602994496
 20
851.4330181305905
 10
424.9767336923768
 20
851.2987810883626
 10
424.8119077949518
 20
851.1316799868321
 10
424.6693283376701
 20
850.931714825999
 10
424.55430413011123
 20
850.7059640186363
 10
424.47214398185497
 20
850.4615059775167
 10
424.42284789290113
 20
850.1983407026404
 10
424.4064158632499
 20
849.9164681940072
 10
424.41564307990024
 20
849.6878733815125
 10
424.4433247298512
 20
849.4672417833873
 10
424.4894608131028
 20
849.2545733996316
 10
424.55405132965507
 20
849.0498682302452
 10
424.637096279508
 20
848.8531262752284
 10
424.73859566266157
 20
848.6643475345811
 10
424.85854947911577
 20
848.4835320083032
 10
424.99695772887065
 20
848.3106796963947
 10
425.1611516251552
 20
848.1523634107161
 10
425.3584623811984
 20
848.0151559631281
 10
425.5888899970003
 20
847.8990573536305
 10
425.85243447256096
 20
847.8040675822234
 10
426.14909580788026
 20
847.7301866489067
 10
426.47887400295826
 20
847.6774145536806
 10
426.841769057795
 20
847.6457512965449
 10
427.2377809723904
 20
847.6351968774997
 10
431.92975743896613
 20
847.6351968774997
 10
431.92975743896613
 20
846.1790662499417
  0
LWPOLYLINE
  5
197
330
17
100
AcDbEntity
  8
line engraving
 62
1
420
16711680
100
AcDbPolyline
 90
13
 70
0
 10
431.92975743896613
 20
855.4012268911423
 10
420.07038243896613
 20
855.4012268911423
 10
420.07038243896613
 20
856.8573575187003
 10
426.8333002425132
 20
856.8573575187003
 10
423.33858673637405
 20
860.3035333372541
 10
423.33858673637405
 20
862.188413538482
 10
426.52589488780654
 20
858.904030011879
 10
431.92975743896613
 20
862.5200877369813
 10
431.92975743896613
 20
860.7241932963265
 10
427.53709671249953
 20
857.8847385725884
 10
428.5240296934
 20
856.8573575187003
 10
431.92975743896613
 20
856.8573575187003
 10
431.92975743896613
 20
855.4012268911423
  0
LWPOLYLINE
  5
198
330
17
100
AcDbEntity
  8
line engraving
 62
1
420
16711680
100
AcDbPolyline
 90
11
 70
0
 10
431.92975743896613
 20
863.9438599061491
 10
420.07038243896613
 20
863.9438599061491
 10
420.07038243896613
 20
871.9444887431205
 10
421.4698857643413
 20
871.9444887431205
 10
421.4698857643413
 20
865.5132451380726
 10
425.14257079162644
 20
865.5132451380726
 10
425.14257079162644
 20
871.0788999811832
 10
426.5420741170016
 20
871.0788999811832
 10
426.5420741170016
 20
865.5132451380726
 10
431.92975743896613
 20
865.5132451380726
 10
431.92975743896613
 20
863.9438599061491
  0
CIRCLE
  5
199
330
17
100
AcDbEntity
  8
cut
 62
5
420
255
100
AcDbCircle
 10
480.00009360958234
 20
645.6000036742748
 30
0.0
 40
4.4
  0
LWPOLYLINE
  5
19A
330
17
100
AcDbEntity
  8
cut
 62
5
420
255
100
AcDbPolyline
 90
4
 70
1
 10
456.000093609582
 20
645.6000036742744
 42
1.0157787888818275
 10
503.9883308397518
 20
646.3513189137893
 10
503.9883308397518
 20
882.7252354466045
 42
0.9809821123639358
 10
456.0000932519548
 20
882.1962532441048
  0
CIRCLE
  5
19B
330
17
100
AcDbEntity
  8
cut
 62
5
420
255
100
AcDbCircle
 10
480.0001047854529
 20
882.0000449802919
 30
0.0
 40
4.4
  0
LWPOLYLINE
  5
19C
330
17
100
AcDbEntity
  8
line engraving
 62
1
420
16711680
100
AcDbPolyline
 90
7
 70
0
 10
485.9298040649435
 20
833.4055648004191
 10
474.0704290649435
 20
833.4055648004191
 10
474.0704290649435
 20
834.9749500323428
 10
484.5303007395683
 20
834.9749500323428
 10
484.5303007395683
 20
840.8156517717698
 10
485.9298040649435
 20
840.8156517717698
 10
485.9298040649435
 20
833.4055648004191
  0
LWPOLYLINE
  5
19D
330
17
100
AcDbEntity
  8
line engraving
 62
1
420
16711680
100
AcDbPolyline
 90
5
 70
0
 10
475.74497928663516
 20
842.5063812226566
 10
474.0704290649435
 20
842.5063812226566
 10
474.0704290649435
 20
843.9625118502146
 10
475.74497928663516
 20
843.9625118502146
 10
475.74497928663516
 20
842.5063812226566
  0
LWPOLYLINE
  5
19E
330
17
100
AcDbEntity
  8
line engraving
 62
1
420
16711680
100
AcDbPolyline
 90
5
 70
0
 10
485.9298040649435
 20
842.5063812226566
 10
477.3386333623514
 20
842.5063812226566
 10
477.3386333623514
 20
843.9625118502146
 10
485.9298040649435
 20
843.9625118502146
 10
485.9298040649435
 20
842.5063812226566
  0
LWPOLYLINE
  5
19F
330
17
100
AcDbEntity
  8
line engraving
 62
1
420
16711680
100
AcDbPolyline
 90
61
 70
0
 10
485.9298040649435
 20
846.1790662499417
 10
477.3386333623514
 20
846.1790662499417
 10
477.3386333623514
 20
847.4895838147439
 10
478.5601651665806
 20
847.4895838147439
 10
478.2283645678532
 20
847.7393506654431
 10
477.9408040489561
 20
848.0154087635843
 10
477.69748360988933
 20
848.3177581091675
 10
477.4984032506529
 20
848.6463987021928
 10
477.3435629712468
 20
849.00133054266
 10
477.232962771671
 20
849.3825536305693
 10
477.1666026519255
 20
849.7900679659206
 10
477.14448261201034
 20
850.2238735487139
 10
477.1619258434863
 20
850.6043382352547
 10
477.21425553791414
 20
850.9691292935127
 10
477.3014716952939
 20
851.318246723488
 10
477.4235743156256
 20
851.6516905251805
 10
477.5739905870487
 20
851.9568206757816
 10
477.74614769770267
 20
852.2209971524826
 10
477.94004564758757
 20
852.4442199552836
 10
478.1556844367034
 20
852.6264890841845
 10
478.3928112645939
 20
852.7761469542392
 10
478.651173330803
 20
852.9015359805011
 10
478.9307706353306
 20
853.0026561629704
 10
479.2316031781768
 20
853.0795075016471
 10
479.4717636115414
 20
853.1148995655113
 10
479.78776418175795
 20
853.1401796111286
 10
480.1796048888265
 20
853.155347638499
 10
480.64728573274704
 20
853.1604036476225
 10
485.9298040649435
 20
853.1604036476225
 10
485.9298040649435
 20
851.7042730200645
 10
480.7039130349298
 20
851.7042730200645
 10
480.28704508270016
 20
851.6936554009053
 10
479.9262988317409
 20
851.6618025434275
 10
479.62167428205214
 20
851.6087144476311
 10
479.3731714336338
 20
851.5343911135161
 10
479.1638526559223
 20
851.4330181305905
 10
478.97678031835414
 20
851.2987810883626
 10
478.81195442092917
 20
851.1316799868321
 10
478.66937496364744
 20
850.931714825999
 10
478.5543507560886
 20
850.7059640186363
 10
478.4721906078323
 20
850.4615059775167
 10
478.4228945188785
 20
850.1983407026404
 10
478.40646248922724
 20
849.9164681940072
 10
478.4156897058776
 20
849.6878733815125
 10
478.44337135582856
 20
849.4672417833873
 10
478.48950743908017
 20
849.2545733996316
 10
478.5540979556324
 20
849.0498682302452
 10
478.63714290548535
 20
848.8531262752284
 10
478.7386422886389
 20
848.6643475345811
 10
478.8585961050931
 20
848.4835320083032
 10
478.997004354848
 20
848.3106796963947
 10
479.16119825113253
 20
848.1523634107161
 10
479.35850900717577
 20
848.0151559631281
 10
479.58893662297766
 20
847.8990573536305
 10
479.8524810985383
 20
847.8040675822234
 10
480.1491424338576
 20
847.7301866489067
 10
480.4789206289356
 20
847.6774145536806
 10
480.8418156837723
 20
847.6457512965449
 10
481.23782759836774
 20
847.6351968774997
 10
485.9298040649435
 20
847.6351968774997
 10
485.9298040649435
 20
846.1790662499417
  0
LWPOLYLINE
  5
1A0
330
17
100
AcDbEntity
  8
line engraving
 62
1
420
16711680
100
AcDbPolyline
 90
13
 70
0
 10
485.9298040649435
 20
855.4012268911423
 10
474.0704290649435
 20
855.4012268911423
 10
474.0704290649435
 20
856.8573575187003
 10
480.83334686849054
 20
856.8573575187003
 10
477.3386333623514
 20
860.3035333372541
 10
477.3386333623514
 20
862.188413538482
 10
480.5259415137839
 20
858.904030011879
 10
485.9298040649435
 20
862.5200877369813
 10
485.9298040649435
 20
860.7241932963265
 10
481.5371433384769
 20
857.8847385725884
 10
482.52407631937734
 20
856.8573575187003
 10
485.9298040649435
 20
856.8573575187003
 10
485.9298040649435
 20
855.4012268911423
  0
LWPOLYLINE
  5
1A1
330
17
100
AcDbEntity
  8
line engraving
 62
1
420
16711680
100
AcDbPolyline
 90
11
 70
0
 10
485.9298040649435
 20
863.9438599061491
 10
474.0704290649435
 20
863.9438599061491
 10
474.0704290649435
 20
871.9444887431205
 10
475.46993239031866
 20
871.9444887431205
 10
475.46993239031866
 20
865.5132451380726
 10
479.1426174176038
 20
865.5132451380726
 10
479.1426174176038
 20
871.0788999811832
 10
480.54212074297897
 20
871.0788999811832
 10
480.54212074297897
 20
865.5132451380726
 10
485.9298040649435
 20
865.5132451380726
 10
485.9298040649435
 20
863.9438599061491
  0
CIRCLE
  5
1A2
330
17
100
AcDbEntity
  8
cut
 62
5
420
255
100
AcDbCircle
 10
534.0001402355597
 20
645.6000036742748
 30
0.0
 40
4.4
  0
LWPOLYLINE
  5
1A3
330
17
100
AcDbEntity
  8
cut
 62
5
420
255
100
AcDbPolyline
 90
4
 70
1
 10
510.00014023555934
 20
645.6000036742744
 42
1.0157787888818275
 10
557.9883774657292
 20
646.3513189137893
 10
557.9883774657292
 20
882.7252354466045
 42
0.9809821123639358
 10
510.00013987793216
 20
882.1962532441048
  0
CIRCLE
  5
1A4
330
17
100
AcDbEntity
  8
cut
 62
5
420
255
100
AcDbCircle
 10
534.0001514114302
 20
882.0000449802919
 30
0.0
 40
4.4
  0
LWPOLYLINE
  5
1A5
330
17
100
AcDbEntity
  8
line engraving
 62
1
420
16711680
100
AcDbPolyline
 90
7
 70
0
 10
539.9298506909208
 20
833.4055648004191
 10
528.0704756909208
 20
833.4055648004191
 10
528.0704756909208
 20
834.9749500323428
 10
538.5303473655457
 20
834.9749500323428
 10
538.5303473655457
 20
840.8156517717698
 10
539.9298506909208
 20
840.8156517717698
 10
539.9298506909208
 20
833.4055648004191
  0
LWPOLYLINE
  5
1A6
330
17
100
AcDbEntity
  8
line engraving
 62
1
420
16711680
100
AcDbPolyline
 90
5
 70
0
 10
529.7450259126125
 20
842.5063812226566
 10
528.0704756909208
 20
842.5063812226566
 10
528.0704756909208
 20
843.9625118502146
 10
529.7450259126125
 20
843.9625118502146
 10
529.7450259126125
 20
842.5063812226566
  0
LWPOLYLINE
  5
1A7
330
17
100
AcDbEntity
  8
line engraving
 62
1
420
16711680
100
AcDbPolyline
 90
5
 70
0
 10
539.9298506909208
 20
842.5063812226566
 10
531.3386799883287
 20
842.5063812226566
 10
531.3386799883287
 20
843.9625118502146
 10
539.9298506909208
 20
843.9625118502146
 10
539.9298506909208
 20
842.5063812226566
  0
LWPOLYLINE
  5
1A8
330
17
100
AcDbEntity
  8
line engraving
 62
1
420
16711680
100
AcDbPolyline
 90
61
 70
0
 10
539.9298506909208
 20
846.1790662499417
 10
531.3386799883287
 20
846.1790662499417
 10
531.3386799883287
 20
847.4895838147439
 10
532.560211792558
 20
847.4895838147439
 10
532.2284111938305
 20
847.7393506654431
 10
531.9408506749335
 20
848.0154087635843
 10
531.6975302358667
 20
848.3177581091675
 10
531.4984498766303
 20
848.6463987021928
 10
531.343609597224
 20
849.00133054266
 10
531.2330093976483
 20
849.3825536305693
 10
531.1666492779028
 20
849.7900679659206
 10
531.1445292379876
 20
850.2238735487139
 10
531.1619724694635
 20
850.6043382352547
 10
531.2143021638915
 20
850.9691292935127
 10
531.3015183212713
 20
851.318246723488
 10
531.423620941603
 20
851.6516905251805
 10
531.574037213026
 20
851.9568206757816
 10
531.74619432368
 20
852.2209971524826
 10
531.9400922735649
 20
852.4442199552836
 10
532.1557310626807
 20
852.6264890841845
 10
532.3928578905712
 20
852.7761469542392
 10
532.6512199567803
 20
852.9015359805011
 10
532.9308172613079
 20
853.0026561629704
 10
533.2316498041541
 20
853.0795075016471
 10
533.4718102375188
 20
853.1148995655113
 10
533.7878108077352
 20
853.1401796111286
 10
534.1796515148038
 20
853.155347638499
 10
534.6473323587244
 20
853.1604036476225
 10
539.9298506909208
 20
853.1604036476225
 10
539.9298506909208
 20
851.7042730200645
 10
534.7039596609072
 20
851.7042730200645
 10
534.2870917086775
 20
851.6936554009053
 10
533.9263454577183
 20
851.6618025434275
 10
533.6217209080295
 20
851.6087144476311
 10
533.3732180596112
 20
851.5343911135161
 10
533.1638992818997
 20
851.4330181305905
 10
532.9768269443315
 20
851.2987810883626
 10
532.8120010469065
 20
851.1316799868321
 10
532.6694215896248
 20
850.931714825999
 10
532.554397382066
 20
850.7059640186363
 10
532.4722372338097
 20
850.4615059775167
 10
532.4229411448558
 20
850.1983407026404
 10
532.4065091152046
 20
849.9164681940072
 10
532.4157363318549
 20
849.6878733815125
 10
532.4434179818059
 20
849.4672417833873
 10
532.4895540650575
 20
849.2545733996316
 10
532.5541445816098
 20
849.0498682302452
 10
532.6371895314627
 20
848.8531262752284
 10
532.7386889146162
 20
848.6643475345811
 10
532.8586427310704
 20
848.4835320083032
 10
532.9970509808253
 20
848.3106796963947
 10
533.1612448771099
 20
848.1523634107161
 10
533.3585556331531
 20
848.0151559631281
 10
533.5889832489551
 20
847.8990573536305
 10
533.8525277245157
 20
847.8040675822234
 10
534.149189059835
 20
847.7301866489067
 10
534.478967254913
 20
847.6774145536806
 10
534.8418623097497
 20
847.6457512965449
 10
535.2378742243451
 20
847.6351968774997
 10
539.9298506909208
 20
847.6351968774997
 10
539.9298506909208
 20
846.1790662499417
  0
LWPOLYLINE
  5
1A9
330
17
100
AcDbEntity
  8
line engraving
 62
1
420
16711680
100
AcDbPolyline
 90
13
 70
0
 10
539.9298506909208
 20
855.4012268911423
 10
528.0704756909208
 20
855.4012268911423
 10
528.0704756909208
 20
856.8573575187003
 10
534.8333934944679
 20
856.8573575187003
 10
531.3386799883287
 20
860.3035333372541
 10
531.3386799883287
 20
862.188413538482
 10
534.5259881397612
 20
858.904030011879
 10
539.9298506909208
 20
862.5200877369813
 10
539.9298506909208
 20
860.7241932963265
 10
535.5371899644542
 20
857.8847385725884
 10
536.5241229453546
 20
856.8573575187003
 10
539.9298506909208
 20
856.8573575187003
 10
539.9298506909208
 20
855.4012268911423
  0
LWPOLYLINE
  5
1AA
330
17
100
AcDbEntity
  8
line engraving
 62
1
420
16711680
100
AcDbPolyline
 90
11
 70
0
 10
539.9298506909208
 20
863.9438599061491
 10
528.0704756909208
 20
863.9438599061491
 10
528.0704756909208
 20
871.9444887431205
 10
529.469979016296
 20
871.9444887431205
 10
529.469979016296
 20
865.5132451380726
 10
533.1426640435811
 20
865.5132451380726
 10
533.1426640435811
 20
871.0788999811832
 10
534.5421673689563
 20
871.0788999811832
 10
534.5421673689563
 20
865.5132451380726
 10
539.9298506909208
 20
865.5132451380726
 10
539.9298506909208
 20
863.9438599061491
  0
CIRCLE
  5
1AB
330
17
100
AcDbEntity
  8
cut
 62
5
420
255
100
AcDbCircle
 10
588.000186861537
 20
645.6000036742748
 30
0.0
 40
4.4
  0
LWPOLYLINE
  5
1AC
330
17
100
AcDbEntity
  8
cut
 62
5
420
255
100
AcDbPolyline
 90
4
 70
1
 10
564.0001868615367
 20
645.6000036742744
 42
1.0157787888818275
 10
611.9884240917065
 20
646.3513189137893
 10
611.9884240917065
 20
882.7252354466045
 42
0.9809821123639358
 10
564.0001865039095
 20
882.1962532441048
  0
CIRCLE
  5
1AD
330
17
100
AcDbEntity
  8
cut
 62
5
420
255
100
AcDbCircle
 10
588.0001980374076
 20
882.0000449802919
 30
0.0
 40
4.4
  0
LWPOLYLINE
  5
1AE
330
17
100
AcDbEntity
  8
line engraving
 62
1
420
16711680
100
AcDbPolyline
 90
7
 70
0
 10
593.9298973168982
 20
833.4055648004191
 10
582.0705223168982
 20
833.4055648004191
 10
582.0705223168982
 20
834.9749500323428
 10
592.530393991523
 20
834.9749500323428
 10
592.530393991523
 20
840.8156517717698
 10
593.9298973168982
 20
840.8156517717698
 10
593.9298973168982
 20
833.4055648004191
  0
LWPOLYLINE
  5
1AF
330
17
100
AcDbEntity
  8
line engraving
 62
1
420
16711680
100
AcDbPolyline
 90
5
 70
0
 10
583.7450725385899
 20
842.5063812226566
 10
582.0705223168982
 20
842.5063812226566
 10
582.0705223168982
 20
843.9625118502146
 10
583.7450725385899
 20
843.9625118502146
 10
583.7450725385899
 20
842.5063812226566
  0
LWPOLYLINE
  5
1B0
330
17
100
AcDbEntity
  8
line engraving
 62
1
420
16711680
100
AcDbPolyline
 90
5
 70
0
 10
593.9298973168982
 20
842.5063812226566
 10
585.3387266143061
 20
842.5063812226566
 10
585.3387266143061
 20
843.9625118502146
 10
593.9298973168982
 20
843.9625118502146
 10
593.9298973168982
 20
842.5063812226566
  0
LWPOLYLINE
  5
1B1
330
17
100
AcDbEntity
  8
line engraving
 62
1
420
16711680
100
AcDbPolyline
 90
61
 70
0
 10
593.9298973168982
 20
846.1790662499417
 10
585.3387266143061
 20
846.1790662499417
 10
585.3387266143061
 20
847.4895838147439
 10
586.5602584185353
 20
847.4895838147439
 10
586.2284578198079
 20
847.7393506654431
 10
585.9408973009108
 20
848.0154087635843
 10
585.697576861844
 20
848.3177581091675
 10
585.4984965026076
 20
848.6463987021928
 10
585.3436562232014
 20
849.00133054266
 10
585.2330560236256
 20
849.3825536305693
 10
585.1666959038802
 20
849.7900679659206
 10
585.144575863965
 20
850.2238735487139
 10
585.1620190954409
 20
850.6043382352547
 10
585.2143487898688
 20
850.9691292935127
 10
585.3015649472486
 20
851.318246723488
 10
585.4236675675803
 20
851.6516905251805
 10
585.5740838390034
 20
851.9568206757816
 10
585.7462409496574
 20
852.2209971524826
 10
585.9401388995423
 20
852.4442199552836
 10
586.1557776886581
 20
852.6264890841845
 10
586.3929045165486
 20
852.7761469542392
 10
586.6512665827577
 20
852.9015359805011
 10
586.9308638872852
 20
853.0026561629704
 10
587.2316964301315
 20
853.0795075016471
 10
587.4718568634961
 20
853.1148995655113
 10
587.7878574337126
 20
853.1401796111286
 10
588.1796981407812
 20
853.155347638499
 10
588.6473789847017
 20
853.1604036476225
 10
593.9298973168982
 20
853.1604036476225
 10
593.9298973168982
 20
851.7042730200645
 10
588.7040062868846
 20
851.7042730200645
 10
588.2871383346549
 20
851.6936554009053
 10
587.9263920836956
 20
851.6618025434275
 10
587.6217675340068
 20
851.6087144476311
 10
587.3732646855885
 20
851.5343911135161
 10
587.1639459078771
 20
851.4330181305905
 10
586.9768735703088
 20
851.2987810883626
 10
586.8120476728839
 20
851.1316799868321
 10
586.6694682156021
 20
850.931714825999
 10
586.5544440080433
 20
850.7059640186363
 10
586.472283859787
 20
850.4615059775167
 10
586.4229877708332
 20
850.1983407026404
 10
586.4065557411819
 20
849.9164681940072
 10
586.4157829578322
 20
849.6878733815125
 10
586.4434646077832
 20
849.4672417833873
 10
586.4896006910349
 20
849.2545733996316
 10
586.5541912075871
 20
849.0498682302452
 10
586.63723615744
 20
848.8531262752284
 10
586.7387355405936
 20
848.6643475345811
 10
586.8586893570478
 20
848.4835320083032
 10
586.9970976068026
 20
848.3106796963947
 10
587.1612915030872
 20
848.1523634107161
 10
587.3586022591304
 20
848.0151559631281
 10
587.5890298749324
 20
847.8990573536305
 10
587.852574350493
 20
847.8040675822234
 10
588.1492356858123
 20
847.7301866489067
 10
588.4790138808903
 20
847.6774145536806
 10
588.841908935727
 20
847.6457512965449
 10
589.2379208503224
 20
847.6351968774997
 10
593.9298973168982
 20
847.6351968774997
 10
593.9298973168982
 20
846.1790662499417
  0
LWPOLYLINE
  5
1B2
330
17
100
AcDbEntity
  8
line engraving
 62
1
420
16711680
100
AcDbPolyline
 90
13
 70
0
 10
593.9298973168982
 20
855.4012268911423
 10
582.0705223168982
 20
855.4012268911423
 10
582.0705223168982
 20
856.8573575187003
 10
588.8334401204453
 20
856.8573575187003
 10
585.3387266143061
 20
860.3035333372541
 10
585.3387266143061
 20
862.188413538482
 10
588.5260347657386
 20
858.904030011879
 10
593.9298973168982
 20
862.5200877369813
 10
593.9298973168982
 20
860.7241932963265
 10
589.5372365904316
 20
857.8847385725884
 10
590.524169571332
 20
856.8573575187003
 10
593.9298973168982
 20
856.8573575187003
 10
593.9298973168982
 20
855.4012268911423
  0
LWPOLYLINE
  5
1B3
330
17
100
AcDbEntity
  8
line engraving
 62
1
420
16711680
100
AcDbPolyline
 90
11
 70
0
 10
593.9298973168982
 20
863.9438599061491
 10
582.0705223168982
 20
863.9438599061491
 10
582.0705223168982
 20
871.9444887431205
 10
583.4700256422733
 20
871.9444887431205
 10
583.4700256422733
 20
865.5132451380726
 10
587.1427106695585
 20
865.5132451380726
 10
587.1427106695585
 20
871.0788999811832
 10
588.5422139949336
 20
871.0788999811832
 10
588.5422139949336
 20
865.5132451380726
 10
593.9298973168982
 20
865.5132451380726
 10
593.9298973168982
 20
863.9438599061491
  0
CIRCLE
  5
1B4
330
17
100
AcDbEntity
  8
cut
 62
5
420
255
100
AcDbCircle
 10
642.0002368041619
 20
372.00004626834993
 30
0.0
 40
4.4
  0
LWPOLYLINE
  5
1B5
330
17
100
AcDbEntity
  8
cut
 62
5
420
255
100
AcDbPolyline
 90
4
 70
1
 10
642.0002368041614
 20
396.0000462683503
 42
1.0157787888818275
 10
642.7515520436764
 20
348.01180903818044
 10
879.1254685764916
 20
348.01180903818044
 42
0.9809821123639358
 10
878.5964863739919
 20
396.00004662597746
  0
CIRCLE
  5
1B6
330
17
100
AcDbEntity
  8
cut
 62
5
420
255
100
AcDbCircle
 10
878.400278110179
 20
372.0000350924794
 30
0.0
 40
4.4
  0
LWPOLYLINE
  5
1B7
330
17
100
AcDbEntity
  8
line engraving
 62
1
420
16711680
100
AcDbPolyline
 90
7
 70
0
 10
829.8057979303062
 20
366.0703358129888
 10
829.8057979303062
 20
377.9297108129888
 10
831.3751831622299
 20
377.9297108129888
 10
831.3751831622299
 20
367.46983913836397
 10
837.2158849016569
 20
367.46983913836397
 10
837.2158849016569
 20
366.0703358129888
 10
829.8057979303062
 20
366.0703358129888
  0
LWPOLYLINE
  5
1B8
330
17
100
AcDbEntity
  8
line engraving
 62
1
420
16711680
100
AcDbPolyline
 90
5
 70
0
 10
838.9066143525437
 20
376.2551605912971
 10
838.9066143525437
 20
377.9297108129888
 10
840.3627449801016
 20
377.9297108129888
 10
840.3627449801016
 20
376.2551605912971
 10
838.9066143525437
 20
376.2551605912971
  0
LWPOLYLINE
  5
1B9
330
17
100
AcDbEntity
  8
line engraving
 62
1
420
16711680
100
AcDbPolyline
 90
5
 70
0
 10
838.9066143525437
 20
366.0703358129888
 10
838.9066143525437
 20
374.66150651558087
 10
840.3627449801016
 20
374.66150651558087
 10
840.3627449801016
 20
366.0703358129888
 10
838.9066143525437
 20
366.0703358129888
  0
LWPOLYLINE
  5
1BA
330
17
100
AcDbEntity
  8
line engraving
 62
1
420
16711680
100
AcDbPolyline
 90
61
 70
0
 10
842.5792993798287
 20
366.0703358129888
 10
842.5792993798287
 20
374.66150651558087
 10
843.889816944631
 20
374.66150651558087
 10
843.889816944631
 20
373.4399747113517
 10
844.1395837953302
 20
373.7717753100791
 10
844.4156418934714
 20
374.05933582897615
 10
844.7179912390545
 20
374.30265626804294
 10
845.0466318320798
 20
374.50173662727934
 10
845.401563672547
 20
374.6565769066855
 10
845.7827867604564
 20
374.7671771062613
 10
846.1903010958076
 20
374.8335372260068
 10
846.6241066786009
 20
374.85565726592193
 10
847.0045713651417
 20
374.83821403444597
 10
847.3693624233997
 20
374.78588434001813
 10
847.718479853375
 20
374.69866818263836
 10
848.0519236550675
 20
374.57656556230666
 10
848.3570538056687
 20
374.4261492908836
 10
848.6212302823697
 20
374.2539921802296
 10
848.8444530851707
 20
374.0600942303447
 10
849.0267222140716
 20
373.8444554412289
 10
849.1763800841262
 20
373.6073286133384
 10
849.3017691103881
 20
373.3489665471293
 10
849.4028892928575
 20
373.0693692426017
 10
849.4797406315341
 20
372.7685366997555
 10
849.5151326953984
 20
372.52837626639086
 10
849.5404127410156
 20
372.2123756961743
 10
849.5555807683861
 20
371.8205349891058
 10
849.5606367775096
 20
371.35285414518523
 10
849.5606367775096
 20
366.0703358129888
 10
848.1045061499516
 20
366.0703358129888
 10
848.1045061499516
 20
371.29622684300244
 10
848.0938885307924
 20
371.7130947952321
 10
848.0620356733145
 20
372.0738410461914
 10
848.0089475775181
 20
372.37846559588013
 10
847.9346242434032
 20
372.6269684442985
 10
847.8332512604776
 20
372.83628722200996
 10
847.6990142182497
 20
373.0233595595781
 10
847.5319131167191
 20
373.1881854570031
 10
847.3319479558861
 20
373.3307649142848
 10
847.1061971485234
 20
373.4457891218437
 10
846.8617391074038
 20
373.52794927009995
 10
846.5985738325274
 20
373.5772453590538
 10
846.3167013238942
 20
373.59367738870503
 10
846.0881065113996
 20
373.5844501720547
 10
845.8674749132744
 20
373.5567685221037
 10
845.6548065295186
 20
373.5106324388521
 10
845.4501013601323
 20
373.44604192229986
 10
845.2533594051155
 20
373.3629969724469
 10
845.0645806644682
 20
373.26149758929336
 10
844.8837651381903
 20
373.14154377283916
 10
844.7109128262817
 20
373.00313552308427
 10
844.5525965406032
 20
372.83894162679974
 10
844.4153890930152
 20
372.6416308707565
 10
844.2992904835176
 20
372.4112032549546
 10
844.2043007121105
 20
372.14765877939396
 10
844.1304197787938
 20
371.85099744407466
 10
844.0776476835676
 20
371.52121924899666
 10
844.0459844264319
 20
371.15832419415995
 10
844.0354300073867
 20
370.7623122795645
 10
844.0354300073867
 20
366.0703358129888
 10
842.5792993798287
 20
366.0703358129888
  0
LWPOLYLINE
  5
1BB
330
17
100
AcDbEntity
  8
line engraving
 62
1
420
16711680
100
AcDbPolyline
 90
13
 70
0
 10
851.8014600210294
 20
366.0703358129888
 10
851.8014600210294
 20
377.9297108129888
 10
853.2575906485873
 20
377.9297108129888
 10
853.2575906485873
 20
371.16679300944173
 10
856.7037664671411
 20
374.66150651558087
 10
858.588646668369
 20
374.66150651558087
 10
855.304263141766
 20
371.4741983641484
 10
858.9203208668683
 20
366.0703358129888
 10
857.1244264262135
 20
366.0703358129888
 10
854.2849717024754
 20
370.4629965394554
 10
853.2575906485873
 20
369.4760635585549
 10
853.2575906485873
 20
366.0703358129888
 10
851.8014600210294
 20
366.0703358129888
  0
LWPOLYLINE
  5
1BC
330
17
100
AcDbEntity
  8
line engraving
 62
1
420
16711680
100
AcDbPolyline
 90
11
 70
0
 10
860.3440930360362
 20
366.0703358129888
 10
860.3440930360362
 20
377.9297108129888
 10
868.3447218730075
 20
377.9297108129888
 10
868.3447218730075
 20
376.5302074876136
 10
861.9134782679597
 20
376.5302074876136
 10
861.9134782679597
 20
372.8575224603285
 10
867.4791331110703
 20
372.8575224603285
 10
867.4791331110703
 20
371.4580191349533
 10
861.9134782679597
 20
371.4580191349533
 10
861.9134782679597
 20
366.0703358129888
 10
860.3440930360362
 20
366.0703358129888
  0
CIRCLE
  5
1BD
330
17
100
AcDbEntity
  8
cut
 62
5
420
255
100
AcDbCircle
 10
642.0002368041619
 20
426.0000928943273
 30
0.0
 40
4.4
  0
LWPOLYLINE
  5
1BE
330
17
100
AcDbEntity
  8
cut
 62
5
420
255
100
AcDbPolyline
 90
4
 70
1
 10
642.0002368041614
 20
450.0000928943276
 42
1.0157787888818275
 10
642.7515520436764
 20
402.0118556641578
 10
879.1254685764916
 20
402.0118556641578
 42
0.9809821123639358
 10
878.5964863739919
 20
450.0000932519548
  0
CIRCLE
  5
1BF
330
17
100
AcDbEntity
  8
cut
 62
5
420
255
100
AcDbCircle
 10
878.400278110179
 20
426.0000817184567
 30
0.0
 40
4.4
  0
LWPOLYLINE
  5
1C0
330
17
100
AcDbEntity
  8
line engraving
 62
1
420
16711680
100
AcDbPolyline
 90
7
 70
0
 10
829.8057979303062
 20
420.07038243896613
 10
829.8057979303062
 20
431.92975743896613
 10
831.3751831622299
 20
431.92975743896613
 10
831.3751831622299
 20
421.4698857643413
 10
837.2158849016569
 20
421.4698857643413
 10
837.2158849016569
 20
420.07038243896613
 10
829.8057979303062
 20
420.07038243896613
  0
LWPOLYLINE
  5
1C1
330
17
100
AcDbEntity
  8
line engraving
 62
1
420
16711680
100
AcDbPolyline
 90
5
 70
0
 10
838.9066143525437
 20
430.25520721727446
 10
838.9066143525437
 20
431.92975743896613
 10
840.3627449801016
 20
431.92975743896613
 10
840.3627449801016
 20
430.25520721727446
 10
838.9066143525437
 20
430.25520721727446
  0
LWPOLYLINE
  5
1C2
330
17
100
AcDbEntity
  8
line engraving
 62
1
420
16711680
100
AcDbPolyline
 90
5
 70
0
 10
838.9066143525437
 20
420.07038243896613
 10
838.9066143525437
 20
428.6615531415582
 10
840.3627449801016
 20
428.6615531415582
 10
840.3627449801016
 20
420.07038243896613
 10
838.9066143525437
 20
420.07038243896613
  0
LWPOLYLINE
  5
1C3
330
17
100
AcDbEntity
  8
line engraving
 62
1
420
16711680
100
AcDbPolyline
 90
61
 70
0
 10
842.5792993798287
 20
420.07038243896613
 10
842.5792993798287
 20
428.6615531415582
 10
843.889816944631
 20
428.6615531415582
 10
843.889816944631
 20
427.44002133732903
 10
844.1395837953302
 20
427.7718219360564
 10
844.4156418934714
 20
428.0593824549535
 10
844.7179912390545
 20
428.3027028940203
 10
845.0466318320798
 20
428.5017832532567
 10
845.401563672547
 20
428.6566235326628
 10
845.7827867604564
 20
428.7672237322386
 10
846.1903010958076
 20
428.83358385198414
 10
846.6241066786009
 20
428.8557038918993
 10
847.0045713651417
 20
428.8382606604233
 10
847.3693624233997
 20
428.7859309659955
 10
847.718479853375
 20
428.6987148086157
 10
848.0519236550675
 20
428.576612188284
 10
848.3570538056687
 20
428.42619591686093
 10
848.6212302823697
 20
428.25403880620695
 10
848.8444530851707
 20
428.06014085632205
 10
849.0267222140716
 20
427.84450206720624
 10
849.1763800841262
 20
427.60737523931573
 10
849.3017691103881
 20
427.34901317310664
 10
849.4028892928575
 20
427.06941586857903
 10
849.4797406315341
 20
426.76858332573283
 10
849.5151326953984
 20
426.5284228923682
 10
849.5404127410156
 20
426.21242232215167
 10
849.5555807683861
 20
425.82058161508314
 10
849.5606367775096
 20
425.3529007711626
 10
849.5606367775096
 20
420.07038243896613
 10
848.1045061499516
 20
420.07038243896613
 10
848.1045061499516
 20
425.2962734689798
 10
848.0938885307924
 20
425.71314142120946
 10
848.0620356733145
 20
426.0738876721687
 10
848.0089475775181
 20
426.3785122218575
 10
847.9346242434032
 20
426.62701507027583
 10
847.8332512604776
 20
426.8363338479873
 10
847.6990142182497
 20
427.0234061855555
 10
847.5319131167191
 20
427.18823208298045
 10
847.3319479558861
 20
427.3308115402622
 10
847.1061971485234
 20
427.44583574782104
 10
846.8617391074038
 20
427.5279958960773
 10
846.5985738325274
 20
427.57729198503114
 10
846.3167013238942
 20
427.5937240146824
 10
846.0881065113996
 20
427.58449679803203
 10
845.8674749132744
 20
427.55681514808106
 10
845.6548065295186
 20
427.51067906482945
 10
845.4501013601323
 20
427.4460885482772
 10
845.2533594051155
 20
427.36304359842427
 10
845.0645806644682
 20
427.2615442152707
 10
844.8837651381903
 20
427.1415903988165
 10
844.7109128262817
 20
427.0031821490616
 10
844.5525965406032
 20
426.8389882527771
 10
844.4153890930152
 20
426.64167749673385
 10
844.2992904835176
 20
426.41124988093196
 10
844.2043007121105
 20
426.1477054053713
 10
844.1304197787938
 20
425.851044070052
 10
844.0776476835676
 20
425.521265874974
 10
844.0459844264319
 20
425.1583708201373
 10
844.0354300073867
 20
424.7623589055419
 10
844.0354300073867
 20
420.07038243896613
 10
842.5792993798287
 20
420.07038243896613
  0
LWPOLYLINE
  5
1C4
330
17
100
AcDbEntity
  8
line engraving
 62
1
420
16711680
100
AcDbPolyline
 90
13
 70
0
 10
851.8014600210294
 20
420.07038243896613
 10
851.8014600210294
 20
431.92975743896613
 10
853.2575906485873
 20
431.92975743896613
 10
853.2575906485873
 20
425.1668396354191
 10
856.7037664671411
 20
428.6615531415582
 10
858.588646668369
 20
428.6615531415582
 10
855.304263141766
 20
425.4742449901257
 10
858.9203208668683
 20
420.07038243896613
 10
857.1244264262135
 20
420.07038243896613
 10
854.2849717024754
 20
424.46304316543274
 10
853.2575906485873
 20
423.4761101845323
 10
853.2575906485873
 20
420.07038243896613
 10
851.8014600210294
 20
420.07038243896613
  0
LWPOLYLINE
  5
1C5
330
17
100
AcDbEntity
  8
line engraving
 62
1
420
16711680
100
AcDbPolyline
 90
11
 70
0
 10
860.3440930360362
 20
420.07038243896613
 10
860.3440930360362
 20
431.92975743896613
 10
868.3447218730075
 20
431.92975743896613
 10
868.3447218730075
 20
430.53025411359096
 10
861.9134782679597
 20
430.53025411359096
 10
861.9134782679597
 20
426.85756908630583
 10
867.4791331110703
 20
426.85756908630583
 10
867.4791331110703
 20
425.45806576093065
 10
861.9134782679597
 20
425.45806576093065
 10
861.9134782679597
 20
420.07038243896613
 10
860.3440930360362
 20
420.07038243896613
  0
CIRCLE
  5
1C6
330
17
100
AcDbEntity
  8
cut
 62
5
420
255
100
AcDbCircle
 10
642.0002368041619
 20
480.00013952030463
 30
0.0
 40
4.4
  0
LWPOLYLINE
  5
1C7
330
17
100
AcDbEntity
  8
cut
 62
5
420
255
100
AcDbPolyline
 90
4
 70
1
 10
642.0002368041614
 20
504.00013952030497
 42
1.0157787888818275
 10
642.7515520436764
 20
456.01190229013514
 10
879.1254685764916
 20
456.01190229013514
 42
0.9809821123639358
 10
878.5964863739919
 20
504.00013987793216
  0
CIRCLE
  5
1C8
330
17
100
AcDbEntity
  8
cut
 62
5
420
255
100
AcDbCircle
 10
878.400278110179
 20
480.0001283444341
 30
0.0
 40
4.4
  0
LWPOLYLINE
  5
1C9
330
17
100
AcDbEntity
  8
line engraving
 62
1
420
16711680
100
AcDbPolyline
 90
7
 70
0
 10
829.8057979303062
 20
474.0704290649435
 10
829.8057979303062
 20
485.9298040649435
 10
831.3751831622299
 20
485.9298040649435
 10
831.3751831622299
 20
475.46993239031866
 10
837.2158849016569
 20
475.46993239031866
 10
837.2158849016569
 20
474.0704290649435
 10
829.8057979303062
 20
474.0704290649435
  0
LWPOLYLINE
  5
1CA
330
17
100
AcDbEntity
  8
line engraving
 62
1
420
16711680
100
AcDbPolyline
 90
5
 70
0
 10
838.9066143525437
 20
484.2552538432518
 10
838.9066143525437
 20
485.9298040649435
 10
840.3627449801016
 20
485.9298040649435
 10
840.3627449801016
 20
484.2552538432518
 10
838.9066143525437
 20
484.2552538432518
  0
LWPOLYLINE
  5
1CB
330
17
100
AcDbEntity
  8
line engraving
 62
1
420
16711680
100
AcDbPolyline
 90
5
 70
0
 10
838.9066143525437
 20
474.0704290649435
 10
838.9066143525437
 20
482.66159976753556
 10
840.3627449801016
 20
482.66159976753556
 10
840.3627449801016
 20
474.0704290649435
 10
838.9066143525437
 20
474.0704290649435
  0
LWPOLYLINE
  5
1CC
330
17
100
AcDbEntity
  8
line engraving
 62
1
420
16711680
100
AcDbPolyline
 90
61
 70
0
 10
842.5792993798287
 20
474.0704290649435
 10
842.5792993798287
 20
482.66159976753556
 10
843.889816944631
 20
482.66159976753556
 10
843.889816944631
 20
481.4400679633064
 10
844.1395837953302
 20
481.7718685620338
 10
844.4156418934714
 20
482.05942908093084
 10
844.7179912390545
 20
482.30274951999763
 10
845.0466318320798
 20
482.50182987923404
 10
845.401563672547
 20
482.65667015864017
 10
845.7827867604564
 20
482.76727035821597
 10
846.1903010958076
 20
482.8336304779615
 10
846.6241066786009
 20
482.85575051787663
 10
847.0045713651417
 20
482.83830728640066
 10
847.3693624233997
 20
482.7859775919728
 10
847.718479853375
 20
482.69876143459305
 10
848.0519236550675
 20
482.57665881426135
 10
848.3570538056687
 20
482.4262425428383
 10
848.6212302823697
 20
482.2540854321843
 10
848.8444530851707
 20
482.0601874822994
 10
849.0267222140716
 20
481.8445486931836
 10
849.1763800841262
 20
481.6074218652931
 10
849.3017691103881
 20
481.349059799084
 10
849.4028892928575
 20
481.0694624945564
 10
849.4797406315341
 20
480.7686299517102
 10
849.5151326953984
 20
480.52846951834556
 10
849.5404127410156
 20
480.212468948129
 10
849.5555807683861
 20
479.8206282410605
 10
849.5606367775096
 20
479.3529473971399
 10
849.5606367775096
 20
474.0704290649435
 10
848.1045061499516
 20
474.0704290649435
 10
848.1045061499516
 20
479.29632009495714
 10
848.0938885307924
 20
479.7131880471868
 10
848.0620356733145
 20
480.07393429814607
 10
848.0089475775181
 20
480.3785588478348
 10
847.9346242434032
 20
480.6270616962532
 10
847.8332512604776
 20
480.83638047396465
 10
847.6990142182497
 20
481.0234528115328
 10
847.5319131167191
 20
481.1882787089578
 10
847.3319479558861
 20
481.3308581662395
 10
847.1061971485234
 20
481.4458823737984
 10
846.8617391074038
 20
481.52804252205465
 10
846.5985738325274
 20
481.5773386110085
 10
846.3167013238942
 20
481.5937706406597
 10
846.0881065113996
 20
481.5845434240094
 10
845.8674749132744
 20
481.5568617740584
 10
845.6548065295186
 20
481.5107256908068
 10
845.4501013601323
 20
481.44613517425455
 10
845.2533594051155
 20
481.3630902244016
 10
845.0645806644682
 20
481.26159084124805
 10
844.8837651381903
 20
481.14163702479385
 10
844.7109128262817
 20
481.00322877503896
 10
844.5525965406032
 20
480.83903487875443
 10
844.4153890930152
 20
480.6417241227112
 10
844.2992904835176
 20
480.4112965069093
 10
844.2043007121105
 20
480.14775203134866
 10
844.1304197787938
 20
479.85109069602936
 10
844.0776476835676
 20
479.52131250095135
 10
844.0459844264319
 20
479.15841744611464
 10
844.0354300073867
 20
478.7624055315192
 10
844.0354300073867
 20
474.0704290649435
 10
842.5792993798287
 20
474.0704290649435
  0
LWPOLYLINE
  5
1CD
330
17
100
AcDbEntity
  8
line engraving
 62
1
420
16711680
100
AcDbPolyline
 90
13
 70
0
 10
851.8014600210294
 20
474.0704290649435
 10
851.8014600210294
 20
485.9298040649435
 10
853.2575906485873
 20
485.9298040649435
 10
853.2575906485873
 20
479.1668862613964
 10
856.7037664671411
 20
482.66159976753556
 10
858.588646668369
 20
482.66159976753556
 10
855.304263141766
 20
479.4742916161031
 10
858.9203208668683
 20
474.0704290649435
 10
857.1244264262135
 20
474.0704290649435
 10
854.2849717024754
 20
478.4630897914101
 10
853.2575906485873
 20
477.4761568105096
 10
853.2575906485873
 20
474.0704290649435
 10
851.8014600210294
 20
474.0704290649435
  0
LWPOLYLINE
  5
1CE
330
17
100
AcDbEntity
  8
line engraving
 62
1
420
16711680
100
AcDbPolyline
 90
11
 70
0
 10
860.3440930360362
 20
474.0704290649435
 10
860.3440930360362
 20
485.9298040649435
 10
868.3447218730075
 20
485.9298040649435
 10
868.3447218730075
 20
484.5303007395683
 10
861.9134782679597
 20
484.5303007395683
 10
861.9134782679597
 20
480.8576157122832
 10
867.4791331110703
 20
480.8576157122832
 10
867.4791331110703
 20
479.458112386908
 10
861.9134782679597
 20
479.458112386908
 10
861.9134782679597
 20
474.0704290649435
 10
860.3440930360362
 20
474.0704290649435
  0
CIRCLE
  5
1CF
330
17
100
AcDbEntity
  8
cut
 62
5
420
255
100
AcDbCircle
 10
642.0002368041619
 20
534.000186146282
 30
0.0
 40
4.4
  0
LWPOLYLINE
  5
1D0
330
17
100
AcDbEntity
  8
cut
 62
5
420
255
100
AcDbPolyline
 90
4
 70
1
 10
642.0002368041614
 20
558.0001861462823
 42
1.0157787888818275
 10
642.7515520436764
 20
510.0119489161125
 10
879.1254685764916
 20
510.0119489161125
 42
0.9809821123639358
 10
878.5964863739919
 20
558.0001865039095
  0
CIRCLE
  5
1D1
330
17
100
AcDbEntity
  8
cut
 62
5
420
255
100
AcDbCircle
 10
878.400278110179
 20
534.0001749704114
 30
0.0
 40
4.4
  0
LWPOLYLINE
  5
1D2
330
17
100
AcDbEntity
  8
line engraving
 62
1
420
16711680
100
AcDbPolyline
 90
7
 70
0
 10
829.8057979303062
 20
528.0704756909208
 10
829.8057979303062
 20
539.9298506909208
 10
831.3751831622299
 20
539.9298506909208
 10
831.3751831622299
 20
529.469979016296
 10
837.2158849016569
 20
529.469979016296
 10
837.2158849016569
 20
528.0704756909208
 10
829.8057979303062
 20
528.0704756909208
  0
LWPOLYLINE
  5
1D3
330
17
100
AcDbEntity
  8
line engraving
 62
1
420
16711680
100
AcDbPolyline
 90
5
 70
0
 10
838.9066143525437
 20
538.2553004692292
 10
838.9066143525437
 20
539.9298506909208
 10
840.3627449801016
 20
539.9298506909208
 10
840.3627449801016
 20
538.2553004692292
 10
838.9066143525437
 20
538.2553004692292
  0
LWPOLYLINE
  5
1D4
330
17
100
AcDbEntity
  8
line engraving
 62
1
420
16711680
100
AcDbPolyline
 90
5
 70
0
 10
838.9066143525437
 20
528.0704756909208
 10
838.9066143525437
 20
536.6616463935129
 10
840.3627449801016
 20
536.6616463935129
 10
840.3627449801016
 20
528.0704756909208
 10
838.9066143525437
 20
528.0704756909208
  0
LWPOLYLINE
  5
1D5
330
17
100
AcDbEntity
  8
line engraving
 62
1
420
16711680
100
AcDbPolyline
 90
61
 70
0
 10
842.5792993798287
 20
528.0704756909208
 10
842.5792993798287
 20
536.6616463935129
 10
843.889816944631
 20
536.6616463935129
 10
843.889816944631
 20
535.4401145892837
 10
844.1395837953302
 20
535.7719151880111
 10
844.4156418934714
 20
536.0594757069082
 10
844.7179912390545
 20
536.302796145975
 10
845.0466318320798
 20
536.5018765052114
 10
845.401563672547
 20
536.6567167846176
 10
845.7827867604564
 20
536.7673169841934
 10
846.1903010958076
 20
536.8336771039388
 10
846.6241066786009
 20
536.855797143854
 10
847.0045713651417
 20
536.8383539123781
 10
847.3693624233997
 20
536.7860242179502
 10
847.718479853375
 20
536.6988080605704
 10
848.0519236550675
 20
536.5767054402387
 10
848.3570538056687
 20
536.4262891688156
 10
848.6212302823697
 20
536.2541320581616
 10
848.8444530851707
 20
536.0602341082767
 10
849.0267222140716
 20
535.8445953191609
 10
849.1763800841262
 20
535.6074684912704
 10
849.3017691103881
 20
535.3491064250613
 10
849.4028892928575
 20
535.0695091205338
 10
849.4797406315341
 20
534.7686765776875
 10
849.5151326953984
 20
534.5285161443229
 10
849.5404127410156
 20
534.2125155741064
 10
849.5555807683861
 20
533.8206748670378
 10
849.5606367775096
 20
533.3529940231173
 10
849.5606367775096
 20
528.0704756909208
 10
848.1045061499516
 20
528.0704756909208
 10
848.1045061499516
 20
533.2963667209344
 10
848.0938885307924
 20
533.7132346731642
 10
848.0620356733145
 20
534.0739809241234
 10
848.0089475775181
 20
534.3786054738122
 10
847.9346242434032
 20
534.6271083222305
 10
847.8332512604776
 20
534.836427099942
 10
847.6990142182497
 20
535.0234994375102
 10
847.5319131167191
 20
535.1883253349351
 10
847.3319479558861
 20
535.3309047922169
 10
847.1061971485234
 20
535.4459289997757
 10
846.8617391074038
 20
535.528089148032
 10
846.5985738325274
 20
535.5773852369858
 10
846.3167013238942
 20
535.5938172666371
 10
846.0881065113996
 20
535.5845900499868
 10
845.8674749132744
 20
535.5569084000358
 10
845.6548065295186
 20
535.5107723167841
 10
845.4501013601323
 20
535.4461818002319
 10
845.2533594051155
 20
535.363136850379
 10
845.0645806644682
 20
535.2616374672255
 10
844.8837651381903
 20
535.1416836507713
 10
844.7109128262817
 20
535.0032754010164
 10
844.5525965406032
 20
534.8390815047318
 10
844.4153890930152
 20
534.6417707486886
 10
844.2992904835176
 20
534.4113431328866
 10
844.2043007121105
 20
534.147798657326
 10
844.1304197787938
 20
533.8511373220067
 10
844.0776476835676
 20
533.5213591269287
 10
844.0459844264319
 20
533.158464072092
 10
844.0354300073867
 20
532.7624521574966
 10
844.0354300073867
 20
528.0704756909208
 10
842.5792993798287
 20
528.0704756909208
  0
LWPOLYLINE
  5
1D6
330
17
100
AcDbEntity
  8
line engraving
 62
1
420
16711680
100
AcDbPolyline
 90
13
 70
0
 10
851.8014600210294
 20
528.0704756909208
 10
851.8014600210294
 20
539.9298506909208
 10
853.2575906485873
 20
539.9298506909208
 10
853.2575906485873
 20
533.1669328873737
 10
856.7037664671411
 20
536.6616463935129
 10
858.588646668369
 20
536.6616463935129
 10
855.304263141766
 20
533.4743382420804
 10
858.9203208668683
 20
528.0704756909208
 10
857.1244264262135
 20
528.0704756909208
 10
854.2849717024754
 20
532.4631364173874
 10
853.2575906485873
 20
531.476203436487
 10
853.2575906485873
 20
528.0704756909208
 10
851.8014600210294
 20
528.0704756909208
  0
LWPOLYLINE
  5
1D7
330
17
100
AcDbEntity
  8
line engraving
 62
1
420
16711680
100
AcDbPolyline
 90
11
 70
0
 10
860.3440930360362
 20
528.0704756909208
 10
860.3440930360362
 20
539.9298506909208
 10
868.3447218730075
 20
539.9298506909208
 10
868.3447218730075
 20
538.5303473655457
 10
861.9134782679597
 20
538.5303473655457
 10
861.9134782679597
 20
534.8576623382605
 10
867.4791331110703
 20
534.8576623382605
 10
867.4791331110703
 20
533.4581590128854
 10
861.9134782679597
 20
533.4581590128854
 10
861.9134782679597
 20
528.0704756909208
 10
860.3440930360362
 20
528.0704756909208
  0
CIRCLE
  5
1D8
330
17
100
AcDbEntity
  8
cut
 62
5
420
255
100
AcDbCircle
 10
306.0000036742749
 20
588.0002327722593
 30
0.0
 40
4.4
  0
LWPOLYLINE
  5
1D9
330
17
100
AcDbEntity
  8
cut
 62
5
420
255
100
AcDbPolyline
 90
4
 70
1
 10
306.00000367427447
 20
612.0002327722597
 42
1.0157787888818275
 10
306.7513189137894
 20
564.0119955420898
 10
543.1252354466046
 20
564.0119955420898
 42
0.9809821123639358
 10
542.5962532441049
 20
612.0002331298869
  0
CIRCLE
  5
1DA
330
17
100
AcDbEntity
  8
cut
 62
5
420
255
100
AcDbCircle
 10
542.400044980292
 20
588.0002215963888
 30
0.0
 40
4.4
  0
LWPOLYLINE
  5
1DB
330
17
100
AcDbEntity
  8
line engraving
 62
1
420
16711680
100
AcDbPolyline
 90
7
 70
0
 10
493.8055648004193
 20
582.0705223168982
 10
493.8055648004193
 20
593.9298973168982
 10
495.3749500323429
 20
593.9298973168982
 10
495.3749500323429
 20
583.4700256422733
 10
501.2156517717699
 20
583.4700256422733
 10
501.2156517717699
 20
582.0705223168982
 10
493.8055648004193
 20
582.0705223168982
  0
LWPOLYLINE
  5
1DC
330
17
100
AcDbEntity
  8
line engraving
 62
1
420
16711680
100
AcDbPolyline
 90
5
 70
0
 10
502.90638122265665
 20
592.2553470952065
 10
502.90638122265665
 20
593.9298973168982
 10
504.3625118502147
 20
593.9298973168982
 10
504.3625118502147
 20
592.2553470952065
 10
502.90638122265665
 20
592.2553470952065
  0
LWPOLYLINE
  5
1DD
330
17
100
AcDbEntity
  8
line engraving
 62
1
420
16711680
100
AcDbPolyline
 90
5
 70
0
 10
502.90638122265665
 20
582.0705223168982
 10
502.90638122265665
 20
590.6616930194903
 10
504.3625118502147
 20
590.6616930194903
 10
504.3625118502147
 20
582.0705223168982
 10
502.90638122265665
 20
582.0705223168982
  0
LWPOLYLINE
  5
1DE
330
17
100
AcDbEntity
  8
line engraving
 62
1
420
16711680
100
AcDbPolyline
 90
61
 70
0
 10
506.5790662499418
 20
582.0705223168982
 10
506.5790662499418
 20
590.6616930194903
 10
507.88958381474396
 20
590.6616930194903
 10
507.88958381474396
 20
589.440161215261
 10
508.13935066544315
 20
589.7719618139885
 10
508.41540876358437
 20
590.0595223328855
 10
508.71775810916756
 20
590.3028427719523
 10
509.0463987021928
 20
590.5019231311887
 10
509.40133054266005
 20
590.656763410595
 10
509.78255363056934
 20
590.7673636101707
 10
510.19006796592066
 20
590.8337237299162
 10
510.62387354871396
 20
590.8558437698314
 10
511.00433823525475
 20
590.8384005383555
 10
511.36912929351274
 20
590.7860708439275
 10
511.71824672348805
 20
590.6988546865477
 10
512.0516905251806
 20
590.576752066216
 10
512.3568206757817
 20
590.426335794793
 10
512.6209971524827
 20
590.254178684139
 10
512.8442199552837
 20
590.0602807342541
 10
513.0264890841846
 20
589.8446419451383
 10
513.1761469542392
 20
589.6075151172478
 10
513.3015359805012
 20
589.3491530510387
 10
513.4026561629705
 20
589.0695557465111
 10
513.4795075016472
 20
588.7687232036649
 10
513.5148995655114
 20
588.5285627703003
 10
513.5401796111287
 20
588.2125622000838
 10
513.5553476384991
 20
587.8207214930152
 10
513.5604036476226
 20
587.3530406490946
 10
513.5604036476226
 20
582.0705223168982
 10
512.1042730200646
 20
582.0705223168982
 10
512.1042730200646
 20
587.2964133469118
 10
512.0936554009054
 20
587.7132812991415
 10
512.0618025434275
 20
588.0740275501007
 10
512.0087144476311
 20
588.3786520997895
 10
511.93439111351614
 20
588.6271549482078
 10
511.8330181305907
 20
588.8364737259193
 10
511.6987810883627
 20
589.0235460634875
 10
511.53167998683216
 20
589.1883719609125
 10
511.3317148259991
 20
589.3309514181942
 10
511.10596401863637
 20
589.445975625753
 10
510.8615059775168
 20
589.5281357740093
 10
510.5983407026404
 20
589.5774318629632
 10
510.31646819400726
 20
589.5938638926144
 10
510.0878733815126
 20
589.5846366759641
 10
509.8672417833874
 20
589.5569550260132
 10
509.65457339963166
 20
589.5108189427615
 10
509.44986823024533
 20
589.4462284262092
 10
509.2531262752285
 20
589.3631834763563
 10
509.06434753458115
 20
589.2616840932028
 10
508.8835320083032
 20
589.1417302767486
 10
508.7106796963947
 20
589.0033220269937
 10
508.5523634107162
 20
588.8391281307091
 10
508.4151559631282
 20
588.641817374666
 10
508.29905735363064
 20
588.411389758864
 10
508.2040675822235
 20
588.1478452833034
 10
508.1301866489069
 20
587.851183947984
 10
508.07741455368074
 20
587.521405752906
 10
508.045751296545
 20
587.1585106980693
 10
508.0351968774998
 20
586.7624987834739
 10
508.0351968774998
 20
582.0705223168982
 10
506.5790662499418
 20
582.0705223168982
  0
LWPOLYLINE
  5
1DF
330
17
100
AcDbEntity
  8
line engraving
 62
1
420
16711680
100
AcDbPolyline
 90
13
 70
0
 10
515.8012268911424
 20
582.0705223168982
 10
515.8012268911424
 20
593.9298973168982
 10
517.2573575187004
 20
593.9298973168982
 10
517.2573575187004
 20
587.1669795133511
 10
520.7035333372542
 20
590.6616930194903
 10
522.5884135384821
 20
590.6616930194903
 10
519.304030011879
 20
587.4743848680578
 10
522.9200877369814
 20
582.0705223168982
 10
521.1241932963266
 20
582.0705223168982
 10
518.2847385725885
 20
586.4631830433648
 10
517.2573575187004
 20
585.4762500624644
 10
517.2573575187004
 20
582.0705223168982
 10
515.8012268911424
 20
582.0705223168982
  0
LWPOLYLINE
  5
1E0
330
17
100
AcDbEntity
  8
line engraving
 62
1
420
16711680
100
AcDbPolyline
 90
11
 70
0
 10
524.3438599061492
 20
582.0705223168982
 10
524.3438599061492
 20
593.9298973168982
 10
532.3444887431206
 20
593.9298973168982
 10
532.3444887431206
 20
592.530393991523
 10
525.9132451380727
 20
592.530393991523
 10
525.9132451380727
 20
588.8577089642379
 10
531.4788999811833
 20
588.8577089642379
 10
531.4788999811833
 20
587.4582056388628
 10
525.9132451380727
 20
587.4582056388628
 10
525.9132451380727
 20
582.0705223168982
 10
524.3438599061492
 20
582.0705223168982
  0
CIRCLE
  5
1E1
330
17
100
AcDbEntity
  8
cut
 62
5
420
255
100
AcDbCircle
 10
596.4000366241457
 20
588.0002327722593
 30
0.0
 40
4.4
  0
LWPOLYLINE
  5
1E2
330
17
100
AcDbEntity
  8
cut
 62
5
420
255
100
AcDbPolyline
 90
4
 70
1
 10
596.4000366241453
 20
612.0002327722597
 42
1.0157787888818275
 10
597.1513518636602
 20
564.0119955420898
 10
833.5252683964754
 20
564.0119955420898
 42
0.9809821123639358
 10
832.9962861939757
 20
612.0002331298869
  0
CIRCLE
  5
1E3
330
17
100
AcDbEntity
  8
cut
 62
5
420
255
100
AcDbCircle
 10
832.8000779301628
 20
588.0002215963888
 30
0.0
 40
4.4
  0
LWPOLYLINE
  5
1E4
330
17
100
AcDbEntity
  8
line engraving
 62
1
420
16711680
100
AcDbPolyline
 90
7
 70
0
 10
784.20559775029
 20
582.0705223168982
 10
784.20559775029
 20
593.9298973168982
 10
785.7749829822137
 20
593.9298973168982
 10
785.7749829822137
 20
583.4700256422733
 10
791.6156847216407
 20
583.4700256422733
 10
791.6156847216407
 20
582.0705223168982
 10
784.20559775029
 20
582.0705223168982
  0
LWPOLYLINE
  5
1E5
330
17
100
AcDbEntity
  8
line engraving
 62
1
420
16711680
100
AcDbPolyline
 90
5
 70
0
 10
793.3064141725275
 20
592.2553470952065
 10
793.3064141725275
 20
593.9298973168982
 10
794.7625448000855
 20
593.9298973168982
 10
794.7625448000855
 20
592.2553470952065
 10
793.3064141725275
 20
592.2553470952065
  0
LWPOLYLINE
  5
1E6
330
17
100
AcDbEntity
  8
line engraving
 62
1
420
16711680
100
AcDbPolyline
 90
5
 70
0
 10
793.3064141725275
 20
582.0705223168982
 10
793.3064141725275
 20
590.6616930194903
 10
794.7625448000855
 20
590.6616930194903
 10
794.7625448000855
 20
582.0705223168982
 10
793.3064141725275
 20
582.0705223168982
  0
LWPOLYLINE
  5
1E7
330
17
100
AcDbEntity
  8
line engraving
 62
1
420
16711680
100
AcDbPolyline
 90
61
 70
0
 10
796.9790991998126
 20
582.0705223168982
 10
796.9790991998126
 20
590.6616930194903
 10
798.2896167646148
 20
590.6616930194903
 10
798.2896167646148
 20
589.440161215261
 10
798.539383615314
 20
589.7719618139885
 10
798.8154417134552
 20
590.0595223328855
 10
799.1177910590384
 20
590.3028427719523
 10
799.4464316520637
 20
590.5019231311887
 10
799.8013634925309
 20
590.656763410595
 10
800.1825865804402
 20
590.7673636101707
 10
800.5901009157915
 20
590.8337237299162
 10
801.0239064985848
 20
590.8558437698314
 10
801.4043711851256
 20
590.8384005383555
 10
801.7691622433836
 20
590.7860708439275
 10
802.1182796733589
 20
590.6988546865477
 10
802.4517234750514
 20
590.576752066216
 10
802.7568536256525
 20
590.426335794793
 10
803.0210301023535
 20
590.254178684139
 10
803.2442529051546
 20
590.0602807342541
 10
803.4265220340554
 20
589.8446419451383
 10
803.5761799041101
 20
589.6075151172478
 10
803.701568930372
 20
589.3491530510387
 10
803.8026891128413
 20
589.0695557465111
 10
803.879540451518
 20
588.7687232036649
 10
803.9149325153822
 20
588.5285627703003
 10
803.9402125609995
 20
588.2125622000838
 10
803.95538058837
 20
587.8207214930152
 10
803.9604365974934
 20
587.3530406490946
 10
803.9604365974934
 20
582.0705223168982
 10
802.5043059699354
 20
582.0705223168982
 10
802.5043059699354
 20
587.2964133469118
 10
802.4936883507762
 20
587.7132812991415
 10
802.4618354932984
 20
588.0740275501007
 10
802.408747397502
 20
588.3786520997895
 10
802.334424063387
 20
588.6271549482078
 10
802.2330510804615
 20
588.8364737259193
 10
802.0988140382335
 20
589.0235460634875
 10
801.931712936703
 20
589.1883719609125
 10
801.73174777587
 20
589.3309514181942
 10
801.5059969685072
 20
589.445975625753
 10
801.2615389273876
 20
589.5281357740093
 10
800.9983736525113
 20
589.5774318629632
 10
800.7165011438781
 20
589.5938638926144
 10
800.4879063313834
 20
589.5846366759641
 10
800.2672747332582
 20
589.5569550260132
 10
800.0546063495025
 20
589.5108189427615
 10
799.8499011801161
 20
589.4462284262092
 10
799.6531592250993
 20
589.3631834763563
 10
799.464380484452
 20
589.2616840932028
 10
799.2835649581741
 20
589.1417302767486
 10
799.1107126462656
 20
589.0033220269937
 10
798.952396360587
 20
588.8391281307091
 10
798.815188912999
 20
588.641817374666
 10
798.6990903035014
 20
588.411389758864
 10
798.6041005320943
 20
588.1478452833034
 10
798.5302195987776
 20
587.851183947984
 10
798.4774475035515
 20
587.521405752906
 10
798.4457842464158
 20
587.1585106980693
 10
798.4352298273706
 20
586.7624987834739
 10
798.4352298273706
 20
582.0705223168982
 10
796.9790991998126
 20
582.0705223168982
  0
LWPOLYLINE
  5
1E8
330
17
100
AcDbEntity
  8
line engraving
 62
1
420
16711680
100
AcDbPolyline
 90
13
 70
0
 10
806.2012598410132
 20
582.0705223168982
 10
806.2012598410132
 20
593.9298973168982
 10
807.6573904685712
 20
593.9298973168982
 10
807.6573904685712
 20
587.1669795133511
 10
811.103566287125
 20
590.6616930194903
 10
812.9884464883529
 20
590.6616930194903
 10
809.7040629617499
 20
587.4743848680578
 10
813.3201206868522
 20
582.0705223168982
 10
811.5242262461974
 20
582.0705223168982
 10
808.6847715224593
 20
586.4631830433648
 10
807.6573904685712
 20
585.4762500624644
 10
807.6573904685712
 20
582.0705223168982
 10
806.2012598410132
 20
582.0705223168982
  0
LWPOLYLINE
  5
1E9
330
17
100
AcDbEntity
  8
line engraving
 62
1
420
16711680
100
AcDbPolyline
 90
11
 70
0
 10
814.74389285602
 20
582.0705223168982
 10
814.74389285602
 20
593.9298973168982
 10
822.7445216929914
 20
593.9298973168982
 10
822.7445216929914
 20
592.530393991523
 10
816.3132780879436
 20
592.530393991523
 10
816.3132780879436
 20
588.8577089642379
 10
821.8789329310541
 20
588.8577089642379
 10
821.8789329310541
 20
587.4582056388628
 10
816.3132780879436
 20
587.4582056388628
 10
816.3132780879436
 20
582.0705223168982
 10
814.74389285602
 20
582.0705223168982
  0
CIRCLE
  5
1EA
330
17
100
AcDbEntity
  8
cut
 62
5
420
255
100
AcDbCircle
 10
886.8000662573693
 20
588.0001901781843
 30
0.0
 40
4.4
  0
LWPOLYLINE
  5
1EB
330
17
100
AcDbEntity
  8
cut
 62
5
420
255
100
AcDbPolyline
 90
4
 70
1
 10
862.8000662573689
 20
588.0001901781839
 42
1.0157787888818275
 10
910.7883034875388
 20
588.7515054176988
 10
910.7883034875388
 20
825.125421950514
 42
0.9809821123639358
 10
862.8000658997418
 20
824.5964397480143
  0
CIRCLE
  5
1EC
330
17
100
AcDbEntity
  8
cut
 62
5
420
255
100
AcDbCircle
 10
886.8000774332398
 20
824.4002314842014
 30
0.0
 40
4.4
  0
LWPOLYLINE
  5
1ED
330
17
100
AcDbEntity
  8
line engraving
 62
1
420
16711680
100
AcDbPolyline
 90
7
 70
0
 10
892.7297767127304
 20
775.8057513043286
 10
880.8704017127304
 20
775.8057513043286
 10
880.8704017127304
 20
777.3751365362523
 10
891.3302733873553
 20
777.3751365362523
 10
891.3302733873553
 20
783.2158382756793
 10
892.7297767127304
 20
783.2158382756793
 10
892.7297767127304
 20
775.8057513043286
  0
LWPOLYLINE
  5
1EE
330
17
100
AcDbEntity
  8
line engraving
 62
1
420
16711680
100
AcDbPolyline
 90
5
 70
0
 10
882.5449519344221
 20
784.9065677265661
 10
880.8704017127304
 20
784.9065677265661
 10
880.8704017127304
 20
786.3626983541241
 10
882.5449519344221
 20
786.3626983541241
 10
882.5449519344221
 20
784.9065677265661
  0
LWPOLYLINE
  5
1EF
330
17
100
AcDbEntity
  8
line engraving
 62
1
420
16711680
100
AcDbPolyline
 90
5
 70
0
 10
892.7297767127304
 20
784.9065677265661
 10
884.1386060101383
 20
784.9065677265661
 10
884.1386060101383
 20
786.3626983541241
 10
892.7297767127304
 20
786.3626983541241
 10
892.7297767127304
 20
784.9065677265661
  0
LWPOLYLINE
  5
1F0
330
17
100
AcDbEntity
  8
line engraving
 62
1
420
16711680
100
AcDbPolyline
 90
61
 70
0
 10
892.7297767127304
 20
788.5792527538512
 10
884.1386060101383
 20
788.5792527538512
 10
884.1386060101383
 20
789.8897703186534
 10
885.3601378143676
 20
789.8897703186534
 10
885.0283372156401
 20
790.1395371693526
 10
884.7407766967431
 20
790.4155952674938
 10
884.4974562576763
 20
790.717944613077
 10
884.2983758984399
 20
791.0465852061022
 10
884.1435356190336
 20
791.4015170465694
 10
884.0329354194579
 20
791.7827401344788
 10
883.9665752997124
 20
792.19025446983
 10
883.9444552597972
 20
792.6240600526233
 10
883.9618984912731
 20
793.0045247391641
 10
884.0142281857011
 20
793.3693157974221
 10
884.1014443430809
 20
793.7184332273974
 10
884.2235469634126
 20
794.05187702909
 10
884.3739632348356
 20
794.3570071796911
 10
884.5461203454896
 20
794.6211836563921
 10
884.7400182953745
 20
794.8444064591931
 10
884.9556570844903
 20
795.026675588094
 10
885.1927839123808
 20
795.1763334581486
 10
885.4511459785899
 20
795.3017224844106
 10
885.7307432831175
 20
795.4028426668799
 10
886.0315758259637
 20
795.4796940055566
 10
886.2717362593283
 20
795.5150860694208
 10
886.5877368295448
 20
795.5403661150381
 10
886.9795775366134
 20
795.5555341424085
 10
887.447258380534
 20
795.560590151532
 10
892.7297767127304
 20
795.560590151532
 10
892.7297767127304
 20
794.104459523974
 10
887.5038856827168
 20
794.104459523974
 10
887.0870177304871
 20
794.0938419048148
 10
886.7262714795279
 20
794.061989047337
 10
886.4216469298391
 20
794.0089009515406
 10
886.1731440814208
 20
793.9345776174256
 10
885.9638253037093
 20
793.8332046345
 10
885.7767529661411
 20
793.6989675922721
 10
885.6119270687161
 20
793.5318664907415
 10
885.4693476114344
 20
793.3319013299085
 10
885.3543234038756
 20
793.1061505225458
 10
885.2721632556193
 20
792.8616924814262
 10
885.2228671666654
 20
792.5985272065499
 10
885.2064351370142
 20
792.3166546979166
 10
885.2156623536645
 20
792.088059885422
 10
885.2433440036154
 20
791.8674282872968
 10
885.2894800868671
 20
791.654759903541
 10
885.3540706034194
 20
791.4500547341547
 10
885.4371155532723
 20
791.2533127791379
 10
885.5386149364258
 20
791.0645340384906
 10
885.65856875288
 20
790.8837185122127
 10
885.7969770026349
 20
790.7108662003042
 10
885.9611708989195
 20
790.5525499146256
 10
886.1584816549627
 20
790.4153424670376
 10
886.3889092707647
 20
790.29924385754
 10
886.6524537463252
 20
790.2042540861329
 10
886.9491150816445
 20
790.1303731528162
 10
887.2788932767226
 20
790.0776010575901
 10
887.6417883315593
 20
790.0459378004543
 10
888.0378002461547
 20
790.0353833814091
 10
892.7297767127304
 20
790.0353833814091
 10
892.7297767127304
 20
788.5792527538512
  0
LWPOLYLINE
  5
1F1
330
17
100
AcDbEntity
  8
line engraving
 62
1
420
16711680
100
AcDbPolyline
 90
13
 70
0
 10
892.7297767127304
 20
797.8014133950518
 10
880.8704017127304
 20
797.8014133950518
 10
880.8704017127304
 20
799.2575440226097
 10
887.6333195162775
 20
799.2575440226097
 10
884.1386060101383
 20
802.7037198411635
 10
884.1386060101383
 20
804.5886000423915
 10
887.3259141615708
 20
801.3042165157884
 10
892.7297767127304
 20
804.9202742408908
 10
892.7297767127304
 20
803.1243798002359
 10
888.3371159862638
 20
800.2849250764979
 10
889.3240489671642
 20
799.2575440226097
 10
892.7297767127304
 20
799.2575440226097
 10
892.7297767127304
 20
797.8014133950518
  0
LWPOLYLINE
  5
1F2
330
17
100
AcDbEntity
  8
line engraving
 62
1
420
16711680
100
AcDbPolyline
 90
11
 70
0
 10
892.7297767127304
 20
806.3440464100586
 10
880.8704017127304
 20
806.3440464100586
 10
880.8704017127304
 20
814.34467524703
 10
882.2699050381055
 20
814.34467524703
 10
882.2699050381055
 20
807.9134316419821
 10
885.9425900653907
 20
807.9134316419821
 10
885.9425900653907
 20
813.4790864850927
 10
887.3420933907659
 20
813.4790864850927
 10
887.3420933907659
 20
807.9134316419821
 10
892.7297767127304
 20
807.9134316419821
 10
892.7297767127304
 20
806.3440464100586
  0
CIRCLE
  5
1F3
330
17
100
AcDbEntity
  8
cut
 62
5
420
255
100
AcDbCircle
 10
642.0002334875144
 20
878.4002231280551
 30
0.0
 40
4.4
  0
LWPOLYLINE
  5
1F4
330
17
100
AcDbEntity
  8
cut
 62
5
420
255
100
AcDbPolyline
 90
4
 70
1
 10
618.000233487514
 20
878.4002231280547
 42
1.0157787888818275
 10
665.9884707176839
 20
879.1515383675696
 10
665.9884707176839
 20
1115.5254549003848
 42
0.9809821123639358
 10
618.0002331298869
 20
1114.996472697885
  0
CIRCLE
  5
1F5
330
17
100
AcDbEntity
  8
cut
 62
5
420
255
100
AcDbCircle
 10
642.0002446633849
 20
1114.8002644340722
 30
0.0
 40
4.4
  0
LWPOLYLINE
  5
1F6
330
17
100
AcDbEntity
  8
line engraving
 62
1
420
16711680
100
AcDbPolyline
 90
7
 70
0
 10
647.9299439428755
 20
1066.2057842541994
 10
636.0705689428755
 20
1066.2057842541994
 10
636.0705689428755
 20
1067.775169486123
 10
646.5304406175004
 20
1067.775169486123
 10
646.5304406175004
 20
1073.61587122555
 10
647.9299439428755
 20
1073.61587122555
 10
647.9299439428755
 20
1066.2057842541994
  0
LWPOLYLINE
  5
1F7
330
17
100
AcDbEntity
  8
line engraving
 62
1
420
16711680
100
AcDbPolyline
 90
5
 70
0
 10
637.7451191645672
 20
1075.3066006764368
 10
636.0705689428755
 20
1075.3066006764368
 10
636.0705689428755
 20
1076.7627313039948
 10
637.7451191645672
 20
1076.7627313039948
 10
637.7451191645672
 20
1075.3066006764368
  0
LWPOLYLINE
  5
1F8
330
17
100
AcDbEntity
  8
line engraving
 62
1
420
16711680
100
AcDbPolyline
 90
5
 70
0
 10
647.9299439428755
 20
1075.3066006764368
 10
639.3387732402834
 20
1075.3066006764368
 10
639.3387732402834
 20
1076.7627313039948
 10
647.9299439428755
 20
1076.7627313039948
 10
647.9299439428755
 20
1075.3066006764368
  0
LWPOLYLINE
  5
1F9
330
17
100
AcDbEntity
  8
line engraving
 62
1
420
16711680
100
AcDbPolyline
 90
61
 70
0
 10
647.9299439428755
 20
1078.979285703722
 10
639.3387732402834
 20
1078.979285703722
 10
639.3387732402834
 20
1080.289803268524
 10
640.5603050445127
 20
1080.289803268524
 10
640.2285044457852
 20
1080.5395701192233
 10
639.9409439268882
 20
1080.8156282173645
 10
639.6976234878214
 20
1081.1179775629478
 10
639.498543128585
 20
1081.446618155973
 10
639.3437028491787
 20
1081.8015499964404
 10
639.233102649603
 20
1082.1827730843495
 10
639.1667425298575
 20
1082.5902874197009
 10
639.1446224899423
 20
1083.0240930024943
 10
639.1620657214182
 20
1083.4045576890348
 10
639.2143954158462
 20
1083.769348747293
 10
639.301611573226
 20
1084.1184661772681
 10
639.4237141935577
 20
1084.4519099789607
 10
639.5741304649807
 20
1084.7570401295618
 10
639.7462875756347
 20
1085.021216606263
 10
639.9401855255196
 20
1085.244439409064
 10
640.1558243146354
 20
1085.426708537965
 10
640.3929511425259
 20
1085.5763664080196
 10
640.651313208735
 20
1085.7017554342815
 10
640.9309105132626
 20
1085.8028756167507
 10
641.2317430561088
 20
1085.8797269554273
 10
641.4719034894734
 20
1085.9151190192915
 10
641.7879040596899
 20
1085.940399064909
 10
642.1797447667585
 20
1085.9555670922791
 10
642.6474256106791
 20
1085.9606231014027
 10
647.9299439428755
 20
1085.9606231014027
 10
647.9299439428755
 20
1084.5044924738447
 10
642.7040529128619
 20
1084.5044924738447
 10
642.2871849606322
 20
1084.4938748546854
 10
641.926438709673
 20
1084.4620219972076
 10
641.6218141599842
 20
1084.4089339014113
 10
641.3733113115659
 20
1084.3346105672963
 10
641.1639925338544
 20
1084.2332375843707
 10
640.9769201962862
 20
1084.099000542143
 10
640.8120942988612
 20
1083.9318994406124
 10
640.6695148415795
 20
1083.7319342797794
 10
640.5544906340207
 20
1083.5061834724165
 10
640.4723304857644
 20
1083.261725431297
 10
640.4230343968105
 20
1082.9985601564206
 10
640.4066023671593
 20
1082.7166876477875
 10
640.4158295838096
 20
1082.4880928352927
 10
640.4435112337605
 20
1082.2674612371675
 10
640.4896473170122
 20
1082.0547928534118
 10
640.5542378335645
 20
1081.8500876840255
 10
640.6372827834174
 20
1081.6533457290086
 10
640.7387821665709
 20
1081.4645669883612
 10
640.8587359830251
 20
1081.2837514620833
 10
640.99714423278
 20
1081.1108991501749
 10
641.1613381290646
 20
1080.9525828644964
 10
641.3586488851078
 20
1080.8153754169084
 10
641.5890765009098
 20
1080.6992768074108
 10
641.8526209764703
 20
1080.6042870360038
 10
642.1492823117896
 20
1080.530406102687
 10
642.4790605068677
 20
1080.477634007461
 10
642.8419555617044
 20
1080.4459707503254
 10
643.2379674762998
 20
1080.43541633128
 10
647.9299439428755
 20
1080.43541633128
 10
647.9299439428755
 20
1078.979285703722
  0
LWPOLYLINE
  5
1FA
330
17
100
AcDbEntity
  8
line engraving
 62
1
420
16711680
100
AcDbPolyline
 90
13
 70
0
 10
647.9299439428755
 20
1088.2014463449225
 10
636.0705689428755
 20
1088.2014463449225
 10
636.0705689428755
 20
1089.6575769724805
 10
642.8334867464226
 20
1089.6575769724805
 10
639.3387732402834
 20
1093.1037527910344
 10
639.3387732402834
 20
1094.9886329922622
 10
642.5260813917159
 20
1091.7042494656594
 10
647.9299439428755
 20
1095.3203071907615
 10
647.9299439428755
 20
1093.5244127501066
 10
643.5372832164089
 20
1090.6849580263686
 10
644.5242161973093
 20
1089.6575769724805
 10
647.9299439428755
 20
1089.6575769724805
 10
647.9299439428755
 20
1088.2014463449225
  0
LWPOLYLINE
  5
1FB
330
17
100
AcDbEntity
  8
line engraving
 62
1
420
16711680
100
AcDbPolyline
 90
11
 70
0
 10
647.9299439428755
 20
1096.7440793599294
 10
636.0705689428755
 20
1096.7440793599294
 10
636.0705689428755
 20
1104.7447081969008
 10
637.4700722682506
 20
1104.7447081969008
 10
637.4700722682506
 20
1098.313464591853
 10
641.1427572955358
 20
1098.313464591853
 10
641.1427572955358
 20
1103.8791194349635
 10
642.542260620911
 20
1103.8791194349635
 10
642.542260620911
 20
1098.313464591853
 10
647.9299439428755
 20
1098.313464591853
 10
647.9299439428755
 20
1096.7440793599294
  0
CIRCLE
  5
1FC
330
17
100
AcDbEntity
  8
cut
 62
5
420
255
100
AcDbCircle
 10
343.80000367427465
 20
1001.400092894327
 30
0.0
 40
4.4
  0
LWPOLYLINE
  5
1FD
330
17
100
AcDbEntity
  8
cut
 62
5
420
255
100
AcDbPolyline
 90
4
 70
1
 10
343.8000036742742
 20
1025.4000928943274
 42
1.0157787888818275
 10
344.55131891378915
 20
977.4118556641575
 10
580.9252354466043
 20
977.4118556641575
 42
0.9809821123639358
 10
580.3962532441046
 20
1025.4000932519546
  0
CIRCLE
  5
1FE
330
17
100
AcDbEntity
  8
cut
 62
5
420
255
100
AcDbCircle
 10
580.2000449802918
 20
1001.4000817184565
 30
0.0
 40
4.4
  0
LWPOLYLINE
  5
1FF
330
17
100
AcDbEntity
  8
line engraving
 62
1
420
16711680
100
AcDbPolyline
 90
7
 70
0
 10
531.605564800419
 20
995.4703824389659
 10
531.605564800419
 20
1007.3297574389659
 10
533.1749500323426
 20
1007.3297574389659
 10
533.1749500323426
 20
996.869885764341
 10
539.0156517717696
 20
996.869885764341
 10
539.0156517717696
 20
995.4703824389659
 10
531.605564800419
 20
995.4703824389659
  0
LWPOLYLINE
  5
200
330
17
100
AcDbEntity
  8
line engraving
 62
1
420
16711680
100
AcDbPolyline
 90
5
 70
0
 10
540.7063812226564
 20
1005.6552072172742
 10
540.7063812226564
 20
1007.3297574389659
 10
542.1625118502144
 20
1007.3297574389659
 10
542.1625118502144
 20
1005.6552072172742
 10
540.7063812226564
 20
1005.6552072172742
  0
LWPOLYLINE
  5
201
330
17
100
AcDbEntity
  8
line engraving
 62
1
420
16711680
100
AcDbPolyline
 90
5
 70
0
 10
540.7063812226564
 20
995.4703824389659
 10
540.7063812226564
 20
1004.061553141558
 10
542.1625118502144
 20
1004.061553141558
 10
542.1625118502144
 20
995.4703824389659
 10
540.7063812226564
 20
995.4703824389659
  0
LWPOLYLINE
  5
202
330
17
100
AcDbEntity
  8
line engraving
 62
1
420
16711680
100
AcDbPolyline
 90
61
 70
0
 10
544.3790662499415
 20
995.4703824389659
 10
544.3790662499415
 20
1004.061553141558
 10
545.6895838147437
 20
1004.061553141558
 10
545.6895838147437
 20
1002.8400213373287
 10
545.9393506654429
 20
1003.1718219360562
 10
546.2154087635842
 20
1003.4593824549532
 10
546.5177581091673
 20
1003.70270289402
 10
546.8463987021926
 20
1003.9017832532566
 10
547.2013305426598
 20
1004.0566235326627
 10
547.5825536305691
 20
1004.1672237322384
 10
547.9900679659204
 20
1004.2335838519839
 10
548.4238735487137
 20
1004.2557038918991
 10
548.8043382352545
 20
1004.2382606604232
 10
549.1691292935125
 20
1004.1859309659952
 10
549.5182467234878
 20
1004.0987148086155
 10
549.8516905251803
 20
1003.9766121882838
 10
550.1568206757814
 20
1003.8261959168607
 10
550.4209971524824
 20
1003.6540388062067
 10
550.6442199552835
 20
1003.4601408563218
 10
550.8264890841843
 20
1003.244502067206
 10
550.976146954239
 20
1003.0073752393155
 10
551.1015359805009
 20
1002.7490131731064
 10
551.2026561629702
 20
1002.4694158685788
 10
551.2795075016469
 20
1002.1685833257326
 10
551.3148995655112
 20
1001.928422892368
 10
551.3401796111284
 20
1001.6124223221515
 10
551.3553476384989
 20
1001.2205816150829
 10
551.3604036476223
 20
1000.7529007711623
 10
551.3604036476223
 20
995.4703824389659
 10
549.9042730200644
 20
995.4703824389659
 10
549.9042730200644
 20
1000.6962734689795
 10
549.8936554009051
 20
1001.1131414212092
 10
549.8618025434273
 20
1001.4738876721685
 10
549.8087144476309
 20
1001.7785122218572
 10
549.7343911135159
 20
1002.0270150702755
 10
549.6330181305904
 20
1002.236333847987
 10
549.4987810883624
 20
1002.4234061855552
 10
549.3316799868319
 20
1002.5882320829802
 10
549.1317148259989
 20
1002.7308115402619
 10
548.9059640186362
 20
1002.8458357478207
 10
548.6615059775165
 20
1002.927995896077
 10
548.3983407026402
 20
1002.9772919850309
 10
548.116468194007
 20
1002.9937240146821
 10
547.8878733815123
 20
1002.9844967980318
 10
547.6672417833871
 20
1002.9568151480809
 10
547.4545733996314
 20
1002.9106790648292
 10
547.249868230245
 20
1002.846088548277
 10
547.0531262752282
 20
1002.763043598424
 10
546.8643475345809
 20
1002.6615442152705
 10
546.683532008303
 20
1002.5415903988163
 10
546.5106796963945
 20
1002.4031821490614
 10
546.352363410716
 20
1002.2389882527768
 10
546.2151559631279
 20
1002.0416774967337
 10
546.0990573536303
 20
1001.8112498809317
 10
546.0040675822232
 20
1001.5477054053711
 10
545.9301866489066
 20
1001.2510440700518
 10
545.8774145536804
 20
1000.9212658749738
 10
545.8457512965447
 20
1000.558370820137
 10
545.8351968774995
 20
1000.1623589055416
 10
545.8351968774995
 20
995.4703824389659
 10
544.3790662499415
 20
995.4703824389659
  0
LWPOLYLINE
  5
203
330
17
100
AcDbEntity
  8
line engraving
 62
1
420
16711680
100
AcDbPolyline
 90
13
 70
0
 10
553.6012268911421
 20
995.4703824389659
 10
553.6012268911421
 20
1007.3297574389659
 10
555.0573575187001
 20
1007.3297574389659
 10
555.0573575187001
 20
1000.5668396354188
 10
558.5035333372539
 20
1004.061553141558
 10
560.3884135384818
 20
1004.061553141558
 10
557.1040300118788
 20
1000.8742449901255
 10
560.7200877369811
 20
995.4703824389659
 10
558.9241932963263
 20
995.4703824389659
 10
556.0847385725882
 20
999.8630431654325
 10
555.0573575187001
 20
998.8761101845321
 10
555.0573575187001
 20
995.4703824389659
 10
553.6012268911421
 20
995.4703824389659
  0
LWPOLYLINE
  5
204
330
17
100
AcDbEntity
  8
line engraving
 62
1
420
16711680
100
AcDbPolyline
 90
11
 70
0
 10
562.1438599061489
 20
995.4703824389659
 10
562.1438599061489
 20
1007.3297574389659
 10
570.1444887431203
 20
1007.3297574389659
 10
570.1444887431203
 20
1005.9302541135908
 10
563.7132451380725
 20
1005.9302541135908
 10
563.7132451380725
 20
1002.2575690863056
 10
569.278899981183
 20
1002.2575690863056
 10
569.278899981183
 20
1000.8580657609305
 10
563.7132451380725
 20
1000.8580657609305
 10
563.7132451380725
 20
995.4703824389659
 10
562.1438599061489
 20
995.4703824389659
  0
CIRCLE
  5
205
330
17
100
AcDbEntity
  8
cut
 62
5
420
255
100
AcDbCircle
 10
343.80000367427465
 20
1055.4001395203045
 30
0.0
 40
4.4
  0
LWPOLYLINE
  5
206
330
17
100
AcDbEntity
  8
cut
 62
5
420
255
100
AcDbPolyline
 90
4
 70
1
 10
343.8000036742742
 20
1079.4001395203047
 42
1.0157787888818275
 10
344.55131891378915
 20
1031.411902290135
 10
580.9252354466043
 20
1031.411902290135
 42
0.9809821123639358
 10
580.3962532441046
 20
1079.400139877932
  0
CIRCLE
  5
207
330
17
100
AcDbEntity
  8
cut
 62
5
420
255
100
AcDbCircle
 10
580.2000449802918
 20
1055.4001283444338
 30
0.0
 40
4.4
  0
LWPOLYLINE
  5
208
330
17
100
AcDbEntity
  8
line engraving
 62
1
420
16711680
100
AcDbPolyline
 90
7
 70
0
 10
531.605564800419
 20
1049.4704290649433
 10
531.605564800419
 20
1061.3298040649433
 10
533.1749500323426
 20
1061.3298040649433
 10
533.1749500323426
 20
1050.8699323903186
 10
539.0156517717696
 20
1050.8699323903186
 10
539.0156517717696
 20
1049.4704290649433
 10
531.605564800419
 20
1049.4704290649433
  0
LWPOLYLINE
  5
209
330
17
100
AcDbEntity
  8
line engraving
 62
1
420
16711680
100
AcDbPolyline
 90
5
 70
0
 10
540.7063812226564
 20
1059.6552538432516
 10
540.7063812226564
 20
1061.3298040649433
 10
542.1625118502144
 20
1061.3298040649433
 10
542.1625118502144
 20
1059.6552538432516
 10
540.7063812226564
 20
1059.6552538432516
  0
LWPOLYLINE
  5
20A
330
17
100
AcDbEntity
  8
line engraving
 62
1
420
16711680
100
AcDbPolyline
 90
5
 70
0
 10
540.7063812226564
 20
1049.4704290649433
 10
540.7063812226564
 20
1058.0615997675354
 10
542.1625118502144
 20
1058.0615997675354
 10
542.1625118502144
 20
1049.4704290649433
 10
540.7063812226564
 20
1049.4704290649433
  0
LWPOLYLINE
  5
20B
330
17
100
AcDbEntity
  8
line engraving
 62
1
420
16711680
100
AcDbPolyline
 90
61
 70
0
 10
544.3790662499415
 20
1049.4704290649433
 10
544.3790662499415
 20
1058.0615997675354
 10
545.6895838147437
 20
1058.0615997675354
 10
545.6895838147437
 20
1056.8400679633062
 10
545.9393506654429
 20
1057.1718685620335
 10
546.2154087635842
 20
1057.4594290809307
 10
546.5177581091673
 20
1057.7027495199975
 10
546.8463987021926
 20
1057.901829879234
 10
547.2013305426598
 20
1058.0566701586401
 10
547.5825536305691
 20
1058.167270358216
 10
547.9900679659204
 20
1058.2336304779615
 10
548.4238735487137
 20
1058.2557505178765
 10
548.8043382352545
 20
1058.2383072864006
 10
549.1691292935125
 20
1058.1859775919727
 10
549.5182467234878
 20
1058.098761434593
 10
549.8516905251803
 20
1057.9766588142613
 10
550.1568206757814
 20
1057.8262425428381
 10
550.4209971524824
 20
1057.6540854321843
 10
550.6442199552835
 20
1057.4601874822993
 10
550.8264890841843
 20
1057.2445486931836
 10
550.976146954239
 20
1057.007421865293
 10
551.1015359805009
 20
1056.7490597990839
 10
551.2026561629702
 20
1056.4694624945562
 10
551.2795075016469
 20
1056.16862995171
 10
551.3148995655112
 20
1055.9284695183455
 10
551.3401796111284
 20
1055.612468948129
 10
551.3553476384989
 20
1055.2206282410605
 10
551.3604036476223
 20
1054.75294739714
 10
551.3604036476223
 20
1049.4704290649433
 10
549.9042730200644
 20
1049.4704290649433
 10
549.9042730200644
 20
1054.696320094957
 10
549.8936554009051
 20
1055.1131880471867
 10
549.8618025434273
 20
1055.4739342981459
 10
549.8087144476309
 20
1055.7785588478348
 10
549.7343911135159
 20
1056.027061696253
 10
549.6330181305904
 20
1056.2363804739646
 10
549.4987810883624
 20
1056.4234528115328
 10
549.3316799868319
 20
1056.5882787089577
 10
549.1317148259989
 20
1056.7308581662394
 10
548.9059640186362
 20
1056.845882373798
 10
548.6615059775165
 20
1056.9280425220545
 10
548.3983407026402
 20
1056.9773386110082
 10
548.116468194007
 20
1056.9937706406595
 10
547.8878733815123
 20
1056.9845434240092
 10
547.6672417833871
 20
1056.956861774058
 10
547.4545733996314
 20
1056.9107256908067
 10
547.249868230245
 20
1056.8461351742544
 10
547.0531262752282
 20
1056.7630902244014
 10
546.8643475345809
 20
1056.6615908412477
 10
546.683532008303
 20
1056.5416370247935
 10
546.5106796963945
 20
1056.4032287750388
 10
546.352363410716
 20
1056.2390348787542
 10
546.2151559631279
 20
1056.041724122711
 10
546.0990573536303
 20
1055.811296506909
 10
546.0040675822232
 20
1055.5477520313484
 10
545.9301866489066
 20
1055.2510906960292
 10
545.8774145536804
 20
1054.9213125009512
 10
545.8457512965447
 20
1054.5584174461144
 10
545.8351968774995
 20
1054.162405531519
 10
545.8351968774995
 20
1049.4704290649433
 10
544.3790662499415
 20
1049.4704290649433
  0
LWPOLYLINE
  5
20C
330
17
100
AcDbEntity
  8
line engraving
 62
1
420
16711680
100
AcDbPolyline
 90
13
 70
0
 10
553.6012268911421
 20
1049.4704290649433
 10
553.6012268911421
 20
1061.3298040649433
 10
555.0573575187001
 20
1061.3298040649433
 10
555.0573575187001
 20
1054.5668862613963
 10
558.5035333372539
 20
1058.0615997675354
 10
560.3884135384818
 20
1058.0615997675354
 10
557.1040300118788
 20
1054.874291616103
 10
560.7200877369811
 20
1049.4704290649433
 10
558.9241932963263
 20
1049.4704290649433
 10
556.0847385725882
 20
1053.86308979141
 10
555.0573575187001
 20
1052.8761568105094
 10
555.0573575187001
 20
1049.4704290649433
 10
553.6012268911421
 20
1049.4704290649433
  0
LWPOLYLINE
  5
20D
330
17
100
AcDbEntity
  8
line engraving
 62
1
420
16711680
100
AcDbPolyline
 90
11
 70
0
 10
562.1438599061489
 20
1049.4704290649433
 10
562.1438599061489
 20
1061.3298040649433
 10
570.1444887431203
 20
1061.3298040649433
 10
570.1444887431203
 20
1059.930300739568
 10
563.7132451380725
 20
1059.930300739568
 10
563.7132451380725
 20
1056.257615712283
 10
569.278899981183
 20
1056.257615712283
 10
569.278899981183
 20
1054.8581123869078
 10
563.7132451380725
 20
1054.8581123869078
 10
563.7132451380725
 20
1049.4704290649433
 10
562.1438599061489
 20
1049.4704290649433
  0
CIRCLE
  5
20E
330
17
100
AcDbEntity
  8
cut
 62
5
420
255
100
AcDbCircle
 10
343.80000367427465
 20
1109.4001861462816
 30
0.0
 40
4.4
  0
LWPOLYLINE
  5
20F
330
17
100
AcDbEntity
  8
cut
 62
5
420
255
100
AcDbPolyline
 90
4
 70
1
 10
343.8000036742742
 20
1133.400186146282
 42
1.0157787888818275
 10
344.55131891378915
 20
1085.4119489161121
 10
580.9252354466043
 20
1085.4119489161121
 42
0.9809821123639358
 10
580.3962532441046
 20
1133.4001865039093
  0
CIRCLE
  5
210
330
17
100
AcDbEntity
  8
cut
 62
5
420
255
100
AcDbCircle
 10
580.2000449802918
 20
1109.4001749704112
 30
0.0
 40
4.4
  0
LWPOLYLINE
  5
211
330
17
100
AcDbEntity
  8
line engraving
 62
1
420
16711680
100
AcDbPolyline
 90
7
 70
0
 10
531.605564800419
 20
1103.4704756909205
 10
531.605564800419
 20
1115.3298506909205
 10
533.1749500323426
 20
1115.3298506909205
 10
533.1749500323426
 20
1104.8699790162957
 10
539.0156517717696
 20
1104.8699790162957
 10
539.0156517717696
 20
1103.4704756909205
 10
531.605564800419
 20
1103.4704756909205
  0
LWPOLYLINE
  5
212
330
17
100
AcDbEntity
  8
line engraving
 62
1
420
16711680
100
AcDbPolyline
 90
5
 70
0
 10
540.7063812226564
 20
1113.6553004692287
 10
540.7063812226564
 20
1115.3298506909205
 10
542.1625118502144
 20
1115.3298506909205
 10
542.1625118502144
 20
1113.6553004692287
 10
540.7063812226564
 20
1113.6553004692287
  0
LWPOLYLINE
  5
213
330
17
100
AcDbEntity
  8
line engraving
 62
1
420
16711680
100
AcDbPolyline
 90
5
 70
0
 10
540.7063812226564
 20
1103.4704756909205
 10
540.7063812226564
 20
1112.0616463935125
 10
542.1625118502144
 20
1112.0616463935125
 10
542.1625118502144
 20
1103.4704756909205
 10
540.7063812226564
 20
1103.4704756909205
  0
LWPOLYLINE
  5
214
330
17
100
AcDbEntity
  8
line engraving
 62
1
420
16711680
100
AcDbPolyline
 90
61
 70
0
 10
544.3790662499415
 20
1103.4704756909205
 10
544.3790662499415
 20
1112.0616463935125
 10
545.6895838147437
 20
1112.0616463935125
 10
545.6895838147437
 20
1110.8401145892833
 10
545.9393506654429
 20
1111.1719151880106
 10
546.2154087635842
 20
1111.4594757069078
 10
546.5177581091673
 20
1111.7027961459746
 10
546.8463987021926
 20
1111.901876505211
 10
547.2013305426598
 20
1112.0567167846173
 10
547.5825536305691
 20
1112.1673169841931
 10
547.9900679659204
 20
1112.2336771039386
 10
548.4238735487137
 20
1112.2557971438537
 10
548.8043382352545
 20
1112.2383539123778
 10
549.1691292935125
 20
1112.1860242179498
 10
549.5182467234878
 20
1112.09880806057
 10
549.8516905251803
 20
1111.9767054402384
 10
550.1568206757814
 20
1111.8262891688153
 10
550.4209971524824
 20
1111.6541320581614
 10
550.6442199552835
 20
1111.4602341082764
 10
550.8264890841843
 20
1111.2445953191607
 10
550.976146954239
 20
1111.0074684912702
 10
551.1015359805009
 20
1110.749106425061
 10
551.2026561629702
 20
1110.4695091205333
 10
551.2795075016469
 20
1110.1686765776872
 10
551.3148995655112
 20
1109.9285161443227
 10
551.3401796111284
 20
1109.612515574106
 10
551.3553476384989
 20
1109.2206748670376
 10
551.3604036476223
 20
1108.752994023117
 10
551.3604036476223
 20
1103.4704756909205
 10
549.9042730200644
 20
1103.4704756909205
 10
549.9042730200644
 20
1108.696366720934
 10
549.8936554009051
 20
1109.1132346731638
 10
549.8618025434273
 20
1109.473980924123
 10
549.8087144476309
 20
1109.778605473812
 10
549.7343911135159
 20
1110.02710832223
 10
549.6330181305904
 20
1110.2364270999417
 10
549.4987810883624
 20
1110.42349943751
 10
549.3316799868319
 20
1110.5883253349348
 10
549.1317148259989
 20
1110.7309047922165
 10
548.9059640186362
 20
1110.8459289997752
 10
548.6615059775165
 20
1110.9280891480316
 10
548.3983407026402
 20
1110.9773852369854
 10
548.116468194007
 20
1110.9938172666366
 10
547.8878733815123
 20
1110.9845900499863
 10
547.6672417833871
 20
1110.9569084000352
 10
547.4545733996314
 20
1110.9107723167838
 10
547.249868230245
 20
1110.8461818002315
 10
547.0531262752282
 20
1110.7631368503785
 10
546.8643475345809
 20
1110.6616374672249
 10
546.683532008303
 20
1110.5416836507707
 10
546.5106796963945
 20
1110.403275401016
 10
546.352363410716
 20
1110.2390815047313
 10
546.2151559631279
 20
1110.0417707486881
 10
546.0990573536303
 20
1109.8113431328861
 10
546.0040675822232
 20
1109.5477986573255
 10
545.9301866489066
 20
1109.2511373220063
 10
545.8774145536804
 20
1108.9213591269283
 10
545.8457512965447
 20
1108.5584640720915
 10
545.8351968774995
 20
1108.162452157496
 10
545.8351968774995
 20
1103.4704756909205
 10
544.3790662499415
 20
1103.4704756909205
  0
LWPOLYLINE
  5
215
330
17
100
AcDbEntity
  8
line engraving
 62
1
420
16711680
100
AcDbPolyline
 90
13
 70
0
 10
553.6012268911421
 20
1103.4704756909205
 10
553.6012268911421
 20
1115.3298506909205
 10
555.0573575187001
 20
1115.3298506909205
 10
555.0573575187001
 20
1108.5669328873735
 10
558.5035333372539
 20
1112.0616463935125
 10
560.3884135384818
 20
1112.0616463935125
 10
557.1040300118788
 20
1108.87433824208
 10
560.7200877369811
 20
1103.4704756909205
 10
558.9241932963263
 20
1103.4704756909205
 10
556.0847385725882
 20
1107.863136417387
 10
555.0573575187001
 20
1106.8762034364865
 10
555.0573575187001
 20
1103.4704756909205
 10
553.6012268911421
 20
1103.4704756909205
  0
LWPOLYLINE
  5
216
330
17
100
AcDbEntity
  8
line engraving
 62
1
420
16711680
100
AcDbPolyline
 90
11
 70
0
 10
562.1438599061489
 20
1103.4704756909205
 10
562.1438599061489
 20
1115.3298506909205
 10
570.1444887431203
 20
1115.3298506909205
 10
570.1444887431203
 20
1113.9303473655452
 10
563.7132451380725
 20
1113.9303473655452
 10
563.7132451380725
 20
1110.2576623382602
 10
569.278899981183
 20
1110.2576623382602
 10
569.278899981183
 20
1108.858159012885
 10
563.7132451380725
 20
1108.858159012885
 10
563.7132451380725
 20
1103.4704756909205
 10
562.1438599061489
 20
1103.4704756909205
  0
CIRCLE
  5
217
330
17
100
AcDbEntity
  8
cut
 62
5
420
255
100
AcDbCircle
 10
696.0002801134917
 20
878.4002231280551
 30
0.0
 40
4.4
  0
LWPOLYLINE
  5
218
330
17
100
AcDbEntity
  8
cut
 62
5
420
255
100
AcDbPolyline
 90
4
 70
1
 10
672.0002801134914
 20
878.4002231280547
 42
1.0157787888818275
 10
719.9885173436612
 20
879.1515383675696
 10
719.9885173436612
 20
1115.5254549003848
 42
0.9809821123639358
 10
672.0002797558642
 20
1114.996472697885
  0
CIRCLE
  5
219
330
17
100
AcDbEntity
  8
cut
 62
5
420
255
100
AcDbCircle
 10
696.0002912893623
 20
1114.8002644340722
 30
0.0
 40
4.4
  0
LWPOLYLINE
  5
21A
330
17
100
AcDbEntity
  8
line engraving
 62
1
420
16711680
100
AcDbPolyline
 90
7
 70
0
 10
701.9299905688529
 20
1066.2057842541994
 10
690.0706155688529
 20
1066.2057842541994
 10
690.0706155688529
 20
1067.775169486123
 10
700.5304872434778
 20
1067.775169486123
 10
700.5304872434778
 20
1073.61587122555
 10
701.9299905688529
 20
1073.61587122555
 10
701.9299905688529
 20
1066.2057842541994
  0
LWPOLYLINE
  5
21B
330
17
100
AcDbEntity
  8
line engraving
 62
1
420
16711680
100
AcDbPolyline
 90
5
 70
0
 10
691.7451657905445
 20
1075.3066006764368
 10
690.0706155688529
 20
1075.3066006764368
 10
690.0706155688529
 20
1076.7627313039948
 10
691.7451657905445
 20
1076.7627313039948
 10
691.7451657905445
 20
1075.3066006764368
  0
LWPOLYLINE
  5
21C
330
17
100
AcDbEntity
  8
line engraving
 62
1
420
16711680
100
AcDbPolyline
 90
5
 70
0
 10
701.9299905688529
 20
1075.3066006764368
 10
693.3388198662608
 20
1075.3066006764368
 10
693.3388198662608
 20
1076.7627313039948
 10
701.9299905688529
 20
1076.7627313039948
 10
701.9299905688529
 20
1075.3066006764368
  0
LWPOLYLINE
  5
21D
330
17
100
AcDbEntity
  8
line engraving
 62
1
420
16711680
100
AcDbPolyline
 90
61
 70
0
 10
701.9299905688529
 20
1078.979285703722
 10
693.3388198662608
 20
1078.979285703722
 10
693.3388198662608
 20
1080.289803268524
 10
694.56035167049
 20
1080.289803268524
 10
694.2285510717626
 20
1080.5395701192233
 10
693.9409905528655
 20
1080.8156282173645
 10
693.6976701137987
 20
1081.1179775629478
 10
693.4985897545623
 20
1081.446618155973
 10
693.3437494751561
 20
1081.8015499964404
 10
693.2331492755803
 20
1082.1827730843495
 10
693.1667891558349
 20
1082.5902874197009
 10
693.1446691159197
 20
1083.0240930024943
 10
693.1621123473956
 20
1083.4045576890348
 10
693.2144420418235
 20
1083.769348747293
 10
693.3016581992033
 20
1084.1184661772681
 10
693.423760819535
 20
1084.4519099789607
 10
693.5741770909581
 20
1084.7570401295618
 10
693.7463342016121
 20
1085.021216606263
 10
693.940232151497
 20
1085.244439409064
 10
694.1558709406128
 20
1085.426708537965
 10
694.3929977685033
 20
1085.5763664080196
 10
694.6513598347124
 20
1085.7017554342815
 10
694.9309571392399
 20
1085.8028756167507
 10
695.2317896820862
 20
1085.8797269554273
 10
695.4719501154508
 20
1085.9151190192915
 10
695.7879506856673
 20
1085.940399064909
 10
696.1797913927359
 20
1085.9555670922791
 10
696.6474722366564
 20
1085.9606231014027
 10
701.9299905688529
 20
1085.9606231014027
 10
701.9299905688529
 20
1084.5044924738447
 10
696.7040995388393
 20
1084.5044924738447
 10
696.2872315866096
 20
1084.4938748546854
 10
695.9264853356503
 20
1084.4620219972076
 10
695.6218607859615
 20
1084.4089339014113
 10
695.3733579375432
 20
1084.3346105672963
 10
695.1640391598318
 20
1084.2332375843707
 10
694.9769668222635
 20
1084.099000542143
 10
694.8121409248386
 20
1083.9318994406124
 10
694.6695614675568
 20
1083.7319342797794
 10
694.554537259998
 20
1083.5061834724165
 10
694.4723771117417
 20
1083.261725431297
 10
694.4230810227879
 20
1082.9985601564206
 10
694.4066489931366
 20
1082.7166876477875
 10
694.4158762097869
 20
1082.4880928352927
 10
694.4435578597379
 20
1082.2674612371675
 10
694.4896939429896
 20
1082.0547928534118
 10
694.5542844595418
 20
1081.8500876840255
 10
694.6373294093947
 20
1081.6533457290086
 10
694.7388287925482
 20
1081.4645669883612
 10
694.8587826090024
 20
1081.2837514620833
 10
694.9971908587573
 20
1081.1108991501749
 10
695.1613847550419
 20
1080.9525828644964
 10
695.3586955110851
 20
1080.8153754169084
 10
695.5891231268871
 20
1080.6992768074108
 10
695.8526676024477
 20
1080.6042870360038
 10
696.149328937767
 20
1080.530406102687
 10
696.479107132845
 20
1080.477634007461
 10
696.8420021876817
 20
1080.4459707503254
 10
697.2380141022771
 20
1080.43541633128
 10
701.9299905688529
 20
1080.43541633128
 10
701.9299905688529
 20
1078.979285703722
  0
LWPOLYLINE
  5
21E
330
17
100
AcDbEntity
  8
line engraving
 62
1
420
16711680
100
AcDbPolyline
 90
13
 70
0
 10
701.9299905688529
 20
1088.2014463449225
 10
690.0706155688529
 20
1088.2014463449225
 10
690.0706155688529
 20
1089.6575769724805
 10
696.8335333724
 20
1089.6575769724805
 10
693.3388198662608
 20
1093.1037527910344
 10
693.3388198662608
 20
1094.9886329922622
 10
696.5261280176933
 20
1091.7042494656594
 10
701.9299905688529
 20
1095.3203071907615
 10
701.9299905688529
 20
1093.5244127501066
 10
697.5373298423863
 20
1090.6849580263686
 10
698.5242628232867
 20
1089.6575769724805
 10
701.9299905688529
 20
1089.6575769724805
 10
701.9299905688529
 20
1088.2014463449225
  0
LWPOLYLINE
  5
21F
330
17
100
AcDbEntity
  8
line engraving
 62
1
420
16711680
100
AcDbPolyline
 90
11
 70
0
 10
701.9299905688529
 20
1096.7440793599294
 10
690.0706155688529
 20
1096.7440793599294
 10
690.0706155688529
 20
1104.7447081969008
 10
691.470118894228
 20
1104.7447081969008
 10
691.470118894228
 20
1098.313464591853
 10
695.1428039215132
 20
1098.313464591853
 10
695.1428039215132
 20
1103.8791194349635
 10
696.5423072468883
 20
1103.8791194349635
 10
696.5423072468883
 20
1098.313464591853
 10
701.9299905688529
 20
1098.313464591853
 10
701.9299905688529
 20
1096.7440793599294
  0
CIRCLE
  5
220
330
17
100
AcDbEntity
  8
cut
 62
5
420
255
100
AcDbCircle
 10
750.0003300561166
 20
878.4002657221301
 30
0.0
 40
4.4
  0
LWPOLYLINE
  5
221
330
17
100
AcDbEntity
  8
cut
 62
5
420
255
100
AcDbPolyline
 90
4
 70
1
 10
750.0003300561161
 20
902.4002657221305
 42
1.0157787888818275
 10
750.7516452956311
 20
854.4120284919607
 10
987.1255618284463
 20
854.4120284919607
 42
0.9809821123639358
 10
986.5965796259466
 20
902.4002660797577
  0
CIRCLE
  5
222
330
17
100
AcDbEntity
  8
cut
 62
5
420
255
100
AcDbCircle
 10
986.4003713621337
 20
878.4002545462596
 30
0.0
 40
4.4
  0
LWPOLYLINE
  5
223
330
17
100
AcDbEntity
  8
line engraving
 62
1
420
16711680
100
AcDbPolyline
 90
7
 70
0
 10
937.8058911822609
 20
872.470555266769
 10
937.8058911822609
 20
884.329930266769
 10
939.3752764141846
 20
884.329930266769
 10
939.3752764141846
 20
873.8700585921441
 10
945.2159781536116
 20
873.8700585921441
 10
945.2159781536116
 20
872.470555266769
 10
937.8058911822609
 20
872.470555266769
  0
LWPOLYLINE
  5
224
330
17
100
AcDbEntity
  8
line engraving
 62
1
420
16711680
100
AcDbPolyline
 90
5
 70
0
 10
946.9067076044984
 20
882.6553800450773
 10
946.9067076044984
 20
884.329930266769
 10
948.3628382320563
 20
884.329930266769
 10
948.3628382320563
 20
882.6553800450773
 10
946.9067076044984
 20
882.6553800450773
  0
LWPOLYLINE
  5
225
330
17
100
AcDbEntity
  8
line engraving
 62
1
420
16711680
100
AcDbPolyline
 90
5
 70
0
 10
946.9067076044984
 20
872.470555266769
 10
946.9067076044984
 20
881.0617259693611
 10
948.3628382320563
 20
881.0617259693611
 10
948.3628382320563
 20
872.470555266769
 10
946.9067076044984
 20
872.470555266769
  0
LWPOLYLINE
  5
226
330
17
100
AcDbEntity
  8
line engraving
 62
1
420
16711680
100
AcDbPolyline
 90
61
 70
0
 10
950.5793926317834
 20
872.470555266769
 10
950.5793926317834
 20
881.0617259693611
 10
951.8899101965857
 20
881.0617259693611
 10
951.8899101965857
 20
879.8401941651318
 10
952.1396770472849
 20
880.1719947638593
 10
952.4157351454261
 20
880.4595552827564
 10
952.7180844910092
 20
880.7028757218231
 10
953.0467250840345
 20
880.9019560810596
 10
953.4016569245017
 20
881.0567963604658
 10
953.782880012411
 20
881.1673965600415
 10
954.1903943477623
 20
881.233756679787
 10
954.6241999305556
 20
881.2558767197022
 10
955.0046646170964
 20
881.2384334882263
 10
955.3694556753544
 20
881.1861037937983
 10
955.7185731053297
 20
881.0988876364186
 10
956.0520169070222
 20
880.9767850160869
 10
956.3571470576234
 20
880.8263687446638
 10
956.6213235343243
 20
880.6542116340098
 10
956.8445463371254
 20
880.4603136841249
 10
957.0268154660263
 20
880.2446748950091
 10
957.1764733360809
 20
880.0075480671186
 10
957.3018623623428
 20
879.7491860009095
 10
957.4029825448122
 20
879.469588696382
 10
957.4798338834888
 20
879.1687561535357
 10
957.5152259473531
 20
878.9285957201711
 10
957.5405059929703
 20
878.6125951499546
 10
957.5556740203408
 20
878.220754442886
 10
957.5607300294643
 20
877.7530735989654
 10
957.5607300294643
 20
872.470555266769
 10
956.1045994019063
 20
872.470555266769
 10
956.1045994019063
 20
877.6964462967826
 10
956.093981782747
 20
878.1133142490123
 10
956.0621289252692
 20
878.4740604999715
 10
956.0090408294728
 20
878.7786850496603
 10
955.9347174953579
 20
879.0271878980786
 10
955.8333445124323
 20
879.2365066757901
 10
955.6991074702044
 20
879.4235790133583
 10
955.5320063686738
 20
879.5884049107833
 10
955.3320412078408
 20
879.730984368065
 10
955.1062904004781
 20
879.8460085756238
 10
954.8618323593585
 20
879.9281687238802
 10
954.5986670844821
 20
879.977464812834
 10
954.3167945758489
 20
879.9938968424852
 10
954.0881997633543
 20
879.984669625835
 10
953.867568165229
 20
879.956987975884
 10
953.6548997814733
 20
879.9108518926323
 10
953.450194612087
 20
879.8462613760801
 10
953.2534526570702
 20
879.7632164262271
 10
953.0646739164229
 20
879.6617170430736
 10
952.883858390145
 20
879.5417632266194
 10
952.7110060782364
 20
879.4033549768645
 10
952.5526897925579
 20
879.23916108058
 10
952.4154823449699
 20
879.0418503245368
 10
952.2993837354722
 20
878.8114227087348
 10
952.2043939640652
 20
878.5478782331742
 10
952.1305130307485
 20
878.2512168978549
 10
952.0777409355223
 20
877.9214387027769
 10
952.0460776783866
 20
877.5585436479402
 10
952.0355232593414
 20
877.1625317333447
 10
952.0355232593414
 20
872.470555266769
 10
950.5793926317834
 20
872.470555266769
  0
LWPOLYLINE
  5
227
330
17
100
AcDbEntity
  8
line engraving
 62
1
420
16711680
100
AcDbPolyline
 90
13
 70
0
 10
959.801553272984
 20
872.470555266769
 10
959.801553272984
 20
884.329930266769
 10
961.257683900542
 20
884.329930266769
 10
961.257683900542
 20
877.5670124632219
 10
964.7038597190958
 20
881.0617259693611
 10
966.5887399203237
 20
881.0617259693611
 10
963.3043563937207
 20
877.8744178179286
 10
966.920414118823
 20
872.470555266769
 10
965.1245196781682
 20
872.470555266769
 10
962.2850649544301
 20
876.8632159932356
 10
961.257683900542
 20
875.8762830123352
 10
961.257683900542
 20
872.470555266769
 10
959.801553272984
 20
872.470555266769
  0
LWPOLYLINE
  5
228
330
17
100
AcDbEntity
  8
line engraving
 62
1
420
16711680
100
AcDbPolyline
 90
11
 70
0
 10
968.3441862879909
 20
872.470555266769
 10
968.3441862879909
 20
884.329930266769
 10
976.3448151249622
 20
884.329930266769
 10
976.3448151249622
 20
882.9304269413939
 10
969.9135715199144
 20
882.9304269413939
 10
969.9135715199144
 20
879.2577419141087
 10
975.479226363025
 20
879.2577419141087
 10
975.479226363025
 20
877.8582385887336
 10
969.9135715199144
 20
877.8582385887336
 10
969.9135715199144
 20
872.470555266769
 10
968.3441862879909
 20
872.470555266769
  0
CIRCLE
  5
229
330
17
100
AcDbEntity
  8
cut
 62
5
420
255
100
AcDbCircle
 10
306.0000036742749
 20
372.00004626834993
 30
0.0
 40
4.4
  0
LWPOLYLINE
  5
22A
330
17
100
AcDbEntity
  8
cut
 62
5
420
255
100
AcDbPolyline
 90
4
 70
1
 10
306.00000367427447
 20
396.0000462683503
 42
1.0157787888818275
 10
306.7513189137894
 20
348.01180903818044
 10
543.1252354466046
 20
348.01180903818044
 42
0.9809821123639358
 10
542.5962532441049
 20
396.00004662597746
  0
CIRCLE
  5
22B
330
17
100
AcDbEntity
  8
cut
 62
5
420
255
100
AcDbCircle
 10
542.400044980292
 20
372.0000350924794
 30
0.0
 40
4.4
  0
LWPOLYLINE
  5
22C
330
17
100
AcDbEntity
  8
line engraving
 62
1
420
16711680
100
AcDbPolyline
 90
7
 70
0
 10
493.8055648004193
 20
366.0703358129888
 10
493.8055648004193
 20
377.9297108129888
 10
495.3749500323429
 20
377.9297108129888
 10
495.3749500323429
 20
367.46983913836397
 10
501.2156517717699
 20
367.46983913836397
 10
501.2156517717699
 20
366.0703358129888
 10
493.8055648004193
 20
366.0703358129888
  0
LWPOLYLINE
  5
22D
330
17
100
AcDbEntity
  8
line engraving
 62
1
420
16711680
100
AcDbPolyline
 90
5
 70
0
 10
502.90638122265665
 20
376.2551605912971
 10
502.90638122265665
 20
377.9297108129888
 10
504.3625118502147
 20
377.9297108129888
 10
504.3625118502147
 20
376.2551605912971
 10
502.90638122265665
 20
376.2551605912971
  0
LWPOLYLINE
  5
22E
330
17
100
AcDbEntity
  8
line engraving
 62
1
420
16711680
100
AcDbPolyline
 90
5
 70
0
 10
502.90638122265665
 20
366.0703358129888
 10
502.90638122265665
 20
374.66150651558087
 10
504.3625118502147
 20
374.66150651558087
 10
504.3625118502147
 20
366.0703358129888
 10
502.90638122265665
 20
366.0703358129888
  0
LWPOLYLINE
  5
22F
330
17
100
AcDbEntity
  8
line engraving
 62
1
420
16711680
100
AcDbPolyline
 90
61
 70
0
 10
506.5790662499418
 20
366.0703358129888
 10
506.5790662499418
 20
374.66150651558087
 10
507.88958381474396
 20
374.66150651558087
 10
507.88958381474396
 20
373.4399747113517
 10
508.13935066544315
 20
373.7717753100791
 10
508.41540876358437
 20
374.05933582897615
 10
508.71775810916756
 20
374.30265626804294
 10
509.0463987021928
 20
374.50173662727934
 10
509.40133054266005
 20
374.6565769066855
 10
509.78255363056934
 20
374.7671771062613
 10
510.19006796592066
 20
374.8335372260068
 10
510.62387354871396
 20
374.85565726592193
 10
511.00433823525475
 20
374.83821403444597
 10
511.36912929351274
 20
374.78588434001813
 10
511.71824672348805
 20
374.69866818263836
 10
512.0516905251806
 20
374.57656556230666
 10
512.3568206757817
 20
374.4261492908836
 10
512.6209971524827
 20
374.2539921802296
 10
512.8442199552837
 20
374.0600942303447
 10
513.0264890841846
 20
373.8444554412289
 10
513.1761469542392
 20
373.6073286133384
 10
513.3015359805012
 20
373.3489665471293
 10
513.4026561629705
 20
373.0693692426017
 10
513.4795075016472
 20
372.7685366997555
 10
513.5148995655114
 20
372.52837626639086
 10
513.5401796111287
 20
372.2123756961743
 10
513.5553476384991
 20
371.8205349891058
 10
513.5604036476226
 20
371.35285414518523
 10
513.5604036476226
 20
366.0703358129888
 10
512.1042730200646
 20
366.0703358129888
 10
512.1042730200646
 20
371.29622684300244
 10
512.0936554009054
 20
371.7130947952321
 10
512.0618025434275
 20
372.0738410461914
 10
512.0087144476311
 20
372.37846559588013
 10
511.93439111351614
 20
372.6269684442985
 10
511.8330181305907
 20
372.83628722200996
 10
511.6987810883627
 20
373.0233595595781
 10
511.53167998683216
 20
373.1881854570031
 10
511.3317148259991
 20
373.3307649142848
 10
511.10596401863637
 20
373.4457891218437
 10
510.8615059775168
 20
373.52794927009995
 10
510.5983407026404
 20
373.5772453590538
 10
510.31646819400726
 20
373.59367738870503
 10
510.0878733815126
 20
373.5844501720547
 10
509.8672417833874
 20
373.5567685221037
 10
509.65457339963166
 20
373.5106324388521
 10
509.44986823024533
 20
373.44604192229986
 10
509.2531262752285
 20
373.3629969724469
 10
509.06434753458115
 20
373.26149758929336
 10
508.8835320083032
 20
373.14154377283916
 10
508.7106796963947
 20
373.00313552308427
 10
508.5523634107162
 20
372.83894162679974
 10
508.4151559631282
 20
372.6416308707565
 10
508.29905735363064
 20
372.4112032549546
 10
508.2040675822235
 20
372.14765877939396
 10
508.1301866489069
 20
371.85099744407466
 10
508.07741455368074
 20
371.52121924899666
 10
508.045751296545
 20
371.15832419415995
 10
508.0351968774998
 20
370.7623122795645
 10
508.0351968774998
 20
366.0703358129888
 10
506.5790662499418
 20
366.0703358129888
  0
LWPOLYLINE
  5
230
330
17
100
AcDbEntity
  8
line engraving
 62
1
420
16711680
100
AcDbPolyline
 90
13
 70
0
 10
515.8012268911424
 20
366.0703358129888
 10
515.8012268911424
 20
377.9297108129888
 10
517.2573575187004
 20
377.9297108129888
 10
517.2573575187004
 20
371.16679300944173
 10
520.7035333372542
 20
374.66150651558087
 10
522.5884135384821
 20
374.66150651558087
 10
519.304030011879
 20
371.4741983641484
 10
522.9200877369814
 20
366.0703358129888
 10
521.1241932963266
 20
366.0703358129888
 10
518.2847385725885
 20
370.4629965394554
 10
517.2573575187004
 20
369.4760635585549
 10
517.2573575187004
 20
366.0703358129888
 10
515.8012268911424
 20
366.0703358129888
  0
LWPOLYLINE
  5
231
330
17
100
AcDbEntity
  8
line engraving
 62
1
420
16711680
100
AcDbPolyline
 90
11
 70
0
 10
524.3438599061492
 20
366.0703358129888
 10
524.3438599061492
 20
377.9297108129888
 10
532.3444887431206
 20
377.9297108129888
 10
532.3444887431206
 20
376.5302074876136
 10
525.9132451380727
 20
376.5302074876136
 10
525.9132451380727
 20
372.8575224603285
 10
531.4788999811833
 20
372.8575224603285
 10
531.4788999811833
 20
371.4580191349533
 10
525.9132451380727
 20
371.4580191349533
 10
525.9132451380727
 20
366.0703358129888
 10
524.3438599061492
 20
366.0703358129888
  0
CIRCLE
  5
232
330
17
100
AcDbEntity
  8
cut
 62
5
420
255
100
AcDbCircle
 10
306.0000036742749
 20
426.0000928943273
 30
0.0
 40
4.4
  0
LWPOLYLINE
  5
233
330
17
100
AcDbEntity
  8
cut
 62
5
420
255
100
AcDbPolyline
 90
4
 70
1
 10
306.00000367427447
 20
450.0000928943276
 42
1.0157787888818275
 10
306.7513189137894
 20
402.0118556641578
 10
543.1252354466046
 20
402.0118556641578
 42
0.9809821123639358
 10
542.5962532441049
 20
450.0000932519548
  0
CIRCLE
  5
234
330
17
100
AcDbEntity
  8
cut
 62
5
420
255
100
AcDbCircle
 10
542.400044980292
 20
426.0000817184567
 30
0.0
 40
4.4
  0
LWPOLYLINE
  5
235
330
17
100
AcDbEntity
  8
line engraving
 62
1
420
16711680
100
AcDbPolyline
 90
7
 70
0
 10
493.8055648004193
 20
420.07038243896613
 10
493.8055648004193
 20
431.92975743896613
 10
495.3749500323429
 20
431.92975743896613
 10
495.3749500323429
 20
421.4698857643413
 10
501.2156517717699
 20
421.4698857643413
 10
501.2156517717699
 20
420.07038243896613
 10
493.8055648004193
 20
420.07038243896613
  0
LWPOLYLINE
  5
236
330
17
100
AcDbEntity
  8
line engraving
 62
1
420
16711680
100
AcDbPolyline
 90
5
 70
0
 10
502.90638122265665
 20
430.25520721727446
 10
502.90638122265665
 20
431.92975743896613
 10
504.3625118502147
 20
431.92975743896613
 10
504.3625118502147
 20
430.25520721727446
 10
502.90638122265665
 20
430.25520721727446
  0
LWPOLYLINE
  5
237
330
17
100
AcDbEntity
  8
line engraving
 62
1
420
16711680
100
AcDbPolyline
 90
5
 70
0
 10
502.90638122265665
 20
420.07038243896613
 10
502.90638122265665
 20
428.6615531415582
 10
504.3625118502147
 20
428.6615531415582
 10
504.3625118502147
 20
420.07038243896613
 10
502.90638122265665
 20
420.07038243896613
  0
LWPOLYLINE
  5
238
330
17
100
AcDbEntity
  8
line engraving
 62
1
420
16711680
100
AcDbPolyline
 90
61
 70
0
 10
506.5790662499418
 20
420.07038243896613
 10
506.5790662499418
 20
428.6615531415582
 10
507.88958381474396
 20
428.6615531415582
 10
507.88958381474396
 20
427.44002133732903
 10
508.13935066544315
 20
427.7718219360564
 10
508.41540876358437
 20
428.0593824549535
 10
508.71775810916756
 20
428.3027028940203
 10
509.0463987021928
 20
428.5017832532567
 10
509.40133054266005
 20
428.6566235326628
 10
509.78255363056934
 20
428.7672237322386
 10
510.19006796592066
 20
428.83358385198414
 10
510.62387354871396
 20
428.8557038918993
 10
511.00433823525475
 20
428.8382606604233
 10
511.36912929351274
 20
428.7859309659955
 10
511.71824672348805
 20
428.6987148086157
 10
512.0516905251806
 20
428.576612188284
 10
512.3568206757817
 20
428.42619591686093
 10
512.6209971524827
 20
428.25403880620695
 10
512.8442199552837
 20
428.06014085632205
 10
513.0264890841846
 20
427.84450206720624
 10
513.1761469542392
 20
427.60737523931573
 10
513.3015359805012
 20
427.34901317310664
 10
513.4026561629705
 20
427.06941586857903
 10
513.4795075016472
 20
426.76858332573283
 10
513.5148995655114
 20
426.5284228923682
 10
513.5401796111287
 20
426.21242232215167
 10
513.5553476384991
 20
425.82058161508314
 10
513.5604036476226
 20
425.3529007711626
 10
513.5604036476226
 20
420.07038243896613
 10
512.1042730200646
 20
420.07038243896613
 10
512.1042730200646
 20
425.2962734689798
 10
512.0936554009054
 20
425.71314142120946
 10
512.0618025434275
 20
426.0738876721687
 10
512.0087144476311
 20
426.3785122218575
 10
511.93439111351614
 20
426.62701507027583
 10
511.8330181305907
 20
426.8363338479873
 10
511.6987810883627
 20
427.0234061855555
 10
511.53167998683216
 20
427.18823208298045
 10
511.3317148259991
 20
427.3308115402622
 10
511.10596401863637
 20
427.44583574782104
 10
510.8615059775168
 20
427.5279958960773
 10
510.5983407026404
 20
427.57729198503114
 10
510.31646819400726
 20
427.5937240146824
 10
510.0878733815126
 20
427.58449679803203
 10
509.8672417833874
 20
427.55681514808106
 10
509.65457339963166
 20
427.51067906482945
 10
509.44986823024533
 20
427.4460885482772
 10
509.2531262752285
 20
427.36304359842427
 10
509.06434753458115
 20
427.2615442152707
 10
508.8835320083032
 20
427.1415903988165
 10
508.7106796963947
 20
427.0031821490616
 10
508.5523634107162
 20
426.8389882527771
 10
508.4151559631282
 20
426.64167749673385
 10
508.29905735363064
 20
426.41124988093196
 10
508.2040675822235
 20
426.1477054053713
 10
508.1301866489069
 20
425.851044070052
 10
508.07741455368074
 20
425.521265874974
 10
508.045751296545
 20
425.1583708201373
 10
508.0351968774998
 20
424.7623589055419
 10
508.0351968774998
 20
420.07038243896613
 10
506.5790662499418
 20
420.07038243896613
  0
LWPOLYLINE
  5
239
330
17
100
AcDbEntity
  8
line engraving
 62
1
420
16711680
100
AcDbPolyline
 90
13
 70
0
 10
515.8012268911424
 20
420.07038243896613
 10
515.8012268911424
 20
431.92975743896613
 10
517.2573575187004
 20
431.92975743896613
 10
517.2573575187004
 20
425.1668396354191
 10
520.7035333372542
 20
428.6615531415582
 10
522.5884135384821
 20
428.6615531415582
 10
519.304030011879
 20
425.4742449901257
 10
522.9200877369814
 20
420.07038243896613
 10
521.1241932963266
 20
420.07038243896613
 10
518.2847385725885
 20
424.46304316543274
 10
517.2573575187004
 20
423.4761101845323
 10
517.2573575187004
 20
420.07038243896613
 10
515.8012268911424
 20
420.07038243896613
  0
LWPOLYLINE
  5
23A
330
17
100
AcDbEntity
  8
line engraving
 62
1
420
16711680
100
AcDbPolyline
 90
11
 70
0
 10
524.3438599061492
 20
420.07038243896613
 10
524.3438599061492
 20
431.92975743896613
 10
532.3444887431206
 20
431.92975743896613
 10
532.3444887431206
 20
430.53025411359096
 10
525.9132451380727
 20
430.53025411359096
 10
525.9132451380727
 20
426.85756908630583
 10
531.4788999811833
 20
426.85756908630583
 10
531.4788999811833
 20
425.45806576093065
 10
525.9132451380727
 20
425.45806576093065
 10
525.9132451380727
 20
420.07038243896613
 10
524.3438599061492
 20
420.07038243896613
  0
CIRCLE
  5
23B
330
17
100
AcDbEntity
  8
cut
 62
5
420
255
100
AcDbCircle
 10
306.0000036742749
 20
480.00013952030463
 30
0.0
 40
4.4
  0
LWPOLYLINE
  5
23C
330
17
100
AcDbEntity
  8
cut
 62
5
420
255
100
AcDbPolyline
 90
4
 70
1
 10
306.00000367427447
 20
504.00013952030497
 42
1.0157787888818275
 10
306.7513189137894
 20
456.01190229013514
 10
543.1252354466046
 20
456.01190229013514
 42
0.9809821123639358
 10
542.5962532441049
 20
504.00013987793216
  0
CIRCLE
  5
23D
330
17
100
AcDbEntity
  8
cut
 62
5
420
255
100
AcDbCircle
 10
542.400044980292
 20
480.0001283444341
 30
0.0
 40
4.4
  0
LWPOLYLINE
  5
23E
330
17
100
AcDbEntity
  8
line engraving
 62
1
420
16711680
100
AcDbPolyline
 90
7
 70
0
 10
493.8055648004193
 20
474.0704290649435
 10
493.8055648004193
 20
485.9298040649435
 10
495.3749500323429
 20
485.9298040649435
 10
495.3749500323429
 20
475.46993239031866
 10
501.2156517717699
 20
475.46993239031866
 10
501.2156517717699
 20
474.0704290649435
 10
493.8055648004193
 20
474.0704290649435
  0
LWPOLYLINE
  5
23F
330
17
100
AcDbEntity
  8
line engraving
 62
1
420
16711680
100
AcDbPolyline
 90
5
 70
0
 10
502.90638122265665
 20
484.2552538432518
 10
502.90638122265665
 20
485.9298040649435
 10
504.3625118502147
 20
485.9298040649435
 10
504.3625118502147
 20
484.2552538432518
 10
502.90638122265665
 20
484.2552538432518
  0
LWPOLYLINE
  5
240
330
17
100
AcDbEntity
  8
line engraving
 62
1
420
16711680
100
AcDbPolyline
 90
5
 70
0
 10
502.90638122265665
 20
474.0704290649435
 10
502.90638122265665
 20
482.66159976753556
 10
504.3625118502147
 20
482.66159976753556
 10
504.3625118502147
 20
474.0704290649435
 10
502.90638122265665
 20
474.0704290649435
  0
LWPOLYLINE
  5
241
330
17
100
AcDbEntity
  8
line engraving
 62
1
420
16711680
100
AcDbPolyline
 90
61
 70
0
 10
506.5790662499418
 20
474.0704290649435
 10
506.5790662499418
 20
482.66159976753556
 10
507.88958381474396
 20
482.66159976753556
 10
507.88958381474396
 20
481.4400679633064
 10
508.13935066544315
 20
481.7718685620338
 10
508.41540876358437
 20
482.05942908093084
 10
508.71775810916756
 20
482.30274951999763
 10
509.0463987021928
 20
482.50182987923404
 10
509.40133054266005
 20
482.65667015864017
 10
509.78255363056934
 20
482.76727035821597
 10
510.19006796592066
 20
482.8336304779615
 10
510.62387354871396
 20
482.85575051787663
 10
511.00433823525475
 20
482.83830728640066
 10
511.36912929351274
 20
482.7859775919728
 10
511.71824672348805
 20
482.69876143459305
 10
512.0516905251806
 20
482.57665881426135
 10
512.3568206757817
 20
482.4262425428383
 10
512.6209971524827
 20
482.2540854321843
 10
512.8442199552837
 20
482.0601874822994
 10
513.0264890841846
 20
481.8445486931836
 10
513.1761469542392
 20
481.6074218652931
 10
513.3015359805012
 20
481.349059799084
 10
513.4026561629705
 20
481.0694624945564
 10
513.4795075016472
 20
480.7686299517102
 10
513.5148995655114
 20
480.52846951834556
 10
513.5401796111287
 20
480.212468948129
 10
513.5553476384991
 20
479.8206282410605
 10
513.5604036476226
 20
479.3529473971399
 10
513.5604036476226
 20
474.0704290649435
 10
512.1042730200646
 20
474.0704290649435
 10
512.1042730200646
 20
479.29632009495714
 10
512.0936554009054
 20
479.7131880471868
 10
512.0618025434275
 20
480.07393429814607
 10
512.0087144476311
 20
480.3785588478348
 10
511.93439111351614
 20
480.6270616962532
 10
511.8330181305907
 20
480.83638047396465
 10
511.6987810883627
 20
481.0234528115328
 10
511.53167998683216
 20
481.1882787089578
 10
511.3317148259991
 20
481.3308581662395
 10
511.10596401863637
 20
481.4458823737984
 10
510.8615059775168
 20
481.52804252205465
 10
510.5983407026404
 20
481.5773386110085
 10
510.31646819400726
 20
481.5937706406597
 10
510.0878733815126
 20
481.5845434240094
 10
509.8672417833874
 20
481.5568617740584
 10
509.65457339963166
 20
481.5107256908068
 10
509.44986823024533
 20
481.44613517425455
 10
509.2531262752285
 20
481.3630902244016
 10
509.06434753458115
 20
481.26159084124805
 10
508.8835320083032
 20
481.14163702479385
 10
508.7106796963947
 20
481.00322877503896
 10
508.5523634107162
 20
480.83903487875443
 10
508.4151559631282
 20
480.6417241227112
 10
508.29905735363064
 20
480.4112965069093
 10
508.2040675822235
 20
480.14775203134866
 10
508.1301866489069
 20
479.85109069602936
 10
508.07741455368074
 20
479.52131250095135
 10
508.045751296545
 20
479.15841744611464
 10
508.0351968774998
 20
478.7624055315192
 10
508.0351968774998
 20
474.0704290649435
 10
506.5790662499418
 20
474.0704290649435
  0
LWPOLYLINE
  5
242
330
17
100
AcDbEntity
  8
line engraving
 62
1
420
16711680
100
AcDbPolyline
 90
13
 70
0
 10
515.8012268911424
 20
474.0704290649435
 10
515.8012268911424
 20
485.9298040649435
 10
517.2573575187004
 20
485.9298040649435
 10
517.2573575187004
 20
479.1668862613964
 10
520.7035333372542
 20
482.66159976753556
 10
522.5884135384821
 20
482.66159976753556
 10
519.304030011879
 20
479.4742916161031
 10
522.9200877369814
 20
474.0704290649435
 10
521.1241932963266
 20
474.0704290649435
 10
518.2847385725885
 20
478.4630897914101
 10
517.2573575187004
 20
477.4761568105096
 10
517.2573575187004
 20
474.0704290649435
 10
515.8012268911424
 20
474.0704290649435
  0
LWPOLYLINE
  5
243
330
17
100
AcDbEntity
  8
line engraving
 62
1
420
16711680
100
AcDbPolyline
 90
11
 70
0
 10
524.3438599061492
 20
474.0704290649435
 10
524.3438599061492
 20
485.9298040649435
 10
532.3444887431206
 20
485.9298040649435
 10
532.3444887431206
 20
484.5303007395683
 10
525.9132451380727
 20
484.5303007395683
 10
525.9132451380727
 20
480.8576157122832
 10
531.4788999811833
 20
480.8576157122832
 10
531.4788999811833
 20
479.458112386908
 10
525.9132451380727
 20
479.458112386908
 10
525.9132451380727
 20
474.0704290649435
 10
524.3438599061492
 20
474.0704290649435
  0
CIRCLE
  5
244
330
17
100
AcDbEntity
  8
cut
 62
5
420
255
100
AcDbCircle
 10
306.0000036742749
 20
534.000186146282
 30
0.0
 40
4.4
  0
LWPOLYLINE
  5
245
330
17
100
AcDbEntity
  8
cut
 62
5
420
255
100
AcDbPolyline
 90
4
 70
1
 10
306.00000367427447
 20
558.0001861462823
 42
1.0157787888818275
 10
306.7513189137894
 20
510.0119489161125
 10
543.1252354466046
 20
510.0119489161125
 42
0.9809821123639358
 10
542.5962532441049
 20
558.0001865039095
  0
CIRCLE
  5
246
330
17
100
AcDbEntity
  8
cut
 62
5
420
255
100
AcDbCircle
 10
542.400044980292
 20
534.0001749704114
 30
0.0
 40
4.4
  0
LWPOLYLINE
  5
247
330
17
100
AcDbEntity
  8
line engraving
 62
1
420
16711680
100
AcDbPolyline
 90
7
 70
0
 10
493.8055648004193
 20
528.0704756909208
 10
493.8055648004193
 20
539.9298506909208
 10
495.3749500323429
 20
539.9298506909208
 10
495.3749500323429
 20
529.469979016296
 10
501.2156517717699
 20
529.469979016296
 10
501.2156517717699
 20
528.0704756909208
 10
493.8055648004193
 20
528.0704756909208
  0
LWPOLYLINE
  5
248
330
17
100
AcDbEntity
  8
line engraving
 62
1
420
16711680
100
AcDbPolyline
 90
5
 70
0
 10
502.90638122265665
 20
538.2553004692292
 10
502.90638122265665
 20
539.9298506909208
 10
504.3625118502147
 20
539.9298506909208
 10
504.3625118502147
 20
538.2553004692292
 10
502.90638122265665
 20
538.2553004692292
  0
LWPOLYLINE
  5
249
330
17
100
AcDbEntity
  8
line engraving
 62
1
420
16711680
100
AcDbPolyline
 90
5
 70
0
 10
502.90638122265665
 20
528.0704756909208
 10
502.90638122265665
 20
536.6616463935129
 10
504.3625118502147
 20
536.6616463935129
 10
504.3625118502147
 20
528.0704756909208
 10
502.90638122265665
 20
528.0704756909208
  0
LWPOLYLINE
  5
24A
330
17
100
AcDbEntity
  8
line engraving
 62
1
420
16711680
100
AcDbPolyline
 90
61
 70
0
 10
506.5790662499418
 20
528.0704756909208
 10
506.5790662499418
 20
536.6616463935129
 10
507.88958381474396
 20
536.6616463935129
 10
507.88958381474396
 20
535.4401145892837
 10
508.13935066544315
 20
535.7719151880111
 10
508.41540876358437
 20
536.0594757069082
 10
508.71775810916756
 20
536.302796145975
 10
509.0463987021928
 20
536.5018765052114
 10
509.40133054266005
 20
536.6567167846176
 10
509.78255363056934
 20
536.7673169841934
 10
510.19006796592066
 20
536.8336771039388
 10
510.62387354871396
 20
536.855797143854
 10
511.00433823525475
 20
536.8383539123781
 10
511.36912929351274
 20
536.7860242179502
 10
511.71824672348805
 20
536.6988080605704
 10
512.0516905251806
 20
536.5767054402387
 10
512.3568206757817
 20
536.4262891688156
 10
512.6209971524827
 20
536.2541320581616
 10
512.8442199552837
 20
536.0602341082767
 10
513.0264890841846
 20
535.8445953191609
 10
513.1761469542392
 20
535.6074684912704
 10
513.3015359805012
 20
535.3491064250613
 10
513.4026561629705
 20
535.0695091205338
 10
513.4795075016472
 20
534.7686765776875
 10
513.5148995655114
 20
534.5285161443229
 10
513.5401796111287
 20
534.2125155741064
 10
513.5553476384991
 20
533.8206748670378
 10
513.5604036476226
 20
533.3529940231173
 10
513.5604036476226
 20
528.0704756909208
 10
512.1042730200646
 20
528.0704756909208
 10
512.1042730200646
 20
533.2963667209344
 10
512.0936554009054
 20
533.7132346731642
 10
512.0618025434275
 20
534.0739809241234
 10
512.0087144476311
 20
534.3786054738122
 10
511.93439111351614
 20
534.6271083222305
 10
511.8330181305907
 20
534.836427099942
 10
511.6987810883627
 20
535.0234994375102
 10
511.53167998683216
 20
535.1883253349351
 10
511.3317148259991
 20
535.3309047922169
 10
511.10596401863637
 20
535.4459289997757
 10
510.8615059775168
 20
535.528089148032
 10
510.5983407026404
 20
535.5773852369858
 10
510.31646819400726
 20
535.5938172666371
 10
510.0878733815126
 20
535.5845900499868
 10
509.8672417833874
 20
535.5569084000358
 10
509.65457339963166
 20
535.5107723167841
 10
509.44986823024533
 20
535.4461818002319
 10
509.2531262752285
 20
535.363136850379
 10
509.06434753458115
 20
535.2616374672255
 10
508.8835320083032
 20
535.1416836507713
 10
508.7106796963947
 20
535.0032754010164
 10
508.5523634107162
 20
534.8390815047318
 10
508.4151559631282
 20
534.6417707486886
 10
508.29905735363064
 20
534.4113431328866
 10
508.2040675822235
 20
534.147798657326
 10
508.1301866489069
 20
533.8511373220067
 10
508.07741455368074
 20
533.5213591269287
 10
508.045751296545
 20
533.158464072092
 10
508.0351968774998
 20
532.7624521574966
 10
508.0351968774998
 20
528.0704756909208
 10
506.5790662499418
 20
528.0704756909208
  0
LWPOLYLINE
  5
24B
330
17
100
AcDbEntity
  8
line engraving
 62
1
420
16711680
100
AcDbPolyline
 90
13
 70
0
 10
515.8012268911424
 20
528.0704756909208
 10
515.8012268911424
 20
539.9298506909208
 10
517.2573575187004
 20
539.9298506909208
 10
517.2573575187004
 20
533.1669328873737
 10
520.7035333372542
 20
536.6616463935129
 10
522.5884135384821
 20
536.6616463935129
 10
519.304030011879
 20
533.4743382420804
 10
522.9200877369814
 20
528.0704756909208
 10
521.1241932963266
 20
528.0704756909208
 10
518.2847385725885
 20
532.4631364173874
 10
517.2573575187004
 20
531.476203436487
 10
517.2573575187004
 20
528.0704756909208
 10
515.8012268911424
 20
528.0704756909208
  0
LWPOLYLINE
  5
24C
330
17
100
AcDbEntity
  8
line engraving
 62
1
420
16711680
100
AcDbPolyline
 90
11
 70
0
 10
524.3438599061492
 20
528.0704756909208
 10
524.3438599061492
 20
539.9298506909208
 10
532.3444887431206
 20
539.9298506909208
 10
532.3444887431206
 20
538.5303473655457
 10
525.9132451380727
 20
538.5303473655457
 10
525.9132451380727
 20
534.8576623382605
 10
531.4788999811833
 20
534.8576623382605
 10
531.4788999811833
 20
533.4581590128854
 10
525.9132451380727
 20
533.4581590128854
 10
525.9132451380727
 20
528.0704756909208
 10
524.3438599061492
 20
528.0704756909208
  0
CIRCLE
  5
24D
330
17
100
AcDbEntity
  8
cut
 62
5
420
255
100
AcDbCircle
 10
750.0003300561166
 20
932.4003123481075
 30
0.0
 40
4.4
  0
LWPOLYLINE
  5
24E
330
17
100
AcDbEntity
  8
cut
 62
5
420
255
100
AcDbPolyline
 90
4
 70
1
 10
750.0003300561161
 20
956.4003123481078
 42
1.0157787888818275
 10
750.7516452956311
 20
908.412075117938
 10
987.1255618284463
 20
908.412075117938
 42
0.9809821123639358
 10
986.5965796259466
 20
956.400312705735
  0
CIRCLE
  5
24F
330
17
100
AcDbEntity
  8
cut
 62
5
420
255
100
AcDbCircle
 10
986.4003713621337
 20
932.4003011722369
 30
0.0
 40
4.4
  0
LWPOLYLINE
  5
250
330
17
100
AcDbEntity
  8
line engraving
 62
1
420
16711680
100
AcDbPolyline
 90
7
 70
0
 10
937.8058911822609
 20
926.4706018927463
 10
937.8058911822609
 20
938.3299768927463
 10
939.3752764141846
 20
938.3299768927463
 10
939.3752764141846
 20
927.8701052181215
 10
945.2159781536116
 20
927.8701052181215
 10
945.2159781536116
 20
926.4706018927463
 10
937.8058911822609
 20
926.4706018927463
  0
LWPOLYLINE
  5
251
330
17
100
AcDbEntity
  8
line engraving
 62
1
420
16711680
100
AcDbPolyline
 90
5
 70
0
 10
946.9067076044984
 20
936.6554266710547
 10
946.9067076044984
 20
938.3299768927463
 10
948.3628382320563
 20
938.3299768927463
 10
948.3628382320563
 20
936.6554266710547
 10
946.9067076044984
 20
936.6554266710547
  0
LWPOLYLINE
  5
252
330
17
100
AcDbEntity
  8
line engraving
 62
1
420
16711680
100
AcDbPolyline
 90
5
 70
0
 10
946.9067076044984
 20
926.4706018927463
 10
946.9067076044984
 20
935.0617725953384
 10
948.3628382320563
 20
935.0617725953384
 10
948.3628382320563
 20
926.4706018927463
 10
946.9067076044984
 20
926.4706018927463
  0
LWPOLYLINE
  5
253
330
17
100
AcDbEntity
  8
line engraving
 62
1
420
16711680
100
AcDbPolyline
 90
61
 70
0
 10
950.5793926317834
 20
926.4706018927463
 10
950.5793926317834
 20
935.0617725953384
 10
951.8899101965857
 20
935.0617725953384
 10
951.8899101965857
 20
933.8402407911092
 10
952.1396770472849
 20
934.1720413898366
 10
952.4157351454261
 20
934.4596019087337
 10
952.7180844910092
 20
934.7029223478005
 10
953.0467250840345
 20
934.9020027070369
 10
953.4016569245017
 20
935.0568429864431
 10
953.782880012411
 20
935.1674431860189
 10
954.1903943477623
 20
935.2338033057644
 10
954.6241999305556
 20
935.2559233456795
 10
955.0046646170964
 20
935.2384801142036
 10
955.3694556753544
 20
935.1861504197757
 10
955.7185731053297
 20
935.0989342623959
 10
956.0520169070222
 20
934.9768316420642
 10
956.3571470576234
 20
934.8264153706411
 10
956.6213235343243
 20
934.6542582599872
 10
956.8445463371254
 20
934.4603603101023
 10
957.0268154660263
 20
934.2447215209864
 10
957.1764733360809
 20
934.0075946930959
 10
957.3018623623428
 20
933.7492326268869
 10
957.4029825448122
 20
933.4696353223593
 10
957.4798338834888
 20
933.168802779513
 10
957.5152259473531
 20
932.9286423461484
 10
957.5405059929703
 20
932.6126417759319
 10
957.5556740203408
 20
932.2208010688634
 10
957.5607300294643
 20
931.7531202249428
 10
957.5607300294643
 20
926.4706018927463
 10
956.1045994019063
 20
926.4706018927463
 10
956.1045994019063
 20
931.69649292276
 10
956.093981782747
 20
932.1133608749897
 10
956.0621289252692
 20
932.4741071259489
 10
956.0090408294728
 20
932.7787316756377
 10
955.9347174953579
 20
933.027234524056
 10
955.8333445124323
 20
933.2365533017675
 10
955.6991074702044
 20
933.4236256393357
 10
955.5320063686738
 20
933.5884515367607
 10
955.3320412078408
 20
933.7310309940424
 10
955.1062904004781
 20
933.8460552016012
 10
954.8618323593585
 20
933.9282153498575
 10
954.5986670844821
 20
933.9775114388113
 10
954.3167945758489
 20
933.9939434684626
 10
954.0881997633543
 20
933.9847162518123
 10
953.867568165229
 20
933.9570346018613
 10
953.6548997814733
 20
933.9108985186097
 10
953.450194612087
 20
933.8463080020574
 10
953.2534526570702
 20
933.7632630522045
 10
953.0646739164229
 20
933.661763669051
 10
952.883858390145
 20
933.5418098525968
 10
952.7110060782364
 20
933.4034016028419
 10
952.5526897925579
 20
933.2392077065573
 10
952.4154823449699
 20
933.0418969505141
 10
952.2993837354722
 20
932.8114693347121
 10
952.2043939640652
 20
932.5479248591515
 10
952.1305130307485
 20
932.2512635238322
 10
952.0777409355223
 20
931.9214853287542
 10
952.0460776783866
 20
931.5585902739175
 10
952.0355232593414
 20
931.1625783593221
 10
952.0355232593414
 20
926.4706018927463
 10
950.5793926317834
 20
926.4706018927463
  0
LWPOLYLINE
  5
254
330
17
100
AcDbEntity
  8
line engraving
 62
1
420
16711680
100
AcDbPolyline
 90
13
 70
0
 10
959.801553272984
 20
926.4706018927463
 10
959.801553272984
 20
938.3299768927463
 10
961.257683900542
 20
938.3299768927463
 10
961.257683900542
 20
931.5670590891992
 10
964.7038597190958
 20
935.0617725953384
 10
966.5887399203237
 20
935.0617725953384
 10
963.3043563937207
 20
931.8744644439059
 10
966.920414118823
 20
926.4706018927463
 10
965.1245196781682
 20
926.4706018927463
 10
962.2850649544301
 20
930.863262619213
 10
961.257683900542
 20
929.8763296383125
 10
961.257683900542
 20
926.4706018927463
 10
959.801553272984
 20
926.4706018927463
  0
LWPOLYLINE
  5
255
330
17
100
AcDbEntity
  8
line engraving
 62
1
420
16711680
100
AcDbPolyline
 90
11
 70
0
 10
968.3441862879909
 20
926.4706018927463
 10
968.3441862879909
 20
938.3299768927463
 10
976.3448151249622
 20
938.3299768927463
 10
976.3448151249622
 20
936.9304735673712
 10
969.9135715199144
 20
936.9304735673712
 10
969.9135715199144
 20
933.257788540086
 10
975.479226363025
 20
933.257788540086
 10
975.479226363025
 20
931.8582852147109
 10
969.9135715199144
 20
931.8582852147109
 10
969.9135715199144
 20
926.4706018927463
 10
968.3441862879909
 20
926.4706018927463
  0
CIRCLE
  5
256
330
17
100
AcDbEntity
  8
cut
 62
5
420
255
100
AcDbCircle
 10
750.0003300561166
 20
986.4003589740848
 30
0.0
 40
4.4
  0
LWPOLYLINE
  5
257
330
17
100
AcDbEntity
  8
cut
 62
5
420
255
100
AcDbPolyline
 90
4
 70
1
 10
750.0003300561161
 20
1010.4003589740852
 42
1.0157787888818275
 10
750.7516452956311
 20
962.4121217439153
 10
987.1255618284463
 20
962.4121217439153
 42
0.9809821123639358
 10
986.5965796259466
 20
1010.4003593317124
  0
CIRCLE
  5
258
330
17
100
AcDbEntity
  8
cut
 62
5
420
255
100
AcDbCircle
 10
986.4003713621337
 20
986.4003477982143
 30
0.0
 40
4.4
  0
LWPOLYLINE
  5
259
330
17
100
AcDbEntity
  8
line engraving
 62
1
420
16711680
100
AcDbPolyline
 90
7
 70
0
 10
937.8058911822609
 20
980.4706485187237
 10
937.8058911822609
 20
992.3300235187237
 10
939.3752764141846
 20
992.3300235187237
 10
939.3752764141846
 20
981.8701518440988
 10
945.2159781536116
 20
981.8701518440988
 10
945.2159781536116
 20
980.4706485187237
 10
937.8058911822609
 20
980.4706485187237
  0
LWPOLYLINE
  5
25A
330
17
100
AcDbEntity
  8
line engraving
 62
1
420
16711680
100
AcDbPolyline
 90
5
 70
0
 10
946.9067076044984
 20
990.655473297032
 10
946.9067076044984
 20
992.3300235187237
 10
948.3628382320563
 20
992.3300235187237
 10
948.3628382320563
 20
990.655473297032
 10
946.9067076044984
 20
990.655473297032
  0
LWPOLYLINE
  5
25B
330
17
100
AcDbEntity
  8
line engraving
 62
1
420
16711680
100
AcDbPolyline
 90
5
 70
0
 10
946.9067076044984
 20
980.4706485187237
 10
946.9067076044984
 20
989.0618192213158
 10
948.3628382320563
 20
989.0618192213158
 10
948.3628382320563
 20
980.4706485187237
 10
946.9067076044984
 20
980.4706485187237
  0
LWPOLYLINE
  5
25C
330
17
100
AcDbEntity
  8
line engraving
 62
1
420
16711680
100
AcDbPolyline
 90
61
 70
0
 10
950.5793926317834
 20
980.4706485187237
 10
950.5793926317834
 20
989.0618192213158
 10
951.8899101965857
 20
989.0618192213158
 10
951.8899101965857
 20
987.8402874170865
 10
952.1396770472849
 20
988.172088015814
 10
952.4157351454261
 20
988.459648534711
 10
952.7180844910092
 20
988.7029689737778
 10
953.0467250840345
 20
988.9020493330142
 10
953.4016569245017
 20
989.0568896124205
 10
953.782880012411
 20
989.1674898119962
 10
954.1903943477623
 20
989.2338499317417
 10
954.6241999305556
 20
989.2559699716569
 10
955.0046646170964
 20
989.238526740181
 10
955.3694556753544
 20
989.186197045753
 10
955.7185731053297
 20
989.0989808883733
 10
956.0520169070222
 20
988.9768782680416
 10
956.3571470576234
 20
988.8264619966185
 10
956.6213235343243
 20
988.6543048859645
 10
956.8445463371254
 20
988.4604069360796
 10
957.0268154660263
 20
988.2447681469638
 10
957.1764733360809
 20
988.0076413190733
 10
957.3018623623428
 20
987.7492792528642
 10
957.4029825448122
 20
987.4696819483366
 10
957.4798338834888
 20
987.1688494054904
 10
957.5152259473531
 20
986.9286889721258
 10
957.5405059929703
 20
986.6126884019093
 10
957.5556740203408
 20
986.2208476948407
 10
957.5607300294643
 20
985.7531668509201
 10
957.5607300294643
 20
980.4706485187237
 10
956.1045994019063
 20
980.4706485187237
 10
956.1045994019063
 20
985.6965395487373
 10
956.093981782747
 20
986.113407500967
 10
956.0621289252692
 20
986.4741537519262
 10
956.0090408294728
 20
986.778778301615
 10
955.9347174953579
 20
987.0272811500333
 10
955.8333445124323
 20
987.2365999277448
 10
955.6991074702044
 20
987.423672265313
 10
955.5320063686738
 20
987.588498162738
 10
955.3320412078408
 20
987.7310776200197
 10
955.1062904004781
 20
987.8461018275785
 10
954.8618323593585
 20
987.9282619758349
 10
954.5986670844821
 20
987.9775580647887
 10
954.3167945758489
 20
987.9939900944399
 10
954.0881997633543
 20
987.9847628777896
 10
953.867568165229
 20
987.9570812278387
 10
953.6548997814733
 20
987.910945144587
 10
953.450194612087
 20
987.8463546280348
 10
953.2534526570702
 20
987.7633096781818
 10
953.0646739164229
 20
987.6618102950283
 10
952.883858390145
 20
987.5418564785741
 10
952.7110060782364
 20
987.4034482288192
 10
952.5526897925579
 20
987.2392543325346
 10
952.4154823449699
 20
987.0419435764915
 10
952.2993837354722
 20
986.8115159606895
 10
952.2043939640652
 20
986.5479714851289
 10
952.1305130307485
 20
986.2513101498096
 10
952.0777409355223
 20
985.9215319547316
 10
952.0460776783866
 20
985.5586368998949
 10
952.0355232593414
 20
985.1626249852994
 10
952.0355232593414
 20
980.4706485187237
 10
950.5793926317834
 20
980.4706485187237
  0
LWPOLYLINE
  5
25D
330
17
100
AcDbEntity
  8
line engraving
 62
1
420
16711680
100
AcDbPolyline
 90
13
 70
0
 10
959.801553272984
 20
980.4706485187237
 10
959.801553272984
 20
992.3300235187237
 10
961.257683900542
 20
992.3300235187237
 10
961.257683900542
 20
985.5671057151766
 10
964.7038597190958
 20
989.0618192213158
 10
966.5887399203237
 20
989.0618192213158
 10
963.3043563937207
 20
985.8745110698833
 10
966.920414118823
 20
980.4706485187237
 10
965.1245196781682
 20
980.4706485187237
 10
962.2850649544301
 20
984.8633092451903
 10
961.257683900542
 20
983.8763762642899
 10
961.257683900542
 20
980.4706485187237
 10
959.801553272984
 20
980.4706485187237
  0
LWPOLYLINE
  5
25E
330
17
100
AcDbEntity
  8
line engraving
 62
1
420
16711680
100
AcDbPolyline
 90
11
 70
0
 10
968.3441862879909
 20
980.4706485187237
 10
968.3441862879909
 20
992.3300235187237
 10
976.3448151249622
 20
992.3300235187237
 10
976.3448151249622
 20
990.9305201933486
 10
969.9135715199144
 20
990.9305201933486
 10
969.9135715199144
 20
987.2578351660634
 10
975.479226363025
 20
987.2578351660634
 10
975.479226363025
 20
985.8583318406883
 10
969.9135715199144
 20
985.8583318406883
 10
969.9135715199144
 20
980.4706485187237
 10
968.3441862879909
 20
980.4706485187237
  0
CIRCLE
  5
25F
330
17
100
AcDbEntity
  8
cut
 62
5
420
255
100
AcDbCircle
 10
750.0003300561166
 20
1040.4004056000622
 30
0.0
 40
4.4
  0
LWPOLYLINE
  5
260
330
17
100
AcDbEntity
  8
cut
 62
5
420
255
100
AcDbPolyline
 90
4
 70
1
 10
750.0003300561161
 20
1064.4004056000626
 42
1.0157787888818275
 10
750.7516452956311
 20
1016.4121683698927
 10
987.1255618284463
 20
1016.4121683698927
 42
0.9809821123639358
 10
986.5965796259466
 20
1064.4004059576896
  0
CIRCLE
  5
261
330
17
100
AcDbEntity
  8
cut
 62
5
420
255
100
AcDbCircle
 10
986.4003713621337
 20
1040.4003944241917
 30
0.0
 40
4.4
  0
LWPOLYLINE
  5
262
330
17
100
AcDbEntity
  8
line engraving
 62
1
420
16711680
100
AcDbPolyline
 90
7
 70
0
 10
937.8058911822609
 20
1034.470695144701
 10
937.8058911822609
 20
1046.330070144701
 10
939.3752764141846
 20
1046.330070144701
 10
939.3752764141846
 20
1035.8701984700763
 10
945.2159781536116
 20
1035.8701984700763
 10
945.2159781536116
 20
1034.470695144701
 10
937.8058911822609
 20
1034.470695144701
  0
LWPOLYLINE
  5
263
330
17
100
AcDbEntity
  8
line engraving
 62
1
420
16711680
100
AcDbPolyline
 90
5
 70
0
 10
946.9067076044984
 20
1044.6555199230093
 10
946.9067076044984
 20
1046.330070144701
 10
948.3628382320563
 20
1046.330070144701
 10
948.3628382320563
 20
1044.6555199230093
 10
946.9067076044984
 20
1044.6555199230093
  0
LWPOLYLINE
  5
264
330
17
100
AcDbEntity
  8
line engraving
 62
1
420
16711680
100
AcDbPolyline
 90
5
 70
0
 10
946.9067076044984
 20
1034.470695144701
 10
946.9067076044984
 20
1043.0618658472931
 10
948.3628382320563
 20
1043.0618658472931
 10
948.3628382320563
 20
1034.470695144701
 10
946.9067076044984
 20
1034.470695144701
  0
LWPOLYLINE
  5
265
330
17
100
AcDbEntity
  8
line engraving
 62
1
420
16711680
100
AcDbPolyline
 90
61
 70
0
 10
950.5793926317834
 20
1034.470695144701
 10
950.5793926317834
 20
1043.0618658472931
 10
951.8899101965857
 20
1043.0618658472931
 10
951.8899101965857
 20
1041.8403340430639
 10
952.1396770472849
 20
1042.1721346417912
 10
952.4157351454261
 20
1042.4596951606884
 10
952.7180844910092
 20
1042.7030155997552
 10
953.0467250840345
 20
1042.9020959589916
 10
953.4016569245017
 20
1043.0569362383978
 10
953.782880012411
 20
1043.1675364379737
 10
954.1903943477623
 20
1043.2338965577192
 10
954.6241999305556
 20
1043.2560165976342
 10
955.0046646170964
 20
1043.2385733661583
 10
955.3694556753544
 20
1043.1862436717304
 10
955.7185731053297
 20
1043.0990275143506
 10
956.0520169070222
 20
1042.976924894019
 10
956.3571470576234
 20
1042.8265086225958
 10
956.6213235343243
 20
1042.654351511942
 10
956.8445463371254
 20
1042.460453562057
 10
957.0268154660263
 20
1042.2448147729413
 10
957.1764733360809
 20
1042.0076879450507
 10
957.3018623623428
 20
1041.7493258788415
 10
957.4029825448122
 20
1041.4697285743139
 10
957.4798338834888
 20
1041.1688960314677
 10
957.5152259473531
 20
1040.9287355981032
 10
957.5405059929703
 20
1040.6127350278866
 10
957.5556740203408
 20
1040.2208943208182
 10
957.5607300294643
 20
1039.7532134768976
 10
957.5607300294643
 20
1034.470695144701
 10
956.1045994019063
 20
1034.470695144701
 10
956.1045994019063
 20
1039.6965861747146
 10
956.093981782747
 20
1040.1134541269444
 10
956.0621289252692
 20
1040.4742003779036
 10
956.0090408294728
 20
1040.7788249275925
 10
955.9347174953579
 20
1041.0273277760107
 10
955.8333445124323
 20
1041.2366465537223
 10
955.6991074702044
 20
1041.4237188912905
 10
955.5320063686738
 20
1041.5885447887154
 10
955.3320412078408
 20
1041.731124245997
 10
955.1062904004781
 20
1041.8461484535558
 10
954.8618323593585
 20
1041.9283086018122
 10
954.5986670844821
 20
1041.977604690766
 10
954.3167945758489
 20
1041.9940367204172
 10
954.0881997633543
 20
1041.9848095037669
 10
953.867568165229
 20
1041.9571278538158
 10
953.6548997814733
 20
1041.9109917705644
 10
953.450194612087
 20
1041.846401254012
 10
953.2534526570702
 20
1041.763356304159
 10
953.0646739164229
 20
1041.6618569210054
 10
952.883858390145
 20
1041.5419031045512
 10
952.7110060782364
 20
1041.4034948547965
 10
952.5526897925579
 20
1041.2393009585119
 10
952.4154823449699
 20
1041.0419902024687
 10
952.2993837354722
 20
1040.8115625866667
 10
952.2043939640652
 20
1040.548018111106
 10
952.1305130307485
 20
1040.251356775787
 10
952.0777409355223
 20
1039.921578580709
 10
952.0460776783866
 20
1039.558683525872
 10
952.0355232593414
 20
1039.1626716112767
 10
952.0355232593414
 20
1034.470695144701
 10
950.5793926317834
 20
1034.470695144701
  0
LWPOLYLINE
  5
266
330
17
100
AcDbEntity
  8
line engraving
 62
1
420
16711680
100
AcDbPolyline
 90
13
 70
0
 10
959.801553272984
 20
1034.470695144701
 10
959.801553272984
 20
1046.330070144701
 10
961.257683900542
 20
1046.330070144701
 10
961.257683900542
 20
1039.567152341154
 10
964.7038597190958
 20
1043.0618658472931
 10
966.5887399203237
 20
1043.0618658472931
 10
963.3043563937207
 20
1039.8745576958606
 10
966.920414118823
 20
1034.470695144701
 10
965.1245196781682
 20
1034.470695144701
 10
962.2850649544301
 20
1038.8633558711676
 10
961.257683900542
 20
1037.8764228902671
 10
961.257683900542
 20
1034.470695144701
 10
959.801553272984
 20
1034.470695144701
  0
LWPOLYLINE
  5
267
330
17
100
AcDbEntity
  8
line engraving
 62
1
420
16711680
100
AcDbPolyline
 90
11
 70
0
 10
968.3441862879909
 20
1034.470695144701
 10
968.3441862879909
 20
1046.330070144701
 10
976.3448151249622
 20
1046.330070144701
 10
976.3448151249622
 20
1044.9305668193258
 10
969.9135715199144
 20
1044.9305668193258
 10
969.9135715199144
 20
1041.2578817920407
 10
975.479226363025
 20
1041.2578817920407
 10
975.479226363025
 20
1039.8583784666655
 10
969.9135715199144
 20
1039.8583784666655
 10
969.9135715199144
 20
1034.470695144701
 10
968.3441862879909
 20
1034.470695144701
  0
CIRCLE
  5
268
330
17
100
AcDbEntity
  8
cut
 62
5
420
255
100
AcDbCircle
 10
1040.4003593317125
 20
1140.5580658997417
 30
0.0
 40
3.9
  0
CIRCLE
  5
269
330
17
100
AcDbEntity
  8
cut
 62
5
420
255
100
AcDbCircle
 10
1040.4003593317125
 20
924.6000658997416
 30
0.0
 40
10.9
  0
LWPOLYLINE
  5
26A
330
17
100
AcDbEntity
  8
cut
 62
5
420
255
100
AcDbPolyline
 90
4
 70
1
 10
1016.4003593317125
 20
924.6000658997416
 42
0.9999999999999999
 10
1064.4003593317125
 20
924.6000658997416
 10
1064.400353004162
 20
1140.5754935324162
 42
0.9992741120950986
 10
1016.4003656592629
 20
1140.5754935324162
  0
LWPOLYLINE
  5
26B
330
17
100
AcDbEntity
  8
line engraving
 62
1
420
16711680
100
AcDbPolyline
 90
159
 70
0
 10
1043.765639004291
 20
941.867703689646
 10
1043.5391297955596
 20
943.3076550880089
 10
1043.946644130911
 20
943.395376846301
 10
1044.3035983750276
 20
943.5371979022142
 10
1044.6099925279095
 20
943.7331182557485
 10
1044.865826589557
 20
943.9831379069038
 10
1045.0675613535832
 20
944.2877624565926
 10
1045.211657613602
 20
944.6474975057272
 10
1045.2981153696132
 20
945.0623430543075
 10
1045.326934621617
 20
945.5322991023336
 10
1045.3205514100987
 20
945.7749875402599
 10
1045.3014017755436
 20
946.0014967489911
 10
1045.2694857179517
 20
946.2118267285273
 10
1045.2248032373232
 20
946.4059774788684
 10
1045.1673543336576
 20
946.5839490000144
 10
1045.0971390069556
 20
946.7457412919653
 10
1045.0141572572165
 20
946.891354354721
 10
1044.918409084441
 20
947.0207881882817
 10
1044.7052982998869
 20
947.2331405714673
 10
1044.4744914834007
 20
947.3848208451712
 10
1044.2259886349825
 20
947.4758290093936
 10
1043.959789754632
 20
947.5061650641344
 10
1043.726202133128
 20
947.47936821578
 10
1043.5189057590658
 20
947.3989776707169
 10
1043.3379006324458
 20
947.2649934289451
 10
1043.1831867532678
 20
947.0774154904645
 10
1043.1330058627175
 20
946.9886825303478
 10
1043.0795385662368
 20
946.8721415200519
 10
1043.0227848638258
 20
946.7277924595769
 10
1042.9627447554847
 20
946.5556353489229
 10
1042.8994182412132
 20
946.3556701880899
 10
1042.8328053210116
 20
946.1278969770779
 10
1042.7629059948797
 20
945.8723157158867
 10
1042.6897202628174
 20
945.5889264045164
 10
1042.5903064834274
 20
945.2038481096505
 10
1042.4943055101955
 20
944.8494850702097
 10
1042.401717343122
 20
944.5258372861938
 10
1042.312541982207
 20
944.232904757603
 10
1042.2267794274503
 20
943.9706874844373
 10
1042.1444296788518
 20
943.7391854666967
 10
1042.0654927364117
 20
943.538398704381
 10
1041.98996860013
 20
943.3683271974904
 10
1041.828176308179
 20
943.0776066728912
 10
1041.6380703651369
 20
942.8243006158057
 10
1041.419650771003
 20
942.6084090262336
 10
1041.172917525778
 20
942.4299319041753
 10
1040.9052018426905
 20
942.2901332519115
 10
1040.6238349349696
 20
942.1902770717231
 10
1040.3288168026154
 20
942.1303633636101
 10
1040.0201474456278
 20
942.1103921275724
 10
1039.7382749369947
 20
942.1268241572236
 10
1039.4670200475207
 20
942.1761202461774
 10
1039.206382777206
 20
942.2582803944338
 10
1038.9563631260507
 20
942.3733046019926
 10
1038.7220171031781
 20
942.5166424606427
 10
1038.5084007177118
 20
942.6837435621733
 10
1038.3155139696514
 20
942.8746079065841
 10
1038.1433568589975
 20
943.0892354938752
 10
1038.0227710414028
 20
943.2745382282502
 10
1037.9117916411428
 20
943.4906826182784
 10
1037.8104186582175
 20
943.7376686639595
 10
1037.7186520926266
 20
944.015496365294
 10
1037.6425591553184
 20
944.3140537040347
 10
1037.588207057241
 20
944.6232286619345
 10
1037.5555957983947
 20
944.9430212389938
 10
1037.5447253787793
 20
945.2734314352122
 10
1037.5629270116237
 20
945.7636115197322
 10
1037.6175319101571
 20
946.222949948599
 10
1037.7085400743797
 20
946.6514467218126
 10
1037.835951504291
 20
947.0491018393732
 10
1037.9944573903115
 20
947.4063088839459
 10
1038.1787489228618
 20
947.7134614381964
 10
1038.3888261019417
 20
947.9705595021246
 10
1038.6246889275515
 20
948.1776030757305
 10
1038.8944270142883
 20
948.3454625786296
 10
1039.20612997675
 20
948.4850084304372
 10
1039.5597978149365
 20
948.5962406311535
 10
1039.9554305288475
 20
948.6791591807784
 10
1040.1495812791886
 20
947.2553870116105
 10
1039.8361087135338
 20
947.1838444825135
 10
1039.559039413568
 20
947.066292270393
 10
1039.318373379291
 20
946.9027303752488
 10
1039.114110610703
 20
946.6931587970812
 10
1038.9513071169274
 20
946.4365663340653
 10
1038.8350189070875
 20
946.1319417843765
 10
1038.7652459811839
 20
945.7792851480149
 10
1038.7419883392158
 20
945.3785964249803
 10
1038.7471707485674
 20
945.1367927886506
 10
1038.762717976622
 20
944.9129379847092
 10
1038.7886300233797
 20
944.707032013156
 10
1038.8249068888406
 20
944.5190748739911
 10
1038.8715485730047
 20
944.3490665672147
 10
1038.9285550758716
 20
944.1970070928264
 10
1038.9959263974417
 20
944.0628964508265
 10
1039.073662537715
 20
943.9467346412149
 10
1039.2465780497378
 20
943.7591567027343
 10
1039.433650387306
 20
943.6251724609625
 10
1039.6348795504198
 20
943.5447819158994
 10
1039.8502655390794
 20
943.517985067545
 10
1039.98829458815
 20
943.5291082876167
 10
1040.1192452244477
 20
943.5624779478316
 10
1040.2431174479727
 20
943.6180940481897
 10
1040.3599112587247
 20
943.695956588691
 10
1040.4721546612657
 20
943.7975823720727
 10
1040.5742860455598
 20
943.9244882010717
 10
1040.6663054116068
 20
944.076674075688
 10
1040.748212759407
 20
944.2541399959216
 10
1040.771723201831
 20
944.3220169184041
 10
1040.8018064561156
 20
944.4164378887848
 10
1040.8384625222607
 20
944.5374029070638
 10
1040.8816914002664
 20
944.6849119732408
 10
1040.9314930901326
 20
944.8589650873162
 10
1040.9878675918592
 20
945.0595622492896
 10
1041.0508149054463
 20
945.2867034591612
 10
1041.120335030894
 20
945.5403887169311
 10
1041.221139212793
 20
945.9120685876198
 10
1041.317266586253
 20
946.2545500056206
 10
1041.4087171512735
 20
946.5678329709333
 10
1041.4954909078551
 20
946.851917483558
 10
1041.5775878559973
 20
947.1068035434947
 10
1041.6550079957003
 20
947.3324911507434
 10
1041.7277513269642
 20
947.5289803053041
 10
1041.7958178497888
 20
947.6962710071767
 10
1041.942189313913
 20
947.9852219285827
 10
1042.118391231866
 20
948.2413087906863
 10
1042.3244236036471
 20
948.4645315934872
 10
1042.5602864292568
 20
948.6548903369857
 10
1042.8262325091512
 20
948.807076211602
 10
1043.1225146437862
 20
948.9157804077565
 10
1043.449132833162
 20
948.9810029254492
 10
1043.8060870772786
 20
949.0027437646801
 10
1044.1648109245884
 20
948.9761997167819
 10
1044.5129171527392
 20
948.8965675730873
 10
1044.8504057617304
 20
948.7638473335963
 10
1045.1772767515624
 20
948.578038998309
 10
1045.4806372989704
 20
948.3421761726994
 10
1045.7475945806893
 20
948.0592924622415
 10
1045.9781485967192
 20
947.7293878669354
 10
1046.1722993470603
 20
947.3524623867811
 10
1046.32625482487
 20
946.9388808404816
 10
1046.4362230233053
 20
946.4990080467401
 10
1046.5022039423666
 20
946.0328440055566
 10
1046.5241975820536
 20
945.5403887169311
 10
1046.5133271624381
 20
945.1342015839748
 10
1046.4807159035918
 20
944.7529152959514
 10
1046.4263638055145
 20
944.3965298528611
 10
1046.3502708682063
 20
944.065045254704
 10
1046.2524370916674
 20
943.7584615014798
 10
1046.1328624758974
 20
943.4767785931888
 10
1045.9915470208966
 20
943.2199965298308
 10
1045.8284907266648
 20
942.9881153114059
 10
1045.6440727938864
 20
942.7786069333523
 10
1045.4386724232456
 20
942.5889433911083
 10
1045.2122896147425
 20
942.4191246846739
 10
1044.9649243683768
 20
942.2691508140491
 10
1044.696576684149
 20
942.139021779234
 10
1044.4072465620586
 20
942.0287375802284
 10
1044.096934002106
 20
941.9382982170324
 10
1043.765639004291
 20
941.867703689646
  0
LWPOLYLINE
  5
26C
330
17
100
AcDbEntity
  8
line engraving
 62
1
420
16711680
100
AcDbPolyline
 90
50
 70
0
 10
1049.622519972913
 20
950.7339212885546
 10
1037.7388761291204
 20
950.7339212885546
 10
1037.7388761291204
 20
952.0606180825519
 10
1038.8552429435815
 20
952.0606180825519
 10
1038.548090389331
 20
952.3028009195658
 10
1038.2818915089806
 20
952.5601517839502
 10
1038.0566463025302
 20
952.832670675705
 10
1037.87235476998
 20
953.1203575948301
 10
1037.7290169113296
 20
953.4313021559233
 10
1037.6266327265794
 20
953.7735939735819
 10
1037.5652022157294
 20
954.1472330478059
 10
1037.5447253787793
 20
954.5522193785955
 10
1037.5801174426435
 20
955.0861339420335
 10
1037.6862936342363
 20
955.5876900470812
 10
1037.8632539535577
 20
956.0568876937388
 10
1038.1109984006075
 20
956.4937268820062
 10
1038.4232069639816
 20
956.8886011945488
 10
1038.7935596322752
 20
957.231904214032
 10
1039.222056405489
 20
957.523635940456
 10
1039.7086972836225
 20
957.7637963738206
 10
1040.2367974365684
 20
957.9513743123011
 10
1040.7896720342194
 20
958.085358554073
 10
1041.3673210765753
 20
958.1657490991361
 10
1041.9697445636361
 20
958.1925459474904
 10
1042.6126161236848
 20
958.1629682941182
 10
1043.2226236244308
 20
958.0742353340013
 10
1043.7997670658742
 20
957.92634706714
 10
1044.3440464480154
 20
957.7193034935341
 10
1044.600259710347
 20
957.5942936679564
 10
1044.841052144852
 20
957.4558854182015
 10
1045.0664237515305
 20
957.3040787442695
 10
1045.2763745303823
 20
957.1388736461603
 10
1045.4709044814076
 20
956.9602701238739
 10
1045.6500136046066
 20
956.7682681774103
 10
1045.8137018999787
 20
956.5628678067695
 10
1045.9619693675243
 20
956.3440690119515
 10
1046.207944211381
 20
955.8872585876464
 10
1046.3836405284212
 20
955.4188193423574
 10
1046.4890583186454
 20
954.9387512760844
 10
1046.5241975820536
 20
954.4470543888275
 10
1046.5049847473845
 20
954.0923753488164
 10
1046.4473462433768
 20
953.7564035425621
 10
1046.351282070031
 20
953.4391389700647
 10
1046.2167922273468
 20
953.140581631324
 10
1046.0529775317466
 20
952.8642707327266
 10
1045.8689387996524
 20
952.613745480659
 10
1045.6646760310643
 20
952.3890058751209
 10
1045.4401892259825
 20
952.1900519161126
 10
1049.622519972913
 20
952.1900519161126
 10
1049.622519972913
 20
950.7339212885546
  0
LWPOLYLINE
  5
26D
330
17
100
AcDbEntity
  8
line engraving
 62
1
420
16711680
100
AcDbPolyline
 90
65
 70
0
 10
1042.0829991680016
 20
952.0525284679543
 10
1042.4840670917206
 20
952.0630196868855
 10
1042.8580853666288
 20
952.094493343679
 10
1043.2050539927266
 20
952.146949438335
 10
1043.524972970014
 20
952.2203879708534
 10
1043.8178422984906
 20
952.3148089412341
 10
1044.083661978157
 20
952.4302123494772
 10
1044.3224320090126
 20
952.5665981955826
 10
1044.5341523910577
 20
952.7239664795505
 10
1044.719960726345
 20
952.8962499904326
 10
1044.8809946169274
 20
953.0773815172807
 10
1045.0172540628048
 20
953.2673610600949
 10
1045.1287390639773
 20
953.4661886188752
 10
1045.2154496204446
 20
953.6738641936215
 10
1045.277385732207
 20
953.8903877843339
 10
1045.3145473992645
 20
954.1157593910124
 10
1045.326934621617
 20
954.3499790136569
 10
1045.3141049984663
 20
954.5883066437143
 10
1045.275616129014
 20
954.8179126580336
 10
1045.21146801326
 20
955.038797056615
 10
1045.1216606512044
 20
955.2509598394583
 10
1045.0061940428473
 20
955.4544010065638
 10
1044.8650681881886
 20
955.6491205579313
 10
1044.6982830872282
 20
955.8351184935608
 10
1044.5058387399663
 20
956.0123948134523
 10
1044.2864711441218
 20
956.1745031059734
 10
1044.0389162974143
 20
956.3149969594916
 10
1043.7631741998432
 20
956.4338763740071
 10
1043.459244851409
 20
956.5311413495198
 10
1043.1271282521113
 20
956.6067918860297
 10
1042.7668244019503
 20
956.6608279835367
 10
1042.3783333009262
 20
956.6932496420409
 10
1041.9616549490386
 20
956.7040568615423
 10
1041.563999831478
 20
956.6935024424971
 10
1041.1921303604472
 20
956.6618391853614
 10
1040.846046535946
 20
956.6090670901352
 10
1040.5257483579744
 20
956.5351861568186
 10
1040.2312358265326
 20
956.4401963854115
 10
1039.9625089416204
 20
956.324097775914
 10
1039.7195677032378
 20
956.186890328326
 10
1039.502412111385
 20
956.0285740426474
 10
1039.3109157658337
 20
955.8555953305108
 10
1039.144952266356
 20
955.6744006035486
 10
1039.0045216129517
 20
955.4849898617608
 10
1038.889623805621
 20
955.2873631051474
 10
1038.8002588443637
 20
955.0815203337083
 10
1038.73642672918
 20
954.8674615474436
 10
1038.6981274600698
 20
954.6451867463533
 10
1038.685361037033
 20
954.4146959304372
 10
1038.6989490615524
 20
954.1854691168021
 10
1038.7397131351104
 20
953.9629415152556
 10
1038.807653257707
 20
953.7471131257977
 10
1038.902769429342
 20
953.5379839484284
 10
1039.025061650016
 20
953.3355539831476
 10
1039.1745299197282
 20
953.1398232299555
 10
1039.3511742384794
 20
952.950791688852
 10
1039.554994606269
 20
952.768459359837
 10
1039.7847270208165
 20
952.600663057052
 10
1040.0391074798408
 20
952.4552395946383
 10
1040.318135983342
 20
952.332188972596
 10
1040.6218125313203
 20
952.231511190925
 10
1040.9501371237752
 20
952.1532062496253
 10
1041.3031097607072
 20
952.097274148697
 10
1041.6807304421159
 20
952.06371488814
 10
1042.0829991680016
 20
952.0525284679543
  0
LWPOLYLINE
  5
26E
330
17
100
AcDbEntity
  8
line engraving
 62
1
420
16711680
100
AcDbPolyline
 90
128
 70
0
 10
1045.270307319434
 20
965.5540952312558
 10
1045.5888358942125
 20
965.1534065082212
 10
1045.8568043777561
 20
964.7603017988718
 10
1046.074212770065
 20
964.3747811032075
 10
1046.2410610711395
 20
963.9968444212285
 10
1046.3649332946643
 20
963.6158741337754
 10
1046.453413454325
 20
963.221252621689
 10
1046.5065015501214
 20
962.8129798849692
 10
1046.5241975820536
 20
962.391055923616
 10
1046.5133903625522
 20
962.0473737034484
 10
1046.4809687040479
 20
961.724168320231
 10
1046.426932606541
 20
961.4214397739635
 10
1046.3512820700312
 20
961.1391880646461
 10
1046.2540170945183
 20
960.8774131922786
 10
1046.1351376800028
 20
960.6361151568613
 10
1045.9946438264847
 20
960.4152939583938
 10
1045.8325355339634
 20
960.2149495968765
 10
1045.6536160111068
 20
960.0367252752744
 10
1045.462688466582
 20
959.8822641965526
 10
1045.259752900389
 20
959.751566360711
 10
1045.0448093125276
 20
959.6446317677496
 10
1044.817857702998
 20
959.5614604176686
 10
1044.5788980718003
 20
959.502052310468
 10
1044.3279304189343
 20
959.4664074461475
 10
1044.0649547444
 20
959.4545258247074
 10
1043.7562853874124
 20
959.4724746570957
 10
1043.4612672550584
 20
959.5263211542606
 10
1043.1799003473375
 20
959.6160653162021
 10
1042.91218466425
 20
959.7417071429202
 10
1042.664187416744
 20
959.8964210220983
 10
1042.4419758157678
 20
960.0733813414196
 10
1042.2455498613213
 20
960.272588100884
 10
1042.0749095534043
 20
960.4940413004919
 10
1041.9267684860868
 20
960.7339489334003
 10
1041.7978402534382
 20
960.9885189927668
 10
1041.6881248554591
 20
961.2577514785913
 10
1041.597622292149
 20
961.5416463908739
 10
1041.5415005908785
 20
961.7833236269755
 10
1041.486390091433
 20
962.0796057616105
 10
1041.4322907938117
 20
962.4304927947791
 10
1041.3792026980154
 20
962.8359847264809
 10
1041.3253562008506
 20
963.2623326958171
 10
1041.2689816991237
 20
963.6596086126933
 10
1041.2100791928353
 20
964.0278124771097
 10
1041.1486486819854
 20
964.3669442890662
 10
1041.0846901665734
 20
964.6770040485627
 10
1041.0182036465999
 20
964.9579917555993
 10
1040.9491891220646
 20
965.2099074101759
 10
1040.8776465929675
 20
965.4327510122927
 10
1040.7416399475464
 20
965.4362902186791
 10
1040.6329357513919
 20
965.4388182232408
 10
1040.551534004504
 20
965.4403350259779
 10
1040.497434706883
 20
965.4408406268902
 10
1040.2831863202762
 20
965.4343942152578
 10
1040.0853699633205
 20
965.4150549803605
 10
1039.9039856360162
 20
965.3828229221984
 10
1039.7390333383632
 20
965.3376980407716
 10
1039.5905130703613
 20
965.2796803360798
 10
1039.458424832011
 20
965.2087698081232
 10
1039.3427686233115
 20
965.1249664569017
 10
1039.2435444442635
 20
965.0282702824154
 10
1039.1278882355643
 20
964.880255615326
 10
1039.0276528546915
 20
964.7153033176729
 10
1038.9428383016455
 20
964.5334133894562
 10
1038.873444576426
 20
964.334585830676
 10
1038.8194716790329
 20
964.1188206413321
 10
1038.7809196094665
 20
963.8861178214246
 10
1038.7577883677266
 20
963.6364773709536
 10
1038.7500779538134
 20
963.3698992899189
 10
1038.7557027639632
 20
963.1214596416146
 10
1038.7725771944129
 20
962.8898312236458
 10
1038.8007012451621
 20
962.6750140360126
 10
1038.840074916211
 20
962.4770080787149
 10
1038.8906982075598
 20
962.2958133517527
 10
1038.9525711192082
 20
962.131429855126
 10
1039.0256936511564
 20
961.9838575888349
 10
1039.1100658034043
 20
961.8530965528793
 10
1039.3246933906953
 20
961.6243121400425
 10
1039.6085883029778
 20
961.4273805846835
 10
1039.9617505402518
 20
961.2623018868023
 10
1040.3841801025173
 20
961.1290760463991
 10
1040.1900293521762
 20
959.7053038772312
 10
1039.754959767102
 20
959.8180528806845
 10
1039.3638774614021
 20
959.9621491407033
 10
1039.0167824350763
 20
960.1375926572875
 10
1038.7136746881245
 20
960.3443834304372
 10
1038.4487398100548
 20
960.5916222765748
 10
1038.2161633903754
 20
960.8884100121221
 10
1038.0159454290863
 20
961.2347466370795
 10
1037.8480859261872
 20
961.6306321514468
 10
1037.7153656866963
 20
962.0679769406265
 10
1037.6205655156314
 20
962.5386913900212
 10
1037.5636854129923
 20
963.0427754996307
 10
1037.5447253787793
 20
963.580229269455
 10
1037.5609046079744
 20
964.1045374155583
 10
1037.6094422955596
 20
964.5772742686023
 10
1037.690338441535
 20
964.9984398285869
 10
1037.8035930459007
 20
965.3680340955123
 10
1037.9413692945152
 20
965.6890906748523
 10
1038.095830373237
 20
965.9646431720812
 10
1038.2669762820663
 20
966.1946915871988
 10
1038.454807021003
 20
966.3792359202054
 10
1038.6638729982583
 20
966.5288937902599
 10
1038.8987246220433
 20
966.6542828165218
 10
1039.159361892358
 20
966.7554029989911
 10
1039.4457848092022
 20
966.8322543376678
 10
1039.6692604124594
 20
966.8641071951456
 10
1039.967564950744
 20
966.8868592362013
 10
1040.3406984240555
 20
966.9005104608347
 10
1040.7886608323945
 20
966.9050608690458
 10
1042.7301683358053
 20
966.9050608690458
 10
1043.2144708097192
 20
966.9065144716687
 10
1043.6521315994692
 20
966.9108752795378
 10
1044.043150705055
 20
966.9181432926528
 10
1044.387528126477
 20
966.9283185110137
 10
1044.6852638637351
 20
966.9414009346207
 10
1044.9363579168291
 20
966.9573905634736
 10
1045.1408102857592
 20
966.9762873975726
 10
1045.2986209705255
 20
966.9980914369175
 10
1045.564819850876
 20
967.0559827413812
 10
1045.8254571211905
 20
967.1366260869004
 10
1046.0805327814694
 20
967.2400214734753
 10
1046.3300468317125
 20
967.3661689011058
 10
1046.3300468317125
 20
965.8453213567674
 10
1046.0939312056466
 20
965.7421787706487
 10
1045.8386027449117
 20
965.6592602210239
 10
1045.5640614495073
 20
965.596565707893
 10
1045.270307319434
 20
965.5540952312558
  0
LWPOLYLINE
  5
26F
330
17
100
AcDbEntity
  8
line engraving
 62
1
420
16711680
100
AcDbPolyline
 90
42
 70
0
 10
1042.0182822512213
 20
965.4327510122927
 10
1042.0976615944596
 20
965.2221682323003
 10
1042.174007332224
 20
964.986811007603
 10
1042.2473194645142
 20
964.7266793382007
 10
1042.3175979913303
 20
964.4417732240935
 10
1042.3848429126726
 20
964.1320926652812
 10
1042.4490542285405
 20
963.7976376617639
 10
1042.5102319389346
 20
963.4384082135417
 10
1042.5683760438544
 20
963.0544043206146
 10
1042.635115364284
 20
962.6382947697534
 10
1042.7058994920126
 20
962.2879133374972
 10
1042.7807284270398
 20
962.0032600238462
 10
1042.8596021693659
 20
961.7843348288002
 10
1042.9498519322196
 20
961.6088913122159
 10
1043.0588089288303
 20
961.4546830339502
 10
1043.186473159198
 20
961.3217099940031
 10
1043.3328446233222
 20
961.2099721923745
 10
1043.4928673120799
 20
961.1214920327138
 10
1043.6614852163475
 20
961.0582919186705
 10
1043.838698336125
 20
961.0203718502446
 10
1044.0245066714124
 20
961.0077318274359
 10
1044.3035983750276
 20
961.0352870771588
 10
1044.5584212348504
 20
961.1179528263275
 10
1044.7889752508804
 20
961.2557290749419
 10
1044.9952604231178
 20
961.4486158230021
 10
1045.1651423296662
 20
961.6945906668586
 10
1045.2864865486292
 20
961.9916312028622
 10
1045.359293080007
 20
962.3397374310128
 10
1045.3835619237998
 20
962.7389093513104
 10
1045.360557082288
 20
963.1479404893987
 10
1045.2915425577528
 20
963.5337139855192
 10
1045.1765183501939
 20
963.8962298396716
 10
1045.0154844596116
 20
964.2354880518561
 10
1044.814508096954
 20
964.5413766038258
 10
1044.5796564731688
 20
964.8037834773336
 10
1044.3109295882566
 20
965.0227086723796
 10
1044.0083274422173
 20
965.1981521889638
 10
1043.732269344076
 20
965.3007891741702
 10
1043.3975615401027
 20
965.3741013064605
 10
1043.0042040302972
 20
965.4180885858347
 10
1042.5521968146593
 20
965.4327510122927
 10
1042.0182822512213
 20
965.4327510122927
  0
LWPOLYLINE
  5
270
330
17
100
AcDbEntity
  8
line engraving
 62
1
420
16711680
100
AcDbPolyline
 90
119
 70
0
 10
1043.1831867532678
 20
974.7681662578589
 10
1043.3692478890111
 20
976.2000280416241
 10
1043.7292989387158
 20
976.1299391151501
 10
1044.069252352155
 20
976.0369717473924
 10
1044.3891081293282
 20
975.921125938351
 10
1044.6888662702356
 20
975.782401688026
 10
1044.9685267748773
 20
975.6207989964172
 10
1045.2280896432533
 20
975.4363178635248
 10
1045.4675548753632
 20
975.2289582893486
 10
1045.6869224712077
 20
974.9987202738888
 10
1045.8831588253122
 20
974.7501542253565
 10
1046.0532303322027
 20
974.4878105519626
 10
1046.1971369918795
 20
974.2116892537074
 10
1046.3148788043422
 20
973.9217903305907
 10
1046.4064557695908
 20
973.6181137826127
 10
1046.4718678876256
 20
973.3006596097731
 10
1046.5111151584467
 20
972.9694278120721
 10
1046.5241975820536
 20
972.6244183895096
 10
1046.5061855495512
 20
972.1943416134449
 10
1046.4521494520443
 20
971.785879276383
 10
1046.3620892895326
 20
971.3990313783238
 10
1046.2360050620161
 20
971.0337979192675
 10
1046.073896769495
 20
970.690178899214
 10
1045.8757644119692
 20
970.3681743181633
 10
1045.6416079894386
 20
970.0677841761154
 10
1045.3714275019036
 20
969.7890084730703
 10
1045.0676245536974
 20
969.5377880197482
 10
1044.7326007491538
 20
969.3200636268689
 10
1044.3663560882728
 20
969.1358352944326
 10
1043.9688905710543
 20
968.9851030224393
 10
1043.5402041974985
 20
968.8678668108889
 10
1043.0802969676054
 20
968.7841266597816
 10
1042.5891688813747
 20
968.7338825691171
 10
1042.0668199388067
 20
968.7171345388956
 10
1041.3928539226488
 20
968.7459537908994
 10
1040.7623695849527
 20
968.8324115469106
 10
1040.1753669257182
 20
968.9765078069295
 10
1039.6318459449458
 20
969.1782425709557
 10
1039.3791086888866
 20
969.3010403925418
 10
1039.1426770622504
 20
969.4388798412704
 10
1038.9225510650376
 20
969.5917609171411
 10
1038.718730697248
 20
969.7596836201542
 10
1038.5312159588814
 20
969.9426479503096
 10
1038.3600068499381
 20
970.1406539076073
 10
1038.2051033704179
 20
970.3537014920473
 10
1038.066505520321
 20
970.5817907036296
 10
1037.8382267083964
 20
971.0633755726396
 10
1037.6751704141648
 20
971.5656900790559
 10
1037.5773366376256
 20
972.0887342228784
 10
1037.5447253787793
 20
972.6325080041071
 10
1037.5557853987368
 20
972.9744206210814
 10
1037.5889654586097
 20
973.3004068093169
 10
1037.6442655583976
 20
973.6104665688134
 10
1037.7216856981006
 20
973.9045998995709
 10
1037.8212258777187
 20
974.1828068015897
 10
1037.942886097252
 20
974.4450872748694
 10
1038.0866663567006
 20
974.6914413194103
 10
1038.2525666560643
 20
974.9218689352122
 10
1038.43881739215
 20
975.1343477186258
 10
1038.6436489617645
 20
975.3268552660018
 10
1038.8670613649076
 20
975.49939157734
 10
1039.1090546015794
 20
975.6519566526406
 10
1039.36962867178
 20
975.7845504919035
 10
1039.6487835755095
 20
975.8971730951287
 10
1039.9465193127676
 20
975.9898244623162
 10
1040.2628358835543
 20
976.062504593466
 10
1040.481255477688
 20
974.6468220388957
 10
1040.0752579450736
 20
974.526236221301
 10
1039.722854109168
 20
974.3667191334557
 10
1039.4240439699713
 20
974.1682707753597
 10
1039.1788275274832
 20
973.930891147013
 10
1038.9877103826163
 20
973.6606474593638
 10
1038.8511981362826
 20
973.3636069233602
 10
1038.7692907884825
 20
973.0397695390022
 10
1038.7419883392158
 20
972.6891353062899
 10
1038.7543123614544
 20
972.4205348216059
 10
1038.7912844281695
 20
972.1648271601866
 10
1038.8529045393618
 20
971.9220123220322
 10
1038.939172695031
 20
971.6920903071426
 10
1039.050088895177
 20
971.4750611155179
 10
1039.1856531398
 20
971.270924747158
 10
1039.3458654288997
 20
971.079681202063
 10
1039.5307257624765
 20
970.9013304802327
 10
1039.7422565441796
 20
970.7401701894222
 10
1039.982480177658
 20
970.6004979373865
 10
1040.2513966629124
 20
970.4823137241254
 10
1040.5490059999424
 20
970.3856175496392
 10
1040.875308188748
 20
970.3104094139277
 10
1041.2303032293294
 20
970.2566893169909
 10
1041.6139911216862
 20
970.2244572588288
 10
1042.0263718658189
 20
970.2137132394414
 10
1042.4443774201013
 20
970.2240780581445
 10
1042.8328053210116
 20
970.2551725142538
 10
1043.1916555685495
 20
970.3069966077693
 10
1043.5209281627153
 20
970.379550338691
 10
1043.8206231035085
 20
970.4728337070189
 10
1044.0907403909298
 20
970.5868467127531
 10
1044.3312800249787
 20
970.7215893558935
 10
1044.5422420056552
 20
970.87706163644
 10
1044.7261543375212
 20
971.049218747094
 10
1044.8855450251385
 20
971.2340158805566
 10
1045.0204140685069
 20
971.431453036828
 10
1045.1307614676266
 20
971.641530215908
 10
1045.2165872224973
 20
971.8642474177966
 10
1045.2778913331194
 20
972.0996046424939
 10
1045.3146737994925
 20
972.3476018899999
 10
1045.326934621617
 20
972.6082391603145
 10
1045.2940705623146
 20
973.0192927020522
 10
1045.195478384407
 20
973.3949541799257
 10
1045.0311580878943
 20
973.735223593935
 10
1044.8011096727766
 20
974.0401009440799
 10
1044.6608054196006
 20
974.1771187913258
 10
1044.5028051344923
 20
974.3009910148506
 10
1044.3271088174517
 20
974.4117176146545
 10
1044.1337164684792
 20
974.5092985907374
 10
1043.9226280875746
 20
974.5937339430993
 10
1043.6938436747378
 20
974.6650236717402
 10
1043.447363229969
 20
974.72316777666
 10
1043.1831867532678
 20
974.7681662578589
  0
LWPOLYLINE
  5
271
330
17
100
AcDbEntity
  8
line engraving
 62
1
420
16711680
100
AcDbPolyline
 90
95
 70
0
 10
1043.5633986393523
 20
983.3269785020607
 10
1043.7494597750958
 20
984.8316468172039
 10
1044.0698843532955
 20
984.7331810395244
 10
1044.3718544981944
 20
984.615755227632
 10
1044.6553702097926
 20
984.4793693815266
 10
1044.9204314880903
 20
984.3240235012081
 10
1045.1670383330875
 20
984.1497175866766
 10
1045.3951907447838
 20
983.9564516379321
 10
1045.6048887231796
 20
983.7442256549747
 10
1045.7961322682745
 20
983.5130396378042
 10
1045.9667725761915
 20
983.2640311884736
 10
1046.114660843053
 20
982.9983379090355
 10
1046.2397970688587
 20
982.71595979949
 10
1046.342181253609
 20
982.416896859837
 10
1046.4218133973034
 20
982.1011490900765
 10
1046.4786934999424
 20
981.7687164902087
 10
1046.5128215615257
 20
981.4195990602335
 10
1046.5241975820536
 20
981.0537968001507
 10
1046.5060591493232
 20
980.5947743718541
 10
1046.4516438511318
 20
980.1601471875782
 10
1046.3609516874797
 20
979.7499152473231
 10
1046.2339826583666
 20
979.3640785510887
 10
1046.0707367637929
 20
979.002637098875
 10
1045.871214003758
 20
978.665590890682
 10
1045.6354143782626
 20
978.3529399265097
 10
1045.363337887306
 20
978.0646842063582
 10
1045.058523737275
 20
977.8058797393508
 10
1044.7245111345562
 20
977.581582534611
 10
1044.3613000791493
 20
977.391792592139
 10
1043.9688905710543
 20
977.2365099119346
 10
1043.5472826102714
 20
977.1157344939978
 10
1043.0964761968003
 20
977.0294663383287
 10
1042.6164713306414
 20
976.9777054449272
 10
1042.1072680117943
 20
976.9604518137934
 10
1041.5804318611292
 20
976.9778950452693
 10
1041.0839317652049
 20
977.0302247396972
 10
1040.6177677240214
 20
977.117440897077
 10
1040.1819397375787
 20
977.2395435174087
 10
1039.7764478058768
 20
977.3965326006922
 10
1039.4012919289157
 20
977.5884081469278
 10
1039.0564721066953
 20
977.8151701561152
 10
1038.7419883392158
 20
978.0768186282545
 10
1038.4613798328635
 20
978.3662751505728
 10
1038.2181857940247
 20
978.6764613102974
 10
1038.0124062226998
 20
979.0073771074283
 10
1037.8440411188885
 20
979.3590225419653
 10
1037.7130904825906
 20
979.7313976139085
 10
1037.6195543138065
 20
980.1245023232578
 10
1037.5634326125362
 20
980.5383366700135
 10
1037.5447253787793
 20
980.9729006541753
 10
1037.5630534118518
 20
981.3938134137038
 10
1037.6180375110696
 20
981.7950077376507
 10
1037.7096776764324
 20
982.1764836260162
 10
1037.8379739079403
 20
982.5382410788002
 10
1038.0029262055934
 20
982.8802800960026
 10
1038.2045345693916
 20
983.2026006776235
 10
1038.4427989993349
 20
983.5052028236629
 10
1038.7177194954234
 20
983.7880865341208
 10
1039.0258832514985
 20
984.0440469959962
 10
1039.3638774614021
 20
984.2658793962883
 10
1039.7317021251342
 20
984.4535837349969
 10
1040.1293572426948
 20
984.6071600121221
 10
1040.5568428140837
 20
984.726608227664
 10
1041.0141588393012
 20
984.8119283816225
 10
1041.501305318347
 20
984.8631204739975
 10
1042.0182822512213
 20
984.8801845047892
 10
1042.0910887825992
 20
984.8796789038769
 10
1042.1800745431724
 20
984.8781621011399
 10
1042.2852395329403
 20
984.8756340965781
 10
1042.4065837519036
 20
984.8720948901918
 10
1042.4065837519036
 20
978.4651201289366
 10
1042.750139571843
 20
978.4953297834493
 10
1043.0729657543761
 20
978.5455106739997
 10
1043.3750622995033
 20
978.6156628005878
 10
1043.656429207224
 20
978.7057861632136
 10
1043.9170664775386
 20
978.815880761877
 10
1044.156974110447
 20
978.9459465965781
 10
1044.3761521059494
 20
979.095983667317
 10
1044.5746004640453
 20
979.2659919740935
 10
1044.750928782226
 20
979.4515475089247
 10
1044.903746657983
 20
979.6482262638274
 10
1045.0330540913155
 20
979.8560282388019
 10
1045.1388510822242
 20
980.0749534338479
 10
1045.2211376307084
 20
980.3050018489655
 10
1045.2799137367688
 20
980.5461734841549
 10
1045.315179400405
 20
980.7984683394158
 10
1045.326934621617
 20
981.0618864147483
 10
1045.300643374175
 20
981.4476599108688
 10
1045.221769631849
 20
981.8041085540731
 10
1045.090313394639
 20
982.1312323443613
 10
1044.9062746625448
 20
982.4290312817333
 10
1044.6645974264432
 20
982.6975053661893
 10
1044.3602256772103
 20
982.9366545977292
 10
1043.9931594148468
 20
983.146478976353
 10
1043.5633986393523
 20
983.3269785020607
  0
LWPOLYLINE
  5
272
330
17
100
AcDbEntity
  8
line engraving
 62
1
420
16711680
100
AcDbPolyline
 90
34
 70
0
 10
1041.209320791467
 20
978.5460162749121
 10
1041.209320791467
 20
983.3431577312558
 10
1040.946787517731
 20
983.3133272774273
 10
1040.7011918745586
 20
983.2723736035273
 10
1040.47253386195
 20
983.2202967095556
 10
1040.2608134799048
 20
983.1570965955123
 10
1040.0660307284234
 20
983.0827732613974
 10
1039.8881856075054
 20
982.9973267072108
 10
1039.7272781171512
 20
982.9007569329526
 10
1039.5833082573606
 20
982.7930639386228
 10
1039.3861239015455
 20
982.6126908131432
 10
1039.2152307931722
 20
982.4194248643987
 10
1039.070628932241
 20
982.2132660923894
 10
1038.952318318752
 20
981.9942144971153
 10
1038.8602989527049
 20
981.7622700785763
 10
1038.7945708340999
 20
981.5174328367725
 10
1038.7551339629367
 20
981.2597027717039
 10
1038.7419883392158
 20
980.9890798833704
 10
1038.7524795581471
 20
980.743294639856
 10
1038.7839532149405
 20
980.5074950143603
 10
1038.8364093095965
 20
980.2816810068836
 10
1038.909847842115
 20
980.0658526174257
 10
1039.0042688124956
 20
979.8600098459866
 10
1039.1196722207387
 20
979.6641526925664
 10
1039.2560580668442
 20
979.4782811571649
 10
1039.413426350812
 20
979.3023952397824
 10
1039.588364266484
 20
979.1410453486299
 10
1039.7774590077015
 20
978.9987818919184
 10
1039.9807105744649
 20
978.8756048696479
 10
1040.198118966774
 20
978.7715142818186
 10
1040.4296841846287
 20
978.6865101284303
 10
1040.675406228029
 20
978.6205924094832
 10
1040.9352850969751
 20
978.5737611249771
 10
1041.209320791467
 20
978.5460162749121
  0
LWPOLYLINE
  5
273
330
17
100
AcDbEntity
  8
line engraving
 62
1
420
16711680
100
AcDbPolyline
 90
35
 70
0
 10
1046.3300468317125
 20
986.6437204870539
 10
1037.7388761291204
 20
986.6437204870539
 10
1037.7388761291204
 20
987.9542380518561
 10
1039.041304079325
 20
987.9542380518561
 10
1038.6231721248143
 20
988.2002128957126
 10
1038.2829027108053
 20
988.4365813222347
 10
1038.0204958372974
 20
988.6633433314221
 10
1037.835951504291
 20
988.8804989232749
 10
1037.7085400743797
 20
989.09816011604
 10
1037.6175319101571
 20
989.3264389279645
 10
1037.5629270116237
 20
989.5653353590483
 10
1037.5447253787793
 20
989.8148494092914
 10
1037.5740502316953
 20
990.1844436762166
 10
1037.6620247904436
 20
990.557071548616
 10
1037.8086490550243
 20
990.9327330264895
 10
1038.013923025437
 20
991.311428109837
 10
1039.3648886632268
 20
990.8098720047892
 10
1039.2268596141562
 20
990.5429147230702
 10
1039.1282674362487
 20
990.2759574413514
 10
1039.0691121295042
 20
990.0090001596324
 10
1039.0493936939226
 20
989.7420428779134
 10
1039.067342526311
 20
989.509466458234
 10
1039.1211890234758
 20
989.289024460451
 10
1039.2109331854174
 20
989.0807168845641
 10
1039.3365750121354
 20
988.8845437305737
 10
1039.4940696963313
 20
988.7080890121648
 10
1039.6793724307063
 20
988.5589367430225
 10
1039.8924832152604
 20
988.437086923147
 10
1040.1334020499935
 20
988.3425395525383
 10
1040.530804367098
 20
988.2363633609455
 10
1040.9464083170467
 20
988.1605232240935
 10
1041.3802138998399
 20
988.1150191419822
 10
1041.8322211154778
 20
988.0998511146119
 10
1046.3300468317125
 20
988.0998511146119
 10
1046.3300468317125
 20
986.6437204870539
  0
CIRCLE
  5
274
330
17
100
AcDbEntity
  8
cut
 62
5
420
255
100
AcDbCircle
 10
1094.4003593317125
 20
1140.5580658997417
 30
0.0
 40
3.9
  0
CIRCLE
  5
275
330
17
100
AcDbEntity
  8
cut
 62
5
420
255
100
AcDbCircle
 10
1094.4003593317125
 20
924.6000658997416
 30
0.0
 40
10.9
  0
LWPOLYLINE
  5
276
330
17
100
AcDbEntity
  8
cut
 62
5
420
255
100
AcDbPolyline
 90
4
 70
1
 10
1070.4003593317125
 20
924.6000658997416
 42
0.9999999999999999
 10
1118.4003593317125
 20
924.6000658997416
 10
1118.400353004162
 20
1140.5754935324162
 42
0.9992741120950986
 10
1070.400365659263
 20
1140.5754935324162
  0
LWPOLYLINE
  5
277
330
17
100
AcDbEntity
  8
line engraving
 62
1
420
16711680
100
AcDbPolyline
 90
159
 70
0
 10
1097.765639004291
 20
941.867703689646
 10
1097.5391297955596
 20
943.3076550880089
 10
1097.946644130911
 20
943.395376846301
 10
1098.3035983750276
 20
943.5371979022142
 10
1098.6099925279095
 20
943.7331182557485
 10
1098.865826589557
 20
943.9831379069038
 10
1099.0675613535832
 20
944.2877624565926
 10
1099.211657613602
 20
944.6474975057272
 10
1099.2981153696132
 20
945.0623430543075
 10
1099.326934621617
 20
945.5322991023336
 10
1099.3205514100987
 20
945.7749875402599
 10
1099.3014017755436
 20
946.0014967489911
 10
1099.2694857179517
 20
946.2118267285273
 10
1099.2248032373232
 20
946.4059774788684
 10
1099.1673543336576
 20
946.5839490000144
 10
1099.0971390069556
 20
946.7457412919653
 10
1099.0141572572165
 20
946.891354354721
 10
1098.918409084441
 20
947.0207881882817
 10
1098.7052982998869
 20
947.2331405714673
 10
1098.4744914834007
 20
947.3848208451712
 10
1098.2259886349825
 20
947.4758290093936
 10
1097.959789754632
 20
947.5061650641344
 10
1097.726202133128
 20
947.47936821578
 10
1097.5189057590658
 20
947.3989776707169
 10
1097.3379006324458
 20
947.2649934289451
 10
1097.1831867532678
 20
947.0774154904645
 10
1097.1330058627175
 20
946.9886825303478
 10
1097.0795385662368
 20
946.8721415200519
 10
1097.0227848638258
 20
946.7277924595769
 10
1096.9627447554847
 20
946.5556353489229
 10
1096.8994182412132
 20
946.3556701880899
 10
1096.8328053210116
 20
946.1278969770779
 10
1096.7629059948797
 20
945.8723157158867
 10
1096.6897202628174
 20
945.5889264045164
 10
1096.5903064834274
 20
945.2038481096505
 10
1096.4943055101955
 20
944.8494850702097
 10
1096.401717343122
 20
944.5258372861938
 10
1096.312541982207
 20
944.232904757603
 10
1096.2267794274503
 20
943.9706874844373
 10
1096.1444296788518
 20
943.7391854666967
 10
1096.0654927364117
 20
943.538398704381
 10
1095.98996860013
 20
943.3683271974904
 10
1095.828176308179
 20
943.0776066728912
 10
1095.6380703651369
 20
942.8243006158057
 10
1095.419650771003
 20
942.6084090262336
 10
1095.172917525778
 20
942.4299319041753
 10
1094.9052018426905
 20
942.2901332519115
 10
1094.6238349349696
 20
942.1902770717231
 10
1094.3288168026154
 20
942.1303633636101
 10
1094.0201474456278
 20
942.1103921275724
 10
1093.7382749369947
 20
942.1268241572236
 10
1093.4670200475207
 20
942.1761202461774
 10
1093.206382777206
 20
942.2582803944338
 10
1092.9563631260507
 20
942.3733046019926
 10
1092.7220171031781
 20
942.5166424606427
 10
1092.5084007177118
 20
942.6837435621733
 10
1092.3155139696514
 20
942.8746079065841
 10
1092.1433568589975
 20
943.0892354938752
 10
1092.0227710414028
 20
943.2745382282502
 10
1091.9117916411428
 20
943.4906826182784
 10
1091.8104186582175
 20
943.7376686639595
 10
1091.7186520926266
 20
944.015496365294
 10
1091.6425591553184
 20
944.3140537040347
 10
1091.588207057241
 20
944.6232286619345
 10
1091.5555957983947
 20
944.9430212389938
 10
1091.5447253787793
 20
945.2734314352122
 10
1091.5629270116237
 20
945.7636115197322
 10
1091.6175319101571
 20
946.222949948599
 10
1091.7085400743797
 20
946.6514467218126
 10
1091.835951504291
 20
947.0491018393732
 10
1091.9944573903115
 20
947.4063088839459
 10
1092.1787489228618
 20
947.7134614381964
 10
1092.3888261019417
 20
947.9705595021246
 10
1092.6246889275515
 20
948.1776030757305
 10
1092.8944270142883
 20
948.3454625786296
 10
1093.20612997675
 20
948.4850084304372
 10
1093.5597978149365
 20
948.5962406311535
 10
1093.9554305288475
 20
948.6791591807784
 10
1094.1495812791886
 20
947.2553870116105
 10
1093.8361087135338
 20
947.1838444825135
 10
1093.559039413568
 20
947.066292270393
 10
1093.318373379291
 20
946.9027303752488
 10
1093.114110610703
 20
946.6931587970812
 10
1092.9513071169274
 20
946.4365663340653
 10
1092.8350189070875
 20
946.1319417843765
 10
1092.7652459811839
 20
945.7792851480149
 10
1092.7419883392158
 20
945.3785964249803
 10
1092.7471707485674
 20
945.1367927886506
 10
1092.762717976622
 20
944.9129379847092
 10
1092.7886300233797
 20
944.707032013156
 10
1092.8249068888406
 20
944.5190748739911
 10
1092.8715485730047
 20
944.3490665672147
 10
1092.9285550758716
 20
944.1970070928264
 10
1092.9959263974417
 20
944.0628964508265
 10
1093.073662537715
 20
943.9467346412149
 10
1093.2465780497378
 20
943.7591567027343
 10
1093.433650387306
 20
943.6251724609625
 10
1093.6348795504198
 20
943.5447819158994
 10
1093.8502655390794
 20
943.517985067545
 10
1093.98829458815
 20
943.5291082876167
 10
1094.1192452244477
 20
943.5624779478316
 10
1094.2431174479727
 20
943.6180940481897
 10
1094.3599112587247
 20
943.695956588691
 10
1094.4721546612657
 20
943.7975823720727
 10
1094.5742860455598
 20
943.9244882010717
 10
1094.6663054116068
 20
944.076674075688
 10
1094.748212759407
 20
944.2541399959216
 10
1094.771723201831
 20
944.3220169184041
 10
1094.8018064561156
 20
944.4164378887848
 10
1094.8384625222607
 20
944.5374029070638
 10
1094.8816914002664
 20
944.6849119732408
 10
1094.9314930901326
 20
944.8589650873162
 10
1094.9878675918592
 20
945.0595622492896
 10
1095.0508149054463
 20
945.2867034591612
 10
1095.120335030894
 20
945.5403887169311
 10
1095.221139212793
 20
945.9120685876198
 10
1095.317266586253
 20
946.2545500056206
 10
1095.4087171512735
 20
946.5678329709333
 10
1095.4954909078551
 20
946.851917483558
 10
1095.5775878559973
 20
947.1068035434947
 10
1095.6550079957003
 20
947.3324911507434
 10
1095.7277513269642
 20
947.5289803053041
 10
1095.7958178497888
 20
947.6962710071767
 10
1095.942189313913
 20
947.9852219285827
 10
1096.118391231866
 20
948.2413087906863
 10
1096.3244236036471
 20
948.4645315934872
 10
1096.5602864292568
 20
948.6548903369857
 10
1096.8262325091512
 20
948.807076211602
 10
1097.1225146437862
 20
948.9157804077565
 10
1097.449132833162
 20
948.9810029254492
 10
1097.8060870772786
 20
949.0027437646801
 10
1098.1648109245884
 20
948.9761997167819
 10
1098.5129171527392
 20
948.8965675730873
 10
1098.8504057617304
 20
948.7638473335963
 10
1099.1772767515624
 20
948.578038998309
 10
1099.4806372989704
 20
948.3421761726994
 10
1099.7475945806893
 20
948.0592924622415
 10
1099.9781485967192
 20
947.7293878669354
 10
1100.1722993470603
 20
947.3524623867811
 10
1100.32625482487
 20
946.9388808404816
 10
1100.4362230233053
 20
946.4990080467401
 10
1100.5022039423666
 20
946.0328440055566
 10
1100.5241975820536
 20
945.5403887169311
 10
1100.5133271624381
 20
945.1342015839748
 10
1100.4807159035918
 20
944.7529152959514
 10
1100.4263638055145
 20
944.3965298528611
 10
1100.3502708682063
 20
944.065045254704
 10
1100.2524370916674
 20
943.7584615014798
 10
1100.1328624758974
 20
943.4767785931888
 10
1099.9915470208966
 20
943.2199965298308
 10
1099.8284907266648
 20
942.9881153114059
 10
1099.6440727938864
 20
942.7786069333523
 10
1099.4386724232456
 20
942.5889433911083
 10
1099.2122896147425
 20
942.4191246846739
 10
1098.9649243683768
 20
942.2691508140491
 10
1098.696576684149
 20
942.139021779234
 10
1098.4072465620586
 20
942.0287375802284
 10
1098.096934002106
 20
941.9382982170324
 10
1097.765639004291
 20
941.867703689646
  0
LWPOLYLINE
  5
278
330
17
100
AcDbEntity
  8
line engraving
 62
1
420
16711680
100
AcDbPolyline
 90
50
 70
0
 10
1103.622519972913
 20
950.7339212885546
 10
1091.7388761291204
 20
950.7339212885546
 10
1091.7388761291204
 20
952.0606180825519
 10
1092.8552429435815
 20
952.0606180825519
 10
1092.548090389331
 20
952.3028009195658
 10
1092.2818915089806
 20
952.5601517839502
 10
1092.0566463025302
 20
952.832670675705
 10
1091.87235476998
 20
953.1203575948301
 10
1091.7290169113296
 20
953.4313021559233
 10
1091.6266327265794
 20
953.7735939735819
 10
1091.5652022157294
 20
954.1472330478059
 10
1091.5447253787793
 20
954.5522193785955
 10
1091.5801174426435
 20
955.0861339420335
 10
1091.6862936342363
 20
955.5876900470812
 10
1091.8632539535577
 20
956.0568876937388
 10
1092.1109984006075
 20
956.4937268820062
 10
1092.4232069639816
 20
956.8886011945488
 10
1092.7935596322752
 20
957.231904214032
 10
1093.222056405489
 20
957.523635940456
 10
1093.7086972836225
 20
957.7637963738206
 10
1094.2367974365684
 20
957.9513743123011
 10
1094.7896720342194
 20
958.085358554073
 10
1095.3673210765753
 20
958.1657490991361
 10
1095.9697445636361
 20
958.1925459474904
 10
1096.6126161236848
 20
958.1629682941182
 10
1097.2226236244308
 20
958.0742353340013
 10
1097.7997670658742
 20
957.92634706714
 10
1098.3440464480154
 20
957.7193034935341
 10
1098.600259710347
 20
957.5942936679564
 10
1098.841052144852
 20
957.4558854182015
 10
1099.0664237515305
 20
957.3040787442695
 10
1099.2763745303823
 20
957.1388736461603
 10
1099.4709044814076
 20
956.9602701238739
 10
1099.6500136046066
 20
956.7682681774103
 10
1099.8137018999787
 20
956.5628678067695
 10
1099.9619693675243
 20
956.3440690119515
 10
1100.207944211381
 20
955.8872585876464
 10
1100.3836405284212
 20
955.4188193423574
 10
1100.4890583186454
 20
954.9387512760844
 10
1100.5241975820536
 20
954.4470543888275
 10
1100.5049847473845
 20
954.0923753488164
 10
1100.4473462433768
 20
953.7564035425621
 10
1100.351282070031
 20
953.4391389700647
 10
1100.2167922273468
 20
953.140581631324
 10
1100.0529775317466
 20
952.8642707327266
 10
1099.8689387996524
 20
952.613745480659
 10
1099.6646760310643
 20
952.3890058751209
 10
1099.4401892259825
 20
952.1900519161126
 10
1103.622519972913
 20
952.1900519161126
 10
1103.622519972913
 20
950.7339212885546
  0
LWPOLYLINE
  5
279
330
17
100
AcDbEntity
  8
line engraving
 62
1
420
16711680
100
AcDbPolyline
 90
65
 70
0
 10
1096.0829991680016
 20
952.0525284679543
 10
1096.4840670917206
 20
952.0630196868855
 10
1096.8580853666288
 20
952.094493343679
 10
1097.2050539927266
 20
952.146949438335
 10
1097.524972970014
 20
952.2203879708534
 10
1097.8178422984906
 20
952.3148089412341
 10
1098.083661978157
 20
952.4302123494772
 10
1098.3224320090126
 20
952.5665981955826
 10
1098.5341523910577
 20
952.7239664795505
 10
1098.719960726345
 20
952.8962499904326
 10
1098.8809946169274
 20
953.0773815172807
 10
1099.0172540628048
 20
953.2673610600949
 10
1099.1287390639773
 20
953.4661886188752
 10
1099.2154496204446
 20
953.6738641936215
 10
1099.277385732207
 20
953.8903877843339
 10
1099.3145473992645
 20
954.1157593910124
 10
1099.326934621617
 20
954.3499790136569
 10
1099.3141049984663
 20
954.5883066437143
 10
1099.275616129014
 20
954.8179126580336
 10
1099.21146801326
 20
955.038797056615
 10
1099.1216606512044
 20
955.2509598394583
 10
1099.0061940428473
 20
955.4544010065638
 10
1098.8650681881886
 20
955.6491205579313
 10
1098.6982830872282
 20
955.8351184935608
 10
1098.5058387399663
 20
956.0123948134523
 10
1098.2864711441218
 20
956.1745031059734
 10
1098.0389162974143
 20
956.3149969594916
 10
1097.7631741998432
 20
956.4338763740071
 10
1097.459244851409
 20
956.5311413495198
 10
1097.1271282521113
 20
956.6067918860297
 10
1096.7668244019503
 20
956.6608279835367
 10
1096.3783333009262
 20
956.6932496420409
 10
1095.9616549490386
 20
956.7040568615423
 10
1095.563999831478
 20
956.6935024424971
 10
1095.1921303604472
 20
956.6618391853614
 10
1094.846046535946
 20
956.6090670901352
 10
1094.5257483579744
 20
956.5351861568186
 10
1094.2312358265326
 20
956.4401963854115
 10
1093.9625089416204
 20
956.324097775914
 10
1093.7195677032378
 20
956.186890328326
 10
1093.502412111385
 20
956.0285740426474
 10
1093.3109157658337
 20
955.8555953305108
 10
1093.144952266356
 20
955.6744006035486
 10
1093.0045216129517
 20
955.4849898617608
 10
1092.889623805621
 20
955.2873631051474
 10
1092.8002588443637
 20
955.0815203337083
 10
1092.73642672918
 20
954.8674615474436
 10
1092.6981274600698
 20
954.6451867463533
 10
1092.685361037033
 20
954.4146959304372
 10
1092.6989490615524
 20
954.1854691168021
 10
1092.7397131351104
 20
953.9629415152556
 10
1092.807653257707
 20
953.7471131257977
 10
1092.902769429342
 20
953.5379839484284
 10
1093.025061650016
 20
953.3355539831476
 10
1093.1745299197282
 20
953.1398232299555
 10
1093.3511742384794
 20
952.950791688852
 10
1093.554994606269
 20
952.768459359837
 10
1093.7847270208165
 20
952.600663057052
 10
1094.0391074798408
 20
952.4552395946383
 10
1094.318135983342
 20
952.332188972596
 10
1094.6218125313203
 20
952.231511190925
 10
1094.9501371237752
 20
952.1532062496253
 10
1095.3031097607072
 20
952.097274148697
 10
1095.6807304421159
 20
952.06371488814
 10
1096.0829991680016
 20
952.0525284679543
  0
LWPOLYLINE
  5
27A
330
17
100
AcDbEntity
  8
line engraving
 62
1
420
16711680
100
AcDbPolyline
 90
128
 70
0
 10
1099.270307319434
 20
965.5540952312558
 10
1099.5888358942125
 20
965.1534065082212
 10
1099.8568043777561
 20
964.7603017988718
 10
1100.074212770065
 20
964.3747811032075
 10
1100.2410610711395
 20
963.9968444212285
 10
1100.3649332946643
 20
963.6158741337754
 10
1100.453413454325
 20
963.221252621689
 10
1100.5065015501214
 20
962.8129798849692
 10
1100.5241975820536
 20
962.391055923616
 10
1100.5133903625522
 20
962.0473737034484
 10
1100.4809687040479
 20
961.724168320231
 10
1100.426932606541
 20
961.4214397739635
 10
1100.3512820700312
 20
961.1391880646461
 10
1100.2540170945183
 20
960.8774131922786
 10
1100.1351376800028
 20
960.6361151568613
 10
1099.9946438264847
 20
960.4152939583938
 10
1099.8325355339634
 20
960.2149495968765
 10
1099.6536160111068
 20
960.0367252752744
 10
1099.462688466582
 20
959.8822641965526
 10
1099.259752900389
 20
959.751566360711
 10
1099.0448093125276
 20
959.6446317677496
 10
1098.817857702998
 20
959.5614604176686
 10
1098.5788980718003
 20
959.502052310468
 10
1098.3279304189343
 20
959.4664074461475
 10
1098.0649547444
 20
959.4545258247074
 10
1097.7562853874124
 20
959.4724746570957
 10
1097.4612672550584
 20
959.5263211542606
 10
1097.1799003473375
 20
959.6160653162021
 10
1096.91218466425
 20
959.7417071429202
 10
1096.664187416744
 20
959.8964210220983
 10
1096.4419758157678
 20
960.0733813414196
 10
1096.2455498613213
 20
960.272588100884
 10
1096.0749095534043
 20
960.4940413004919
 10
1095.9267684860868
 20
960.7339489334003
 10
1095.7978402534382
 20
960.9885189927668
 10
1095.6881248554591
 20
961.2577514785913
 10
1095.597622292149
 20
961.5416463908739
 10
1095.5415005908785
 20
961.7833236269755
 10
1095.486390091433
 20
962.0796057616105
 10
1095.4322907938117
 20
962.4304927947791
 10
1095.3792026980154
 20
962.8359847264809
 10
1095.3253562008506
 20
963.2623326958171
 10
1095.2689816991237
 20
963.6596086126933
 10
1095.2100791928353
 20
964.0278124771097
 10
1095.1486486819854
 20
964.3669442890662
 10
1095.0846901665734
 20
964.6770040485627
 10
1095.0182036465999
 20
964.9579917555993
 10
1094.9491891220646
 20
965.2099074101759
 10
1094.8776465929675
 20
965.4327510122927
 10
1094.7416399475464
 20
965.4362902186791
 10
1094.6329357513919
 20
965.4388182232408
 10
1094.551534004504
 20
965.4403350259779
 10
1094.497434706883
 20
965.4408406268902
 10
1094.2831863202762
 20
965.4343942152578
 10
1094.0853699633205
 20
965.4150549803605
 10
1093.9039856360162
 20
965.3828229221984
 10
1093.7390333383632
 20
965.3376980407716
 10
1093.5905130703613
 20
965.2796803360798
 10
1093.458424832011
 20
965.2087698081232
 10
1093.3427686233115
 20
965.1249664569017
 10
1093.2435444442635
 20
965.0282702824154
 10
1093.1278882355643
 20
964.880255615326
 10
1093.0276528546915
 20
964.7153033176729
 10
1092.9428383016455
 20
964.5334133894562
 10
1092.873444576426
 20
964.334585830676
 10
1092.8194716790329
 20
964.1188206413321
 10
1092.7809196094665
 20
963.8861178214246
 10
1092.7577883677266
 20
963.6364773709536
 10
1092.7500779538134
 20
963.3698992899189
 10
1092.7557027639632
 20
963.1214596416146
 10
1092.7725771944129
 20
962.8898312236458
 10
1092.8007012451621
 20
962.6750140360126
 10
1092.840074916211
 20
962.4770080787149
 10
1092.8906982075598
 20
962.2958133517527
 10
1092.9525711192082
 20
962.131429855126
 10
1093.0256936511564
 20
961.9838575888349
 10
1093.1100658034043
 20
961.8530965528793
 10
1093.3246933906953
 20
961.6243121400425
 10
1093.6085883029778
 20
961.4273805846835
 10
1093.9617505402518
 20
961.2623018868023
 10
1094.3841801025173
 20
961.1290760463991
 10
1094.1900293521762
 20
959.7053038772312
 10
1093.754959767102
 20
959.8180528806845
 10
1093.3638774614021
 20
959.9621491407033
 10
1093.0167824350763
 20
960.1375926572875
 10
1092.7136746881245
 20
960.3443834304372
 10
1092.4487398100548
 20
960.5916222765748
 10
1092.2161633903754
 20
960.8884100121221
 10
1092.0159454290863
 20
961.2347466370795
 10
1091.8480859261872
 20
961.6306321514468
 10
1091.7153656866963
 20
962.0679769406265
 10
1091.6205655156314
 20
962.5386913900212
 10
1091.5636854129923
 20
963.0427754996307
 10
1091.5447253787793
 20
963.580229269455
 10
1091.5609046079744
 20
964.1045374155583
 10
1091.6094422955596
 20
964.5772742686023
 10
1091.690338441535
 20
964.9984398285869
 10
1091.8035930459007
 20
965.3680340955123
 10
1091.9413692945152
 20
965.6890906748523
 10
1092.095830373237
 20
965.9646431720812
 10
1092.2669762820663
 20
966.1946915871988
 10
1092.454807021003
 20
966.3792359202054
 10
1092.6638729982583
 20
966.5288937902599
 10
1092.8987246220433
 20
966.6542828165218
 10
1093.159361892358
 20
966.7554029989911
 10
1093.4457848092022
 20
966.8322543376678
 10
1093.6692604124594
 20
966.8641071951456
 10
1093.967564950744
 20
966.8868592362013
 10
1094.3406984240555
 20
966.9005104608347
 10
1094.7886608323945
 20
966.9050608690458
 10
1096.7301683358053
 20
966.9050608690458
 10
1097.2144708097192
 20
966.9065144716687
 10
1097.6521315994692
 20
966.9108752795378
 10
1098.043150705055
 20
966.9181432926528
 10
1098.387528126477
 20
966.9283185110137
 10
1098.6852638637351
 20
966.9414009346207
 10
1098.9363579168291
 20
966.9573905634736
 10
1099.1408102857592
 20
966.9762873975726
 10
1099.2986209705255
 20
966.9980914369175
 10
1099.564819850876
 20
967.0559827413812
 10
1099.8254571211905
 20
967.1366260869004
 10
1100.0805327814694
 20
967.2400214734753
 10
1100.3300468317125
 20
967.3661689011058
 10
1100.3300468317125
 20
965.8453213567674
 10
1100.0939312056466
 20
965.7421787706487
 10
1099.8386027449117
 20
965.6592602210239
 10
1099.5640614495073
 20
965.596565707893
 10
1099.270307319434
 20
965.5540952312558
  0
LWPOLYLINE
  5
27B
330
17
100
AcDbEntity
  8
line engraving
 62
1
420
16711680
100
AcDbPolyline
 90
42
 70
0
 10
1096.0182822512213
 20
965.4327510122927
 10
1096.0976615944596
 20
965.2221682323003
 10
1096.174007332224
 20
964.986811007603
 10
1096.2473194645142
 20
964.7266793382007
 10
1096.3175979913303
 20
964.4417732240935
 10
1096.3848429126726
 20
964.1320926652812
 10
1096.4490542285405
 20
963.7976376617639
 10
1096.5102319389346
 20
963.4384082135417
 10
1096.5683760438544
 20
963.0544043206146
 10
1096.635115364284
 20
962.6382947697534
 10
1096.7058994920126
 20
962.2879133374972
 10
1096.7807284270398
 20
962.0032600238462
 10
1096.8596021693659
 20
961.7843348288002
 10
1096.9498519322196
 20
961.6088913122159
 10
1097.0588089288303
 20
961.4546830339502
 10
1097.186473159198
 20
961.3217099940031
 10
1097.3328446233222
 20
961.2099721923745
 10
1097.4928673120799
 20
961.1214920327138
 10
1097.6614852163475
 20
961.0582919186705
 10
1097.838698336125
 20
961.0203718502446
 10
1098.0245066714124
 20
961.0077318274359
 10
1098.3035983750276
 20
961.0352870771588
 10
1098.5584212348504
 20
961.1179528263275
 10
1098.7889752508804
 20
961.2557290749419
 10
1098.9952604231178
 20
961.4486158230021
 10
1099.1651423296662
 20
961.6945906668586
 10
1099.2864865486292
 20
961.9916312028622
 10
1099.359293080007
 20
962.3397374310128
 10
1099.3835619237998
 20
962.7389093513104
 10
1099.360557082288
 20
963.1479404893987
 10
1099.2915425577528
 20
963.5337139855192
 10
1099.1765183501939
 20
963.8962298396716
 10
1099.0154844596116
 20
964.2354880518561
 10
1098.814508096954
 20
964.5413766038258
 10
1098.5796564731688
 20
964.8037834773336
 10
1098.3109295882566
 20
965.0227086723796
 10
1098.0083274422173
 20
965.1981521889638
 10
1097.732269344076
 20
965.3007891741702
 10
1097.3975615401027
 20
965.3741013064605
 10
1097.0042040302972
 20
965.4180885858347
 10
1096.5521968146593
 20
965.4327510122927
 10
1096.0182822512213
 20
965.4327510122927
  0
LWPOLYLINE
  5
27C
330
17
100
AcDbEntity
  8
line engraving
 62
1
420
16711680
100
AcDbPolyline
 90
119
 70
0
 10
1097.1831867532678
 20
974.7681662578589
 10
1097.3692478890111
 20
976.2000280416241
 10
1097.7292989387158
 20
976.1299391151501
 10
1098.069252352155
 20
976.0369717473924
 10
1098.3891081293282
 20
975.921125938351
 10
1098.6888662702356
 20
975.782401688026
 10
1098.9685267748773
 20
975.6207989964172
 10
1099.2280896432533
 20
975.4363178635248
 10
1099.4675548753632
 20
975.2289582893486
 10
1099.6869224712077
 20
974.9987202738888
 10
1099.8831588253122
 20
974.7501542253565
 10
1100.0532303322027
 20
974.4878105519626
 10
1100.1971369918795
 20
974.2116892537074
 10
1100.3148788043422
 20
973.9217903305907
 10
1100.4064557695908
 20
973.6181137826127
 10
1100.4718678876256
 20
973.3006596097731
 10
1100.5111151584467
 20
972.9694278120721
 10
1100.5241975820536
 20
972.6244183895096
 10
1100.5061855495512
 20
972.1943416134449
 10
1100.4521494520443
 20
971.785879276383
 10
1100.3620892895326
 20
971.3990313783238
 10
1100.2360050620161
 20
971.0337979192675
 10
1100.073896769495
 20
970.690178899214
 10
1099.8757644119692
 20
970.3681743181633
 10
1099.6416079894386
 20
970.0677841761154
 10
1099.3714275019036
 20
969.7890084730703
 10
1099.0676245536974
 20
969.5377880197482
 10
1098.7326007491538
 20
969.3200636268689
 10
1098.3663560882728
 20
969.1358352944326
 10
1097.9688905710543
 20
968.9851030224393
 10
1097.5402041974985
 20
968.8678668108889
 10
1097.0802969676054
 20
968.7841266597816
 10
1096.5891688813747
 20
968.7338825691171
 10
1096.0668199388067
 20
968.7171345388956
 10
1095.3928539226488
 20
968.7459537908994
 10
1094.7623695849527
 20
968.8324115469106
 10
1094.1753669257182
 20
968.9765078069295
 10
1093.6318459449458
 20
969.1782425709557
 10
1093.3791086888866
 20
969.3010403925418
 10
1093.1426770622504
 20
969.4388798412704
 10
1092.9225510650376
 20
969.5917609171411
 10
1092.718730697248
 20
969.7596836201542
 10
1092.5312159588814
 20
969.9426479503096
 10
1092.3600068499381
 20
970.1406539076073
 10
1092.2051033704179
 20
970.3537014920473
 10
1092.066505520321
 20
970.5817907036296
 10
1091.8382267083964
 20
971.0633755726396
 10
1091.6751704141648
 20
971.5656900790559
 10
1091.5773366376256
 20
972.0887342228784
 10
1091.5447253787793
 20
972.6325080041071
 10
1091.5557853987368
 20
972.9744206210814
 10
1091.5889654586097
 20
973.3004068093169
 10
1091.6442655583976
 20
973.6104665688134
 10
1091.7216856981006
 20
973.9045998995709
 10
1091.8212258777187
 20
974.1828068015897
 10
1091.942886097252
 20
974.4450872748694
 10
1092.0866663567006
 20
974.6914413194103
 10
1092.2525666560643
 20
974.9218689352122
 10
1092.43881739215
 20
975.1343477186258
 10
1092.6436489617645
 20
975.3268552660018
 10
1092.8670613649076
 20
975.49939157734
 10
1093.1090546015794
 20
975.6519566526406
 10
1093.36962867178
 20
975.7845504919035
 10
1093.6487835755095
 20
975.8971730951287
 10
1093.9465193127676
 20
975.9898244623162
 10
1094.2628358835543
 20
976.062504593466
 10
1094.481255477688
 20
974.6468220388957
 10
1094.0752579450736
 20
974.526236221301
 10
1093.722854109168
 20
974.3667191334557
 10
1093.4240439699713
 20
974.1682707753597
 10
1093.1788275274832
 20
973.930891147013
 10
1092.9877103826163
 20
973.6606474593638
 10
1092.8511981362826
 20
973.3636069233602
 10
1092.7692907884825
 20
973.0397695390022
 10
1092.7419883392158
 20
972.6891353062899
 10
1092.7543123614544
 20
972.4205348216059
 10
1092.7912844281695
 20
972.1648271601866
 10
1092.8529045393618
 20
971.9220123220322
 10
1092.939172695031
 20
971.6920903071426
 10
1093.050088895177
 20
971.4750611155179
 10
1093.1856531398
 20
971.270924747158
 10
1093.3458654288997
 20
971.079681202063
 10
1093.5307257624765
 20
970.9013304802327
 10
1093.7422565441796
 20
970.7401701894222
 10
1093.982480177658
 20
970.6004979373865
 10
1094.2513966629124
 20
970.4823137241254
 10
1094.5490059999424
 20
970.3856175496392
 10
1094.875308188748
 20
970.3104094139277
 10
1095.2303032293294
 20
970.2566893169909
 10
1095.6139911216862
 20
970.2244572588288
 10
1096.0263718658189
 20
970.2137132394414
 10
1096.4443774201013
 20
970.2240780581445
 10
1096.8328053210116
 20
970.2551725142538
 10
1097.1916555685495
 20
970.3069966077693
 10
1097.5209281627153
 20
970.379550338691
 10
1097.8206231035085
 20
970.4728337070189
 10
1098.0907403909298
 20
970.5868467127531
 10
1098.3312800249787
 20
970.7215893558935
 10
1098.5422420056552
 20
970.87706163644
 10
1098.7261543375212
 20
971.049218747094
 10
1098.8855450251385
 20
971.2340158805566
 10
1099.0204140685069
 20
971.431453036828
 10
1099.1307614676266
 20
971.641530215908
 10
1099.2165872224973
 20
971.8642474177966
 10
1099.2778913331194
 20
972.0996046424939
 10
1099.3146737994925
 20
972.3476018899999
 10
1099.326934621617
 20
972.6082391603145
 10
1099.2940705623146
 20
973.0192927020522
 10
1099.195478384407
 20
973.3949541799257
 10
1099.0311580878943
 20
973.735223593935
 10
1098.8011096727766
 20
974.0401009440799
 10
1098.6608054196006
 20
974.1771187913258
 10
1098.5028051344923
 20
974.3009910148506
 10
1098.3271088174517
 20
974.4117176146545
 10
1098.1337164684792
 20
974.5092985907374
 10
1097.9226280875746
 20
974.5937339430993
 10
1097.6938436747378
 20
974.6650236717402
 10
1097.447363229969
 20
974.72316777666
 10
1097.1831867532678
 20
974.7681662578589
  0
LWPOLYLINE
  5
27D
330
17
100
AcDbEntity
  8
line engraving
 62
1
420
16711680
100
AcDbPolyline
 90
95
 70
0
 10
1097.5633986393523
 20
983.3269785020607
 10
1097.7494597750958
 20
984.8316468172039
 10
1098.0698843532955
 20
984.7331810395244
 10
1098.3718544981944
 20
984.615755227632
 10
1098.6553702097926
 20
984.4793693815266
 10
1098.9204314880903
 20
984.3240235012081
 10
1099.1670383330875
 20
984.1497175866766
 10
1099.3951907447838
 20
983.9564516379321
 10
1099.6048887231796
 20
983.7442256549747
 10
1099.7961322682745
 20
983.5130396378042
 10
1099.9667725761915
 20
983.2640311884736
 10
1100.114660843053
 20
982.9983379090355
 10
1100.2397970688587
 20
982.71595979949
 10
1100.342181253609
 20
982.416896859837
 10
1100.4218133973034
 20
982.1011490900765
 10
1100.4786934999424
 20
981.7687164902087
 10
1100.5128215615257
 20
981.4195990602335
 10
1100.5241975820536
 20
981.0537968001507
 10
1100.5060591493232
 20
980.5947743718541
 10
1100.4516438511318
 20
980.1601471875782
 10
1100.3609516874797
 20
979.7499152473231
 10
1100.2339826583666
 20
979.3640785510887
 10
1100.0707367637929
 20
979.002637098875
 10
1099.871214003758
 20
978.665590890682
 10
1099.6354143782626
 20
978.3529399265097
 10
1099.363337887306
 20
978.0646842063582
 10
1099.058523737275
 20
977.8058797393508
 10
1098.7245111345562
 20
977.581582534611
 10
1098.3613000791493
 20
977.391792592139
 10
1097.9688905710543
 20
977.2365099119346
 10
1097.5472826102714
 20
977.1157344939978
 10
1097.0964761968003
 20
977.0294663383287
 10
1096.6164713306414
 20
976.9777054449272
 10
1096.1072680117943
 20
976.9604518137934
 10
1095.5804318611292
 20
976.9778950452693
 10
1095.0839317652049
 20
977.0302247396972
 10
1094.6177677240214
 20
977.117440897077
 10
1094.1819397375787
 20
977.2395435174087
 10
1093.7764478058768
 20
977.3965326006922
 10
1093.4012919289157
 20
977.5884081469278
 10
1093.0564721066953
 20
977.8151701561152
 10
1092.7419883392158
 20
978.0768186282545
 10
1092.4613798328635
 20
978.3662751505728
 10
1092.2181857940247
 20
978.6764613102974
 10
1092.0124062226998
 20
979.0073771074283
 10
1091.8440411188885
 20
979.3590225419653
 10
1091.7130904825906
 20
979.7313976139085
 10
1091.6195543138065
 20
980.1245023232578
 10
1091.5634326125362
 20
980.5383366700135
 10
1091.5447253787793
 20
980.9729006541753
 10
1091.5630534118518
 20
981.3938134137038
 10
1091.6180375110696
 20
981.7950077376507
 10
1091.7096776764324
 20
982.1764836260162
 10
1091.8379739079403
 20
982.5382410788002
 10
1092.0029262055934
 20
982.8802800960026
 10
1092.2045345693916
 20
983.2026006776235
 10
1092.4427989993349
 20
983.5052028236629
 10
1092.7177194954234
 20
983.7880865341208
 10
1093.0258832514985
 20
984.0440469959962
 10
1093.3638774614021
 20
984.2658793962883
 10
1093.7317021251342
 20
984.4535837349969
 10
1094.1293572426948
 20
984.6071600121221
 10
1094.5568428140837
 20
984.726608227664
 10
1095.0141588393012
 20
984.8119283816225
 10
1095.501305318347
 20
984.8631204739975
 10
1096.0182822512213
 20
984.8801845047892
 10
1096.0910887825992
 20
984.8796789038769
 10
1096.1800745431724
 20
984.8781621011399
 10
1096.2852395329403
 20
984.8756340965781
 10
1096.4065837519036
 20
984.8720948901918
 10
1096.4065837519036
 20
978.4651201289366
 10
1096.750139571843
 20
978.4953297834493
 10
1097.0729657543761
 20
978.5455106739997
 10
1097.3750622995033
 20
978.6156628005878
 10
1097.656429207224
 20
978.7057861632136
 10
1097.9170664775386
 20
978.815880761877
 10
1098.156974110447
 20
978.9459465965781
 10
1098.3761521059494
 20
979.095983667317
 10
1098.5746004640453
 20
979.2659919740935
 10
1098.750928782226
 20
979.4515475089247
 10
1098.903746657983
 20
979.6482262638274
 10
1099.0330540913155
 20
979.8560282388019
 10
1099.1388510822242
 20
980.0749534338479
 10
1099.2211376307084
 20
980.3050018489655
 10
1099.2799137367688
 20
980.5461734841549
 10
1099.315179400405
 20
980.7984683394158
 10
1099.326934621617
 20
981.0618864147483
 10
1099.300643374175
 20
981.4476599108688
 10
1099.221769631849
 20
981.8041085540731
 10
1099.090313394639
 20
982.1312323443613
 10
1098.9062746625448
 20
982.4290312817333
 10
1098.6645974264432
 20
982.6975053661893
 10
1098.3602256772103
 20
982.9366545977292
 10
1097.9931594148468
 20
983.146478976353
 10
1097.5633986393523
 20
983.3269785020607
  0
LWPOLYLINE
  5
27E
330
17
100
AcDbEntity
  8
line engraving
 62
1
420
16711680
100
AcDbPolyline
 90
34
 70
0
 10
1095.209320791467
 20
978.5460162749121
 10
1095.209320791467
 20
983.3431577312558
 10
1094.946787517731
 20
983.3133272774273
 10
1094.7011918745586
 20
983.2723736035273
 10
1094.47253386195
 20
983.2202967095556
 10
1094.2608134799048
 20
983.1570965955123
 10
1094.0660307284234
 20
983.0827732613974
 10
1093.8881856075054
 20
982.9973267072108
 10
1093.7272781171512
 20
982.9007569329526
 10
1093.5833082573606
 20
982.7930639386228
 10
1093.3861239015455
 20
982.6126908131432
 10
1093.2152307931722
 20
982.4194248643987
 10
1093.070628932241
 20
982.2132660923894
 10
1092.952318318752
 20
981.9942144971153
 10
1092.8602989527049
 20
981.7622700785763
 10
1092.7945708340999
 20
981.5174328367725
 10
1092.7551339629367
 20
981.2597027717039
 10
1092.7419883392158
 20
980.9890798833704
 10
1092.7524795581471
 20
980.743294639856
 10
1092.7839532149405
 20
980.5074950143603
 10
1092.8364093095965
 20
980.2816810068836
 10
1092.909847842115
 20
980.0658526174257
 10
1093.0042688124956
 20
979.8600098459866
 10
1093.1196722207387
 20
979.6641526925664
 10
1093.2560580668442
 20
979.4782811571649
 10
1093.413426350812
 20
979.3023952397824
 10
1093.588364266484
 20
979.1410453486299
 10
1093.7774590077015
 20
978.9987818919184
 10
1093.9807105744649
 20
978.8756048696479
 10
1094.198118966774
 20
978.7715142818186
 10
1094.4296841846287
 20
978.6865101284303
 10
1094.675406228029
 20
978.6205924094832
 10
1094.9352850969751
 20
978.5737611249771
 10
1095.209320791467
 20
978.5460162749121
  0
LWPOLYLINE
  5
27F
330
17
100
AcDbEntity
  8
line engraving
 62
1
420
16711680
100
AcDbPolyline
 90
35
 70
0
 10
1100.3300468317125
 20
986.6437204870539
 10
1091.7388761291204
 20
986.6437204870539
 10
1091.7388761291204
 20
987.9542380518561
 10
1093.041304079325
 20
987.9542380518561
 10
1092.6231721248143
 20
988.2002128957126
 10
1092.2829027108053
 20
988.4365813222347
 10
1092.0204958372974
 20
988.6633433314221
 10
1091.835951504291
 20
988.8804989232749
 10
1091.7085400743797
 20
989.09816011604
 10
1091.6175319101571
 20
989.3264389279645
 10
1091.5629270116237
 20
989.5653353590483
 10
1091.5447253787793
 20
989.8148494092914
 10
1091.5740502316953
 20
990.1844436762166
 10
1091.6620247904436
 20
990.557071548616
 10
1091.8086490550243
 20
990.9327330264895
 10
1092.013923025437
 20
991.311428109837
 10
1093.3648886632268
 20
990.8098720047892
 10
1093.2268596141562
 20
990.5429147230702
 10
1093.1282674362487
 20
990.2759574413514
 10
1093.0691121295042
 20
990.0090001596324
 10
1093.0493936939226
 20
989.7420428779134
 10
1093.067342526311
 20
989.509466458234
 10
1093.1211890234758
 20
989.289024460451
 10
1093.2109331854174
 20
989.0807168845641
 10
1093.3365750121354
 20
988.8845437305737
 10
1093.4940696963313
 20
988.7080890121648
 10
1093.6793724307063
 20
988.5589367430225
 10
1093.8924832152604
 20
988.437086923147
 10
1094.1334020499935
 20
988.3425395525383
 10
1094.530804367098
 20
988.2363633609455
 10
1094.9464083170467
 20
988.1605232240935
 10
1095.3802138998399
 20
988.1150191419822
 10
1095.8322211154778
 20
988.0998511146119
 10
1100.3300468317125
 20
988.0998511146119
 10
1100.3300468317125
 20
986.6437204870539
  0
CIRCLE
  5
280
330
17
100
AcDbEntity
  8
cut
 62
5
420
255
100
AcDbCircle
 10
1148.4003593317125
 20
1140.5580658997417
 30
0.0
 40
3.9
  0
CIRCLE
  5
281
330
17
100
AcDbEntity
  8
cut
 62
5
420
255
100
AcDbCircle
 10
1148.4003593317125
 20
924.6000658997416
 30
0.0
 40
10.9
  0
LWPOLYLINE
  5
282
330
17
100
AcDbEntity
  8
cut
 62
5
420
255
100
AcDbPolyline
 90
4
 70
1
 10
1124.4003593317125
 20
924.6000658997416
 42
0.9999999999999999
 10
1172.4003593317125
 20
924.6000658997416
 10
1172.400353004162
 20
1140.5754935324162
 42
0.9992741120950986
 10
1124.400365659263
 20
1140.5754935324162
  0
LWPOLYLINE
  5
283
330
17
100
AcDbEntity
  8
line engraving
 62
1
420
16711680
100
AcDbPolyline
 90
159
 70
0
 10
1151.765639004291
 20
941.867703689646
 10
1151.5391297955596
 20
943.3076550880089
 10
1151.946644130911
 20
943.395376846301
 10
1152.3035983750276
 20
943.5371979022142
 10
1152.6099925279095
 20
943.7331182557485
 10
1152.865826589557
 20
943.9831379069038
 10
1153.0675613535832
 20
944.2877624565926
 10
1153.211657613602
 20
944.6474975057272
 10
1153.2981153696132
 20
945.0623430543075
 10
1153.326934621617
 20
945.5322991023336
 10
1153.3205514100987
 20
945.7749875402599
 10
1153.3014017755436
 20
946.0014967489911
 10
1153.2694857179517
 20
946.2118267285273
 10
1153.2248032373232
 20
946.4059774788684
 10
1153.1673543336576
 20
946.5839490000144
 10
1153.0971390069556
 20
946.7457412919653
 10
1153.0141572572165
 20
946.891354354721
 10
1152.918409084441
 20
947.0207881882817
 10
1152.7052982998869
 20
947.2331405714673
 10
1152.4744914834007
 20
947.3848208451712
 10
1152.2259886349825
 20
947.4758290093936
 10
1151.959789754632
 20
947.5061650641344
 10
1151.726202133128
 20
947.47936821578
 10
1151.5189057590658
 20
947.3989776707169
 10
1151.3379006324458
 20
947.2649934289451
 10
1151.1831867532678
 20
947.0774154904645
 10
1151.1330058627175
 20
946.9886825303478
 10
1151.0795385662368
 20
946.8721415200519
 10
1151.0227848638258
 20
946.7277924595769
 10
1150.9627447554847
 20
946.5556353489229
 10
1150.8994182412132
 20
946.3556701880899
 10
1150.8328053210116
 20
946.1278969770779
 10
1150.7629059948797
 20
945.8723157158867
 10
1150.6897202628174
 20
945.5889264045164
 10
1150.5903064834274
 20
945.2038481096505
 10
1150.4943055101955
 20
944.8494850702097
 10
1150.401717343122
 20
944.5258372861938
 10
1150.312541982207
 20
944.232904757603
 10
1150.2267794274503
 20
943.9706874844373
 10
1150.1444296788518
 20
943.7391854666967
 10
1150.0654927364117
 20
943.538398704381
 10
1149.98996860013
 20
943.3683271974904
 10
1149.828176308179
 20
943.0776066728912
 10
1149.6380703651369
 20
942.8243006158057
 10
1149.419650771003
 20
942.6084090262336
 10
1149.172917525778
 20
942.4299319041753
 10
1148.9052018426905
 20
942.2901332519115
 10
1148.6238349349696
 20
942.1902770717231
 10
1148.3288168026154
 20
942.1303633636101
 10
1148.0201474456278
 20
942.1103921275724
 10
1147.7382749369947
 20
942.1268241572236
 10
1147.4670200475207
 20
942.1761202461774
 10
1147.206382777206
 20
942.2582803944338
 10
1146.9563631260507
 20
942.3733046019926
 10
1146.7220171031781
 20
942.5166424606427
 10
1146.5084007177118
 20
942.6837435621733
 10
1146.3155139696514
 20
942.8746079065841
 10
1146.1433568589975
 20
943.0892354938752
 10
1146.0227710414028
 20
943.2745382282502
 10
1145.9117916411428
 20
943.4906826182784
 10
1145.8104186582175
 20
943.7376686639595
 10
1145.7186520926266
 20
944.015496365294
 10
1145.6425591553184
 20
944.3140537040347
 10
1145.588207057241
 20
944.6232286619345
 10
1145.5555957983947
 20
944.9430212389938
 10
1145.5447253787793
 20
945.2734314352122
 10
1145.5629270116237
 20
945.7636115197322
 10
1145.6175319101571
 20
946.222949948599
 10
1145.7085400743797
 20
946.6514467218126
 10
1145.835951504291
 20
947.0491018393732
 10
1145.9944573903115
 20
947.4063088839459
 10
1146.1787489228618
 20
947.7134614381964
 10
1146.3888261019417
 20
947.9705595021246
 10
1146.6246889275515
 20
948.1776030757305
 10
1146.8944270142883
 20
948.3454625786296
 10
1147.20612997675
 20
948.4850084304372
 10
1147.5597978149365
 20
948.5962406311535
 10
1147.9554305288475
 20
948.6791591807784
 10
1148.1495812791886
 20
947.2553870116105
 10
1147.8361087135338
 20
947.1838444825135
 10
1147.559039413568
 20
947.066292270393
 10
1147.318373379291
 20
946.9027303752488
 10
1147.114110610703
 20
946.6931587970812
 10
1146.9513071169274
 20
946.4365663340653
 10
1146.8350189070875
 20
946.1319417843765
 10
1146.7652459811839
 20
945.7792851480149
 10
1146.7419883392158
 20
945.3785964249803
 10
1146.7471707485674
 20
945.1367927886506
 10
1146.762717976622
 20
944.9129379847092
 10
1146.7886300233797
 20
944.707032013156
 10
1146.8249068888406
 20
944.5190748739911
 10
1146.8715485730047
 20
944.3490665672147
 10
1146.9285550758716
 20
944.1970070928264
 10
1146.9959263974417
 20
944.0628964508265
 10
1147.073662537715
 20
943.9467346412149
 10
1147.2465780497378
 20
943.7591567027343
 10
1147.433650387306
 20
943.6251724609625
 10
1147.6348795504198
 20
943.5447819158994
 10
1147.8502655390794
 20
943.517985067545
 10
1147.98829458815
 20
943.5291082876167
 10
1148.1192452244477
 20
943.5624779478316
 10
1148.2431174479727
 20
943.6180940481897
 10
1148.3599112587247
 20
943.695956588691
 10
1148.4721546612657
 20
943.7975823720727
 10
1148.5742860455598
 20
943.9244882010717
 10
1148.6663054116068
 20
944.076674075688
 10
1148.748212759407
 20
944.2541399959216
 10
1148.771723201831
 20
944.3220169184041
 10
1148.8018064561156
 20
944.4164378887848
 10
1148.8384625222607
 20
944.5374029070638
 10
1148.8816914002664
 20
944.6849119732408
 10
1148.9314930901326
 20
944.8589650873162
 10
1148.9878675918592
 20
945.0595622492896
 10
1149.0508149054463
 20
945.2867034591612
 10
1149.120335030894
 20
945.5403887169311
 10
1149.221139212793
 20
945.9120685876198
 10
1149.317266586253
 20
946.2545500056206
 10
1149.4087171512735
 20
946.5678329709333
 10
1149.4954909078551
 20
946.851917483558
 10
1149.5775878559973
 20
947.1068035434947
 10
1149.6550079957003
 20
947.3324911507434
 10
1149.7277513269642
 20
947.5289803053041
 10
1149.7958178497888
 20
947.6962710071767
 10
1149.942189313913
 20
947.9852219285827
 10
1150.118391231866
 20
948.2413087906863
 10
1150.3244236036471
 20
948.4645315934872
 10
1150.5602864292568
 20
948.6548903369857
 10
1150.8262325091512
 20
948.807076211602
 10
1151.1225146437862
 20
948.9157804077565
 10
1151.449132833162
 20
948.9810029254492
 10
1151.8060870772786
 20
949.0027437646801
 10
1152.1648109245884
 20
948.9761997167819
 10
1152.5129171527392
 20
948.8965675730873
 10
1152.8504057617304
 20
948.7638473335963
 10
1153.1772767515624
 20
948.578038998309
 10
1153.4806372989704
 20
948.3421761726994
 10
1153.7475945806893
 20
948.0592924622415
 10
1153.9781485967192
 20
947.7293878669354
 10
1154.1722993470603
 20
947.3524623867811
 10
1154.32625482487
 20
946.9388808404816
 10
1154.4362230233053
 20
946.4990080467401
 10
1154.5022039423666
 20
946.0328440055566
 10
1154.5241975820536
 20
945.5403887169311
 10
1154.5133271624381
 20
945.1342015839748
 10
1154.4807159035918
 20
944.7529152959514
 10
1154.4263638055145
 20
944.3965298528611
 10
1154.3502708682063
 20
944.065045254704
 10
1154.2524370916674
 20
943.7584615014798
 10
1154.1328624758974
 20
943.4767785931888
 10
1153.9915470208966
 20
943.2199965298308
 10
1153.8284907266648
 20
942.9881153114059
 10
1153.6440727938864
 20
942.7786069333523
 10
1153.4386724232456
 20
942.5889433911083
 10
1153.2122896147425
 20
942.4191246846739
 10
1152.9649243683768
 20
942.2691508140491
 10
1152.696576684149
 20
942.139021779234
 10
1152.4072465620586
 20
942.0287375802284
 10
1152.096934002106
 20
941.9382982170324
 10
1151.765639004291
 20
941.867703689646
  0
LWPOLYLINE
  5
284
330
17
100
AcDbEntity
  8
line engraving
 62
1
420
16711680
100
AcDbPolyline
 90
50
 70
0
 10
1157.622519972913
 20
950.7339212885546
 10
1145.7388761291204
 20
950.7339212885546
 10
1145.7388761291204
 20
952.0606180825519
 10
1146.8552429435815
 20
952.0606180825519
 10
1146.548090389331
 20
952.3028009195658
 10
1146.2818915089806
 20
952.5601517839502
 10
1146.0566463025302
 20
952.832670675705
 10
1145.87235476998
 20
953.1203575948301
 10
1145.7290169113296
 20
953.4313021559233
 10
1145.6266327265794
 20
953.7735939735819
 10
1145.5652022157294
 20
954.1472330478059
 10
1145.5447253787793
 20
954.5522193785955
 10
1145.5801174426435
 20
955.0861339420335
 10
1145.6862936342363
 20
955.5876900470812
 10
1145.8632539535577
 20
956.0568876937388
 10
1146.1109984006075
 20
956.4937268820062
 10
1146.4232069639816
 20
956.8886011945488
 10
1146.7935596322752
 20
957.231904214032
 10
1147.222056405489
 20
957.523635940456
 10
1147.7086972836225
 20
957.7637963738206
 10
1148.2367974365684
 20
957.9513743123011
 10
1148.7896720342194
 20
958.085358554073
 10
1149.3673210765753
 20
958.1657490991361
 10
1149.9697445636361
 20
958.1925459474904
 10
1150.6126161236848
 20
958.1629682941182
 10
1151.2226236244308
 20
958.0742353340013
 10
1151.7997670658742
 20
957.92634706714
 10
1152.3440464480154
 20
957.7193034935341
 10
1152.600259710347
 20
957.5942936679564
 10
1152.841052144852
 20
957.4558854182015
 10
1153.0664237515305
 20
957.3040787442695
 10
1153.2763745303823
 20
957.1388736461603
 10
1153.4709044814076
 20
956.9602701238739
 10
1153.6500136046066
 20
956.7682681774103
 10
1153.8137018999787
 20
956.5628678067695
 10
1153.9619693675243
 20
956.3440690119515
 10
1154.207944211381
 20
955.8872585876464
 10
1154.3836405284212
 20
955.4188193423574
 10
1154.4890583186454
 20
954.9387512760844
 10
1154.5241975820536
 20
954.4470543888275
 10
1154.5049847473845
 20
954.0923753488164
 10
1154.4473462433768
 20
953.7564035425621
 10
1154.351282070031
 20
953.4391389700647
 10
1154.2167922273468
 20
953.140581631324
 10
1154.0529775317466
 20
952.8642707327266
 10
1153.8689387996524
 20
952.613745480659
 10
1153.6646760310643
 20
952.3890058751209
 10
1153.4401892259825
 20
952.1900519161126
 10
1157.622519972913
 20
952.1900519161126
 10
1157.622519972913
 20
950.7339212885546
  0
LWPOLYLINE
  5
285
330
17
100
AcDbEntity
  8
line engraving
 62
1
420
16711680
100
AcDbPolyline
 90
65
 70
0
 10
1150.0829991680016
 20
952.0525284679543
 10
1150.4840670917206
 20
952.0630196868855
 10
1150.8580853666288
 20
952.094493343679
 10
1151.2050539927266
 20
952.146949438335
 10
1151.524972970014
 20
952.2203879708534
 10
1151.8178422984906
 20
952.3148089412341
 10
1152.083661978157
 20
952.4302123494772
 10
1152.3224320090126
 20
952.5665981955826
 10
1152.5341523910577
 20
952.7239664795505
 10
1152.719960726345
 20
952.8962499904326
 10
1152.8809946169274
 20
953.0773815172807
 10
1153.0172540628048
 20
953.2673610600949
 10
1153.1287390639773
 20
953.4661886188752
 10
1153.2154496204446
 20
953.6738641936215
 10
1153.277385732207
 20
953.8903877843339
 10
1153.3145473992645
 20
954.1157593910124
 10
1153.326934621617
 20
954.3499790136569
 10
1153.3141049984663
 20
954.5883066437143
 10
1153.275616129014
 20
954.8179126580336
 10
1153.21146801326
 20
955.038797056615
 10
1153.1216606512044
 20
955.2509598394583
 10
1153.0061940428473
 20
955.4544010065638
 10
1152.8650681881886
 20
955.6491205579313
 10
1152.6982830872282
 20
955.8351184935608
 10
1152.5058387399663
 20
956.0123948134523
 10
1152.2864711441218
 20
956.1745031059734
 10
1152.0389162974143
 20
956.3149969594916
 10
1151.7631741998432
 20
956.4338763740071
 10
1151.459244851409
 20
956.5311413495198
 10
1151.1271282521113
 20
956.6067918860297
 10
1150.7668244019503
 20
956.6608279835367
 10
1150.3783333009262
 20
956.6932496420409
 10
1149.9616549490386
 20
956.7040568615423
 10
1149.563999831478
 20
956.6935024424971
 10
1149.1921303604472
 20
956.6618391853614
 10
1148.846046535946
 20
956.6090670901352
 10
1148.5257483579744
 20
956.5351861568186
 10
1148.2312358265326
 20
956.4401963854115
 10
1147.9625089416204
 20
956.324097775914
 10
1147.7195677032378
 20
956.186890328326
 10
1147.502412111385
 20
956.0285740426474
 10
1147.3109157658337
 20
955.8555953305108
 10
1147.144952266356
 20
955.6744006035486
 10
1147.0045216129517
 20
955.4849898617608
 10
1146.889623805621
 20
955.2873631051474
 10
1146.8002588443637
 20
955.0815203337083
 10
1146.73642672918
 20
954.8674615474436
 10
1146.6981274600698
 20
954.6451867463533
 10
1146.685361037033
 20
954.4146959304372
 10
1146.6989490615524
 20
954.1854691168021
 10
1146.7397131351104
 20
953.9629415152556
 10
1146.807653257707
 20
953.7471131257977
 10
1146.902769429342
 20
953.5379839484284
 10
1147.025061650016
 20
953.3355539831476
 10
1147.1745299197282
 20
953.1398232299555
 10
1147.3511742384794
 20
952.950791688852
 10
1147.554994606269
 20
952.768459359837
 10
1147.7847270208165
 20
952.600663057052
 10
1148.0391074798408
 20
952.4552395946383
 10
1148.318135983342
 20
952.332188972596
 10
1148.6218125313203
 20
952.231511190925
 10
1148.9501371237752
 20
952.1532062496253
 10
1149.3031097607072
 20
952.097274148697
 10
1149.6807304421159
 20
952.06371488814
 10
1150.0829991680016
 20
952.0525284679543
  0
LWPOLYLINE
  5
286
330
17
100
AcDbEntity
  8
line engraving
 62
1
420
16711680
100
AcDbPolyline
 90
128
 70
0
 10
1153.270307319434
 20
965.5540952312558
 10
1153.5888358942125
 20
965.1534065082212
 10
1153.8568043777561
 20
964.7603017988718
 10
1154.074212770065
 20
964.3747811032075
 10
1154.2410610711395
 20
963.9968444212285
 10
1154.3649332946643
 20
963.6158741337754
 10
1154.453413454325
 20
963.221252621689
 10
1154.5065015501214
 20
962.8129798849692
 10
1154.5241975820536
 20
962.391055923616
 10
1154.5133903625522
 20
962.0473737034484
 10
1154.4809687040479
 20
961.724168320231
 10
1154.426932606541
 20
961.4214397739635
 10
1154.3512820700312
 20
961.1391880646461
 10
1154.2540170945183
 20
960.8774131922786
 10
1154.1351376800028
 20
960.6361151568613
 10
1153.9946438264847
 20
960.4152939583938
 10
1153.8325355339634
 20
960.2149495968765
 10
1153.6536160111068
 20
960.0367252752744
 10
1153.462688466582
 20
959.8822641965526
 10
1153.259752900389
 20
959.751566360711
 10
1153.0448093125276
 20
959.6446317677496
 10
1152.817857702998
 20
959.5614604176686
 10
1152.5788980718003
 20
959.502052310468
 10
1152.3279304189343
 20
959.4664074461475
 10
1152.0649547444
 20
959.4545258247074
 10
1151.7562853874124
 20
959.4724746570957
 10
1151.4612672550584
 20
959.5263211542606
 10
1151.1799003473375
 20
959.6160653162021
 10
1150.91218466425
 20
959.7417071429202
 10
1150.664187416744
 20
959.8964210220983
 10
1150.4419758157678
 20
960.0733813414196
 10
1150.2455498613213
 20
960.272588100884
 10
1150.0749095534043
 20
960.4940413004919
 10
1149.9267684860868
 20
960.7339489334003
 10
1149.7978402534382
 20
960.9885189927668
 10
1149.6881248554591
 20
961.2577514785913
 10
1149.597622292149
 20
961.5416463908739
 10
1149.5415005908785
 20
961.7833236269755
 10
1149.486390091433
 20
962.0796057616105
 10
1149.4322907938117
 20
962.4304927947791
 10
1149.3792026980154
 20
962.8359847264809
 10
1149.3253562008506
 20
963.2623326958171
 10
1149.2689816991237
 20
963.6596086126933
 10
1149.2100791928353
 20
964.0278124771097
 10
1149.1486486819854
 20
964.3669442890662
 10
1149.0846901665734
 20
964.6770040485627
 10
1149.0182036465999
 20
964.9579917555993
 10
1148.9491891220646
 20
965.2099074101759
 10
1148.8776465929675
 20
965.4327510122927
 10
1148.7416399475464
 20
965.4362902186791
 10
1148.6329357513919
 20
965.4388182232408
 10
1148.551534004504
 20
965.4403350259779
 10
1148.497434706883
 20
965.4408406268902
 10
1148.2831863202762
 20
965.4343942152578
 10
1148.0853699633205
 20
965.4150549803605
 10
1147.9039856360162
 20
965.3828229221984
 10
1147.7390333383632
 20
965.3376980407716
 10
1147.5905130703613
 20
965.2796803360798
 10
1147.458424832011
 20
965.2087698081232
 10
1147.3427686233115
 20
965.1249664569017
 10
1147.2435444442635
 20
965.0282702824154
 10
1147.1278882355643
 20
964.880255615326
 10
1147.0276528546915
 20
964.7153033176729
 10
1146.9428383016455
 20
964.5334133894562
 10
1146.873444576426
 20
964.334585830676
 10
1146.8194716790329
 20
964.1188206413321
 10
1146.7809196094665
 20
963.8861178214246
 10
1146.7577883677266
 20
963.6364773709536
 10
1146.7500779538134
 20
963.3698992899189
 10
1146.7557027639632
 20
963.1214596416146
 10
1146.7725771944129
 20
962.8898312236458
 10
1146.8007012451621
 20
962.6750140360126
 10
1146.840074916211
 20
962.4770080787149
 10
1146.8906982075598
 20
962.2958133517527
 10
1146.9525711192082
 20
962.131429855126
 10
1147.0256936511564
 20
961.9838575888349
 10
1147.1100658034043
 20
961.8530965528793
 10
1147.3246933906953
 20
961.6243121400425
 10
1147.6085883029778
 20
961.4273805846835
 10
1147.9617505402518
 20
961.2623018868023
 10
1148.3841801025173
 20
961.1290760463991
 10
1148.1900293521762
 20
959.7053038772312
 10
1147.754959767102
 20
959.8180528806845
 10
1147.3638774614021
 20
959.9621491407033
 10
1147.0167824350763
 20
960.1375926572875
 10
1146.7136746881245
 20
960.3443834304372
 10
1146.4487398100548
 20
960.5916222765748
 10
1146.2161633903754
 20
960.8884100121221
 10
1146.0159454290863
 20
961.2347466370795
 10
1145.8480859261872
 20
961.6306321514468
 10
1145.7153656866963
 20
962.0679769406265
 10
1145.6205655156314
 20
962.5386913900212
 10
1145.5636854129923
 20
963.0427754996307
 10
1145.5447253787793
 20
963.580229269455
 10
1145.5609046079744
 20
964.1045374155583
 10
1145.6094422955596
 20
964.5772742686023
 10
1145.690338441535
 20
964.9984398285869
 10
1145.8035930459007
 20
965.3680340955123
 10
1145.9413692945152
 20
965.6890906748523
 10
1146.095830373237
 20
965.9646431720812
 10
1146.2669762820663
 20
966.1946915871988
 10
1146.454807021003
 20
966.3792359202054
 10
1146.6638729982583
 20
966.5288937902599
 10
1146.8987246220433
 20
966.6542828165218
 10
1147.159361892358
 20
966.7554029989911
 10
1147.4457848092022
 20
966.8322543376678
 10
1147.6692604124594
 20
966.8641071951456
 10
1147.967564950744
 20
966.8868592362013
 10
1148.3406984240555
 20
966.9005104608347
 10
1148.7886608323945
 20
966.9050608690458
 10
1150.7301683358053
 20
966.9050608690458
 10
1151.2144708097192
 20
966.9065144716687
 10
1151.6521315994692
 20
966.9108752795378
 10
1152.043150705055
 20
966.9181432926528
 10
1152.387528126477
 20
966.9283185110137
 10
1152.6852638637351
 20
966.9414009346207
 10
1152.9363579168291
 20
966.9573905634736
 10
1153.1408102857592
 20
966.9762873975726
 10
1153.2986209705255
 20
966.9980914369175
 10
1153.564819850876
 20
967.0559827413812
 10
1153.8254571211905
 20
967.1366260869004
 10
1154.0805327814694
 20
967.2400214734753
 10
1154.3300468317125
 20
967.3661689011058
 10
1154.3300468317125
 20
965.8453213567674
 10
1154.0939312056466
 20
965.7421787706487
 10
1153.8386027449117
 20
965.6592602210239
 10
1153.5640614495073
 20
965.596565707893
 10
1153.270307319434
 20
965.5540952312558
  0
LWPOLYLINE
  5
287
330
17
100
AcDbEntity
  8
line engraving
 62
1
420
16711680
100
AcDbPolyline
 90
42
 70
0
 10
1150.0182822512213
 20
965.4327510122927
 10
1150.0976615944596
 20
965.2221682323003
 10
1150.174007332224
 20
964.986811007603
 10
1150.2473194645142
 20
964.7266793382007
 10
1150.3175979913303
 20
964.4417732240935
 10
1150.3848429126726
 20
964.1320926652812
 10
1150.4490542285405
 20
963.7976376617639
 10
1150.5102319389346
 20
963.4384082135417
 10
1150.5683760438544
 20
963.0544043206146
 10
1150.635115364284
 20
962.6382947697534
 10
1150.7058994920126
 20
962.2879133374972
 10
1150.7807284270398
 20
962.0032600238462
 10
1150.8596021693659
 20
961.7843348288002
 10
1150.9498519322196
 20
961.6088913122159
 10
1151.0588089288303
 20
961.4546830339502
 10
1151.186473159198
 20
961.3217099940031
 10
1151.3328446233222
 20
961.2099721923745
 10
1151.4928673120799
 20
961.1214920327138
 10
1151.6614852163475
 20
961.0582919186705
 10
1151.838698336125
 20
961.0203718502446
 10
1152.0245066714124
 20
961.0077318274359
 10
1152.3035983750276
 20
961.0352870771588
 10
1152.5584212348504
 20
961.1179528263275
 10
1152.7889752508804
 20
961.2557290749419
 10
1152.9952604231178
 20
961.4486158230021
 10
1153.1651423296662
 20
961.6945906668586
 10
1153.2864865486292
 20
961.9916312028622
 10
1153.359293080007
 20
962.3397374310128
 10
1153.3835619237998
 20
962.7389093513104
 10
1153.360557082288
 20
963.1479404893987
 10
1153.2915425577528
 20
963.5337139855192
 10
1153.1765183501939
 20
963.8962298396716
 10
1153.0154844596116
 20
964.2354880518561
 10
1152.814508096954
 20
964.5413766038258
 10
1152.5796564731688
 20
964.8037834773336
 10
1152.3109295882566
 20
965.0227086723796
 10
1152.0083274422173
 20
965.1981521889638
 10
1151.732269344076
 20
965.3007891741702
 10
1151.3975615401027
 20
965.3741013064605
 10
1151.0042040302972
 20
965.4180885858347
 10
1150.5521968146593
 20
965.4327510122927
 10
1150.0182822512213
 20
965.4327510122927
  0
LWPOLYLINE
  5
288
330
17
100
AcDbEntity
  8
line engraving
 62
1
420
16711680
100
AcDbPolyline
 90
119
 70
0
 10
1151.1831867532678
 20
974.7681662578589
 10
1151.3692478890111
 20
976.2000280416241
 10
1151.7292989387158
 20
976.1299391151501
 10
1152.069252352155
 20
976.0369717473924
 10
1152.3891081293282
 20
975.921125938351
 10
1152.6888662702356
 20
975.782401688026
 10
1152.9685267748773
 20
975.6207989964172
 10
1153.2280896432533
 20
975.4363178635248
 10
1153.4675548753632
 20
975.2289582893486
 10
1153.6869224712077
 20
974.9987202738888
 10
1153.8831588253122
 20
974.7501542253565
 10
1154.0532303322027
 20
974.4878105519626
 10
1154.1971369918795
 20
974.2116892537074
 10
1154.3148788043422
 20
973.9217903305907
 10
1154.4064557695908
 20
973.6181137826127
 10
1154.4718678876256
 20
973.3006596097731
 10
1154.5111151584467
 20
972.9694278120721
 10
1154.5241975820536
 20
972.6244183895096
 10
1154.5061855495512
 20
972.1943416134449
 10
1154.4521494520443
 20
971.785879276383
 10
1154.3620892895326
 20
971.3990313783238
 10
1154.2360050620161
 20
971.0337979192675
 10
1154.073896769495
 20
970.690178899214
 10
1153.8757644119692
 20
970.3681743181633
 10
1153.6416079894386
 20
970.0677841761154
 10
1153.3714275019036
 20
969.7890084730703
 10
1153.0676245536974
 20
969.5377880197482
 10
1152.7326007491538
 20
969.3200636268689
 10
1152.3663560882728
 20
969.1358352944326
 10
1151.9688905710543
 20
968.9851030224393
 10
1151.5402041974985
 20
968.8678668108889
 10
1151.0802969676054
 20
968.7841266597816
 10
1150.5891688813747
 20
968.7338825691171
 10
1150.0668199388067
 20
968.7171345388956
 10
1149.3928539226488
 20
968.7459537908994
 10
1148.7623695849527
 20
968.8324115469106
 10
1148.1753669257182
 20
968.9765078069295
 10
1147.6318459449458
 20
969.1782425709557
 10
1147.3791086888866
 20
969.3010403925418
 10
1147.1426770622504
 20
969.4388798412704
 10
1146.9225510650376
 20
969.5917609171411
 10
1146.718730697248
 20
969.7596836201542
 10
1146.5312159588814
 20
969.9426479503096
 10
1146.3600068499381
 20
970.1406539076073
 10
1146.2051033704179
 20
970.3537014920473
 10
1146.066505520321
 20
970.5817907036296
 10
1145.8382267083964
 20
971.0633755726396
 10
1145.6751704141648
 20
971.5656900790559
 10
1145.5773366376256
 20
972.0887342228784
 10
1145.5447253787793
 20
972.6325080041071
 10
1145.5557853987368
 20
972.9744206210814
 10
1145.5889654586097
 20
973.3004068093169
 10
1145.6442655583976
 20
973.6104665688134
 10
1145.7216856981006
 20
973.9045998995709
 10
1145.8212258777187
 20
974.1828068015897
 10
1145.942886097252
 20
974.4450872748694
 10
1146.0866663567006
 20
974.6914413194103
 10
1146.2525666560643
 20
974.9218689352122
 10
1146.43881739215
 20
975.1343477186258
 10
1146.6436489617645
 20
975.3268552660018
 10
1146.8670613649076
 20
975.49939157734
 10
1147.1090546015794
 20
975.6519566526406
 10
1147.36962867178
 20
975.7845504919035
 10
1147.6487835755095
 20
975.8971730951287
 10
1147.9465193127676
 20
975.9898244623162
 10
1148.2628358835543
 20
976.062504593466
 10
1148.481255477688
 20
974.6468220388957
 10
1148.0752579450736
 20
974.526236221301
 10
1147.722854109168
 20
974.3667191334557
 10
1147.4240439699713
 20
974.1682707753597
 10
1147.1788275274832
 20
973.930891147013
 10
1146.9877103826163
 20
973.6606474593638
 10
1146.8511981362826
 20
973.3636069233602
 10
1146.7692907884825
 20
973.0397695390022
 10
1146.7419883392158
 20
972.6891353062899
 10
1146.7543123614544
 20
972.4205348216059
 10
1146.7912844281695
 20
972.1648271601866
 10
1146.8529045393618
 20
971.9220123220322
 10
1146.939172695031
 20
971.6920903071426
 10
1147.050088895177
 20
971.4750611155179
 10
1147.1856531398
 20
971.270924747158
 10
1147.3458654288997
 20
971.079681202063
 10
1147.5307257624765
 20
970.9013304802327
 10
1147.7422565441796
 20
970.7401701894222
 10
1147.982480177658
 20
970.6004979373865
 10
1148.2513966629124
 20
970.4823137241254
 10
1148.5490059999424
 20
970.3856175496392
 10
1148.875308188748
 20
970.3104094139277
 10
1149.2303032293294
 20
970.2566893169909
 10
1149.6139911216862
 20
970.2244572588288
 10
1150.0263718658189
 20
970.2137132394414
 10
1150.4443774201013
 20
970.2240780581445
 10
1150.8328053210116
 20
970.2551725142538
 10
1151.1916555685495
 20
970.3069966077693
 10
1151.5209281627153
 20
970.379550338691
 10
1151.8206231035085
 20
970.4728337070189
 10
1152.0907403909298
 20
970.5868467127531
 10
1152.3312800249787
 20
970.7215893558935
 10
1152.5422420056552
 20
970.87706163644
 10
1152.7261543375212
 20
971.049218747094
 10
1152.8855450251385
 20
971.2340158805566
 10
1153.0204140685069
 20
971.431453036828
 10
1153.1307614676266
 20
971.641530215908
 10
1153.2165872224973
 20
971.8642474177966
 10
1153.2778913331194
 20
972.0996046424939
 10
1153.3146737994925
 20
972.3476018899999
 10
1153.326934621617
 20
972.6082391603145
 10
1153.2940705623146
 20
973.0192927020522
 10
1153.195478384407
 20
973.3949541799257
 10
1153.0311580878943
 20
973.735223593935
 10
1152.8011096727766
 20
974.0401009440799
 10
1152.6608054196006
 20
974.1771187913258
 10
1152.5028051344923
 20
974.3009910148506
 10
1152.3271088174517
 20
974.4117176146545
 10
1152.1337164684792
 20
974.5092985907374
 10
1151.9226280875746
 20
974.5937339430993
 10
1151.6938436747378
 20
974.6650236717402
 10
1151.447363229969
 20
974.72316777666
 10
1151.1831867532678
 20
974.7681662578589
  0
LWPOLYLINE
  5
289
330
17
100
AcDbEntity
  8
line engraving
 62
1
420
16711680
100
AcDbPolyline
 90
95
 70
0
 10
1151.5633986393523
 20
983.3269785020607
 10
1151.7494597750958
 20
984.8316468172039
 10
1152.0698843532955
 20
984.7331810395244
 10
1152.3718544981944
 20
984.615755227632
 10
1152.6553702097926
 20
984.4793693815266
 10
1152.9204314880903
 20
984.3240235012081
 10
1153.1670383330875
 20
984.1497175866766
 10
1153.3951907447838
 20
983.9564516379321
 10
1153.6048887231796
 20
983.7442256549747
 10
1153.7961322682745
 20
983.5130396378042
 10
1153.9667725761915
 20
983.2640311884736
 10
1154.114660843053
 20
982.9983379090355
 10
1154.2397970688587
 20
982.71595979949
 10
1154.342181253609
 20
982.416896859837
 10
1154.4218133973034
 20
982.1011490900765
 10
1154.4786934999424
 20
981.7687164902087
 10
1154.5128215615257
 20
981.4195990602335
 10
1154.5241975820536
 20
981.0537968001507
 10
1154.5060591493232
 20
980.5947743718541
 10
1154.4516438511318
 20
980.1601471875782
 10
1154.3609516874797
 20
979.7499152473231
 10
1154.2339826583666
 20
979.3640785510887
 10
1154.0707367637929
 20
979.002637098875
 10
1153.871214003758
 20
978.665590890682
 10
1153.6354143782626
 20
978.3529399265097
 10
1153.363337887306
 20
978.0646842063582
 10
1153.058523737275
 20
977.8058797393508
 10
1152.7245111345562
 20
977.581582534611
 10
1152.3613000791493
 20
977.391792592139
 10
1151.9688905710543
 20
977.2365099119346
 10
1151.5472826102714
 20
977.1157344939978
 10
1151.0964761968003
 20
977.0294663383287
 10
1150.6164713306414
 20
976.9777054449272
 10
1150.1072680117943
 20
976.9604518137934
 10
1149.5804318611292
 20
976.9778950452693
 10
1149.0839317652049
 20
977.0302247396972
 10
1148.6177677240214
 20
977.117440897077
 10
1148.1819397375787
 20
977.2395435174087
 10
1147.7764478058768
 20
977.3965326006922
 10
1147.4012919289157
 20
977.5884081469278
 10
1147.0564721066953
 20
977.8151701561152
 10
1146.7419883392158
 20
978.0768186282545
 10
1146.4613798328635
 20
978.3662751505728
 10
1146.2181857940247
 20
978.6764613102974
 10
1146.0124062226998
 20
979.0073771074283
 10
1145.8440411188885
 20
979.3590225419653
 10
1145.7130904825906
 20
979.7313976139085
 10
1145.6195543138065
 20
980.1245023232578
 10
1145.5634326125362
 20
980.5383366700135
 10
1145.5447253787793
 20
980.9729006541753
 10
1145.5630534118518
 20
981.3938134137038
 10
1145.6180375110696
 20
981.7950077376507
 10
1145.7096776764324
 20
982.1764836260162
 10
1145.8379739079403
 20
982.5382410788002
 10
1146.0029262055934
 20
982.8802800960026
 10
1146.2045345693916
 20
983.2026006776235
 10
1146.4427989993349
 20
983.5052028236629
 10
1146.7177194954234
 20
983.7880865341208
 10
1147.0258832514985
 20
984.0440469959962
 10
1147.3638774614021
 20
984.2658793962883
 10
1147.7317021251342
 20
984.4535837349969
 10
1148.1293572426948
 20
984.6071600121221
 10
1148.5568428140837
 20
984.726608227664
 10
1149.0141588393012
 20
984.8119283816225
 10
1149.501305318347
 20
984.8631204739975
 10
1150.0182822512213
 20
984.8801845047892
 10
1150.0910887825992
 20
984.8796789038769
 10
1150.1800745431724
 20
984.8781621011399
 10
1150.2852395329403
 20
984.8756340965781
 10
1150.4065837519036
 20
984.8720948901918
 10
1150.4065837519036
 20
978.4651201289366
 10
1150.750139571843
 20
978.4953297834493
 10
1151.0729657543761
 20
978.5455106739997
 10
1151.3750622995033
 20
978.6156628005878
 10
1151.656429207224
 20
978.7057861632136
 10
1151.9170664775386
 20
978.815880761877
 10
1152.156974110447
 20
978.9459465965781
 10
1152.3761521059494
 20
979.095983667317
 10
1152.5746004640453
 20
979.2659919740935
 10
1152.750928782226
 20
979.4515475089247
 10
1152.903746657983
 20
979.6482262638274
 10
1153.0330540913155
 20
979.8560282388019
 10
1153.1388510822242
 20
980.0749534338479
 10
1153.2211376307084
 20
980.3050018489655
 10
1153.2799137367688
 20
980.5461734841549
 10
1153.315179400405
 20
980.7984683394158
 10
1153.326934621617
 20
981.0618864147483
 10
1153.300643374175
 20
981.4476599108688
 10
1153.221769631849
 20
981.8041085540731
 10
1153.090313394639
 20
982.1312323443613
 10
1152.9062746625448
 20
982.4290312817333
 10
1152.6645974264432
 20
982.6975053661893
 10
1152.3602256772103
 20
982.9366545977292
 10
1151.9931594148468
 20
983.146478976353
 10
1151.5633986393523
 20
983.3269785020607
  0
LWPOLYLINE
  5
28A
330
17
100
AcDbEntity
  8
line engraving
 62
1
420
16711680
100
AcDbPolyline
 90
34
 70
0
 10
1149.209320791467
 20
978.5460162749121
 10
1149.209320791467
 20
983.3431577312558
 10
1148.946787517731
 20
983.3133272774273
 10
1148.7011918745586
 20
983.2723736035273
 10
1148.47253386195
 20
983.2202967095556
 10
1148.2608134799048
 20
983.1570965955123
 10
1148.0660307284234
 20
983.0827732613974
 10
1147.8881856075054
 20
982.9973267072108
 10
1147.7272781171512
 20
982.9007569329526
 10
1147.5833082573606
 20
982.7930639386228
 10
1147.3861239015455
 20
982.6126908131432
 10
1147.2152307931722
 20
982.4194248643987
 10
1147.070628932241
 20
982.2132660923894
 10
1146.952318318752
 20
981.9942144971153
 10
1146.8602989527049
 20
981.7622700785763
 10
1146.7945708340999
 20
981.5174328367725
 10
1146.7551339629367
 20
981.2597027717039
 10
1146.7419883392158
 20
980.9890798833704
 10
1146.7524795581471
 20
980.743294639856
 10
1146.7839532149405
 20
980.5074950143603
 10
1146.8364093095965
 20
980.2816810068836
 10
1146.909847842115
 20
980.0658526174257
 10
1147.0042688124956
 20
979.8600098459866
 10
1147.1196722207387
 20
979.6641526925664
 10
1147.2560580668442
 20
979.4782811571649
 10
1147.413426350812
 20
979.3023952397824
 10
1147.588364266484
 20
979.1410453486299
 10
1147.7774590077015
 20
978.9987818919184
 10
1147.9807105744649
 20
978.8756048696479
 10
1148.198118966774
 20
978.7715142818186
 10
1148.4296841846287
 20
978.6865101284303
 10
1148.675406228029
 20
978.6205924094832
 10
1148.9352850969751
 20
978.5737611249771
 10
1149.209320791467
 20
978.5460162749121
  0
LWPOLYLINE
  5
28B
330
17
100
AcDbEntity
  8
line engraving
 62
1
420
16711680
100
AcDbPolyline
 90
35
 70
0
 10
1154.3300468317125
 20
986.6437204870539
 10
1145.7388761291204
 20
986.6437204870539
 10
1145.7388761291204
 20
987.9542380518561
 10
1147.041304079325
 20
987.9542380518561
 10
1146.6231721248143
 20
988.2002128957126
 10
1146.2829027108053
 20
988.4365813222347
 10
1146.0204958372974
 20
988.6633433314221
 10
1145.835951504291
 20
988.8804989232749
 10
1145.7085400743797
 20
989.09816011604
 10
1145.6175319101571
 20
989.3264389279645
 10
1145.5629270116237
 20
989.5653353590483
 10
1145.5447253787793
 20
989.8148494092914
 10
1145.5740502316953
 20
990.1844436762166
 10
1145.6620247904436
 20
990.557071548616
 10
1145.8086490550243
 20
990.9327330264895
 10
1146.013923025437
 20
991.311428109837
 10
1147.3648886632268
 20
990.8098720047892
 10
1147.2268596141562
 20
990.5429147230702
 10
1147.1282674362487
 20
990.2759574413514
 10
1147.0691121295042
 20
990.0090001596324
 10
1147.0493936939226
 20
989.7420428779134
 10
1147.067342526311
 20
989.509466458234
 10
1147.1211890234758
 20
989.289024460451
 10
1147.2109331854174
 20
989.0807168845641
 10
1147.3365750121354
 20
988.8845437305737
 10
1147.4940696963313
 20
988.7080890121648
 10
1147.6793724307063
 20
988.5589367430225
 10
1147.8924832152604
 20
988.437086923147
 10
1148.1334020499935
 20
988.3425395525383
 10
1148.530804367098
 20
988.2363633609455
 10
1148.9464083170467
 20
988.1605232240935
 10
1149.3802138998399
 20
988.1150191419822
 10
1149.8322211154778
 20
988.0998511146119
 10
1154.3300468317125
 20
988.0998511146119
 10
1154.3300468317125
 20
986.6437204870539
  0
CIRCLE
  5
28C
330
17
100
AcDbEntity
  8
cut
 62
5
420
255
100
AcDbCircle
 10
965.9583263818415
 20
1094.4004059576896
 30
0.0
 40
3.9
  0
CIRCLE
  5
28D
330
17
100
AcDbEntity
  8
cut
 62
5
420
255
100
AcDbCircle
 10
750.0003263818415
 20
1094.4004059576896
 30
0.0
 40
10.9
  0
LWPOLYLINE
  5
28E
330
17
100
AcDbEntity
  8
cut
 62
5
420
255
100
AcDbPolyline
 90
4
 70
1
 10
750.0003263818415
 20
1118.4004059576896
 42
0.9999999999999999
 10
750.0003263818415
 20
1070.4004059576896
 10
965.9757540145162
 20
1070.40041228524
 42
0.9992741120950986
 10
965.9757540145162
 20
1118.4003996301392
  0
LWPOLYLINE
  5
28F
330
17
100
AcDbEntity
  8
line engraving
 62
1
420
16711680
100
AcDbPolyline
 90
159
 70
0
 10
767.2679641717459
 20
1091.0351262851111
 10
768.7079155701089
 20
1091.2616354938425
 10
768.795637328401
 20
1090.8541211584911
 10
768.9374583843141
 20
1090.4971669143745
 10
769.1333787378485
 20
1090.1907727614926
 10
769.3833983890038
 20
1089.9349386998451
 10
769.6880229386926
 20
1089.733203935819
 10
770.0477579878271
 20
1089.5891076758
 10
770.4626035364074
 20
1089.5026499197888
 10
770.9325595844335
 20
1089.473830667785
 10
771.1752480223598
 20
1089.4802138793034
 10
771.4017572310911
 20
1089.4993635138585
 10
771.6120872106272
 20
1089.5312795714503
 10
771.8062379609684
 20
1089.575962052079
 10
771.9842094821144
 20
1089.6334109557445
 10
772.1460017740652
 20
1089.7036262824465
 10
772.2916148368209
 20
1089.7866080321855
 10
772.4210486703817
 20
1089.882356204961
 10
772.6334010535672
 20
1090.0954669895152
 10
772.7850813272712
 20
1090.3262738060014
 10
772.8760894914935
 20
1090.5747766544196
 10
772.9064255462343
 20
1090.84097553477
 10
772.87962869788
 20
1091.074563156274
 10
772.7992381528169
 20
1091.2818595303363
 10
772.665253911045
 20
1091.4628646569563
 10
772.4776759725645
 20
1091.6175785361343
 10
772.3889430124477
 20
1091.6677594266846
 10
772.2724020021518
 20
1091.7212267231653
 10
772.1280529416769
 20
1091.7779804255763
 10
771.9558958310229
 20
1091.8380205339174
 10
771.7559306701899
 20
1091.9013470481889
 10
771.5281574591778
 20
1091.9679599683905
 10
771.2725761979866
 20
1092.0378592945224
 10
770.9891868866164
 20
1092.1110450265846
 10
770.6041085917504
 20
1092.2104588059747
 10
770.2497455523096
 20
1092.3064597792065
 10
769.9260977682937
 20
1092.39904794628
 10
769.633165239703
 20
1092.488223307195
 10
769.3709479665373
 20
1092.5739858619518
 10
769.1394459487966
 20
1092.6563356105503
 10
768.938659186481
 20
1092.7352725529904
 10
768.7685876795904
 20
1092.8107966892721
 10
768.4778671549911
 20
1092.972588981223
 10
768.2245610979055
 20
1093.1626949242652
 10
768.0086695083336
 20
1093.381114518399
 10
767.8301923862753
 20
1093.627847763624
 10
767.6903937340114
 20
1093.8955634467115
 10
767.5905375538231
 20
1094.1769303544324
 10
767.53062384571
 20
1094.4719484867867
 10
767.5106526096723
 20
1094.7806178437743
 10
767.5270846393236
 20
1095.0624903524074
 10
767.5763807282774
 20
1095.3337452418814
 10
767.6585408765337
 20
1095.594382512196
 10
767.7735650840925
 20
1095.8444021633513
 10
767.9169029427427
 20
1096.078748186224
 10
768.0840040442732
 20
1096.2923645716903
 10
768.274868388684
 20
1096.4852513197507
 10
768.4894959759752
 20
1096.6574084304045
 10
768.6747987103502
 20
1096.7779942479992
 10
768.8909431003783
 20
1096.8889736482593
 10
769.1379291460595
 20
1096.9903466311846
 10
769.4157568473939
 20
1097.0821131967755
 10
769.7143141861346
 20
1097.1582061340837
 10
770.0234891440346
 20
1097.212558232161
 10
770.3432817210937
 20
1097.2451694910073
 10
770.6736919173121
 20
1097.2560399106228
 10
771.163872001832
 20
1097.2378382777783
 10
771.6232104306989
 20
1097.183233379245
 10
772.0517072039127
 20
1097.0922252150224
 10
772.4493623214731
 20
1096.9648137851111
 10
772.8065693660459
 20
1096.8063078990906
 10
773.1137219202965
 20
1096.6220163665403
 10
773.3708199842247
 20
1096.4119391874603
 10
773.5778635578306
 20
1096.1760763618506
 10
773.7457230607296
 20
1095.9063382751137
 10
773.8852689125372
 20
1095.5946353126521
 10
773.9965011132534
 20
1095.2409674744656
 10
774.0794196628783
 20
1094.8453347605546
 10
772.6556474937105
 20
1094.6511840102135
 10
772.5841049646134
 20
1094.9646565758683
 10
772.4665527524928
 20
1095.2417258758342
 10
772.3029908573487
 20
1095.4823919101111
 10
772.0934192791811
 20
1095.6866546786991
 10
771.8368268161653
 20
1095.8494581724747
 10
771.5322022664766
 20
1095.9657463823146
 10
771.1795456301148
 20
1096.0355193082182
 10
770.7788569070802
 20
1096.0587769501863
 10
770.5370532707506
 20
1096.0535945408346
 10
770.3131984668091
 20
1096.03804731278
 10
770.1072924952559
 20
1096.0121352660224
 10
769.9193353560911
 20
1095.9758584005615
 10
769.7493270493146
 20
1095.9292167163974
 10
769.5972675749264
 20
1095.8722102135305
 10
769.4631569329265
 20
1095.8048388919603
 10
769.3469951233149
 20
1095.727102751687
 10
769.1594171848343
 20
1095.5541872396643
 10
769.0254329430625
 20
1095.367114902096
 10
768.9450423979994
 20
1095.1658857389823
 10
768.918245549645
 20
1094.9504997503227
 10
768.9293687697166
 20
1094.812470701252
 10
768.9627384299315
 20
1094.6815200649544
 10
769.0183545302896
 20
1094.5576478414293
 10
769.096217070791
 20
1094.4408540306774
 10
769.1978428541727
 20
1094.3286106281364
 10
769.3247486831716
 20
1094.2264792438423
 10
769.4769345577879
 20
1094.1344598777953
 10
769.6544004780216
 20
1094.0525525299952
 10
769.722277400504
 20
1094.029042087571
 10
769.8166983708848
 20
1093.9989588332865
 10
769.9376633891637
 20
1093.9623027671414
 10
770.0851724553409
 20
1093.9190738891357
 10
770.2592255694161
 20
1093.8692721992695
 10
770.4598227313895
 20
1093.812897697543
 10
770.6869639412612
 20
1093.7499503839558
 10
770.9406491990311
 20
1093.680430258508
 10
771.3123290697198
 20
1093.579626076609
 10
771.6548104877205
 20
1093.483498703149
 10
771.9680934530332
 20
1093.3920481381285
 10
772.252177965658
 20
1093.305274381547
 10
772.5070640255947
 20
1093.2231774334048
 10
772.7327516328434
 20
1093.1457572937018
 10
772.9292407874041
 20
1093.073013962438
 10
773.0965314892767
 20
1093.0049474396133
 10
773.3854824106827
 20
1092.858575975489
 10
773.6415692727862
 20
1092.682374057536
 10
773.8647920755872
 20
1092.476341685755
 10
774.0551508190856
 20
1092.2404788601452
 10
774.2073366937019
 20
1091.974532780251
 10
774.3160408898564
 20
1091.678250645616
 10
774.3812634075491
 20
1091.3516324562402
 10
774.40300424678
 20
1090.9946782121235
 10
774.3764601988819
 20
1090.6359543648136
 10
774.2968280551872
 20
1090.287848136663
 10
774.1641078156963
 20
1089.9503595276717
 10
773.978299480409
 20
1089.6234885378396
 10
773.7424366547993
 20
1089.3201279904317
 10
773.4595529443415
 20
1089.0531707087127
 10
773.1296483490354
 20
1088.822616692683
 10
772.752722868881
 20
1088.6284659423418
 10
772.3391413225816
 20
1088.4745104645322
 10
771.8992685288401
 20
1088.3645422660968
 10
771.4331044876566
 20
1088.2985613470355
 10
770.9406491990311
 20
1088.2765677073485
 10
770.5344620660748
 20
1088.287438126964
 10
770.1531757780514
 20
1088.3200493858103
 10
769.7967903349611
 20
1088.3744014838876
 10
769.4653057368039
 20
1088.4504944211958
 10
769.1587219835798
 20
1088.5483281977347
 10
768.8770390752887
 20
1088.6679028135047
 10
768.6202570119308
 20
1088.8092182685054
 10
768.3883757935058
 20
1088.9722745627373
 10
768.1788674154523
 20
1089.1566924955157
 10
767.9892038732082
 20
1089.3620928661564
 10
767.8193851667738
 20
1089.5884756746595
 10
767.6694112961491
 20
1089.8358409210252
 10
767.5392822613339
 20
1090.104188605253
 10
767.4289980623283
 20
1090.3935187273435
 10
767.3385586991324
 20
1090.703831287296
 10
767.2679641717459
 20
1091.0351262851111
  0
LWPOLYLINE
  5
290
330
17
100
AcDbEntity
  8
line engraving
 62
1
420
16711680
100
AcDbPolyline
 90
50
 70
0
 10
776.1341817706545
 20
1085.178245316489
 10
776.1341817706545
 20
1097.0618891602817
 10
777.4608785646518
 20
1097.0618891602817
 10
777.4608785646518
 20
1095.9455223458206
 10
777.7030614016658
 20
1096.252674900071
 10
777.9604122660502
 20
1096.5188737804215
 10
778.232931157805
 20
1096.7441189868719
 10
778.5206180769301
 20
1096.9284105194222
 10
778.8315626380232
 20
1097.0717483780725
 10
779.1738544556819
 20
1097.1741325628227
 10
779.5474935299059
 20
1097.2355630736727
 10
779.9524798606955
 20
1097.2560399106228
 10
780.4863944241334
 20
1097.2206478467585
 10
780.9879505291811
 20
1097.1144716551657
 10
781.4571481758387
 20
1096.9375113358444
 10
781.8939873641061
 20
1096.6897668887946
 10
782.2888616766487
 20
1096.3775583254205
 10
782.632164696132
 20
1096.0072056571269
 10
782.9238964225559
 20
1095.5787088839131
 10
783.1640568559205
 20
1095.0920680057795
 10
783.3516347944011
 20
1094.5639678528337
 10
783.4856190361729
 20
1094.0110932551827
 10
783.566009581236
 20
1093.4334442128268
 10
783.5928064295904
 20
1092.831020725766
 10
783.5632287762181
 20
1092.1881491657173
 10
783.4744958161014
 20
1091.5781416649713
 10
783.32660754924
 20
1091.0009982235279
 10
783.119563975634
 20
1090.4567188413866
 10
782.9945541500564
 20
1090.200505579055
 10
782.8561459003015
 20
1089.95971314455
 10
782.7043392263695
 20
1089.7343415378716
 10
782.5391341282602
 20
1089.5243907590198
 10
782.3605306059738
 20
1089.3298608079945
 10
782.1685286595102
 20
1089.1507516847955
 10
781.9631282888695
 20
1088.9870633894234
 10
781.7443294940515
 20
1088.8387959218778
 10
781.2875190697464
 20
1088.5928210780212
 10
780.8190798244574
 20
1088.4171247609809
 10
780.3390117581844
 20
1088.3117069707566
 10
779.8473148709274
 20
1088.2765677073485
 10
779.4926358309164
 20
1088.2957805420176
 10
779.1566640246621
 20
1088.3534190460252
 10
778.8393994521647
 20
1088.4494832193711
 10
778.540842113424
 20
1088.5839730620553
 10
778.2645312148265
 20
1088.7477877576555
 10
778.0140059627589
 20
1088.9318264897497
 10
777.7892663572209
 20
1089.1360892583377
 10
777.5903123982125
 20
1089.3605760634196
 10
777.5903123982125
 20
1085.178245316489
 10
776.1341817706545
 20
1085.178245316489
  0
LWPOLYLINE
  5
291
330
17
100
AcDbEntity
  8
line engraving
 62
1
420
16711680
100
AcDbPolyline
 90
65
 70
0
 10
777.4527889500542
 20
1092.7177661214005
 10
777.4632801689854
 20
1092.3166981976815
 10
777.494753825779
 20
1091.9426799227733
 10
777.547209920435
 20
1091.5957112966755
 10
777.6206484529533
 20
1091.275792319388
 10
777.7150694233341
 20
1090.9829229909114
 10
777.8304728315771
 20
1090.7171033112452
 10
777.9668586776826
 20
1090.4783332803895
 10
778.1242269616505
 20
1090.2666128983444
 10
778.2965104725325
 20
1090.080804563057
 10
778.4776419993807
 20
1089.9197706724747
 10
778.6676215421949
 20
1089.7835112265973
 10
778.8664491009752
 20
1089.6720262254248
 10
779.0741246757215
 20
1089.5853156689575
 10
779.2906482664339
 20
1089.523379557195
 10
779.5160198731123
 20
1089.4862178901376
 10
779.7502394957569
 20
1089.473830667785
 10
779.9885671258143
 20
1089.4866602909358
 10
780.2181731401336
 20
1089.525149160388
 10
780.4390575387149
 20
1089.5892972761421
 10
780.6512203215584
 20
1089.6791046381977
 10
780.8546614886637
 20
1089.7945712465548
 10
781.0493810400312
 20
1089.9356971012135
 10
781.2353789756608
 20
1090.1024822021739
 10
781.4126552955522
 20
1090.2949265494358
 10
781.5747635880733
 20
1090.5142941452802
 10
781.7152574415916
 20
1090.7618489919878
 10
781.8341368561071
 20
1091.0375910895589
 10
781.9314018316197
 20
1091.341520437993
 10
782.0070523681296
 20
1091.6736370372907
 10
782.0610884656367
 20
1092.0339408874518
 10
782.0935101241408
 20
1092.4224319884759
 10
782.1043173436423
 20
1092.8391103403635
 10
782.0937629245971
 20
1093.236765457924
 10
782.0620996674613
 20
1093.6086349289549
 10
782.0093275722352
 20
1093.954718753456
 10
781.9354466389185
 20
1094.2750169314277
 10
781.8404568675114
 20
1094.5695294628695
 10
781.7243582580139
 20
1094.8382563477817
 10
781.5871508104259
 20
1095.0811975861643
 10
781.4288345247473
 20
1095.2983531780171
 10
781.2558558126108
 20
1095.4898495235684
 10
781.0746610856486
 20
1095.655813023046
 10
780.8852503438608
 20
1095.7962436764503
 10
780.6876235872473
 20
1095.911141483781
 10
780.4817808158083
 20
1096.0005064450384
 10
780.2677220295435
 20
1096.064338560222
 10
780.0454472284532
 20
1096.1026378293323
 10
779.8149564125372
 20
1096.115404252369
 10
779.585729598902
 20
1096.1018162278497
 10
779.3632019973556
 20
1096.0610521542917
 10
779.1473736078976
 20
1095.993112031695
 10
778.9382444305284
 20
1095.89799586006
 10
778.7358144652476
 20
1095.7757036393862
 10
778.5400837120555
 20
1095.6262353696739
 10
778.3510521709519
 20
1095.4495910509227
 10
778.168719841937
 20
1095.245770683133
 10
778.0009235391519
 20
1095.0160382685856
 10
777.8555000767383
 20
1094.7616578095613
 10
777.7324494546959
 20
1094.48262930606
 10
777.6317716730249
 20
1094.1789527580818
 10
777.5534667317253
 20
1093.8506281656269
 10
777.497534630797
 20
1093.4976555286948
 10
777.46397537024
 20
1093.1200348472862
 10
777.4527889500542
 20
1092.7177661214005
  0
LWPOLYLINE
  5
292
330
17
100
AcDbEntity
  8
line engraving
 62
1
420
16711680
100
AcDbPolyline
 90
128
 70
0
 10
790.9543557133558
 20
1089.530457969968
 10
790.5536669903212
 20
1089.2119293951896
 10
790.1605622809717
 20
1088.943960911646
 10
789.7750415853075
 20
1088.726552519337
 10
789.3971049033285
 20
1088.5597042182626
 10
789.0161346158753
 20
1088.4358319947378
 10
788.621513103789
 20
1088.347351835077
 10
788.2132403670691
 20
1088.2942637392807
 10
787.791316405716
 20
1088.2765677073485
 10
787.4476341855484
 20
1088.28737492685
 10
787.124428802331
 20
1088.3197965853542
 10
786.8217002560634
 20
1088.3738326828611
 10
786.5394485467459
 20
1088.449483219371
 10
786.2776736743785
 20
1088.5467481948838
 10
786.0363756389612
 20
1088.6656276093993
 10
785.8155544404938
 20
1088.8061214629174
 10
785.6152100789765
 20
1088.9682297554386
 10
785.4369857573744
 20
1089.1471492782953
 10
785.2825246786525
 20
1089.33807682282
 10
785.1518268428109
 20
1089.541012389013
 10
785.0448922498497
 20
1089.7559559768745
 10
784.9617208997686
 20
1089.982907586404
 10
784.902312792568
 20
1090.2218672176018
 10
784.8666679282475
 20
1090.4728348704678
 10
784.8547863068073
 20
1090.735810545002
 10
784.8727351391956
 20
1091.0444799019897
 10
784.9265816363605
 20
1091.3394980343437
 10
785.016325798302
 20
1091.6208649420646
 10
785.1419676250201
 20
1091.8885806251521
 10
785.2966815041982
 20
1092.136577872658
 10
785.4736418235195
 20
1092.3587894736343
 10
785.672848582984
 20
1092.5552154280808
 10
785.8943017825918
 20
1092.7258557359978
 10
786.1342094155002
 20
1092.8739968033153
 10
786.3887794748666
 20
1093.002925035964
 10
786.6580119606912
 20
1093.112640433943
 10
786.9419068729737
 20
1093.203142997253
 10
787.1835841090754
 20
1093.2592646985236
 10
787.4798662437105
 20
1093.3143751979692
 10
787.830753276879
 20
1093.3684744955904
 10
788.2362452085808
 20
1093.4215625913866
 10
788.6625931779171
 20
1093.4754090885515
 10
789.0598690947934
 20
1093.5317835902783
 10
789.4280729592097
 20
1093.5906860965667
 10
789.7672047711661
 20
1093.6521166074167
 10
790.0772645306627
 20
1093.7160751228287
 10
790.3582522376992
 20
1093.7825616428022
 10
790.6101678922759
 20
1093.8515761673375
 10
790.8330114943926
 20
1093.9231186964346
 10
790.8365507007791
 20
1094.0591253418556
 10
790.8390787053409
 20
1094.1678295380102
 10
790.8405955080779
 20
1094.249231284898
 10
790.8411011089902
 20
1094.303330582519
 10
790.8346546973578
 20
1094.517578969126
 10
790.8153154624605
 20
1094.7153953260815
 10
790.7830834042984
 20
1094.896779653386
 10
790.7379585228715
 20
1095.0617319510388
 10
790.6799408181797
 20
1095.2102522190407
 10
790.6090302902231
 20
1095.3423404573912
 10
790.5252269390016
 20
1095.4579966660906
 10
790.4285307645154
 20
1095.5572208451385
 10
790.2805160974259
 20
1095.6728770538377
 10
790.1155637997729
 20
1095.7731124347106
 10
789.9336738715562
 20
1095.8579269877566
 10
789.734846312776
 20
1095.927320712976
 10
789.5190811234321
 20
1095.9812936103692
 10
789.2863783035245
 20
1096.0198456799355
 10
789.0367378530535
 20
1096.0429769216755
 10
788.7701597720188
 20
1096.0506873355887
 10
788.5217201237145
 20
1096.0450625254389
 10
788.2900917057458
 20
1096.0281880949892
 10
788.0752745181126
 20
1096.00006404424
 10
787.8772685608149
 20
1095.960690373191
 10
787.6960738338527
 20
1095.9100670818423
 10
787.531690337226
 20
1095.848194170194
 10
787.3841180709348
 20
1095.7750716382457
 10
787.2533570349792
 20
1095.6906994859978
 10
787.0245726221424
 20
1095.4760718987068
 10
786.8276410667835
 20
1095.1921769864243
 10
786.6625623689024
 20
1094.8390147491502
 10
786.529336528499
 20
1094.4165851868847
 10
785.1055643593312
 20
1094.6107359372259
 10
785.2183133627844
 20
1095.0458055223
 10
785.3624096228033
 20
1095.436887828
 10
785.5378531393875
 20
1095.7839828543258
 10
785.7446439125372
 20
1096.0870906012776
 10
785.9918827586746
 20
1096.3520254793473
 10
786.2886704942221
 20
1096.5846018990267
 10
786.6350071191794
 20
1096.7848198603158
 10
787.0308926335467
 20
1096.9526793632149
 10
787.4682374227265
 20
1097.0853996027058
 10
787.9389518721212
 20
1097.1801997737707
 10
788.4430359817306
 20
1097.2370798764098
 10
788.980489751555
 20
1097.2560399106228
 10
789.5047978976582
 20
1097.2398606814277
 10
789.9775347507023
 20
1097.1913229938425
 10
790.3987003106869
 20
1097.110426847867
 10
790.7682945776122
 20
1096.9971722435014
 10
791.0893511569523
 20
1096.8593959948869
 10
791.3649036541811
 20
1096.704934916165
 10
791.5949520692988
 20
1096.5337890073358
 10
791.7794964023053
 20
1096.345958268399
 10
791.9291542723598
 20
1096.1368922911438
 10
792.0545432986218
 20
1095.9020406673587
 10
792.1556634810911
 20
1095.641403397044
 10
792.2325148197677
 20
1095.3549804801999
 10
792.2643676772456
 20
1095.1315048769427
 10
792.2871197183013
 20
1094.8332003386581
 10
792.3007709429346
 20
1094.4600668653466
 10
792.3053213511457
 20
1094.0121044570076
 10
792.3053213511457
 20
1092.0705969535968
 10
792.3067749537687
 20
1091.586294479683
 10
792.3111357616377
 20
1091.148633689933
 10
792.3184037747527
 20
1090.757614584347
 10
792.3285789931136
 20
1090.413237162925
 10
792.3416614167206
 20
1090.115501425667
 10
792.3576510455736
 20
1089.864407372573
 10
792.3765478796726
 20
1089.6599550036428
 10
792.3983519190175
 20
1089.5021443188766
 10
792.4562432234811
 20
1089.2359454385262
 10
792.5368865690004
 20
1088.9753081682115
 10
792.6402819555752
 20
1088.7202325079327
 10
792.7664293832057
 20
1088.4707184576896
 10
791.2455818388673
 20
1088.4707184576896
 10
791.1424392527487
 20
1088.7068340837554
 10
791.0595207031239
 20
1088.9621625444904
 10
790.9968261899929
 20
1089.2367038398947
 10
790.9543557133558
 20
1089.530457969968
  0
LWPOLYLINE
  5
293
330
17
100
AcDbEntity
  8
line engraving
 62
1
420
16711680
100
AcDbPolyline
 90
42
 70
0
 10
790.8330114943926
 20
1092.7824830381808
 10
790.6224287144003
 20
1092.7031036949425
 10
790.387071489703
 20
1092.6267579571781
 10
790.1269398203007
 20
1092.5534458248878
 10
789.8420337061934
 20
1092.4831672980717
 10
789.5323531473812
 20
1092.4159223767294
 10
789.1978981438639
 20
1092.3517110608616
 10
788.8386686956417
 20
1092.2905333504675
 10
788.4546648027145
 20
1092.2323892455477
 10
788.0385552518534
 20
1092.165649925118
 10
787.6881738195973
 20
1092.0948657973895
 10
787.4035205059462
 20
1092.0200368623623
 10
787.1845953109001
 20
1091.9411631200362
 10
787.0091517943159
 20
1091.8509133571822
 10
786.8549435160502
 20
1091.7419563605715
 10
786.721970476103
 20
1091.6142921302041
 10
786.6102326744744
 20
1091.4679206660799
 10
786.5217525148138
 20
1091.3078979773222
 10
786.4585524007705
 20
1091.1392800730546
 10
786.4206323323446
 20
1090.9620669532771
 10
786.4079923095359
 20
1090.7762586179897
 10
786.4355475592588
 20
1090.4971669143745
 10
786.5182133084274
 20
1090.2423440545517
 10
786.6559895570418
 20
1090.0117900385217
 10
786.8488763051021
 20
1089.8055048662843
 10
787.0948511489586
 20
1089.6356229597359
 10
787.3918916849622
 20
1089.5142787407729
 10
787.7399979131128
 20
1089.441472209395
 10
788.1391698334104
 20
1089.4172033656023
 10
788.5482009714987
 20
1089.440208207114
 10
788.9339744676191
 20
1089.5092227316493
 10
789.2964903217716
 20
1089.6242469392082
 10
789.6357485339561
 20
1089.7852808297905
 10
789.9416370859258
 20
1089.9862571924482
 10
790.2040439594335
 20
1090.2211088162333
 10
790.4229691544796
 20
1090.4898357011455
 10
790.5984126710638
 20
1090.7924378471848
 10
790.7010496562701
 20
1091.068495945326
 10
790.7743617885604
 20
1091.4032037492993
 10
790.8183490679346
 20
1091.796561259105
 10
790.8330114943926
 20
1092.2485684747428
 10
790.8330114943926
 20
1092.7824830381808
  0
LWPOLYLINE
  5
294
330
17
100
AcDbEntity
  8
line engraving
 62
1
420
16711680
100
AcDbPolyline
 90
119
 70
0
 10
800.1684267399588
 20
1091.6175785361343
 10
801.6002885237241
 20
1091.431517400391
 10
801.5301995972501
 20
1091.0714663506863
 10
801.4372322294923
 20
1090.731512937247
 10
801.321386420451
 20
1090.411657160074
 10
801.1826621701259
 20
1090.1118990191665
 10
801.0210594785171
 20
1089.8322385145248
 10
800.8365783456247
 20
1089.5726756461488
 10
800.6292187714486
 20
1089.3332104140388
 10
800.3989807559888
 20
1089.1138428181944
 10
800.1504147074564
 20
1088.9176064640899
 10
799.8880710340626
 20
1088.7475349571994
 10
799.6119497358073
 20
1088.6036282975226
 10
799.3220508126907
 20
1088.4858864850598
 10
799.0183742647126
 20
1088.3943095198113
 10
798.7009200918731
 20
1088.3288974017764
 10
798.3696882941721
 20
1088.2896501309554
 10
798.0246788716096
 20
1088.2765677073485
 10
797.5946020955448
 20
1088.2945797398509
 10
797.1861397584829
 20
1088.3486158373578
 10
796.7992918604238
 20
1088.4386759998695
 10
796.4340584013675
 20
1088.564760227386
 10
796.0904393813139
 20
1088.7268685199072
 10
795.7684348002632
 20
1088.925000877433
 10
795.4680446582154
 20
1089.1591572999635
 10
795.1892689551703
 20
1089.4293377874985
 10
794.9380485018481
 20
1089.7331407357046
 10
794.720324108969
 20
1090.0681645402483
 10
794.5360957765326
 20
1090.4344092011293
 10
794.3853635045393
 20
1090.8318747183478
 10
794.268127292989
 20
1091.2605610919036
 10
794.1843871418816
 20
1091.7204683217967
 10
794.1341430512172
 20
1092.2115964080274
 10
794.1173950209957
 20
1092.7339453505954
 10
794.1462142729994
 20
1093.4079113667533
 10
794.2326720290107
 20
1094.0383957044494
 10
794.3767682890294
 20
1094.6253983636839
 10
794.5785030530557
 20
1095.1689193444563
 10
794.7013008746418
 20
1095.4216566005155
 10
794.8391403233703
 20
1095.6580882271517
 10
794.992021399241
 20
1095.8782142243645
 10
795.1599441022541
 20
1096.082034592154
 10
795.3429084324096
 20
1096.2695493305207
 10
795.5409143897073
 20
1096.440758439464
 10
795.7539619741473
 20
1096.5956619189842
 10
795.9820511857296
 20
1096.734259769081
 10
796.4636360547396
 20
1096.9625385810057
 10
796.9659505611559
 20
1097.1255948752373
 10
797.4889947049784
 20
1097.2234286517764
 10
798.032768486207
 20
1097.2560399106228
 10
798.3746811031814
 20
1097.2449798906653
 10
798.7006672914168
 20
1097.2117998307924
 10
799.0107270509134
 20
1097.1564997310045
 10
799.3048603816709
 20
1097.0790795913015
 10
799.5830672836896
 20
1096.9795394116834
 10
799.8453477569693
 20
1096.85787919215
 10
800.0917018015102
 20
1096.7140989327015
 10
800.3221294173121
 20
1096.5481986333377
 10
800.5346082007258
 20
1096.361947897252
 10
800.7271157481017
 20
1096.1571163276376
 10
800.89965205944
 20
1095.9337039244945
 10
801.0522171347404
 20
1095.6917106878227
 10
801.1848109740034
 20
1095.431136617622
 10
801.2974335772286
 20
1095.1519817138926
 10
801.3900849444161
 20
1094.8542459766345
 10
801.4627650755659
 20
1094.5379294058478
 10
800.0470825209957
 20
1094.3195098117142
 10
799.926496703401
 20
1094.7255073443284
 10
799.7669796155557
 20
1095.077911180234
 10
799.5685312574597
 20
1095.3767213194308
 10
799.3311516291129
 20
1095.6219377619188
 10
799.0609079414637
 20
1095.8130549067857
 10
798.7638674054601
 20
1095.9495671531195
 10
798.4400300211022
 20
1096.0314745009196
 10
798.0893957883899
 20
1096.0587769501863
 10
797.8207953037058
 20
1096.0464529279477
 10
797.5650876422866
 20
1096.0094808612325
 10
797.3222728041321
 20
1095.9478607500403
 10
797.0923507892426
 20
1095.8615925943711
 10
796.8753215976178
 20
1095.7506763942251
 10
796.671185229258
 20
1095.615112149602
 10
796.4799416841629
 20
1095.4548998605023
 10
796.3015909623326
 20
1095.2700395269255
 10
796.1404306715222
 20
1095.0585087452225
 10
796.0007584194865
 20
1094.818285111744
 10
795.8825742062254
 20
1094.5493686264897
 10
795.7858780317392
 20
1094.2517592894596
 10
795.7106698960276
 20
1093.925457100654
 10
795.6569497990909
 20
1093.5704620600727
 10
795.6247177409288
 20
1093.1867741677158
 10
795.6139737215414
 20
1092.7743934235832
 10
795.6243385402445
 20
1092.3563878693008
 10
795.6554329963537
 20
1091.9679599683905
 10
795.7072570898692
 20
1091.6091097208525
 10
795.779810820791
 20
1091.2798371266867
 10
795.8730941891189
 20
1090.9801421858936
 10
795.987107194853
 20
1090.7100248984723
 10
796.1218498379934
 20
1090.4694852644234
 10
796.2773221185399
 20
1090.2585232837469
 10
796.4494792291939
 20
1090.074610951881
 10
796.6342763626566
 20
1089.9152202642636
 10
796.8317135189279
 20
1089.7803512208952
 10
797.0417906980078
 20
1089.6700038217755
 10
797.2645078998966
 20
1089.5841780669048
 10
797.4998651245938
 20
1089.5228739562826
 10
797.7478623720998
 20
1089.4860914899095
 10
798.0084996424144
 20
1089.473830667785
 10
798.4195531841522
 20
1089.5066947270875
 10
798.7952146620256
 20
1089.6052869049952
 10
799.1354840760349
 20
1089.7696072015078
 10
799.4403614261798
 20
1089.9996556166254
 10
799.5773792734258
 20
1090.1399598698015
 10
799.7012514969506
 20
1090.2979601549098
 10
799.8119780967545
 20
1090.4736564719503
 10
799.9095590728374
 20
1090.667048820923
 10
799.9939944251993
 20
1090.8781372018275
 10
800.0652841538401
 20
1091.1069216146643
 10
800.12342825876
 20
1091.3534020594332
 10
800.1684267399588
 20
1091.6175785361343
  0
LWPOLYLINE
  5
295
330
17
100
AcDbEntity
  8
line engraving
 62
1
420
16711680
100
AcDbPolyline
 90
95
 70
0
 10
808.7272389841606
 20
1091.2373666500498
 10
810.2319072993039
 20
1091.0513055143063
 10
810.1334415216244
 20
1090.7308809361066
 10
810.016015709732
 20
1090.4289107912077
 10
809.8796298636265
 20
1090.1453950796094
 10
809.724283983308
 20
1089.8803338013117
 10
809.5499780687766
 20
1089.6337269563146
 10
809.3567121200321
 20
1089.4055745446183
 10
809.1444861370746
 20
1089.1958765662225
 10
808.9133001199042
 20
1089.0046330211276
 10
808.6642916705736
 20
1088.8339927132106
 10
808.3985983911355
 20
1088.6861044463492
 10
808.1162202815899
 20
1088.5609682205434
 10
807.817157341937
 20
1088.4585840357931
 10
807.5014095721765
 20
1088.3789518920987
 10
807.1689769723087
 20
1088.3220717894596
 10
806.8198595423335
 20
1088.2879437278764
 10
806.4540572822507
 20
1088.2765677073485
 10
805.995034853954
 20
1088.294706140079
 10
805.5604076696782
 20
1088.3491214382702
 10
805.150175729423
 20
1088.4398136019224
 10
804.7643390331887
 20
1088.5667826310355
 10
804.4028975809749
 20
1088.7300285256092
 10
804.0658513727819
 20
1088.929551285644
 10
803.7532004086097
 20
1089.1653509111395
 10
803.4649446884581
 20
1089.437427402096
 10
803.2061402214507
 20
1089.742241552127
 10
802.981843016711
 20
1090.0762541548459
 10
802.792053074239
 20
1090.4394652102528
 10
802.6367703940346
 20
1090.8318747183478
 10
802.5159949760978
 20
1091.2534826791307
 10
802.4297268204286
 20
1091.7042890926018
 10
802.3779659270272
 20
1092.1842939587607
 10
802.3607122958933
 20
1092.6934972776078
 10
802.3781555273692
 20
1093.2203334282729
 10
802.4304852217972
 20
1093.7168335241972
 10
802.517701379177
 20
1094.1829975653807
 10
802.6398039995086
 20
1094.6188255518234
 10
802.7967930827922
 20
1095.0243174835252
 10
802.9886686290278
 20
1095.3994733604864
 10
803.2154306382151
 20
1095.7442931827068
 10
803.4770791103545
 20
1096.0587769501863
 10
803.7665356326728
 20
1096.3393854565386
 10
804.0767217923974
 20
1096.5825794953773
 10
804.4076375895282
 20
1096.7883590667022
 10
804.7592830240652
 20
1096.9567241705136
 10
805.1316580960084
 20
1097.0876748068115
 10
805.5247628053578
 20
1097.1812109755956
 10
805.9385971521134
 20
1097.237332676866
 10
806.3731611362753
 20
1097.2560399106228
 10
806.7940738958038
 20
1097.2377118775503
 10
807.1952682197507
 20
1097.1827277783325
 10
807.5767441081161
 20
1097.0910876129697
 10
807.9385015609001
 20
1096.9627913814618
 10
808.2805405781025
 20
1096.7978390838086
 10
808.6028611597235
 20
1096.5962307200105
 10
808.9054633057629
 20
1096.3579662900672
 10
809.1883470162207
 20
1096.0830457939787
 10
809.4443074780961
 20
1095.7748820379036
 10
809.6661398783882
 20
1095.436887828
 10
809.8538442170968
 20
1095.0690631642678
 10
810.0074204942221
 20
1094.6714080467073
 10
810.1268687097639
 20
1094.2439224753184
 10
810.2121888637224
 20
1093.7866064501009
 10
810.2633809560974
 20
1093.299459971055
 10
810.2804449868892
 20
1092.7824830381808
 10
810.2799393859768
 20
1092.709676506803
 10
810.2784225832398
 20
1092.6206907462297
 10
810.275894578678
 20
1092.5155257564618
 10
810.2723553722917
 20
1092.3941815374985
 10
803.8653806110366
 20
1092.3941815374985
 10
803.8955902655492
 20
1092.0506257175591
 10
803.9457711560997
 20
1091.727799535026
 10
804.0159232826877
 20
1091.4257029898988
 10
804.1060466453135
 20
1091.1443360821781
 10
804.216141243977
 20
1090.8836988118635
 10
804.346207078678
 20
1090.643791178955
 10
804.496244149417
 20
1090.4246131834527
 10
804.6662524561934
 20
1090.2261648253568
 10
804.8518079910245
 20
1090.049836507176
 10
805.0484867459274
 20
1089.897018631419
 10
805.2562887209018
 20
1089.7677111980865
 10
805.4752139159478
 20
1089.661914207178
 10
805.7052623310656
 20
1089.5796276586937
 10
805.9464339662547
 20
1089.5208515526333
 10
806.1987288215157
 20
1089.485585888997
 10
806.4621468968483
 20
1089.473830667785
 10
806.8479203929687
 20
1089.500121915227
 10
807.2043690361729
 20
1089.5789956575532
 10
807.5314928264612
 20
1089.710451894763
 10
807.8292917638332
 20
1089.8944906268573
 10
808.0977658482892
 20
1090.136167862959
 10
808.3369150798292
 20
1090.4405396121917
 10
808.546739458453
 20
1090.8076058745553
 10
808.7272389841606
 20
1091.2373666500498
  0
LWPOLYLINE
  5
296
330
17
100
AcDbEntity
  8
line engraving
 62
1
420
16711680
100
AcDbPolyline
 90
34
 70
0
 10
803.946276757012
 20
1093.591444497935
 10
808.7434182133558
 20
1093.591444497935
 10
808.7135877595273
 20
1093.853977771671
 10
808.6726340856272
 20
1094.0995734148435
 10
808.6205571916555
 20
1094.328231427452
 10
808.5573570776122
 20
1094.5399518094973
 10
808.4830337434973
 20
1094.7347345609787
 10
808.3975871893108
 20
1094.9125796818967
 10
808.3010174150526
 20
1095.073487172251
 10
808.1933244207228
 20
1095.2174570320415
 10
808.0129512952432
 20
1095.4146413878566
 10
807.8196853464987
 20
1095.58553449623
 10
807.6135265744894
 20
1095.730136357161
 10
807.3944749792153
 20
1095.84844697065
 10
807.1625305606763
 20
1095.9404663366972
 10
806.9176933188725
 20
1096.0061944553022
 10
806.6599632538039
 20
1096.0456313264654
 10
806.3893403654704
 20
1096.0587769501863
 10
806.143555121956
 20
1096.048285731255
 10
805.9077554964604
 20
1096.0168120744615
 10
805.6819414889835
 20
1095.9643559798055
 10
805.4661130995256
 20
1095.8909174472872
 10
805.2602703280866
 20
1095.7964964769064
 10
805.0644131746662
 20
1095.6810930686634
 10
804.8785416392649
 20
1095.544707222558
 10
804.7026557218824
 20
1095.3873389385901
 10
804.5413058307298
 20
1095.2124010229181
 10
804.3990423740183
 20
1095.0233062817006
 10
804.2758653517478
 20
1094.8200547149372
 10
804.1717747639185
 20
1094.602646322628
 10
804.0867706105303
 20
1094.3710811047733
 10
804.0208528915831
 20
1094.125359061373
 10
803.974021607077
 20
1093.865480192427
 10
803.946276757012
 20
1093.591444497935
  0
LWPOLYLINE
  5
297
330
17
100
AcDbEntity
  8
line engraving
 62
1
420
16711680
100
AcDbPolyline
 90
35
 70
0
 10
812.0439809691538
 20
1088.4707184576896
 10
812.0439809691538
 20
1097.0618891602817
 10
813.3544985339561
 20
1097.0618891602817
 10
813.3544985339561
 20
1095.759461210077
 10
813.6004733778126
 20
1096.1775931645877
 10
813.8368418043347
 20
1096.5178625785968
 10
814.063603813522
 20
1096.7802694521047
 10
814.2807594053749
 20
1096.9648137851111
 10
814.49842059814
 20
1097.0922252150224
 10
814.7266994100645
 20
1097.183233379245
 10
814.9655958411482
 20
1097.2378382777783
 10
815.2151098913913
 20
1097.2560399106228
 10
815.5847041583165
 20
1097.2267150577068
 10
815.957332030716
 20
1097.1387404989584
 10
816.3329935085894
 20
1096.9921162343778
 10
816.711688591937
 20
1096.7868422639651
 10
816.2101324868892
 20
1095.4358766261753
 10
815.9431752051702
 20
1095.573905675246
 10
815.6762179234513
 20
1095.6724978531533
 10
815.4092606417323
 20
1095.7316531598979
 10
815.1423033600133
 20
1095.7513715954794
 10
814.9097269403339
 20
1095.733422763091
 10
814.6892849425508
 20
1095.6795762659262
 10
814.4809773666641
 20
1095.5898321039847
 10
814.2848042126736
 20
1095.4641902772667
 10
814.1083494942648
 20
1095.3066955930708
 10
813.9591972251225
 20
1095.1213928586958
 10
813.837347405247
 20
1094.9082820741417
 10
813.7428000346382
 20
1094.6673632394086
 10
813.6366238430454
 20
1094.269960922304
 10
813.5607837061934
 20
1093.8543569723554
 10
813.5152796240822
 20
1093.4205513895622
 10
813.5001115967118
 20
1092.9685441739243
 10
813.5001115967118
 20
1088.4707184576896
 10
812.0439809691538
 20
1088.4707184576896
  0
CIRCLE
  5
298
330
17
100
AcDbEntity
  8
cut
 62
5
420
255
100
AcDbCircle
 10
965.9583263818415
 20
1148.4004059576896
 30
0.0
 40
3.9
  0
CIRCLE
  5
299
330
17
100
AcDbEntity
  8
cut
 62
5
420
255
100
AcDbCircle
 10
750.0003263818415
 20
1148.4004059576896
 30
0.0
 40
10.9
  0
LWPOLYLINE
  5
29A
330
17
100
AcDbEntity
  8
cut
 62
5
420
255
100
AcDbPolyline
 90
4
 70
1
 10
750.0003263818415
 20
1172.4004059576896
 42
0.9999999999999999
 10
750.0003263818415
 20
1124.4004059576896
 10
965.9757540145162
 20
1124.40041228524
 42
0.9992741120950986
 10
965.9757540145162
 20
1172.4003996301392
  0
LWPOLYLINE
  5
29B
330
17
100
AcDbEntity
  8
line engraving
 62
1
420
16711680
100
AcDbPolyline
 90
159
 70
0
 10
767.2679641717459
 20
1145.0351262851111
 10
768.7079155701089
 20
1145.2616354938425
 10
768.795637328401
 20
1144.8541211584911
 10
768.9374583843141
 20
1144.4971669143745
 10
769.1333787378485
 20
1144.1907727614926
 10
769.3833983890038
 20
1143.9349386998451
 10
769.6880229386926
 20
1143.733203935819
 10
770.0477579878271
 20
1143.5891076758
 10
770.4626035364074
 20
1143.5026499197888
 10
770.9325595844335
 20
1143.473830667785
 10
771.1752480223598
 20
1143.4802138793034
 10
771.4017572310911
 20
1143.4993635138585
 10
771.6120872106272
 20
1143.5312795714503
 10
771.8062379609684
 20
1143.575962052079
 10
771.9842094821144
 20
1143.6334109557445
 10
772.1460017740652
 20
1143.7036262824465
 10
772.2916148368209
 20
1143.7866080321855
 10
772.4210486703817
 20
1143.882356204961
 10
772.6334010535672
 20
1144.0954669895152
 10
772.7850813272712
 20
1144.3262738060014
 10
772.8760894914935
 20
1144.5747766544196
 10
772.9064255462343
 20
1144.84097553477
 10
772.87962869788
 20
1145.074563156274
 10
772.7992381528169
 20
1145.2818595303363
 10
772.665253911045
 20
1145.4628646569563
 10
772.4776759725645
 20
1145.6175785361343
 10
772.3889430124477
 20
1145.6677594266846
 10
772.2724020021518
 20
1145.7212267231653
 10
772.1280529416769
 20
1145.7779804255763
 10
771.9558958310229
 20
1145.8380205339174
 10
771.7559306701899
 20
1145.9013470481889
 10
771.5281574591778
 20
1145.9679599683905
 10
771.2725761979866
 20
1146.0378592945224
 10
770.9891868866164
 20
1146.1110450265846
 10
770.6041085917504
 20
1146.2104588059747
 10
770.2497455523096
 20
1146.3064597792065
 10
769.9260977682937
 20
1146.39904794628
 10
769.633165239703
 20
1146.488223307195
 10
769.3709479665373
 20
1146.5739858619518
 10
769.1394459487966
 20
1146.6563356105503
 10
768.938659186481
 20
1146.7352725529904
 10
768.7685876795904
 20
1146.8107966892721
 10
768.4778671549911
 20
1146.972588981223
 10
768.2245610979055
 20
1147.1626949242652
 10
768.0086695083336
 20
1147.381114518399
 10
767.8301923862753
 20
1147.627847763624
 10
767.6903937340114
 20
1147.8955634467115
 10
767.5905375538231
 20
1148.1769303544324
 10
767.53062384571
 20
1148.4719484867867
 10
767.5106526096723
 20
1148.7806178437743
 10
767.5270846393236
 20
1149.0624903524074
 10
767.5763807282774
 20
1149.3337452418814
 10
767.6585408765337
 20
1149.594382512196
 10
767.7735650840925
 20
1149.8444021633513
 10
767.9169029427427
 20
1150.078748186224
 10
768.0840040442732
 20
1150.2923645716903
 10
768.274868388684
 20
1150.4852513197507
 10
768.4894959759752
 20
1150.6574084304045
 10
768.6747987103502
 20
1150.7779942479992
 10
768.8909431003783
 20
1150.8889736482593
 10
769.1379291460595
 20
1150.9903466311846
 10
769.4157568473939
 20
1151.0821131967755
 10
769.7143141861346
 20
1151.1582061340837
 10
770.0234891440346
 20
1151.212558232161
 10
770.3432817210937
 20
1151.2451694910073
 10
770.6736919173121
 20
1151.2560399106228
 10
771.163872001832
 20
1151.2378382777783
 10
771.6232104306989
 20
1151.183233379245
 10
772.0517072039127
 20
1151.0922252150224
 10
772.4493623214731
 20
1150.9648137851111
 10
772.8065693660459
 20
1150.8063078990906
 10
773.1137219202965
 20
1150.6220163665403
 10
773.3708199842247
 20
1150.4119391874603
 10
773.5778635578306
 20
1150.1760763618506
 10
773.7457230607296
 20
1149.9063382751137
 10
773.8852689125372
 20
1149.5946353126521
 10
773.9965011132534
 20
1149.2409674744656
 10
774.0794196628783
 20
1148.8453347605546
 10
772.6556474937105
 20
1148.6511840102135
 10
772.5841049646134
 20
1148.9646565758683
 10
772.4665527524928
 20
1149.2417258758342
 10
772.3029908573487
 20
1149.4823919101111
 10
772.0934192791811
 20
1149.6866546786991
 10
771.8368268161653
 20
1149.8494581724747
 10
771.5322022664766
 20
1149.9657463823146
 10
771.1795456301148
 20
1150.0355193082182
 10
770.7788569070802
 20
1150.0587769501863
 10
770.5370532707506
 20
1150.0535945408346
 10
770.3131984668091
 20
1150.03804731278
 10
770.1072924952559
 20
1150.0121352660224
 10
769.9193353560911
 20
1149.9758584005615
 10
769.7493270493146
 20
1149.9292167163974
 10
769.5972675749264
 20
1149.8722102135305
 10
769.4631569329265
 20
1149.8048388919603
 10
769.3469951233149
 20
1149.727102751687
 10
769.1594171848343
 20
1149.5541872396643
 10
769.0254329430625
 20
1149.367114902096
 10
768.9450423979994
 20
1149.1658857389823
 10
768.918245549645
 20
1148.9504997503227
 10
768.9293687697166
 20
1148.812470701252
 10
768.9627384299315
 20
1148.6815200649544
 10
769.0183545302896
 20
1148.5576478414293
 10
769.096217070791
 20
1148.4408540306774
 10
769.1978428541727
 20
1148.3286106281364
 10
769.3247486831716
 20
1148.2264792438423
 10
769.4769345577879
 20
1148.1344598777953
 10
769.6544004780216
 20
1148.0525525299952
 10
769.722277400504
 20
1148.029042087571
 10
769.8166983708848
 20
1147.9989588332865
 10
769.9376633891637
 20
1147.9623027671414
 10
770.0851724553409
 20
1147.9190738891357
 10
770.2592255694161
 20
1147.8692721992695
 10
770.4598227313895
 20
1147.812897697543
 10
770.6869639412612
 20
1147.7499503839558
 10
770.9406491990311
 20
1147.680430258508
 10
771.3123290697198
 20
1147.579626076609
 10
771.6548104877205
 20
1147.483498703149
 10
771.9680934530332
 20
1147.3920481381285
 10
772.252177965658
 20
1147.305274381547
 10
772.5070640255947
 20
1147.2231774334048
 10
772.7327516328434
 20
1147.1457572937018
 10
772.9292407874041
 20
1147.073013962438
 10
773.0965314892767
 20
1147.0049474396133
 10
773.3854824106827
 20
1146.858575975489
 10
773.6415692727862
 20
1146.682374057536
 10
773.8647920755872
 20
1146.476341685755
 10
774.0551508190856
 20
1146.2404788601452
 10
774.2073366937019
 20
1145.974532780251
 10
774.3160408898564
 20
1145.678250645616
 10
774.3812634075491
 20
1145.3516324562402
 10
774.40300424678
 20
1144.9946782121235
 10
774.3764601988819
 20
1144.6359543648136
 10
774.2968280551872
 20
1144.287848136663
 10
774.1641078156963
 20
1143.9503595276717
 10
773.978299480409
 20
1143.6234885378396
 10
773.7424366547993
 20
1143.3201279904317
 10
773.4595529443415
 20
1143.0531707087127
 10
773.1296483490354
 20
1142.822616692683
 10
772.752722868881
 20
1142.6284659423418
 10
772.3391413225816
 20
1142.4745104645322
 10
771.8992685288401
 20
1142.3645422660968
 10
771.4331044876566
 20
1142.2985613470355
 10
770.9406491990311
 20
1142.2765677073485
 10
770.5344620660748
 20
1142.287438126964
 10
770.1531757780514
 20
1142.3200493858103
 10
769.7967903349611
 20
1142.3744014838876
 10
769.4653057368039
 20
1142.4504944211958
 10
769.1587219835798
 20
1142.5483281977347
 10
768.8770390752887
 20
1142.6679028135047
 10
768.6202570119308
 20
1142.8092182685054
 10
768.3883757935058
 20
1142.9722745627373
 10
768.1788674154523
 20
1143.1566924955157
 10
767.9892038732082
 20
1143.3620928661564
 10
767.8193851667738
 20
1143.5884756746595
 10
767.6694112961491
 20
1143.8358409210252
 10
767.5392822613339
 20
1144.104188605253
 10
767.4289980623283
 20
1144.3935187273435
 10
767.3385586991324
 20
1144.703831287296
 10
767.2679641717459
 20
1145.0351262851111
  0
LWPOLYLINE
  5
29C
330
17
100
AcDbEntity
  8
line engraving
 62
1
420
16711680
100
AcDbPolyline
 90
50
 70
0
 10
776.1341817706545
 20
1139.178245316489
 10
776.1341817706545
 20
1151.0618891602817
 10
777.4608785646518
 20
1151.0618891602817
 10
777.4608785646518
 20
1149.9455223458206
 10
777.7030614016658
 20
1150.252674900071
 10
777.9604122660502
 20
1150.5188737804215
 10
778.232931157805
 20
1150.7441189868719
 10
778.5206180769301
 20
1150.9284105194222
 10
778.8315626380232
 20
1151.0717483780725
 10
779.1738544556819
 20
1151.1741325628227
 10
779.5474935299059
 20
1151.2355630736727
 10
779.9524798606955
 20
1151.2560399106228
 10
780.4863944241334
 20
1151.2206478467585
 10
780.9879505291811
 20
1151.1144716551657
 10
781.4571481758387
 20
1150.9375113358444
 10
781.8939873641061
 20
1150.6897668887946
 10
782.2888616766487
 20
1150.3775583254205
 10
782.632164696132
 20
1150.0072056571269
 10
782.9238964225559
 20
1149.5787088839131
 10
783.1640568559205
 20
1149.0920680057795
 10
783.3516347944011
 20
1148.5639678528337
 10
783.4856190361729
 20
1148.0110932551827
 10
783.566009581236
 20
1147.4334442128268
 10
783.5928064295904
 20
1146.831020725766
 10
783.5632287762181
 20
1146.1881491657173
 10
783.4744958161014
 20
1145.5781416649713
 10
783.32660754924
 20
1145.0009982235279
 10
783.119563975634
 20
1144.4567188413866
 10
782.9945541500564
 20
1144.200505579055
 10
782.8561459003015
 20
1143.95971314455
 10
782.7043392263695
 20
1143.7343415378716
 10
782.5391341282602
 20
1143.5243907590198
 10
782.3605306059738
 20
1143.3298608079945
 10
782.1685286595102
 20
1143.1507516847955
 10
781.9631282888695
 20
1142.9870633894234
 10
781.7443294940515
 20
1142.8387959218778
 10
781.2875190697464
 20
1142.5928210780212
 10
780.8190798244574
 20
1142.4171247609809
 10
780.3390117581844
 20
1142.3117069707566
 10
779.8473148709274
 20
1142.2765677073485
 10
779.4926358309164
 20
1142.2957805420176
 10
779.1566640246621
 20
1142.3534190460252
 10
778.8393994521647
 20
1142.4494832193711
 10
778.540842113424
 20
1142.5839730620553
 10
778.2645312148265
 20
1142.7477877576555
 10
778.0140059627589
 20
1142.9318264897497
 10
777.7892663572209
 20
1143.1360892583377
 10
777.5903123982125
 20
1143.3605760634196
 10
777.5903123982125
 20
1139.178245316489
 10
776.1341817706545
 20
1139.178245316489
  0
LWPOLYLINE
  5
29D
330
17
100
AcDbEntity
  8
line engraving
 62
1
420
16711680
100
AcDbPolyline
 90
65
 70
0
 10
777.4527889500542
 20
1146.7177661214005
 10
777.4632801689854
 20
1146.3166981976815
 10
777.494753825779
 20
1145.9426799227733
 10
777.547209920435
 20
1145.5957112966755
 10
777.6206484529533
 20
1145.275792319388
 10
777.7150694233341
 20
1144.9829229909114
 10
777.8304728315771
 20
1144.7171033112452
 10
777.9668586776826
 20
1144.4783332803895
 10
778.1242269616505
 20
1144.2666128983444
 10
778.2965104725325
 20
1144.080804563057
 10
778.4776419993807
 20
1143.9197706724747
 10
778.6676215421949
 20
1143.7835112265973
 10
778.8664491009752
 20
1143.6720262254248
 10
779.0741246757215
 20
1143.5853156689575
 10
779.2906482664339
 20
1143.523379557195
 10
779.5160198731123
 20
1143.4862178901376
 10
779.7502394957569
 20
1143.473830667785
 10
779.9885671258143
 20
1143.4866602909358
 10
780.2181731401336
 20
1143.525149160388
 10
780.4390575387149
 20
1143.5892972761421
 10
780.6512203215584
 20
1143.6791046381977
 10
780.8546614886637
 20
1143.7945712465548
 10
781.0493810400312
 20
1143.9356971012135
 10
781.2353789756608
 20
1144.1024822021739
 10
781.4126552955522
 20
1144.2949265494358
 10
781.5747635880733
 20
1144.5142941452802
 10
781.7152574415916
 20
1144.7618489919878
 10
781.8341368561071
 20
1145.0375910895589
 10
781.9314018316197
 20
1145.341520437993
 10
782.0070523681296
 20
1145.6736370372907
 10
782.0610884656367
 20
1146.0339408874518
 10
782.0935101241408
 20
1146.4224319884759
 10
782.1043173436423
 20
1146.8391103403635
 10
782.0937629245971
 20
1147.236765457924
 10
782.0620996674613
 20
1147.6086349289549
 10
782.0093275722352
 20
1147.954718753456
 10
781.9354466389185
 20
1148.2750169314277
 10
781.8404568675114
 20
1148.5695294628695
 10
781.7243582580139
 20
1148.8382563477817
 10
781.5871508104259
 20
1149.0811975861643
 10
781.4288345247473
 20
1149.2983531780171
 10
781.2558558126108
 20
1149.4898495235684
 10
781.0746610856486
 20
1149.655813023046
 10
780.8852503438608
 20
1149.7962436764503
 10
780.6876235872473
 20
1149.911141483781
 10
780.4817808158083
 20
1150.0005064450384
 10
780.2677220295435
 20
1150.064338560222
 10
780.0454472284532
 20
1150.1026378293323
 10
779.8149564125372
 20
1150.115404252369
 10
779.585729598902
 20
1150.1018162278497
 10
779.3632019973556
 20
1150.0610521542917
 10
779.1473736078976
 20
1149.993112031695
 10
778.9382444305284
 20
1149.89799586006
 10
778.7358144652476
 20
1149.7757036393862
 10
778.5400837120555
 20
1149.6262353696739
 10
778.3510521709519
 20
1149.4495910509227
 10
778.168719841937
 20
1149.245770683133
 10
778.0009235391519
 20
1149.0160382685856
 10
777.8555000767383
 20
1148.7616578095613
 10
777.7324494546959
 20
1148.48262930606
 10
777.6317716730249
 20
1148.1789527580818
 10
777.5534667317253
 20
1147.8506281656269
 10
777.497534630797
 20
1147.4976555286948
 10
777.46397537024
 20
1147.1200348472862
 10
777.4527889500542
 20
1146.7177661214005
  0
LWPOLYLINE
  5
29E
330
17
100
AcDbEntity
  8
line engraving
 62
1
420
16711680
100
AcDbPolyline
 90
128
 70
0
 10
790.9543557133558
 20
1143.530457969968
 10
790.5536669903212
 20
1143.2119293951896
 10
790.1605622809717
 20
1142.943960911646
 10
789.7750415853075
 20
1142.726552519337
 10
789.3971049033285
 20
1142.5597042182626
 10
789.0161346158753
 20
1142.4358319947378
 10
788.621513103789
 20
1142.347351835077
 10
788.2132403670691
 20
1142.2942637392807
 10
787.791316405716
 20
1142.2765677073485
 10
787.4476341855484
 20
1142.28737492685
 10
787.124428802331
 20
1142.3197965853542
 10
786.8217002560634
 20
1142.3738326828611
 10
786.5394485467459
 20
1142.449483219371
 10
786.2776736743785
 20
1142.5467481948838
 10
786.0363756389612
 20
1142.6656276093993
 10
785.8155544404938
 20
1142.8061214629174
 10
785.6152100789765
 20
1142.9682297554386
 10
785.4369857573744
 20
1143.1471492782953
 10
785.2825246786525
 20
1143.33807682282
 10
785.1518268428109
 20
1143.541012389013
 10
785.0448922498497
 20
1143.7559559768745
 10
784.9617208997686
 20
1143.982907586404
 10
784.902312792568
 20
1144.2218672176018
 10
784.8666679282475
 20
1144.4728348704678
 10
784.8547863068073
 20
1144.735810545002
 10
784.8727351391956
 20
1145.0444799019897
 10
784.9265816363605
 20
1145.3394980343437
 10
785.016325798302
 20
1145.6208649420646
 10
785.1419676250201
 20
1145.8885806251521
 10
785.2966815041982
 20
1146.136577872658
 10
785.4736418235195
 20
1146.3587894736343
 10
785.672848582984
 20
1146.5552154280808
 10
785.8943017825918
 20
1146.7258557359978
 10
786.1342094155002
 20
1146.8739968033153
 10
786.3887794748666
 20
1147.002925035964
 10
786.6580119606912
 20
1147.112640433943
 10
786.9419068729737
 20
1147.203142997253
 10
787.1835841090754
 20
1147.2592646985236
 10
787.4798662437105
 20
1147.3143751979692
 10
787.830753276879
 20
1147.3684744955904
 10
788.2362452085808
 20
1147.4215625913866
 10
788.6625931779171
 20
1147.4754090885515
 10
789.0598690947934
 20
1147.5317835902783
 10
789.4280729592097
 20
1147.5906860965667
 10
789.7672047711661
 20
1147.6521166074167
 10
790.0772645306627
 20
1147.7160751228287
 10
790.3582522376992
 20
1147.7825616428022
 10
790.6101678922759
 20
1147.8515761673375
 10
790.8330114943926
 20
1147.9231186964346
 10
790.8365507007791
 20
1148.0591253418556
 10
790.8390787053409
 20
1148.1678295380102
 10
790.8405955080779
 20
1148.249231284898
 10
790.8411011089902
 20
1148.303330582519
 10
790.8346546973578
 20
1148.517578969126
 10
790.8153154624605
 20
1148.7153953260815
 10
790.7830834042984
 20
1148.896779653386
 10
790.7379585228715
 20
1149.0617319510388
 10
790.6799408181797
 20
1149.2102522190407
 10
790.6090302902231
 20
1149.3423404573912
 10
790.5252269390016
 20
1149.4579966660906
 10
790.4285307645154
 20
1149.5572208451385
 10
790.2805160974259
 20
1149.6728770538377
 10
790.1155637997729
 20
1149.7731124347106
 10
789.9336738715562
 20
1149.8579269877566
 10
789.734846312776
 20
1149.927320712976
 10
789.5190811234321
 20
1149.9812936103692
 10
789.2863783035245
 20
1150.0198456799355
 10
789.0367378530535
 20
1150.0429769216755
 10
788.7701597720188
 20
1150.0506873355887
 10
788.5217201237145
 20
1150.0450625254389
 10
788.2900917057458
 20
1150.0281880949892
 10
788.0752745181126
 20
1150.00006404424
 10
787.8772685608149
 20
1149.960690373191
 10
787.6960738338527
 20
1149.9100670818423
 10
787.531690337226
 20
1149.848194170194
 10
787.3841180709348
 20
1149.7750716382457
 10
787.2533570349792
 20
1149.6906994859978
 10
787.0245726221424
 20
1149.4760718987068
 10
786.8276410667835
 20
1149.1921769864243
 10
786.6625623689024
 20
1148.8390147491502
 10
786.529336528499
 20
1148.4165851868847
 10
785.1055643593312
 20
1148.6107359372259
 10
785.2183133627844
 20
1149.0458055223
 10
785.3624096228033
 20
1149.436887828
 10
785.5378531393875
 20
1149.7839828543258
 10
785.7446439125372
 20
1150.0870906012776
 10
785.9918827586746
 20
1150.3520254793473
 10
786.2886704942221
 20
1150.5846018990267
 10
786.6350071191794
 20
1150.7848198603158
 10
787.0308926335467
 20
1150.9526793632149
 10
787.4682374227265
 20
1151.0853996027058
 10
787.9389518721212
 20
1151.1801997737707
 10
788.4430359817306
 20
1151.2370798764098
 10
788.980489751555
 20
1151.2560399106228
 10
789.5047978976582
 20
1151.2398606814277
 10
789.9775347507023
 20
1151.1913229938425
 10
790.3987003106869
 20
1151.110426847867
 10
790.7682945776122
 20
1150.9971722435014
 10
791.0893511569523
 20
1150.8593959948869
 10
791.3649036541811
 20
1150.704934916165
 10
791.5949520692988
 20
1150.5337890073358
 10
791.7794964023053
 20
1150.345958268399
 10
791.9291542723598
 20
1150.1368922911438
 10
792.0545432986218
 20
1149.9020406673587
 10
792.1556634810911
 20
1149.641403397044
 10
792.2325148197677
 20
1149.3549804801999
 10
792.2643676772456
 20
1149.1315048769427
 10
792.2871197183013
 20
1148.8332003386581
 10
792.3007709429346
 20
1148.4600668653466
 10
792.3053213511457
 20
1148.0121044570076
 10
792.3053213511457
 20
1146.0705969535968
 10
792.3067749537687
 20
1145.586294479683
 10
792.3111357616377
 20
1145.148633689933
 10
792.3184037747527
 20
1144.757614584347
 10
792.3285789931136
 20
1144.413237162925
 10
792.3416614167206
 20
1144.115501425667
 10
792.3576510455736
 20
1143.864407372573
 10
792.3765478796726
 20
1143.6599550036428
 10
792.3983519190175
 20
1143.5021443188766
 10
792.4562432234811
 20
1143.2359454385262
 10
792.5368865690004
 20
1142.9753081682115
 10
792.6402819555752
 20
1142.7202325079327
 10
792.7664293832057
 20
1142.4707184576896
 10
791.2455818388673
 20
1142.4707184576896
 10
791.1424392527487
 20
1142.7068340837554
 10
791.0595207031239
 20
1142.9621625444904
 10
790.9968261899929
 20
1143.2367038398947
 10
790.9543557133558
 20
1143.530457969968
  0
LWPOLYLINE
  5
29F
330
17
100
AcDbEntity
  8
line engraving
 62
1
420
16711680
100
AcDbPolyline
 90
42
 70
0
 10
790.8330114943926
 20
1146.7824830381808
 10
790.6224287144003
 20
1146.7031036949425
 10
790.387071489703
 20
1146.6267579571781
 10
790.1269398203007
 20
1146.5534458248878
 10
789.8420337061934
 20
1146.4831672980717
 10
789.5323531473812
 20
1146.4159223767294
 10
789.1978981438639
 20
1146.3517110608616
 10
788.8386686956417
 20
1146.2905333504675
 10
788.4546648027145
 20
1146.2323892455477
 10
788.0385552518534
 20
1146.165649925118
 10
787.6881738195973
 20
1146.0948657973895
 10
787.4035205059462
 20
1146.0200368623623
 10
787.1845953109001
 20
1145.9411631200362
 10
787.0091517943159
 20
1145.8509133571822
 10
786.8549435160502
 20
1145.7419563605715
 10
786.721970476103
 20
1145.6142921302041
 10
786.6102326744744
 20
1145.4679206660799
 10
786.5217525148138
 20
1145.3078979773222
 10
786.4585524007705
 20
1145.1392800730546
 10
786.4206323323446
 20
1144.9620669532771
 10
786.4079923095359
 20
1144.7762586179897
 10
786.4355475592588
 20
1144.4971669143745
 10
786.5182133084274
 20
1144.2423440545517
 10
786.6559895570418
 20
1144.0117900385217
 10
786.8488763051021
 20
1143.8055048662843
 10
787.0948511489586
 20
1143.6356229597359
 10
787.3918916849622
 20
1143.5142787407729
 10
787.7399979131128
 20
1143.441472209395
 10
788.1391698334104
 20
1143.4172033656023
 10
788.5482009714987
 20
1143.440208207114
 10
788.9339744676191
 20
1143.5092227316493
 10
789.2964903217716
 20
1143.6242469392082
 10
789.6357485339561
 20
1143.7852808297905
 10
789.9416370859258
 20
1143.9862571924482
 10
790.2040439594335
 20
1144.2211088162333
 10
790.4229691544796
 20
1144.4898357011455
 10
790.5984126710638
 20
1144.7924378471848
 10
790.7010496562701
 20
1145.068495945326
 10
790.7743617885604
 20
1145.4032037492993
 10
790.8183490679346
 20
1145.796561259105
 10
790.8330114943926
 20
1146.2485684747428
 10
790.8330114943926
 20
1146.7824830381808
  0
LWPOLYLINE
  5
2A0
330
17
100
AcDbEntity
  8
line engraving
 62
1
420
16711680
100
AcDbPolyline
 90
119
 70
0
 10
800.1684267399588
 20
1145.6175785361343
 10
801.6002885237241
 20
1145.431517400391
 10
801.5301995972501
 20
1145.0714663506863
 10
801.4372322294923
 20
1144.731512937247
 10
801.321386420451
 20
1144.411657160074
 10
801.1826621701259
 20
1144.1118990191665
 10
801.0210594785171
 20
1143.8322385145248
 10
800.8365783456247
 20
1143.5726756461488
 10
800.6292187714486
 20
1143.3332104140388
 10
800.3989807559888
 20
1143.1138428181944
 10
800.1504147074564
 20
1142.9176064640899
 10
799.8880710340626
 20
1142.7475349571994
 10
799.6119497358073
 20
1142.6036282975226
 10
799.3220508126907
 20
1142.4858864850598
 10
799.0183742647126
 20
1142.3943095198113
 10
798.7009200918731
 20
1142.3288974017764
 10
798.3696882941721
 20
1142.2896501309554
 10
798.0246788716096
 20
1142.2765677073485
 10
797.5946020955448
 20
1142.2945797398509
 10
797.1861397584829
 20
1142.3486158373578
 10
796.7992918604238
 20
1142.4386759998695
 10
796.4340584013675
 20
1142.564760227386
 10
796.0904393813139
 20
1142.7268685199072
 10
795.7684348002632
 20
1142.925000877433
 10
795.4680446582154
 20
1143.1591572999635
 10
795.1892689551703
 20
1143.4293377874985
 10
794.9380485018481
 20
1143.7331407357046
 10
794.720324108969
 20
1144.0681645402483
 10
794.5360957765326
 20
1144.4344092011293
 10
794.3853635045393
 20
1144.8318747183478
 10
794.268127292989
 20
1145.2605610919036
 10
794.1843871418816
 20
1145.7204683217967
 10
794.1341430512172
 20
1146.2115964080274
 10
794.1173950209957
 20
1146.7339453505954
 10
794.1462142729994
 20
1147.4079113667533
 10
794.2326720290107
 20
1148.0383957044494
 10
794.3767682890294
 20
1148.6253983636839
 10
794.5785030530557
 20
1149.1689193444563
 10
794.7013008746418
 20
1149.4216566005155
 10
794.8391403233703
 20
1149.6580882271517
 10
794.992021399241
 20
1149.8782142243645
 10
795.1599441022541
 20
1150.082034592154
 10
795.3429084324096
 20
1150.2695493305207
 10
795.5409143897073
 20
1150.440758439464
 10
795.7539619741473
 20
1150.5956619189842
 10
795.9820511857296
 20
1150.734259769081
 10
796.4636360547396
 20
1150.9625385810057
 10
796.9659505611559
 20
1151.1255948752373
 10
797.4889947049784
 20
1151.2234286517764
 10
798.032768486207
 20
1151.2560399106228
 10
798.3746811031814
 20
1151.2449798906653
 10
798.7006672914168
 20
1151.2117998307924
 10
799.0107270509134
 20
1151.1564997310045
 10
799.3048603816709
 20
1151.0790795913015
 10
799.5830672836896
 20
1150.9795394116834
 10
799.8453477569693
 20
1150.85787919215
 10
800.0917018015102
 20
1150.7140989327015
 10
800.3221294173121
 20
1150.5481986333377
 10
800.5346082007258
 20
1150.361947897252
 10
800.7271157481017
 20
1150.1571163276376
 10
800.89965205944
 20
1149.9337039244945
 10
801.0522171347404
 20
1149.6917106878227
 10
801.1848109740034
 20
1149.431136617622
 10
801.2974335772286
 20
1149.1519817138926
 10
801.3900849444161
 20
1148.8542459766345
 10
801.4627650755659
 20
1148.5379294058478
 10
800.0470825209957
 20
1148.3195098117142
 10
799.926496703401
 20
1148.7255073443284
 10
799.7669796155557
 20
1149.077911180234
 10
799.5685312574597
 20
1149.3767213194308
 10
799.3311516291129
 20
1149.6219377619188
 10
799.0609079414637
 20
1149.8130549067857
 10
798.7638674054601
 20
1149.9495671531195
 10
798.4400300211022
 20
1150.0314745009196
 10
798.0893957883899
 20
1150.0587769501863
 10
797.8207953037058
 20
1150.0464529279477
 10
797.5650876422866
 20
1150.0094808612325
 10
797.3222728041321
 20
1149.9478607500403
 10
797.0923507892426
 20
1149.8615925943711
 10
796.8753215976178
 20
1149.7506763942251
 10
796.671185229258
 20
1149.615112149602
 10
796.4799416841629
 20
1149.4548998605023
 10
796.3015909623326
 20
1149.2700395269255
 10
796.1404306715222
 20
1149.0585087452225
 10
796.0007584194865
 20
1148.818285111744
 10
795.8825742062254
 20
1148.5493686264897
 10
795.7858780317392
 20
1148.2517592894596
 10
795.7106698960276
 20
1147.925457100654
 10
795.6569497990909
 20
1147.5704620600727
 10
795.6247177409288
 20
1147.1867741677158
 10
795.6139737215414
 20
1146.7743934235832
 10
795.6243385402445
 20
1146.3563878693008
 10
795.6554329963537
 20
1145.9679599683905
 10
795.7072570898692
 20
1145.6091097208525
 10
795.779810820791
 20
1145.2798371266867
 10
795.8730941891189
 20
1144.9801421858936
 10
795.987107194853
 20
1144.7100248984723
 10
796.1218498379934
 20
1144.4694852644234
 10
796.2773221185399
 20
1144.2585232837469
 10
796.4494792291939
 20
1144.074610951881
 10
796.6342763626566
 20
1143.9152202642636
 10
796.8317135189279
 20
1143.7803512208952
 10
797.0417906980078
 20
1143.6700038217755
 10
797.2645078998966
 20
1143.5841780669048
 10
797.4998651245938
 20
1143.5228739562826
 10
797.7478623720998
 20
1143.4860914899095
 10
798.0084996424144
 20
1143.473830667785
 10
798.4195531841522
 20
1143.5066947270875
 10
798.7952146620256
 20
1143.6052869049952
 10
799.1354840760349
 20
1143.7696072015078
 10
799.4403614261798
 20
1143.9996556166254
 10
799.5773792734258
 20
1144.1399598698015
 10
799.7012514969506
 20
1144.2979601549098
 10
799.8119780967545
 20
1144.4736564719503
 10
799.9095590728374
 20
1144.667048820923
 10
799.9939944251993
 20
1144.8781372018275
 10
800.0652841538401
 20
1145.1069216146643
 10
800.12342825876
 20
1145.3534020594332
 10
800.1684267399588
 20
1145.6175785361343
  0
LWPOLYLINE
  5
2A1
330
17
100
AcDbEntity
  8
line engraving
 62
1
420
16711680
100
AcDbPolyline
 90
95
 70
0
 10
808.7272389841606
 20
1145.2373666500498
 10
810.2319072993039
 20
1145.0513055143063
 10
810.1334415216244
 20
1144.7308809361066
 10
810.016015709732
 20
1144.4289107912077
 10
809.8796298636265
 20
1144.1453950796094
 10
809.724283983308
 20
1143.8803338013117
 10
809.5499780687766
 20
1143.6337269563146
 10
809.3567121200321
 20
1143.4055745446183
 10
809.1444861370746
 20
1143.1958765662225
 10
808.9133001199042
 20
1143.0046330211276
 10
808.6642916705736
 20
1142.8339927132106
 10
808.3985983911355
 20
1142.6861044463492
 10
808.1162202815899
 20
1142.5609682205434
 10
807.817157341937
 20
1142.4585840357931
 10
807.5014095721765
 20
1142.3789518920987
 10
807.1689769723087
 20
1142.3220717894596
 10
806.8198595423335
 20
1142.2879437278764
 10
806.4540572822507
 20
1142.2765677073485
 10
805.995034853954
 20
1142.294706140079
 10
805.5604076696782
 20
1142.3491214382702
 10
805.150175729423
 20
1142.4398136019224
 10
804.7643390331887
 20
1142.5667826310355
 10
804.4028975809749
 20
1142.7300285256092
 10
804.0658513727819
 20
1142.929551285644
 10
803.7532004086097
 20
1143.1653509111395
 10
803.4649446884581
 20
1143.437427402096
 10
803.2061402214507
 20
1143.742241552127
 10
802.981843016711
 20
1144.0762541548459
 10
802.792053074239
 20
1144.4394652102528
 10
802.6367703940346
 20
1144.8318747183478
 10
802.5159949760978
 20
1145.2534826791307
 10
802.4297268204286
 20
1145.7042890926018
 10
802.3779659270272
 20
1146.1842939587607
 10
802.3607122958933
 20
1146.6934972776078
 10
802.3781555273692
 20
1147.2203334282729
 10
802.4304852217972
 20
1147.7168335241972
 10
802.517701379177
 20
1148.1829975653807
 10
802.6398039995086
 20
1148.6188255518234
 10
802.7967930827922
 20
1149.0243174835252
 10
802.9886686290278
 20
1149.3994733604864
 10
803.2154306382151
 20
1149.7442931827068
 10
803.4770791103545
 20
1150.0587769501863
 10
803.7665356326728
 20
1150.3393854565386
 10
804.0767217923974
 20
1150.5825794953773
 10
804.4076375895282
 20
1150.7883590667022
 10
804.7592830240652
 20
1150.9567241705136
 10
805.1316580960084
 20
1151.0876748068115
 10
805.5247628053578
 20
1151.1812109755956
 10
805.9385971521134
 20
1151.237332676866
 10
806.3731611362753
 20
1151.2560399106228
 10
806.7940738958038
 20
1151.2377118775503
 10
807.1952682197507
 20
1151.1827277783325
 10
807.5767441081161
 20
1151.0910876129697
 10
807.9385015609001
 20
1150.9627913814618
 10
808.2805405781025
 20
1150.7978390838086
 10
808.6028611597235
 20
1150.5962307200105
 10
808.9054633057629
 20
1150.3579662900672
 10
809.1883470162207
 20
1150.0830457939787
 10
809.4443074780961
 20
1149.7748820379036
 10
809.6661398783882
 20
1149.436887828
 10
809.8538442170968
 20
1149.0690631642678
 10
810.0074204942221
 20
1148.6714080467073
 10
810.1268687097639
 20
1148.2439224753184
 10
810.2121888637224
 20
1147.7866064501009
 10
810.2633809560974
 20
1147.299459971055
 10
810.2804449868892
 20
1146.7824830381808
 10
810.2799393859768
 20
1146.709676506803
 10
810.2784225832398
 20
1146.6206907462297
 10
810.275894578678
 20
1146.5155257564618
 10
810.2723553722917
 20
1146.3941815374985
 10
803.8653806110366
 20
1146.3941815374985
 10
803.8955902655492
 20
1146.0506257175591
 10
803.9457711560997
 20
1145.727799535026
 10
804.0159232826877
 20
1145.4257029898988
 10
804.1060466453135
 20
1145.1443360821781
 10
804.216141243977
 20
1144.8836988118635
 10
804.346207078678
 20
1144.643791178955
 10
804.496244149417
 20
1144.4246131834527
 10
804.6662524561934
 20
1144.2261648253568
 10
804.8518079910245
 20
1144.049836507176
 10
805.0484867459274
 20
1143.897018631419
 10
805.2562887209018
 20
1143.7677111980865
 10
805.4752139159478
 20
1143.661914207178
 10
805.7052623310656
 20
1143.5796276586937
 10
805.9464339662547
 20
1143.5208515526333
 10
806.1987288215157
 20
1143.485585888997
 10
806.4621468968483
 20
1143.473830667785
 10
806.8479203929687
 20
1143.500121915227
 10
807.2043690361729
 20
1143.5789956575532
 10
807.5314928264612
 20
1143.710451894763
 10
807.8292917638332
 20
1143.8944906268573
 10
808.0977658482892
 20
1144.136167862959
 10
808.3369150798292
 20
1144.4405396121917
 10
808.546739458453
 20
1144.8076058745553
 10
808.7272389841606
 20
1145.2373666500498
  0
LWPOLYLINE
  5
2A2
330
17
100
AcDbEntity
  8
line engraving
 62
1
420
16711680
100
AcDbPolyline
 90
34
 70
0
 10
803.946276757012
 20
1147.591444497935
 10
808.7434182133558
 20
1147.591444497935
 10
808.7135877595273
 20
1147.853977771671
 10
808.6726340856272
 20
1148.0995734148435
 10
808.6205571916555
 20
1148.328231427452
 10
808.5573570776122
 20
1148.5399518094973
 10
808.4830337434973
 20
1148.7347345609787
 10
808.3975871893108
 20
1148.9125796818967
 10
808.3010174150526
 20
1149.073487172251
 10
808.1933244207228
 20
1149.2174570320415
 10
808.0129512952432
 20
1149.4146413878566
 10
807.8196853464987
 20
1149.58553449623
 10
807.6135265744894
 20
1149.730136357161
 10
807.3944749792153
 20
1149.84844697065
 10
807.1625305606763
 20
1149.9404663366972
 10
806.9176933188725
 20
1150.0061944553022
 10
806.6599632538039
 20
1150.0456313264654
 10
806.3893403654704
 20
1150.0587769501863
 10
806.143555121956
 20
1150.048285731255
 10
805.9077554964604
 20
1150.0168120744615
 10
805.6819414889835
 20
1149.9643559798055
 10
805.4661130995256
 20
1149.8909174472872
 10
805.2602703280866
 20
1149.7964964769064
 10
805.0644131746662
 20
1149.6810930686634
 10
804.8785416392649
 20
1149.544707222558
 10
804.7026557218824
 20
1149.3873389385901
 10
804.5413058307298
 20
1149.2124010229181
 10
804.3990423740183
 20
1149.0233062817006
 10
804.2758653517478
 20
1148.8200547149372
 10
804.1717747639185
 20
1148.602646322628
 10
804.0867706105303
 20
1148.3710811047733
 10
804.0208528915831
 20
1148.125359061373
 10
803.974021607077
 20
1147.865480192427
 10
803.946276757012
 20
1147.591444497935
  0
LWPOLYLINE
  5
2A3
330
17
100
AcDbEntity
  8
line engraving
 62
1
420
16711680
100
AcDbPolyline
 90
35
 70
0
 10
812.0439809691538
 20
1142.4707184576896
 10
812.0439809691538
 20
1151.0618891602817
 10
813.3544985339561
 20
1151.0618891602817
 10
813.3544985339561
 20
1149.759461210077
 10
813.6004733778126
 20
1150.1775931645877
 10
813.8368418043347
 20
1150.5178625785968
 10
814.063603813522
 20
1150.7802694521047
 10
814.2807594053749
 20
1150.9648137851111
 10
814.49842059814
 20
1151.0922252150224
 10
814.7266994100645
 20
1151.183233379245
 10
814.9655958411482
 20
1151.2378382777783
 10
815.2151098913913
 20
1151.2560399106228
 10
815.5847041583165
 20
1151.2267150577068
 10
815.957332030716
 20
1151.1387404989584
 10
816.3329935085894
 20
1150.9921162343778
 10
816.711688591937
 20
1150.7868422639651
 10
816.2101324868892
 20
1149.4358766261753
 10
815.9431752051702
 20
1149.573905675246
 10
815.6762179234513
 20
1149.6724978531533
 10
815.4092606417323
 20
1149.7316531598979
 10
815.1423033600133
 20
1149.7513715954794
 10
814.9097269403339
 20
1149.733422763091
 10
814.6892849425508
 20
1149.6795762659262
 10
814.4809773666641
 20
1149.5898321039847
 10
814.2848042126736
 20
1149.4641902772667
 10
814.1083494942648
 20
1149.3066955930708
 10
813.9591972251225
 20
1149.1213928586958
 10
813.837347405247
 20
1148.9082820741417
 10
813.7428000346382
 20
1148.6673632394086
 10
813.6366238430454
 20
1148.269960922304
 10
813.5607837061934
 20
1147.8543569723554
 10
813.5152796240822
 20
1147.4205513895622
 10
813.5001115967118
 20
1146.9685441739243
 10
813.5001115967118
 20
1142.4707184576896
 10
812.0439809691538
 20
1142.4707184576896
  0
ENDSEC
  0
SECTION
  2
OBJECTS
  0
DICTIONARY
  5
A
330
0
100
AcDbDictionary
281
1
  3
ACAD_COLOR
350
B
  3
ACAD_GROUP
350
C
  3
ACAD_LAYOUT
350
D
  3
ACAD_MATERIAL
350
E
  3
ACAD_MLEADERSTYLE
350
F
  3
ACAD_MLINESTYLE
350
10
  3
ACAD_PLOTSETTINGS
350
11
  3
ACAD_PLOTSTYLENAME
350
12
  3
ACAD_SCALELIST
350
14
  3
ACAD_TABLESTYLE
350
15
  3
ACAD_VISUALSTYLE
350
16
  3
EZDXF_META
350
2D
  0
DICTIONARY
  5
B
330
A
100
AcDbDictionary
281
1
  0
DICTIONARY
  5
C
330
A
100
AcDbDictionary
281
1
  0
DICTIONARY
  5
D
330
A
100
AcDbDictionary
281
1
  3
Model
350
1A
  3
Layout1
350
1E
  0
DICTIONARY
  5
E
330
A
100
AcDbDictionary
281
1
  3
ByBlock
350
1F
  3
ByLayer
350
20
  3
Global
350
21
  0
DICTIONARY
  5
F
330
A
100
AcDbDictionary
281
1
  3
Standard
350
2C
  0
DICTIONARY
  5
10
330
A
100
AcDbDictionary
281
1
  3
Standard
350
22
  0
DICTIONARY
  5
11
330
A
100
AcDbDictionary
281
1
  0
ACDBDICTIONARYWDFLT
  5
12
330
A
100
AcDbDictionary
281
1
  3
Normal
350
13
100
AcDbDictionaryWithDefault
340
13
  0
ACDBPLACEHOLDER
  5
13
330
12
  0
DICTIONARY
  5
14
330
A
100
AcDbDictionary
281
1
  0
DICTIONARY
  5
15
330
A
100
AcDbDictionary
281
1
  0
DICTIONARY
  5
16
330
A
100
AcDbDictionary
281
1
  0
LAYOUT
  5
1A
330
D
100
AcDbPlotSettings
  1

  4
A3
  6

 40
7.5
 41
20.0
 42
7.5
 43
20.0
 44
420.0
 45
297.0
 46
0.0
 47
0.0
 48
0.0
 49
0.0
140
0.0
141
0.0
142
1.0
143
1.0
 70
1024
 72
1
 73
0
 74
5
  7

 75
16
 76
0
 77
2
 78
300
147
1.0
148
0.0
149
0.0
100
AcDbLayout
  1
Model
 70
1
 71
0
 10
0.0
 20
0.0
 11
420.0
 21
297.0
 12
0.0
 22
0.0
 32
0.0
 14
1e+20
 24
1e+20
 34
1e+20
 15
-1e+20
 25
-1e+20
 35
-1e+20
146
0.0
 13
0.0
 23
0.0
 33
0.0
 16
1.0
 26
0.0
 36
0.0
 17
0.0
 27
1.0
 37
0.0
 76
1
330
17
  0
LAYOUT
  5
1E
330
D
100
AcDbPlotSettings
  1

  4
A3
  6

 40
7.5
 41
20.0
 42
7.5
 43
20.0
 44
420.0
 45
297.0
 46
0.0
 47
0.0
 48
0.0
 49
0.0
140
0.0
141
0.0
142
1.0
143
1.0
 70
0
 72
1
 73
0
 74
5
  7

 75
16
 76
0
 77
2
 78
300
147
1.0
148
0.0
149
0.0
100
AcDbLayout
  1
Layout1
 70
1
 71
1
 10
0.0
 20
0.0
 11
420.0
 21
297.0
 12
0.0
 22
0.0
 32
0.0
 14
1e+20
 24
1e+20
 34
1e+20
 15
-1e+20
 25
-1e+20
 35
-1e+20
146
0.0
 13
0.0
 23
0.0
 33
0.0
 16
1.0
 26
0.0
 36
0.0
 17
0.0
 27
1.0
 37
0.0
 76
1
330
1B
  0
MATERIAL
  5
1F
102
{ACAD_REACTORS
330
E
102
}
330
E
100
AcDbMaterial
  1
ByBlock
  2

 70
0
 40
1.0
 71
1
 41
1.0
 91
-1023410177
 42
1.0
 72
1
  3

 73
1
 74
1
 75
1
 44
0.5
 73
0
 45
1.0
 46
1.0
 77
1
  4

 78
1
 79
1
170
1
 48
1.0
171
1
  6

172
1
173
1
174
1
140
1.0
141
1.0
175
1
  7

176
1
177
1
178
1
143
1.0
179
1
  8

270
1
271
1
272
1
145
1.0
146
1.0
273
1
  9

274
1
275
1
276
1
 42
1.0
 72
1
  3

 73
1
 74
1
 75
1
 94
63
  0
MATERIAL
  5
20
102
{ACAD_REACTORS
330
E
102
}
330
E
100
AcDbMaterial
  1
ByLayer
  2

 70
0
 40
1.0
 71
1
 41
1.0
 91
-1023410177
 42
1.0
 72
1
  3

 73
1
 74
1
 75
1
 44
0.5
 73
0
 45
1.0
 46
1.0
 77
1
  4

 78
1
 79
1
170
1
 48
1.0
171
1
  6

172
1
173
1
174
1
140
1.0
141
1.0
175
1
  7

176
1
177
1
178
1
143
1.0
179
1
  8

270
1
271
1
272
1
145
1.0
146
1.0
273
1
  9

274
1
275
1
276
1
 42
1.0
 72
1
  3

 73
1
 74
1
 75
1
 94
63
  0
MATERIAL
  5
21
102
{ACAD_REACTORS
330
E
102
}
330
E
100
AcDbMaterial
  1
Global
  2

 70
0
 40
1.0
 71
1
 41
1.0
 91
-1023410177
 42
1.0
 72
1
  3

 73
1
 74
1
 75
1
 44
0.5
 73
0
 45
1.0
 46
1.0
 77
1
  4

 78
1
 79
1
170
1
 48
1.0
171
1
  6

172
1
173
1
174
1
140
1.0
141
1.0
175
1
  7

176
1
177
1
178
1
143
1.0
179
1
  8

270
1
271
1
272
1
145
1.0
146
1.0
273
1
  9

274
1
275
1
276
1
 42
1.0
 72
1
  3

 73
1
 74
1
 75
1
 94
63
  0
MLINESTYLE
  5
22
102
{ACAD_REACTORS
330
10
102
}
330
10
100
AcDbMlineStyle
  2
Standard
 70
0
  3

 62
256
 51
90.0
 52
90.0
 71
2
 49
0.5
 62
256
  6
BYLAYER
 49
-0.5
 62
256
  6
BYLAYER
  0
MLEADERSTYLE
  5
2C
102
{ACAD_REACTORS
330
F
102
}
330
F
100
AcDbMLeaderStyle
179
2
170
2
171
1
172
0
 90
2
 40
0.0
 41
0.0
173
1
 91
-1056964608
 92
-2
290
1
 42
2.0
291
1
 43
8.0
  3
Standard
 44
4.0
300

342
29
174
1
175
1
176
0
178
1
 93
-1056964608
 45
4.0
292
0
297
0
 46
4.0
 94
-1056964608
 47
1.0
 49
1.0
140
1.0
294
1
141
0.0
177
0
142
1.0
295
0
296
0
143
3.75
271
0
272
9
273
9
  0
DICTIONARY
  5
2D
330
A
100
AcDbDictionary
280
1
281
1
  3
CREATED_BY_EZDXF
350
2E
  3
WRITTEN_BY_EZDXF
350
2A6
  0
DICTIONARYVAR
  5
2E
330
2D
100
DictionaryVariables
280
0
  1
1.4.4 @ 2026-08-08T02:14:44.958740+00:00
  0
DICTIONARYVAR
  5
2A6
330
2D
100
DictionaryVariables
280
0
  1
1.4.4 @ 2026-08-08T02:14:45.711217+00:00
  0
ENDSEC
  0
EOF
