  0
SECTION
  2
HEADER
  9
$ACADVER
  1
AC1018
  9
$ACADMAINTVER
 70
0
  9
$DWGCODEPAGE
  3
ANSI_1252
  9
$LASTSAVEDBY
  1
ezdxf
  9
$INSBASE
 10
0.0
 20
0.0
 30
0.0
  9
$EXTMIN
 10
1e+20
 20
1e+20
 30
1e+20
  9
$EXTMAX
 10
-1e+20
 20
-1e+20
 30
-1e+20
  9
$LIMMIN
 10
0.0
 20
0.0
  9
$LIMMAX
 10
420.0
 20
297.0
  9
$ORTHOMODE
 70
0
  9
$REGENMODE
 70
1
  9
$FILLMODE
 70
1
  9
$QTEXTMODE
 70
0
  9
$MIRRTEXT
 70
1
  9
$LTSCALE
 40
1.0
  9
$ATTMODE
 70
1
  9
$TEXTSIZE
 40
2.5
  9
$TRACEWID
 40
1.0
  9
$TEXTSTYLE
  7
Standard
  9
$CLAYER
  8
0
  9
$CELTYPE
  6
ByLayer
  9
$CECOLOR
 62
256
  9
$CELTSCALE
 40
1.0
  9
$DISPSILH
 70
0
  9
$DIMSCALE
 40
1.0
  9
$DIMASZ
 40
2.5
  9
$DIMEXO
 40
0.625
  9
$DIMDLI
 40
3.75
  9
$DIMRND
 40
0.0
  9
$DIMDLE
 40
0.0
  9
$DIMEXE
 40
1.25
  9
$DIMTP
 40
0.0
  9
$DIMTM
 40
0.0
  9
$DIMTXT
 40
2.5
  9
$DIMCEN
 40
2.5
  9
$DIMTSZ
 40
0.0
  9
$DIMTOL
 70
0
  9
$DIMLIM
 70
0
  9
$DIMTIH
 70
0
  9
$DIMTOH
 70
0
  9
$DIMSE1
 70
0
  9
$DIMSE2
 70
0
  9
$DIMTAD
 70
1
  9
$DIMZIN
 70
8
  9
$DIMBLK
  1

  9
$DIMASO
 70
1
  9
$DIMSHO
 70
1
  9
$DIMPOST
  1

  9
$DIMAPOST
  1

  9
$DIMALT
 70
0
  9
$DIMALTD
 70
3
  9
$DIMALTF
 40
0.03937007874
  9
$DIMLFAC
 40
1.0
  9
$DIMTOFL
 70
1
  9
$DIMTVP
 40
0.0
  9
$DIMTIX
 70
0
  9
$DIMSOXD
 70
0
  9
$DIMSAH
 70
0
  9
$DIMBLK1
  1

  9
$DIMBLK2
  1

  9
$DIMSTYLE
  2
ISO-25
  9
$DIMCLRD
 70
0
  9
$DIMCLRE
 70
0
  9
$DIMCLRT
 70
0
  9
$DIMTFAC
 40
1.0
  9
$DIMGAP
 40
0.625
  9
$DIMJUST
 70
0
  9
$DIMSD1
 70
0
  9
$DIMSD2
 70
0
  9
$DIMTOLJ
 70
0
  9
$DIMTZIN
 70
8
  9
$DIMALTZ
 70
0
  9
$DIMALTTZ
 70
0
  9
$DIMUPT
 70
0
  9
$DIMDEC
 70
2
  9
$DIMTDEC
 70
2
  9
$DIMALTU
 70
2
  9
$DIMALTTD
 70
3
  9
$DIMTXSTY
  7
Standard
  9
$DIMAUNIT
 70
0
  9
$DIMADEC
 70
0
  9
$DIMALTRND
 40
0.0
  9
$DIMAZIN
 70
0
  9
$DIMDSEP
 70
44
  9
$DIMATFIT
 70
3
  9
$DIMFRAC
 70
0
  9
$DIMLDRBLK
  1

  9
$DIMLUNIT
 70
2
  9
$DIMLWD
 70
-2
  9
$DIMLWE
 70
-2
  9
$DIMTMOVE
 70
0
  9
$LUNITS
 70
2
  9
$LUPREC
 70
4
  9
$SKETCHINC
 40
1.0
  9
$FILLETRAD
 40
10.0
  9
$AUNITS
 70
0
  9
$AUPREC
 70
2
  9
$MENU
  1
.
  9
$ELEVATION
 40
0.0
  9
$PELEVATION
 40
0.0
  9
$THICKNESS
 40
0.0
  9
$LIMCHECK
 70
0
  9
$CHAMFERA
 40
0.0
  9
$CHAMFERB
 40
0.0
  9
$CHAMFERC
 40
0.0
  9
$CHAMFERD
 40
0.0
  9
$SKPOLY
 70
0
  9
$TDCREATE
 40
2461261.1350578703
  9
$TDUCREATE
 40
2458532.153996898
  9
$TDUPDATE
 40
2461261.1350694443
  9
$TDUUPDATE
 40
2458532.1544311
  9
$TDINDWG
 40
0.0
  9
$TDUSRTIMER
 40
0.0
  9
$USRTIMER
 70
1
  9
$ANGBASE
 50
0.0
  9
$ANGDIR
 70
0
  9
$PDMODE
 70
0
  9
$PDSIZE
 40
0.0
  9
$PLINEWID
 40
0.0
  9
$SPLFRAME
 70
0
  9
$SPLINETYPE
 70
6
  9
$SPLINESEGS
 70
8
  9
$HANDSEED
  5
227
  9
$SURFTAB1
 70
6
  9
$SURFTAB2
 70
6
  9
$SURFTYPE
 70
6
  9
$SURFU
 70
6
  9
$SURFV
 70
6
  9
$UCSBASE
  2

  9
$UCSNAME
  2

  9
$UCSORG
 10
0.0
 20
0.0
 30
0.0
  9
$UCSXDIR
 10
1.0
 20
0.0
 30
0.0
  9
$UCSYDIR
 10
0.0
 20
1.0
 30
0.0
  9
$UCSORTHOREF
  2

  9
$UCSORTHOVIEW
 70
0
  9
$UCSORGTOP
 10
0.0
 20
0.0
 30
0.0
  9
$UCSORGBOTTOM
 10
0.0
 20
0.0
 30
0.0
  9
$UCSORGLEFT
 10
0.0
 20
0.0
 30
0.0
  9
$UCSORGRIGHT
 10
0.0
 20
0.0
 30
0.0
  9
$UCSORGFRONT
 10
0.0
 20
0.0
 30
0.0
  9
$UCSORGBACK
 10
0.0
 20
0.0
 30
0.0
  9
$PUCSBASE
  2

  9
$PUCSNAME
  2

  9
$PUCSORG
 10
0.0
 20
0.0
 30
0.0
  9
$PUCSXDIR
 10
1.0
 20
0.0
 30
0.0
  9
$PUCSYDIR
 10
0.0
 20
1.0
 30
0.0
  9
$PUCSORTHOREF
  2

  9
$PUCSORTHOVIEW
 70
0
  9
$PUCSORGTOP
 10
0.0
 20
0.0
 30
0.0
  9
$PUCSORGBOTTOM
 10
0.0
 20
0.0
 30
0.0
  9
$PUCSORGLEFT
 10
0.0
 20
0.0
 30
0.0
  9
$PUCSORGRIGHT
 10
0.0
 20
0.0
 30
0.0
  9
$PUCSORGFRONT
 10
0.0
 20
0.0
 30
0.0
  9
$PUCSORGBACK
 10
0.0
 20
0.0
 30
0.0
  9
$USERI1
 70
0
  9
$USERI2
 70
0
  9
$USERI3
 70
0
  9
$USERI4
 70
0
  9
$USERI5
 70
0
  9
$USERR1
 40
0.0
  9
$USERR2
 40
0.0
  9
$USERR3
 40
0.0
  9
$USERR4
 40
0.0
  9
$USERR5
 40
0.0
  9
$WORLDVIEW
 70
1
  9
$SHADEDGE
 70
3
  9
$SHADEDIF
 70
70
  9
$TILEMODE
 70
1
  9
$MAXACTVP
 70
64
  9
$PINSBASE
 10
0.0
 20
0.0
 30
0.0
  9
$PLIMCHECK
 70
0
  9
$PEXTMIN
 10
1e+20
 20
1e+20
 30
1e+20
  9
$PEXTMAX
 10
-1e+20
 20
-1e+20
 30
-1e+20
  9
$PLIMMIN
 10
0.0
 20
0.0
  9
$PLIMMAX
 10
420.0
 20
297.0
  9
$UNITMODE
 70
0
  9
$VISRETAIN
 70
1
  9
$PLINEGEN
 70
0
  9
$PSLTSCALE
 70
1
  9
$TREEDEPTH
 70
3020
  9
$CMLSTYLE
  2
Standard
  9
$CMLJUST
 70
0
  9
$CMLSCALE
 40
20.0
  9
$PROXYGRAPHICS
 70
1
  9
$MEASUREMENT
 70
1
  9
$CELWEIGHT
370
-1
  9
$ENDCAPS
280
0
  9
$JOINSTYLE
280
0
  9
$LWDISPLAY
290
0
  9
$INSUNITS
 70
4
  9
$HYPERLINKBASE
  1

  9
$STYLESHEET
  1

  9
$XEDIT
290
1
  9
$CEPSNTYPE
380
0
  9
$PSTYLEMODE
290
1
  9
$FINGERPRINTGUID
  2
{83774118-12F8-4BE3-A1CE-05FB896D3723}
  9
$VERSIONGUID
  2
{D4B17AE6-95A0-4F63-B226-CEB323585521}
  9
$EXTNAMES
290
1
  9
$PSVPSCALE
 40
0.0
  9
$OLESTARTUP
290
0
  9
$SORTENTS
280
127
  9
$INDEXCTL
280
0
  9
$HIDETEXT
280
1
  9
$XCLIPFRAME
290
1
  9
$HALOGAP
280
0
  9
$OBSCOLOR
 70
257
  9
$OBSLTYPE
280
0
  9
$INTERSECTIONDISPLAY
280
0
  9
$INTERSECTIONCOLOR
 70
257
  9
$DIMASSOC
280
2
  9
$PROJECTNAME
  1

  0
ENDSEC
  0
SECTION
  2
CLASSES
  0
CLASS
  1
ACDBDICTIONARYWDFLT
  2
AcDbDictionaryWithDefault
  3
ObjectDBX Classes
 90
0
 91
0
280
0
281
0
  0
CLASS
  1
SUN
  2
AcDbSun
  3
SCENEOE
 90
1153
 91
0
280
0
281
0
  0
CLASS
  1
VISUALSTYLE
  2
AcDbVisualStyle
  3
ObjectDBX Classes
 90
4095
 91
0
280
0
281
0
  0
CLASS
  1
MATERIAL
  2
AcDbMaterial
  3
ObjectDBX Classes
 90
1153
 91
0
280
0
281
0
  0
CLASS
  1
SCALE
  2
AcDbScale
  3
ObjectDBX Classes
 90
1153
 91
0
280
0
281
0
  0
CLASS
  1
TABLESTYLE
  2
AcDbTableStyle
  3
ObjectDBX Classes
 90
4095
 91
0
280
0
281
0
  0
CLASS
  1
MLEADERSTYLE
  2
AcDbMLeaderStyle
  3
ACDB_MLEADERSTYLE_CLASS
 90
4095
 91
0
280
0
281
0
  0
CLASS
  1
DICTIONARYVAR
  2
AcDbDictionaryVar
  3
ObjectDBX Classes
 90
0
 91
0
280
0
281
0
  0
CLASS
  1
CELLSTYLEMAP
  2
AcDbCellStyleMap
  3
ObjectDBX Classes
 90
1152
 91
0
280
0
281
0
  0
CLASS
  1
MENTALRAYRENDERSETTINGS
  2
AcDbMentalRayRenderSettings
  3
SCENEOE
 90
1024
 91
0
280
0
281
0
  0
CLASS
  1
ACDBDETAILVIEWSTYLE
  2
AcDbDetailViewStyle
  3
ObjectDBX Classes
 90
1025
 91
0
280
0
281
0
  0
CLASS
  1
ACDBSECTIONVIEWSTYLE
  2
AcDbSectionViewStyle
  3
ObjectDBX Classes
 90
1025
 91
0
280
0
281
0
  0
CLASS
  1
RASTERVARIABLES
  2
AcDbRasterVariables
  3
ISM
 90
0
 91
0
280
0
281
0
  0
CLASS
  1
LAYOUT
  2
AcDbLayout
  3
ObjectDBX Classes
 90
0
 91
0
280
0
281
0
  0
CLASS
  1
ACDBPLACEHOLDER
  2
AcDbPlaceHolder
  3
ObjectDBX Classes
 90
0
 91
0
280
0
281
0
  0
ENDSEC
  0
SECTION
  2
TABLES
  0
TABLE
  2
VPORT
  5
8
330
0
100
AcDbSymbolTable
 70
1
  0
VPORT
  5
23
330
8
100
AcDbSymbolTableRecord
100
AcDbViewportTableRecord
  2
*Active
 70
0
 10
0.0
 20
0.0
 11
1.0
 21
1.0
 12
0.0
 22
0.0
 13
0.0
 23
0.0
 14
0.5
 24
0.5
 15
0.5
 25
0.5
 16
0.0
 26
0.0
 36
1.0
 17
0.0
 27
0.0
 37
0.0
 40
1000.0
 41
1.34
 42
50.0
 43
0.0
 44
0.0
 50
0.0
 51
0.0
 71
0
 72
1000
 73
1
 74
3
 75
0
 76
0
 77
0
 78
0
281
0
 65
0
146
0.0
  0
ENDTAB
  0
TABLE
  2
LTYPE
  5
2
330
0
100
AcDbSymbolTable
 70
3
  0
LTYPE
  5
24
330
2
100
AcDbSymbolTableRecord
100
AcDbLinetypeTableRecord
  2
ByBlock
 70
0
  3

 72
65
 73
0
 40
0.0
  0
LTYPE
  5
25
330
2
100
AcDbSymbolTableRecord
100
AcDbLinetypeTableRecord
  2
ByLayer
 70
0
  3

 72
65
 73
0
 40
0.0
  0
LTYPE
  5
26
330
2
100
AcDbSymbolTableRecord
100
AcDbLinetypeTableRecord
  2
Continuous
 70
0
  3

 72
65
 73
0
 40
0.0
  0
ENDTAB
  0
TABLE
  2
LAYER
  5
1
330
0
100
AcDbSymbolTable
 70
4
  0
LAYER
  5
27
330
1
100
AcDbSymbolTableRecord
100
AcDbLayerTableRecord
  2
0
 70
0
 62
7
  6
Continuous
370
-3
390
13
  0
LAYER
  5
28
330
1
100
AcDbSymbolTableRecord
100
AcDbLayerTableRecord
  2
Defpoints
 70
0
 62
7
  6
Continuous
290
0
370
-3
390
13
  0
LAYER
  5
2F
330
1
100
AcDbSymbolTableRecord
100
AcDbLayerTableRecord
  2
cut
 70
0
 62
5
420
255
  6
Continuous
370
-3
390
13
  0
LAYER
  5
30
330
1
100
AcDbSymbolTableRecord
100
AcDbLayerTableRecord
  2
line engraving
 70
0
 62
1
420
16711680
  6
Continuous
370
-3
390
13
  0
ENDTAB
  0
TABLE
  2
STYLE
  5
5
330
0
100
AcDbSymbolTable
 70
1
  0
STYLE
  5
29
330
5
100
AcDbSymbolTableRecord
100
AcDbTextStyleTableRecord
  2
Standard
 70
0
 40
0.0
 41
1.0
 50
0.0
 71
0
 42
2.5
  3
txt
  4

  0
ENDTAB
  0
TABLE
  2
VIEW
  5
7
330
0
100
AcDbSymbolTable
 70
0
  0
ENDTAB
  0
TABLE
  2
UCS
  5
6
330
0
100
AcDbSymbolTable
 70
0
  0
ENDTAB
  0
TABLE
  2
APPID
  5
3
330
0
100
AcDbSymbolTable
 70
3
  0
APPID
  5
2A
330
3
100
AcDbSymbolTableRecord
100
AcDbRegAppTableRecord
  2
ACAD
 70
0
  0
APPID
  5
224
330
3
100
AcDbSymbolTableRecord
100
AcDbRegAppTableRecord
  2
HATCHBACKGROUNDCOLOR
 70
0
  0
APPID
  5
225
330
3
100
AcDbSymbolTableRecord
100
AcDbRegAppTableRecord
  2
EZDXF
 70
0
  0
ENDTAB
  0
TABLE
  2
DIMSTYLE
  5
4
330
0
100
AcDbSymbolTable
 70
1
100
AcDbDimStyleTable
  0
DIMSTYLE
105
2B
330
4
100
AcDbSymbolTableRecord
100
AcDbDimStyleTableRecord
  2
Standard
 70
0
  3

  4

 40
1.0
 41
2.5
 42
0.625
 43
3.75
 44
1.25
 45
0.0
 46
0.0
 47
0.0
 48
0.0
140
2.5
141
2.5
142
0.0
143
0.03937007874
144
1.0
145
0.0
146
1.0
147
0.625
148
0.0
 71
0
 72
0
 73
0
 74
0
 75
0
 76
0
 77
1
 78
8
 79
3
170
0
171
3
172
1
173
0
174
0
175
0
176
0
177
0
178
0
179
2
271
2
272
2
273
2
274
3
275
0
276
0
277
2
278
44
279
0
280
0
281
0
282
0
283
0
284
8
285
0
286
0
288
0
289
3
371
-2
372
-2
  0
ENDTAB
  0
TABLE
  2
BLOCK_RECORD
  5
9
330
0
100
AcDbSymbolTable
 70
2
  0
BLOCK_RECORD
  5
17
330
9
100
AcDbSymbolTableRecord
100
AcDbBlockTableRecord
  2
*Model_Space
340
1A
  0
BLOCK_RECORD
  5
1B
330
9
100
AcDbSymbolTableRecord
100
AcDbBlockTableRecord
  2
*Paper_Space
340
1E
  0
ENDTAB
  0
ENDSEC
  0
SECTION
  2
BLOCKS
  0
BLOCK
  5
18
330
17
100
AcDbEntity
  8
0
100
AcDbBlockBegin
  2
*Model_Space
 70
0
 10
0.0
 20
0.0
 30
0.0
  3
*Model_Space
  1

  0
ENDBLK
  5
19
330
17
100
AcDbEntity
  8
0
100
AcDbBlockEnd
  0
BLOCK
  5
1C
330
1B
100
AcDbEntity
  8
0
100
AcDbBlockBegin
  2
*Paper_Space
 70
0
 10
0.0
 20
0.0
 30
0.0
  3
*Paper_Space
  1

  0
ENDBLK
  5
1D
330
1B
100
AcDbEntity
  8
0
100
AcDbBlockEnd
  0
ENDSEC
  0
SECTION
  2
ENTITIES
  0
LWPOLYLINE
  5
31
330
17
100
AcDbEntity
  8
cut
 62
5
420
255
100
AcDbPolyline
 90
3
 70
1
 10
201.79784502208514
 20
171.03483769188097
 10
342.4908632707446
 20
78.0
 10
116.28240697678189
 20
78.0
  0
CIRCLE
  5
32
330
17
100
AcDbEntity
  8
cut
 62
5
420
255
100
AcDbCircle
 10
197.01555786864566
 20
210.16299263206838
 30
0.0
 40
4.4
  0
LWPOLYLINE
  5
33
330
17
100
AcDbEntity
  8
cut
 62
5
420
255
100
AcDbPolyline
 90
2
 70
1
 10
56.143619503546546
 20
56.858215456218204
 42
0.9972646038391172
 10
39.904843577179236
 20
39.18626494819091
 42
0.9972646038394608
  0
LWPOLYLINE
  5
34
330
17
100
AcDbEntity
  8
cut
 62
5
420
255
100
AcDbPolyline
 90
7
 70
1
 10
174.92856710194744
 20
230.46483587034845
 10
25.913037733076777
 20
68.3463236426719
 42
0.4145782399340892
 10
27.725697667349337
 20
25.932232456792917
 42
0.188241269212927
 10
48.048434580938675
 20
18.0
 10
442.24843458093864
 20
18.0
 42
0.743511322855691
 10
458.79567872710675
 20
73.0237629298058
 10
213.56280201477796
 20
235.1867555618977
 42
0.3683575668124177
  0
CIRCLE
  5
35
330
17
100
AcDbEntity
  8
cut
 62
5
420
255
100
AcDbCircle
 10
442.2484345809389
 20
48.0
 30
0.0
 40
4.4
  0
LWPOLYLINE
  5
36
330
17
100
AcDbEntity
  8
line engraving
 62
1
420
16711680
100
AcDbPolyline
 90
7
 70
0
 10
350.9424606955423
 20
53.72603172158165
 10
350.9424606955423
 20
65.58540672158165
 10
352.5118459274659
 20
65.58540672158165
 10
352.5118459274659
 20
55.12553504695682
 10
358.3525476668929
 20
55.12553504695682
 10
358.3525476668929
 20
53.72603172158165
 10
350.9424606955423
 20
53.72603172158165
  0
LWPOLYLINE
  5
37
330
17
100
AcDbEntity
  8
line engraving
 62
1
420
16711680
100
AcDbPolyline
 90
5
 70
0
 10
360.04327711777967
 20
63.910856499889974
 10
360.04327711777967
 20
65.58540672158165
 10
361.4994077453377
 20
65.58540672158165
 10
361.4994077453377
 20
63.910856499889974
 10
360.04327711777967
 20
63.910856499889974
  0
LWPOLYLINE
  5
38
330
17
100
AcDbEntity
  8
line engraving
 62
1
420
16711680
100
AcDbPolyline
 90
5
 70
0
 10
360.04327711777967
 20
53.72603172158165
 10
360.04327711777967
 20
62.317202424173736
 10
361.4994077453377
 20
62.317202424173736
 10
361.4994077453377
 20
53.72603172158165
 10
360.04327711777967
 20
53.72603172158165
  0
LWPOLYLINE
  5
39
330
17
100
AcDbEntity
  8
line engraving
 62
1
420
16711680
100
AcDbPolyline
 90
61
 70
0
 10
363.71596214506485
 20
53.72603172158165
 10
363.71596214506485
 20
62.317202424173736
 10
365.026479709867
 20
62.317202424173736
 10
365.026479709867
 20
61.09567061994454
 10
365.27624656056616
 20
61.42747121867195
 10
365.5523046587074
 20
61.71503173756903
 10
365.8546540042906
 20
61.95835217663579
 10
366.1832945973158
 20
62.15743253587224
 10
366.53822643778307
 20
62.31227281527836
 10
366.91944952569236
 20
62.42287301485416
 10
367.3269638610437
 20
62.489233134599644
 10
367.760769443837
 20
62.5113531745148
 10
368.1412341303777
 20
62.493909943038844
 10
368.50602518863576
 20
62.44158024861098
 10
368.855142618611
 20
62.354364091231204
 10
369.1885864203036
 20
62.23226147089952
 10
369.49371657090467
 20
62.08184519947643
 10
369.75789304760576
 20
61.909688088822435
 10
369.9811158504067
 20
61.71579013893755
 10
370.16338497930764
 20
61.500151349821756
 10
370.3130428493622
 20
61.263024521931236
 10
370.43843187562413
 20
61.00466245572217
 10
370.5395520580935
 20
60.72506515119454
 10
370.6164033967701
 20
60.42423260834836
 10
370.6517954606344
 20
60.18407217498376
 10
370.6770755062517
 20
59.86807160476719
 10
370.6922435336221
 20
59.476230897698635
 10
370.69729954274555
 20
59.0085500537781
 10
370.69729954274555
 20
53.72603172158165
 10
369.2411689151876
 20
53.72603172158165
 10
369.2411689151876
 20
58.95192275159529
 10
369.2305512960283
 20
59.368790703825
 10
369.1986984385505
 20
59.729536954784244
 10
369.1456103427541
 20
60.03416150447302
 10
369.07128700863916
 20
60.28266435289134
 10
368.9699140257137
 20
60.4919831306028
 10
368.83567698348566
 20
60.67905546817101
 10
368.6685758819552
 20
60.84388136559597
 10
368.4686107211221
 20
60.98646082287769
 10
368.2428599137594
 20
61.10148503043653
 10
367.9984018726399
 20
61.183645178692835
 10
367.7352365977635
 20
61.23294126764662
 10
367.45336408913033
 20
61.249373297297886
 10
367.22476927663564
 20
61.24014608064756
 10
367.00413767851046
 20
61.21246443069659
 10
366.7914692947547
 20
61.16632834744497
 10
366.5867641253684
 20
61.1017378308927
 10
366.39002217035153
 20
61.01869288103978
 10
366.20124342970416
 20
60.91719349788622
 10
366.0204279034262
 20
60.797239681432
 10
365.84757559151774
 20
60.65883143167714
 10
365.68925930583924
 20
60.49463753539261
 10
365.5520518582512
 20
60.29732677934938
 10
365.43595324875366
 20
60.066899163547454
 10
365.3409634773466
 20
59.80335468798683
 10
365.2670825440299
 20
59.50669335266751
 10
365.21431044880376
 20
59.17691515758949
 10
365.182647191668
 20
58.81402010275278
 10
365.1720927726228
 20
58.418008188157366
 10
365.1720927726228
 20
53.72603172158165
 10
363.71596214506485
 20
53.72603172158165
  0
LWPOLYLINE
  5
3A
330
17
100
AcDbEntity
  8
line engraving
 62
1
420
16711680
100
AcDbPolyline
 90
13
 70
0
 10
372.93812278626535
 20
53.72603172158165
 10
372.93812278626535
 20
65.58540672158165
 10
374.3942534138233
 20
65.58540672158165
 10
374.3942534138233
 20
58.82248891803458
 10
377.84042923237723
 20
62.317202424173736
 10
379.72530943360505
 20
62.317202424173736
 10
376.44092590700205
 20
59.12989427274127
 10
380.0569836321044
 20
53.72603172158165
 10
378.2610891914495
 20
53.72603172158165
 10
375.4216344677115
 20
58.11869244804822
 10
374.3942534138233
 20
57.131759467147816
 10
374.3942534138233
 20
53.72603172158165
 10
372.93812278626535
 20
53.72603172158165
  0
LWPOLYLINE
  5
3B
330
17
100
AcDbEntity
  8
line engraving
 62
1
420
16711680
100
AcDbPolyline
 90
159
 70
0
 10
380.63134626853
 20
56.2904395490032
 10
382.0712976668929
 20
56.51694875773445
 10
382.1590194251851
 20
56.10943442238315
 10
382.30084048109825
 20
55.75248017826651
 10
382.49676083463254
 20
55.44608602538452
 10
382.7467804857879
 20
55.190251963737175
 10
383.05140503547665
 20
54.98851719971091
 10
383.41114008461125
 20
54.84442093969215
 10
383.8259856331915
 20
54.75796318368089
 10
384.29594168121764
 20
54.72914393167714
 10
384.538630119144
 20
54.73552714319552
 10
384.7651393278752
 20
54.754676777750646
 10
384.97546930741134
 20
54.78659283534252
 10
385.1696200577524
 20
54.83127531597114
 10
385.3475915788984
 20
54.888724219636515
 10
385.50938387084926
 20
54.95893954633864
 10
385.65499693360505
 20
55.04192129607751
 10
385.78443076716576
 20
55.13766946885313
 10
385.9967831503513
 20
55.350780253407194
 10
386.1484634240553
 20
55.58158706989338
 10
386.23947158827764
 20
55.83008991831169
 10
386.26980764301845
 20
56.09628879866214
 10
386.2430107946641
 20
56.32987642016623
 10
386.162620249601
 20
56.537172794228304
 10
386.02863600782916
 20
56.71817792084836
 10
385.8410580693486
 20
56.872891800026395
 10
385.7523251092318
 20
56.92307269057679
 10
385.6357840989359
 20
56.976539987057436
 10
385.49143503846096
 20
57.03329368946833
 10
385.319277927807
 20
57.09333379780948
 10
385.11931276697396
 20
57.15666031208088
 10
384.89153955596186
 20
57.22327323228254
 10
384.63595829477066
 20
57.29317255841444
 10
384.35256898340043
 20
57.3663582904766
 10
383.9674906885345
 20
57.46577206986673
 10
383.61312764909366
 20
57.561773043098526
 10
383.28947986507785
 20
57.654361210171984
 10
382.9965473364871
 20
57.743536571087105
 10
382.73433006332135
 20
57.82929912584388
 10
382.50282804558066
 20
57.91164887444232
 10
382.30204128326505
 20
57.99058581688242
 10
382.1319697763745
 20
58.06610995316419
 10
381.84124925177525
 20
58.227902245115075
 10
381.5879431946896
 20
58.418008188157366
 10
381.3720516051177
 20
58.636427782291065
 10
381.19357448305936
 20
58.88316102751617
 10
381.05377583079553
 20
59.15087671060365
 10
380.95391965060713
 20
59.432243618324485
 10
380.89400594249406
 20
59.72726175067868
 10
380.87403470645637
 20
60.03593110766623
 10
380.8904667361076
 20
60.317803616299415
 10
380.9397628250614
 20
60.58905850577332
 10
381.0219229733177
 20
60.849695776087955
 10
381.1369471808766
 20
61.09971542724331
 10
381.2802850395268
 20
61.334061450115925
 10
381.44738614105734
 20
61.547677835582334
 10
381.6382504854681
 20
61.74056458364253
 10
381.8528780727592
 20
61.91272169429652
 10
382.0381808071342
 20
62.03330751189117
 10
382.25432519716236
 20
62.14428691215123
 10
382.50131124284366
 20
62.245659895076706
 10
382.77913894417804
 20
62.3374264606676
 10
383.0776962829187
 20
62.413519397975755
 10
383.38687124081855
 20
62.467871496053
 10
383.70666381787777
 20
62.50048275489935
 10
384.0370740140962
 20
62.5113531745148
 10
384.5272540986162
 20
62.49315154167033
 10
384.98659252748297
 20
62.4385466431369
 10
385.41508930069665
 20
62.34753847891453
 10
385.8127444182572
 20
62.2201270490032
 10
386.16995146283
 20
62.06162116298257
 10
386.4771040170805
 20
61.877329630432264
 10
386.7342020810087
 20
61.66725245135228
 10
386.9412456546146
 20
61.43138962574263
 10
387.1091051575137
 20
61.16165153900576
 10
387.2486510093213
 20
60.84994857654413
 10
387.35988321003754
 20
60.49628073835774
 10
387.44280175966236
 20
60.100648024446585
 10
386.01902959049454
 20
59.906497274105526
 10
385.9474870613975
 20
60.21996983976037
 10
385.829934849277
 20
60.49703913972626
 10
385.6663729541329
 20
60.7377051740032
 10
385.45680137596526
 20
60.9419679425912
 10
385.2002089129494
 20
61.104771436366775
 10
384.8955843632606
 20
61.22105964620648
 10
384.5429277268989
 20
61.2908325721103
 10
384.1422390038643
 20
61.314090214078234
 10
383.90043536753456
 20
61.30890780472668
 10
383.6765805635931
 20
61.29336057667203
 10
383.47067459204
 20
61.26744852991427
 10
383.2827174528752
 20
61.231171664453406
 10
383.11270914609867
 20
61.18452998028944
 10
382.9606496717104
 20
61.12752347742237
 10
382.82653902971055
 20
61.060152155852194
 10
382.7103772200989
 20
60.98241601557892
 10
382.52279928161835
 20
60.809500503556414
 10
382.3888150398465
 20
60.6224281659882
 10
382.3084244947834
 20
60.42119900287428
 10
382.28162764642906
 20
60.20581301421466
 10
382.2927508665007
 20
60.067783965144066
 10
382.32612052671556
 20
59.93683332884632
 10
382.3817366270737
 20
59.81296110532142
 10
382.45959916757505
 20
59.69616729456937
 10
382.5612249509567
 20
59.583923892028444
 10
382.6881307799557
 20
59.48179250773445
 10
382.840316654572
 20
59.38977314168738
 10
383.0177825748056
 20
59.307865793887245
 10
383.08565949728813
 20
59.284355351463134
 10
383.18008046766886
 20
59.254272097178514
 10
383.3010454859477
 20
59.21761603103339
 10
383.44855455212485
 20
59.174387153027766
 10
383.6226076662001
 20
59.12458546316163
 10
383.82320482817363
 20
59.06821096143499
 10
384.0503460380453
 20
59.00526364784785
 10
384.30403129581515
 20
58.9357435224002
 10
384.6757111665039
 20
58.834939340501116
 10
385.0181925845046
 20
58.73881196704123
 10
385.3314755498173
 20
58.64736140202056
 10
385.615560062442
 20
58.560587645439085
 10
385.8704461223787
 20
58.47849069729682
 10
386.0961337296274
 20
58.401070557593755
 10
386.29262288418806
 20
58.328327226329904
 10
386.45991358606074
 20
58.26026070350525
 10
386.74886450746675
 20
58.11388923938094
 10
387.0049513695703
 20
57.93768732142817
 10
387.22817417237127
 20
57.731654949646966
 10
387.4185329158697
 20
57.49579212403731
 10
387.570718790486
 20
57.22984604414304
 10
387.67942298664053
 20
56.93356390950798
 10
387.7446455043332
 20
56.606945720132124
 10
387.76638634356414
 20
56.24999147601548
 10
387.73984229566594
 20
55.89126762870563
 10
387.66021015197134
 20
55.54316140055504
 10
387.5274899124804
 20
55.20567279156374
 10
387.34168157719307
 20
54.87880180173172
 10
387.1058187515834
 20
54.575441254323806
 10
386.82293504112556
 20
54.30848397260484
 10
386.49303044581944
 20
54.07792995657483
 10
386.1161049656651
 20
53.88377920623376
 10
385.70252341936566
 20
53.72982372842424
 10
385.26265062562413
 20
53.619855529988875
 10
384.7964865844407
 20
53.55387461092766
 10
384.30403129581515
 20
53.53188097124058
 10
383.89784416285875
 20
53.54275139085603
 10
383.5165578748354
 20
53.575362649702384
 10
383.1601724317452
 20
53.62971474777964
 10
382.828687833588
 20
53.705807685087784
 10
382.5221040803639
 20
53.80364146162684
 10
382.24042117207284
 20
53.92321607739679
 10
381.98363910871484
 20
54.064531532397645
 10
381.7517578902899
 20
54.227587826629396
 10
381.5422495122363
 20
54.41200575940779
 10
381.35258596999233
 20
54.617406130048565
 10
381.18276726355793
 20
54.84378893855172
 10
381.0327933929332
 20
55.09115418491726
 10
380.902664358118
 20
55.35950186914517
 10
380.7923801591124
 20
55.64883199123547
 10
380.7019407959164
 20
55.959144551188146
 10
380.63134626853
 20
56.2904395490032
  0
LWPOLYLINE
  5
3C
330
17
100
AcDbEntity
  8
line engraving
 62
1
420
16711680
100
AcDbPolyline
 90
57
 70
0
 10
394.10055457344134
 20
53.72603172158165
 10
394.10055457344134
 20
65.58540672158165
 10
395.5566852009993
 20
65.58540672158165
 10
395.5566852009993
 20
61.33026944327332
 10
395.8198504758757
 20
61.607085942783044
 10
396.09970058085946
 20
61.84699357569147
 10
396.3962355159507
 20
62.049992341998596
 10
396.7094552811494
 20
62.216082241704434
 10
397.03935987645553
 20
62.34526327480897
 10
397.38594930186906
 20
62.43753544131221
 10
397.74922355739005
 20
62.492898741214155
 10
398.12918264301845
 20
62.5113531745148
 10
398.5907962759908
 20
62.48784273209069
 10
399.0210626523977
 20
62.41731140481835
 10
399.4199817722391
 20
62.299759192697785
 10
399.787553635515
 20
62.13518609572899
 10
400.11442462534706
 20
61.929153723947785
 10
400.3912411248568
 20
61.687223687389974
 10
400.6180031340442
 20
61.40939598605556
 10
400.7947106529093
 20
61.09567061994454
 10
400.86581078120804
 20
60.92047990381647
 10
400.92743089240025
 20
60.72658195393158
 10
400.979570986486
 20
60.51397677028987
 10
401.02223106346526
 20
60.28266435289134
 10
401.055411123338
 20
60.03264470173598
 10
401.0791111661042
 20
59.763917816823806
 10
401.093331191764
 20
59.47648369815481
 10
401.09807120031724
 20
59.17034234572899
 10
401.09807120031724
 20
53.72603172158165
 10
399.6419405727592
 20
53.72603172158165
 10
399.6419405727592
 20
59.17034234572899
 10
399.6345461594161
 20
59.434076421631744
 10
399.61236291938695
 20
59.67922966400576
 10
399.5753908526716
 20
59.905802072851046
 10
399.5236299592701
 20
60.1137936481676
 10
399.4570802391825
 20
60.30320438995541
 10
399.3757416924088
 20
60.47403429821449
 10
399.27961431894886
 20
60.62628337294484
 10
399.16869811880287
 20
60.75995161414645
 10
398.9075552475759
 20
60.97761280691163
 10
398.5973690878513
 20
61.133085087458184
 10
398.23813963962914
 20
61.22636845578612
 10
397.8298669029093
 20
61.25746291189543
 10
397.5110855276748
 20
61.23648047403305
 10
397.2019105697749
 20
61.173533160445906
 10
396.9023420292096
 20
61.068620971134
 10
396.61237990597886
 20
60.92174390609734
 10
396.3476978283655
 20
60.73896917628407
 10
396.12396942465216
 20
60.52636399264236
 10
395.9411946948389
 20
60.28392835517221
 10
395.79937363892566
 20
60.0116622638736
 10
395.69319744733286
 20
59.697178496394066
 10
395.6173573104809
 20
59.3280898303811
 10
395.5718532283697
 20
58.90439626583472
 10
395.5566852009993
 20
58.42609780275491
 10
395.5566852009993
 20
53.72603172158165
 10
394.10055457344134
 20
53.72603172158165
  0
LWPOLYLINE
  5
3D
330
17
100
AcDbEntity
  8
line engraving
 62
1
420
16711680
100
AcDbPolyline
 90
22
 70
0
 10
403.69483748612896
 20
53.72603172158165
 10
403.69483748612896
 20
55.384402714078234
 10
405.3532084786255
 20
55.384402714078234
 10
405.3532084786255
 20
53.72603172158165
 10
405.33298444213165
 20
53.29096213650747
 10
405.2723123326501
 20
52.899879830807436
 10
405.17119215018073
 20
52.55278480448155
 10
405.0296238947237
 20
52.24967705752981
 10
404.84406835989256
 20
51.98448937900406
 10
404.61098633930084
 20
51.75115455795614
 10
404.3303778329485
 20
51.54967259438605
 10
404.0022428408356
 20
51.38004348829379
 10
403.5977621109584
 20
52.00294381230471
 10
403.81314809961805
 20
52.115945616214155
 10
403.9981980335369
 20
52.25271066300388
 10
404.1529119127149
 20
52.41323895267391
 10
404.27728973715216
 20
52.59753048522421
 10
404.37436511232266
 20
52.81519167798939
 10
404.4471716437006
 20
53.07582894830402
 10
404.4957093312858
 20
53.37944229616811
 10
404.51997817507845
 20
53.72603172158165
 10
403.69483748612896
 20
53.72603172158165
  0
LWPOLYLINE
  5
3E
330
17
100
AcDbEntity
  8
line engraving
 62
1
420
16711680
100
AcDbPolyline
 90
5
 70
0
 10
407.92570592064465
 20
63.910856499889974
 10
407.92570592064465
 20
65.58540672158165
 10
409.3818365482026
 20
65.58540672158165
 10
409.3818365482026
 20
63.910856499889974
 10
407.92570592064465
 20
63.910856499889974
  0
LWPOLYLINE
  5
3F
330
17
100
AcDbEntity
  8
line engraving
 62
1
420
16711680
100
AcDbPolyline
 90
5
 70
0
 10
407.92570592064465
 20
53.72603172158165
 10
407.92570592064465
 20
62.317202424173736
 10
409.3818365482026
 20
62.317202424173736
 10
409.3818365482026
 20
53.72603172158165
 10
407.92570592064465
 20
53.72603172158165
  0
LWPOLYLINE
  5
40
330
17
100
AcDbEntity
  8
line engraving
 62
1
420
16711680
100
AcDbPolyline
 90
22
 70
0
 10
411.97860283401434
 20
53.72603172158165
 10
411.97860283401434
 20
55.384402714078234
 10
413.63697382651094
 20
55.384402714078234
 10
413.63697382651094
 20
53.72603172158165
 10
413.6167497900171
 20
53.29096213650747
 10
413.5560776805355
 20
52.899879830807436
 10
413.45495749806616
 20
52.55278480448155
 10
413.31338924260916
 20
52.24967705752981
 10
413.127833707778
 20
51.98448937900406
 10
412.8947516871863
 20
51.75115455795614
 10
412.61414318083393
 20
51.54967259438605
 10
412.28600818872104
 20
51.38004348829379
 10
411.88152745884383
 20
52.00294381230471
 10
412.0969134475034
 20
52.115945616214155
 10
412.28196338142226
 20
52.25271066300388
 10
412.4366772606003
 20
52.41323895267391
 10
412.56105508503754
 20
52.59753048522421
 10
412.6581304602081
 20
52.81519167798939
 10
412.73093699158596
 20
53.07582894830402
 10
412.77947467917124
 20
53.37944229616811
 10
412.8037435229639
 20
53.72603172158165
 10
411.97860283401434
 20
53.72603172158165
  0
LWPOLYLINE
  5
41
330
17
100
AcDbEntity
  8
line engraving
 62
1
420
16711680
100
AcDbPolyline
 90
105
 70
0
 10
415.9344243722135
 20
53.014145636997746
 10
417.3501069267838
 20
52.80381565746159
 10
417.4143182426518
 20
52.498432706404294
 10
417.5179664296828
 20
52.23754263563349
 10
417.6610514878769
 20
52.02114544514918
 10
417.843573417234
 20
51.84924113495136
 10
418.1393499509567
 20
51.67228081563008
 10
418.48467537408936
 20
51.54588058754345
 10
418.879549686632
 20
51.47004045069148
 10
419.3239728885846
 20
51.44476040507415
 10
419.8007545489274
 20
51.47004045069148
 10
420.2198977052626
 20
51.54588058754345
 10
420.5814023575904
 20
51.67228081563008
 10
420.88526850591063
 20
51.84924113495136
 10
421.13806896208393
 20
52.07170553638383
 10
421.3463765379707
 20
52.33461801080402
 10
421.51019123357094
 20
52.637978558211934
 10
421.62951304888475
 20
52.98178717860757
 10
421.65593069655483
 20
53.10831380692229
 10
421.67855633738236
 20
53.26542929043397
 10
421.6973899713673
 20
53.45313362914261
 10
421.71243159850957
 20
53.67142682304822
 10
421.72368121880925
 20
53.9203088721508
 10
421.73113883226637
 20
54.19977977645034
 10
421.7348044388809
 20
54.509839535946846
 10
421.7346780386528
 20
54.85048815064031
 10
421.48870319479624
 20
54.58694367507969
 10
421.2280659244816
 20
54.35853846292714
 10
420.95276622770893
 20
54.16527251418269
 10
420.6628041044782
 20
54.00714582884631
 10
420.3581795547894
 20
53.884158406918026
 10
420.03889257864256
 20
53.796310248397816
 10
419.7049431760377
 20
53.74360135328569
 10
419.3563313469748
 20
53.72603172158165
 10
418.92593857033984
 20
53.74600295761934
 10
418.52057303886596
 20
53.8059166657324
 10
418.1402347525533
 20
53.905772845920836
 10
417.7849237114018
 20
54.04557149818465
 10
417.4546399154114
 20
54.22531262252384
 10
417.1493833645822
 20
54.4449962189384
 10
416.86915405891415
 20
54.70462228742834
 10
416.61395199840723
 20
55.004190827993654
 10
416.3864315878513
 20
55.331693818966116
 10
416.18924723203617
 20
55.675123238677486
 10
416.0223989309618
 20
56.03447908712778
 10
415.88588668462825
 20
56.40976136431698
 10
415.77971049303545
 20
56.8009700702451
 10
415.7038703561835
 20
57.20810520491214
 10
415.6583662740723
 20
57.63116676831809
 10
415.6431982467019
 20
58.070154760462955
 10
415.67100629688093
 20
58.673083848436185
 10
415.75443044741814
 20
59.25224969352912
 10
415.8934706983134
 20
59.80765229574178
 10
416.0881270495669
 20
60.33929165507415
 10
416.3356186961605
 20
60.8294717395941
 10
416.6331648330764
 20
61.2604965173695
 10
416.9807654603147
 20
61.63236598840037
 10
417.3784205778752
 20
61.9450801526867
 10
417.8195573738975
 20
62.1928245997365
 10
418.29760303652114
 20
62.36978491905778
 10
418.8125575657461
 20
62.475961110650545
 10
419.3644209615723
 20
62.5113531745148
 10
419.7362904326032
 20
62.49214033984563
 10
420.0914750735266
 20
62.434501835838134
 10
420.4299748843426
 20
62.33843766249229
 10
420.75178986505114
 20
62.20394781980812
 10
421.0569200156523
 20
62.03103230778561
 10
421.34536533614596
 20
61.819691126424765
 10
421.61712582653223
 20
61.56992427572558
 10
421.87220148681104
 20
61.281731755688064
 10
421.87220148681104
 20
62.317202424173736
 10
423.2150775100034
 20
62.317202424173736
 10
423.2150775100034
 20
54.89093622362803
 10
423.20869429848506
 20
54.4076449515388
 10
423.18954466392995
 20
53.960883345366604
 10
423.15762860633805
 20
53.550651405111445
 10
423.1129461257094
 20
53.17694913077332
 10
423.05549722204404
 20
52.83977652235224
 10
422.9852818953419
 20
52.53913357984819
 10
422.9023001456031
 20
52.27502030326117
 10
422.80655197282744
 20
52.0474366925912
 10
422.572458750411
 20
51.650792776855354
 10
422.27870462033763
 20
51.298136140493654
 10
421.92528958260743
 20
50.9894667835061
 10
421.5122136372203
 20
50.7247847058927
 10
421.04377439193127
 20
50.51243232270716
 10
420.5242694544952
 20
50.3607520490032
 10
419.9536988249122
 20
50.26974388478083
 10
419.33206250318216
 20
50.23940783004004
 10
418.9570330264491
 20
50.250215049541445
 10
418.6004579830167
 20
50.282636708045665
 10
418.262337372885
 20
50.3366728055527
 10
417.9426711960539
 20
50.41232334206255
 10
417.64145945252346
 20
50.50958831757521
 10
417.3587021422937
 20
50.628467732090684
 10
417.09439926536453
 20
50.76896158560898
 10
416.848550821736
 20
50.93106987813008
 10
416.6272240223563
 20
51.11491900988209
 10
416.4364860781736
 20
51.320635381093076
 10
416.2763369891878
 20
51.54821899176305
 10
416.14677675539906
 20
51.79766984189202
 10
416.0478053768072
 20
52.06898793147997
 10
415.97942285341236
 20
52.36217326052691
 10
415.9416291852145
 20
52.677225829032835
 10
415.9344243722135
 20
53.014145636997746
  0
LWPOLYLINE
  5
42
330
17
100
AcDbEntity
  8
line engraving
 62
1
420
16711680
100
AcDbPolyline
 90
65
 70
0
 10
417.13977694724764
 20
58.17531975023103
 10
417.1502681661788
 20
57.76692061328313
 10
417.1817418229724
 20
57.38708792788281
 10
417.23419791762836
 20
57.03582169403006
 10
417.3076364501467
 20
56.7131219117249
 10
417.4020574205274
 20
56.41898858096731
 10
417.5174608287705
 20
56.153421701757296
 10
417.653846674876
 20
55.916421274094866
 10
417.81121495884383
 20
55.70798729798001
 10
417.9843832713225
 20
55.525970969535265
 10
418.1681692029605
 20
55.368223484883146
 10
418.3625727537577
 20
55.234744844023666
 10
418.5675939237142
 20
55.12553504695682
 10
418.78323271283
 20
55.0405940936826
 10
419.00948912110505
 20
54.97992198420102
 10
419.2463631485394
 20
54.94351871851207
 10
419.493854795133
 20
54.931384296615754
 10
419.7395768385334
 20
54.943455518398025
 10
419.9751868636869
 20
54.979669183744846
 10
420.2006848705935
 20
55.04002529265621
 10
420.41607085925307
 20
55.124523845132124
 10
420.62134482966576
 20
55.23316484117259
 10
420.81650678183155
 20
55.365948280777594
 10
421.0015567157503
 20
55.522874163947144
 10
421.17649463142226
 20
55.70394249068124
 10
421.3357589188114
 20
55.91079646394501
 10
421.473787967882
 20
56.145079286703584
 10
421.59058177863403
 20
56.40679095895695
 10
421.68614035106754
 20
56.69593148070511
 10
421.76046368518246
 20
57.012500851948076
 10
421.81355178097886
 20
57.35649907268584
 10
421.84540463845667
 20
57.727926142918406
 10
421.85602225761596
 20
58.126782062645766
 10
421.8450886378865
 20
58.50901635237974
 10
421.81228777869796
 20
58.86698179832108
 10
421.75761968005054
 20
59.200678400469776
 10
421.6810843419441
 20
59.51010615882585
 10
421.5826817643786
 20
59.79526507338929
 10
421.4624119473542
 20
60.056155144160094
 10
421.3202748908708
 20
60.29277637113827
 10
421.1562705949284
 20
60.505128754323806
 10
420.97684547115944
 20
60.692833093032455
 10
420.7884459311963
 20
60.85551018657995
 10
420.59107197503903
 20
60.99316003496629
 10
420.3847236026876
 20
61.10578263819147
 10
420.169400814142
 20
61.193377996255506
 10
419.9451036094023
 20
61.255946109158394
 10
419.7118319884684
 20
61.29348697690012
 10
419.4695859513404
 20
61.3060005994807
 10
419.2314479216252
 20
61.29367657724225
 10
419.0024107083322
 20
61.25670451052691
 10
418.7824743114615
 20
61.195084399334675
 10
418.57163873101297
 20
61.10881624366555
 10
418.3699039669867
 20
60.997900043519536
 10
418.1772700193827
 20
60.86233579889662
 10
417.9937368882009
 20
60.70212350979682
 10
417.81930457344134
 20
60.51726317622012
 10
417.6600402860522
 20
60.30813399885079
 10
417.5220112369816
 20
60.07511517837309
 10
417.40521742622957
 20
59.81820671478701
 10
417.30965885379607
 20
59.53740860809256
 10
417.23533551968114
 20
59.23272085828974
 10
417.18224742388475
 20
58.904143465378546
 10
417.15039456640693
 20
58.55167642935898
 10
417.13977694724764
 20
58.17531975023103
  0
LWPOLYLINE
  5
43
330
17
100
AcDbEntity
  8
cut
 62
5
420
255
100
AcDbPolyline
 90
3
 70
1
 10
662.0486377639595
 20
171.03483769188097
 10
802.7416560126189
 20
78.0
 10
576.5331997186562
 20
78.0
  0
CIRCLE
  5
44
330
17
100
AcDbEntity
  8
cut
 62
5
420
255
100
AcDbCircle
 10
657.26635061052
 20
210.16299263206838
 30
0.0
 40
4.4
  0
LWPOLYLINE
  5
45
330
17
100
AcDbEntity
  8
cut
 62
5
420
255
100
AcDbPolyline
 90
2
 70
1
 10
516.3944122454209
 20
56.858215456218204
 42
0.9972646038391172
 10
500.1556363190536
 20
39.18626494819091
 42
0.9972646038394608
  0
LWPOLYLINE
  5
46
330
17
100
AcDbEntity
  8
cut
 62
5
420
255
100
AcDbPolyline
 90
7
 70
1
 10
635.1793598438218
 20
230.46483587034845
 10
486.16383047495117
 20
68.3463236426719
 42
0.4145782399340892
 10
487.9764904092237
 20
25.932232456792917
 42
0.188241269212927
 10
508.29922732281307
 20
18.0
 10
902.499227322813
 20
18.0
 42
0.743511322855691
 10
919.046471468981
 20
73.0237629298058
 10
673.8135947566523
 20
235.1867555618977
 42
0.3683575668124177
  0
CIRCLE
  5
47
330
17
100
AcDbEntity
  8
cut
 62
5
420
255
100
AcDbCircle
 10
902.4992273228133
 20
48.0
 30
0.0
 40
4.4
  0
LWPOLYLINE
  5
48
330
17
100
AcDbEntity
  8
line engraving
 62
1
420
16711680
100
AcDbPolyline
 90
7
 70
0
 10
811.1932534374167
 20
53.72603172158165
 10
811.1932534374167
 20
65.58540672158165
 10
812.7626386693403
 20
65.58540672158165
 10
812.7626386693403
 20
55.12553504695682
 10
818.6033404087674
 20
55.12553504695682
 10
818.6033404087674
 20
53.72603172158165
 10
811.1932534374167
 20
53.72603172158165
  0
LWPOLYLINE
  5
49
330
17
100
AcDbEntity
  8
line engraving
 62
1
420
16711680
100
AcDbPolyline
 90
5
 70
0
 10
820.2940698596541
 20
63.910856499889974
 10
820.2940698596541
 20
65.58540672158165
 10
821.750200487212
 20
65.58540672158165
 10
821.750200487212
 20
63.910856499889974
 10
820.2940698596541
 20
63.910856499889974
  0
LWPOLYLINE
  5
4A
330
17
100
AcDbEntity
  8
line engraving
 62
1
420
16711680
100
AcDbPolyline
 90
5
 70
0
 10
820.2940698596541
 20
53.72603172158165
 10
820.2940698596541
 20
62.317202424173736
 10
821.750200487212
 20
62.317202424173736
 10
821.750200487212
 20
53.72603172158165
 10
820.2940698596541
 20
53.72603172158165
  0
LWPOLYLINE
  5
4B
330
17
100
AcDbEntity
  8
line engraving
 62
1
420
16711680
100
AcDbPolyline
 90
61
 70
0
 10
823.9667548869393
 20
53.72603172158165
 10
823.9667548869393
 20
62.317202424173736
 10
825.2772724517414
 20
62.317202424173736
 10
825.2772724517414
 20
61.09567061994454
 10
825.5270393024406
 20
61.42747121867195
 10
825.8030974005818
 20
61.71503173756903
 10
826.1054467461651
 20
61.95835217663579
 10
826.4340873391902
 20
62.15743253587224
 10
826.7890191796575
 20
62.31227281527836
 10
827.1702422675668
 20
62.42287301485416
 10
827.5777566029182
 20
62.489233134599644
 10
828.0115621857115
 20
62.5113531745148
 10
828.3920268722522
 20
62.493909943038844
 10
828.7568179305102
 20
62.44158024861098
 10
829.1059353604854
 20
62.354364091231204
 10
829.4393791621779
 20
62.23226147089952
 10
829.7445093127791
 20
62.08184519947643
 10
830.0086857894802
 20
61.909688088822435
 10
830.2319085922811
 20
61.71579013893755
 10
830.4141777211821
 20
61.500151349821756
 10
830.5638355912366
 20
61.263024521931236
 10
830.6892246174986
 20
61.00466245572217
 10
830.7903447999679
 20
60.72506515119454
 10
830.8671961386445
 20
60.42423260834836
 10
830.9025882025088
 20
60.18407217498376
 10
830.9278682481261
 20
59.86807160476719
 10
830.9430362754965
 20
59.476230897698635
 10
830.94809228462
 20
59.0085500537781
 10
830.94809228462
 20
53.72603172158165
 10
829.491961657062
 20
53.72603172158165
 10
829.491961657062
 20
58.95192275159529
 10
829.4813440379028
 20
59.368790703825
 10
829.449491180425
 20
59.729536954784244
 10
829.3964030846286
 20
60.03416150447302
 10
829.3220797505136
 20
60.28266435289134
 10
829.2207067675881
 20
60.4919831306028
 10
829.0864697253601
 20
60.67905546817101
 10
828.9193686238295
 20
60.84388136559597
 10
828.7194034629965
 20
60.98646082287769
 10
828.4936526556338
 20
61.10148503043653
 10
828.2491946145143
 20
61.183645178692835
 10
827.9860293396379
 20
61.23294126764662
 10
827.7041568310048
 20
61.249373297297886
 10
827.4755620185101
 20
61.24014608064756
 10
827.2549304203849
 20
61.21246443069659
 10
827.042262036629
 20
61.16632834744497
 10
826.8375568672427
 20
61.1017378308927
 10
826.6408149122259
 20
61.01869288103978
 10
826.4520361715786
 20
60.91719349788622
 10
826.2712206453007
 20
60.797239681432
 10
826.0983683333922
 20
60.65883143167714
 10
825.9400520477136
 20
60.49463753539261
 10
825.8028446001256
 20
60.29732677934938
 10
825.6867459906281
 20
60.066899163547454
 10
825.591756219221
 20
59.80335468798683
 10
825.5178752859043
 20
59.50669335266751
 10
825.4651031906782
 20
59.17691515758949
 10
825.4334399335424
 20
58.81402010275278
 10
825.4228855144972
 20
58.418008188157366
 10
825.4228855144972
 20
53.72603172158165
 10
823.9667548869393
 20
53.72603172158165
  0
LWPOLYLINE
  5
4C
330
17
100
AcDbEntity
  8
line engraving
 62
1
420
16711680
100
AcDbPolyline
 90
13
 70
0
 10
833.1889155281398
 20
53.72603172158165
 10
833.1889155281398
 20
65.58540672158165
 10
834.6450461556977
 20
65.58540672158165
 10
834.6450461556977
 20
58.82248891803458
 10
838.0912219742517
 20
62.317202424173736
 10
839.9761021754795
 20
62.317202424173736
 10
836.6917186488765
 20
59.12989427274127
 10
840.3077763739788
 20
53.72603172158165
 10
838.5118819333239
 20
53.72603172158165
 10
835.6724272095859
 20
58.11869244804822
 10
834.6450461556977
 20
57.131759467147816
 10
834.6450461556977
 20
53.72603172158165
 10
833.1889155281398
 20
53.72603172158165
  0
LWPOLYLINE
  5
4D
330
17
100
AcDbEntity
  8
line engraving
 62
1
420
16711680
100
AcDbPolyline
 90
159
 70
0
 10
840.8821390104044
 20
56.2904395490032
 10
842.3220904087674
 20
56.51694875773445
 10
842.4098121670595
 20
56.10943442238315
 10
842.5516332229727
 20
55.75248017826651
 10
842.747553576507
 20
55.44608602538452
 10
842.9975732276623
 20
55.190251963737175
 10
843.3021977773511
 20
54.98851719971091
 10
843.6619328264857
 20
54.84442093969215
 10
844.0767783750659
 20
54.75796318368089
 10
844.5467344230921
 20
54.72914393167714
 10
844.7894228610184
 20
54.73552714319552
 10
845.0159320697496
 20
54.754676777750646
 10
845.2262620492858
 20
54.78659283534252
 10
845.4204127996268
 20
54.83127531597114
 10
845.5983843207728
 20
54.888724219636515
 10
845.7601766127236
 20
54.95893954633864
 10
845.9057896754795
 20
55.04192129607751
 10
846.0352235090402
 20
55.13766946885313
 10
846.2475758922258
 20
55.350780253407194
 10
846.3992561659297
 20
55.58158706989338
 10
846.4902643301521
 20
55.83008991831169
 10
846.5206003848929
 20
56.09628879866214
 10
846.4938035365385
 20
56.32987642016623
 10
846.4134129914754
 20
56.537172794228304
 10
846.2794287497036
 20
56.71817792084836
 10
846.091850811223
 20
56.872891800026395
 10
846.0031178511063
 20
56.92307269057679
 10
845.8865768408103
 20
56.976539987057436
 10
845.7422277803354
 20
57.03329368946833
 10
845.5700706696814
 20
57.09333379780948
 10
845.3701055088484
 20
57.15666031208088
 10
845.1423322978363
 20
57.22327323228254
 10
844.8867510366451
 20
57.29317255841444
 10
844.6033617252749
 20
57.3663582904766
 10
844.218283430409
 20
57.46577206986673
 10
843.8639203909681
 20
57.561773043098526
 10
843.5402726069523
 20
57.654361210171984
 10
843.2473400783615
 20
57.743536571087105
 10
842.9851228051958
 20
57.82929912584388
 10
842.7536207874551
 20
57.91164887444232
 10
842.5528340251395
 20
57.99058581688242
 10
842.3827625182489
 20
58.06610995316419
 10
842.0920419936497
 20
58.227902245115075
 10
841.838735936564
 20
58.418008188157366
 10
841.6228443469921
 20
58.636427782291065
 10
841.4443672249338
 20
58.88316102751617
 10
841.30456857267
 20
59.15087671060365
 10
841.2047123924815
 20
59.432243618324485
 10
841.1447986843684
 20
59.72726175067868
 10
841.1248274483307
 20
60.03593110766623
 10
841.141259477982
 20
60.317803616299415
 10
841.1905555669358
 20
60.58905850577332
 10
841.2727157151921
 20
60.849695776087955
 10
841.3877399227509
 20
61.09971542724331
 10
841.5310777814012
 20
61.334061450115925
 10
841.6981788829318
 20
61.547677835582334
 10
841.8890432273425
 20
61.74056458364253
 10
842.1036708146337
 20
61.91272169429652
 10
842.2889735490087
 20
62.03330751189117
 10
842.5051179390368
 20
62.14428691215123
 10
842.752103984718
 20
62.245659895076706
 10
843.0299316860525
 20
62.3374264606676
 10
843.328489024793
 20
62.413519397975755
 10
843.637663982693
 20
62.467871496053
 10
843.9574565597521
 20
62.50048275489935
 10
844.2878667559706
 20
62.5113531745148
 10
844.7780468404906
 20
62.49315154167033
 10
845.2373852693573
 20
62.4385466431369
 10
845.6658820425711
 20
62.34753847891453
 10
846.0635371601315
 20
62.2201270490032
 10
846.4207442047044
 20
62.06162116298257
 10
846.7278967589549
 20
61.877329630432264
 10
846.9849948228831
 20
61.66725245135228
 10
847.192038396489
 20
61.43138962574263
 10
847.3598978993881
 20
61.16165153900576
 10
847.4994437511957
 20
60.84994857654413
 10
847.610675951912
 20
60.49628073835774
 10
847.6935945015368
 20
60.100648024446585
 10
846.269822332369
 20
59.906497274105526
 10
846.1982798032719
 20
60.21996983976037
 10
846.0807275911513
 20
60.49703913972626
 10
845.9171656960073
 20
60.7377051740032
 10
845.7075941178397
 20
60.9419679425912
 10
845.4510016548238
 20
61.104771436366775
 10
845.146377105135
 20
61.22105964620648
 10
844.7937204687734
 20
61.2908325721103
 10
844.3930317457387
 20
61.314090214078234
 10
844.151228109409
 20
61.30890780472668
 10
843.9273733054675
 20
61.29336057667203
 10
843.7214673339145
 20
61.26744852991427
 10
843.5335101947496
 20
61.231171664453406
 10
843.3635018879731
 20
61.18452998028944
 10
843.2114424135849
 20
61.12752347742237
 10
843.077331771585
 20
61.060152155852194
 10
842.9611699619734
 20
60.98241601557892
 10
842.7735920234928
 20
60.809500503556414
 10
842.639607781721
 20
60.6224281659882
 10
842.5592172366579
 20
60.42119900287428
 10
842.5324203883035
 20
60.20581301421466
 10
842.5435436083751
 20
60.067783965144066
 10
842.57691326859
 20
59.93683332884632
 10
842.6325293689481
 20
59.81296110532142
 10
842.7103919094495
 20
59.69616729456937
 10
842.8120176928311
 20
59.583923892028444
 10
842.9389235218301
 20
59.48179250773445
 10
843.0911093964464
 20
59.38977314168738
 10
843.2685753166801
 20
59.307865793887245
 10
843.3364522391626
 20
59.284355351463134
 10
843.4308732095433
 20
59.254272097178514
 10
843.5518382278221
 20
59.21761603103339
 10
843.6993472939993
 20
59.174387153027766
 10
843.8734004080745
 20
59.12458546316163
 10
844.073997570048
 20
59.06821096143499
 10
844.3011387799197
 20
59.00526364784785
 10
844.5548240376896
 20
58.9357435224002
 10
844.9265039083783
 20
58.834939340501116
 10
845.268985326379
 20
58.73881196704123
 10
845.5822682916918
 20
58.64736140202056
 10
845.8663528043164
 20
58.560587645439085
 10
846.1212388642532
 20
58.47849069729682
 10
846.3469264715018
 20
58.401070557593755
 10
846.5434156260625
 20
58.328327226329904
 10
846.7107063279351
 20
58.26026070350525
 10
846.9996572493411
 20
58.11388923938094
 10
847.2557441114446
 20
57.93768732142817
 10
847.4789669142457
 20
57.731654949646966
 10
847.6693256577441
 20
57.49579212403731
 10
847.8215115323604
 20
57.22984604414304
 10
847.9302157285149
 20
56.93356390950798
 10
847.9954382462076
 20
56.606945720132124
 10
848.0171790854386
 20
56.24999147601548
 10
847.9906350375404
 20
55.89126762870563
 10
847.9110028938458
 20
55.54316140055504
 10
847.7782826543548
 20
55.20567279156374
 10
847.5924743190675
 20
54.87880180173172
 10
847.3566114934579
 20
54.575441254323806
 10
847.073727783
 20
54.30848397260484
 10
846.7438231876938
 20
54.07792995657483
 10
846.3668977075395
 20
53.88377920623376
 10
845.9533161612401
 20
53.72982372842424
 10
845.5134433674986
 20
53.619855529988875
 10
845.0472793263151
 20
53.55387461092766
 10
844.5548240376896
 20
53.53188097124058
 10
844.1486369047333
 20
53.54275139085603
 10
843.7673506167099
 20
53.575362649702384
 10
843.4109651736196
 20
53.62971474777964
 10
843.0794805754624
 20
53.705807685087784
 10
842.7728968222383
 20
53.80364146162684
 10
842.4912139139473
 20
53.92321607739679
 10
842.2344318505893
 20
54.064531532397645
 10
842.0025506321643
 20
54.227587826629396
 10
841.7930422541108
 20
54.41200575940779
 10
841.6033787118668
 20
54.617406130048565
 10
841.4335600054324
 20
54.84378893855172
 10
841.2835861348076
 20
55.09115418491726
 10
841.1534570999924
 20
55.35950186914517
 10
841.0431729009867
 20
55.64883199123547
 10
840.9527335377908
 20
55.959144551188146
 10
840.8821390104044
 20
56.2904395490032
  0
LWPOLYLINE
  5
4E
330
17
100
AcDbEntity
  8
line engraving
 62
1
420
16711680
100
AcDbPolyline
 90
57
 70
0
 10
854.3513473153158
 20
53.72603172158165
 10
854.3513473153158
 20
65.58540672158165
 10
855.8074779428738
 20
65.58540672158165
 10
855.8074779428738
 20
61.33026944327332
 10
856.0706432177501
 20
61.607085942783044
 10
856.3504933227339
 20
61.84699357569147
 10
856.6470282578251
 20
62.049992341998596
 10
856.9602480230238
 20
62.216082241704434
 10
857.2901526183299
 20
62.34526327480897
 10
857.6367420437434
 20
62.43753544131221
 10
858.0000162992644
 20
62.492898741214155
 10
858.3799753848929
 20
62.5113531745148
 10
858.8415890178652
 20
62.48784273209069
 10
859.2718553942722
 20
62.41731140481835
 10
859.6707745141135
 20
62.299759192697785
 10
860.0383463773894
 20
62.13518609572899
 10
860.3652173672215
 20
61.929153723947785
 10
860.6420338667313
 20
61.687223687389974
 10
860.8687958759186
 20
61.40939598605556
 10
861.0455033947837
 20
61.09567061994454
 10
861.1166035230825
 20
60.92047990381647
 10
861.1782236342747
 20
60.72658195393158
 10
861.2303637283604
 20
60.51397677028987
 10
861.2730238053397
 20
60.28266435289134
 10
861.3062038652124
 20
60.03264470173598
 10
861.3299039079786
 20
59.763917816823806
 10
861.3441239336385
 20
59.47648369815481
 10
861.3488639421917
 20
59.17034234572899
 10
861.3488639421917
 20
53.72603172158165
 10
859.8927333146337
 20
53.72603172158165
 10
859.8927333146337
 20
59.17034234572899
 10
859.8853389012907
 20
59.434076421631744
 10
859.8631556612614
 20
59.67922966400576
 10
859.826183594546
 20
59.905802072851046
 10
859.7744227011447
 20
60.1137936481676
 10
859.707872981057
 20
60.30320438995541
 10
859.6265344342833
 20
60.47403429821449
 10
859.5304070608233
 20
60.62628337294484
 10
859.4194908606773
 20
60.75995161414645
 10
859.1583479894504
 20
60.97761280691163
 10
858.8481618297258
 20
61.133085087458184
 10
858.4889323815036
 20
61.22636845578612
 10
858.0806596447837
 20
61.25746291189543
 10
857.7618782695492
 20
61.23648047403305
 10
857.4527033116493
 20
61.173533160445906
 10
857.1531347710841
 20
61.068620971134
 10
856.8631726478533
 20
60.92174390609734
 10
856.5984905702398
 20
60.73896917628407
 10
856.3747621665266
 20
60.52636399264236
 10
856.1919874367132
 20
60.28392835517221
 10
856.0501663808001
 20
60.0116622638736
 10
855.9439901892073
 20
59.697178496394066
 10
855.8681500523553
 20
59.3280898303811
 10
855.8226459702441
 20
58.90439626583472
 10
855.8074779428738
 20
58.42609780275491
 10
855.8074779428738
 20
53.72603172158165
 10
854.3513473153158
 20
53.72603172158165
  0
LWPOLYLINE
  5
4F
330
17
100
AcDbEntity
  8
line engraving
 62
1
420
16711680
100
AcDbPolyline
 90
22
 70
0
 10
863.9456302280033
 20
53.72603172158165
 10
863.9456302280033
 20
55.384402714078234
 10
865.6040012205
 20
55.384402714078234
 10
865.6040012205
 20
53.72603172158165
 10
865.5837771840061
 20
53.29096213650747
 10
865.5231050745246
 20
52.899879830807436
 10
865.4219848920552
 20
52.55278480448155
 10
865.2804166365981
 20
52.24967705752981
 10
865.094861101767
 20
51.98448937900406
 10
864.8617790811752
 20
51.75115455795614
 10
864.581170574823
 20
51.54967259438605
 10
864.25303558271
 20
51.38004348829379
 10
863.8485548528329
 20
52.00294381230471
 10
864.0639408414925
 20
52.115945616214155
 10
864.2489907754114
 20
52.25271066300388
 10
864.4037046545893
 20
52.41323895267391
 10
864.5280824790266
 20
52.59753048522421
 10
864.6251578541971
 20
52.81519167798939
 10
864.697964385575
 20
53.07582894830402
 10
864.7465020731603
 20
53.37944229616811
 10
864.7707709169529
 20
53.72603172158165
 10
863.9456302280033
 20
53.72603172158165
  0
LWPOLYLINE
  5
50
330
17
100
AcDbEntity
  8
line engraving
 62
1
420
16711680
100
AcDbPolyline
 90
5
 70
0
 10
868.1764986625191
 20
63.910856499889974
 10
868.1764986625191
 20
65.58540672158165
 10
869.632629290077
 20
65.58540672158165
 10
869.632629290077
 20
63.910856499889974
 10
868.1764986625191
 20
63.910856499889974
  0
LWPOLYLINE
  5
51
330
17
100
AcDbEntity
  8
line engraving
 62
1
420
16711680
100
AcDbPolyline
 90
5
 70
0
 10
868.1764986625191
 20
53.72603172158165
 10
868.1764986625191
 20
62.317202424173736
 10
869.632629290077
 20
62.317202424173736
 10
869.632629290077
 20
53.72603172158165
 10
868.1764986625191
 20
53.72603172158165
  0
LWPOLYLINE
  5
52
330
17
100
AcDbEntity
  8
line engraving
 62
1
420
16711680
100
AcDbPolyline
 90
22
 70
0
 10
872.2293955758887
 20
53.72603172158165
 10
872.2293955758887
 20
55.384402714078234
 10
873.8877665683854
 20
55.384402714078234
 10
873.8877665683854
 20
53.72603172158165
 10
873.8675425318914
 20
53.29096213650747
 10
873.8068704224099
 20
52.899879830807436
 10
873.7057502399406
 20
52.55278480448155
 10
873.5641819844835
 20
52.24967705752981
 10
873.3786264496524
 20
51.98448937900406
 10
873.1455444290607
 20
51.75115455795614
 10
872.8649359227084
 20
51.54967259438605
 10
872.5368009305954
 20
51.38004348829379
 10
872.1323202007183
 20
52.00294381230471
 10
872.3477061893778
 20
52.115945616214155
 10
872.5327561232966
 20
52.25271066300388
 10
872.6874700024747
 20
52.41323895267391
 10
872.811847826912
 20
52.59753048522421
 10
872.9089232020825
 20
52.81519167798939
 10
872.9817297334604
 20
53.07582894830402
 10
873.0302674210457
 20
53.37944229616811
 10
873.0545362648382
 20
53.72603172158165
 10
872.2293955758887
 20
53.72603172158165
  0
LWPOLYLINE
  5
53
330
17
100
AcDbEntity
  8
line engraving
 62
1
420
16711680
100
AcDbPolyline
 90
105
 70
0
 10
876.1852171140879
 20
53.014145636997746
 10
877.6008996686583
 20
52.80381565746159
 10
877.6651109845262
 20
52.498432706404294
 10
877.7687591715572
 20
52.23754263563349
 10
877.9118442297513
 20
52.02114544514918
 10
878.0943661591084
 20
51.84924113495136
 10
878.3901426928311
 20
51.67228081563008
 10
878.7354681159638
 20
51.54588058754345
 10
879.1303424285064
 20
51.47004045069148
 10
879.5747656304591
 20
51.44476040507415
 10
880.0515472908019
 20
51.47004045069148
 10
880.470690447137
 20
51.54588058754345
 10
880.8321950994648
 20
51.67228081563008
 10
881.136061247785
 20
51.84924113495136
 10
881.3888617039584
 20
52.07170553638383
 10
881.597169279845
 20
52.33461801080402
 10
881.7609839754454
 20
52.637978558211934
 10
881.8803057907592
 20
52.98178717860757
 10
881.9067234384293
 20
53.10831380692229
 10
881.9293490792568
 20
53.26542929043397
 10
881.9481827132416
 20
53.45313362914261
 10
881.9632243403839
 20
53.67142682304822
 10
881.9744739606837
 20
53.9203088721508
 10
881.9819315741408
 20
54.19977977645034
 10
881.9855971807553
 20
54.509839535946846
 10
881.9854707805273
 20
54.85048815064031
 10
881.7394959366707
 20
54.58694367507969
 10
881.478858666356
 20
54.35853846292714
 10
881.2035589695834
 20
54.16527251418269
 10
880.9135968463527
 20
54.00714582884631
 10
880.6089722966639
 20
53.884158406918026
 10
880.289685320517
 20
53.796310248397816
 10
879.9557359179122
 20
53.74360135328569
 10
879.6071240888492
 20
53.72603172158165
 10
879.1767313122142
 20
53.74600295761934
 10
878.7713657807404
 20
53.8059166657324
 10
878.3910274944277
 20
53.905772845920836
 10
878.0357164532762
 20
54.04557149818465
 10
877.7054326572859
 20
54.22531262252384
 10
877.4001761064567
 20
54.4449962189384
 10
877.1199468007886
 20
54.70462228742834
 10
876.8647447402817
 20
55.004190827993654
 10
876.6372243297258
 20
55.331693818966116
 10
876.4400399739106
 20
55.675123238677486
 10
876.2731916728362
 20
56.03447908712778
 10
876.1366794265027
 20
56.40976136431698
 10
876.0305032349099
 20
56.8009700702451
 10
875.954663098058
 20
57.20810520491214
 10
875.9091590159467
 20
57.63116676831809
 10
875.8939909885763
 20
58.070154760462955
 10
875.9217990387554
 20
58.673083848436185
 10
876.0052231892926
 20
59.25224969352912
 10
876.1442634401878
 20
59.80765229574178
 10
876.3389197914413
 20
60.33929165507415
 10
876.5864114380349
 20
60.8294717395941
 10
876.8839575749508
 20
61.2604965173695
 10
877.231558202189
 20
61.63236598840037
 10
877.6292133197496
 20
61.9450801526867
 10
878.0703501157719
 20
62.1928245997365
 10
878.5483957783956
 20
62.36978491905778
 10
879.0633503076206
 20
62.475961110650545
 10
879.6152137034468
 20
62.5113531745148
 10
879.9870831744777
 20
62.49214033984563
 10
880.3422678154011
 20
62.434501835838134
 10
880.6807676262171
 20
62.33843766249229
 10
881.0025826069256
 20
62.20394781980812
 10
881.3077127575267
 20
62.03103230778561
 10
881.5961580780204
 20
61.819691126424765
 10
881.8679185684066
 20
61.56992427572558
 10
882.1229942286855
 20
61.281731755688064
 10
882.1229942286855
 20
62.317202424173736
 10
883.4658702518778
 20
62.317202424173736
 10
883.4658702518778
 20
54.89093622362803
 10
883.4594870403595
 20
54.4076449515388
 10
883.4403374058044
 20
53.960883345366604
 10
883.4084213482125
 20
53.550651405111445
 10
883.3637388675838
 20
53.17694913077332
 10
883.3062899639185
 20
52.83977652235224
 10
883.2360746372163
 20
52.53913357984819
 10
883.1530928874776
 20
52.27502030326117
 10
883.0573447147019
 20
52.0474366925912
 10
882.8232514922854
 20
51.650792776855354
 10
882.5294973622122
 20
51.298136140493654
 10
882.1760823244819
 20
50.9894667835061
 10
881.7630063790948
 20
50.7247847058927
 10
881.2945671338057
 20
50.51243232270716
 10
880.7750621963696
 20
50.3607520490032
 10
880.2044915667866
 20
50.26974388478083
 10
879.5828552450565
 20
50.23940783004004
 10
879.2078257683235
 20
50.250215049541445
 10
878.8512507248911
 20
50.282636708045665
 10
878.5131301147594
 20
50.3366728055527
 10
878.1934639379283
 20
50.41232334206255
 10
877.8922521943979
 20
50.50958831757521
 10
877.609494884168
 20
50.628467732090684
 10
877.3451920072389
 20
50.76896158560898
 10
877.0993435636104
 20
50.93106987813008
 10
876.8780167642308
 20
51.11491900988209
 10
876.687278820048
 20
51.320635381093076
 10
876.5271297310622
 20
51.54821899176305
 10
876.3975694972735
 20
51.79766984189202
 10
876.2985981186816
 20
52.06898793147997
 10
876.2302155952867
 20
52.36217326052691
 10
876.1924219270888
 20
52.677225829032835
 10
876.1852171140879
 20
53.014145636997746
  0
LWPOLYLINE
  5
54
330
17
100
AcDbEntity
  8
line engraving
 62
1
420
16711680
100
AcDbPolyline
 90
65
 70
0
 10
877.390569689122
 20
58.17531975023103
 10
877.4010609080532
 20
57.76692061328313
 10
877.4325345648467
 20
57.38708792788281
 10
877.4849906595027
 20
57.03582169403006
 10
877.5584291920211
 20
56.7131219117249
 10
877.6528501624018
 20
56.41898858096731
 10
877.7682535706449
 20
56.153421701757296
 10
877.9046394167503
 20
55.916421274094866
 10
878.0620077007183
 20
55.70798729798001
 10
878.2351760131969
 20
55.525970969535265
 10
878.4189619448349
 20
55.368223484883146
 10
878.6133654956321
 20
55.234744844023666
 10
878.8183866655886
 20
55.12553504695682
 10
879.0340254547044
 20
55.0405940936826
 10
879.2602818629795
 20
54.97992198420102
 10
879.4971558904139
 20
54.94351871851207
 10
879.7446475370075
 20
54.931384296615754
 10
879.9903695804079
 20
54.943455518398025
 10
880.2259796055614
 20
54.979669183744846
 10
880.4514776124679
 20
55.04002529265621
 10
880.6668636011275
 20
55.124523845132124
 10
880.8721375715402
 20
55.23316484117259
 10
881.067299523706
 20
55.365948280777594
 10
881.2523494576247
 20
55.522874163947144
 10
881.4272873732966
 20
55.70394249068124
 10
881.5865516606858
 20
55.91079646394501
 10
881.7245807097564
 20
56.145079286703584
 10
881.8413745205085
 20
56.40679095895695
 10
881.936933092942
 20
56.69593148070511
 10
882.0112564270569
 20
57.012500851948076
 10
882.0643445228533
 20
57.35649907268584
 10
882.0961973803312
 20
57.727926142918406
 10
882.1068149994904
 20
58.126782062645766
 10
882.095881379761
 20
58.50901635237974
 10
882.0630805205725
 20
58.86698179832108
 10
882.008412421925
 20
59.200678400469776
 10
881.9318770838186
 20
59.51010615882585
 10
881.8334745062531
 20
59.79526507338929
 10
881.7132046892286
 20
60.056155144160094
 10
881.5710676327452
 20
60.29277637113827
 10
881.4070633368028
 20
60.505128754323806
 10
881.2276382130339
 20
60.692833093032455
 10
881.0392386730707
 20
60.85551018657995
 10
880.8418647169134
 20
60.99316003496629
 10
880.635516344562
 20
61.10578263819147
 10
880.4201935560164
 20
61.193377996255506
 10
880.1958963512767
 20
61.255946109158394
 10
879.9626247303428
 20
61.29348697690012
 10
879.7203786932148
 20
61.3060005994807
 10
879.4822406634996
 20
61.29367657724225
 10
879.2532034502067
 20
61.25670451052691
 10
879.0332670533359
 20
61.195084399334675
 10
878.8224314728874
 20
61.10881624366555
 10
878.6206967088611
 20
60.997900043519536
 10
878.428062761257
 20
60.86233579889662
 10
878.2445296300752
 20
60.70212350979682
 10
878.0700973153157
 20
60.51726317622012
 10
877.9108330279265
 20
60.30813399885079
 10
877.772803978856
 20
60.07511517837309
 10
877.6560101681039
 20
59.81820671478701
 10
877.5604515956704
 20
59.53740860809256
 10
877.4861282615555
 20
59.23272085828974
 10
877.4330401657592
 20
58.904143465378546
 10
877.4011873082812
 20
58.55167642935898
 10
877.390569689122
 20
58.17531975023103
  0
LWPOLYLINE
  5
55
330
17
100
AcDbEntity
  8
cut
 62
5
420
255
100
AcDbPolyline
 90
3
 70
1
 10
1007.6305836403026
 20
201.79784502208514
 10
1100.6654213321835
 20
342.4908632707446
 10
1100.6654213321835
 20
116.28240697678189
  0
CIRCLE
  5
56
330
17
100
AcDbEntity
  8
cut
 62
5
420
255
100
AcDbCircle
 10
968.5024287001152
 20
197.01555786864566
 30
0.0
 40
4.4
  0
LWPOLYLINE
  5
57
330
17
100
AcDbEntity
  8
cut
 62
5
420
255
100
AcDbPolyline
 90
2
 70
1
 10
1121.8072058759653
 20
56.143619503546546
 42
0.9972646038391172
 10
1139.4791563839926
 20
39.904843577179236
 42
0.9972646038394608
  0
LWPOLYLINE
  5
58
330
17
100
AcDbEntity
  8
cut
 62
5
420
255
100
AcDbPolyline
 90
7
 70
1
 10
948.2005854618351
 20
174.92856710194746
 10
1110.3190976895116
 20
25.913037733076777
 42
0.4145782399340892
 10
1152.7331888753906
 20
27.725697667349337
 42
0.188241269212927
 10
1160.6654213321835
 20
48.048434580938675
 10
1160.6654213321835
 20
442.24843458093864
 42
0.743511322855691
 10
1105.6416584023777
 20
458.79567872710675
 10
943.4786657702858
 20
213.56280201477796
 42
0.3683575668124177
  0
CIRCLE
  5
59
330
17
100
AcDbEntity
  8
cut
 62
5
420
255
100
AcDbCircle
 10
1130.6654213321835
 20
442.2484345809389
 30
0.0
 40
4.4
  0
LWPOLYLINE
  5
5A
330
17
100
AcDbEntity
  8
line engraving
 62
1
420
16711680
100
AcDbPolyline
 90
7
 70
0
 10
1124.939389610602
 20
350.9424606955423
 10
1113.080014610602
 20
350.9424606955423
 10
1113.080014610602
 20
352.5118459274659
 10
1123.5398862852267
 20
352.5118459274659
 10
1123.5398862852267
 20
358.3525476668929
 10
1124.939389610602
 20
358.3525476668929
 10
1124.939389610602
 20
350.9424606955423
  0
LWPOLYLINE
  5
5B
330
17
100
AcDbEntity
  8
line engraving
 62
1
420
16711680
100
AcDbPolyline
 90
5
 70
0
 10
1114.7545648322935
 20
360.04327711777967
 10
1113.080014610602
 20
360.04327711777967
 10
1113.080014610602
 20
361.4994077453377
 10
1114.7545648322935
 20
361.4994077453377
 10
1114.7545648322935
 20
360.04327711777967
  0
LWPOLYLINE
  5
5C
330
17
100
AcDbEntity
  8
line engraving
 62
1
420
16711680
100
AcDbPolyline
 90
5
 70
0
 10
1124.939389610602
 20
360.04327711777967
 10
1116.3482189080098
 20
360.04327711777967
 10
1116.3482189080098
 20
361.4994077453377
 10
1124.939389610602
 20
361.4994077453377
 10
1124.939389610602
 20
360.04327711777967
  0
LWPOLYLINE
  5
5D
330
17
100
AcDbEntity
  8
line engraving
 62
1
420
16711680
100
AcDbPolyline
 90
61
 70
0
 10
1124.939389610602
 20
363.71596214506485
 10
1116.3482189080098
 20
363.71596214506485
 10
1116.3482189080098
 20
365.026479709867
 10
1117.569750712239
 20
365.026479709867
 10
1117.2379501135117
 20
365.27624656056616
 10
1116.9503895946145
 20
365.5523046587074
 10
1116.7070691555477
 20
365.8546540042906
 10
1116.5079887963113
 20
366.1832945973158
 10
1116.353148516905
 20
366.53822643778307
 10
1116.2425483173292
 20
366.91944952569236
 10
1116.1761881975838
 20
367.3269638610437
 10
1116.1540681576687
 20
367.760769443837
 10
1116.1715113891446
 20
368.1412341303777
 10
1116.2238410835726
 20
368.50602518863576
 10
1116.3110572409523
 20
368.855142618611
 10
1116.433159861284
 20
369.1885864203036
 10
1116.583576132707
 20
369.49371657090467
 10
1116.7557332433612
 20
369.75789304760576
 10
1116.949631193246
 20
369.9811158504067
 10
1117.1652699823617
 20
370.16338497930764
 10
1117.4023968102522
 20
370.3130428493622
 10
1117.6607588764614
 20
370.43843187562413
 10
1117.940356180989
 20
370.5395520580935
 10
1118.2411887238352
 20
370.6164033967701
 10
1118.4813491571997
 20
370.6517954606344
 10
1118.7973497274163
 20
370.6770755062517
 10
1119.1891904344848
 20
370.6922435336221
 10
1119.6568712784053
 20
370.69729954274555
 10
1124.939389610602
 20
370.69729954274555
 10
1124.939389610602
 20
369.2411689151876
 10
1119.7134985805883
 20
369.2411689151876
 10
1119.2966306283586
 20
369.2305512960283
 10
1118.9358843773994
 20
369.1986984385505
 10
1118.6312598277104
 20
369.1456103427541
 10
1118.3827569792923
 20
369.07128700863916
 10
1118.1734382015807
 20
368.9699140257137
 10
1117.9863658640124
 20
368.83567698348566
 10
1117.8215399665876
 20
368.6685758819552
 10
1117.6789605093059
 20
368.4686107211221
 10
1117.5639363017472
 20
368.2428599137594
 10
1117.4817761534907
 20
367.9984018726399
 10
1117.432480064537
 20
367.7352365977635
 10
1117.4160480348858
 20
367.45336408913033
 10
1117.425275251536
 20
367.22476927663564
 10
1117.4529569014871
 20
367.00413767851046
 10
1117.4990929847386
 20
366.7914692947547
 10
1117.563683501291
 20
366.5867641253684
 10
1117.6467284511439
 20
366.39002217035153
 10
1117.7482278342975
 20
366.20124342970416
 10
1117.8681816507517
 20
366.0204279034262
 10
1118.0065899005065
 20
365.84757559151774
 10
1118.170783796791
 20
365.68925930583924
 10
1118.3680945528342
 20
365.5520518582512
 10
1118.5985221686362
 20
365.43595324875366
 10
1118.8620666441968
 20
365.3409634773466
 10
1119.158727979516
 20
365.2670825440299
 10
1119.488506174594
 20
365.21431044880376
 10
1119.8514012294308
 20
365.182647191668
 10
1120.2474131440263
 20
365.1720927726228
 10
1124.939389610602
 20
365.1720927726228
 10
1124.939389610602
 20
363.71596214506485
  0
LWPOLYLINE
  5
5E
330
17
100
AcDbEntity
  8
line engraving
 62
1
420
16711680
100
AcDbPolyline
 90
13
 70
0
 10
1124.939389610602
 20
372.93812278626535
 10
1113.080014610602
 20
372.93812278626535
 10
1113.080014610602
 20
374.3942534138233
 10
1119.842932414149
 20
374.3942534138233
 10
1116.3482189080098
 20
377.84042923237723
 10
1116.3482189080098
 20
379.72530943360505
 10
1119.5355270594423
 20
376.44092590700205
 10
1124.939389610602
 20
380.0569836321044
 10
1124.939389610602
 20
378.2610891914495
 10
1120.5467288841353
 20
375.4216344677115
 10
1121.5336618650358
 20
374.3942534138233
 10
1124.939389610602
 20
374.3942534138233
 10
1124.939389610602
 20
372.93812278626535
  0
LWPOLYLINE
  5
5F
330
17
100
AcDbEntity
  8
line engraving
 62
1
420
16711680
100
AcDbPolyline
 90
159
 70
0
 10
1122.3749817831804
 20
380.63134626853
 10
1122.148472574449
 20
382.0712976668929
 10
1122.5559869098004
 20
382.1590194251851
 10
1122.912941153917
 20
382.30084048109825
 10
1123.219335306799
 20
382.49676083463254
 10
1123.4751693684464
 20
382.7467804857879
 10
1123.6769041324726
 20
383.05140503547665
 10
1123.8210003924914
 20
383.41114008461125
 10
1123.9074581485027
 20
383.8259856331915
 10
1123.9362774005065
 20
384.29594168121764
 10
1123.929894188988
 20
384.538630119144
 10
1123.910744554433
 20
384.7651393278752
 10
1123.8788284968412
 20
384.97546930741134
 10
1123.8341460162123
 20
385.1696200577524
 10
1123.776697112547
 20
385.3475915788984
 10
1123.706481785845
 20
385.50938387084926
 10
1123.623500036106
 20
385.65499693360505
 10
1123.5277518633304
 20
385.78443076716576
 10
1123.3146410787763
 20
385.9967831503513
 10
1123.08383426229
 20
386.1484634240553
 10
1122.835331413872
 20
386.23947158827764
 10
1122.5691325335215
 20
386.26980764301845
 10
1122.3355449120174
 20
386.2430107946641
 10
1122.1282485379552
 20
386.162620249601
 10
1121.9472434113352
 20
386.02863600782916
 10
1121.7925295321572
 20
385.8410580693486
 10
1121.742348641607
 20
385.7523251092318
 10
1121.6888813451262
 20
385.6357840989359
 10
1121.6321276427152
 20
385.49143503846096
 10
1121.572087534374
 20
385.319277927807
 10
1121.5087610201026
 20
385.11931276697396
 10
1121.442148099901
 20
384.89153955596186
 10
1121.3722487737691
 20
384.63595829477066
 10
1121.2990630417069
 20
384.35256898340043
 10
1121.1996492623168
 20
383.9674906885345
 10
1121.103648289085
 20
383.61312764909366
 10
1121.0110601220115
 20
383.28947986507785
 10
1120.9218847610964
 20
382.9965473364871
 10
1120.8361222063397
 20
382.73433006332135
 10
1120.7537724577412
 20
382.50282804558066
 10
1120.674835515301
 20
382.30204128326505
 10
1120.5993113790194
 20
382.1319697763745
 10
1120.4375190870685
 20
381.84124925177525
 10
1120.2474131440263
 20
381.5879431946896
 10
1120.0289935498924
 20
381.3720516051177
 10
1119.7822603046675
 20
381.19357448305936
 10
1119.51454462158
 20
381.05377583079553
 10
1119.233177713859
 20
380.95391965060713
 10
1118.9381595815048
 20
380.89400594249406
 10
1118.6294902245172
 20
380.87403470645637
 10
1118.347617715884
 20
380.8904667361076
 10
1118.07636282641
 20
380.9397628250614
 10
1117.8157255560955
 20
381.0219229733177
 10
1117.5657059049402
 20
381.1369471808766
 10
1117.3313598820675
 20
381.2802850395268
 10
1117.1177434966012
 20
381.44738614105734
 10
1116.9248567485408
 20
381.6382504854681
 10
1116.752699637887
 20
381.8528780727592
 10
1116.6321138202923
 20
382.0381808071342
 10
1116.5211344200322
 20
382.25432519716236
 10
1116.419761437107
 20
382.50131124284366
 10
1116.327994871516
 20
382.77913894417804
 10
1116.2519019342078
 20
383.0776962829187
 10
1116.1975498361305
 20
383.38687124081855
 10
1116.1649385772841
 20
383.70666381787777
 10
1116.1540681576687
 20
384.0370740140962
 10
1116.1722697905132
 20
384.5272540986162
 10
1116.2268746890466
 20
384.98659252748297
 10
1116.317882853269
 20
385.41508930069665
 10
1116.4452942831804
 20
385.8127444182572
 10
1116.603800169201
 20
386.16995146283
 10
1116.7880917017512
 20
386.4771040170805
 10
1116.9981688808311
 20
386.73420208100873
 10
1117.2340317064409
 20
386.94124565461465
 10
1117.5037697931778
 20
387.1091051575137
 10
1117.8154727556393
 20
387.2486510093213
 10
1118.169140593826
 20
387.35988321003754
 10
1118.564773307737
 20
387.44280175966236
 10
1118.758924058078
 20
386.01902959049454
 10
1118.4454514924232
 20
385.9474870613975
 10
1118.1683821924573
 20
385.829934849277
 10
1117.9277161581804
 20
385.6663729541329
 10
1117.7234533895924
 20
385.45680137596526
 10
1117.5606498958168
 20
385.2002089129494
 10
1117.4443616859771
 20
384.8955843632606
 10
1117.3745887600733
 20
384.5429277268989
 10
1117.3513311181052
 20
384.1422390038643
 10
1117.3565135274569
 20
383.90043536753456
 10
1117.3720607555115
 20
383.6765805635931
 10
1117.3979728022691
 20
383.47067459204
 10
1117.43424966773
 20
383.2827174528752
 10
1117.4808913518941
 20
383.11270914609867
 10
1117.537897854761
 20
382.9606496717104
 10
1117.6052691763311
 20
382.82653902971055
 10
1117.6830053166045
 20
382.7103772200989
 10
1117.8559208286272
 20
382.52279928161835
 10
1118.0429931661954
 20
382.3888150398465
 10
1118.2442223293092
 20
382.3084244947834
 10
1118.4596083179688
 20
382.28162764642906
 10
1118.5976373670394
 20
382.2927508665007
 10
1118.728588003337
 20
382.32612052671556
 10
1118.8524602268621
 20
382.3817366270737
 10
1118.969254037614
 20
382.45959916757505
 10
1119.081497440155
 20
382.5612249509567
 10
1119.183628824449
 20
382.6881307799557
 10
1119.2756481904962
 20
382.840316654572
 10
1119.3575555382963
 20
383.0177825748056
 10
1119.3810659807205
 20
383.08565949728813
 10
1119.411149235005
 20
383.18008046766886
 10
1119.44780530115
 20
383.3010454859477
 10
1119.4910341791558
 20
383.44855455212485
 10
1119.540835869022
 20
383.6226076662001
 10
1119.5972103707486
 20
383.82320482817363
 10
1119.6601576843357
 20
384.0503460380453
 10
1119.7296778097834
 20
384.30403129581515
 10
1119.8304819916825
 20
384.6757111665039
 10
1119.9266093651424
 20
385.0181925845046
 10
1120.018059930163
 20
385.3314755498173
 10
1120.1048336867445
 20
385.615560062442
 10
1120.1869306348867
 20
385.8704461223787
 10
1120.2643507745897
 20
386.0961337296274
 10
1120.3370941058536
 20
386.29262288418806
 10
1120.4051606286782
 20
386.45991358606074
 10
1120.5515320928025
 20
386.74886450746675
 10
1120.7277340107553
 20
387.0049513695703
 10
1120.9337663825365
 20
387.22817417237127
 10
1121.1696292081463
 20
387.4185329158697
 10
1121.4355752880406
 20
387.570718790486
 10
1121.7318574226756
 20
387.67942298664053
 10
1122.0584756120513
 20
387.7446455043332
 10
1122.415429856168
 20
387.76638634356414
 10
1122.7741537034779
 20
387.73984229566594
 10
1123.1222599316284
 20
387.66021015197134
 10
1123.4597485406198
 20
387.5274899124804
 10
1123.7866195304518
 20
387.34168157719307
 10
1124.0899800778598
 20
387.1058187515834
 10
1124.3569373595788
 20
386.82293504112556
 10
1124.5874913756086
 20
386.49303044581944
 10
1124.7816421259497
 20
386.1161049656651
 10
1124.9355976037593
 20
385.70252341936566
 10
1125.0455658021947
 20
385.26265062562413
 10
1125.111546721256
 20
384.7964865844407
 10
1125.133540360943
 20
384.30403129581515
 10
1125.1226699413276
 20
383.89784416285875
 10
1125.0900586824812
 20
383.5165578748354
 10
1125.035706584404
 20
383.1601724317452
 10
1124.959613647096
 20
382.828687833588
 10
1124.8617798705568
 20
382.5221040803639
 10
1124.7422052547868
 20
382.24042117207284
 10
1124.600889799786
 20
381.98363910871484
 10
1124.4378335055542
 20
381.7517578902899
 10
1124.2534155727758
 20
381.5422495122363
 10
1124.048015202135
 20
381.35258596999233
 10
1123.821632393632
 20
381.18276726355793
 10
1123.5742671472663
 20
381.0327933929332
 10
1123.3059194630384
 20
380.902664358118
 10
1123.016589340948
 20
380.7923801591124
 10
1122.7062767809955
 20
380.7019407959164
 10
1122.3749817831804
 20
380.63134626853
  0
LWPOLYLINE
  5
60
330
17
100
AcDbEntity
  8
line engraving
 62
1
420
16711680
100
AcDbPolyline
 90
57
 70
0
 10
1124.939389610602
 20
394.10055457344134
 10
1113.080014610602
 20
394.10055457344134
 10
1113.080014610602
 20
395.5566852009993
 10
1117.33515188891
 20
395.5566852009993
 10
1117.0583353894003
 20
395.8198504758757
 10
1116.818427756492
 20
396.09970058085946
 10
1116.615428990185
 20
396.3962355159507
 10
1116.449339090479
 20
396.7094552811494
 10
1116.3201580573746
 20
397.03935987645553
 10
1116.2278858908712
 20
397.38594930186906
 10
1116.1725225909693
 20
397.74922355739005
 10
1116.1540681576687
 20
398.12918264301845
 10
1116.1775786000928
 20
398.5907962759908
 10
1116.248109927365
 20
399.0210626523977
 10
1116.3656621394857
 20
399.4199817722391
 10
1116.5302352364545
 20
399.787553635515
 10
1116.7362676082357
 20
400.11442462534706
 10
1116.9781976447935
 20
400.3912411248568
 10
1117.256025346128
 20
400.6180031340442
 10
1117.569750712239
 20
400.7947106529093
 10
1117.7449414283672
 20
400.86581078120804
 10
1117.938839378252
 20
400.92743089240025
 10
1118.1514445618936
 20
400.979570986486
 10
1118.3827569792923
 20
401.02223106346526
 10
1118.6327766304476
 20
401.055411123338
 10
1118.9015035153598
 20
401.0791111661042
 10
1119.1889376340287
 20
401.093331191764
 10
1119.4950789864545
 20
401.09807120031724
 10
1124.939389610602
 20
401.09807120031724
 10
1124.939389610602
 20
399.6419405727592
 10
1119.4950789864545
 20
399.6419405727592
 10
1119.2313449105518
 20
399.6345461594161
 10
1118.9861916681778
 20
399.61236291938695
 10
1118.7596192593323
 20
399.5753908526716
 10
1118.5516276840158
 20
399.5236299592701
 10
1118.362216942228
 20
399.4570802391825
 10
1118.191387033969
 20
399.3757416924088
 10
1118.0391379592386
 20
399.27961431894886
 10
1117.905469718037
 20
399.16869811880287
 10
1117.687808525272
 20
398.9075552475759
 10
1117.5323362447255
 20
398.5973690878513
 10
1117.4390528763975
 20
398.23813963962914
 10
1117.4079584202882
 20
397.8298669029093
 10
1117.4289408581506
 20
397.5110855276748
 10
1117.4918881717376
 20
397.2019105697749
 10
1117.5968003610496
 20
396.9023420292096
 10
1117.7436774260862
 20
396.61237990597886
 10
1117.9264521558994
 20
396.3476978283655
 10
1118.139057339541
 20
396.12396942465216
 10
1118.3814929770112
 20
395.9411946948389
 10
1118.65375906831
 20
395.79937363892566
 10
1118.9682428357894
 20
395.69319744733286
 10
1119.3373315018025
 20
395.6173573104809
 10
1119.7610250663488
 20
395.5718532283697
 10
1120.2393235294287
 20
395.5566852009993
 10
1124.939389610602
 20
395.5566852009993
 10
1124.939389610602
 20
394.10055457344134
  0
LWPOLYLINE
  5
61
330
17
100
AcDbEntity
  8
line engraving
 62
1
420
16711680
100
AcDbPolyline
 90
22
 70
0
 10
1124.939389610602
 20
403.69483748612896
 10
1123.2810186181052
 20
403.69483748612896
 10
1123.2810186181052
 20
405.3532084786255
 10
1124.939389610602
 20
405.3532084786255
 10
1125.374459195676
 20
405.33298444213165
 10
1125.765541501376
 20
405.2723123326501
 10
1126.1126365277019
 20
405.17119215018073
 10
1126.4157442746537
 20
405.0296238947237
 10
1126.6809319531794
 20
404.84406835989256
 10
1126.9142667742274
 20
404.61098633930084
 10
1127.1157487377975
 20
404.3303778329485
 10
1127.2853778438898
 20
404.0022428408356
 10
1126.6624775198788
 20
403.5977621109584
 10
1126.5494757159693
 20
403.81314809961805
 10
1126.4127106691797
 20
403.9981980335369
 10
1126.2521823795096
 20
404.1529119127149
 10
1126.0678908469592
 20
404.27728973715216
 10
1125.850229654194
 20
404.37436511232266
 10
1125.5895923838793
 20
404.4471716437006
 10
1125.2859790360153
 20
404.4957093312858
 10
1124.939389610602
 20
404.51997817507845
 10
1124.939389610602
 20
403.69483748612896
  0
LWPOLYLINE
  5
62
330
17
100
AcDbEntity
  8
line engraving
 62
1
420
16711680
100
AcDbPolyline
 90
5
 70
0
 10
1114.7545648322937
 20
407.92570592064465
 10
1113.080014610602
 20
407.92570592064465
 10
1113.080014610602
 20
409.3818365482026
 10
1114.7545648322937
 20
409.3818365482026
 10
1114.7545648322937
 20
407.92570592064465
  0
LWPOLYLINE
  5
63
330
17
100
AcDbEntity
  8
line engraving
 62
1
420
16711680
100
AcDbPolyline
 90
5
 70
0
 10
1124.939389610602
 20
407.92570592064465
 10
1116.3482189080098
 20
407.92570592064465
 10
1116.3482189080098
 20
409.3818365482026
 10
1124.939389610602
 20
409.3818365482026
 10
1124.939389610602
 20
407.92570592064465
  0
LWPOLYLINE
  5
64
330
17
100
AcDbEntity
  8
line engraving
 62
1
420
16711680
100
AcDbPolyline
 90
22
 70
0
 10
1124.939389610602
 20
411.97860283401434
 10
1123.2810186181052
 20
411.97860283401434
 10
1123.2810186181052
 20
413.63697382651094
 10
1124.939389610602
 20
413.63697382651094
 10
1125.374459195676
 20
413.6167497900171
 10
1125.765541501376
 20
413.5560776805355
 10
1126.1126365277019
 20
413.45495749806616
 10
1126.4157442746537
 20
413.31338924260916
 10
1126.6809319531794
 20
413.127833707778
 10
1126.9142667742274
 20
412.8947516871863
 10
1127.1157487377975
 20
412.61414318083393
 10
1127.2853778438898
 20
412.28600818872104
 10
1126.6624775198788
 20
411.88152745884383
 10
1126.5494757159693
 20
412.0969134475034
 10
1126.4127106691797
 20
412.28196338142226
 10
1126.2521823795096
 20
412.4366772606003
 10
1126.0678908469592
 20
412.56105508503754
 10
1125.850229654194
 20
412.6581304602081
 10
1125.5895923838793
 20
412.73093699158596
 10
1125.2859790360153
 20
412.77947467917124
 10
1124.939389610602
 20
412.8037435229639
 10
1124.939389610602
 20
411.97860283401434
  0
LWPOLYLINE
  5
65
330
17
100
AcDbEntity
  8
line engraving
 62
1
420
16711680
100
AcDbPolyline
 90
105
 70
0
 10
1125.6512756951859
 20
415.9344243722135
 10
1125.861605674722
 20
417.3501069267838
 10
1126.1669886257791
 20
417.4143182426518
 10
1126.4278786965501
 20
417.5179664296828
 10
1126.6442758870344
 20
417.6610514878769
 10
1126.8161801972321
 20
417.843573417234
 10
1126.9931405165535
 20
418.1393499509567
 10
1127.11954074464
 20
418.48467537408936
 10
1127.195380881492
 20
418.879549686632
 10
1127.2206609271093
 20
419.3239728885846
 10
1127.195380881492
 20
419.8007545489274
 10
1127.11954074464
 20
420.2198977052626
 10
1126.9931405165535
 20
420.5814023575904
 10
1126.8161801972321
 20
420.88526850591063
 10
1126.5937157957997
 20
421.13806896208393
 10
1126.3308033213796
 20
421.3463765379707
 10
1126.0274427739716
 20
421.51019123357094
 10
1125.683634153576
 20
421.62951304888475
 10
1125.5571075252612
 20
421.65593069655483
 10
1125.3999920417496
 20
421.67855633738236
 10
1125.212287703041
 20
421.6973899713673
 10
1124.9939945091353
 20
421.71243159850957
 10
1124.7451124600327
 20
421.72368121880925
 10
1124.4656415557333
 20
421.73113883226637
 10
1124.1555817962367
 20
421.7348044388809
 10
1123.8149331815432
 20
421.7346780386528
 10
1124.0784776571038
 20
421.48870319479624
 10
1124.3068828692565
 20
421.2280659244816
 10
1124.5001488180008
 20
420.95276622770893
 10
1124.6582755033373
 20
420.6628041044782
 10
1124.7812629252655
 20
420.3581795547894
 10
1124.8691110837858
 20
420.03889257864256
 10
1124.921819978898
 20
419.7049431760377
 10
1124.939389610602
 20
419.3563313469748
 10
1124.9194183745642
 20
418.92593857033984
 10
1124.8595046664511
 20
418.52057303886596
 10
1124.7596484862627
 20
418.1402347525533
 10
1124.6198498339988
 20
417.7849237114018
 10
1124.4401087096596
 20
417.4546399154114
 10
1124.2204251132453
 20
417.1493833645822
 10
1123.9607990447553
 20
416.86915405891415
 10
1123.66123050419
 20
416.61395199840723
 10
1123.3337275132174
 20
416.3864315878513
 10
1122.990298093506
 20
416.18924723203617
 10
1122.6309422450558
 20
416.0223989309618
 10
1122.2556599678667
 20
415.88588668462825
 10
1121.8644512619385
 20
415.77971049303545
 10
1121.4573161272715
 20
415.7038703561835
 10
1121.0342545638655
 20
415.6583662740723
 10
1120.5952665717207
 20
415.6431982467019
 10
1119.9923374837474
 20
415.67100629688093
 10
1119.4131716386544
 20
415.75443044741814
 10
1118.8577690364418
 20
415.8934706983134
 10
1118.3261296771093
 20
416.0881270495669
 10
1117.8359495925895
 20
416.3356186961605
 10
1117.404924814814
 20
416.6331648330764
 10
1117.0330553437832
 20
416.9807654603147
 10
1116.720341179497
 20
417.3784205778752
 10
1116.472596732447
 20
417.8195573738975
 10
1116.2956364131257
 20
418.29760303652114
 10
1116.189460221533
 20
418.8125575657461
 10
1116.1540681576687
 20
419.3644209615723
 10
1116.1732809923378
 20
419.7362904326032
 10
1116.2309194963455
 20
420.0914750735266
 10
1116.3269836696911
 20
420.4299748843426
 10
1116.4614735123755
 20
420.75178986505114
 10
1116.634389024398
 20
421.0569200156523
 10
1116.8457302057589
 20
421.34536533614596
 10
1117.095497056458
 20
421.61712582653223
 10
1117.3836895764955
 20
421.87220148681104
 10
1116.3482189080098
 20
421.87220148681104
 10
1116.3482189080098
 20
423.2150775100034
 10
1123.7744851085556
 20
423.2150775100034
 10
1124.2577763806448
 20
423.20869429848506
 10
1124.704537986817
 20
423.18954466392995
 10
1125.114769927072
 20
423.15762860633805
 10
1125.4884722014103
 20
423.1129461257094
 10
1125.8256448098314
 20
423.05549722204404
 10
1126.1262877523354
 20
422.9852818953419
 10
1126.3904010289223
 20
422.9023001456031
 10
1126.6179846395924
 20
422.80655197282744
 10
1127.0146285553283
 20
422.572458750411
 10
1127.36728519169
 20
422.27870462033763
 10
1127.6759545486775
 20
421.92528958260743
 10
1127.9406366262908
 20
421.5122136372203
 10
1128.1529890094764
 20
421.04377439193127
 10
1128.3046692831804
 20
420.5242694544952
 10
1128.3956774474027
 20
419.9536988249122
 10
1128.4260135021434
 20
419.33206250318216
 10
1128.415206282642
 20
418.9570330264491
 10
1128.3827846241377
 20
418.6004579830167
 10
1128.3287485266308
 20
418.262337372885
 10
1128.253097990121
 20
417.9426711960539
 10
1128.1558330146083
 20
417.64145945252346
 10
1128.0369536000928
 20
417.3587021422937
 10
1127.8964597465745
 20
417.09439926536453
 10
1127.7343514540535
 20
416.848550821736
 10
1127.5505023223016
 20
416.6272240223563
 10
1127.3447859510904
 20
416.4364860781736
 10
1127.1172023404206
 20
416.2763369891878
 10
1126.8677514902915
 20
416.14677675539906
 10
1126.5964334007037
 20
416.0478053768072
 10
1126.3032480716568
 20
415.97942285341236
 10
1125.9881955031508
 20
415.9416291852145
 10
1125.6512756951859
 20
415.9344243722135
  0
LWPOLYLINE
  5
66
330
17
100
AcDbEntity
  8
line engraving
 62
1
420
16711680
100
AcDbPolyline
 90
65
 70
0
 10
1120.4901015819526
 20
417.13977694724764
 10
1120.8985007189006
 20
417.1502681661788
 10
1121.2783334043008
 20
417.1817418229724
 10
1121.6295996381534
 20
417.23419791762836
 10
1121.9522994204585
 20
417.3076364501467
 10
1122.2464327512162
 20
417.4020574205274
 10
1122.5119996304263
 20
417.5174608287705
 10
1122.7490000580888
 20
417.653846674876
 10
1122.9574340342035
 20
417.81121495884383
 10
1123.1394503626482
 20
417.9843832713225
 10
1123.2971978473004
 20
418.1681692029605
 10
1123.4306764881599
 20
418.3625727537577
 10
1123.5398862852267
 20
418.5675939237142
 10
1123.624827238501
 20
418.78323271283
 10
1123.6854993479826
 20
419.00948912110505
 10
1123.7219026136715
 20
419.2463631485394
 10
1123.7340370355678
 20
419.493854795133
 10
1123.7219658137856
 20
419.7395768385334
 10
1123.6857521484387
 20
419.9751868636869
 10
1123.6253960395272
 20
420.2006848705935
 10
1123.5408974870516
 20
420.41607085925307
 10
1123.432256491011
 20
420.62134482966576
 10
1123.299473051406
 20
420.81650678183155
 10
1123.1425471682364
 20
421.0015567157503
 10
1122.9614788415024
 20
421.17649463142226
 10
1122.7546248682386
 20
421.3357589188114
 10
1122.52034204548
 20
421.473787967882
 10
1122.2586303732267
 20
421.59058177863403
 10
1121.9694898514786
 20
421.68614035106754
 10
1121.6529204802355
 20
421.76046368518246
 10
1121.3089222594976
 20
421.81355178097886
 10
1120.937495189265
 20
421.84540463845667
 10
1120.5386392695377
 20
421.85602225761596
 10
1120.1564049798037
 20
421.8450886378865
 10
1119.7984395338624
 20
421.81228777869796
 10
1119.4647429317138
 20
421.75761968005054
 10
1119.1553151733578
 20
421.6810843419441
 10
1118.8701562587944
 20
421.5826817643786
 10
1118.6092661880234
 20
421.4624119473542
 10
1118.3726449610454
 20
421.3202748908708
 10
1118.1602925778598
 20
421.1562705949284
 10
1117.972588239151
 20
420.97684547115944
 10
1117.8099111456036
 20
420.7884459311963
 10
1117.6722612972173
 20
420.59107197503903
 10
1117.559638693992
 20
420.3847236026876
 10
1117.472043335928
 20
420.169400814142
 10
1117.409475223025
 20
419.9451036094023
 10
1117.3719343552834
 20
419.7118319884684
 10
1117.3594207327028
 20
419.4695859513404
 10
1117.3717447549413
 20
419.2314479216252
 10
1117.4087168216565
 20
419.0024107083322
 10
1117.4703369328488
 20
418.7824743114615
 10
1117.556605088518
 20
418.57163873101297
 10
1117.667521288664
 20
418.3699039669867
 10
1117.803085533287
 20
418.1772700193827
 10
1117.9632978223867
 20
417.9937368882009
 10
1118.1481581559635
 20
417.81930457344134
 10
1118.3572873333328
 20
417.6600402860522
 10
1118.5903061538106
 20
417.5220112369816
 10
1118.8472146173965
 20
417.40521742622957
 10
1119.1280127240911
 20
417.30965885379607
 10
1119.4327004738939
 20
417.23533551968114
 10
1119.7612778668051
 20
417.18224742388475
 10
1120.1137449028247
 20
417.15039456640693
 10
1120.4901015819526
 20
417.13977694724764
  0
LWPOLYLINE
  5
67
330
17
100
AcDbEntity
  8
cut
 62
5
420
255
100
AcDbPolyline
 90
3
 70
1
 10
87.12899815655396
 20
662.0486377639594
 10
180.16383584843493
 20
802.7416560126189
 10
180.16383584843493
 20
576.5331997186562
  0
CIRCLE
  5
68
330
17
100
AcDbEntity
  8
cut
 62
5
420
255
100
AcDbCircle
 10
48.00084321636655
 20
657.26635061052
 30
0.0
 40
4.4
  0
LWPOLYLINE
  5
69
330
17
100
AcDbEntity
  8
cut
 62
5
420
255
100
AcDbPolyline
 90
2
 70
1
 10
201.30562039221672
 20
516.3944122454209
 42
0.9972646038391172
 10
218.97757090024402
 20
500.15563631905354
 42
0.9972646038394608
  0
LWPOLYLINE
  5
6A
330
17
100
AcDbEntity
  8
cut
 62
5
420
255
100
AcDbPolyline
 90
7
 70
1
 10
27.698999978086476
 20
635.1793598438218
 10
189.81751220576302
 20
486.16383047495106
 42
0.4145782399340892
 10
232.231603391642
 20
487.97649040922363
 42
0.188241269212927
 10
240.16383584843493
 20
508.29922732281295
 10
240.16383584843493
 20
902.4992273228129
 42
0.743511322855691
 10
185.14007291862913
 20
919.046471468981
 10
22.977080286537216
 20
673.8135947566523
 42
0.3683575668124177
  0
CIRCLE
  5
6B
330
17
100
AcDbEntity
  8
cut
 62
5
420
255
100
AcDbCircle
 10
210.16383584843493
 20
902.4992273228132
 30
0.0
 40
4.4
  0
LWPOLYLINE
  5
6C
330
17
100
AcDbEntity
  8
line engraving
 62
1
420
16711680
100
AcDbPolyline
 90
7
 70
0
 10
204.43780412685328
 20
811.1932534374166
 10
192.57842912685328
 20
811.1932534374166
 10
192.57842912685328
 20
812.7626386693403
 10
203.0383008014781
 20
812.7626386693403
 10
203.0383008014781
 20
818.6033404087673
 10
204.43780412685328
 20
818.6033404087673
 10
204.43780412685328
 20
811.1932534374166
  0
LWPOLYLINE
  5
6D
330
17
100
AcDbEntity
  8
line engraving
 62
1
420
16711680
100
AcDbPolyline
 90
5
 70
0
 10
194.25297934854495
 20
820.294069859654
 10
192.57842912685328
 20
820.294069859654
 10
192.57842912685328
 20
821.7502004872119
 10
194.25297934854495
 20
821.7502004872119
 10
194.25297934854495
 20
820.294069859654
  0
LWPOLYLINE
  5
6E
330
17
100
AcDbEntity
  8
line engraving
 62
1
420
16711680
100
AcDbPolyline
 90
5
 70
0
 10
204.43780412685328
 20
820.294069859654
 10
195.8466334242612
 20
820.294069859654
 10
195.8466334242612
 20
821.7502004872119
 10
204.43780412685328
 20
821.7502004872119
 10
204.43780412685328
 20
820.294069859654
  0
LWPOLYLINE
  5
6F
330
17
100
AcDbEntity
  8
line engraving
 62
1
420
16711680
100
AcDbPolyline
 90
61
 70
0
 10
204.43780412685328
 20
823.9667548869392
 10
195.8466334242612
 20
823.9667548869392
 10
195.8466334242612
 20
825.2772724517413
 10
197.0681652284904
 20
825.2772724517413
 10
196.736364629763
 20
825.5270393024405
 10
196.4488041108659
 20
825.8030974005817
 10
196.20548367179913
 20
826.105446746165
 10
196.0064033125627
 20
826.4340873391901
 10
195.85156303315657
 20
826.7890191796574
 10
195.74096283358077
 20
827.1702422675667
 10
195.6746027138353
 20
827.577756602918
 10
195.65248267392013
 20
828.0115621857113
 10
195.6699259053961
 20
828.3920268722521
 10
195.72225559982394
 20
828.7568179305101
 10
195.80947175720374
 20
829.1059353604853
 10
195.9315743775354
 20
829.4393791621778
 10
196.0819906489585
 20
829.744509312779
 10
196.2541477596125
 20
830.0086857894801
 10
196.4480457094974
 20
830.231908592281
 10
196.66368449861318
 20
830.414177721182
 10
196.90081132650369
 20
830.5638355912365
 10
197.15917339271274
 20
830.6892246174984
 10
197.4387706972404
 20
830.7903447999678
 10
197.73960324008655
 20
830.8671961386444
 10
197.97976367345115
 20
830.9025882025087
 10
198.29576424366775
 20
830.9278682481261
 10
198.6876049507363
 20
830.9430362754964
 10
199.15528579465683
 20
830.9480922846199
 10
204.43780412685328
 20
830.9480922846199
 10
204.43780412685328
 20
829.4919616570619
 10
199.21191309683962
 20
829.4919616570619
 10
198.79504514460993
 20
829.4813440379027
 10
198.4342988936507
 20
829.4494911804247
 10
198.1296743439619
 20
829.3964030846284
 10
197.88117149554358
 20
829.3220797505135
 10
197.6718527178321
 20
829.220706767588
 10
197.4847803802639
 20
829.08646972536
 10
197.31995448283897
 20
828.9193686238294
 10
197.17737502555724
 20
828.7194034629964
 10
197.0623508179984
 20
828.4936526556337
 10
196.9801906697421
 20
828.2491946145142
 10
196.9308945807883
 20
827.9860293396378
 10
196.91446255113704
 20
827.7041568310046
 10
196.92368976778735
 20
827.47556201851
 10
196.95137141773833
 20
827.2549304203848
 10
196.99750750098994
 20
827.0422620366289
 10
197.0620980175422
 20
826.8375568672427
 10
197.14514296739515
 20
826.6408149122258
 10
197.2466423505487
 20
826.4520361715785
 10
197.3665961670029
 20
826.2712206453006
 10
197.50500441675777
 20
826.098368333392
 10
197.6691983130423
 20
825.9400520477135
 10
197.86650906908554
 20
825.8028446001255
 10
198.09693668488745
 20
825.686745990628
 10
198.3604811604481
 20
825.5917562192209
 10
198.6571424957674
 20
825.5178752859042
 10
198.98692069084544
 20
825.4651031906781
 10
199.34981574568215
 20
825.4334399335423
 10
199.74582766027757
 20
825.4228855144971
 10
204.43780412685328
 20
825.4228855144971
 10
204.43780412685328
 20
823.9667548869392
  0
LWPOLYLINE
  5
70
330
17
100
AcDbEntity
  8
line engraving
 62
1
420
16711680
100
AcDbPolyline
 90
13
 70
0
 10
204.43780412685328
 20
833.1889155281397
 10
192.57842912685328
 20
833.1889155281397
 10
192.57842912685328
 20
834.6450461556976
 10
199.34134693040033
 20
834.6450461556976
 10
195.8466334242612
 20
838.0912219742515
 10
195.8466334242612
 20
839.9761021754794
 10
199.03394157569366
 20
836.6917186488764
 10
204.43780412685328
 20
840.3077763739786
 10
204.43780412685328
 20
838.5118819333238
 10
200.0451434003867
 20
835.6724272095857
 10
201.0320763812871
 20
834.6450461556976
 10
204.43780412685328
 20
834.6450461556976
 10
204.43780412685328
 20
833.1889155281397
  0
LWPOLYLINE
  5
71
330
17
100
AcDbEntity
  8
line engraving
 62
1
420
16711680
100
AcDbPolyline
 90
159
 70
0
 10
201.87339629943173
 20
840.8821390104043
 10
201.6468870907005
 20
842.3220904087673
 10
202.05440142605178
 20
842.4098121670594
 10
202.4113556701684
 20
842.5516332229726
 10
202.7177498230504
 20
842.7475535765069
 10
202.97358388469775
 20
842.9975732276622
 10
203.17531864872402
 20
843.302197777351
 10
203.31941490874277
 20
843.6619328264856
 10
203.405872664754
 20
844.0767783750658
 10
203.43469191675777
 20
844.546734423092
 10
203.4283087052394
 20
844.7894228610182
 10
203.40915907068427
 20
845.0159320697495
 10
203.3772430130924
 20
845.2262620492857
 10
203.3325605324638
 20
845.4204127996267
 10
203.2751116287984
 20
845.5983843207727
 10
203.20489630209627
 20
845.7601766127235
 10
203.1219145523574
 20
845.9057896754794
 10
203.02616637958178
 20
846.0352235090401
 10
202.81305559502772
 20
846.2475758922257
 10
202.58224877854155
 20
846.3992561659296
 10
202.33374593012323
 20
846.490264330152
 10
202.0675470497728
 20
846.5206003848928
 10
201.8339594282687
 20
846.4938035365384
 10
201.62666305420663
 20
846.4134129914753
 10
201.44565792758658
 20
846.2794287497035
 10
201.29094404840853
 20
846.0918508112229
 10
201.24076315785814
 20
846.0031178511061
 10
201.1872958613775
 20
845.8865768408102
 10
201.1305421589666
 20
845.7422277803353
 10
201.07050205062546
 20
845.5700706696813
 10
201.00717553635405
 20
845.3701055088483
 10
200.9405626161524
 20
845.1423322978361
 10
200.8706632900205
 20
844.8867510366449
 10
200.79747755795833
 20
844.6033617252747
 10
200.6980637785682
 20
844.2182834304087
 10
200.6020628053364
 20
843.8639203909679
 10
200.50947463826296
 20
843.5402726069522
 10
200.42029927734782
 20
843.2473400783614
 10
200.33453672259105
 20
842.9851228051956
 10
200.25218697399262
 20
842.753620787455
 10
200.1732500315525
 20
842.5528340251394
 10
200.09772589527074
 20
842.3827625182488
 10
199.93593360331985
 20
842.0920419936496
 10
199.74582766027754
 20
841.838735936564
 10
199.52740806614386
 20
841.622844346992
 10
199.28067482091876
 20
841.4443672249337
 10
199.01295913783127
 20
841.3045685726698
 10
198.73159223011044
 20
841.2047123924814
 10
198.43657409775625
 20
841.1447986843683
 10
198.12790474076868
 20
841.1248274483306
 10
197.8460322321355
 20
841.1412594779819
 10
197.5747773426616
 20
841.1905555669357
 10
197.31414007234696
 20
841.272715715192
 10
197.0641204211916
 20
841.3877399227508
 10
196.829774398319
 20
841.5310777814011
 10
196.6161580128526
 20
841.6981788829316
 10
196.4232712647924
 20
841.8890432273424
 10
196.2511141541384
 20
842.1036708146336
 10
196.13052833654376
 20
842.2889735490086
 10
196.01954893628368
 20
842.5051179390367
 10
195.91817595335823
 20
842.7521039847179
 10
195.82640938776734
 20
843.0299316860524
 10
195.7503164504592
 20
843.3284890247929
 10
195.69596435238194
 20
843.6376639826929
 10
195.6633530935356
 20
843.957456559752
 10
195.65248267392013
 20
844.2878667559705
 10
195.6706843067646
 20
844.7780468404904
 10
195.72528920529803
 20
845.2373852693572
 10
195.8162973695204
 20
845.665882042571
 10
195.94370879943173
 20
846.0635371601315
 10
196.10221468545237
 20
846.4207442047043
 10
196.28650621800267
 20
846.7278967589548
 10
196.49658339708265
 20
846.984994822883
 10
196.7324462226923
 20
847.1920383964889
 10
197.00218430942917
 20
847.359897899388
 10
197.3138872718908
 20
847.4994437511956
 10
197.6675551100772
 20
847.6106759519118
 10
198.06318782398833
 20
847.6935945015367
 10
198.2573385743294
 20
846.2698223323689
 10
197.94386600867455
 20
846.1982798032718
 10
197.66679670870866
 20
846.0807275911513
 10
197.42613067443173
 20
845.9171656960071
 10
197.22186790584374
 20
845.7075941178396
 10
197.05906441206815
 20
845.4510016548237
 10
196.94277620222846
 20
845.1463771051349
 10
196.87300327632462
 20
844.7937204687732
 10
196.84974563435668
 20
844.3930317457385
 10
196.85492804370824
 20
844.1512281094089
 10
196.8704752717629
 20
843.9273733054674
 10
196.89638731852065
 20
843.7214673339143
 10
196.9326641839815
 20
843.5335101947495
 10
196.97930586814547
 20
843.363501887973
 10
197.03631237101254
 20
843.2114424135848
 10
197.1036836925827
 20
843.0773317715849
 10
197.181419832856
 20
842.9611699619733
 10
197.3543353448785
 20
842.7735920234927
 10
197.54140768244673
 20
842.6396077817209
 10
197.74263684556064
 20
842.5592172366578
 10
197.95802283422026
 20
842.5324203883034
 10
198.09605188329087
 20
842.543543608375
 10
198.2270025195886
 20
842.5769132685899
 10
198.3508747431135
 20
842.632529368948
 10
198.46766855386556
 20
842.7103919094493
 10
198.57991195640648
 20
842.812017692831
 10
198.6820433407005
 20
842.93892352183
 10
198.77406270674754
 20
843.0911093964463
 10
198.8559700545477
 20
843.26857531668
 10
198.8794804969718
 20
843.3364522391624
 10
198.90956375125643
 20
843.4308732095432
 10
198.94621981740156
 20
843.551838227822
 10
198.98944869540716
 20
843.6993472939992
 10
199.0392503852733
 20
843.8734004080744
 10
199.09562488699993
 20
844.0739975700479
 10
199.1585722005871
 20
844.3011387799196
 10
199.22809232603473
 20
844.5548240376895
 10
199.32889650793382
 20
844.9265039083782
 10
199.4250238813937
 20
845.2689853263789
 10
199.51647444641438
 20
845.5822682916917
 10
199.60324820299584
 20
845.8663528043164
 10
199.6853451511381
 20
846.1212388642531
 10
199.76276529084117
 20
846.3469264715017
 10
199.83550862210504
 20
846.5434156260624
 10
199.90357514492968
 20
846.710706327935
 10
200.049946609054
 20
846.999657249341
 10
200.22614852700676
 20
847.2557441114445
 10
200.43218089878798
 20
847.4789669142456
 10
200.66804372439762
 20
847.669325657744
 10
200.93398980429188
 20
847.8215115323603
 10
201.23027193892693
 20
847.9302157285149
 10
201.5568901283028
 20
847.9954382462075
 10
201.91384437241945
 20
848.0171790854384
 10
202.2725682197293
 20
847.9906350375403
 10
202.62067444787988
 20
847.9110028938456
 10
202.95816305687117
 20
847.7782826543547
 10
203.2850340467032
 20
847.5924743190674
 10
203.58839459411112
 20
847.3566114934578
 10
203.85535187583008
 20
847.0737277829999
 10
204.0859058918601
 20
846.7438231876937
 10
204.28005664220117
 20
846.3668977075394
 10
204.4340121200107
 20
845.95331616124
 10
204.54398031844605
 20
845.5134433674984
 10
204.60996123750726
 20
845.047279326315
 10
204.63195487719435
 20
844.5548240376895
 10
204.6210844575789
 20
844.1486369047332
 10
204.58847319873254
 20
843.7673506167098
 10
204.53412110065528
 20
843.4109651736195
 10
204.45802816334714
 20
843.0794805754624
 10
204.3601943868081
 20
842.7728968222382
 10
204.24061977103815
 20
842.4912139139471
 10
204.0993043160373
 20
842.2344318505892
 10
203.93624802180554
 20
842.0025506321642
 10
203.75183008902715
 20
841.7930422541107
 10
203.54642971838638
 20
841.6033787118666
 10
203.32004690988322
 20
841.4335600054322
 10
203.07268166351767
 20
841.2835861348075
 10
202.80433397928977
 20
841.1534570999922
 10
202.51500385719947
 20
841.0431729009866
 10
202.2046912972468
 20
840.9527335377907
 10
201.87339629943173
 20
840.8821390104043
  0
LWPOLYLINE
  5
72
330
17
100
AcDbEntity
  8
line engraving
 62
1
420
16711680
100
AcDbPolyline
 90
57
 70
0
 10
204.43780412685328
 20
854.3513473153157
 10
192.57842912685328
 20
854.3513473153157
 10
192.57842912685328
 20
855.8074779428737
 10
196.8335664051616
 20
855.8074779428737
 10
196.55674990565188
 20
856.07064321775
 10
196.31684227274346
 20
856.3504933227339
 10
196.11384350643633
 20
856.647028257825
 10
195.9477536067305
 20
856.9602480230237
 10
195.81857257362597
 20
857.2901526183298
 10
195.72630040712272
 20
857.6367420437434
 10
195.6709371072208
 20
858.0000162992643
 10
195.65248267392013
 20
858.3799753848928
 10
195.67599311634424
 20
858.8415890178651
 10
195.74652444361658
 20
859.271855394272
 10
195.86407665573716
 20
859.6707745141134
 10
196.02864975270595
 20
860.0383463773893
 10
196.23468212448716
 20
860.3652173672214
 10
196.47661216104495
 20
860.642033866731
 10
196.75443986237937
 20
860.8687958759185
 10
197.0681652284904
 20
861.0455033947836
 10
197.24335594461846
 20
861.1166035230824
 10
197.43725389450336
 20
861.1782236342746
 10
197.64985907814506
 20
861.2303637283603
 10
197.88117149554358
 20
861.2730238053396
 10
198.13119114669894
 20
861.3062038652123
 10
198.39991803161112
 20
861.3299039079785
 10
198.68735215028013
 20
861.3441239336383
 10
198.99349350270595
 20
861.3488639421915
 10
204.43780412685328
 20
861.3488639421915
 10
204.43780412685328
 20
859.8927333146336
 10
198.99349350270595
 20
859.8927333146336
 10
198.72975942680318
 20
859.8853389012905
 10
198.48460618442917
 20
859.8631556612613
 10
198.25803377558387
 20
859.8261835945459
 10
198.05004220026734
 20
859.7744227011444
 10
197.8606314584795
 20
859.7078729810569
 10
197.68980155022044
 20
859.6265344342831
 10
197.5375524754901
 20
859.5304070608232
 10
197.40388423428848
 20
859.4194908606772
 10
197.1862230415233
 20
859.1583479894502
 10
197.03075076097673
 20
858.8481618297257
 10
196.9374673926488
 20
858.4889323815034
 10
196.9063729365395
 20
858.0806596447836
 10
196.92735537440188
 20
857.7618782695491
 10
196.99030268798901
 20
857.4527033116492
 10
197.09521487730092
 20
857.153134771084
 10
197.2420919423376
 20
856.8631726478532
 10
197.42486667215087
 20
856.5984905702397
 10
197.63747185579257
 20
856.3747621665264
 10
197.87990749326272
 20
856.1919874367131
 10
198.15217358456133
 20
856.0501663808
 10
198.46665735204087
 20
855.9439901892072
 10
198.83574601805384
 20
855.8681500523553
 10
199.2594395826002
 20
855.822645970244
 10
199.73773804568003
 20
855.8074779428737
 10
204.43780412685328
 20
855.8074779428737
 10
204.43780412685328
 20
854.3513473153157
  0
LWPOLYLINE
  5
73
330
17
100
AcDbEntity
  8
line engraving
 62
1
420
16711680
100
AcDbPolyline
 90
22
 70
0
 10
204.43780412685328
 20
863.9456302280032
 10
202.77943313435668
 20
863.9456302280032
 10
202.77943313435668
 20
865.6040012204999
 10
204.43780412685328
 20
865.6040012204999
 10
204.87287371192747
 20
865.583777184006
 10
205.2639560176275
 20
865.5231050745244
 10
205.61105104395338
 20
865.4219848920551
 10
205.91415879090513
 20
865.280416636598
 10
206.17934646943087
 20
865.0948611017669
 10
206.4126812904788
 20
864.8617790811752
 10
206.6141632540489
 20
864.5811705748229
 10
206.78379236014115
 20
864.2530355827099
 10
206.16089203613024
 20
863.8485548528328
 10
206.04789023222077
 20
864.0639408414924
 10
205.91112518543105
 20
864.2489907754111
 10
205.75059689576102
 20
864.4037046545892
 10
205.56630536321072
 20
864.5280824790265
 10
205.34864417044554
 20
864.625157854197
 10
205.08800690013092
 20
864.6979643855749
 10
204.78439355226683
 20
864.7465020731602
 10
204.43780412685328
 20
864.7707709169528
 10
204.43780412685328
 20
863.9456302280032
  0
LWPOLYLINE
  5
74
330
17
100
AcDbEntity
  8
line engraving
 62
1
420
16711680
100
AcDbPolyline
 90
5
 70
0
 10
194.25297934854495
 20
868.176498662519
 10
192.57842912685328
 20
868.176498662519
 10
192.57842912685328
 20
869.6326292900769
 10
194.25297934854495
 20
869.6326292900769
 10
194.25297934854495
 20
868.176498662519
  0
LWPOLYLINE
  5
75
330
17
100
AcDbEntity
  8
line engraving
 62
1
420
16711680
100
AcDbPolyline
 90
5
 70
0
 10
204.43780412685328
 20
868.176498662519
 10
195.8466334242612
 20
868.176498662519
 10
195.8466334242612
 20
869.6326292900769
 10
204.43780412685328
 20
869.6326292900769
 10
204.43780412685328
 20
868.176498662519
  0
LWPOLYLINE
  5
76
330
17
100
AcDbEntity
  8
line engraving
 62
1
420
16711680
100
AcDbPolyline
 90
22
 70
0
 10
204.43780412685328
 20
872.2293955758887
 10
202.77943313435668
 20
872.2293955758887
 10
202.77943313435668
 20
873.8877665683852
 10
204.43780412685328
 20
873.8877665683852
 10
204.87287371192747
 20
873.8675425318913
 10
205.2639560176275
 20
873.8068704224098
 10
205.61105104395338
 20
873.7057502399405
 10
205.91415879090513
 20
873.5641819844834
 10
206.17934646943087
 20
873.3786264496523
 10
206.4126812904788
 20
873.1455444290605
 10
206.6141632540489
 20
872.8649359227082
 10
206.78379236014115
 20
872.5368009305953
 10
206.16089203613024
 20
872.1323202007181
 10
206.04789023222077
 20
872.3477061893777
 10
205.91112518543105
 20
872.5327561232966
 10
205.75059689576102
 20
872.6874700024746
 10
205.56630536321072
 20
872.8118478269118
 10
205.34864417044554
 20
872.9089232020824
 10
205.08800690013092
 20
872.9817297334603
 10
204.78439355226683
 20
873.0302674210456
 10
204.43780412685328
 20
873.0545362648381
 10
204.43780412685328
 20
872.2293955758887
  0
LWPOLYLINE
  5
77
330
17
100
AcDbEntity
  8
line engraving
 62
1
420
16711680
100
AcDbPolyline
 90
105
 70
0
 10
205.1496902114372
 20
876.1852171140878
 10
205.36002019097333
 20
877.600899668658
 10
205.66540314203064
 20
877.665110984526
 10
205.92629321280143
 20
877.7687591715571
 10
206.14269040328574
 20
877.9118442297512
 10
206.31459471348356
 20
878.0943661591083
 10
206.49155503280485
 20
878.390142692831
 10
206.61795526089148
 20
878.7354681159636
 10
206.69379539774346
 20
879.1303424285063
 10
206.7190754433608
 20
879.5747656304588
 10
206.69379539774346
 20
880.0515472908016
 10
206.61795526089148
 20
880.4706904471369
 10
206.49155503280485
 20
880.8321950994647
 10
206.31459471348356
 20
881.1360612477849
 10
206.0921303120511
 20
881.3888617039582
 10
205.8292178376309
 20
881.5971692798449
 10
205.525857290223
 20
881.7609839754452
 10
205.18204866982737
 20
881.880305790759
 10
205.05552204151266
 20
881.9067234384291
 10
204.89840655800097
 20
881.9293490792567
 10
204.71070221929233
 20
881.9481827132415
 10
204.4924090253867
 20
881.9632243403838
 10
204.24352697628413
 20
881.9744739606836
 10
203.9640560719846
 20
881.9819315741406
 10
203.6539963124881
 20
881.9855971807551
 10
203.31334769779463
 20
881.9854707805271
 10
203.57689217335525
 20
881.7394959366706
 10
203.8052973855078
 20
881.4788586663559
 10
203.99856333425225
 20
881.2035589695832
 10
204.1566900195886
 20
880.9135968463524
 10
204.2796774415169
 20
880.6089722966638
 10
204.3675256000371
 20
880.2896853205169
 10
204.42023449514923
 20
879.9557359179121
 10
204.43780412685328
 20
879.6071240888491
 10
204.4178328908156
 20
879.1767313122141
 10
204.35791918270252
 20
878.7713657807403
 10
204.2580630025141
 20
878.3910274944276
 10
204.11826435025029
 20
878.0357164532761
 10
203.9385232259111
 20
877.7054326572858
 10
203.71883962949653
 20
877.4001761064566
 10
203.45921356100658
 20
877.1199468007885
 10
203.15964502044127
 20
876.8647447402816
 10
202.83214202946883
 20
876.6372243297257
 10
202.48871260975744
 20
876.4400399739105
 10
202.12935676130715
 20
876.2731916728361
 10
201.75407448411795
 20
876.1366794265025
 10
201.3628657781898
 20
876.0305032349098
 10
200.95573064352277
 20
875.9546630980578
 10
200.53266908011682
 20
875.9091590159466
 10
200.09368108797196
 20
875.8939909885762
 10
199.49075199999874
 20
875.9217990387552
 10
198.91158615490582
 20
876.0052231892925
 10
198.35618355269315
 20
876.1442634401877
 10
197.8245441933608
 20
876.3389197914412
 10
197.33436410884084
 20
876.5864114380348
 10
196.9033393310654
 20
876.8839575749507
 10
196.53146986003455
 20
877.231558202189
 10
196.21875569574823
 20
877.6292133197495
 10
195.97101124869843
 20
878.0703501157718
 10
195.79405092937716
 20
878.5483957783955
 10
195.6878747377844
 20
879.0633503076205
 10
195.65248267392013
 20
879.6152137034467
 10
195.6716955085893
 20
879.9870831744776
 10
195.7293340125968
 20
880.342267815401
 10
195.82539818594265
 20
880.680767626217
 10
195.9598880286268
 20
881.0025826069254
 10
196.13280354064932
 20
881.3077127575266
 10
196.34414472201016
 20
881.5961580780203
 10
196.59391157270935
 20
881.8679185684065
 10
196.88210409274686
 20
882.1229942286853
 10
195.8466334242612
 20
882.1229942286853
 10
195.8466334242612
 20
883.4658702518777
 10
203.27289962480688
 20
883.4658702518777
 10
203.75619089689613
 20
883.4594870403594
 10
204.20295250306833
 20
883.4403374058043
 10
204.6131844433235
 20
883.4084213482123
 10
204.9868867176616
 20
883.3637388675837
 10
205.3240593260827
 20
883.3062899639183
 10
205.62470226858676
 20
883.2360746372162
 10
205.88881554517377
 20
883.1530928874773
 10
206.11639915584374
 20
883.0573447147017
 10
206.51304307157957
 20
882.8232514922853
 10
206.86569970794127
 20
882.5294973622119
 10
207.17436906492884
 20
882.1760823244817
 10
207.43905114254224
 20
881.7630063790947
 10
207.65140352572777
 20
881.2945671338056
 10
207.80308379943173
 20
880.7750621963695
 10
207.89409196365412
 20
880.2044915667865
 10
207.9244280183949
 20
879.5828552450564
 10
207.9136207988935
 20
879.2078257683233
 10
207.88119914038927
 20
878.851250724891
 10
207.82716304288223
 20
878.5131301147593
 10
207.7515125063724
 20
878.1934639379282
 10
207.65424753085972
 20
877.8922521943978
 10
207.53536811634424
 20
877.6094948841679
 10
207.39487426282597
 20
877.3451920072388
 10
207.23276597030485
 20
877.0993435636103
 10
207.04891683855286
 20
876.8780167642307
 10
206.84320046734186
 20
876.6872788200479
 10
206.61561685667186
 20
876.5271297310621
 10
206.36616600654293
 20
876.3975694972734
 10
206.09484791695496
 20
876.2985981186815
 10
205.80166258790803
 20
876.2302155952866
 10
205.4866100194021
 20
876.1924219270887
 10
205.1496902114372
 20
876.1852171140878
  0
LWPOLYLINE
  5
78
330
17
100
AcDbEntity
  8
line engraving
 62
1
420
16711680
100
AcDbPolyline
 90
65
 70
0
 10
199.9885160982039
 20
877.3905696891219
 10
200.3969152351518
 20
877.4010609080531
 10
200.7767479205521
 20
877.4325345648466
 10
201.12801415440487
 20
877.4849906595026
 10
201.45071393671003
 20
877.558429192021
 10
201.74484726746763
 20
877.6528501624017
 10
202.01041414667765
 20
877.7682535706448
 10
202.24741457434007
 20
877.9046394167502
 10
202.45584855045493
 20
878.0620077007181
 10
202.63786487889968
 20
878.2351760131968
 10
202.79561236355178
 20
878.4189619448348
 10
202.92909100441128
 20
878.613365495632
 10
203.0383008014781
 20
878.8183866655885
 10
203.1232417547523
 20
879.0340254547043
 10
203.18391386423392
 20
879.2602818629794
 10
203.22031712992285
 20
879.4971558904138
 10
203.23245155181917
 20
879.7446475370074
 10
203.2203803300369
 20
879.9903695804078
 10
203.18416666469008
 20
880.2259796055612
 10
203.1238105557787
 20
880.4514776124678
 10
203.0393120033028
 20
880.6668636011274
 10
202.93067100726233
 20
880.8721375715401
 10
202.79788756765734
 20
881.0672995237057
 10
202.6409616844878
 20
881.2523494576246
 10
202.45989335775369
 20
881.4272873732965
 10
202.2530393844899
 20
881.5865516606857
 10
202.01875656173135
 20
881.7245807097563
 10
201.75704488947798
 20
881.8413745205083
 10
201.46790436772983
 20
881.9369330929419
 10
201.15133499648684
 20
882.0112564270568
 10
200.8073367757491
 20
882.0643445228532
 10
200.43590970551654
 20
882.0961973803311
 10
200.03705378578917
 20
882.1068149994903
 10
199.6548194960552
 20
882.0958813797608
 10
199.29685405011386
 20
882.0630805205724
 10
198.96315744796516
 20
882.0084124219248
 10
198.6537296896091
 20
881.9318770838184
 10
198.36857077504564
 20
881.833474506253
 10
198.10768070427483
 20
881.7132046892285
 10
197.87105947729665
 20
881.5710676327451
 10
197.65870709411112
 20
881.4070633368027
 10
197.47100275540248
 20
881.2276382130337
 10
197.30832566185498
 20
881.0392386730706
 10
197.17067581346865
 20
880.8418647169133
 10
197.05805321024346
 20
880.6355163445619
 10
196.97045785217944
 20
880.4201935560163
 10
196.90788973927656
 20
880.1958963512766
 10
196.87034887153482
 20
879.9626247303427
 10
196.85783524895425
 20
879.7203786932147
 10
196.8701592711927
 20
879.4822406634995
 10
196.90713133790803
 20
879.2532034502066
 10
196.96875144910027
 20
879.0332670533357
 10
197.05501960476937
 20
878.8224314728873
 10
197.1659358049154
 20
878.620696708861
 10
197.3015000495383
 20
878.428062761257
 10
197.4617123386381
 20
878.2445296300752
 10
197.6465726722148
 20
878.0700973153157
 10
197.85570184958414
 20
877.9108330279265
 10
198.08872067006183
 20
877.7728039788559
 10
198.34562913364792
 20
877.6560101681039
 10
198.62642724034237
 20
877.5604515956703
 10
198.93111499014518
 20
877.4861282615555
 10
199.25969238305638
 20
877.433040165759
 10
199.61215941907594
 20
877.4011873082811
 10
199.9885160982039
 20
877.3905696891219
  0
LWPOLYLINE
  5
79
330
17
100
AcDbEntity
  8
cut
 62
5
420
255
100
AcDbPolyline
 90
3
 70
1
 10
201.79784502208514
 20
399.1986735403159
 10
342.4908632707446
 20
306.1638358484349
 10
116.28240697678189
 20
306.1638358484349
  0
CIRCLE
  5
7A
330
17
100
AcDbEntity
  8
cut
 62
5
420
255
100
AcDbCircle
 10
197.01555786864566
 20
438.3268284805033
 30
0.0
 40
4.4
  0
LWPOLYLINE
  5
7B
330
17
100
AcDbEntity
  8
cut
 62
5
420
255
100
AcDbPolyline
 90
2
 70
1
 10
56.143619503546546
 20
285.02205130465313
 42
0.9972646038391172
 10
39.904843577179236
 20
267.35010079662584
 42
0.9972646038394608
  0
LWPOLYLINE
  5
7C
330
17
100
AcDbEntity
  8
cut
 62
5
420
255
100
AcDbPolyline
 90
7
 70
1
 10
174.92856710194744
 20
458.6286717187834
 10
25.913037733076777
 20
296.51015949110683
 42
0.4145782399340892
 10
27.725697667349337
 20
254.09606830522785
 42
0.188241269212927
 10
48.048434580938675
 20
246.16383584843493
 10
442.24843458093864
 20
246.16383584843493
 42
0.743511322855691
 10
458.79567872710675
 20
301.1875987782407
 10
213.56280201477796
 20
463.35059141033264
 42
0.3683575668124177
  0
CIRCLE
  5
7D
330
17
100
AcDbEntity
  8
cut
 62
5
420
255
100
AcDbCircle
 10
442.2484345809389
 20
276.1638358484349
 30
0.0
 40
4.4
  0
LWPOLYLINE
  5
7E
330
17
100
AcDbEntity
  8
line engraving
 62
1
420
16711680
100
AcDbPolyline
 90
7
 70
0
 10
350.9424606955423
 20
281.8898675700166
 10
350.9424606955423
 20
293.7492425700166
 10
352.5118459274659
 20
293.7492425700166
 10
352.5118459274659
 20
283.28937089539176
 10
358.3525476668929
 20
283.28937089539176
 10
358.3525476668929
 20
281.8898675700166
 10
350.9424606955423
 20
281.8898675700166
  0
LWPOLYLINE
  5
7F
330
17
100
AcDbEntity
  8
line engraving
 62
1
420
16711680
100
AcDbPolyline
 90
5
 70
0
 10
360.04327711777967
 20
292.0746923483249
 10
360.04327711777967
 20
293.7492425700166
 10
361.4994077453377
 20
293.7492425700166
 10
361.4994077453377
 20
292.0746923483249
 10
360.04327711777967
 20
292.0746923483249
  0
LWPOLYLINE
  5
80
330
17
100
AcDbEntity
  8
line engraving
 62
1
420
16711680
100
AcDbPolyline
 90
5
 70
0
 10
360.04327711777967
 20
281.8898675700166
 10
360.04327711777967
 20
290.48103827260866
 10
361.4994077453377
 20
290.48103827260866
 10
361.4994077453377
 20
281.8898675700166
 10
360.04327711777967
 20
281.8898675700166
  0
LWPOLYLINE
  5
81
330
17
100
AcDbEntity
  8
line engraving
 62
1
420
16711680
100
AcDbPolyline
 90
61
 70
0
 10
363.71596214506485
 20
281.8898675700166
 10
363.71596214506485
 20
290.48103827260866
 10
365.026479709867
 20
290.48103827260866
 10
365.026479709867
 20
289.25950646837947
 10
365.27624656056616
 20
289.59130706710687
 10
365.5523046587074
 20
289.87886758600393
 10
365.8546540042906
 20
290.1221880250707
 10
366.1832945973158
 20
290.32126838430713
 10
366.53822643778307
 20
290.47610866371326
 10
366.91944952569236
 20
290.58670886328906
 10
367.3269638610437
 20
290.6530689830346
 10
367.760769443837
 20
290.6751890229497
 10
368.1412341303777
 20
290.65774579147376
 10
368.50602518863576
 20
290.6054160970459
 10
368.855142618611
 20
290.51819993966615
 10
369.1885864203036
 20
290.39609731933444
 10
369.49371657090467
 20
290.2456810479114
 10
369.75789304760576
 20
290.0735239372574
 10
369.9811158504067
 20
289.8796259873725
 10
370.16338497930764
 20
289.6639871982567
 10
370.3130428493622
 20
289.42686037036617
 10
370.43843187562413
 20
289.1684983041571
 10
370.5395520580935
 20
288.88890099962947
 10
370.6164033967701
 20
288.5880684567833
 10
370.6517954606344
 20
288.34790802341865
 10
370.6770755062517
 20
288.0319074532021
 10
370.6922435336221
 20
287.6400667461336
 10
370.69729954274555
 20
287.172385902213
 10
370.69729954274555
 20
281.8898675700166
 10
369.2411689151876
 20
281.8898675700166
 10
369.2411689151876
 20
287.11575860003023
 10
369.2305512960283
 20
287.5326265522599
 10
369.1986984385505
 20
287.89337280321917
 10
369.1456103427541
 20
288.1979973529079
 10
369.07128700863916
 20
288.4465002013263
 10
368.9699140257137
 20
288.65581897903775
 10
368.83567698348566
 20
288.8428913166059
 10
368.6685758819552
 20
289.0077172140309
 10
368.4686107211221
 20
289.1502966713126
 10
368.2428599137594
 20
289.2653208788715
 10
367.9984018726399
 20
289.34748102712774
 10
367.7352365977635
 20
289.3967771160816
 10
367.45336408913033
 20
289.4132091457328
 10
367.22476927663564
 20
289.4039819290825
 10
367.00413767851046
 20
289.3763002791315
 10
366.7914692947547
 20
289.3301641958799
 10
366.5867641253684
 20
289.26557367932764
 10
366.39002217035153
 20
289.1825287294747
 10
366.20124342970416
 20
289.08102934632115
 10
366.0204279034262
 20
288.96107552986695
 10
365.84757559151774
 20
288.82266728011206
 10
365.68925930583924
 20
288.6584733838275
 10
365.5520518582512
 20
288.4611626277843
 10
365.43595324875366
 20
288.2307350119824
 10
365.3409634773466
 20
287.96719053642175
 10
365.2670825440299
 20
287.67052920110245
 10
365.21431044880376
 20
287.34075100602445
 10
365.182647191668
 20
286.97785595118773
 10
365.1720927726228
 20
286.5818440365923
 10
365.1720927726228
 20
281.8898675700166
 10
363.71596214506485
 20
281.8898675700166
  0
LWPOLYLINE
  5
82
330
17
100
AcDbEntity
  8
line engraving
 62
1
420
16711680
100
AcDbPolyline
 90
13
 70
0
 10
372.93812278626535
 20
281.8898675700166
 10
372.93812278626535
 20
293.7492425700166
 10
374.3942534138233
 20
293.7492425700166
 10
374.3942534138233
 20
286.9863247664695
 10
377.84042923237723
 20
290.48103827260866
 10
379.72530943360505
 20
290.48103827260866
 10
376.44092590700205
 20
287.29373012117617
 10
380.0569836321044
 20
281.8898675700166
 10
378.2610891914495
 20
281.8898675700166
 10
375.4216344677115
 20
286.2825282964832
 10
374.3942534138233
 20
285.2955953155827
 10
374.3942534138233
 20
281.8898675700166
 10
372.93812278626535
 20
281.8898675700166
  0
LWPOLYLINE
  5
83
330
17
100
AcDbEntity
  8
line engraving
 62
1
420
16711680
100
AcDbPolyline
 90
159
 70
0
 10
380.63134626853
 20
284.45427539743815
 10
382.0712976668929
 20
284.68078460616937
 10
382.1590194251851
 20
284.27327027081805
 10
382.30084048109825
 20
283.91631602670145
 10
382.49676083463254
 20
283.6099218738194
 10
382.7467804857879
 20
283.3540878121721
 10
383.05140503547665
 20
283.1523530481458
 10
383.41114008461125
 20
283.0082567881271
 10
383.8259856331915
 20
282.9217990321158
 10
384.29594168121764
 20
282.89297978011206
 10
384.538630119144
 20
282.8993629916304
 10
384.7651393278752
 20
282.91851262618553
 10
384.97546930741134
 20
282.95042868377743
 10
385.1696200577524
 20
282.99511116440607
 10
385.3475915788984
 20
283.05256006807144
 10
385.50938387084926
 20
283.12277539477356
 10
385.65499693360505
 20
283.2057571445124
 10
385.78443076716576
 20
283.30150531728805
 10
385.9967831503513
 20
283.5146161018421
 10
386.1484634240553
 20
283.7454229183283
 10
386.23947158827764
 20
283.99392576674666
 10
386.26980764301845
 20
284.2601246470971
 10
386.2430107946641
 20
284.4937122686012
 10
386.162620249601
 20
284.7010086426633
 10
386.02863600782916
 20
284.88201376928333
 10
385.8410580693486
 20
285.03672764846135
 10
385.7523251092318
 20
285.08690853901174
 10
385.6357840989359
 20
285.14037583549236
 10
385.49143503846096
 20
285.19712953790327
 10
385.319277927807
 20
285.2571696462444
 10
385.11931276697396
 20
285.3204961605158
 10
384.89153955596186
 20
285.3871090807175
 10
384.63595829477066
 20
285.4570084068494
 10
384.35256898340043
 20
285.53019413891155
 10
383.9674906885345
 20
285.6296079183017
 10
383.61312764909366
 20
285.72560889153345
 10
383.28947986507785
 20
285.8181970586069
 10
382.9965473364871
 20
285.90737241952206
 10
382.73433006332135
 20
285.9931349742788
 10
382.50282804558066
 20
286.07548472287726
 10
382.30204128326505
 20
286.15442166531733
 10
382.1319697763745
 20
286.2299458015991
 10
381.84124925177525
 20
286.39173809355
 10
381.5879431946896
 20
286.5818440365923
 10
381.3720516051177
 20
286.80026363072596
 10
381.19357448305936
 20
287.0469968759511
 10
381.05377583079553
 20
287.3147125590386
 10
380.95391965060713
 20
287.5960794667594
 10
380.89400594249406
 20
287.8910975991136
 10
380.87403470645637
 20
288.19976695610114
 10
380.8904667361076
 20
288.48163946473437
 10
380.9397628250614
 20
288.75289435420825
 10
381.0219229733177
 20
289.0135316245229
 10
381.1369471808766
 20
289.26355127567825
 10
381.2802850395268
 20
289.49789729855087
 10
381.44738614105734
 20
289.7115136840173
 10
381.6382504854681
 20
289.90440043207747
 10
381.8528780727592
 20
290.07655754273145
 10
382.0381808071342
 20
290.1971433603261
 10
382.25432519716236
 20
290.3081227605861
 10
382.50131124284366
 20
290.4094957435116
 10
382.77913894417804
 20
290.5012623091025
 10
383.0776962829187
 20
290.57735524641066
 10
383.38687124081855
 20
290.63170734448795
 10
383.70666381787777
 20
290.66431860333427
 10
384.0370740140962
 20
290.6751890229497
 10
384.5272540986162
 20
290.65698739010526
 10
384.98659252748297
 20
290.6023824915718
 10
385.41508930069665
 20
290.5113743273495
 10
385.8127444182572
 20
290.38396289743815
 10
386.16995146283
 20
290.2254570114175
 10
386.4771040170805
 20
290.0411654788672
 10
386.7342020810087
 20
289.8310882997872
 10
386.9412456546146
 20
289.59522547417754
 10
387.1091051575137
 20
289.3254873874407
 10
387.2486510093213
 20
289.01378442497906
 10
387.35988321003754
 20
288.6601165867927
 10
387.44280175966236
 20
288.2644838728815
 10
386.01902959049454
 20
288.07033312254043
 10
385.9474870613975
 20
288.38380568819525
 10
385.829934849277
 20
288.66087498816114
 10
385.6663729541329
 20
288.9015410224381
 10
385.45680137596526
 20
289.1058037910261
 10
385.2002089129494
 20
289.2686072848017
 10
384.8955843632606
 20
289.3848954946414
 10
384.5429277268989
 20
289.45466842054526
 10
384.1422390038643
 20
289.4779260625132
 10
383.90043536753456
 20
289.4727436531616
 10
383.6765805635931
 20
289.457196425107
 10
383.47067459204
 20
289.43128437834923
 10
383.2827174528752
 20
289.39500751288836
 10
383.11270914609867
 20
289.34836582872435
 10
382.9606496717104
 20
289.2913593258573
 10
382.82653902971055
 20
289.2239880042871
 10
382.7103772200989
 20
289.14625186401383
 10
382.52279928161835
 20
288.97333635199135
 10
382.3888150398465
 20
288.7862640144231
 10
382.3084244947834
 20
288.5850348513092
 10
382.28162764642906
 20
288.36964886264957
 10
382.2927508665007
 20
288.23161981357896
 10
382.32612052671556
 20
288.10066917728125
 10
382.3817366270737
 20
287.9767969537563
 10
382.45959916757505
 20
287.8600031430043
 10
382.5612249509567
 20
287.7477597404634
 10
382.6881307799557
 20
287.64562835616937
 10
382.840316654572
 20
287.5536089901223
 10
383.0177825748056
 20
287.47170164232216
 10
383.08565949728813
 20
287.4481911998981
 10
383.18008046766886
 20
287.41810794561343
 10
383.3010454859477
 20
287.38145187946833
 10
383.44855455212485
 20
287.33822300146267
 10
383.6226076662001
 20
287.28842131159655
 10
383.82320482817363
 20
287.2320468098699
 10
384.0503460380453
 20
287.1690994962828
 10
384.30403129581515
 20
287.09957937083516
 10
384.6757111665039
 20
286.99877518893607
 10
385.0181925845046
 20
286.9026478154762
 10
385.3314755498173
 20
286.8111972504555
 10
385.615560062442
 20
286.72442349387404
 10
385.8704461223787
 20
286.64232654573175
 10
386.0961337296274
 20
286.5649064060287
 10
386.29262288418806
 20
286.49216307476485
 10
386.45991358606074
 20
286.4240965519402
 10
386.74886450746675
 20
286.27772508781584
 10
387.0049513695703
 20
286.10152316986307
 10
387.22817417237127
 20
285.8954907980819
 10
387.4185329158697
 20
285.65962797247226
 10
387.570718790486
 20
285.393681892578
 10
387.67942298664053
 20
285.0973997579429
 10
387.7446455043332
 20
284.7707815685671
 10
387.76638634356414
 20
284.41382732445044
 10
387.73984229566594
 20
284.05510347714056
 10
387.66021015197134
 20
283.70699724899
 10
387.5274899124804
 20
283.3695086399986
 10
387.34168157719307
 20
283.0426376501666
 10
387.1058187515834
 20
282.7392771027587
 10
386.82293504112556
 20
282.4723198210398
 10
386.49303044581944
 20
282.2417658050098
 10
386.1161049656651
 20
282.0476150546687
 10
385.70252341936566
 20
281.8936595768592
 10
385.26265062562413
 20
281.7836913784238
 10
384.7964865844407
 20
281.7177104593626
 10
384.30403129581515
 20
281.6957168196755
 10
383.89784416285875
 20
281.70658723929097
 10
383.5165578748354
 20
281.7391984981373
 10
383.1601724317452
 20
281.7935505962146
 10
382.828687833588
 20
281.8696435335227
 10
382.5221040803639
 20
281.9674773100618
 10
382.24042117207284
 20
282.0870519258317
 10
381.98363910871484
 20
282.2283673808326
 10
381.7517578902899
 20
282.39142367506435
 10
381.5422495122363
 20
282.57584160784273
 10
381.35258596999233
 20
282.7812419784835
 10
381.18276726355793
 20
283.00762478698664
 10
381.0327933929332
 20
283.2549900333522
 10
380.902664358118
 20
283.5233377175801
 10
380.7923801591124
 20
283.8126678396704
 10
380.7019407959164
 20
284.1229803996231
 10
380.63134626853
 20
284.45427539743815
  0
LWPOLYLINE
  5
84
330
17
100
AcDbEntity
  8
line engraving
 62
1
420
16711680
100
AcDbPolyline
 90
57
 70
0
 10
394.10055457344134
 20
281.8898675700166
 10
394.10055457344134
 20
293.7492425700166
 10
395.5566852009993
 20
293.7492425700166
 10
395.5566852009993
 20
289.49410529170825
 10
395.8198504758757
 20
289.770921791218
 10
396.09970058085946
 20
290.01082942412637
 10
396.3962355159507
 20
290.2138281904335
 10
396.7094552811494
 20
290.37991809013937
 10
397.03935987645553
 20
290.5090991232439
 10
397.38594930186906
 20
290.60137128974714
 10
397.74922355739005
 20
290.6567345896491
 10
398.12918264301845
 20
290.6751890229497
 10
398.5907962759908
 20
290.65167858052564
 10
399.0210626523977
 20
290.5811472532533
 10
399.4199817722391
 20
290.46359504113275
 10
399.787553635515
 20
290.29902194416394
 10
400.11442462534706
 20
290.09298957238275
 10
400.3912411248568
 20
289.8510595358249
 10
400.6180031340442
 20
289.57323183449046
 10
400.7947106529093
 20
289.25950646837947
 10
400.86581078120804
 20
289.0843157522514
 10
400.92743089240025
 20
288.8904178023665
 10
400.979570986486
 20
288.67781261872483
 10
401.02223106346526
 20
288.4465002013263
 10
401.055411123338
 20
288.1964805501709
 10
401.0791111661042
 20
287.92775366525876
 10
401.093331191764
 20
287.64031954658975
 10
401.09807120031724
 20
287.33417819416394
 10
401.09807120031724
 20
281.8898675700166
 10
399.6419405727592
 20
281.8898675700166
 10
399.6419405727592
 20
287.33417819416394
 10
399.6345461594161
 20
287.5979122700667
 10
399.61236291938695
 20
287.8430655124407
 10
399.5753908526716
 20
288.069637921286
 10
399.5236299592701
 20
288.2776294966026
 10
399.4570802391825
 20
288.4670402383904
 10
399.3757416924088
 20
288.63787014664945
 10
399.27961431894886
 20
288.79011922137977
 10
399.16869811880287
 20
288.9237874625814
 10
398.9075552475759
 20
289.14144865534655
 10
398.5973690878513
 20
289.2969209358931
 10
398.23813963962914
 20
289.390204304221
 10
397.8298669029093
 20
289.42129876033033
 10
397.5110855276748
 20
289.400316322468
 10
397.2019105697749
 20
289.33736900888084
 10
396.9023420292096
 20
289.23245681956894
 10
396.61237990597886
 20
289.08557975453226
 10
396.3476978283655
 20
288.902805024719
 10
396.12396942465216
 20
288.6901998410773
 10
395.9411946948389
 20
288.4477642036071
 10
395.79937363892566
 20
288.1754981123085
 10
395.69319744733286
 20
287.86101434482896
 10
395.6173573104809
 20
287.491925678816
 10
395.5718532283697
 20
287.0682321142696
 10
395.5566852009993
 20
286.5899336511898
 10
395.5566852009993
 20
281.8898675700166
 10
394.10055457344134
 20
281.8898675700166
  0
LWPOLYLINE
  5
85
330
17
100
AcDbEntity
  8
line engraving
 62
1
420
16711680
100
AcDbPolyline
 90
22
 70
0
 10
403.69483748612896
 20
281.8898675700166
 10
403.69483748612896
 20
283.5482385625132
 10
405.3532084786255
 20
283.5482385625132
 10
405.3532084786255
 20
281.8898675700166
 10
405.33298444213165
 20
281.4547979849424
 10
405.2723123326501
 20
281.06371567924236
 10
405.17119215018073
 20
280.7166206529165
 10
405.0296238947237
 20
280.41351290596475
 10
404.84406835989256
 20
280.148325227439
 10
404.61098633930084
 20
279.9149904063911
 10
404.3303778329485
 20
279.71350844282097
 10
404.0022428408356
 20
279.5438793367287
 10
403.5977621109584
 20
280.1667796607396
 10
403.81314809961805
 20
280.2797814646491
 10
403.9981980335369
 20
280.4165465114388
 10
404.1529119127149
 20
280.57707480110884
 10
404.27728973715216
 20
280.76136633365917
 10
404.37436511232266
 20
280.9790275264243
 10
404.4471716437006
 20
281.23966479673896
 10
404.4957093312858
 20
281.54327814460305
 10
404.51997817507845
 20
281.8898675700166
 10
403.69483748612896
 20
281.8898675700166
  0
LWPOLYLINE
  5
86
330
17
100
AcDbEntity
  8
line engraving
 62
1
420
16711680
100
AcDbPolyline
 90
5
 70
0
 10
407.92570592064465
 20
292.0746923483249
 10
407.92570592064465
 20
293.7492425700166
 10
409.3818365482026
 20
293.7492425700166
 10
409.3818365482026
 20
292.0746923483249
 10
407.92570592064465
 20
292.0746923483249
  0
LWPOLYLINE
  5
87
330
17
100
AcDbEntity
  8
line engraving
 62
1
420
16711680
100
AcDbPolyline
 90
5
 70
0
 10
407.92570592064465
 20
281.8898675700166
 10
407.92570592064465
 20
290.48103827260866
 10
409.3818365482026
 20
290.48103827260866
 10
409.3818365482026
 20
281.8898675700166
 10
407.92570592064465
 20
281.8898675700166
  0
LWPOLYLINE
  5
88
330
17
100
AcDbEntity
  8
line engraving
 62
1
420
16711680
100
AcDbPolyline
 90
22
 70
0
 10
411.97860283401434
 20
281.8898675700166
 10
411.97860283401434
 20
283.5482385625132
 10
413.63697382651094
 20
283.5482385625132
 10
413.63697382651094
 20
281.8898675700166
 10
413.6167497900171
 20
281.4547979849424
 10
413.5560776805355
 20
281.06371567924236
 10
413.45495749806616
 20
280.7166206529165
 10
413.31338924260916
 20
280.41351290596475
 10
413.127833707778
 20
280.148325227439
 10
412.8947516871863
 20
279.9149904063911
 10
412.61414318083393
 20
279.71350844282097
 10
412.28600818872104
 20
279.5438793367287
 10
411.88152745884383
 20
280.1667796607396
 10
412.0969134475034
 20
280.2797814646491
 10
412.28196338142226
 20
280.4165465114388
 10
412.4366772606003
 20
280.57707480110884
 10
412.56105508503754
 20
280.76136633365917
 10
412.6581304602081
 20
280.9790275264243
 10
412.73093699158596
 20
281.23966479673896
 10
412.77947467917124
 20
281.54327814460305
 10
412.8037435229639
 20
281.8898675700166
 10
411.97860283401434
 20
281.8898675700166
  0
LWPOLYLINE
  5
89
330
17
100
AcDbEntity
  8
line engraving
 62
1
420
16711680
100
AcDbPolyline
 90
105
 70
0
 10
415.9344243722135
 20
281.17798148543267
 10
417.3501069267838
 20
280.9676515058965
 10
417.4143182426518
 20
280.6622685548392
 10
417.5179664296828
 20
280.4013784840684
 10
417.6610514878769
 20
280.1849812935841
 10
417.843573417234
 20
280.01307698338627
 10
418.1393499509567
 20
279.836116664065
 10
418.48467537408936
 20
279.70971643597835
 10
418.879549686632
 20
279.63387629912637
 10
419.3239728885846
 20
279.60859625350906
 10
419.8007545489274
 20
279.63387629912637
 10
420.2198977052626
 20
279.70971643597835
 10
420.5814023575904
 20
279.836116664065
 10
420.88526850591063
 20
280.01307698338627
 10
421.13806896208393
 20
280.23554138481876
 10
421.3463765379707
 20
280.49845385923896
 10
421.51019123357094
 20
280.8018144066469
 10
421.62951304888475
 20
281.1456230270425
 10
421.65593069655483
 20
281.2721496553572
 10
421.67855633738236
 20
281.4292651388689
 10
421.6973899713673
 20
281.6169694775775
 10
421.71243159850957
 20
281.8352626714832
 10
421.72368121880925
 20
282.08414472058575
 10
421.73113883226637
 20
282.36361562488526
 10
421.7348044388809
 20
282.6736753843818
 10
421.7346780386528
 20
283.01432399907526
 10
421.48870319479624
 20
282.7507795235146
 10
421.2280659244816
 20
282.5223743113621
 10
420.95276622770893
 20
282.3291083626176
 10
420.6628041044782
 20
282.17098167728125
 10
420.3581795547894
 20
282.04799425535293
 10
420.03889257864256
 20
281.9601460968328
 10
419.7049431760377
 20
281.9074372017206
 10
419.3563313469748
 20
281.8898675700166
 10
418.92593857033984
 20
281.90983880605427
 10
418.52057303886596
 20
281.96975251416734
 10
418.1402347525533
 20
282.06960869435574
 10
417.7849237114018
 20
282.20940734661957
 10
417.4546399154114
 20
282.38914847095873
 10
417.1493833645822
 20
282.6088320673733
 10
416.86915405891415
 20
282.86845813586325
 10
416.61395199840723
 20
283.16802667642855
 10
416.3864315878513
 20
283.495529667401
 10
416.18924723203617
 20
283.8389590871124
 10
416.0223989309618
 20
284.1983149355627
 10
415.88588668462825
 20
284.5735972127519
 10
415.77971049303545
 20
284.96480591868004
 10
415.7038703561835
 20
285.3719410533471
 10
415.6583662740723
 20
285.79500261675304
 10
415.6431982467019
 20
286.2339906088979
 10
415.67100629688093
 20
286.8369196968711
 10
415.75443044741814
 20
287.4160855419641
 10
415.8934706983134
 20
287.9714881441767
 10
416.0881270495669
 20
288.50312750350906
 10
416.3356186961605
 20
288.99330758802904
 10
416.6331648330764
 20
289.42433236580445
 10
416.9807654603147
 20
289.7962018368353
 10
417.3784205778752
 20
290.1089160011216
 10
417.8195573738975
 20
290.3566604481714
 10
418.29760303652114
 20
290.5336207674927
 10
418.8125575657461
 20
290.63979695908546
 10
419.3644209615723
 20
290.6751890229497
 10
419.7362904326032
 20
290.65597618828053
 10
420.0914750735266
 20
290.5983376842731
 10
420.4299748843426
 20
290.50227351092724
 10
420.75178986505114
 20
290.367783668243
 10
421.0569200156523
 20
290.19486815622054
 10
421.34536533614596
 20
289.98352697485967
 10
421.61712582653223
 20
289.7337601241605
 10
421.87220148681104
 20
289.44556760412297
 10
421.87220148681104
 20
290.48103827260866
 10
423.2150775100034
 20
290.48103827260866
 10
423.2150775100034
 20
283.054772072063
 10
423.20869429848506
 20
282.57148079997376
 10
423.18954466392995
 20
282.1247191938015
 10
423.15762860633805
 20
281.7144872535464
 10
423.1129461257094
 20
281.34078497920825
 10
423.05549722204404
 20
281.00361237078715
 10
422.9852818953419
 20
280.7029694282831
 10
422.9023001456031
 20
280.4388561516961
 10
422.80655197282744
 20
280.2112725410261
 10
422.572458750411
 20
279.81462862529025
 10
422.27870462033763
 20
279.46197198892855
 10
421.92528958260743
 20
279.153302631941
 10
421.5122136372203
 20
278.88862055432764
 10
421.04377439193127
 20
278.6762681711421
 10
420.5242694544952
 20
278.5245878974381
 10
419.9536988249122
 20
278.43357973321577
 10
419.33206250318216
 20
278.40324367847495
 10
418.9570330264491
 20
278.4140508979764
 10
418.6004579830167
 20
278.44647255648056
 10
418.262337372885
 20
278.5005086539876
 10
417.9426711960539
 20
278.5761591904975
 10
417.64145945252346
 20
278.67342416601014
 10
417.3587021422937
 20
278.7923035805256
 10
417.09439926536453
 20
278.9327974340439
 10
416.848550821736
 20
279.094905726565
 10
416.6272240223563
 20
279.27875485831703
 10
416.4364860781736
 20
279.484471229528
 10
416.2763369891878
 20
279.712054840198
 10
416.14677675539906
 20
279.96150569032693
 10
416.0478053768072
 20
280.2328237799149
 10
415.97942285341236
 20
280.52600910896183
 10
415.9416291852145
 20
280.84106167746774
 10
415.9344243722135
 20
281.17798148543267
  0
LWPOLYLINE
  5
8A
330
17
100
AcDbEntity
  8
line engraving
 62
1
420
16711680
100
AcDbPolyline
 90
65
 70
0
 10
417.13977694724764
 20
286.33915559866597
 10
417.1502681661788
 20
285.9307564617181
 10
417.1817418229724
 20
285.55092377631775
 10
417.23419791762836
 20
285.199657542465
 10
417.3076364501467
 20
284.8769577601598
 10
417.4020574205274
 20
284.58282442940225
 10
417.5174608287705
 20
284.31725755019227
 10
417.653846674876
 20
284.0802571225298
 10
417.81121495884383
 20
283.87182314641495
 10
417.9843832713225
 20
283.6898068179702
 10
418.1681692029605
 20
283.5320593333181
 10
418.3625727537577
 20
283.3985806924586
 10
418.5675939237142
 20
283.28937089539176
 10
418.78323271283
 20
283.20442994211754
 10
419.00948912110505
 20
283.14375783263597
 10
419.2463631485394
 20
283.107354566947
 10
419.493854795133
 20
283.0952201450507
 10
419.7395768385334
 20
283.10729136683295
 10
419.9751868636869
 20
283.1435050321798
 10
420.2006848705935
 20
283.2038611410911
 10
420.41607085925307
 20
283.28835969356703
 10
420.62134482966576
 20
283.3970006896075
 10
420.81650678183155
 20
283.52978412921254
 10
421.0015567157503
 20
283.6867100123821
 10
421.17649463142226
 20
283.86777833911617
 10
421.3357589188114
 20
284.07463231237995
 10
421.473787967882
 20
284.30891513513853
 10
421.59058177863403
 20
284.5706268073919
 10
421.68614035106754
 20
284.85976732914
 10
421.76046368518246
 20
285.176336700383
 10
421.81355178097886
 20
285.52033492112076
 10
421.84540463845667
 20
285.89176199135335
 10
421.85602225761596
 20
286.2906179110807
 10
421.8450886378865
 20
286.67285220081465
 10
421.81228777869796
 20
287.030817646756
 10
421.75761968005054
 20
287.3645142489047
 10
421.6810843419441
 20
287.6739420072608
 10
421.5826817643786
 20
287.9591009218242
 10
421.4624119473542
 20
288.219990992595
 10
421.3202748908708
 20
288.4566122195732
 10
421.1562705949284
 20
288.6689646027587
 10
420.97684547115944
 20
288.8566689414674
 10
420.7884459311963
 20
289.01934603501485
 10
420.59107197503903
 20
289.1569958834012
 10
420.3847236026876
 20
289.26961848662637
 10
420.169400814142
 20
289.3572138446904
 10
419.9451036094023
 20
289.41978195759333
 10
419.7118319884684
 20
289.45732282533504
 10
419.4695859513404
 20
289.4698364479156
 10
419.2314479216252
 20
289.4575124256772
 10
419.0024107083322
 20
289.42054035896183
 10
418.7824743114615
 20
289.3589202477696
 10
418.57163873101297
 20
289.2726520921005
 10
418.3699039669867
 20
289.16173589195444
 10
418.1772700193827
 20
289.0261716473315
 10
417.9937368882009
 20
288.86595935823175
 10
417.81930457344134
 20
288.68109902465505
 10
417.6600402860522
 20
288.4719698472857
 10
417.5220112369816
 20
288.238951026808
 10
417.40521742622957
 20
287.98204256322197
 10
417.30965885379607
 20
287.7012444565275
 10
417.23533551968114
 20
287.3965567067247
 10
417.18224742388475
 20
287.0679793138135
 10
417.15039456640693
 20
286.7155122777939
 10
417.13977694724764
 20
286.33915559866597
  0
LWPOLYLINE
  5
8B
330
17
100
AcDbEntity
  8
cut
 62
5
420
255
100
AcDbPolyline
 90
3
 70
1
 10
662.0486377639595
 20
399.1986735403159
 10
802.7416560126189
 20
306.1638358484349
 10
576.5331997186562
 20
306.1638358484349
  0
CIRCLE
  5
8C
330
17
100
AcDbEntity
  8
cut
 62
5
420
255
100
AcDbCircle
 10
657.26635061052
 20
438.3268284805033
 30
0.0
 40
4.4
  0
LWPOLYLINE
  5
8D
330
17
100
AcDbEntity
  8
cut
 62
5
420
255
100
AcDbPolyline
 90
2
 70
1
 10
516.3944122454209
 20
285.02205130465313
 42
0.9972646038391172
 10
500.1556363190536
 20
267.35010079662584
 42
0.9972646038394608
  0
LWPOLYLINE
  5
8E
330
17
100
AcDbEntity
  8
cut
 62
5
420
255
100
AcDbPolyline
 90
7
 70
1
 10
635.1793598438218
 20
458.6286717187834
 10
486.16383047495117
 20
296.51015949110683
 42
0.4145782399340892
 10
487.9764904092237
 20
254.09606830522785
 42
0.188241269212927
 10
508.29922732281307
 20
246.16383584843493
 10
902.499227322813
 20
246.16383584843493
 42
0.743511322855691
 10
919.046471468981
 20
301.1875987782407
 10
673.8135947566523
 20
463.35059141033264
 42
0.3683575668124177
  0
CIRCLE
  5
8F
330
17
100
AcDbEntity
  8
cut
 62
5
420
255
100
AcDbCircle
 10
902.4992273228133
 20
276.1638358484349
 30
0.0
 40
4.4
  0
LWPOLYLINE
  5
90
330
17
100
AcDbEntity
  8
line engraving
 62
1
420
16711680
100
AcDbPolyline
 90
7
 70
0
 10
811.1932534374167
 20
281.8898675700166
 10
811.1932534374167
 20
293.7492425700166
 10
812.7626386693403
 20
293.7492425700166
 10
812.7626386693403
 20
283.28937089539176
 10
818.6033404087674
 20
283.28937089539176
 10
818.6033404087674
 20
281.8898675700166
 10
811.1932534374167
 20
281.8898675700166
  0
LWPOLYLINE
  5
91
330
17
100
AcDbEntity
  8
line engraving
 62
1
420
16711680
100
AcDbPolyline
 90
5
 70
0
 10
820.2940698596541
 20
292.0746923483249
 10
820.2940698596541
 20
293.7492425700166
 10
821.750200487212
 20
293.7492425700166
 10
821.750200487212
 20
292.0746923483249
 10
820.2940698596541
 20
292.0746923483249
  0
LWPOLYLINE
  5
92
330
17
100
AcDbEntity
  8
line engraving
 62
1
420
16711680
100
AcDbPolyline
 90
5
 70
0
 10
820.2940698596541
 20
281.8898675700166
 10
820.2940698596541
 20
290.48103827260866
 10
821.750200487212
 20
290.48103827260866
 10
821.750200487212
 20
281.8898675700166
 10
820.2940698596541
 20
281.8898675700166
  0
LWPOLYLINE
  5
93
330
17
100
AcDbEntity
  8
line engraving
 62
1
420
16711680
100
AcDbPolyline
 90
61
 70
0
 10
823.9667548869393
 20
281.8898675700166
 10
823.9667548869393
 20
290.48103827260866
 10
825.2772724517414
 20
290.48103827260866
 10
825.2772724517414
 20
289.25950646837947
 10
825.5270393024406
 20
289.59130706710687
 10
825.8030974005818
 20
289.87886758600393
 10
826.1054467461651
 20
290.1221880250707
 10
826.4340873391902
 20
290.32126838430713
 10
826.7890191796575
 20
290.47610866371326
 10
827.1702422675668
 20
290.58670886328906
 10
827.5777566029182
 20
290.6530689830346
 10
828.0115621857115
 20
290.6751890229497
 10
828.3920268722522
 20
290.65774579147376
 10
828.7568179305102
 20
290.6054160970459
 10
829.1059353604854
 20
290.51819993966615
 10
829.4393791621779
 20
290.39609731933444
 10
829.7445093127791
 20
290.2456810479114
 10
830.0086857894802
 20
290.0735239372574
 10
830.2319085922811
 20
289.8796259873725
 10
830.4141777211821
 20
289.6639871982567
 10
830.5638355912366
 20
289.42686037036617
 10
830.6892246174986
 20
289.1684983041571
 10
830.7903447999679
 20
288.88890099962947
 10
830.8671961386445
 20
288.5880684567833
 10
830.9025882025088
 20
288.34790802341865
 10
830.9278682481261
 20
288.0319074532021
 10
830.9430362754965
 20
287.6400667461336
 10
830.94809228462
 20
287.172385902213
 10
830.94809228462
 20
281.8898675700166
 10
829.491961657062
 20
281.8898675700166
 10
829.491961657062
 20
287.11575860003023
 10
829.4813440379028
 20
287.5326265522599
 10
829.449491180425
 20
287.89337280321917
 10
829.3964030846286
 20
288.1979973529079
 10
829.3220797505136
 20
288.4465002013263
 10
829.2207067675881
 20
288.65581897903775
 10
829.0864697253601
 20
288.8428913166059
 10
828.9193686238295
 20
289.0077172140309
 10
828.7194034629965
 20
289.1502966713126
 10
828.4936526556338
 20
289.2653208788715
 10
828.2491946145143
 20
289.34748102712774
 10
827.9860293396379
 20
289.3967771160816
 10
827.7041568310048
 20
289.4132091457328
 10
827.4755620185101
 20
289.4039819290825
 10
827.2549304203849
 20
289.3763002791315
 10
827.042262036629
 20
289.3301641958799
 10
826.8375568672427
 20
289.26557367932764
 10
826.6408149122259
 20
289.1825287294747
 10
826.4520361715786
 20
289.08102934632115
 10
826.2712206453007
 20
288.96107552986695
 10
826.0983683333922
 20
288.82266728011206
 10
825.9400520477136
 20
288.6584733838275
 10
825.8028446001256
 20
288.4611626277843
 10
825.6867459906281
 20
288.2307350119824
 10
825.591756219221
 20
287.96719053642175
 10
825.5178752859043
 20
287.67052920110245
 10
825.4651031906782
 20
287.34075100602445
 10
825.4334399335424
 20
286.97785595118773
 10
825.4228855144972
 20
286.5818440365923
 10
825.4228855144972
 20
281.8898675700166
 10
823.9667548869393
 20
281.8898675700166
  0
LWPOLYLINE
  5
94
330
17
100
AcDbEntity
  8
line engraving
 62
1
420
16711680
100
AcDbPolyline
 90
13
 70
0
 10
833.1889155281398
 20
281.8898675700166
 10
833.1889155281398
 20
293.7492425700166
 10
834.6450461556977
 20
293.7492425700166
 10
834.6450461556977
 20
286.9863247664695
 10
838.0912219742517
 20
290.48103827260866
 10
839.9761021754795
 20
290.48103827260866
 10
836.6917186488765
 20
287.29373012117617
 10
840.3077763739788
 20
281.8898675700166
 10
838.5118819333239
 20
281.8898675700166
 10
835.6724272095859
 20
286.2825282964832
 10
834.6450461556977
 20
285.2955953155827
 10
834.6450461556977
 20
281.8898675700166
 10
833.1889155281398
 20
281.8898675700166
  0
LWPOLYLINE
  5
95
330
17
100
AcDbEntity
  8
line engraving
 62
1
420
16711680
100
AcDbPolyline
 90
159
 70
0
 10
840.8821390104044
 20
284.45427539743815
 10
842.3220904087674
 20
284.68078460616937
 10
842.4098121670595
 20
284.27327027081805
 10
842.5516332229727
 20
283.91631602670145
 10
842.747553576507
 20
283.6099218738194
 10
842.9975732276623
 20
283.3540878121721
 10
843.3021977773511
 20
283.1523530481458
 10
843.6619328264857
 20
283.0082567881271
 10
844.0767783750659
 20
282.9217990321158
 10
844.5467344230921
 20
282.89297978011206
 10
844.7894228610184
 20
282.8993629916304
 10
845.0159320697496
 20
282.91851262618553
 10
845.2262620492858
 20
282.95042868377743
 10
845.4204127996268
 20
282.99511116440607
 10
845.5983843207728
 20
283.05256006807144
 10
845.7601766127236
 20
283.12277539477356
 10
845.9057896754795
 20
283.2057571445124
 10
846.0352235090402
 20
283.30150531728805
 10
846.2475758922258
 20
283.5146161018421
 10
846.3992561659297
 20
283.7454229183283
 10
846.4902643301521
 20
283.99392576674666
 10
846.5206003848929
 20
284.2601246470971
 10
846.4938035365385
 20
284.4937122686012
 10
846.4134129914754
 20
284.7010086426633
 10
846.2794287497036
 20
284.88201376928333
 10
846.091850811223
 20
285.03672764846135
 10
846.0031178511063
 20
285.08690853901174
 10
845.8865768408103
 20
285.14037583549236
 10
845.7422277803354
 20
285.19712953790327
 10
845.5700706696814
 20
285.2571696462444
 10
845.3701055088484
 20
285.3204961605158
 10
845.1423322978363
 20
285.3871090807175
 10
844.8867510366451
 20
285.4570084068494
 10
844.6033617252749
 20
285.53019413891155
 10
844.218283430409
 20
285.6296079183017
 10
843.8639203909681
 20
285.72560889153345
 10
843.5402726069523
 20
285.8181970586069
 10
843.2473400783615
 20
285.90737241952206
 10
842.9851228051958
 20
285.9931349742788
 10
842.7536207874551
 20
286.07548472287726
 10
842.5528340251395
 20
286.15442166531733
 10
842.3827625182489
 20
286.2299458015991
 10
842.0920419936497
 20
286.39173809355
 10
841.838735936564
 20
286.5818440365923
 10
841.6228443469921
 20
286.80026363072596
 10
841.4443672249338
 20
287.0469968759511
 10
841.30456857267
 20
287.3147125590386
 10
841.2047123924815
 20
287.5960794667594
 10
841.1447986843684
 20
287.8910975991136
 10
841.1248274483307
 20
288.19976695610114
 10
841.141259477982
 20
288.48163946473437
 10
841.1905555669358
 20
288.75289435420825
 10
841.2727157151921
 20
289.0135316245229
 10
841.3877399227509
 20
289.26355127567825
 10
841.5310777814012
 20
289.49789729855087
 10
841.6981788829318
 20
289.7115136840173
 10
841.8890432273425
 20
289.90440043207747
 10
842.1036708146337
 20
290.07655754273145
 10
842.2889735490087
 20
290.1971433603261
 10
842.5051179390368
 20
290.3081227605861
 10
842.752103984718
 20
290.4094957435116
 10
843.0299316860525
 20
290.5012623091025
 10
843.328489024793
 20
290.57735524641066
 10
843.637663982693
 20
290.63170734448795
 10
843.9574565597521
 20
290.66431860333427
 10
844.2878667559706
 20
290.6751890229497
 10
844.7780468404906
 20
290.65698739010526
 10
845.2373852693573
 20
290.6023824915718
 10
845.6658820425711
 20
290.5113743273495
 10
846.0635371601315
 20
290.38396289743815
 10
846.4207442047044
 20
290.2254570114175
 10
846.7278967589549
 20
290.0411654788672
 10
846.9849948228831
 20
289.8310882997872
 10
847.192038396489
 20
289.59522547417754
 10
847.3598978993881
 20
289.3254873874407
 10
847.4994437511957
 20
289.01378442497906
 10
847.610675951912
 20
288.6601165867927
 10
847.6935945015368
 20
288.2644838728815
 10
846.269822332369
 20
288.07033312254043
 10
846.1982798032719
 20
288.38380568819525
 10
846.0807275911513
 20
288.66087498816114
 10
845.9171656960073
 20
288.9015410224381
 10
845.7075941178397
 20
289.1058037910261
 10
845.4510016548238
 20
289.2686072848017
 10
845.146377105135
 20
289.3848954946414
 10
844.7937204687734
 20
289.45466842054526
 10
844.3930317457387
 20
289.4779260625132
 10
844.151228109409
 20
289.4727436531616
 10
843.9273733054675
 20
289.457196425107
 10
843.7214673339145
 20
289.43128437834923
 10
843.5335101947496
 20
289.39500751288836
 10
843.3635018879731
 20
289.34836582872435
 10
843.2114424135849
 20
289.2913593258573
 10
843.077331771585
 20
289.2239880042871
 10
842.9611699619734
 20
289.14625186401383
 10
842.7735920234928
 20
288.97333635199135
 10
842.639607781721
 20
288.7862640144231
 10
842.5592172366579
 20
288.5850348513092
 10
842.5324203883035
 20
288.36964886264957
 10
842.5435436083751
 20
288.23161981357896
 10
842.57691326859
 20
288.10066917728125
 10
842.6325293689481
 20
287.9767969537563
 10
842.7103919094495
 20
287.8600031430043
 10
842.8120176928311
 20
287.7477597404634
 10
842.9389235218301
 20
287.64562835616937
 10
843.0911093964464
 20
287.5536089901223
 10
843.2685753166801
 20
287.47170164232216
 10
843.3364522391626
 20
287.4481911998981
 10
843.4308732095433
 20
287.41810794561343
 10
843.5518382278221
 20
287.38145187946833
 10
843.6993472939993
 20
287.33822300146267
 10
843.8734004080745
 20
287.28842131159655
 10
844.073997570048
 20
287.2320468098699
 10
844.3011387799197
 20
287.1690994962828
 10
844.5548240376896
 20
287.09957937083516
 10
844.9265039083783
 20
286.99877518893607
 10
845.268985326379
 20
286.9026478154762
 10
845.5822682916918
 20
286.8111972504555
 10
845.8663528043164
 20
286.72442349387404
 10
846.1212388642532
 20
286.64232654573175
 10
846.3469264715018
 20
286.5649064060287
 10
846.5434156260625
 20
286.49216307476485
 10
846.7107063279351
 20
286.4240965519402
 10
846.9996572493411
 20
286.27772508781584
 10
847.2557441114446
 20
286.10152316986307
 10
847.4789669142457
 20
285.8954907980819
 10
847.6693256577441
 20
285.65962797247226
 10
847.8215115323604
 20
285.393681892578
 10
847.9302157285149
 20
285.0973997579429
 10
847.9954382462076
 20
284.7707815685671
 10
848.0171790854386
 20
284.41382732445044
 10
847.9906350375404
 20
284.05510347714056
 10
847.9110028938458
 20
283.70699724899
 10
847.7782826543548
 20
283.3695086399986
 10
847.5924743190675
 20
283.0426376501666
 10
847.3566114934579
 20
282.7392771027587
 10
847.073727783
 20
282.4723198210398
 10
846.7438231876938
 20
282.2417658050098
 10
846.3668977075395
 20
282.0476150546687
 10
845.9533161612401
 20
281.8936595768592
 10
845.5134433674986
 20
281.7836913784238
 10
845.0472793263151
 20
281.7177104593626
 10
844.5548240376896
 20
281.6957168196755
 10
844.1486369047333
 20
281.70658723929097
 10
843.7673506167099
 20
281.7391984981373
 10
843.4109651736196
 20
281.7935505962146
 10
843.0794805754624
 20
281.8696435335227
 10
842.7728968222383
 20
281.9674773100618
 10
842.4912139139473
 20
282.0870519258317
 10
842.2344318505893
 20
282.2283673808326
 10
842.0025506321643
 20
282.39142367506435
 10
841.7930422541108
 20
282.57584160784273
 10
841.6033787118668
 20
282.7812419784835
 10
841.4335600054324
 20
283.00762478698664
 10
841.2835861348076
 20
283.2549900333522
 10
841.1534570999924
 20
283.5233377175801
 10
841.0431729009867
 20
283.8126678396704
 10
840.9527335377908
 20
284.1229803996231
 10
840.8821390104044
 20
284.45427539743815
  0
LWPOLYLINE
  5
96
330
17
100
AcDbEntity
  8
line engraving
 62
1
420
16711680
100
AcDbPolyline
 90
57
 70
0
 10
854.3513473153158
 20
281.8898675700166
 10
854.3513473153158
 20
293.7492425700166
 10
855.8074779428738
 20
293.7492425700166
 10
855.8074779428738
 20
289.49410529170825
 10
856.0706432177501
 20
289.770921791218
 10
856.3504933227339
 20
290.01082942412637
 10
856.6470282578251
 20
290.2138281904335
 10
856.9602480230238
 20
290.37991809013937
 10
857.2901526183299
 20
290.5090991232439
 10
857.6367420437434
 20
290.60137128974714
 10
858.0000162992644
 20
290.6567345896491
 10
858.3799753848929
 20
290.6751890229497
 10
858.8415890178652
 20
290.65167858052564
 10
859.2718553942722
 20
290.5811472532533
 10
859.6707745141135
 20
290.46359504113275
 10
860.0383463773894
 20
290.29902194416394
 10
860.3652173672215
 20
290.09298957238275
 10
860.6420338667313
 20
289.8510595358249
 10
860.8687958759186
 20
289.57323183449046
 10
861.0455033947837
 20
289.25950646837947
 10
861.1166035230825
 20
289.0843157522514
 10
861.1782236342747
 20
288.8904178023665
 10
861.2303637283604
 20
288.67781261872483
 10
861.2730238053397
 20
288.4465002013263
 10
861.3062038652124
 20
288.1964805501709
 10
861.3299039079786
 20
287.92775366525876
 10
861.3441239336385
 20
287.64031954658975
 10
861.3488639421917
 20
287.33417819416394
 10
861.3488639421917
 20
281.8898675700166
 10
859.8927333146337
 20
281.8898675700166
 10
859.8927333146337
 20
287.33417819416394
 10
859.8853389012907
 20
287.5979122700667
 10
859.8631556612614
 20
287.8430655124407
 10
859.826183594546
 20
288.069637921286
 10
859.7744227011447
 20
288.2776294966026
 10
859.707872981057
 20
288.4670402383904
 10
859.6265344342833
 20
288.63787014664945
 10
859.5304070608233
 20
288.79011922137977
 10
859.4194908606773
 20
288.9237874625814
 10
859.1583479894504
 20
289.14144865534655
 10
858.8481618297258
 20
289.2969209358931
 10
858.4889323815036
 20
289.390204304221
 10
858.0806596447837
 20
289.42129876033033
 10
857.7618782695492
 20
289.400316322468
 10
857.4527033116493
 20
289.33736900888084
 10
857.1531347710841
 20
289.23245681956894
 10
856.8631726478533
 20
289.08557975453226
 10
856.5984905702398
 20
288.902805024719
 10
856.3747621665266
 20
288.6901998410773
 10
856.1919874367132
 20
288.4477642036071
 10
856.0501663808001
 20
288.1754981123085
 10
855.9439901892073
 20
287.86101434482896
 10
855.8681500523553
 20
287.491925678816
 10
855.8226459702441
 20
287.0682321142696
 10
855.8074779428738
 20
286.5899336511898
 10
855.8074779428738
 20
281.8898675700166
 10
854.3513473153158
 20
281.8898675700166
  0
LWPOLYLINE
  5
97
330
17
100
AcDbEntity
  8
line engraving
 62
1
420
16711680
100
AcDbPolyline
 90
22
 70
0
 10
863.9456302280033
 20
281.8898675700166
 10
863.9456302280033
 20
283.5482385625132
 10
865.6040012205
 20
283.5482385625132
 10
865.6040012205
 20
281.8898675700166
 10
865.5837771840061
 20
281.4547979849424
 10
865.5231050745246
 20
281.06371567924236
 10
865.4219848920552
 20
280.7166206529165
 10
865.2804166365981
 20
280.41351290596475
 10
865.094861101767
 20
280.148325227439
 10
864.8617790811752
 20
279.9149904063911
 10
864.581170574823
 20
279.71350844282097
 10
864.25303558271
 20
279.5438793367287
 10
863.8485548528329
 20
280.1667796607396
 10
864.0639408414925
 20
280.2797814646491
 10
864.2489907754114
 20
280.4165465114388
 10
864.4037046545893
 20
280.57707480110884
 10
864.5280824790266
 20
280.76136633365917
 10
864.6251578541971
 20
280.9790275264243
 10
864.697964385575
 20
281.23966479673896
 10
864.7465020731603
 20
281.54327814460305
 10
864.7707709169529
 20
281.8898675700166
 10
863.9456302280033
 20
281.8898675700166
  0
LWPOLYLINE
  5
98
330
17
100
AcDbEntity
  8
line engraving
 62
1
420
16711680
100
AcDbPolyline
 90
5
 70
0
 10
868.1764986625191
 20
292.0746923483249
 10
868.1764986625191
 20
293.7492425700166
 10
869.632629290077
 20
293.7492425700166
 10
869.632629290077
 20
292.0746923483249
 10
868.1764986625191
 20
292.0746923483249
  0
LWPOLYLINE
  5
99
330
17
100
AcDbEntity
  8
line engraving
 62
1
420
16711680
100
AcDbPolyline
 90
5
 70
0
 10
868.1764986625191
 20
281.8898675700166
 10
868.1764986625191
 20
290.48103827260866
 10
869.632629290077
 20
290.48103827260866
 10
869.632629290077
 20
281.8898675700166
 10
868.1764986625191
 20
281.8898675700166
  0
LWPOLYLINE
  5
9A
330
17
100
AcDbEntity
  8
line engraving
 62
1
420
16711680
100
AcDbPolyline
 90
22
 70
0
 10
872.2293955758887
 20
281.8898675700166
 10
872.2293955758887
 20
283.5482385625132
 10
873.8877665683854
 20
283.5482385625132
 10
873.8877665683854
 20
281.8898675700166
 10
873.8675425318914
 20
281.4547979849424
 10
873.8068704224099
 20
281.06371567924236
 10
873.7057502399406
 20
280.7166206529165
 10
873.5641819844835
 20
280.41351290596475
 10
873.3786264496524
 20
280.148325227439
 10
873.1455444290607
 20
279.9149904063911
 10
872.8649359227084
 20
279.71350844282097
 10
872.5368009305954
 20
279.5438793367287
 10
872.1323202007183
 20
280.1667796607396
 10
872.3477061893778
 20
280.2797814646491
 10
872.5327561232966
 20
280.4165465114388
 10
872.6874700024747
 20
280.57707480110884
 10
872.811847826912
 20
280.76136633365917
 10
872.9089232020825
 20
280.9790275264243
 10
872.9817297334604
 20
281.23966479673896
 10
873.0302674210457
 20
281.54327814460305
 10
873.0545362648382
 20
281.8898675700166
 10
872.2293955758887
 20
281.8898675700166
  0
LWPOLYLINE
  5
9B
330
17
100
AcDbEntity
  8
line engraving
 62
1
420
16711680
100
AcDbPolyline
 90
105
 70
0
 10
876.1852171140879
 20
281.17798148543267
 10
877.6008996686583
 20
280.9676515058965
 10
877.6651109845262
 20
280.6622685548392
 10
877.7687591715572
 20
280.4013784840684
 10
877.9118442297513
 20
280.1849812935841
 10
878.0943661591084
 20
280.01307698338627
 10
878.3901426928311
 20
279.836116664065
 10
878.7354681159638
 20
279.70971643597835
 10
879.1303424285064
 20
279.63387629912637
 10
879.5747656304591
 20
279.60859625350906
 10
880.0515472908019
 20
279.63387629912637
 10
880.470690447137
 20
279.70971643597835
 10
880.8321950994648
 20
279.836116664065
 10
881.136061247785
 20
280.01307698338627
 10
881.3888617039584
 20
280.23554138481876
 10
881.597169279845
 20
280.49845385923896
 10
881.7609839754454
 20
280.8018144066469
 10
881.8803057907592
 20
281.1456230270425
 10
881.9067234384293
 20
281.2721496553572
 10
881.9293490792568
 20
281.4292651388689
 10
881.9481827132416
 20
281.6169694775775
 10
881.9632243403839
 20
281.8352626714832
 10
881.9744739606837
 20
282.08414472058575
 10
881.9819315741408
 20
282.36361562488526
 10
881.9855971807553
 20
282.6736753843818
 10
881.9854707805273
 20
283.01432399907526
 10
881.7394959366707
 20
282.7507795235146
 10
881.478858666356
 20
282.5223743113621
 10
881.2035589695834
 20
282.3291083626176
 10
880.9135968463527
 20
282.17098167728125
 10
880.6089722966639
 20
282.04799425535293
 10
880.289685320517
 20
281.9601460968328
 10
879.9557359179122
 20
281.9074372017206
 10
879.6071240888492
 20
281.8898675700166
 10
879.1767313122142
 20
281.90983880605427
 10
878.7713657807404
 20
281.96975251416734
 10
878.3910274944277
 20
282.06960869435574
 10
878.0357164532762
 20
282.20940734661957
 10
877.7054326572859
 20
282.38914847095873
 10
877.4001761064567
 20
282.6088320673733
 10
877.1199468007886
 20
282.86845813586325
 10
876.8647447402817
 20
283.16802667642855
 10
876.6372243297258
 20
283.495529667401
 10
876.4400399739106
 20
283.8389590871124
 10
876.2731916728362
 20
284.1983149355627
 10
876.1366794265027
 20
284.5735972127519
 10
876.0305032349099
 20
284.96480591868004
 10
875.954663098058
 20
285.3719410533471
 10
875.9091590159467
 20
285.79500261675304
 10
875.8939909885763
 20
286.2339906088979
 10
875.9217990387554
 20
286.8369196968711
 10
876.0052231892926
 20
287.4160855419641
 10
876.1442634401878
 20
287.9714881441767
 10
876.3389197914413
 20
288.50312750350906
 10
876.5864114380349
 20
288.99330758802904
 10
876.8839575749508
 20
289.42433236580445
 10
877.231558202189
 20
289.7962018368353
 10
877.6292133197496
 20
290.1089160011216
 10
878.0703501157719
 20
290.3566604481714
 10
878.5483957783956
 20
290.5336207674927
 10
879.0633503076206
 20
290.63979695908546
 10
879.6152137034468
 20
290.6751890229497
 10
879.9870831744777
 20
290.65597618828053
 10
880.3422678154011
 20
290.5983376842731
 10
880.6807676262171
 20
290.50227351092724
 10
881.0025826069256
 20
290.367783668243
 10
881.3077127575267
 20
290.19486815622054
 10
881.5961580780204
 20
289.98352697485967
 10
881.8679185684066
 20
289.7337601241605
 10
882.1229942286855
 20
289.44556760412297
 10
882.1229942286855
 20
290.48103827260866
 10
883.4658702518778
 20
290.48103827260866
 10
883.4658702518778
 20
283.054772072063
 10
883.4594870403595
 20
282.57148079997376
 10
883.4403374058044
 20
282.1247191938015
 10
883.4084213482125
 20
281.7144872535464
 10
883.3637388675838
 20
281.34078497920825
 10
883.3062899639185
 20
281.00361237078715
 10
883.2360746372163
 20
280.7029694282831
 10
883.1530928874776
 20
280.4388561516961
 10
883.0573447147019
 20
280.2112725410261
 10
882.8232514922854
 20
279.81462862529025
 10
882.5294973622122
 20
279.46197198892855
 10
882.1760823244819
 20
279.153302631941
 10
881.7630063790948
 20
278.88862055432764
 10
881.2945671338057
 20
278.6762681711421
 10
880.7750621963696
 20
278.5245878974381
 10
880.2044915667866
 20
278.43357973321577
 10
879.5828552450565
 20
278.40324367847495
 10
879.2078257683235
 20
278.4140508979764
 10
878.8512507248911
 20
278.44647255648056
 10
878.5131301147594
 20
278.5005086539876
 10
878.1934639379283
 20
278.5761591904975
 10
877.8922521943979
 20
278.67342416601014
 10
877.609494884168
 20
278.7923035805256
 10
877.3451920072389
 20
278.9327974340439
 10
877.0993435636104
 20
279.094905726565
 10
876.8780167642308
 20
279.27875485831703
 10
876.687278820048
 20
279.484471229528
 10
876.5271297310622
 20
279.712054840198
 10
876.3975694972735
 20
279.96150569032693
 10
876.2985981186816
 20
280.2328237799149
 10
876.2302155952867
 20
280.52600910896183
 10
876.1924219270888
 20
280.84106167746774
 10
876.1852171140879
 20
281.17798148543267
  0
LWPOLYLINE
  5
9C
330
17
100
AcDbEntity
  8
line engraving
 62
1
420
16711680
100
AcDbPolyline
 90
65
 70
0
 10
877.390569689122
 20
286.33915559866597
 10
877.4010609080532
 20
285.9307564617181
 10
877.4325345648467
 20
285.55092377631775
 10
877.4849906595027
 20
285.199657542465
 10
877.5584291920211
 20
284.8769577601598
 10
877.6528501624018
 20
284.58282442940225
 10
877.7682535706449
 20
284.31725755019227
 10
877.9046394167503
 20
284.0802571225298
 10
878.0620077007183
 20
283.87182314641495
 10
878.2351760131969
 20
283.6898068179702
 10
878.4189619448349
 20
283.5320593333181
 10
878.6133654956321
 20
283.3985806924586
 10
878.8183866655886
 20
283.28937089539176
 10
879.0340254547044
 20
283.20442994211754
 10
879.2602818629795
 20
283.14375783263597
 10
879.4971558904139
 20
283.107354566947
 10
879.7446475370075
 20
283.0952201450507
 10
879.9903695804079
 20
283.10729136683295
 10
880.2259796055614
 20
283.1435050321798
 10
880.4514776124679
 20
283.2038611410911
 10
880.6668636011275
 20
283.28835969356703
 10
880.8721375715402
 20
283.3970006896075
 10
881.067299523706
 20
283.52978412921254
 10
881.2523494576247
 20
283.6867100123821
 10
881.4272873732966
 20
283.86777833911617
 10
881.5865516606858
 20
284.07463231237995
 10
881.7245807097564
 20
284.30891513513853
 10
881.8413745205085
 20
284.5706268073919
 10
881.936933092942
 20
284.85976732914
 10
882.0112564270569
 20
285.176336700383
 10
882.0643445228533
 20
285.52033492112076
 10
882.0961973803312
 20
285.89176199135335
 10
882.1068149994904
 20
286.2906179110807
 10
882.095881379761
 20
286.67285220081465
 10
882.0630805205725
 20
287.030817646756
 10
882.008412421925
 20
287.3645142489047
 10
881.9318770838186
 20
287.6739420072608
 10
881.8334745062531
 20
287.9591009218242
 10
881.7132046892286
 20
288.219990992595
 10
881.5710676327452
 20
288.4566122195732
 10
881.4070633368028
 20
288.6689646027587
 10
881.2276382130339
 20
288.8566689414674
 10
881.0392386730707
 20
289.01934603501485
 10
880.8418647169134
 20
289.1569958834012
 10
880.635516344562
 20
289.26961848662637
 10
880.4201935560164
 20
289.3572138446904
 10
880.1958963512767
 20
289.41978195759333
 10
879.9626247303428
 20
289.45732282533504
 10
879.7203786932148
 20
289.4698364479156
 10
879.4822406634996
 20
289.4575124256772
 10
879.2532034502067
 20
289.42054035896183
 10
879.0332670533359
 20
289.3589202477696
 10
878.8224314728874
 20
289.2726520921005
 10
878.6206967088611
 20
289.16173589195444
 10
878.428062761257
 20
289.0261716473315
 10
878.2445296300752
 20
288.86595935823175
 10
878.0700973153157
 20
288.68109902465505
 10
877.9108330279265
 20
288.4719698472857
 10
877.772803978856
 20
288.238951026808
 10
877.6560101681039
 20
287.98204256322197
 10
877.5604515956704
 20
287.7012444565275
 10
877.4861282615555
 20
287.3965567067247
 10
877.4330401657592
 20
287.0679793138135
 10
877.4011873082812
 20
286.7155122777939
 10
877.390569689122
 20
286.33915559866597
  0
LWPOLYLINE
  5
9D
330
17
100
AcDbEntity
  8
cut
 62
5
420
255
100
AcDbPolyline
 90
3
 70
1
 10
201.79784502208514
 20
1091.5364231756298
 10
342.4908632707446
 20
998.5015854837488
 10
116.28240697678189
 20
998.5015854837488
  0
CIRCLE
  5
9E
330
17
100
AcDbEntity
  8
cut
 62
5
420
255
100
AcDbCircle
 10
197.01555786864566
 20
1130.6645781158172
 30
0.0
 40
4.4
  0
LWPOLYLINE
  5
9F
330
17
100
AcDbEntity
  8
cut
 62
5
420
255
100
AcDbPolyline
 90
2
 70
1
 10
56.143619503546546
 20
977.359800939967
 42
0.9972646038391172
 10
39.904843577179236
 20
959.6878504319398
 42
0.9972646038394608
  0
LWPOLYLINE
  5
A0
330
17
100
AcDbEntity
  8
cut
 62
5
420
255
100
AcDbPolyline
 90
7
 70
1
 10
174.92856710194744
 20
1150.9664213540973
 10
25.913037733076777
 20
988.8479091264207
 42
0.4145782399340892
 10
27.725697667349337
 20
946.4338179405418
 42
0.188241269212927
 10
48.048434580938675
 20
938.5015854837488
 10
442.24843458093864
 20
938.5015854837488
 42
0.743511322855691
 10
458.79567872710675
 20
993.5253484135546
 10
213.56280201477796
 20
1155.6883410456467
 42
0.3683575668124177
  0
CIRCLE
  5
A1
330
17
100
AcDbEntity
  8
cut
 62
5
420
255
100
AcDbCircle
 10
442.2484345809389
 20
968.5015854837488
 30
0.0
 40
4.4
  0
LWPOLYLINE
  5
A2
330
17
100
AcDbEntity
  8
line engraving
 62
1
420
16711680
100
AcDbPolyline
 90
7
 70
0
 10
350.9424606955423
 20
974.2276172053305
 10
350.9424606955423
 20
986.0869922053305
 10
352.5118459274659
 20
986.0869922053305
 10
352.5118459274659
 20
975.6271205307056
 10
358.3525476668929
 20
975.6271205307056
 10
358.3525476668929
 20
974.2276172053305
 10
350.9424606955423
 20
974.2276172053305
  0
LWPOLYLINE
  5
A3
330
17
100
AcDbEntity
  8
line engraving
 62
1
420
16711680
100
AcDbPolyline
 90
5
 70
0
 10
360.04327711777967
 20
984.4124419836388
 10
360.04327711777967
 20
986.0869922053305
 10
361.4994077453377
 20
986.0869922053305
 10
361.4994077453377
 20
984.4124419836388
 10
360.04327711777967
 20
984.4124419836388
  0
LWPOLYLINE
  5
A4
330
17
100
AcDbEntity
  8
line engraving
 62
1
420
16711680
100
AcDbPolyline
 90
5
 70
0
 10
360.04327711777967
 20
974.2276172053305
 10
360.04327711777967
 20
982.8187879079226
 10
361.4994077453377
 20
982.8187879079226
 10
361.4994077453377
 20
974.2276172053305
 10
360.04327711777967
 20
974.2276172053305
  0
LWPOLYLINE
  5
A5
330
17
100
AcDbEntity
  8
line engraving
 62
1
420
16711680
100
AcDbPolyline
 90
61
 70
0
 10
363.71596214506485
 20
974.2276172053305
 10
363.71596214506485
 20
982.8187879079226
 10
365.026479709867
 20
982.8187879079226
 10
365.026479709867
 20
981.5972561036933
 10
365.27624656056616
 20
981.9290567024208
 10
365.5523046587074
 20
982.2166172213178
 10
365.8546540042906
 20
982.4599376603846
 10
366.1832945973158
 20
982.659018019621
 10
366.53822643778307
 20
982.8138582990273
 10
366.91944952569236
 20
982.924458498603
 10
367.3269638610437
 20
982.9908186183485
 10
367.760769443837
 20
983.0129386582637
 10
368.1412341303777
 20
982.9954954267878
 10
368.50602518863576
 20
982.9431657323598
 10
368.855142618611
 20
982.8559495749801
 10
369.1885864203036
 20
982.7338469546484
 10
369.49371657090467
 20
982.5834306832253
 10
369.75789304760576
 20
982.4112735725713
 10
369.9811158504067
 20
982.2173756226864
 10
370.16338497930764
 20
982.0017368335706
 10
370.3130428493622
 20
981.7646100056801
 10
370.43843187562413
 20
981.506247939471
 10
370.5395520580935
 20
981.2266506349434
 10
370.6164033967701
 20
980.9258180920972
 10
370.6517954606344
 20
980.6856576587326
 10
370.6770755062517
 20
980.3696570885161
 10
370.6922435336221
 20
979.9778163814475
 10
370.69729954274555
 20
979.5101355375269
 10
370.69729954274555
 20
974.2276172053305
 10
369.2411689151876
 20
974.2276172053305
 10
369.2411689151876
 20
979.4535082353441
 10
369.2305512960283
 20
979.8703761875738
 10
369.1986984385505
 20
980.231122438533
 10
369.1456103427541
 20
980.5357469882218
 10
369.07128700863916
 20
980.7842498366401
 10
368.9699140257137
 20
980.9935686143516
 10
368.83567698348566
 20
981.1806409519198
 10
368.6685758819552
 20
981.3454668493448
 10
368.4686107211221
 20
981.4880463066265
 10
368.2428599137594
 20
981.6030705141853
 10
367.9984018726399
 20
981.6852306624417
 10
367.7352365977635
 20
981.7345267513955
 10
367.45336408913033
 20
981.7509587810467
 10
367.22476927663564
 20
981.7417315643964
 10
367.00413767851046
 20
981.7140499144455
 10
366.7914692947547
 20
981.6679138311938
 10
366.5867641253684
 20
981.6033233146416
 10
366.39002217035153
 20
981.5202783647886
 10
366.20124342970416
 20
981.4187789816351
 10
366.0204279034262
 20
981.2988251651809
 10
365.84757559151774
 20
981.160416915426
 10
365.68925930583924
 20
980.9962230191414
 10
365.5520518582512
 20
980.7989122630983
 10
365.43595324875366
 20
980.5684846472963
 10
365.3409634773466
 20
980.3049401717357
 10
365.2670825440299
 20
980.0082788364164
 10
365.21431044880376
 20
979.6785006413384
 10
365.182647191668
 20
979.3156055865016
 10
365.1720927726228
 20
978.9195936719062
 10
365.1720927726228
 20
974.2276172053305
 10
363.71596214506485
 20
974.2276172053305
  0
LWPOLYLINE
  5
A6
330
17
100
AcDbEntity
  8
line engraving
 62
1
420
16711680
100
AcDbPolyline
 90
13
 70
0
 10
372.93812278626535
 20
974.2276172053305
 10
372.93812278626535
 20
986.0869922053305
 10
374.3942534138233
 20
986.0869922053305
 10
374.3942534138233
 20
979.3240744017834
 10
377.84042923237723
 20
982.8187879079226
 10
379.72530943360505
 20
982.8187879079226
 10
376.44092590700205
 20
979.6314797564901
 10
380.0569836321044
 20
974.2276172053305
 10
378.2610891914495
 20
974.2276172053305
 10
375.4216344677115
 20
978.6202779317971
 10
374.3942534138233
 20
977.6333449508967
 10
374.3942534138233
 20
974.2276172053305
 10
372.93812278626535
 20
974.2276172053305
  0
LWPOLYLINE
  5
A7
330
17
100
AcDbEntity
  8
line engraving
 62
1
420
16711680
100
AcDbPolyline
 90
159
 70
0
 10
380.63134626853
 20
976.792025032752
 10
382.0712976668929
 20
977.0185342414833
 10
382.1590194251851
 20
976.611019906132
 10
382.30084048109825
 20
976.2540656620154
 10
382.49676083463254
 20
975.9476715091333
 10
382.7467804857879
 20
975.691837447486
 10
383.05140503547665
 20
975.4901026834598
 10
383.41114008461125
 20
975.346006423441
 10
383.8259856331915
 20
975.2595486674297
 10
384.29594168121764
 20
975.230729415426
 10
384.538630119144
 20
975.2371126269444
 10
384.7651393278752
 20
975.2562622614995
 10
384.97546930741134
 20
975.2881783190913
 10
385.1696200577524
 20
975.33286079972
 10
385.3475915788984
 20
975.3903097033854
 10
385.50938387084926
 20
975.4605250300875
 10
385.65499693360505
 20
975.5435067798263
 10
385.78443076716576
 20
975.639254952602
 10
385.9967831503513
 20
975.852365737156
 10
386.1484634240553
 20
976.0831725536423
 10
386.23947158827764
 20
976.3316754020606
 10
386.26980764301845
 20
976.597874282411
 10
386.2430107946641
 20
976.831461903915
 10
386.162620249601
 20
977.0387582779772
 10
386.02863600782916
 20
977.2197634045972
 10
385.8410580693486
 20
977.3744772837753
 10
385.7523251092318
 20
977.4246581743256
 10
385.6357840989359
 20
977.4781254708063
 10
385.49143503846096
 20
977.5348791732172
 10
385.319277927807
 20
977.5949192815583
 10
385.11931276697396
 20
977.6582457958297
 10
384.89153955596186
 20
977.7248587160313
 10
384.63595829477066
 20
977.7947580421633
 10
384.35256898340043
 20
977.8679437742254
 10
383.9674906885345
 20
977.9673575536156
 10
383.61312764909366
 20
978.0633585268473
 10
383.28947986507785
 20
978.1559466939208
 10
382.9965473364871
 20
978.245122054836
 10
382.73433006332135
 20
978.3308846095928
 10
382.50282804558066
 20
978.4132343581912
 10
382.30204128326505
 20
978.4921713006313
 10
382.1319697763745
 20
978.567695436913
 10
381.84124925177525
 20
978.7294877288639
 10
381.5879431946896
 20
978.9195936719062
 10
381.3720516051177
 20
979.1380132660399
 10
381.19357448305936
 20
979.384746511265
 10
381.05377583079553
 20
979.6524621943524
 10
380.95391965060713
 20
979.9338291020733
 10
380.89400594249406
 20
980.2288472344276
 10
380.87403470645637
 20
980.537516591415
 10
380.8904667361076
 20
980.8193891000483
 10
380.9397628250614
 20
981.0906439895222
 10
381.0219229733177
 20
981.3512812598368
 10
381.1369471808766
 20
981.6013009109921
 10
381.2802850395268
 20
981.8356469338647
 10
381.44738614105734
 20
982.0492633193312
 10
381.6382504854681
 20
982.2421500673913
 10
381.8528780727592
 20
982.4143071780453
 10
382.0381808071342
 20
982.53489299564
 10
382.25432519716236
 20
982.6458723959001
 10
382.50131124284366
 20
982.7472453788256
 10
382.77913894417804
 20
982.8390119444165
 10
383.0776962829187
 20
982.9151048817247
 10
383.38687124081855
 20
982.9694569798019
 10
383.70666381787777
 20
983.0020682386482
 10
384.0370740140962
 20
983.0129386582637
 10
384.5272540986162
 20
982.9947370254192
 10
384.98659252748297
 20
982.9401321268858
 10
385.41508930069665
 20
982.8491239626634
 10
385.8127444182572
 20
982.721712532752
 10
386.16995146283
 20
982.5632066467314
 10
386.4771040170805
 20
982.3789151141812
 10
386.7342020810087
 20
982.1688379351011
 10
386.9412456546146
 20
981.9329751094915
 10
387.1091051575137
 20
981.6632370227546
 10
387.2486510093213
 20
981.351534060293
 10
387.35988321003754
 20
980.9978662221066
 10
387.44280175966236
 20
980.6022335081955
 10
386.01902959049454
 20
980.4080827578543
 10
385.9474870613975
 20
980.7215553235092
 10
385.829934849277
 20
980.998624623475
 10
385.6663729541329
 20
981.239290657752
 10
385.45680137596526
 20
981.44355342634
 10
385.2002089129494
 20
981.6063569201156
 10
384.8955843632606
 20
981.7226451299553
 10
384.5429277268989
 20
981.7924180558591
 10
384.1422390038643
 20
981.815675697827
 10
383.90043536753456
 20
981.8104932884755
 10
383.6765805635931
 20
981.7949460604208
 10
383.47067459204
 20
981.769034013663
 10
383.2827174528752
 20
981.7327571482022
 10
383.11270914609867
 20
981.6861154640383
 10
382.9606496717104
 20
981.6291089611711
 10
382.82653902971055
 20
981.561737639601
 10
382.7103772200989
 20
981.4840014993277
 10
382.52279928161835
 20
981.3110859873052
 10
382.3888150398465
 20
981.124013649737
 10
382.3084244947834
 20
980.9227844866231
 10
382.28162764642906
 20
980.7073984979635
 10
382.2927508665007
 20
980.5693694488929
 10
382.32612052671556
 20
980.4384188125952
 10
382.3817366270737
 20
980.3145465890702
 10
382.45959916757505
 20
980.1977527783182
 10
382.5612249509567
 20
980.0855093757773
 10
382.6881307799557
 20
979.9833779914833
 10
382.840316654572
 20
979.8913586254363
 10
383.0177825748056
 20
979.8094512776361
 10
383.08565949728813
 20
979.7859408352119
 10
383.18008046766886
 20
979.7558575809273
 10
383.3010454859477
 20
979.7192015147822
 10
383.44855455212485
 20
979.6759726367766
 10
383.6226076662001
 20
979.6261709469105
 10
383.82320482817363
 20
979.5697964451839
 10
384.0503460380453
 20
979.5068491315967
 10
384.30403129581515
 20
979.4373290061491
 10
384.6757111665039
 20
979.33652482425
 10
385.0181925845046
 20
979.24039745079
 10
385.3314755498173
 20
979.1489468857694
 10
385.615560062442
 20
979.0621731291878
 10
385.8704461223787
 20
978.9800761810457
 10
386.0961337296274
 20
978.9026560413425
 10
386.29262288418806
 20
978.8299127100787
 10
386.45991358606074
 20
978.761846187254
 10
386.74886450746675
 20
978.6154747231298
 10
387.0049513695703
 20
978.439272805177
 10
387.22817417237127
 20
978.2332404333958
 10
387.4185329158697
 20
977.9973776077861
 10
387.570718790486
 20
977.7314315278919
 10
387.67942298664053
 20
977.4351493932568
 10
387.7446455043332
 20
977.108531203881
 10
387.76638634356414
 20
976.7515769597643
 10
387.73984229566594
 20
976.3928531124544
 10
387.66021015197134
 20
976.0447468843039
 10
387.5274899124804
 20
975.7072582753126
 10
387.34168157719307
 20
975.3803872854805
 10
387.1058187515834
 20
975.0770267380726
 10
386.82293504112556
 20
974.8100694563536
 10
386.49303044581944
 20
974.5795154403237
 10
386.1161049656651
 20
974.3853646899826
 10
385.70252341936566
 20
974.231409212173
 10
385.26265062562413
 20
974.1214410137377
 10
384.7964865844407
 20
974.0554600946765
 10
384.30403129581515
 20
974.0334664549895
 10
383.89784416285875
 20
974.0443368746049
 10
383.5165578748354
 20
974.0769481334513
 10
383.1601724317452
 20
974.1313002315285
 10
382.828687833588
 20
974.2073931688367
 10
382.5221040803639
 20
974.3052269453757
 10
382.24042117207284
 20
974.4248015611456
 10
381.98363910871484
 20
974.5661170161464
 10
381.7517578902899
 20
974.7291733103782
 10
381.5422495122363
 20
974.9135912431566
 10
381.35258596999233
 20
975.1189916137973
 10
381.18276726355793
 20
975.3453744223006
 10
381.0327933929332
 20
975.5927396686661
 10
380.902664358118
 20
975.861087352894
 10
380.7923801591124
 20
976.1504174749842
 10
380.7019407959164
 20
976.460730034937
 10
380.63134626853
 20
976.792025032752
  0
LWPOLYLINE
  5
A8
330
17
100
AcDbEntity
  8
line engraving
 62
1
420
16711680
100
AcDbPolyline
 90
57
 70
0
 10
394.10055457344134
 20
974.2276172053305
 10
394.10055457344134
 20
986.0869922053305
 10
395.5566852009993
 20
986.0869922053305
 10
395.5566852009993
 20
981.8318549270222
 10
395.8198504758757
 20
982.1086714265319
 10
396.09970058085946
 20
982.3485790594403
 10
396.3962355159507
 20
982.5515778257475
 10
396.7094552811494
 20
982.7176677254533
 10
397.03935987645553
 20
982.8468487585578
 10
397.38594930186906
 20
982.939120925061
 10
397.74922355739005
 20
982.994484224963
 10
398.12918264301845
 20
983.0129386582637
 10
398.5907962759908
 20
982.9894282158396
 10
399.0210626523977
 20
982.9188968885672
 10
399.4199817722391
 20
982.8013446764467
 10
399.787553635515
 20
982.6367715794778
 10
400.11442462534706
 20
982.4307392076965
 10
400.3912411248568
 20
982.1888091711388
 10
400.6180031340442
 20
981.9109814698044
 10
400.7947106529093
 20
981.5972561036933
 10
400.86581078120804
 20
981.4220653875652
 10
400.92743089240025
 20
981.2281674376804
 10
400.979570986486
 20
981.0155622540387
 10
401.02223106346526
 20
980.7842498366401
 10
401.055411123338
 20
980.5342301854848
 10
401.0791111661042
 20
980.2655033005726
 10
401.093331191764
 20
979.9780691819036
 10
401.09807120031724
 20
979.6719278294778
 10
401.09807120031724
 20
974.2276172053305
 10
399.6419405727592
 20
974.2276172053305
 10
399.6419405727592
 20
979.6719278294778
 10
399.6345461594161
 20
979.9356619053806
 10
399.61236291938695
 20
980.1808151477546
 10
399.5753908526716
 20
980.4073875565999
 10
399.5236299592701
 20
980.6153791319164
 10
399.4570802391825
 20
980.8047898737043
 10
399.3757416924088
 20
980.9756197819634
 10
399.27961431894886
 20
981.1278688566937
 10
399.16869811880287
 20
981.2615370978953
 10
398.9075552475759
 20
981.4791982906604
 10
398.5973690878513
 20
981.634670571207
 10
398.23813963962914
 20
981.7279539395349
 10
397.8298669029093
 20
981.7590483956443
 10
397.5110855276748
 20
981.7380659577819
 10
397.2019105697749
 20
981.6751186441948
 10
396.9023420292096
 20
981.5702064548829
 10
396.61237990597886
 20
981.4233293898462
 10
396.3476978283655
 20
981.2405546600329
 10
396.12396942465216
 20
981.0279494763912
 10
395.9411946948389
 20
980.785513838921
 10
395.79937363892566
 20
980.5132477476225
 10
395.69319744733286
 20
980.1987639801429
 10
395.6173573104809
 20
979.82967531413
 10
395.5718532283697
 20
979.4059817495836
 10
395.5566852009993
 20
978.9276832865038
 10
395.5566852009993
 20
974.2276172053305
 10
394.10055457344134
 20
974.2276172053305
  0
LWPOLYLINE
  5
A9
330
17
100
AcDbEntity
  8
line engraving
 62
1
420
16711680
100
AcDbPolyline
 90
22
 70
0
 10
403.69483748612896
 20
974.2276172053305
 10
403.69483748612896
 20
975.885988197827
 10
405.3532084786255
 20
975.885988197827
 10
405.3532084786255
 20
974.2276172053305
 10
405.33298444213165
 20
973.7925476202563
 10
405.2723123326501
 20
973.4014653145563
 10
405.17119215018073
 20
973.0543702882303
 10
405.0296238947237
 20
972.7512625412786
 10
404.84406835989256
 20
972.4860748627528
 10
404.61098633930084
 20
972.252740041705
 10
404.3303778329485
 20
972.0512580781349
 10
404.0022428408356
 20
971.8816289720427
 10
403.5977621109584
 20
972.5045292960535
 10
403.81314809961805
 20
972.617531099963
 10
403.9981980335369
 20
972.7542961467527
 10
404.1529119127149
 20
972.9148244364227
 10
404.27728973715216
 20
973.099115968973
 10
404.37436511232266
 20
973.3167771617382
 10
404.4471716437006
 20
973.5774144320528
 10
404.4957093312858
 20
973.881027779917
 10
404.51997817507845
 20
974.2276172053305
 10
403.69483748612896
 20
974.2276172053305
  0
LWPOLYLINE
  5
AA
330
17
100
AcDbEntity
  8
line engraving
 62
1
420
16711680
100
AcDbPolyline
 90
5
 70
0
 10
407.92570592064465
 20
984.4124419836388
 10
407.92570592064465
 20
986.0869922053305
 10
409.3818365482026
 20
986.0869922053305
 10
409.3818365482026
 20
984.4124419836388
 10
407.92570592064465
 20
984.4124419836388
  0
LWPOLYLINE
  5
AB
330
17
100
AcDbEntity
  8
line engraving
 62
1
420
16711680
100
AcDbPolyline
 90
5
 70
0
 10
407.92570592064465
 20
974.2276172053305
 10
407.92570592064465
 20
982.8187879079226
 10
409.3818365482026
 20
982.8187879079226
 10
409.3818365482026
 20
974.2276172053305
 10
407.92570592064465
 20
974.2276172053305
  0
LWPOLYLINE
  5
AC
330
17
100
AcDbEntity
  8
line engraving
 62
1
420
16711680
100
AcDbPolyline
 90
22
 70
0
 10
411.97860283401434
 20
974.2276172053305
 10
411.97860283401434
 20
975.885988197827
 10
413.63697382651094
 20
975.885988197827
 10
413.63697382651094
 20
974.2276172053305
 10
413.6167497900171
 20
973.7925476202563
 10
413.5560776805355
 20
973.4014653145563
 10
413.45495749806616
 20
973.0543702882303
 10
413.31338924260916
 20
972.7512625412786
 10
413.127833707778
 20
972.4860748627528
 10
412.8947516871863
 20
972.252740041705
 10
412.61414318083393
 20
972.0512580781349
 10
412.28600818872104
 20
971.8816289720427
 10
411.88152745884383
 20
972.5045292960535
 10
412.0969134475034
 20
972.617531099963
 10
412.28196338142226
 20
972.7542961467527
 10
412.4366772606003
 20
972.9148244364227
 10
412.56105508503754
 20
973.099115968973
 10
412.6581304602081
 20
973.3167771617382
 10
412.73093699158596
 20
973.5774144320528
 10
412.77947467917124
 20
973.881027779917
 10
412.8037435229639
 20
974.2276172053305
 10
411.97860283401434
 20
974.2276172053305
  0
LWPOLYLINE
  5
AD
330
17
100
AcDbEntity
  8
line engraving
 62
1
420
16711680
100
AcDbPolyline
 90
105
 70
0
 10
415.9344243722135
 20
973.5157311207466
 10
417.3501069267838
 20
973.3054011412104
 10
417.4143182426518
 20
973.0000181901531
 10
417.5179664296828
 20
972.7391281193824
 10
417.6610514878769
 20
972.522730928898
 10
417.843573417234
 20
972.3508266187002
 10
418.1393499509567
 20
972.1738662993789
 10
418.48467537408936
 20
972.0474660712923
 10
418.879549686632
 20
971.9716259344403
 10
419.3239728885846
 20
971.946345888823
 10
419.8007545489274
 20
971.9716259344403
 10
420.2198977052626
 20
972.0474660712923
 10
420.5814023575904
 20
972.1738662993789
 10
420.88526850591063
 20
972.3508266187002
 10
421.13806896208393
 20
972.5732910201327
 10
421.3463765379707
 20
972.8362034945528
 10
421.51019123357094
 20
973.1395640419607
 10
421.62951304888475
 20
973.4833726623564
 10
421.65593069655483
 20
973.6098992906711
 10
421.67855633738236
 20
973.7670147741828
 10
421.6973899713673
 20
973.9547191128914
 10
421.71243159850957
 20
974.1730123067971
 10
421.72368121880925
 20
974.4218943558997
 10
421.73113883226637
 20
974.7013652601992
 10
421.7348044388809
 20
975.0114250196957
 10
421.7346780386528
 20
975.3520736343892
 10
421.48870319479624
 20
975.0885291588286
 10
421.2280659244816
 20
974.860123946676
 10
420.95276622770893
 20
974.6668579979315
 10
420.6628041044782
 20
974.5087313125952
 10
420.3581795547894
 20
974.3857438906668
 10
420.03889257864256
 20
974.2978957321467
 10
419.7049431760377
 20
974.2451868370346
 10
419.3563313469748
 20
974.2276172053305
 10
418.92593857033984
 20
974.2475884413682
 10
418.52057303886596
 20
974.3075021494813
 10
418.1402347525533
 20
974.4073583296697
 10
417.7849237114018
 20
974.5471569819335
 10
417.4546399154114
 20
974.7268981062726
 10
417.1493833645822
 20
974.9465817026872
 10
416.86915405891415
 20
975.2062077711771
 10
416.61395199840723
 20
975.5057763117425
 10
416.3864315878513
 20
975.8332793027149
 10
416.18924723203617
 20
976.1767087224264
 10
416.0223989309618
 20
976.5360645708766
 10
415.88588668462825
 20
976.9113468480658
 10
415.77971049303545
 20
977.302555553994
 10
415.7038703561835
 20
977.709690688661
 10
415.6583662740723
 20
978.132752252067
 10
415.6431982467019
 20
978.5717402442118
 10
415.67100629688093
 20
979.174669332185
 10
415.75443044741814
 20
979.753835177278
 10
415.8934706983134
 20
980.3092377794906
 10
416.0881270495669
 20
980.840877138823
 10
416.3356186961605
 20
981.3310572233429
 10
416.6331648330764
 20
981.7620820011184
 10
416.9807654603147
 20
982.1339514721492
 10
417.3784205778752
 20
982.4466656364356
 10
417.8195573738975
 20
982.6944100834854
 10
418.29760303652114
 20
982.8713704028066
 10
418.8125575657461
 20
982.9775465943994
 10
419.3644209615723
 20
983.0129386582637
 10
419.7362904326032
 20
982.9937258235946
 10
420.0914750735266
 20
982.936087319587
 10
420.4299748843426
 20
982.8400231462412
 10
420.75178986505114
 20
982.705533303557
 10
421.0569200156523
 20
982.5326177915344
 10
421.34536533614596
 20
982.3212766101736
 10
421.61712582653223
 20
982.0715097594745
 10
421.87220148681104
 20
981.7833172394369
 10
421.87220148681104
 20
982.8187879079226
 10
423.2150775100034
 20
982.8187879079226
 10
423.2150775100034
 20
975.3925217073769
 10
423.20869429848506
 20
974.9092304352877
 10
423.18954466392995
 20
974.4624688291154
 10
423.15762860633805
 20
974.0522368888603
 10
423.1129461257094
 20
973.6785346145222
 10
423.05549722204404
 20
973.3413620061011
 10
422.9852818953419
 20
973.0407190635971
 10
422.9023001456031
 20
972.77660578701
 10
422.80655197282744
 20
972.54902217634
 10
422.572458750411
 20
972.1523782606042
 10
422.27870462033763
 20
971.7997216242425
 10
421.92528958260743
 20
971.491052267255
 10
421.5122136372203
 20
971.2263701896416
 10
421.04377439193127
 20
971.014017806456
 10
420.5242694544952
 20
970.862337532752
 10
419.9536988249122
 20
970.7713293685297
 10
419.33206250318216
 20
970.7409933137889
 10
418.9570330264491
 20
970.7518005332903
 10
418.6004579830167
 20
970.7842221917945
 10
418.262337372885
 20
970.8382582893015
 10
417.9426711960539
 20
970.9139088258114
 10
417.64145945252346
 20
971.011173801324
 10
417.3587021422937
 20
971.1300532158396
 10
417.09439926536453
 20
971.2705470693578
 10
416.848550821736
 20
971.4326553618789
 10
416.6272240223563
 20
971.6165044936309
 10
416.4364860781736
 20
971.8222208648419
 10
416.2763369891878
 20
972.0498044755119
 10
416.14677675539906
 20
972.2992553256408
 10
416.0478053768072
 20
972.5705734152289
 10
415.97942285341236
 20
972.8637587442757
 10
415.9416291852145
 20
973.1788113127817
 10
415.9344243722135
 20
973.5157311207466
  0
LWPOLYLINE
  5
AE
330
17
100
AcDbEntity
  8
line engraving
 62
1
420
16711680
100
AcDbPolyline
 90
65
 70
0
 10
417.13977694724764
 20
978.6769052339798
 10
417.1502681661788
 20
978.268506097032
 10
417.1817418229724
 20
977.8886734116317
 10
417.23419791762836
 20
977.5374071777788
 10
417.3076364501467
 20
977.2147073954737
 10
417.4020574205274
 20
976.9205740647161
 10
417.5174608287705
 20
976.6550071855062
 10
417.653846674876
 20
976.4180067578437
 10
417.81121495884383
 20
976.2095727817289
 10
417.9843832713225
 20
976.0275564532841
 10
418.1681692029605
 20
975.869808968632
 10
418.3625727537577
 20
975.7363303277725
 10
418.5675939237142
 20
975.6271205307057
 10
418.78323271283
 20
975.5421795774314
 10
419.00948912110505
 20
975.4815074679499
 10
419.2463631485394
 20
975.445104202261
 10
419.493854795133
 20
975.4329697803646
 10
419.7395768385334
 20
975.4450410021469
 10
419.9751868636869
 20
975.4812546674937
 10
420.2006848705935
 20
975.541610776405
 10
420.41607085925307
 20
975.626109328881
 10
420.62134482966576
 20
975.7347503249214
 10
420.81650678183155
 20
975.8675337645265
 10
421.0015567157503
 20
976.024459647696
 10
421.17649463142226
 20
976.2055279744301
 10
421.3357589188114
 20
976.4123819476938
 10
421.473787967882
 20
976.6466647704524
 10
421.59058177863403
 20
976.9083764427058
 10
421.68614035106754
 20
977.1975169644539
 10
421.76046368518246
 20
977.5140863356969
 10
421.81355178097886
 20
977.8580845564347
 10
421.84540463845667
 20
978.2295116266673
 10
421.85602225761596
 20
978.6283675463947
 10
421.8450886378865
 20
979.0106018361287
 10
421.81228777869796
 20
979.36856728207
 10
421.75761968005054
 20
979.7022638842186
 10
421.6810843419441
 20
980.0116916425748
 10
421.5826817643786
 20
980.2968505571381
 10
421.4624119473542
 20
980.557740627909
 10
421.3202748908708
 20
980.7943618548871
 10
421.1562705949284
 20
981.0067142380726
 10
420.97684547115944
 20
981.1944185767812
 10
420.7884459311963
 20
981.3570956703288
 10
420.59107197503903
 20
981.4947455187151
 10
420.3847236026876
 20
981.6073681219403
 10
420.169400814142
 20
981.6949634800044
 10
419.9451036094023
 20
981.7575315929073
 10
419.7118319884684
 20
981.795072460649
 10
419.4695859513404
 20
981.8075860832296
 10
419.2314479216252
 20
981.7952620609911
 10
419.0024107083322
 20
981.7582899942757
 10
418.7824743114615
 20
981.6966698830836
 10
418.57163873101297
 20
981.6104017274145
 10
418.3699039669867
 20
981.4994855272683
 10
418.1772700193827
 20
981.3639212826455
 10
417.9937368882009
 20
981.2037089935457
 10
417.81930457344134
 20
981.018848659969
 10
417.6600402860522
 20
980.8097194825996
 10
417.5220112369816
 20
980.5767006621219
 10
417.40521742622957
 20
980.3197921985359
 10
417.30965885379607
 20
980.0389940918413
 10
417.23533551968114
 20
979.7343063420385
 10
417.18224742388475
 20
979.4057289491274
 10
417.15039456640693
 20
979.0532619131078
 10
417.13977694724764
 20
978.6769052339798
  0
LWPOLYLINE
  5
AF
330
17
100
AcDbEntity
  8
cut
 62
5
420
255
100
AcDbPolyline
 90
3
 70
1
 10
662.0486377639595
 20
627.3625093887508
 10
802.7416560126189
 20
534.3276716968699
 10
576.5331997186562
 20
534.3276716968699
  0
CIRCLE
  5
B0
330
17
100
AcDbEntity
  8
cut
 62
5
420
255
100
AcDbCircle
 10
657.26635061052
 20
666.4906643289382
 30
0.0
 40
4.4
  0
LWPOLYLINE
  5
B1
330
17
100
AcDbEntity
  8
cut
 62
5
420
255
100
AcDbPolyline
 90
2
 70
1
 10
516.3944122454209
 20
513.1858871530881
 42
0.9972646038391172
 10
500.1556363190536
 20
495.51393664506077
 42
0.9972646038394608
  0
LWPOLYLINE
  5
B2
330
17
100
AcDbEntity
  8
cut
 62
5
420
255
100
AcDbPolyline
 90
7
 70
1
 10
635.1793598438218
 20
686.7925075672183
 10
486.16383047495117
 20
524.6739953395418
 42
0.4145782399340892
 10
487.9764904092237
 20
482.2599041536628
 42
0.188241269212927
 10
508.29922732281307
 20
474.32767169686986
 10
902.499227322813
 20
474.32767169686986
 42
0.743511322855691
 10
919.046471468981
 20
529.3514346266757
 10
673.8135947566523
 20
691.5144272587676
 42
0.3683575668124177
  0
CIRCLE
  5
B3
330
17
100
AcDbEntity
  8
cut
 62
5
420
255
100
AcDbCircle
 10
902.4992273228133
 20
504.32767169686986
 30
0.0
 40
4.4
  0
LWPOLYLINE
  5
B4
330
17
100
AcDbEntity
  8
line engraving
 62
1
420
16711680
100
AcDbPolyline
 90
7
 70
0
 10
811.1932534374167
 20
510.0537034184515
 10
811.1932534374167
 20
521.9130784184515
 10
812.7626386693403
 20
521.9130784184515
 10
812.7626386693403
 20
511.4532067438267
 10
818.6033404087674
 20
511.4532067438267
 10
818.6033404087674
 20
510.0537034184515
 10
811.1932534374167
 20
510.0537034184515
  0
LWPOLYLINE
  5
B5
330
17
100
AcDbEntity
  8
line engraving
 62
1
420
16711680
100
AcDbPolyline
 90
5
 70
0
 10
820.2940698596541
 20
520.2385281967598
 10
820.2940698596541
 20
521.9130784184515
 10
821.750200487212
 20
521.9130784184515
 10
821.750200487212
 20
520.2385281967598
 10
820.2940698596541
 20
520.2385281967598
  0
LWPOLYLINE
  5
B6
330
17
100
AcDbEntity
  8
line engraving
 62
1
420
16711680
100
AcDbPolyline
 90
5
 70
0
 10
820.2940698596541
 20
510.0537034184515
 10
820.2940698596541
 20
518.6448741210436
 10
821.750200487212
 20
518.6448741210436
 10
821.750200487212
 20
510.0537034184515
 10
820.2940698596541
 20
510.0537034184515
  0
LWPOLYLINE
  5
B7
330
17
100
AcDbEntity
  8
line engraving
 62
1
420
16711680
100
AcDbPolyline
 90
61
 70
0
 10
823.9667548869393
 20
510.0537034184515
 10
823.9667548869393
 20
518.6448741210436
 10
825.2772724517414
 20
518.6448741210436
 10
825.2772724517414
 20
517.4233423168143
 10
825.5270393024406
 20
517.7551429155418
 10
825.8030974005818
 20
518.0427034344389
 10
826.1054467461651
 20
518.2860238735057
 10
826.4340873391902
 20
518.4851042327421
 10
826.7890191796575
 20
518.6399445121483
 10
827.1702422675668
 20
518.750544711724
 10
827.5777566029182
 20
518.8169048314695
 10
828.0115621857115
 20
518.8390248713847
 10
828.3920268722522
 20
518.8215816399088
 10
828.7568179305102
 20
518.7692519454808
 10
829.1059353604854
 20
518.6820357881011
 10
829.4393791621779
 20
518.5599331677694
 10
829.7445093127791
 20
518.4095168963463
 10
830.0086857894802
 20
518.2373597856923
 10
830.2319085922811
 20
518.0434618358074
 10
830.4141777211821
 20
517.8278230466916
 10
830.5638355912366
 20
517.5906962188011
 10
830.6892246174986
 20
517.332334152592
 10
830.7903447999679
 20
517.0527368480645
 10
830.8671961386445
 20
516.7519043052182
 10
830.9025882025088
 20
516.5117438718536
 10
830.9278682481261
 20
516.1957433016371
 10
830.9430362754965
 20
515.8039025945685
 10
830.94809228462
 20
515.336221750648
 10
830.94809228462
 20
510.0537034184515
 10
829.491961657062
 20
510.0537034184515
 10
829.491961657062
 20
515.2795944484651
 10
829.4813440379028
 20
515.6964624006948
 10
829.449491180425
 20
516.057208651654
 10
829.3964030846286
 20
516.3618332013428
 10
829.3220797505136
 20
516.6103360497611
 10
829.2207067675881
 20
516.8196548274726
 10
829.0864697253601
 20
517.0067271650408
 10
828.9193686238295
 20
517.1715530624658
 10
828.7194034629965
 20
517.3141325197475
 10
828.4936526556338
 20
517.4291567273063
 10
828.2491946145143
 20
517.5113168755627
 10
827.9860293396379
 20
517.5606129645165
 10
827.7041568310048
 20
517.5770449941677
 10
827.4755620185101
 20
517.5678177775175
 10
827.2549304203849
 20
517.5401361275665
 10
827.042262036629
 20
517.4940000443148
 10
826.8375568672427
 20
517.4294095277626
 10
826.6408149122259
 20
517.3463645779096
 10
826.4520361715786
 20
517.2448651947561
 10
826.2712206453007
 20
517.1249113783019
 10
826.0983683333922
 20
516.986503128547
 10
825.9400520477136
 20
516.8223092322625
 10
825.8028446001256
 20
516.6249984762193
 10
825.6867459906281
 20
516.3945708604173
 10
825.591756219221
 20
516.1310263848567
 10
825.5178752859043
 20
515.8343650495374
 10
825.4651031906782
 20
515.5045868544594
 10
825.4334399335424
 20
515.1416917996227
 10
825.4228855144972
 20
514.7456798850272
 10
825.4228855144972
 20
510.0537034184515
 10
823.9667548869393
 20
510.0537034184515
  0
LWPOLYLINE
  5
B8
330
17
100
AcDbEntity
  8
line engraving
 62
1
420
16711680
100
AcDbPolyline
 90
13
 70
0
 10
833.1889155281398
 20
510.0537034184515
 10
833.1889155281398
 20
521.9130784184515
 10
834.6450461556977
 20
521.9130784184515
 10
834.6450461556977
 20
515.1501606149044
 10
838.0912219742517
 20
518.6448741210436
 10
839.9761021754795
 20
518.6448741210436
 10
836.6917186488765
 20
515.4575659696111
 10
840.3077763739788
 20
510.0537034184515
 10
838.5118819333239
 20
510.0537034184515
 10
835.6724272095859
 20
514.4463641449181
 10
834.6450461556977
 20
513.4594311640177
 10
834.6450461556977
 20
510.0537034184515
 10
833.1889155281398
 20
510.0537034184515
  0
LWPOLYLINE
  5
B9
330
17
100
AcDbEntity
  8
line engraving
 62
1
420
16711680
100
AcDbPolyline
 90
159
 70
0
 10
840.8821390104044
 20
512.618111245873
 10
842.3220904087674
 20
512.8446204546043
 10
842.4098121670595
 20
512.437106119253
 10
842.5516332229727
 20
512.0801518751364
 10
842.747553576507
 20
511.77375772225435
 10
842.9975732276623
 20
511.51792366060704
 10
843.3021977773511
 20
511.31618889658074
 10
843.6619328264857
 20
511.172092636562
 10
844.0767783750659
 20
511.08563488055074
 10
844.5467344230921
 20
511.056815628547
 10
844.7894228610184
 20
511.06319884006535
 10
845.0159320697496
 20
511.08234847462046
 10
845.2262620492858
 20
511.11426453221236
 10
845.4204127996268
 20
511.158947012841
 10
845.5983843207728
 20
511.21639591650637
 10
845.7601766127236
 20
511.2866112432085
 10
845.9057896754795
 20
511.36959299294733
 10
846.0352235090402
 20
511.465341165723
 10
846.2475758922258
 20
511.678451950277
 10
846.3992561659297
 20
511.90925876676323
 10
846.4902643301521
 20
512.1577616151816
 10
846.5206003848929
 20
512.423960495532
 10
846.4938035365385
 20
512.6575481170361
 10
846.4134129914754
 20
512.8648444910982
 10
846.2794287497036
 20
513.0458496177182
 10
846.091850811223
 20
513.2005634968963
 10
846.0031178511063
 20
513.2507443874466
 10
845.8865768408103
 20
513.3042116839273
 10
845.7422277803354
 20
513.3609653863382
 10
845.5700706696814
 20
513.4210054946793
 10
845.3701055088484
 20
513.4843320089507
 10
845.1423322978363
 20
513.5509449291524
 10
844.8867510366451
 20
513.6208442552843
 10
844.6033617252749
 20
513.6940299873464
 10
844.218283430409
 20
513.7934437667366
 10
843.8639203909681
 20
513.8894447399683
 10
843.5402726069523
 20
513.9820329070418
 10
843.2473400783615
 20
514.071208267957
 10
842.9851228051958
 20
514.1569708227138
 10
842.7536207874551
 20
514.2393205713122
 10
842.5528340251395
 20
514.3182575137523
 10
842.3827625182489
 20
514.393781650034
 10
842.0920419936497
 20
514.5555739419849
 10
841.838735936564
 20
514.7456798850272
 10
841.6228443469921
 20
514.964099479161
 10
841.4443672249338
 20
515.210832724386
 10
841.30456857267
 20
515.4785484074735
 10
841.2047123924815
 20
515.7599153151943
 10
841.1447986843684
 20
516.0549334475486
 10
841.1248274483307
 20
516.3636028045361
 10
841.141259477982
 20
516.6454753131693
 10
841.1905555669358
 20
516.9167302026432
 10
841.2727157151921
 20
517.1773674729578
 10
841.3877399227509
 20
517.4273871241131
 10
841.5310777814012
 20
517.6617331469857
 10
841.6981788829318
 20
517.8753495324522
 10
841.8890432273425
 20
518.0682362805123
 10
842.1036708146337
 20
518.2403933911663
 10
842.2889735490087
 20
518.360979208761
 10
842.5051179390368
 20
518.4719586090212
 10
842.752103984718
 20
518.5733315919466
 10
843.0299316860525
 20
518.6650981575375
 10
843.328489024793
 20
518.7411910948457
 10
843.637663982693
 20
518.7955431929229
 10
843.9574565597521
 20
518.8281544517693
 10
844.2878667559706
 20
518.8390248713847
 10
844.7780468404906
 20
518.8208232385402
 10
845.2373852693573
 20
518.7662183400068
 10
845.6658820425711
 20
518.6752101757844
 10
846.0635371601315
 20
518.547798745873
 10
846.4207442047044
 20
518.3892928598524
 10
846.7278967589549
 20
518.2050013273022
 10
846.9849948228831
 20
517.9949241482221
 10
847.192038396489
 20
517.7590613226125
 10
847.3598978993881
 20
517.4893232358756
 10
847.4994437511957
 20
517.177620273414
 10
847.610675951912
 20
516.8239524352276
 10
847.6935945015368
 20
516.4283197213165
 10
846.269822332369
 20
516.2341689709754
 10
846.1982798032719
 20
516.5476415366302
 10
846.0807275911513
 20
516.8247108365961
 10
845.9171656960073
 20
517.065376870873
 10
845.7075941178397
 20
517.269639639461
 10
845.4510016548238
 20
517.4324431332366
 10
845.146377105135
 20
517.5487313430763
 10
844.7937204687734
 20
517.6185042689801
 10
844.3930317457387
 20
517.641761910948
 10
844.151228109409
 20
517.6365795015965
 10
843.9273733054675
 20
517.6210322735418
 10
843.7214673339145
 20
517.595120226784
 10
843.5335101947496
 20
517.5588433613232
 10
843.3635018879731
 20
517.5122016771593
 10
843.2114424135849
 20
517.4551951742922
 10
843.077331771585
 20
517.387823852722
 10
842.9611699619734
 20
517.3100877124488
 10
842.7735920234928
 20
517.1371722004262
 10
842.639607781721
 20
516.950099862858
 10
842.5592172366579
 20
516.7488706997441
 10
842.5324203883035
 20
516.5334847110845
 10
842.5435436083751
 20
516.3954556620139
 10
842.57691326859
 20
516.2645050257162
 10
842.6325293689481
 20
516.1406328021912
 10
842.7103919094495
 20
516.0238389914392
 10
842.8120176928311
 20
515.9115955888983
 10
842.9389235218301
 20
515.8094642046043
 10
843.0911093964464
 20
515.7174448385573
 10
843.2685753166801
 20
515.6355374907571
 10
843.3364522391626
 20
515.612027048333
 10
843.4308732095433
 20
515.5819437940484
 10
843.5518382278221
 20
515.5452877279032
 10
843.6993472939993
 20
515.5020588498976
 10
843.8734004080745
 20
515.4522571600315
 10
844.073997570048
 20
515.3958826583049
 10
844.3011387799197
 20
515.3329353447177
 10
844.5548240376896
 20
515.2634152192701
 10
844.9265039083783
 20
515.162611037371
 10
845.268985326379
 20
515.0664836639111
 10
845.5822682916918
 20
514.9750330988904
 10
845.8663528043164
 20
514.8882593423089
 10
846.1212388642532
 20
514.8061623941667
 10
846.3469264715018
 20
514.7287422544636
 10
846.5434156260625
 20
514.6559989231997
 10
846.7107063279351
 20
514.587932400375
 10
846.9996572493411
 20
514.4415609362508
 10
847.2557441114446
 20
514.265359018298
 10
847.4789669142457
 20
514.0593266465169
 10
847.6693256577441
 20
513.8234638209071
 10
847.8215115323604
 20
513.5575177410129
 10
847.9302157285149
 20
513.2612356063778
 10
847.9954382462076
 20
512.934617417002
 10
848.0171790854386
 20
512.5776631728853
 10
847.9906350375404
 20
512.2189393255754
 10
847.9110028938458
 20
511.8708330974249
 10
847.7782826543548
 20
511.53334448843356
 10
847.5924743190675
 20
511.20647349860155
 10
847.3566114934579
 20
510.90311295119363
 10
847.073727783
 20
510.6361556694747
 10
846.7438231876938
 20
510.4056016534447
 10
846.3668977075395
 20
510.21145090310364
 10
845.9533161612401
 20
510.0574954252941
 10
845.5134433674986
 20
509.9475272268587
 10
845.0472793263151
 20
509.8815463077975
 10
844.5548240376896
 20
509.85955266811044
 10
844.1486369047333
 20
509.8704230877259
 10
843.7673506167099
 20
509.9030343465722
 10
843.4109651736196
 20
509.9573864446495
 10
843.0794805754624
 20
510.03347938195765
 10
842.7728968222383
 20
510.1313131584967
 10
842.4912139139473
 20
510.25088777426663
 10
842.2344318505893
 20
510.3922032292675
 10
842.0025506321643
 20
510.5552595234993
 10
841.7930422541108
 20
510.73967745627766
 10
841.6033787118668
 20
510.9450778269184
 10
841.4335600054324
 20
511.17146063542157
 10
841.2835861348076
 20
511.4188258817871
 10
841.1534570999924
 20
511.687173566015
 10
841.0431729009867
 20
511.9765036881053
 10
840.9527335377908
 20
512.286816248058
 10
840.8821390104044
 20
512.618111245873
  0
LWPOLYLINE
  5
BA
330
17
100
AcDbEntity
  8
line engraving
 62
1
420
16711680
100
AcDbPolyline
 90
57
 70
0
 10
854.3513473153158
 20
510.0537034184515
 10
854.3513473153158
 20
521.9130784184515
 10
855.8074779428738
 20
521.9130784184515
 10
855.8074779428738
 20
517.6579411401432
 10
856.0706432177501
 20
517.934757639653
 10
856.3504933227339
 20
518.1746652725614
 10
856.6470282578251
 20
518.3776640388685
 10
856.9602480230238
 20
518.5437539385744
 10
857.2901526183299
 20
518.6729349716788
 10
857.6367420437434
 20
518.7652071381821
 10
858.0000162992644
 20
518.820570438084
 10
858.3799753848929
 20
518.8390248713847
 10
858.8415890178652
 20
518.8155144289606
 10
859.2718553942722
 20
518.7449831016883
 10
859.6707745141135
 20
518.6274308895677
 10
860.0383463773894
 20
518.4628577925988
 10
860.3652173672215
 20
518.2568254208176
 10
860.6420338667313
 20
518.0148953842598
 10
860.8687958759186
 20
517.7370676829254
 10
861.0455033947837
 20
517.4233423168143
 10
861.1166035230825
 20
517.2481516006862
 10
861.1782236342747
 20
517.0542536508015
 10
861.2303637283604
 20
516.8416484671598
 10
861.2730238053397
 20
516.6103360497611
 10
861.3062038652124
 20
516.3603163986058
 10
861.3299039079786
 20
516.0915895136936
 10
861.3441239336385
 20
515.8041553950246
 10
861.3488639421917
 20
515.4980140425988
 10
861.3488639421917
 20
510.0537034184515
 10
859.8927333146337
 20
510.0537034184515
 10
859.8927333146337
 20
515.4980140425988
 10
859.8853389012907
 20
515.7617481185016
 10
859.8631556612614
 20
516.0069013608756
 10
859.826183594546
 20
516.233473769721
 10
859.7744227011447
 20
516.4414653450374
 10
859.707872981057
 20
516.6308760868253
 10
859.6265344342833
 20
516.8017059950844
 10
859.5304070608233
 20
516.9539550698147
 10
859.4194908606773
 20
517.0876233110163
 10
859.1583479894504
 20
517.3052845037814
 10
858.8481618297258
 20
517.460756784328
 10
858.4889323815036
 20
517.554040152656
 10
858.0806596447837
 20
517.5851346087653
 10
857.7618782695492
 20
517.564152170903
 10
857.4527033116493
 20
517.5012048573158
 10
857.1531347710841
 20
517.3962926680039
 10
856.8631726478533
 20
517.2494156029672
 10
856.5984905702398
 20
517.0666408731539
 10
856.3747621665266
 20
516.8540356895122
 10
856.1919874367132
 20
516.611600052042
 10
856.0501663808001
 20
516.3393339607435
 10
855.9439901892073
 20
516.0248501932639
 10
855.8681500523553
 20
515.655761527251
 10
855.8226459702441
 20
515.2320679627046
 10
855.8074779428738
 20
514.7537694996248
 10
855.8074779428738
 20
510.0537034184515
 10
854.3513473153158
 20
510.0537034184515
  0
LWPOLYLINE
  5
BB
330
17
100
AcDbEntity
  8
line engraving
 62
1
420
16711680
100
AcDbPolyline
 90
22
 70
0
 10
863.9456302280033
 20
510.0537034184515
 10
863.9456302280033
 20
511.7120744109481
 10
865.6040012205
 20
511.7120744109481
 10
865.6040012205
 20
510.0537034184515
 10
865.5837771840061
 20
509.6186338333773
 10
865.5231050745246
 20
509.2275515276773
 10
865.4219848920552
 20
508.88045650135143
 10
865.2804166365981
 20
508.5773487543997
 10
865.094861101767
 20
508.3121610758739
 10
864.8617790811752
 20
508.078826254826
 10
864.581170574823
 20
507.8773442912559
 10
864.25303558271
 20
507.70771518516364
 10
863.8485548528329
 20
508.33061550917455
 10
864.0639408414925
 20
508.443617313084
 10
864.2489907754114
 20
508.58038235987374
 10
864.4037046545893
 20
508.74091064954376
 10
864.5280824790266
 20
508.9252021820941
 10
864.6251578541971
 20
509.14286337485925
 10
864.697964385575
 20
509.4035006451739
 10
864.7465020731603
 20
509.707113993038
 10
864.7707709169529
 20
510.0537034184515
 10
863.9456302280033
 20
510.0537034184515
  0
LWPOLYLINE
  5
BC
330
17
100
AcDbEntity
  8
line engraving
 62
1
420
16711680
100
AcDbPolyline
 90
5
 70
0
 10
868.1764986625191
 20
520.2385281967598
 10
868.1764986625191
 20
521.9130784184515
 10
869.632629290077
 20
521.9130784184515
 10
869.632629290077
 20
520.2385281967598
 10
868.1764986625191
 20
520.2385281967598
  0
LWPOLYLINE
  5
BD
330
17
100
AcDbEntity
  8
line engraving
 62
1
420
16711680
100
AcDbPolyline
 90
5
 70
0
 10
868.1764986625191
 20
510.0537034184515
 10
868.1764986625191
 20
518.6448741210436
 10
869.632629290077
 20
518.6448741210436
 10
869.632629290077
 20
510.0537034184515
 10
868.1764986625191
 20
510.0537034184515
  0
LWPOLYLINE
  5
BE
330
17
100
AcDbEntity
  8
line engraving
 62
1
420
16711680
100
AcDbPolyline
 90
22
 70
0
 10
872.2293955758887
 20
510.0537034184515
 10
872.2293955758887
 20
511.7120744109481
 10
873.8877665683854
 20
511.7120744109481
 10
873.8877665683854
 20
510.0537034184515
 10
873.8675425318914
 20
509.6186338333773
 10
873.8068704224099
 20
509.2275515276773
 10
873.7057502399406
 20
508.88045650135143
 10
873.5641819844835
 20
508.5773487543997
 10
873.3786264496524
 20
508.3121610758739
 10
873.1455444290607
 20
508.078826254826
 10
872.8649359227084
 20
507.8773442912559
 10
872.5368009305954
 20
507.70771518516364
 10
872.1323202007183
 20
508.33061550917455
 10
872.3477061893778
 20
508.443617313084
 10
872.5327561232966
 20
508.58038235987374
 10
872.6874700024747
 20
508.74091064954376
 10
872.811847826912
 20
508.9252021820941
 10
872.9089232020825
 20
509.14286337485925
 10
872.9817297334604
 20
509.4035006451739
 10
873.0302674210457
 20
509.707113993038
 10
873.0545362648382
 20
510.0537034184515
 10
872.2293955758887
 20
510.0537034184515
  0
LWPOLYLINE
  5
BF
330
17
100
AcDbEntity
  8
line engraving
 62
1
420
16711680
100
AcDbPolyline
 90
105
 70
0
 10
876.1852171140879
 20
509.3418173338676
 10
877.6008996686583
 20
509.13148735433145
 10
877.6651109845262
 20
508.82610440327414
 10
877.7687591715572
 20
508.56521433250333
 10
877.9118442297513
 20
508.348817142019
 10
878.0943661591084
 20
508.1769128318212
 10
878.3901426928311
 20
507.99995251249993
 10
878.7354681159638
 20
507.8735522844133
 10
879.1303424285064
 20
507.7977121475613
 10
879.5747656304591
 20
507.772432101944
 10
880.0515472908019
 20
507.7977121475613
 10
880.470690447137
 20
507.8735522844133
 10
880.8321950994648
 20
507.99995251249993
 10
881.136061247785
 20
508.1769128318212
 10
881.3888617039584
 20
508.3993772332537
 10
881.597169279845
 20
508.6622897076739
 10
881.7609839754454
 20
508.9656502550818
 10
881.8803057907592
 20
509.30945887547745
 10
881.9067234384293
 20
509.43598550379215
 10
881.9293490792568
 20
509.59310098730384
 10
881.9481827132416
 20
509.78080532601246
 10
881.9632243403839
 20
509.9990985199181
 10
881.9744739606837
 20
510.2479805690207
 10
881.9819315741408
 20
510.5274514733202
 10
881.9855971807553
 20
510.8375112328167
 10
881.9854707805273
 20
511.1781598475102
 10
881.7394959366707
 20
510.91461537194954
 10
881.478858666356
 20
510.68621015979704
 10
881.2035589695834
 20
510.49294421105253
 10
880.9135968463527
 20
510.3348175257162
 10
880.6089722966639
 20
510.21183010378786
 10
880.289685320517
 20
510.1239819452677
 10
879.9557359179122
 20
510.0712730501555
 10
879.6071240888492
 20
510.0537034184515
 10
879.1767313122142
 20
510.0736746544892
 10
878.7713657807404
 20
510.13358836260227
 10
878.3910274944277
 20
510.23344454279066
 10
878.0357164532762
 20
510.3732431950545
 10
877.7054326572859
 20
510.55298431939366
 10
877.4001761064567
 20
510.77266791580826
 10
877.1199468007886
 20
511.0322939842982
 10
876.8647447402817
 20
511.3318625248635
 10
876.6372243297258
 20
511.659365515836
 10
876.4400399739106
 20
512.0027949355474
 10
876.2731916728362
 20
512.3621507839977
 10
876.1366794265027
 20
512.7374330611868
 10
876.0305032349099
 20
513.128641767115
 10
875.954663098058
 20
513.535776901782
 10
875.9091590159467
 20
513.958838465188
 10
875.8939909885763
 20
514.3978264573328
 10
875.9217990387554
 20
515.000755545306
 10
876.0052231892926
 20
515.579921390399
 10
876.1442634401878
 20
516.1353239926116
 10
876.3389197914413
 20
516.666963351944
 10
876.5864114380349
 20
517.1571434364639
 10
876.8839575749508
 20
517.5881682142394
 10
877.231558202189
 20
517.9600376852702
 10
877.6292133197496
 20
518.2727518495566
 10
878.0703501157719
 20
518.5204962966064
 10
878.5483957783956
 20
518.6974566159276
 10
879.0633503076206
 20
518.8036328075204
 10
879.6152137034468
 20
518.8390248713847
 10
879.9870831744777
 20
518.8198120367156
 10
880.3422678154011
 20
518.7621735327081
 10
880.6807676262171
 20
518.6661093593622
 10
881.0025826069256
 20
518.531619516678
 10
881.3077127575267
 20
518.3587040046555
 10
881.5961580780204
 20
518.1473628232947
 10
881.8679185684066
 20
517.8975959725955
 10
882.1229942286855
 20
517.6094034525579
 10
882.1229942286855
 20
518.6448741210436
 10
883.4658702518778
 20
518.6448741210436
 10
883.4658702518778
 20
511.2186079204979
 10
883.4594870403595
 20
510.7353166484087
 10
883.4403374058044
 20
510.28855504223645
 10
883.4084213482125
 20
509.8783231019813
 10
883.3637388675838
 20
509.5046208276432
 10
883.3062899639185
 20
509.1674482192221
 10
883.2360746372163
 20
508.866805276718
 10
883.1530928874776
 20
508.602692000131
 10
883.0573447147019
 20
508.37510838946105
 10
882.8232514922854
 20
507.9784644737252
 10
882.5294973622122
 20
507.6258078373635
 10
882.1760823244819
 20
507.31713848037595
 10
881.7630063790948
 20
507.0524564027626
 10
881.2945671338057
 20
506.84010401957704
 10
880.7750621963696
 20
506.688423745873
 10
880.2044915667866
 20
506.5974155816507
 10
879.5828552450565
 20
506.5670795269099
 10
879.2078257683235
 20
506.5778867464113
 10
878.8512507248911
 20
506.6103084049155
 10
878.5131301147594
 20
506.6643445024225
 10
878.1934639379283
 20
506.7399950389324
 10
877.8922521943979
 20
506.83726001444506
 10
877.609494884168
 20
506.9561394289605
 10
877.3451920072389
 20
507.0966332824788
 10
877.0993435636104
 20
507.25874157499993
 10
876.8780167642308
 20
507.44259070675196
 10
876.687278820048
 20
507.64830707796295
 10
876.5271297310622
 20
507.8758906886329
 10
876.3975694972735
 20
508.12534153876186
 10
876.2985981186816
 20
508.3966596283498
 10
876.2302155952867
 20
508.68984495739676
 10
876.1924219270888
 20
509.00489752590266
 10
876.1852171140879
 20
509.3418173338676
  0
LWPOLYLINE
  5
C0
330
17
100
AcDbEntity
  8
line engraving
 62
1
420
16711680
100
AcDbPolyline
 90
65
 70
0
 10
877.390569689122
 20
514.5029914471008
 10
877.4010609080532
 20
514.094592310153
 10
877.4325345648467
 20
513.7147596247527
 10
877.4849906595027
 20
513.3634933908999
 10
877.5584291920211
 20
513.0407936085948
 10
877.6528501624018
 20
512.7466602778371
 10
877.7682535706449
 20
512.4810933986272
 10
877.9046394167503
 20
512.2440929709647
 10
878.0620077007183
 20
512.0356589948499
 10
878.2351760131969
 20
511.8536426664051
 10
878.4189619448349
 20
511.69589518175303
 10
878.6133654956321
 20
511.56241654089354
 10
878.8183866655886
 20
511.4532067438267
 10
879.0340254547044
 20
511.36826579055247
 10
879.2602818629795
 20
511.3075936810709
 10
879.4971558904139
 20
511.2711904153819
 10
879.7446475370075
 20
511.2590559934856
 10
879.9903695804079
 20
511.2711272152679
 10
880.2259796055614
 20
511.30734088061473
 10
880.4514776124679
 20
511.36769698952605
 10
880.6668636011275
 20
511.45219554200196
 10
880.8721375715402
 20
511.56083653804245
 10
881.067299523706
 20
511.6936199776475
 10
881.2523494576247
 20
511.850545860817
 10
881.4272873732966
 20
512.0316141875511
 10
881.5865516606858
 20
512.2384681608148
 10
881.7245807097564
 20
512.4727509835734
 10
881.8413745205085
 20
512.7344626558269
 10
881.936933092942
 20
513.023603177575
 10
882.0112564270569
 20
513.3401725488179
 10
882.0643445228533
 20
513.6841707695557
 10
882.0961973803312
 20
514.0555978397883
 10
882.1068149994904
 20
514.4544537595157
 10
882.095881379761
 20
514.8366880492497
 10
882.0630805205725
 20
515.194653495191
 10
882.008412421925
 20
515.5283500973396
 10
881.9318770838186
 20
515.8377778556958
 10
881.8334745062531
 20
516.1229367702591
 10
881.7132046892286
 20
516.38382684103
 10
881.5710676327452
 20
516.6204480680082
 10
881.4070633368028
 20
516.8328004511936
 10
881.2276382130339
 20
517.0205047899022
 10
881.0392386730707
 20
517.1831818834498
 10
880.8418647169134
 20
517.3208317318362
 10
880.635516344562
 20
517.4334543350614
 10
880.4201935560164
 20
517.5210496931254
 10
880.1958963512767
 20
517.5836178060283
 10
879.9626247303428
 20
517.62115867377
 10
879.7203786932148
 20
517.6336722963506
 10
879.4822406634996
 20
517.6213482741122
 10
879.2532034502067
 20
517.5843762073968
 10
879.0332670533359
 20
517.5227560962046
 10
878.8224314728874
 20
517.4364879405355
 10
878.6206967088611
 20
517.3255717403894
 10
878.428062761257
 20
517.1900074957665
 10
878.2445296300752
 20
517.0297952066667
 10
878.0700973153157
 20
516.84493487309
 10
877.9108330279265
 20
516.6358056957206
 10
877.772803978856
 20
516.4027868752429
 10
877.6560101681039
 20
516.1458784116569
 10
877.5604515956704
 20
515.8650803049624
 10
877.4861282615555
 20
515.5603925551595
 10
877.4330401657592
 20
515.2318151622484
 10
877.4011873082812
 20
514.8793481262288
 10
877.390569689122
 20
514.5029914471008
  0
LWPOLYLINE
  5
C1
330
17
100
AcDbEntity
  8
cut
 62
5
420
255
100
AcDbPolyline
 90
3
 70
1
 10
315.2928340049889
 20
658.1255167189549
 10
408.32767169686986
 20
798.8185349676145
 10
408.32767169686986
 20
572.6100786736517
  0
CIRCLE
  5
C2
330
17
100
AcDbEntity
  8
cut
 62
5
420
255
100
AcDbCircle
 10
276.1646790648015
 20
653.3432295655155
 30
0.0
 40
4.4
  0
LWPOLYLINE
  5
C3
330
17
100
AcDbEntity
  8
cut
 62
5
420
255
100
AcDbPolyline
 90
2
 70
1
 10
429.46945624065165
 20
512.4712912004164
 42
0.9972646038391172
 10
447.14140674867895
 20
496.2325152740491
 42
0.9972646038394608
  0
LWPOLYLINE
  5
C4
330
17
100
AcDbEntity
  8
cut
 62
5
420
255
100
AcDbPolyline
 90
7
 70
1
 10
255.8628358265214
 20
631.2562387988173
 10
417.98134805419795
 20
482.2407094299466
 42
0.4145782399340892
 10
460.39543924007694
 20
484.0533693642192
 42
0.188241269212927
 10
468.32767169686986
 20
504.3761062778085
 10
468.32767169686986
 20
898.5761062778085
 42
0.743511322855691
 10
413.30390876706406
 20
915.1233504239766
 10
251.14091613497214
 20
669.8904737116478
 42
0.3683575668124177
  0
CIRCLE
  5
C5
330
17
100
AcDbEntity
  8
cut
 62
5
420
255
100
AcDbCircle
 10
438.32767169686986
 20
898.5761062778088
 30
0.0
 40
4.4
  0
LWPOLYLINE
  5
C6
330
17
100
AcDbEntity
  8
line engraving
 62
1
420
16711680
100
AcDbPolyline
 90
7
 70
0
 10
432.6016399752882
 20
807.2701323924122
 10
420.7422649752882
 20
807.2701323924122
 10
420.7422649752882
 20
808.8395176243357
 10
431.20213664991303
 20
808.8395176243357
 10
431.20213664991303
 20
814.6802193637628
 10
432.6016399752882
 20
814.6802193637628
 10
432.6016399752882
 20
807.2701323924122
  0
LWPOLYLINE
  5
C7
330
17
100
AcDbEntity
  8
line engraving
 62
1
420
16711680
100
AcDbPolyline
 90
5
 70
0
 10
422.4168151969799
 20
816.3709488146495
 10
420.7422649752882
 20
816.3709488146495
 10
420.7422649752882
 20
817.8270794422075
 10
422.4168151969799
 20
817.8270794422075
 10
422.4168151969799
 20
816.3709488146495
  0
LWPOLYLINE
  5
C8
330
17
100
AcDbEntity
  8
line engraving
 62
1
420
16711680
100
AcDbPolyline
 90
5
 70
0
 10
432.6016399752882
 20
816.3709488146495
 10
424.0104692726961
 20
816.3709488146495
 10
424.0104692726961
 20
817.8270794422075
 10
432.6016399752882
 20
817.8270794422075
 10
432.6016399752882
 20
816.3709488146495
  0
LWPOLYLINE
  5
C9
330
17
100
AcDbEntity
  8
line engraving
 62
1
420
16711680
100
AcDbPolyline
 90
61
 70
0
 10
432.6016399752882
 20
820.0436338419347
 10
424.0104692726961
 20
820.0436338419347
 10
424.0104692726961
 20
821.3541514067368
 10
425.2320010769253
 20
821.3541514067368
 10
424.9002004781979
 20
821.603918257436
 10
424.61263995930085
 20
821.8799763555772
 10
424.36931952023406
 20
822.1823257011605
 10
424.17023916099765
 20
822.5109662941857
 10
424.0153988815915
 20
822.865898134653
 10
423.9047986820157
 20
823.2471212225622
 10
423.8384385622702
 20
823.6546355579136
 10
423.81631852235506
 20
824.0884411407069
 10
423.833761753831
 20
824.4689058272477
 10
423.88609144825887
 20
824.8336968855057
 10
423.97330760563864
 20
825.1828143154809
 10
424.09541022597034
 20
825.5162581171734
 10
424.2458264973934
 20
825.8213882677745
 10
424.4179836080474
 20
826.0855647444756
 10
424.6118815579323
 20
826.3087875472766
 10
424.8275203470481
 20
826.4910566761775
 10
425.0646471749386
 20
826.6407145462321
 10
425.3230092411477
 20
826.766103572494
 10
425.6026065456753
 20
826.8672237549633
 10
425.9034390885215
 20
826.94407509364
 10
426.14359952188613
 20
826.9794671575042
 10
426.4596000921027
 20
827.0047472031215
 10
426.8514407991712
 20
827.019915230492
 10
427.31912164309176
 20
827.0249712396154
 10
432.6016399752882
 20
827.0249712396154
 10
432.6016399752882
 20
825.5688406120574
 10
427.37574894527455
 20
825.5688406120574
 10
426.9588809930449
 20
825.5582229928982
 10
426.5981347420856
 20
825.5263701354204
 10
426.29351019239687
 20
825.473282039624
 10
426.0450073439785
 20
825.398958705509
 10
425.83568856626704
 20
825.2975857225836
 10
425.64861622869887
 20
825.1633486803555
 10
425.4837903312739
 20
824.996247578825
 10
425.34121087399217
 20
824.796282417992
 10
425.2261866664333
 20
824.5705316106292
 10
425.14402651817704
 20
824.3260735695097
 10
425.0947304292232
 20
824.0629082946333
 10
425.07829839957196
 20
823.7810357860002
 10
425.0875256162223
 20
823.5524409735056
 10
425.1152072661733
 20
823.3318093753803
 10
425.1613433494249
 20
823.1191409916245
 10
425.22593386597714
 20
822.9144358222381
 10
425.3089788158301
 20
822.7176938672213
 10
425.41047819898364
 20
822.528915126574
 10
425.53043201543784
 20
822.3480996002961
 10
425.6688402651927
 20
822.1752472883876
 10
425.83303416147726
 20
822.016931002709
 10
426.0303449175205
 20
821.879723555121
 10
426.2607725333224
 20
821.7636249456235
 10
426.52431700888303
 20
821.6686351742164
 10
426.82097834420233
 20
821.5947542408998
 10
427.15075653928034
 20
821.5419821456736
 10
427.51365159411705
 20
821.5103188885379
 10
427.90966350871247
 20
821.4997644694927
 10
432.6016399752882
 20
821.4997644694927
 10
432.6016399752882
 20
820.0436338419347
  0
LWPOLYLINE
  5
CA
330
17
100
AcDbEntity
  8
line engraving
 62
1
420
16711680
100
AcDbPolyline
 90
13
 70
0
 10
432.6016399752882
 20
829.2657944831352
 10
420.7422649752882
 20
829.2657944831352
 10
420.7422649752882
 20
830.7219251106932
 10
427.50518277883526
 20
830.7219251106932
 10
424.0104692726961
 20
834.1681009292471
 10
424.0104692726961
 20
836.0529811304749
 10
427.1977774241286
 20
832.768597603872
 10
432.6016399752882
 20
836.3846553289742
 10
432.6016399752882
 20
834.5887608883194
 10
428.2089792488216
 20
831.7493061645813
 10
429.195912229722
 20
830.7219251106932
 10
432.6016399752882
 20
830.7219251106932
 10
432.6016399752882
 20
829.2657944831352
  0
LWPOLYLINE
  5
CB
330
17
100
AcDbEntity
  8
line engraving
 62
1
420
16711680
100
AcDbPolyline
 90
159
 70
0
 10
430.03723214786663
 20
836.9590179653999
 10
429.8107229391354
 20
838.3989693637628
 10
430.21823727448674
 20
838.4866911220549
 10
430.57519151860333
 20
838.6285121779681
 10
430.88158567148537
 20
838.8244325315025
 10
431.1374197331327
 20
839.0744521826578
 10
431.339154497159
 20
839.3790767323466
 10
431.4832507571777
 20
839.7388117814811
 10
431.56970851318897
 20
840.1536573300614
 10
431.5985277651927
 20
840.6236133780875
 10
431.59214455367436
 20
840.8663018160138
 10
431.57299491911925
 20
841.0928110247451
 10
431.54107886152735
 20
841.3031410042812
 10
431.4963963808987
 20
841.4972917546222
 10
431.43894747723334
 20
841.6752632757682
 10
431.36873215053123
 20
841.8370555677191
 10
431.2857504007924
 20
841.9826686304749
 10
431.19000222801674
 20
842.1121024640356
 10
430.9768914434627
 20
842.3244548472212
 10
430.7460846269765
 20
842.4761351209252
 10
430.49758177855813
 20
842.5671432851475
 10
430.2313828982077
 20
842.5974793398883
 10
429.9977952767036
 20
842.570682491534
 10
429.7904989026415
 20
842.4902919464708
 10
429.60949377602145
 20
842.356307704699
 10
429.45477989684343
 20
842.1687297662185
 10
429.40459900629304
 20
842.0799968061017
 10
429.3511317098124
 20
841.9634557958058
 10
429.2943780074015
 20
841.8191067353308
 10
429.2343378990604
 20
841.6469496246768
 10
429.171011384789
 20
841.4469844638438
 10
429.1043984645873
 20
841.2192112528318
 10
429.0344991384554
 20
840.9636299916406
 10
428.96131340639323
 20
840.6802406802703
 10
428.8618996270031
 20
840.2951623854044
 10
428.76589865377133
 20
839.9407993459636
 10
428.67331048669786
 20
839.6171515619477
 10
428.5841351257827
 20
839.3242190333569
 10
428.498372571026
 20
839.0620017601913
 10
428.4160228224275
 20
838.8304997424506
 10
428.33708587998746
 20
838.629712980135
 10
428.26156174370567
 20
838.4596414732443
 10
428.0997694517548
 20
838.1689209486451
 10
427.90966350871247
 20
837.9156148915595
 10
427.6912439145788
 20
837.6997233019875
 10
427.4445106693537
 20
837.5212461799292
 10
427.1767949862662
 20
837.3814475276654
 10
426.89542807854536
 20
837.2815913474769
 10
426.6004099461912
 20
837.2216776393639
 10
426.29174058920364
 20
837.2017064033262
 10
426.0098680805704
 20
837.2181384329774
 10
425.73861319109653
 20
837.2674345219312
 10
425.4779759207819
 20
837.3495946701876
 10
425.22795626962653
 20
837.4646188777464
 10
424.9936102467539
 20
837.6079567363967
 10
424.7799938612875
 20
837.7750578379272
 10
424.5871071132273
 20
837.965922182338
 10
424.41495000257333
 20
838.1805497696291
 10
424.2943641849787
 20
838.3658525040041
 10
424.18338478471867
 20
838.5819968940323
 10
424.08201180179316
 20
838.8289829397135
 10
423.99024523620227
 20
839.1068106410479
 10
423.9141522988941
 20
839.4053679797885
 10
423.85980020081684
 20
839.7145429376884
 10
423.8271889419705
 20
840.0343355147476
 10
423.81631852235506
 20
840.3647457109661
 10
423.8345201551995
 20
840.854925795486
 10
423.889125053733
 20
841.3142642243529
 10
423.9801332179553
 20
841.7427609975665
 10
424.10754464786663
 20
842.1404161151271
 10
424.26605053388727
 20
842.4976231596999
 10
424.4503420664376
 20
842.8047757139504
 10
424.6604192455176
 20
843.0618737778785
 10
424.89628207112725
 20
843.2689173514844
 10
425.16602015786407
 20
843.4367768543835
 10
425.4777231203257
 20
843.5763227061911
 10
425.8313909585121
 20
843.6875549069074
 10
426.2270236724233
 20
843.7704734565323
 10
426.42117442276435
 20
842.3467012873645
 10
426.10770185710953
 20
842.2751587582674
 10
425.83063255714364
 20
842.1576065461468
 10
425.5899665228667
 20
841.9940446510027
 10
425.38570375427867
 20
841.7844730728351
 10
425.2229002605031
 20
841.5278806098192
 10
425.1066120506634
 20
841.2232560601304
 10
425.0368391247595
 20
840.8705994237688
 10
425.0135814827916
 20
840.4699107007341
 10
425.01876389214317
 20
840.2281070644044
 10
425.0343111201978
 20
840.004252260463
 10
425.06022316695555
 20
839.7983462889099
 10
425.09650003241643
 20
839.6103891497451
 10
425.14314171658043
 20
839.4403808429686
 10
425.2001482194475
 20
839.2883213685803
 10
425.2675195410177
 20
839.1542107265805
 10
425.34525568129095
 20
839.0380489169688
 10
425.51817119331344
 20
838.8504709784883
 10
425.70524353088166
 20
838.7164867367164
 10
425.90647269399557
 20
838.6360961916533
 10
426.1218586826552
 20
838.609299343299
 10
426.2598877317258
 20
838.6204225633705
 10
426.39083836802354
 20
838.6537922235855
 10
426.51471059154846
 20
838.7094083239435
 10
426.6315044023005
 20
838.787270864445
 10
426.7437478048414
 20
838.8888966478265
 10
426.8458791891354
 20
839.0158024768256
 10
426.93789855518247
 20
839.1679883514419
 10
427.0198059029826
 20
839.3454542716755
 10
427.0433163454067
 20
839.413331194158
 10
427.07339959969136
 20
839.5077521645387
 10
427.11005566583646
 20
839.6287171828176
 10
427.1532845438421
 20
839.7762262489947
 10
427.20308623370823
 20
839.95027936307
 10
427.25946073543486
 20
840.1508765250435
 10
427.322408049022
 20
840.3780177349151
 10
427.3919281744696
 20
840.6317029926851
 10
427.4927323563687
 20
841.0033828633738
 10
427.5888597298286
 20
841.3458642813745
 10
427.6803102948493
 20
841.6591472466872
 10
427.76708405143074
 20
841.9432317593119
 10
427.84918099957304
 20
842.1981178192486
 10
427.9266011392761
 20
842.4238054264972
 10
427.99934447053994
 20
842.6202945810579
 10
428.0674109933646
 20
842.7875852829305
 10
428.21378245748895
 20
843.0765362043365
 10
428.3899843754417
 20
843.3326230664401
 10
428.5960167472229
 20
843.5558458692411
 10
428.8318795728325
 20
843.7462046127396
 10
429.0978256527268
 20
843.8983904873559
 10
429.39410778736186
 20
844.0070946835103
 10
429.7207259767377
 20
844.0723172012031
 10
430.07768022085435
 20
844.094058040434
 10
430.4364040681642
 20
844.0675139925359
 10
430.7845102963148
 20
843.9878818488412
 10
431.12199890530616
 20
843.8551616093503
 10
431.44886989513816
 20
843.6693532740629
 10
431.7522304425461
 20
843.4334904484533
 10
432.019187724265
 20
843.1506067379954
 10
432.249741740295
 20
842.8207021426892
 10
432.4438924906361
 20
842.4437766625349
 10
432.5978479684456
 20
842.0301951162355
 10
432.707816166881
 20
841.590322322494
 10
432.7737970859422
 20
841.1241582813105
 10
432.7957907256293
 20
840.6317029926851
 10
432.7849203060138
 20
840.2255158597287
 10
432.7523090471675
 20
839.8442295717053
 10
432.6979569490902
 20
839.487844128615
 10
432.62186401178207
 20
839.1563595304578
 10
432.524030235243
 20
838.8497757772337
 10
432.4044556194731
 20
838.5680928689427
 10
432.2631401644722
 20
838.3113108055848
 10
432.10008387024044
 20
838.0794295871598
 10
431.91566593746205
 20
837.8699212091062
 10
431.7102655668213
 20
837.6802576668622
 10
431.48388275831815
 20
837.5104389604278
 10
431.23651751195257
 20
837.360465089803
 10
430.9681698277247
 20
837.2303360549878
 10
430.6788397056344
 20
837.1200518559822
 10
430.3685271456817
 20
837.0296124927862
 10
430.03723214786663
 20
836.9590179653999
  0
LWPOLYLINE
  5
CC
330
17
100
AcDbEntity
  8
line engraving
 62
1
420
16711680
100
AcDbPolyline
 90
57
 70
0
 10
432.6016399752882
 20
850.4282262703113
 10
420.7422649752882
 20
850.4282262703113
 10
420.7422649752882
 20
851.8843568978692
 10
424.99740225359653
 20
851.8843568978692
 10
424.7205857540868
 20
852.1475221727455
 10
424.4806781211784
 20
852.4273722777293
 10
424.2776793548713
 20
852.7239072128206
 10
424.1115894551654
 20
853.0371269780193
 10
423.98240842206087
 20
853.3670315733253
 10
423.89013625555765
 20
853.7136209987389
 10
423.8347729556557
 20
854.0768952542599
 10
423.81631852235506
 20
854.4568543398883
 10
423.83982896477914
 20
854.9184679728606
 10
423.9103602920515
 20
855.3487343492676
 10
424.02791250417204
 20
855.747653469109
 10
424.19248560114085
 20
856.1152253323849
 10
424.39851797292204
 20
856.4420963222169
 10
424.6404480094799
 20
856.7189128217267
 10
424.9182757108143
 20
856.9456748309141
 10
425.2320010769253
 20
857.1223823497792
 10
425.40719179305336
 20
857.193482478078
 10
425.60108974293826
 20
857.2551025892701
 10
425.81369492657996
 20
857.3072426833559
 10
426.0450073439785
 20
857.3499027603351
 10
426.29502699513387
 20
857.3830828202078
 10
426.563753880046
 20
857.4067828629741
 10
426.85118799871503
 20
857.4210028886339
 10
427.15732935114085
 20
857.4257428971871
 10
432.6016399752882
 20
857.4257428971871
 10
432.6016399752882
 20
855.9696122696291
 10
427.15732935114085
 20
855.9696122696291
 10
426.8935952752381
 20
855.9622178562861
 10
426.64844203286407
 20
855.9400346162569
 10
426.42186962401877
 20
855.9030625495415
 10
426.2138780487022
 20
855.8513016561401
 10
426.0244673069144
 20
855.7847519360524
 10
425.85363739865534
 20
855.7034133892787
 10
425.701388323925
 20
855.6072860158188
 10
425.5677200827234
 20
855.4963698156728
 10
425.35005888995823
 20
855.2352269444458
 10
425.19458660941166
 20
854.9250407847212
 10
425.10130324108377
 20
854.565811336499
 10
425.07020878497445
 20
854.1575385997792
 10
425.0911912228368
 20
853.8387572245447
 10
425.15413853642394
 20
853.5295822666448
 10
425.25905072573585
 20
853.2300137260795
 10
425.4059277907725
 20
852.9400516028487
 10
425.5887025205858
 20
852.6753695252353
 10
425.8013077042275
 20
852.451641121522
 10
426.0437433416977
 20
852.2688663917087
 10
426.3160094329963
 20
852.1270453357955
 10
426.6304932004758
 20
852.0208691442027
 10
426.99958186648877
 20
851.9450290073507
 10
427.42327543103517
 20
851.8995249252396
 10
427.90157389411496
 20
851.8843568978692
 10
432.6016399752882
 20
851.8843568978692
 10
432.6016399752882
 20
850.4282262703113
  0
LWPOLYLINE
  5
CD
330
17
100
AcDbEntity
  8
line engraving
 62
1
420
16711680
100
AcDbPolyline
 90
22
 70
0
 10
432.6016399752882
 20
860.0225091829988
 10
430.9432689827916
 20
860.0225091829988
 10
430.9432689827916
 20
861.6808801754954
 10
432.6016399752882
 20
861.6808801754954
 10
433.0367095603624
 20
861.6606561390015
 10
433.4277918660624
 20
861.59998402952
 10
433.7748868923883
 20
861.4988638470506
 10
434.07799463934003
 20
861.3572955915936
 10
434.3431823178658
 20
861.1717400567625
 10
434.5765171389137
 20
860.9386580361706
 10
434.7779991024838
 20
860.6580495298184
 10
434.9476282085761
 20
860.3299145377055
 10
434.32472788456516
 20
859.9254338078283
 10
434.2117260806557
 20
860.1408197964879
 10
434.074961033866
 20
860.3258697304068
 10
433.91443274419595
 20
860.4805836095848
 10
433.7301412116456
 20
860.604961434022
 10
433.51248001888047
 20
860.7020368091926
 10
433.2518427485658
 20
860.7748433405704
 10
432.94822940070173
 20
860.8233810281557
 10
432.6016399752882
 20
860.8476498719483
 10
432.6016399752882
 20
860.0225091829988
  0
LWPOLYLINE
  5
CE
330
17
100
AcDbEntity
  8
line engraving
 62
1
420
16711680
100
AcDbPolyline
 90
5
 70
0
 10
422.4168151969799
 20
864.2533776175145
 10
420.7422649752882
 20
864.2533776175145
 10
420.7422649752882
 20
865.7095082450725
 10
422.4168151969799
 20
865.7095082450725
 10
422.4168151969799
 20
864.2533776175145
  0
LWPOLYLINE
  5
CF
330
17
100
AcDbEntity
  8
line engraving
 62
1
420
16711680
100
AcDbPolyline
 90
5
 70
0
 10
432.6016399752882
 20
864.2533776175145
 10
424.0104692726961
 20
864.2533776175145
 10
424.0104692726961
 20
865.7095082450725
 10
432.6016399752882
 20
865.7095082450725
 10
432.6016399752882
 20
864.2533776175145
  0
LWPOLYLINE
  5
D0
330
17
100
AcDbEntity
  8
line engraving
 62
1
420
16711680
100
AcDbPolyline
 90
22
 70
0
 10
432.6016399752882
 20
868.3062745308841
 10
430.9432689827916
 20
868.3062745308841
 10
430.9432689827916
 20
869.9646455233808
 10
432.6016399752882
 20
869.9646455233808
 10
433.0367095603624
 20
869.9444214868869
 10
433.4277918660624
 20
869.8837493774054
 10
433.7748868923883
 20
869.782629194936
 10
434.07799463934003
 20
869.641060939479
 10
434.3431823178658
 20
869.4555054046479
 10
434.5765171389137
 20
869.2224233840561
 10
434.7779991024838
 20
868.9418148777038
 10
434.9476282085761
 20
868.6136798855908
 10
434.32472788456516
 20
868.2091991557137
 10
434.2117260806557
 20
868.4245851443733
 10
434.074961033866
 20
868.6096350782921
 10
433.91443274419595
 20
868.7643489574701
 10
433.7301412116457
 20
868.8887267819074
 10
433.51248001888047
 20
868.985802157078
 10
433.2518427485659
 20
869.0586086884558
 10
432.94822940070173
 20
869.1071463760411
 10
432.6016399752882
 20
869.1314152198337
 10
432.6016399752882
 20
868.3062745308841
  0
LWPOLYLINE
  5
D1
330
17
100
AcDbEntity
  8
line engraving
 62
1
420
16711680
100
AcDbPolyline
 90
105
 70
0
 10
433.3135260598721
 20
872.2620960690833
 10
433.52385603940826
 20
873.6777786236537
 10
433.82923899046557
 20
873.7419899395217
 10
434.0901290612364
 20
873.8456381265527
 10
434.3065262517207
 20
873.9887231847467
 10
434.4784305619185
 20
874.1712451141038
 10
434.6553908812398
 20
874.4670216478265
 10
434.78179110932643
 20
874.8123470709593
 10
434.8576312461784
 20
875.2072213835019
 10
434.8829112917957
 20
875.6516445854545
 10
434.8576312461784
 20
876.1284262457973
 10
434.78179110932643
 20
876.5475694021325
 10
434.6553908812398
 20
876.9090740544602
 10
434.4784305619185
 20
877.2129402027805
 10
434.255966160486
 20
877.4657406589538
 10
433.9930536860659
 20
877.6740482348405
 10
433.6896931386579
 20
877.8378629304408
 10
433.34588451826227
 20
877.9571847457546
 10
433.21935788994756
 20
877.9836023934247
 10
433.06224240643587
 20
878.0062280342522
 10
432.87453806772726
 20
878.0250616682371
 10
432.6562448738216
 20
878.0401032953794
 10
432.40736282471903
 20
878.0513529156791
 10
432.12789192041953
 20
878.0588105291363
 10
431.817832160923
 20
878.0624761357508
 10
431.4771835462295
 20
878.0623497355227
 10
431.7407280217902
 20
877.8163748916661
 10
431.96913323394267
 20
877.5557376213515
 10
432.1623991826872
 20
877.2804379245788
 10
432.32052586802354
 20
876.9904758013481
 10
432.44351328995185
 20
876.6858512516593
 10
432.531361448472
 20
876.3665642755125
 10
432.5840703435842
 20
876.0326148729076
 10
432.6016399752882
 20
875.6840030438447
 10
432.5816687392505
 20
875.2536102672096
 10
432.52175503113745
 20
874.8482447357359
 10
432.42189885094905
 20
874.4679064494231
 10
432.2821001986852
 20
874.1125954082717
 10
432.10235907434605
 20
873.7823116122813
 10
431.88267547793146
 20
873.4770550614521
 10
431.62304940944153
 20
873.1968257557841
 10
431.32348086887623
 20
872.9416236952771
 10
430.9959778779038
 20
872.7141032847212
 10
430.65254845819237
 20
872.5169189289061
 10
430.2931926097421
 20
872.3500706278317
 10
429.9179103325529
 20
872.2135583814982
 10
429.52670162662474
 20
872.1073821899054
 10
429.1195664919577
 20
872.0315420530534
 10
428.69650492855175
 20
871.9860379709421
 10
428.2575169364069
 20
871.9708699435718
 10
427.65458784843366
 20
871.9986779937508
 10
427.0754220033407
 20
872.082102144288
 10
426.5200194011281
 20
872.2211423951833
 10
425.9883800417957
 20
872.4157987464367
 10
425.49819995727574
 20
872.6632903930304
 10
425.06717517950034
 20
872.9608365299463
 10
424.6953057084695
 20
873.3084371571845
 10
424.3825915441832
 20
873.7060922747451
 10
424.1348470971334
 20
874.1472290707674
 10
423.95788677781206
 20
874.625274733391
 10
423.8517105862193
 20
875.140229262616
 10
423.81631852235506
 20
875.6920926584422
 10
423.83553135702425
 20
876.0639621294731
 10
423.8931698610317
 20
876.4191467703965
 10
423.98923403437755
 20
876.7576465812125
 10
424.12372387706176
 20
877.079461561921
 10
424.29663938908425
 20
877.3845917125221
 10
424.5079805704451
 20
877.6730370330158
 10
424.7577474211443
 20
877.944797523402
 10
425.0459399411818
 20
878.1998731836809
 10
424.0104692726961
 20
878.1998731836809
 10
424.0104692726961
 20
879.5427492068733
 10
431.4367354732418
 20
879.5427492068733
 10
431.92002674533103
 20
879.5363659953549
 10
432.36678835150326
 20
879.5172163607998
 10
432.7770202917584
 20
879.485300303208
 10
433.15072256609653
 20
879.4406178225793
 10
433.48789517451763
 20
879.383168918914
 10
433.7885381170217
 20
879.3129535922118
 10
434.0526513936087
 20
879.229971842473
 10
434.28023500427867
 20
879.1342236696973
 10
434.67687892001453
 20
878.9001304472808
 10
435.02953555637623
 20
878.6063763172076
 10
435.33820491336377
 20
878.2529612794773
 10
435.60288699097714
 20
877.8398853340902
 10
435.8152393741627
 20
877.3714460888011
 10
435.9669196478667
 20
876.851941151365
 10
436.057927812089
 20
876.281370521782
 10
436.08826386682983
 20
875.659734200052
 10
436.0774566473284
 20
875.2847047233189
 10
436.0450349888242
 20
874.9281296798865
 10
435.9909988913172
 20
874.5900090697548
 10
435.9153483548073
 20
874.2703428929237
 10
435.81808337929465
 20
873.9691311493933
 10
435.6992039647792
 20
873.6863738391635
 10
435.5587101112609
 20
873.4220709622343
 10
435.3966018187398
 20
873.1762225186059
 10
435.21275268698776
 20
872.9548957192262
 10
435.00703631577676
 20
872.7641577750435
 10
434.7794527051068
 20
872.6040086860577
 10
434.53000185497785
 20
872.4744484522689
 10
434.2586837653899
 20
872.3754770736771
 10
433.96549843634295
 20
872.3070945502822
 10
433.65044586783705
 20
872.2693008820843
 10
433.3135260598721
 20
872.2620960690833
  0
LWPOLYLINE
  5
D2
330
17
100
AcDbEntity
  8
line engraving
 62
1
420
16711680
100
AcDbPolyline
 90
65
 70
0
 10
428.1523519466388
 20
873.4674486441174
 10
428.5607510835867
 20
873.4779398630486
 10
428.94058376898704
 20
873.5094135198422
 10
429.2918500028398
 20
873.5618696144982
 10
429.61454978514496
 20
873.6353081470165
 10
429.90868311590253
 20
873.7297291173973
 10
430.1742499951125
 20
873.8451325256403
 10
430.41125042277497
 20
873.9815183717458
 10
430.61968439888983
 20
874.1388866557137
 10
430.8017007273346
 20
874.3120549681923
 10
430.9594482119867
 20
874.4958408998303
 10
431.0929268528462
 20
874.6902444506276
 10
431.20213664991303
 20
874.895265620584
 10
431.28707760318724
 20
875.1109044096999
 10
431.3477497126688
 20
875.3371608179749
 10
431.3841529783578
 20
875.5740348454093
 10
431.3962874002541
 20
875.8215264920029
 10
431.38421617847183
 20
876.0672485354033
 10
431.348002513125
 20
876.3028585605568
 10
431.28764640421366
 20
876.5283565674633
 10
431.20314785173775
 20
876.7437425561229
 10
431.09450685569726
 20
876.9490165265356
 10
430.96172341609224
 20
877.1441784787014
 10
430.8047975329227
 20
877.3292284126202
 10
430.6237292061886
 20
877.5041663282921
 10
430.41687523292484
 20
877.6634306156812
 10
430.18259241016625
 20
877.8014596647519
 10
429.9208807379129
 20
877.9182534755039
 10
429.63174021616476
 20
878.0138120479374
 10
429.3151708449218
 20
878.0881353820523
 10
428.971172624184
 20
878.1412234778487
 10
428.59974555395144
 20
878.1730763353266
 10
428.2008896342241
 20
878.1836939544859
 10
427.81865534449014
 20
878.1727603347564
 10
427.46068989854876
 20
878.1399594755679
 10
427.1269932964001
 20
878.0852913769204
 10
426.817565538044
 20
878.008756038814
 10
426.5324066234806
 20
877.9103534612485
 10
426.2715165527098
 20
877.7900836442241
 10
426.0348953257316
 20
877.6479465877406
 10
425.8225429425461
 20
877.4839422917983
 10
425.6348386038374
 20
877.3045171680293
 10
425.47216151028994
 20
877.1161176280661
 10
425.3345116619036
 20
876.9187436719088
 10
425.2218890586784
 20
876.7123952995574
 10
425.13429370061436
 20
876.4970725110119
 10
425.07172558771146
 20
876.2727753062721
 10
425.03418471996974
 20
876.0395036853382
 10
425.0216710973892
 20
875.7972576482102
 10
425.0339951196276
 20
875.5591196184951
 10
425.07096718634295
 20
875.3300824052021
 10
425.13258729753517
 20
875.1101460083313
 10
425.2188554532043
 20
874.8993104278828
 10
425.32977165335035
 20
874.6975756638566
 10
425.46533589797326
 20
874.5049417162525
 10
425.62554818707304
 20
874.3214085850707
 10
425.81040852064973
 20
874.1469762703111
 10
426.01953769801906
 20
873.987711982922
 10
426.25255651849676
 20
873.8496829338515
 10
426.5094649820828
 20
873.7328891230993
 10
426.7902630887773
 20
873.6373305506659
 10
427.0949508385801
 20
873.5630072165509
 10
427.4235282314913
 20
873.5099191207546
 10
427.7759952675109
 20
873.4780662632767
 10
428.1523519466388
 20
873.4674486441174
  0
ARC
  5
D3
330
17
100
AcDbEntity
  8
cut
 62
5
420
255
100
AcDbCircle
 10
613.2507927418743
 20
837.4915075453048
 30
0.0
 40
102.64500000000001
100
AcDbArc
 50
-12.89103940504332
 51
-9.608960594956784
  0
ARC
  5
D4
330
17
100
AcDbEntity
  8
cut
 62
5
420
255
100
AcDbCircle
 10
720.3714972788559
 20
819.3561640277234
 30
0.0
 40
6.0
100
AcDbArc
 50
83.55685157035437
 51
170.39103940504378
  0
LINE
  5
D5
330
17
100
AcDbEntity
  8
cut
 62
5
420
255
100
AcDbLine
 10
721.0448010153891
 20
825.3182661803513
 30
0.0
 11
725.301660685799
 21
824.8375364899482
 31
0.0
  0
SPLINE
  5
D6
330
17
100
AcDbEntity
  8
cut
 62
5
420
255
100
AcDbSpline
 70
4
 71
5
 72
81
 73
75
 74
0
 42
1e-09
 40
0.0
 40
0.0
 40
0.0
 40
0.0
 40
0.0
 40
0.0
 40
0.014285714285714285
 40
0.02857142857142857
 40
0.04285714285714286
 40
0.05714285714285714
 40
0.07142857142857142
 40
0.08571428571428572
 40
0.1
 40
0.1142857142857143
 40
0.1285714285714286
 40
0.14285714285714288
 40
0.15714285714285717
 40
0.17142857142857146
 40
0.18571428571428575
 40
0.20000000000000004
 40
0.21428571428571433
 40
0.22857142857142862
 40
0.2428571428571429
 40
0.2571428571428572
 40
0.27142857142857146
 40
0.28571428571428575
 40
0.30000000000000004
 40
0.31428571428571433
 40
0.3285714285714286
 40
0.3428571428571429
 40
0.3571428571428572
 40
0.3714285714285715
 40
0.3857142857142858
 40
0.4000000000000001
 40
0.41428571428571437
 40
0.42857142857142866
 40
0.44285714285714295
 40
0.45714285714285724
 40
0.47142857142857153
 40
0.4857142857142858
 40
0.5000000000000001
 40
0.5142857142857143
 40
0.5285714285714286
 40
0.5428571428571428
 40
0.557142857142857
 40
0.5714285714285713
 40
0.5857142857142855
 40
0.5999999999999998
 40
0.614285714285714
 40
0.6285714285714282
 40
0.6428571428571425
 40
0.6571428571428567
 40
0.6714285714285709
 40
0.6857142857142852
 40
0.6999999999999994
 40
0.7142857142857136
 40
0.7285714285714279
 40
0.7428571428571421
 40
0.7571428571428563
 40
0.7714285714285706
 40
0.7857142857142848
 40
0.799999999999999
 40
0.8142857142857133
 40
0.8285714285714275
 40
0.8428571428571418
 40
0.857142857142856
 40
0.8714285714285702
 40
0.8857142857142845
 40
0.8999999999999987
 40
0.9142857142857129
 40
0.9285714285714272
 40
0.9428571428571414
 40
0.9571428571428556
 40
0.9714285714285699
 40
0.9857142857142841
 40
1.0
 40
1.0
 40
1.0
 40
1.0
 40
1.0
 40
1.0
 41
1.0
 41
1.0
 41
1.0
 41
1.0
 41
1.0
 41
1.0
 41
1.0
 41
1.0
 41
1.0
 41
1.0
 41
1.0
 41
1.0
 41
1.0
 41
1.0
 41
1.0
 41
1.0
 41
1.0
 41
1.0
 41
1.0
 41
1.0
 41
1.0
 41
1.0
 41
1.0
 41
1.0
 41
1.0
 41
1.0
 41
1.0
 41
1.0
 41
1.0
 41
1.0
 41
1.0
 41
1.0
 41
1.0
 41
1.0
 41
1.0
 41
1.0
 41
1.0
 41
1.0
 41
1.0
 41
1.0
 41
1.0
 41
1.0
 41
1.0
 41
1.0
 41
1.0
 41
1.0
 41
1.0
 41
1.0
 41
1.0
 41
1.0
 41
1.0
 41
1.0
 41
1.0
 41
1.0
 41
1.0
 41
1.0
 41
1.0
 41
1.0
 41
1.0
 41
1.0
 41
1.0
 41
1.0
 41
1.0
 41
1.0
 41
1.0
 41
1.0
 41
1.0
 41
1.0
 41
1.0
 41
1.0
 41
1.0
 41
1.0
 41
1.0
 41
1.0
 41
1.0
 10
725.301660685799
 20
824.8375364899482
 30
0.0
 10
725.3670069943521
 20
824.8301568925191
 30
0.0
 10
725.4977961121868
 20
824.8172802783021
 30
0.0
 10
725.6942692884022
 20
824.8036130237979
 30
0.0
 10
725.9567892580908
 20
824.7961271972338
 30
0.0
 10
726.2857279302472
 20
824.8014299087603
 30
0.0
 10
726.6152759760539
 20
824.8172843316873
 30
0.0
 10
726.9452485032577
 20
824.8396413194134
 30
0.0
 10
727.2754940784587
 20
824.8655195327233
 30
0.0
 10
727.6059260307101
 20
824.8938002966257
 30
0.0
 10
727.9365021903744
 20
824.9245957646583
 30
0.0
 10
728.267209773152
 20
824.9587570962055
 30
0.0
 10
728.5980490443302
 20
824.9973545482709
 30
0.0
 10
728.9290158437276
 20
825.0411121116892
 30
0.0
 10
729.2600898728153
 20
825.0900428022176
 30
0.0
 10
729.5912420872091
 20
825.1437389759525
 30
0.0
 10
729.9224389042281
 20
825.2015545805797
 30
0.0
 10
730.2536473277703
 20
825.2628161494569
 30
0.0
 10
730.584840471413
 20
825.3270535160149
 30
0.0
 10
730.9160002564852
 20
825.3941141614876
 30
0.0
 10
731.2471141075306
 20
825.4640342640142
 30
0.0
 10
731.5781728915258
 20
825.5369600340749
 30
0.0
 10
731.9091685337024
 20
825.6130557444923
 30
0.0
 10
732.2400913646087
 20
825.6924013104032
 30
0.0
 10
732.5709290560069
 20
825.7749524407068
 30
0.0
 10
732.9016679464072
 20
825.8605950739847
 30
0.0
 10
733.2322938094078
 20
825.9491777906176
 30
0.0
 10
733.5627927724631
 20
826.040550036077
 30
0.0
 10
733.8931523547242
 20
826.1346051878978
 30
0.0
 10
734.2233617619365
 20
826.231293540119
 30
0.0
 10
734.5534112831829
 20
826.3305989854467
 30
0.0
 10
734.883291912731
 20
826.4325247360573
 30
0.0
 10
735.2129949162247
 20
826.5370767122669
 30
0.0
 10
735.5425113395987
 20
826.6442446386344
 30
0.0
 10
735.8718318711867
 20
826.7539970534314
 30
0.0
 10
736.2009470759947
 20
826.866291011488
 30
0.0
 10
736.529847535763
 20
826.981077974935
 30
0.0
 10
736.858524013873
 20
827.0983106694962
 30
0.0
 10
737.1869676485733
 20
827.2179508951881
 30
0.0
 10
737.5151699874834
 20
827.339971369591
 30
0.0
 10
737.8431228622869
 20
827.4643515238996
 30
0.0
 10
738.1708183062511
 20
827.5910748591187
 30
0.0
 10
738.4982484640045
 20
827.7201258995566
 30
0.0
 10
738.8254054879445
 20
827.8514866987416
 30
0.0
 10
739.1522815162041
 20
827.9851359045766
 30
0.0
 10
739.4788687349212
 20
828.121050537771
 30
0.0
 10
739.8051594225983
 20
828.2592070543438
 30
0.0
 10
740.1311459968766
 20
828.3995825840155
 30
0.0
 10
740.4568210799987
 20
828.5421563187998
 30
0.0
 10
740.7821774932709
 20
828.6869099062624
 30
0.0
 10
741.107208170462
 20
828.8338266318013
 30
0.0
 10
741.4319060902443
 20
828.9828908855579
 30
0.0
 10
741.7562642130101
 20
829.134087549209
 30
0.0
 10
742.0802753949052
 20
829.2874012808363
 30
0.0
 10
742.4039323971688
 20
829.4428162616542
 30
0.0
 10
742.7272280277618
 20
829.6003166445051
 30
0.0
 10
743.0501552617573
 20
829.7598868289817
 30
0.0
 10
743.3727073545261
 20
829.9215117650172
 30
0.0
 10
743.6948780056426
 20
830.0851772934751
 30
0.0
 10
744.0166613556748
 20
830.25087024292
 30
0.0
 10
744.3380516545881
 20
830.4185780324008
 30
0.0
 10
744.6590429897528
 20
830.5882883550426
 30
0.0
 10
744.9796290212964
 20
830.759988844545
 30
0.0
 10
745.299802649286
 20
830.9336666641515
 30
0.0
 10
745.6195559231649
 20
831.1093083326208
 30
0.0
 10
745.9388807288476
 20
831.2869003526151
 30
0.0
 10
746.2577693545638
 20
831.4664296936775
 30
0.0
 10
746.5762150886599
 20
831.6478843106638
 30
0.0
 10
746.8942128532942
 20
831.8312536528704
 30
0.0
 10
747.2117596956675
 20
832.0165291088214
 30
0.0
 10
747.5288541950387
 20
832.2037039807886
 30
0.0
 10
747.7821676293657
 20
832.3549595966882
 30
0.0
 10
747.971949067301
 20
832.4692526177623
 30
0.0
 10
748.0983795504196
 20
832.5458261991356
 30
0.0
 10
748.1615721730954
 20
832.5842075483181
 30
0.0
  0
ARC
  5
D7
330
17
100
AcDbEntity
  8
cut
 62
5
420
255
100
AcDbCircle
 10
613.2507927418743
 20
837.4915075453048
 30
0.0
 40
135.0
100
AcDbArc
 50
-2.0831817450521664
 51
2.0831817450521766
  0
SPLINE
  5
D8
330
17
100
AcDbEntity
  8
cut
 62
5
420
255
100
AcDbSpline
 70
4
 71
5
 72
81
 73
75
 74
0
 42
1e-09
 40
-1.0
 40
-1.0
 40
-1.0
 40
-1.0
 40
-1.0
 40
-1.0
 40
-0.9857142857142841
 40
-0.9714285714285699
 40
-0.9571428571428556
 40
-0.9428571428571414
 40
-0.9285714285714272
 40
-0.9142857142857129
 40
-0.8999999999999987
 40
-0.8857142857142845
 40
-0.8714285714285702
 40
-0.857142857142856
 40
-0.8428571428571418
 40
-0.8285714285714275
 40
-0.8142857142857133
 40
-0.799999999999999
 40
-0.7857142857142848
 40
-0.7714285714285706
 40
-0.7571428571428563
 40
-0.7428571428571421
 40
-0.7285714285714279
 40
-0.7142857142857136
 40
-0.6999999999999994
 40
-0.6857142857142852
 40
-0.6714285714285709
 40
-0.6571428571428567
 40
-0.6428571428571425
 40
-0.6285714285714282
 40
-0.614285714285714
 40
-0.5999999999999998
 40
-0.5857142857142855
 40
-0.5714285714285713
 40
-0.557142857142857
 40
-0.5428571428571428
 40
-0.5285714285714286
 40
-0.5142857142857143
 40
-0.5000000000000001
 40
-0.4857142857142858
 40
-0.47142857142857153
 40
-0.45714285714285724
 40
-0.44285714285714295
 40
-0.42857142857142866
 40
-0.41428571428571437
 40
-0.4000000000000001
 40
-0.3857142857142858
 40
-0.3714285714285715
 40
-0.3571428571428572
 40
-0.3428571428571429
 40
-0.3285714285714286
 40
-0.31428571428571433
 40
-0.30000000000000004
 40
-0.28571428571428575
 40
-0.27142857142857146
 40
-0.2571428571428572
 40
-0.2428571428571429
 40
-0.22857142857142862
 40
-0.21428571428571433
 40
-0.20000000000000004
 40
-0.18571428571428575
 40
-0.17142857142857146
 40
-0.15714285714285717
 40
-0.14285714285714288
 40
-0.1285714285714286
 40
-0.1142857142857143
 40
-0.1
 40
-0.08571428571428572
 40
-0.07142857142857142
 40
-0.05714285714285714
 40
-0.04285714285714286
 40
-0.02857142857142857
 40
-0.014285714285714285
 40
0.0
 40
0.0
 40
0.0
 40
0.0
 40
0.0
 40
0.0
 41
1.0
 41
1.0
 41
1.0
 41
1.0
 41
1.0
 41
1.0
 41
1.0
 41
1.0
 41
1.0
 41
1.0
 41
1.0
 41
1.0
 41
1.0
 41
1.0
 41
1.0
 41
1.0
 41
1.0
 41
1.0
 41
1.0
 41
1.0
 41
1.0
 41
1.0
 41
1.0
 41
1.0
 41
1.0
 41
1.0
 41
1.0
 41
1.0
 41
1.0
 41
1.0
 41
1.0
 41
1.0
 41
1.0
 41
1.0
 41
1.0
 41
1.0
 41
1.0
 41
1.0
 41
1.0
 41
1.0
 41
1.0
 41
1.0
 41
1.0
 41
1.0
 41
1.0
 41
1.0
 41
1.0
 41
1.0
 41
1.0
 41
1.0
 41
1.0
 41
1.0
 41
1.0
 41
1.0
 41
1.0
 41
1.0
 41
1.0
 41
1.0
 41
1.0
 41
1.0
 41
1.0
 41
1.0
 41
1.0
 41
1.0
 41
1.0
 41
1.0
 41
1.0
 41
1.0
 41
1.0
 41
1.0
 41
1.0
 41
1.0
 41
1.0
 41
1.0
 41
1.0
 10
748.1615721730954
 20
842.3988075422915
 30
0.0
 10
748.0983795504196
 20
842.437188891474
 30
0.0
 10
747.971949067301
 20
842.5137624728472
 30
0.0
 10
747.7821676293657
 20
842.6280554939214
 30
0.0
 10
747.5288541950387
 20
842.7793111098209
 30
0.0
 10
747.2117596956675
 20
842.9664859817882
 30
0.0
 10
746.8942128532942
 20
843.1517614377392
 30
0.0
 10
746.5762150886599
 20
843.3351307799458
 30
0.0
 10
746.2577693545638
 20
843.5165853969321
 30
0.0
 10
745.9388807288476
 20
843.6961147379944
 30
0.0
 10
745.6195559231649
 20
843.8737067579888
 30
0.0
 10
745.299802649286
 20
844.0493484264581
 30
0.0
 10
744.9796290212964
 20
844.2230262460646
 30
0.0
 10
744.6590429897528
 20
844.394726735567
 30
0.0
 10
744.3380516545881
 20
844.5644370582088
 30
0.0
 10
744.0166613556748
 20
844.7321448476896
 30
0.0
 10
743.6948780056426
 20
844.8978377971345
 30
0.0
 10
743.3727073545261
 20
845.0615033255924
 30
0.0
 10
743.0501552617573
 20
845.2231282616278
 30
0.0
 10
742.7272280277618
 20
845.3826984461044
 30
0.0
 10
742.4039323971688
 20
845.5401988289553
 30
0.0
 10
742.0802753949052
 20
845.6956138097732
 30
0.0
 10
741.7562642130101
 20
845.8489275414006
 30
0.0
 10
741.4319060902443
 20
846.0001242050516
 30
0.0
 10
741.107208170462
 20
846.1491884588082
 30
0.0
 10
740.7821774932709
 20
846.2961051843472
 30
0.0
 10
740.4568210799987
 20
846.4408587718098
 30
0.0
 10
740.1311459968766
 20
846.583432506594
 30
0.0
 10
739.8051594225983
 20
846.7238080362657
 30
0.0
 10
739.4788687349212
 20
846.8619645528386
 30
0.0
 10
739.1522815162041
 20
846.997879186033
 30
0.0
 10
738.8254054879445
 20
847.131528391868
 30
0.0
 10
738.4982484640045
 20
847.262889191053
 30
0.0
 10
738.1708183062511
 20
847.3919402314908
 30
0.0
 10
737.8431228622869
 20
847.51866356671
 30
0.0
 10
737.5151699874834
 20
847.6430437210186
 30
0.0
 10
737.1869676485733
 20
847.7650641954215
 30
0.0
 10
736.858524013873
 20
847.8847044211134
 30
0.0
 10
736.529847535763
 20
848.0019371156745
 30
0.0
 10
736.2009470759947
 20
848.1167240791216
 30
0.0
 10
735.8718318711867
 20
848.2290180371782
 30
0.0
 10
735.5425113395987
 20
848.3387704519752
 30
0.0
 10
735.2129949162247
 20
848.4459383783427
 30
0.0
 10
734.883291912731
 20
848.5504903545523
 30
0.0
 10
734.5534112831829
 20
848.6524161051628
 30
0.0
 10
734.2233617619365
 20
848.7517215504905
 30
0.0
 10
733.8931523547242
 20
848.8484099027118
 30
0.0
 10
733.5627927724631
 20
848.9424650545326
 30
0.0
 10
733.2322938094078
 20
849.033837299992
 30
0.0
 10
732.9016679464072
 20
849.1224200166249
 30
0.0
 10
732.5709290560069
 20
849.2080626499028
 30
0.0
 10
732.2400913646087
 20
849.2906137802064
 30
0.0
 10
731.9091685337024
 20
849.3699593461173
 30
0.0
 10
731.5781728915258
 20
849.4460550565346
 30
0.0
 10
731.2471141075306
 20
849.5189808265953
 30
0.0
 10
730.9160002564852
 20
849.588900929122
 30
0.0
 10
730.584840471413
 20
849.6559615745947
 30
0.0
 10
730.2536473277703
 20
849.7201989411527
 30
0.0
 10
729.9224389042281
 20
849.7814605100299
 30
0.0
 10
729.5912420872091
 20
849.8392761146571
 30
0.0
 10
729.2600898728153
 20
849.892972288392
 30
0.0
 10
728.9290158437276
 20
849.9419029789203
 30
0.0
 10
728.5980490443302
 20
849.9856605423387
 30
0.0
 10
728.267209773152
 20
850.024257994404
 30
0.0
 10
727.9365021903744
 20
850.0584193259513
 30
0.0
 10
727.6059260307101
 20
850.0892147939838
 30
0.0
 10
727.2754940784587
 20
850.1174955578863
 30
0.0
 10
726.9452485032577
 20
850.1433737711961
 30
0.0
 10
726.6152759760539
 20
850.1657307589222
 30
0.0
 10
726.2857279302472
 20
850.1815851818493
 30
0.0
 10
725.9567892580908
 20
850.1868878933758
 30
0.0
 10
725.6942692884022
 20
850.1794020668117
 30
0.0
 10
725.4977961121868
 20
850.1657348123075
 30
0.0
 10
725.3670069943521
 20
850.1528581980905
 30
0.0
 10
725.301660685799
 20
850.1454786006614
 30
0.0
  0
LINE
  5
D9
330
17
100
AcDbEntity
  8
cut
 62
5
420
255
100
AcDbLine
 10
725.301660685799
 20
850.1454786006614
 30
0.0
 11
721.0448010153891
 21
849.6647489102583
 31
0.0
  0
ARC
  5
DA
330
17
100
AcDbEntity
  8
cut
 62
5
420
255
100
AcDbCircle
 10
720.3714972788559
 20
855.6268510628862
 30
0.0
 40
5.999999999999998
100
AcDbArc
 50
-170.39103940504336
 51
-83.55685157035437
  0
ARC
  5
DB
330
17
100
AcDbEntity
  8
cut
 62
5
420
255
100
AcDbCircle
 10
613.2507927418743
 20
837.4915075453048
 30
0.0
 40
102.64500000000001
100
AcDbArc
 50
9.60896059495671
 51
12.891039405043303
  0
ARC
  5
DC
330
17
100
AcDbEntity
  8
cut
 62
5
420
255
100
AcDbCircle
 10
719.1575146762086
 20
861.7299537439288
 30
0.0
 40
6.000000000000003
100
AcDbArc
 50
106.05685157035434
 51
-167.10896059495718
  0
LINE
  5
DD
330
17
100
AcDbEntity
  8
cut
 62
5
420
255
100
AcDbLine
 10
717.497968501676
 20
867.4958800784041
 30
0.0
 11
721.6147613119037
 21
868.6807734265391
 31
0.0
  0
SPLINE
  5
DE
330
17
100
AcDbEntity
  8
cut
 62
5
420
255
100
AcDbSpline
 70
4
 71
5
 72
81
 73
75
 74
0
 42
1e-09
 40
0.0
 40
0.0
 40
0.0
 40
0.0
 40
0.0
 40
0.0
 40
0.014285714285714285
 40
0.02857142857142857
 40
0.04285714285714286
 40
0.05714285714285714
 40
0.07142857142857142
 40
0.08571428571428572
 40
0.1
 40
0.1142857142857143
 40
0.1285714285714286
 40
0.14285714285714288
 40
0.15714285714285717
 40
0.17142857142857146
 40
0.18571428571428575
 40
0.20000000000000004
 40
0.21428571428571433
 40
0.22857142857142862
 40
0.2428571428571429
 40
0.2571428571428572
 40
0.27142857142857146
 40
0.28571428571428575
 40
0.30000000000000004
 40
0.31428571428571433
 40
0.3285714285714286
 40
0.3428571428571429
 40
0.3571428571428572
 40
0.3714285714285715
 40
0.3857142857142858
 40
0.4000000000000001
 40
0.41428571428571437
 40
0.42857142857142866
 40
0.44285714285714295
 40
0.45714285714285724
 40
0.47142857142857153
 40
0.4857142857142858
 40
0.5000000000000001
 40
0.5142857142857143
 40
0.5285714285714286
 40
0.5428571428571428
 40
0.557142857142857
 40
0.5714285714285713
 40
0.5857142857142855
 40
0.5999999999999998
 40
0.614285714285714
 40
0.6285714285714282
 40
0.6428571428571425
 40
0.6571428571428567
 40
0.6714285714285709
 40
0.6857142857142852
 40
0.6999999999999994
 40
0.7142857142857136
 40
0.7285714285714279
 40
0.7428571428571421
 40
0.7571428571428563
 40
0.7714285714285706
 40
0.7857142857142848
 40
0.799999999999999
 40
0.8142857142857133
 40
0.8285714285714275
 40
0.8428571428571418
 40
0.857142857142856
 40
0.8714285714285702
 40
0.8857142857142845
 40
0.8999999999999987
 40
0.9142857142857129
 40
0.9285714285714272
 40
0.9428571428571414
 40
0.9571428571428556
 40
0.9714285714285699
 40
0.9857142857142841
 40
1.0
 40
1.0
 40
1.0
 40
1.0
 40
1.0
 40
1.0
 41
1.0
 41
1.0
 41
1.0
 41
1.0
 41
1.0
 41
1.0
 41
1.0
 41
1.0
 41
1.0
 41
1.0
 41
1.0
 41
1.0
 41
1.0
 41
1.0
 41
1.0
 41
1.0
 41
1.0
 41
1.0
 41
1.0
 41
1.0
 41
1.0
 41
1.0
 41
1.0
 41
1.0
 41
1.0
 41
1.0
 41
1.0
 41
1.0
 41
1.0
 41
1.0
 41
1.0
 41
1.0
 41
1.0
 41
1.0
 41
1.0
 41
1.0
 41
1.0
 41
1.0
 41
1.0
 41
1.0
 41
1.0
 41
1.0
 41
1.0
 41
1.0
 41
1.0
 41
1.0
 41
1.0
 41
1.0
 41
1.0
 41
1.0
 41
1.0
 41
1.0
 41
1.0
 41
1.0
 41
1.0
 41
1.0
 41
1.0
 41
1.0
 41
1.0
 41
1.0
 41
1.0
 41
1.0
 41
1.0
 41
1.0
 41
1.0
 41
1.0
 41
1.0
 41
1.0
 41
1.0
 41
1.0
 41
1.0
 41
1.0
 41
1.0
 41
1.0
 41
1.0
 10
721.6147613119037
 20
868.6807734265391
 30
0.0
 10
721.6779574785749
 20
868.6989625171657
 30
0.0
 10
721.8037185345432
 20
868.7371169053715
 30
0.0
 10
721.9904663126008
 20
868.7996770381113
 30
0.0
 10
722.2358678412752
 20
868.8932230792296
 30
0.0
 10
722.537738288084
 20
869.0240015259741
 30
0.0
 10
722.8361337576002
 20
869.1647616801148
 30
0.0
 10
723.1324329729745
 20
869.31169186278
 30
0.0
 10
723.4276369371122
 20
869.4619797246362
 30
0.0
 10
723.7220936748848
 20
869.6145585772201
 30
0.0
 10
724.0157213073269
 20
869.7695158992681
 30
0.0
 10
724.3081822986908
 20
869.9276331671742
 30
0.0
 10
724.5990673244463
 20
870.0898992710001
 30
0.0
 10
724.8880954817895
 20
870.2569814990272
 30
0.0
 10
725.1752430364103
 20
870.4288841083363
 30
0.0
 10
725.4606391533647
 20
870.6052193702636
 30
0.0
 10
725.7445000398185
 20
870.7853775587637
 30
0.0
 10
726.0270529358745
 20
870.9687238447282
 30
0.0
 10
726.3084529266736
 20
871.1548135618985
 30
0.0
 10
726.5887416761063
 20
871.3434988829003
 30
0.0
 10
726.8678937211921
 20
871.5348084195576
 30
0.0
 10
727.1458446717887
 20
871.7288737576832
 30
0.0
 10
727.4225242032953
 20
871.9258435754957
 30
0.0
 10
727.6978928001046
 20
872.1257880046155
 30
0.0
 10
727.9719560218804
 20
872.3286614075888
 30
0.0
 10
728.2447448964672
 20
872.5343531773796
 30
0.0
 10
728.516304226163
 20
872.7427179762926
 30
0.0
 10
728.7866788091306
 20
872.9536114012873
 30
0.0
 10
729.0558979172204
 20
873.1669301698362
 30
0.0
 10
729.3239705994887
 20
873.3826242288368
 30
0.0
 10
729.5908940482128
 20
873.6006749808831
 30
0.0
 10
729.8566587139342
 20
873.8210819472943
 30
0.0
 10
730.1212542615531
 20
874.043847255236
 30
0.0
 10
730.3846763508329
 20
874.268957984866
 30
0.0
 10
730.6469284187979
 20
874.496381505917
 30
0.0
 10
730.9080181830553
 20
874.7260745316096
 30
0.0
 10
731.1679555169061
 20
874.9579886145881
 30
0.0
 10
731.4267499779098
 20
875.1920765444152
 30
0.0
 10
731.6844079973763
 20
875.4282996376625
 30
0.0
 10
731.9409322068544
 20
875.666629454075
 30
0.0
 10
732.1963229311446
 20
875.9070438646751
 30
0.0
 10
732.450579123838
 20
876.1495245776422
 30
0.0
 10
732.7036994498083
 20
876.394054289181
 30
0.0
 10
732.9556835266333
 20
876.640613415766
 30
0.0
 10
733.2065322619891
 20
876.8891792220256
 30
0.0
 10
733.4562472306021
 20
877.139727487628
 30
0.0
 10
733.7048303086303
 20
877.3922335058817
 30
0.0
 10
733.9522832429648
 20
877.6466732457606
 30
0.0
 10
734.1986071803177
 20
877.9030246598463
 30
0.0
 10
734.443802511614
 20
878.1612680455336
 30
0.0
 10
734.6878691049079
 20
878.4213852564142
 30
0.0
 10
734.9308064469733
 20
878.6833591839129
 30
0.0
 10
735.1726138195922
 20
878.9471731665797
 30
0.0
 10
735.4132904938022
 20
879.2128102964955
 30
0.0
 10
735.652835835447
 20
879.4802531888538
 30
0.0
 10
735.8912492643941
 20
879.7494844505165
 30
0.0
 10
736.1285302604743
 20
880.0204869802631
 30
0.0
 10
736.3646783518744
 20
880.2932442925869
 30
0.0
 10
736.5996931362266
 20
880.5677408950835
 30
0.0
 10
736.8335742406119
 20
880.8439623766253
 30
0.0
 10
737.0663211672127
 20
881.1218949134862
 30
0.0
 10
737.2979331631086
 20
881.4015248729311
 30
0.0
 10
737.5284091033992
 20
881.682838403824
 30
0.0
 10
737.7577473410158
 20
881.9658209295214
 30
0.0
 10
737.98594568965
 20
882.2504569524344
 30
0.0
 10
738.2130018180712
 20
882.5367308975225
 30
0.0
 10
738.4389135880731
 20
882.8246277750465
 30
0.0
 10
738.6636794083732
 20
883.1141338883058
 30
0.0
 10
738.887298625237
 20
883.4052375465151
 30
0.0
 10
739.109771806103
 20
883.6979296637211
 30
0.0
 10
739.3311002014871
 20
883.9922035083355
 30
0.0
 10
739.507248280515
 20
884.228884330555
 30
0.0
 10
739.6388454210739
 20
884.4071035255024
 30
0.0
 10
739.7263485157644
 20
884.5262311412997
 30
0.0
 10
739.7700429800162
 20
884.5858736539853
 30
0.0
  0
ARC
  5
DF
330
17
100
AcDbEntity
  8
cut
 62
5
420
255
100
AcDbCircle
 10
613.2507927418743
 20
837.4915075453048
 30
0.0
 40
135.0
100
AcDbArc
 50
20.41681825494772
 51
24.58318174505234
  0
SPLINE
  5
E0
330
17
100
AcDbEntity
  8
cut
 62
5
420
255
100
AcDbSpline
 70
4
 71
5
 72
81
 73
75
 74
0
 42
1e-09
 40
-1.0
 40
-1.0
 40
-1.0
 40
-1.0
 40
-1.0
 40
-1.0
 40
-0.9857142857142841
 40
-0.9714285714285699
 40
-0.9571428571428556
 40
-0.9428571428571414
 40
-0.9285714285714272
 40
-0.9142857142857129
 40
-0.8999999999999987
 40
-0.8857142857142845
 40
-0.8714285714285702
 40
-0.857142857142856
 40
-0.8428571428571418
 40
-0.8285714285714275
 40
-0.8142857142857133
 40
-0.799999999999999
 40
-0.7857142857142848
 40
-0.7714285714285706
 40
-0.7571428571428563
 40
-0.7428571428571421
 40
-0.7285714285714279
 40
-0.7142857142857136
 40
-0.6999999999999994
 40
-0.6857142857142852
 40
-0.6714285714285709
 40
-0.6571428571428567
 40
-0.6428571428571425
 40
-0.6285714285714282
 40
-0.614285714285714
 40
-0.5999999999999998
 40
-0.5857142857142855
 40
-0.5714285714285713
 40
-0.557142857142857
 40
-0.5428571428571428
 40
-0.5285714285714286
 40
-0.5142857142857143
 40
-0.5000000000000001
 40
-0.4857142857142858
 40
-0.47142857142857153
 40
-0.45714285714285724
 40
-0.44285714285714295
 40
-0.42857142857142866
 40
-0.41428571428571437
 40
-0.4000000000000001
 40
-0.3857142857142858
 40
-0.3714285714285715
 40
-0.3571428571428572
 40
-0.3428571428571429
 40
-0.3285714285714286
 40
-0.31428571428571433
 40
-0.30000000000000004
 40
-0.28571428571428575
 40
-0.27142857142857146
 40
-0.2571428571428572
 40
-0.2428571428571429
 40
-0.22857142857142862
 40
-0.21428571428571433
 40
-0.20000000000000004
 40
-0.18571428571428575
 40
-0.17142857142857146
 40
-0.15714285714285717
 40
-0.14285714285714288
 40
-0.1285714285714286
 40
-0.1142857142857143
 40
-0.1
 40
-0.08571428571428572
 40
-0.07142857142857142
 40
-0.05714285714285714
 40
-0.04285714285714286
 40
-0.02857142857142857
 40
-0.014285714285714285
 40
0.0
 40
0.0
 40
0.0
 40
0.0
 40
0.0
 40
0.0
 41
1.0
 41
1.0
 41
1.0
 41
1.0
 41
1.0
 41
1.0
 41
1.0
 41
1.0
 41
1.0
 41
1.0
 41
1.0
 41
1.0
 41
1.0
 41
1.0
 41
1.0
 41
1.0
 41
1.0
 41
1.0
 41
1.0
 41
1.0
 41
1.0
 41
1.0
 41
1.0
 41
1.0
 41
1.0
 41
1.0
 41
1.0
 41
1.0
 41
1.0
 41
1.0
 41
1.0
 41
1.0
 41
1.0
 41
1.0
 41
1.0
 41
1.0
 41
1.0
 41
1.0
 41
1.0
 41
1.0
 41
1.0
 41
1.0
 41
1.0
 41
1.0
 41
1.0
 41
1.0
 41
1.0
 41
1.0
 41
1.0
 41
1.0
 41
1.0
 41
1.0
 41
1.0
 41
1.0
 41
1.0
 41
1.0
 41
1.0
 41
1.0
 41
1.0
 41
1.0
 41
1.0
 41
1.0
 41
1.0
 41
1.0
 41
1.0
 41
1.0
 41
1.0
 41
1.0
 41
1.0
 41
1.0
 41
1.0
 41
1.0
 41
1.0
 41
1.0
 41
1.0
 10
736.0141581670321
 20
893.6533817082027
 30
0.0
 10
735.9410878898923
 20
893.6646586813969
 30
0.0
 10
735.794977913305
 20
893.6870205947234
 30
0.0
 10
735.5759046815461
 20
893.7199873655343
 30
0.0
 10
735.2839905660043
 20
893.7627904787289
 30
0.0
 10
734.9194047257063
 20
893.8143707005364
 30
0.0
 10
734.5551278500077
 20
893.8640229865902
 30
0.0
 10
734.1911638146116
 20
893.9117416926902
 30
0.0
 10
733.8275186430179
 20
893.9575199928576
 30
0.0
 10
733.4642010641201
 20
894.001350082719
 30
0.0
 10
733.1012218881547
 20
894.0432234024512
 30
0.0
 10
732.7385932264082
 20
894.0831308646482
 30
0.0
 10
732.3763277405261
 20
894.121063104522
 30
0.0
 10
732.0144379349124
 20
894.1570107095761
 30
0.0
 10
731.6529352814638
 20
894.1909645372203
 30
0.0
 10
731.2918303698373
 20
894.2229155886474
 30
0.0
 10
730.9311333722275
 20
894.2528547564526
 30
0.0
 10
730.570854415495
 20
894.2807726177961
 30
0.0
 10
730.2110039535393
 20
894.3066592461653
 30
0.0
 10
729.8515932256618
 20
894.3305039712927
 30
0.0
 10
729.4926342224983
 20
894.3522954697875
 30
0.0
 10
729.1341394042528
 20
894.3720220170754
 30
0.0
 10
728.7761214799472
 20
894.3896717245666
 30
0.0
 10
728.4185931909119
 20
894.4052327477623
 30
0.0
 10
728.0615670083055
 20
894.418693646413
 30
0.0
 10
727.7050552214092
 20
894.4300431469505
 30
0.0
 10
727.3490702907184
 20
894.4392695146919
 30
0.0
 10
726.9936251409807
 20
894.4463600114877
 30
0.0
 10
726.6387334276167
 20
894.4513004290671
 30
0.0
 10
726.2844099296572
 20
894.4540743667028
 30
0.0
 10
725.9306704043651
 20
894.4546635966547
 30
0.0
 10
725.5775309953657
 20
894.4530493220097
 30
0.0
 10
725.22500771552
 20
894.4492133029074
 30
0.0
 10
724.8731159993395
 20
894.4431388211883
 30
0.0
 10
724.5218699648814
 20
894.4348122996222
 30
0.0
 10
724.1712827918533
 20
894.4242224466548
 30
0.0
 10
723.8213681544486
 20
894.4113570679385
 30
0.0
 10
723.4721414705486
 20
894.3962002862547
 30
0.0
 10
723.1236209896648
 20
894.3787301305201
 30
0.0
 10
722.7758295174888
 20
894.3589146997974
 30
0.0
 10
722.4287936786254
 20
894.336713853051
 30
0.0
 10
722.0825407490506
 20
894.3120863513493
 30
0.0
 10
721.7370958799673
 20
894.2849961291445
 30
0.0
 10
721.3924797141156
 20
894.25541768301
 30
0.0
 10
721.0487044562141
 20
894.2233449462489
 30
0.0
 10
720.7057759101488
 20
894.188786731013
 30
0.0
 10
720.363701166885
 20
894.1517494513112
 30
0.0
 10
720.0224953621345
 20
894.1122219421512
 30
0.0
 10
719.6821874901361
 20
894.0701624119957
 30
0.0
 10
719.3428298843418
 20
894.0254771307453
 30
0.0
 10
719.0044929760359
 20
893.9780323129461
 30
0.0
 10
718.6672478544796
 20
893.9276935093194
 30
0.0
 10
718.3311507906589
 20
893.8743605688808
 30
0.0
 10
717.9962301238508
 20
893.8179972898013
 30
0.0
 10
717.6624642052648
 20
893.7586812043791
 30
0.0
 10
717.3297976305266
 20
893.6965671709928
 30
0.0
 10
716.9981828851215
 20
893.6317937655693
 30
0.0
 10
716.6676177424814
 20
893.5643992247698
 30
0.0
 10
716.3381772715254
 20
893.4942495580354
 30
0.0
 10
716.0100662370257
 20
893.4209206770851
 30
0.0
 10
715.6835728479318
 20
893.3438030069334
 30
0.0
 10
715.3589753641122
 20
893.262312524606
 30
0.0
 10
715.0364566176473
 20
893.1760837310485
 30
0.0
 10
714.7160303810178
 20
893.0851364191632
 30
0.0
 10
714.3974234384328
 20
892.9901410612964
 30
0.0
 10
714.0802259751747
 20
892.8920863444674
 30
0.0
 10
713.7641240778017
 20
892.7917635297501
 30
0.0
 10
713.4491137866784
 20
892.6892923711238
 30
0.0
 10
713.1357032737034
 20
892.5836725151959
 30
0.0
 10
712.8251733542195
 20
892.4722075147395
 30
0.0
 10
712.519244387715
 20
892.3512272012872
 30
0.0
 10
712.2795722626479
 20
892.2438491562758
 30
0.0
 10
712.1032849483197
 20
892.156035230132
 30
0.0
 10
711.9873792262028
 20
892.0940879612799
 30
0.0
 10
711.929831158879
 20
892.0622631526074
 30
0.0
  0
LINE
  5
E1
330
17
100
AcDbEntity
  8
cut
 62
5
420
255
100
AcDbLine
 10
711.929831158879
 20
892.0622631526074
 30
0.0
 11
708.1809729245779
 21
889.9890971612047
 31
0.0
  0
ARC
  5
E2
330
17
100
AcDbEntity
  8
cut
 62
5
420
255
100
AcDbCircle
 10
705.2773236673526
 20
895.2396991258382
 30
0.0
 40
6.0
100
AcDbArc
 50
-147.89103940504324
 51
-61.05685157035444
  0
ARC
  5
E3
330
17
100
AcDbEntity
  8
cut
 62
5
420
255
100
AcDbCircle
 10
613.2507927418743
 20
837.4915075453048
 30
0.0
 40
102.64500000000001
100
AcDbArc
 50
32.1089605949567
 51
35.39103940504328
  0
ARC
  5
E4
330
17
100
AcDbEntity
  8
cut
 62
5
420
255
100
AcDbCircle
 10
701.8201937058839
 20
900.4136597484558
 30
0.0
 40
6.000000000000007
100
AcDbArc
 50
128.55685157035455
 51
-144.60896059495673
  0
LINE
  5
E5
330
17
100
AcDbEntity
  8
cut
 62
5
420
255
100
AcDbLine
 10
698.0804484815346
 20
905.1056002486067
 30
0.0
 11
701.4304300450427
 21
907.7757273641114
 31
0.0
  0
SPLINE
  5
E6
330
17
100
AcDbEntity
  8
cut
 62
5
420
255
100
AcDbSpline
 70
4
 71
5
 72
81
 73
75
 74
0
 42
1e-09
 40
0.0
 40
0.0
 40
0.0
 40
0.0
 40
0.0
 40
0.0
 40
0.014285714285714285
 40
0.02857142857142857
 40
0.04285714285714286
 40
0.05714285714285714
 40
0.07142857142857142
 40
0.08571428571428572
 40
0.1
 40
0.1142857142857143
 40
0.1285714285714286
 40
0.14285714285714288
 40
0.15714285714285717
 40
0.17142857142857146
 40
0.18571428571428575
 40
0.20000000000000004
 40
0.21428571428571433
 40
0.22857142857142862
 40
0.2428571428571429
 40
0.2571428571428572
 40
0.27142857142857146
 40
0.28571428571428575
 40
0.30000000000000004
 40
0.31428571428571433
 40
0.3285714285714286
 40
0.3428571428571429
 40
0.3571428571428572
 40
0.3714285714285715
 40
0.3857142857142858
 40
0.4000000000000001
 40
0.41428571428571437
 40
0.42857142857142866
 40
0.44285714285714295
 40
0.45714285714285724
 40
0.47142857142857153
 40
0.4857142857142858
 40
0.5000000000000001
 40
0.5142857142857143
 40
0.5285714285714286
 40
0.5428571428571428
 40
0.557142857142857
 40
0.5714285714285713
 40
0.5857142857142855
 40
0.5999999999999998
 40
0.614285714285714
 40
0.6285714285714282
 40
0.6428571428571425
 40
0.6571428571428567
 40
0.6714285714285709
 40
0.6857142857142852
 40
0.6999999999999994
 40
0.7142857142857136
 40
0.7285714285714279
 40
0.7428571428571421
 40
0.7571428571428563
 40
0.7714285714285706
 40
0.7857142857142848
 40
0.799999999999999
 40
0.8142857142857133
 40
0.8285714285714275
 40
0.8428571428571418
 40
0.857142857142856
 40
0.8714285714285702
 40
0.8857142857142845
 40
0.8999999999999987
 40
0.9142857142857129
 40
0.9285714285714272
 40
0.9428571428571414
 40
0.9571428571428556
 40
0.9714285714285699
 40
0.9857142857142841
 40
1.0
 40
1.0
 40
1.0
 40
1.0
 40
1.0
 40
1.0
 41
1.0
 41
1.0
 41
1.0
 41
1.0
 41
1.0
 41
1.0
 41
1.0
 41
1.0
 41
1.0
 41
1.0
 41
1.0
 41
1.0
 41
1.0
 41
1.0
 41
1.0
 41
1.0
 41
1.0
 41
1.0
 41
1.0
 41
1.0
 41
1.0
 41
1.0
 41
1.0
 41
1.0
 41
1.0
 41
1.0
 41
1.0
 41
1.0
 41
1.0
 41
1.0
 41
1.0
 41
1.0
 41
1.0
 41
1.0
 41
1.0
 41
1.0
 41
1.0
 41
1.0
 41
1.0
 41
1.0
 41
1.0
 41
1.0
 41
1.0
 41
1.0
 41
1.0
 41
1.0
 41
1.0
 41
1.0
 41
1.0
 41
1.0
 41
1.0
 41
1.0
 41
1.0
 41
1.0
 41
1.0
 41
1.0
 41
1.0
 41
1.0
 41
1.0
 41
1.0
 41
1.0
 41
1.0
 41
1.0
 41
1.0
 41
1.0
 41
1.0
 41
1.0
 41
1.0
 41
1.0
 41
1.0
 41
1.0
 41
1.0
 41
1.0
 41
1.0
 41
1.0
 10
701.4304300450427
 20
907.7757273641114
 30
0.0
 10
701.4818550263307
 20
907.8167160186302
 30
0.0
 10
701.5834420396886
 20
907.9000927495249
 30
0.0
 10
701.7320337632518
 20
908.029356056408
 30
0.0
 10
701.9229566927418
 20
908.2096924284455
 30
0.0
 10
702.151801875139
 20
908.4460367774006
 30
0.0
 10
702.3736167630923
 20
908.6902732052811
 30
0.0
 10
702.5911337970554
 20
908.9394077945001
 30
0.0
 10
702.8063540226203
 20
909.1912253402979
 30
0.0
 10
703.0200071768454
 20
909.4448735343882
 30
0.0
 10
703.231984136767
 20
909.7004018628611
 30
0.0
 10
703.4416740019475
 20
909.9584031464243
 30
0.0
 10
703.6483201739885
 20
910.2196343586492
 30
0.0
 10
703.8514077723687
 20
910.484604496672
 30
0.0
 10
704.0509132403306
 20
910.7533084107954
 30
0.0
 10
704.2471042881616
 20
911.02543731577
 30
0.0
 10
704.4404139972929
 20
911.3005106370817
 30
0.0
 10
704.6312952487866
 20
911.5780288301337
 30
0.0
 10
704.8200614890401
 20
911.8576404253847
 30
0.0
 10
705.0068077815564
 20
912.1392247922299
 30
0.0
 10
705.1914996523376
 20
912.4227986202869
 30
0.0
 10
705.3740272569388
 20
912.7084588379545
 30
0.0
 10
705.5542687272098
 20
912.9963158939361
 30
0.0
 10
705.7321607172803
 20
913.286419459432
 30
0.0
 10
705.9077258283078
 20
913.5787294985241
 30
0.0
 10
706.0810350537624
 20
913.8731556974777
 30
0.0
 10
706.2521854038988
 20
914.1695809268681
 30
0.0
 10
706.4212735274738
 20
914.4678889191962
 30
0.0
 10
706.5883659926625
 20
914.7679954557011
 30
0.0
 10
706.7534903141965
 20
915.0698577562698
 30
0.0
 10
706.9166510149973
 20
915.3734575646705
 30
0.0
 10
707.0778394556985
 20
915.6787907842404
 30
0.0
 10
707.2370452738822
 20
915.9858554251525
 30
0.0
 10
707.3942694039022
 20
916.2946378900929
 30
0.0
 10
707.5495275082175
 20
916.6051093479172
 30
0.0
 10
707.7028432821007
 20
916.9172327602566
 30
0.0
 10
707.854244387293
 20
917.2309671459393
 30
0.0
 10
708.0037577204802
 20
917.5462725457285
 30
0.0
 10
708.1514040269249
 20
917.863115681952
 30
0.0
 10
708.2971966214757
 20
918.1814712862905
 30
0.0
 10
708.4411442726021
 20
918.5013190385303
 30
0.0
 10
708.5832530135251
 20
918.8226416387894
 30
0.0
 10
708.7235282326249
 20
919.1454225895146
 30
0.0
 10
708.8619770708797
 20
919.4696436515412
 30
0.0
 10
708.9986090673233
 20
919.7952841674769
 30
0.0
 10
709.1334349455327
 20
920.122322363275
 30
0.0
 10
709.2664658936935
 20
920.4507361309032
 30
0.0
 10
709.3977127219979
 20
920.7805039370946
 30
0.0
 10
709.527184927052
 20
921.1116058515188
 30
0.0
 10
709.6548904098835
 20
921.444023820942
 30
0.0
 10
709.7808359929205
 20
921.7777410297758
 30
0.0
 10
709.905027749172
 20
922.1127414753548
 30
0.0
 10
710.0274713911522
 20
922.449009489656
 30
0.0
 10
710.1481727157678
 20
922.786529172837
 30
0.0
 10
710.2671377900126
 20
923.1252842207502
 30
0.0
 10
710.3843727339795
 20
923.465258342224
 30
0.0
 10
710.4998836114489
 20
923.8064355387305
 30
0.0
 10
710.6136762952523
 20
924.1488003990928
 30
0.0
 10
710.7257563423369
 20
924.4923384562157
 30
0.0
 10
710.8361289230703
 20
924.8370362532437
 30
0.0
 10
710.9447988676397
 20
925.1828808282124
 30
0.0
 10
711.0517706974596
 20
925.529859297987
 30
0.0
 10
711.1570486738575
 20
925.8779584353053
 30
0.0
 10
711.2606368533806
 20
926.2271641427992
 30
0.0
 10
711.3625391468134
 20
926.5774612658993
 30
0.0
 10
711.46275936069
 20
926.9288345230212
 30
0.0
 10
711.5613012558902
 20
927.2812692471955
 30
0.0
 10
711.6581686037607
 20
927.6347521753635
 30
0.0
 10
711.7533652741998
 20
927.9892722564745
 30
0.0
 10
711.8468952684959
 20
928.3448213133514
 30
0.0
 10
711.9387623180426
 20
928.7013936053695
 30
0.0
 10
712.0109280935258
 20
928.987467124243
 30
0.0
 10
712.0643064649894
 20
929.2024802361941
 30
0.0
 10
712.0995606183023
 20
929.3460257868048
 30
0.0
 10
712.1171048380393
 20
929.4178494310978
 30
0.0
  0
ARC
  5
E7
330
17
100
AcDbEntity
  8
cut
 62
5
420
255
100
AcDbCircle
 10
613.2507927418743
 20
837.4915075453048
 30
0.0
 40
135.00000000000003
100
AcDbArc
 50
42.916818254947735
 51
47.08318174505235
  0
SPLINE
  5
E8
330
17
100
AcDbEntity
  8
cut
 62
5
420
255
100
AcDbSpline
 70
4
 71
5
 72
81
 73
75
 74
0
 42
1e-09
 40
-1.0
 40
-1.0
 40
-1.0
 40
-1.0
 40
-1.0
 40
-1.0
 40
-0.9857142857142841
 40
-0.9714285714285699
 40
-0.9571428571428556
 40
-0.9428571428571414
 40
-0.9285714285714272
 40
-0.9142857142857129
 40
-0.8999999999999987
 40
-0.8857142857142845
 40
-0.8714285714285702
 40
-0.857142857142856
 40
-0.8428571428571418
 40
-0.8285714285714275
 40
-0.8142857142857133
 40
-0.799999999999999
 40
-0.7857142857142848
 40
-0.7714285714285706
 40
-0.7571428571428563
 40
-0.7428571428571421
 40
-0.7285714285714279
 40
-0.7142857142857136
 40
-0.6999999999999994
 40
-0.6857142857142852
 40
-0.6714285714285709
 40
-0.6571428571428567
 40
-0.6428571428571425
 40
-0.6285714285714282
 40
-0.614285714285714
 40
-0.5999999999999998
 40
-0.5857142857142855
 40
-0.5714285714285713
 40
-0.557142857142857
 40
-0.5428571428571428
 40
-0.5285714285714286
 40
-0.5142857142857143
 40
-0.5000000000000001
 40
-0.4857142857142858
 40
-0.47142857142857153
 40
-0.45714285714285724
 40
-0.44285714285714295
 40
-0.42857142857142866
 40
-0.41428571428571437
 40
-0.4000000000000001
 40
-0.3857142857142858
 40
-0.3714285714285715
 40
-0.3571428571428572
 40
-0.3428571428571429
 40
-0.3285714285714286
 40
-0.31428571428571433
 40
-0.30000000000000004
 40
-0.28571428571428575
 40
-0.27142857142857146
 40
-0.2571428571428572
 40
-0.2428571428571429
 40
-0.22857142857142862
 40
-0.21428571428571433
 40
-0.20000000000000004
 40
-0.18571428571428575
 40
-0.17142857142857146
 40
-0.15714285714285717
 40
-0.14285714285714288
 40
-0.1285714285714286
 40
-0.1142857142857143
 40
-0.1
 40
-0.08571428571428572
 40
-0.07142857142857142
 40
-0.05714285714285714
 40
-0.04285714285714286
 40
-0.02857142857142857
 40
-0.014285714285714285
 40
0.0
 40
0.0
 40
0.0
 40
0.0
 40
0.0
 40
0.0
 41
1.0
 41
1.0
 41
1.0
 41
1.0
 41
1.0
 41
1.0
 41
1.0
 41
1.0
 41
1.0
 41
1.0
 41
1.0
 41
1.0
 41
1.0
 41
1.0
 41
1.0
 41
1.0
 41
1.0
 41
1.0
 41
1.0
 41
1.0
 41
1.0
 41
1.0
 41
1.0
 41
1.0
 41
1.0
 41
1.0
 41
1.0
 41
1.0
 41
1.0
 41
1.0
 41
1.0
 41
1.0
 41
1.0
 41
1.0
 41
1.0
 41
1.0
 41
1.0
 41
1.0
 41
1.0
 41
1.0
 41
1.0
 41
1.0
 41
1.0
 41
1.0
 41
1.0
 41
1.0
 41
1.0
 41
1.0
 41
1.0
 41
1.0
 41
1.0
 41
1.0
 41
1.0
 41
1.0
 41
1.0
 41
1.0
 41
1.0
 41
1.0
 41
1.0
 41
1.0
 41
1.0
 41
1.0
 41
1.0
 41
1.0
 41
1.0
 41
1.0
 41
1.0
 41
1.0
 41
1.0
 41
1.0
 41
1.0
 41
1.0
 41
1.0
 41
1.0
 41
1.0
 10
705.1771346276673
 20
936.3578196414697
 30
0.0
 10
705.1053109833744
 20
936.3402754217328
 30
0.0
 10
704.9617654327636
 20
936.3050212684198
 30
0.0
 10
704.7467523208126
 20
936.2516428969561
 30
0.0
 10
704.460678801939
 20
936.179477121473
 30
0.0
 10
704.1041065099209
 20
936.0876100719264
 30
0.0
 10
703.748557453044
 20
935.9940800776303
 30
0.0
 10
703.394037371933
 20
935.8988834071912
 30
0.0
 10
703.040554443765
 20
935.8020160593206
 30
0.0
 10
702.6881197195908
 20
935.7034741641205
 30
0.0
 10
702.3367464624688
 20
935.6032539502439
 30
0.0
 10
701.9864493393687
 20
935.501351656811
 30
0.0
 10
701.6372436318749
 20
935.397763477288
 30
0.0
 10
701.2891444945565
 20
935.29248550089
 30
0.0
 10
700.942166024782
 20
935.1855136710702
 30
0.0
 10
700.5963214498132
 20
935.0768437265008
 30
0.0
 10
700.2516236527853
 20
934.9664711457674
 30
0.0
 10
699.9080855956623
 20
934.8543910986828
 30
0.0
 10
699.5657207353001
 20
934.7405984148794
 30
0.0
 10
699.2245435387936
 20
934.62508753741
 30
0.0
 10
698.8845694173198
 20
934.5078525934431
 30
0.0
 10
698.5458143694066
 20
934.3888875191983
 30
0.0
 10
698.2082946862255
 20
934.2681861945828
 30
0.0
 10
697.8720266719243
 20
934.1457425526025
 30
0.0
 10
697.5370262263453
 20
934.021550796351
 30
0.0
 10
697.2033090175115
 20
933.895605213314
 30
0.0
 10
696.8708910480883
 20
933.7678997304824
 30
0.0
 10
696.5397891336643
 20
933.6384275254284
 30
0.0
 10
696.2100213274728
 20
933.5071806971239
 30
0.0
 10
695.8816075598445
 20
933.3741497489632
 30
0.0
 10
695.5545693640464
 20
933.2393238707538
 30
0.0
 10
695.2289288481106
 20
933.1026918743102
 30
0.0
 10
694.9047077860841
 20
932.9642430360553
 30
0.0
 10
694.5819268353589
 20
932.8239678169556
 30
0.0
 10
694.2606042350999
 20
932.6818590760327
 30
0.0
 10
693.94075648286
 20
932.537911424906
 30
0.0
 10
693.6224008785215
 20
932.3921188303553
 30
0.0
 10
693.305557742298
 20
932.2444725239106
 30
0.0
 10
692.9902523425089
 20
932.0949591907234
 30
0.0
 10
692.6765179568262
 20
931.9435580855312
 30
0.0
 10
692.3643945444867
 20
931.790242311648
 30
0.0
 10
692.0539230866624
 20
931.6349842073326
 30
0.0
 10
691.745140621722
 20
931.4777600773127
 30
0.0
 10
691.4380759808098
 20
931.318554259129
 30
0.0
 10
691.13274276124
 20
931.1573658184277
 30
0.0
 10
690.8291429528393
 20
930.994205117627
 30
0.0
 10
690.5272806522705
 20
930.829080796093
 30
0.0
 10
690.2271741157657
 20
930.6619883309043
 30
0.0
 10
689.9288661234376
 20
930.4929002073293
 30
0.0
 10
689.6324408940472
 20
930.321749857193
 30
0.0
 10
689.3380146950936
 20
930.1484406317383
 30
0.0
 10
689.0457046560015
 20
929.9728755207109
 30
0.0
 10
688.7556010905056
 20
929.7949835306403
 30
0.0
 10
688.467744034524
 20
929.6147420603693
 30
0.0
 10
688.1820838168564
 20
929.4322144557681
 30
0.0
 10
687.8985099887994
 20
929.2475225849869
 30
0.0
 10
687.6169256219542
 20
929.0607762924706
 30
0.0
 10
687.3373140267032
 20
928.8720100522171
 30
0.0
 10
687.0597958336513
 20
928.6811288007234
 30
0.0
 10
686.7847225123394
 20
928.4878190915922
 30
0.0
 10
686.512593607365
 20
928.2916280437611
 30
0.0
 10
686.2438896932415
 20
928.0921225757992
 30
0.0
 10
685.9789195552187
 20
927.889034977419
 30
0.0
 10
685.7176883429938
 20
927.682388805378
 30
0.0
 10
685.4596870594306
 20
927.4726989401976
 30
0.0
 10
685.2041587309577
 20
927.2607219802759
 30
0.0
 10
684.9505105368675
 20
927.0470688260509
 30
0.0
 10
684.6986929910696
 20
926.8318486004858
 30
0.0
 10
684.4495584018506
 20
926.6143315665227
 30
0.0
 10
684.2053219739702
 20
926.3925166785695
 30
0.0
 10
683.968977625015
 20
926.1636714961722
 30
0.0
 10
683.7886412529775
 20
925.9727485666824
 30
0.0
 10
683.6593779460944
 20
925.8241568431191
 30
0.0
 10
683.5760012151998
 20
925.7225698297611
 30
0.0
 10
683.5350125606808
 20
925.6711448484732
 30
0.0
  0
LINE
  5
E9
330
17
100
AcDbEntity
  8
cut
 62
5
420
255
100
AcDbLine
 10
683.5350125606808
 20
925.6711448484732
 30
0.0
 11
680.8648854451762
 21
922.3211632849651
 31
0.0
  0
ARC
  5
EA
330
17
100
AcDbEntity
  8
cut
 62
5
420
255
100
AcDbCircle
 10
676.1729449450253
 20
926.0609085093143
 30
0.0
 40
6.0000000000000036
100
AcDbArc
 50
-125.39103940504336
 51
-38.55685157035457
  0
ARC
  5
EB
330
17
100
AcDbEntity
  8
cut
 62
5
420
255
100
AcDbCircle
 10
613.2507927418743
 20
837.4915075453048
 30
0.0
 40
102.64499999999998
100
AcDbArc
 50
54.60896059495672
 51
57.891039405043244
  0
ARC
  5
EC
330
17
100
AcDbEntity
  8
cut
 62
5
420
255
100
AcDbCircle
 10
670.9989843224078
 20
929.518038470783
 30
0.0
 40
6.000000000000003
100
AcDbArc
 50
151.05685157035447
 51
-122.10896059495632
  0
LINE
  5
ED
330
17
100
AcDbEntity
  8
cut
 62
5
420
255
100
AcDbLine
 10
665.7483823577742
 20
932.4216877280084
 30
0.0
 11
667.821548349177
 21
936.1705459623095
 31
0.0
  0
SPLINE
  5
EE
330
17
100
AcDbEntity
  8
cut
 62
5
420
255
100
AcDbSpline
 70
4
 71
5
 72
81
 73
75
 74
0
 42
1e-09
 40
0.0
 40
0.0
 40
0.0
 40
0.0
 40
0.0
 40
0.0
 40
0.014285714285714285
 40
0.02857142857142857
 40
0.04285714285714286
 40
0.05714285714285714
 40
0.07142857142857142
 40
0.08571428571428572
 40
0.1
 40
0.1142857142857143
 40
0.1285714285714286
 40
0.14285714285714288
 40
0.15714285714285717
 40
0.17142857142857146
 40
0.18571428571428575
 40
0.20000000000000004
 40
0.21428571428571433
 40
0.22857142857142862
 40
0.2428571428571429
 40
0.2571428571428572
 40
0.27142857142857146
 40
0.28571428571428575
 40
0.30000000000000004
 40
0.31428571428571433
 40
0.3285714285714286
 40
0.3428571428571429
 40
0.3571428571428572
 40
0.3714285714285715
 40
0.3857142857142858
 40
0.4000000000000001
 40
0.41428571428571437
 40
0.42857142857142866
 40
0.44285714285714295
 40
0.45714285714285724
 40
0.47142857142857153
 40
0.4857142857142858
 40
0.5000000000000001
 40
0.5142857142857143
 40
0.5285714285714286
 40
0.5428571428571428
 40
0.557142857142857
 40
0.5714285714285713
 40
0.5857142857142855
 40
0.5999999999999998
 40
0.614285714285714
 40
0.6285714285714282
 40
0.6428571428571425
 40
0.6571428571428567
 40
0.6714285714285709
 40
0.6857142857142852
 40
0.6999999999999994
 40
0.7142857142857136
 40
0.7285714285714279
 40
0.7428571428571421
 40
0.7571428571428563
 40
0.7714285714285706
 40
0.7857142857142848
 40
0.799999999999999
 40
0.8142857142857133
 40
0.8285714285714275
 40
0.8428571428571418
 40
0.857142857142856
 40
0.8714285714285702
 40
0.8857142857142845
 40
0.8999999999999987
 40
0.9142857142857129
 40
0.9285714285714272
 40
0.9428571428571414
 40
0.9571428571428556
 40
0.9714285714285699
 40
0.9857142857142841
 40
1.0
 40
1.0
 40
1.0
 40
1.0
 40
1.0
 40
1.0
 41
1.0
 41
1.0
 41
1.0
 41
1.0
 41
1.0
 41
1.0
 41
1.0
 41
1.0
 41
1.0
 41
1.0
 41
1.0
 41
1.0
 41
1.0
 41
1.0
 41
1.0
 41
1.0
 41
1.0
 41
1.0
 41
1.0
 41
1.0
 41
1.0
 41
1.0
 41
1.0
 41
1.0
 41
1.0
 41
1.0
 41
1.0
 41
1.0
 41
1.0
 41
1.0
 41
1.0
 41
1.0
 41
1.0
 41
1.0
 41
1.0
 41
1.0
 41
1.0
 41
1.0
 41
1.0
 41
1.0
 41
1.0
 41
1.0
 41
1.0
 41
1.0
 41
1.0
 41
1.0
 41
1.0
 41
1.0
 41
1.0
 41
1.0
 41
1.0
 41
1.0
 41
1.0
 41
1.0
 41
1.0
 41
1.0
 41
1.0
 41
1.0
 41
1.0
 41
1.0
 41
1.0
 41
1.0
 41
1.0
 41
1.0
 41
1.0
 41
1.0
 41
1.0
 41
1.0
 41
1.0
 41
1.0
 41
1.0
 41
1.0
 41
1.0
 41
1.0
 41
1.0
 10
667.821548349177
 20
936.1705459623095
 30
0.0
 10
667.8533731578494
 20
936.2280940296333
 30
0.0
 10
667.9153204267016
 20
936.3439997517501
 30
0.0
 10
668.0031343528453
 20
936.5202870660784
 30
0.0
 10
668.1105123978566
 20
936.7599591911455
 30
0.0
 10
668.231492711309
 20
937.06588815765
 30
0.0
 10
668.3429577117654
 20
937.3764180771338
 30
0.0
 10
668.4485775676933
 20
937.6898285901088
 30
0.0
 10
668.5510487263197
 20
938.0048388812322
 30
0.0
 10
668.651371541037
 20
938.3209407786053
 30
0.0
 10
668.7494262578659
 20
938.6381382418633
 30
0.0
 10
668.8444216157327
 20
938.9567451844483
 30
0.0
 10
668.935368927618
 20
939.2771714210778
 30
0.0
 10
669.0215977211756
 20
939.5996901675427
 30
0.0
 10
669.103088203503
 20
939.9242876513623
 30
0.0
 10
669.1802058736546
 20
940.2507810404562
 30
0.0
 10
669.2535347546051
 20
940.5788920749559
 30
0.0
 10
669.3236844213393
 20
940.9083325459119
 30
0.0
 10
669.3910789621389
 20
941.238897688552
 30
0.0
 10
669.4558523675623
 20
941.570512433957
 30
0.0
 10
669.5179664009486
 20
941.9031790086952
 30
0.0
 10
669.5772824863708
 20
942.2369449272812
 30
0.0
 10
669.6336457654503
 20
942.5718655940893
 30
0.0
 10
669.6869787058889
 20
942.90796265791
 30
0.0
 10
669.7373175095156
 20
943.2452077794663
 30
0.0
 10
669.7847623273149
 20
943.5835446877722
 30
0.0
 10
669.8294476085653
 20
943.9229022935666
 30
0.0
 10
669.8715071387209
 20
944.2632101655649
 30
0.0
 10
669.9110346478807
 20
944.6044159703154
 30
0.0
 10
669.9480719275825
 20
944.9464907135792
 30
0.0
 10
669.9826301428184
 20
945.2894192596445
 30
0.0
 10
670.0147028795795
 20
945.633194517546
 30
0.0
 10
670.044281325714
 20
945.9778106833978
 30
0.0
 10
670.0713715479188
 20
946.3232555524811
 30
0.0
 10
670.0959990496206
 20
946.6695084820558
 30
0.0
 10
670.118199896367
 20
947.0165443209191
 30
0.0
 10
670.1380153270896
 20
947.3643357930953
 30
0.0
 10
670.1554854828242
 20
947.7128562739791
 30
0.0
 10
670.170642264508
 20
948.062082957879
 30
0.0
 10
670.1835076432243
 20
948.4119975952838
 30
0.0
 10
670.1940974961917
 20
948.7625847683119
 30
0.0
 10
670.2024240177578
 20
949.11383080277
 30
0.0
 10
670.208498499477
 20
949.4657225189504
 30
0.0
 10
670.2123345185793
 20
949.8182457987962
 30
0.0
 10
670.2139487932242
 20
950.1713852077955
 30
0.0
 10
670.2133595632723
 20
950.5251247330876
 30
0.0
 10
670.2105856256367
 20
950.8794482310471
 30
0.0
 10
670.2056452080573
 20
951.2343399444112
 30
0.0
 10
670.1985547112614
 20
951.589785094149
 30
0.0
 10
670.1893283435202
 20
951.9457700248397
 30
0.0
 10
670.1779788429825
 20
952.302281811736
 30
0.0
 10
670.1645179443318
 20
952.6593079943424
 30
0.0
 10
670.1489569211361
 20
953.0168362833776
 30
0.0
 10
670.131307213645
 20
953.3748542076833
 30
0.0
 10
670.111580666357
 20
953.7333490259288
 30
0.0
 10
670.0897891678622
 20
954.0923080290922
 30
0.0
 10
670.0659444427348
 20
954.4517187569697
 30
0.0
 10
670.0400578143657
 20
954.8115692189253
 30
0.0
 10
670.0121399530221
 20
955.1718481756579
 30
0.0
 10
669.982200785217
 20
955.5325451732679
 30
0.0
 10
669.9502497337899
 20
955.8936500848943
 30
0.0
 10
669.9162959061456
 20
956.2551527383428
 30
0.0
 10
669.8803483010915
 20
956.6170425439566
 30
0.0
 10
669.8424160612177
 20
956.9793080298386
 30
0.0
 10
669.8025085990207
 20
957.341936691585
 30
0.0
 10
669.7606352792885
 20
957.7049158675507
 30
0.0
 10
669.7168051894271
 20
958.0682334464484
 30
0.0
 10
669.6710268892597
 20
958.4318786180422
 30
0.0
 10
669.6233081831597
 20
958.7958426534382
 30
0.0
 10
669.5736558971059
 20
959.1601195291369
 30
0.0
 10
669.5220756752984
 20
959.5247053694347
 30
0.0
 10
669.4792725621039
 20
959.8166194849766
 30
0.0
 10
669.446305791293
 20
960.0356927167355
 30
0.0
 10
669.4239438779664
 20
960.1818026933228
 30
0.0
 10
669.4126669047722
 20
960.2548729704625
 30
0.0
  0
ARC
  5
EF
330
17
100
AcDbEntity
  8
cut
 62
5
420
255
100
AcDbCircle
 10
613.2507927418743
 20
837.4915075453048
 30
0.0
 40
135.0
100
AcDbArc
 50
65.4168182549477
 51
69.58318174505233
  0
SPLINE
  5
F0
330
17
100
AcDbEntity
  8
cut
 62
5
420
255
100
AcDbSpline
 70
4
 71
5
 72
81
 73
75
 74
0
 42
1e-09
 40
-1.0
 40
-1.0
 40
-1.0
 40
-1.0
 40
-1.0
 40
-1.0
 40
-0.9857142857142841
 40
-0.9714285714285699
 40
-0.9571428571428556
 40
-0.9428571428571414
 40
-0.9285714285714272
 40
-0.9142857142857129
 40
-0.8999999999999987
 40
-0.8857142857142845
 40
-0.8714285714285702
 40
-0.857142857142856
 40
-0.8428571428571418
 40
-0.8285714285714275
 40
-0.8142857142857133
 40
-0.799999999999999
 40
-0.7857142857142848
 40
-0.7714285714285706
 40
-0.7571428571428563
 40
-0.7428571428571421
 40
-0.7285714285714279
 40
-0.7142857142857136
 40
-0.6999999999999994
 40
-0.6857142857142852
 40
-0.6714285714285709
 40
-0.6571428571428567
 40
-0.6428571428571425
 40
-0.6285714285714282
 40
-0.614285714285714
 40
-0.5999999999999998
 40
-0.5857142857142855
 40
-0.5714285714285713
 40
-0.557142857142857
 40
-0.5428571428571428
 40
-0.5285714285714286
 40
-0.5142857142857143
 40
-0.5000000000000001
 40
-0.4857142857142858
 40
-0.47142857142857153
 40
-0.45714285714285724
 40
-0.44285714285714295
 40
-0.42857142857142866
 40
-0.41428571428571437
 40
-0.4000000000000001
 40
-0.3857142857142858
 40
-0.3714285714285715
 40
-0.3571428571428572
 40
-0.3428571428571429
 40
-0.3285714285714286
 40
-0.31428571428571433
 40
-0.30000000000000004
 40
-0.28571428571428575
 40
-0.27142857142857146
 40
-0.2571428571428572
 40
-0.2428571428571429
 40
-0.22857142857142862
 40
-0.21428571428571433
 40
-0.20000000000000004
 40
-0.18571428571428575
 40
-0.17142857142857146
 40
-0.15714285714285717
 40
-0.14285714285714288
 40
-0.1285714285714286
 40
-0.1142857142857143
 40
-0.1
 40
-0.08571428571428572
 40
-0.07142857142857142
 40
-0.05714285714285714
 40
-0.04285714285714286
 40
-0.02857142857142857
 40
-0.014285714285714285
 40
0.0
 40
0.0
 40
0.0
 40
0.0
 40
0.0
 40
0.0
 41
1.0
 41
1.0
 41
1.0
 41
1.0
 41
1.0
 41
1.0
 41
1.0
 41
1.0
 41
1.0
 41
1.0
 41
1.0
 41
1.0
 41
1.0
 41
1.0
 41
1.0
 41
1.0
 41
1.0
 41
1.0
 41
1.0
 41
1.0
 41
1.0
 41
1.0
 41
1.0
 41
1.0
 41
1.0
 41
1.0
 41
1.0
 41
1.0
 41
1.0
 41
1.0
 41
1.0
 41
1.0
 41
1.0
 41
1.0
 41
1.0
 41
1.0
 41
1.0
 41
1.0
 41
1.0
 41
1.0
 41
1.0
 41
1.0
 41
1.0
 41
1.0
 41
1.0
 41
1.0
 41
1.0
 41
1.0
 41
1.0
 41
1.0
 41
1.0
 41
1.0
 41
1.0
 41
1.0
 41
1.0
 41
1.0
 41
1.0
 41
1.0
 41
1.0
 41
1.0
 41
1.0
 41
1.0
 41
1.0
 41
1.0
 41
1.0
 41
1.0
 41
1.0
 41
1.0
 41
1.0
 41
1.0
 41
1.0
 41
1.0
 41
1.0
 41
1.0
 41
1.0
 10
660.3451588505549
 20
964.0107577834467
 30
0.0
 10
660.2855163378692
 20
963.9670633191948
 30
0.0
 10
660.1663887220719
 20
963.8795602245044
 30
0.0
 10
659.9881695271246
 20
963.7479630839455
 30
0.0
 10
659.751488704905
 20
963.5718150049175
 30
0.0
 10
659.4572148602906
 20
963.3504866095335
 30
0.0
 10
659.1645227430846
 20
963.1280134286676
 30
0.0
 10
658.8734190848753
 20
962.9043942118037
 30
0.0
 10
658.583912971616
 20
962.6796283915037
 30
0.0
 10
658.296016094092
 20
962.4537166215017
 30
0.0
 10
658.009742149004
 20
962.2266604930805
 30
0.0
 10
657.725106126091
 20
961.9984621444464
 30
0.0
 10
657.4421236003936
 20
961.7691239068297
 30
0.0
 10
657.1608100695007
 20
961.5386479665391
 30
0.0
 10
656.8811801100558
 20
961.3070359706431
 30
0.0
 10
656.6032475731948
 20
961.0742890440424
 30
0.0
 10
656.327026091653
 20
960.8404079396571
 30
0.0
 10
656.0525294891564
 20
960.6053931553049
 30
0.0
 10
655.7797721768326
 20
960.3692450639048
 30
0.0
 10
655.5087696470862
 20
960.1319640678246
 30
0.0
 10
655.2395383854234
 20
959.8935506388775
 30
0.0
 10
654.972095493065
 20
959.6540052972326
 30
0.0
 10
654.7064583631492
 20
959.4133286230228
 30
0.0
 10
654.4426443804825
 20
959.1715212504038
 30
0.0
 10
654.1806704529837
 20
958.9285839083384
 30
0.0
 10
653.9205532421031
 20
958.6845173150444
 30
0.0
 10
653.6623098564158
 20
958.4393219837482
 30
0.0
 10
653.4059584423301
 20
958.1929980463951
 30
0.0
 10
653.1515187024512
 20
957.9455451120608
 30
0.0
 10
652.8990126841975
 20
957.6969620340326
 30
0.0
 10
652.6484644185952
 20
957.4472470654196
 30
0.0
 10
652.3998986123355
 20
957.1963983300637
 30
0.0
 10
652.1533394857505
 20
956.9444142532388
 30
0.0
 10
651.9088097742117
 20
956.6912939272684
 30
0.0
 10
651.6663290612446
 20
956.4370377345751
 30
0.0
 10
651.4259146506445
 20
956.1816470102849
 30
0.0
 10
651.187584834232
 20
955.9251228008068
 30
0.0
 10
650.9513617409847
 20
955.6674647813403
 30
0.0
 10
650.7172738111576
 20
955.4086703203366
 30
0.0
 10
650.4853597281792
 20
955.1487329864858
 30
0.0
 10
650.2556667024866
 20
954.8876432222285
 30
0.0
 10
650.0282431814355
 20
954.6253911542634
 30
0.0
 10
649.8031324518055
 20
954.3619690649837
 30
0.0
 10
649.5803671438638
 20
954.0973735173646
 30
0.0
 10
649.3599601774526
 20
953.8316088516433
 30
0.0
 10
649.1419094254064
 20
953.5646854029192
 30
0.0
 10
648.9262153664057
 20
953.2966127206507
 30
0.0
 10
648.7128965978568
 20
953.0273936125611
 30
0.0
 10
648.5020031728621
 20
952.7570190295935
 30
0.0
 10
648.2936383739491
 20
952.4854596998977
 30
0.0
 10
648.0879466041583
 20
952.2126708253109
 30
0.0
 10
647.885073201185
 20
951.938607603535
 30
0.0
 10
647.6851287720652
 20
951.6632390067258
 30
0.0
 10
647.4881589542528
 20
951.3865594752192
 30
0.0
 10
647.2940936161272
 20
951.1086085246226
 30
0.0
 10
647.10278407947
 20
950.8294564795369
 30
0.0
 10
646.9140987584681
 20
950.549167730104
 30
0.0
 10
646.7280090412977
 20
950.267767739305
 30
0.0
 10
646.5446627553332
 20
949.985214843249
 30
0.0
 10
646.3645045668331
 20
949.7013539567952
 30
0.0
 10
646.1881693049058
 20
949.4159578398408
 30
0.0
 10
646.0162666955968
 20
949.12881028522
 30
0.0
 10
645.8491844675697
 20
948.8397821278768
 30
0.0
 10
645.6869183637439
 20
948.5488971021213
 30
0.0
 10
645.5288010958376
 20
948.2564361107574
 30
0.0
 10
645.3738437737898
 20
947.9628084783153
 30
0.0
 10
645.2212649212057
 20
947.6683517405427
 30
0.0
 10
645.0709770593496
 20
947.373147776405
 30
0.0
 10
644.9240468766843
 20
947.0768485610307
 30
0.0
 10
644.7832867225436
 20
946.7784530915146
 30
0.0
 10
644.6525082757992
 20
946.4765826447057
 30
0.0
 10
644.5589622346808
 20
946.2311811160313
 30
0.0
 10
644.496402101941
 20
946.0444333379737
 30
0.0
 10
644.4582477137352
 20
945.9186722820052
 30
0.0
 10
644.4400586231086
 20
945.8554761153341
 30
0.0
  0
LINE
  5
F1
330
17
100
AcDbEntity
  8
cut
 62
5
420
255
100
AcDbLine
 10
644.4400586231086
 20
945.8554761153342
 30
0.0
 11
643.2551652749736
 21
941.7386833051065
 31
0.0
  0
ARC
  5
F2
330
17
100
AcDbEntity
  8
cut
 62
5
420
255
100
AcDbCircle
 10
637.4892389404985
 20
943.3982294796391
 30
0.0
 40
5.999999999999998
100
AcDbArc
 50
-102.89103940504337
 51
-16.056851570354343
  0
ARC
  5
F3
330
17
100
AcDbEntity
  8
cut
 62
5
420
255
100
AcDbCircle
 10
613.2507927418743
 20
837.4915075453048
 30
0.0
 40
102.64500000000001
100
AcDbArc
 50
77.10896059495671
 51
80.39103940504329
  0
ARC
  5
F4
330
17
100
AcDbEntity
  8
cut
 62
5
420
255
100
AcDbCircle
 10
631.3861362594557
 20
944.6122120822864
 30
0.0
 40
6.0
100
AcDbArc
 50
173.55685157035438
 51
-99.60896059495683
  0
LINE
  5
F5
330
17
100
AcDbEntity
  8
cut
 62
5
420
255
100
AcDbLine
 10
625.4240341068278
 20
945.2855158188196
 30
0.0
 11
625.9047637972309
 21
949.5423754892295
 31
0.0
  0
SPLINE
  5
F6
330
17
100
AcDbEntity
  8
cut
 62
5
420
255
100
AcDbSpline
 70
4
 71
5
 72
81
 73
75
 74
0
 42
1e-09
 40
0.0
 40
0.0
 40
0.0
 40
0.0
 40
0.0
 40
0.0
 40
0.014285714285714285
 40
0.02857142857142857
 40
0.04285714285714286
 40
0.05714285714285714
 40
0.07142857142857142
 40
0.08571428571428572
 40
0.1
 40
0.1142857142857143
 40
0.1285714285714286
 40
0.14285714285714288
 40
0.15714285714285717
 40
0.17142857142857146
 40
0.18571428571428575
 40
0.20000000000000004
 40
0.21428571428571433
 40
0.22857142857142862
 40
0.2428571428571429
 40
0.2571428571428572
 40
0.27142857142857146
 40
0.28571428571428575
 40
0.30000000000000004
 40
0.31428571428571433
 40
0.3285714285714286
 40
0.3428571428571429
 40
0.3571428571428572
 40
0.3714285714285715
 40
0.3857142857142858
 40
0.4000000000000001
 40
0.41428571428571437
 40
0.42857142857142866
 40
0.44285714285714295
 40
0.45714285714285724
 40
0.47142857142857153
 40
0.4857142857142858
 40
0.5000000000000001
 40
0.5142857142857143
 40
0.5285714285714286
 40
0.5428571428571428
 40
0.557142857142857
 40
0.5714285714285713
 40
0.5857142857142855
 40
0.5999999999999998
 40
0.614285714285714
 40
0.6285714285714282
 40
0.6428571428571425
 40
0.6571428571428567
 40
0.6714285714285709
 40
0.6857142857142852
 40
0.6999999999999994
 40
0.7142857142857136
 40
0.7285714285714279
 40
0.7428571428571421
 40
0.7571428571428563
 40
0.7714285714285706
 40
0.7857142857142848
 40
0.799999999999999
 40
0.8142857142857133
 40
0.8285714285714275
 40
0.8428571428571418
 40
0.857142857142856
 40
0.8714285714285702
 40
0.8857142857142845
 40
0.8999999999999987
 40
0.9142857142857129
 40
0.9285714285714272
 40
0.9428571428571414
 40
0.9571428571428556
 40
0.9714285714285699
 40
0.9857142857142841
 40
1.0
 40
1.0
 40
1.0
 40
1.0
 40
1.0
 40
1.0
 41
1.0
 41
1.0
 41
1.0
 41
1.0
 41
1.0
 41
1.0
 41
1.0
 41
1.0
 41
1.0
 41
1.0
 41
1.0
 41
1.0
 41
1.0
 41
1.0
 41
1.0
 41
1.0
 41
1.0
 41
1.0
 41
1.0
 41
1.0
 41
1.0
 41
1.0
 41
1.0
 41
1.0
 41
1.0
 41
1.0
 41
1.0
 41
1.0
 41
1.0
 41
1.0
 41
1.0
 41
1.0
 41
1.0
 41
1.0
 41
1.0
 41
1.0
 41
1.0
 41
1.0
 41
1.0
 41
1.0
 41
1.0
 41
1.0
 41
1.0
 41
1.0
 41
1.0
 41
1.0
 41
1.0
 41
1.0
 41
1.0
 41
1.0
 41
1.0
 41
1.0
 41
1.0
 41
1.0
 41
1.0
 41
1.0
 41
1.0
 41
1.0
 41
1.0
 41
1.0
 41
1.0
 41
1.0
 41
1.0
 41
1.0
 41
1.0
 41
1.0
 41
1.0
 41
1.0
 41
1.0
 41
1.0
 41
1.0
 41
1.0
 41
1.0
 41
1.0
 41
1.0
 10
625.9047637972309
 20
949.5423754892295
 30
0.0
 10
625.91214339466
 20
949.6077217977827
 30
0.0
 10
625.925020008877
 20
949.7385109156173
 30
0.0
 10
625.9386872633812
 20
949.9349840918327
 30
0.0
 10
625.9461730899453
 20
950.1975040615213
 30
0.0
 10
625.9408703784188
 20
950.5264427336776
 30
0.0
 10
625.9250159554917
 20
950.8559907794844
 30
0.0
 10
625.9026589677657
 20
951.1859633066882
 30
0.0
 10
625.8767807544559
 20
951.5162088818892
 30
0.0
 10
625.8484999905534
 20
951.8466408341405
 30
0.0
 10
625.8177045225208
 20
952.1772169938049
 30
0.0
 10
625.7835431909735
 20
952.5079245765825
 30
0.0
 10
625.7449457389082
 20
952.8387638477607
 30
0.0
 10
625.7011881754898
 20
953.1697306471581
 30
0.0
 10
625.6522574849615
 20
953.5008046762458
 30
0.0
 10
625.5985613112266
 20
953.8319568906395
 30
0.0
 10
625.5407457065994
 20
954.1631537076586
 30
0.0
 10
625.4794841377222
 20
954.4943621312008
 30
0.0
 10
625.4152467711642
 20
954.8255552748435
 30
0.0
 10
625.3481861256915
 20
955.1567150599155
 30
0.0
 10
625.2782660231649
 20
955.4878289109611
 30
0.0
 10
625.2053402531042
 20
955.8188876949564
 30
0.0
 10
625.1292445426868
 20
956.1498833371329
 30
0.0
 10
625.0498989767759
 20
956.4808061680392
 30
0.0
 10
624.9673478464723
 20
956.8116438594374
 30
0.0
 10
624.8817052131944
 20
957.1423827498377
 30
0.0
 10
624.7931224965615
 20
957.4730086128383
 30
0.0
 10
624.7017502511021
 20
957.8035075758936
 30
0.0
 10
624.6076950992813
 20
958.1338671581547
 30
0.0
 10
624.51100674706
 20
958.4640765653669
 30
0.0
 10
624.4117013017324
 20
958.7941260866135
 30
0.0
 10
624.3097755511218
 20
959.1240067161615
 30
0.0
 10
624.2052235749122
 20
959.4537097196552
 30
0.0
 10
624.0980556485447
 20
959.7832261430292
 30
0.0
 10
623.9883032337477
 20
960.1125466746172
 30
0.0
 10
623.8760092756911
 20
960.4416618794252
 30
0.0
 10
623.7612223122441
 20
960.7705623391935
 30
0.0
 10
623.6439896176829
 20
961.0992388173036
 30
0.0
 10
623.524349391991
 20
961.4276824520038
 30
0.0
 10
623.4023289175882
 20
961.7558847909139
 30
0.0
 10
623.2779487632795
 20
962.0838376657174
 30
0.0
 10
623.1512254280603
 20
962.4115331096816
 30
0.0
 10
623.0221743876225
 20
962.7389632674351
 30
0.0
 10
622.8908135884375
 20
963.066120291375
 30
0.0
 10
622.7571643826026
 20
963.3929963196346
 30
0.0
 10
622.6212497494081
 20
963.7195835383517
 30
0.0
 10
622.4830932328352
 20
964.0458742260288
 30
0.0
 10
622.3427177031635
 20
964.3718608003071
 30
0.0
 10
622.2001439683793
 20
964.697535883429
 30
0.0
 10
622.0553903809167
 20
965.0228922967013
 30
0.0
 10
621.9084736553777
 20
965.3479229738924
 30
0.0
 10
621.7594094016212
 20
965.6726208936748
 30
0.0
 10
621.6082127379701
 20
965.9969790164405
 30
0.0
 10
621.4548990063428
 20
966.3209901983357
 30
0.0
 10
621.299484025525
 20
966.6446472005993
 30
0.0
 10
621.141983642674
 20
966.9679428311923
 30
0.0
 10
620.9824134581974
 20
967.2908700651877
 30
0.0
 10
620.8207885221619
 20
967.6134221579566
 30
0.0
 10
620.657122993704
 20
967.9355928090731
 30
0.0
 10
620.4914300442591
 20
968.2573761591052
 30
0.0
 10
620.3237222547783
 20
968.5787664580184
 30
0.0
 10
620.1540119321365
 20
968.8997577931832
 30
0.0
 10
619.9823114426341
 20
969.220343824727
 30
0.0
 10
619.8086336230276
 20
969.5405174527164
 30
0.0
 10
619.6329919545583
 20
969.8602707265954
 30
0.0
 10
619.455399934564
 20
970.1795955322781
 30
0.0
 10
619.2758705935016
 20
970.4984841579942
 30
0.0
 10
619.0944159765153
 20
970.8169298920903
 30
0.0
 10
618.9110466343087
 20
971.1349276567247
 30
0.0
 10
618.7257711783577
 20
971.4524744990979
 30
0.0
 10
618.5385963063904
 20
971.7695689984691
 30
0.0
 10
618.3873406904909
 20
972.0228824327962
 30
0.0
 10
618.2730476694168
 20
972.2126638707315
 30
0.0
 10
618.1964740880435
 20
972.3390943538501
 30
0.0
 10
618.158092738861
 20
972.4022869765258
 30
0.0
  0
ARC
  5
F7
330
17
100
AcDbEntity
  8
cut
 62
5
420
255
100
AcDbCircle
 10
613.2507927418743
 20
837.4915075453048
 30
0.0
 40
135.00000000000003
100
AcDbArc
 50
87.91681825494773
 51
92.08318174505233
  0
SPLINE
  5
F8
330
17
100
AcDbEntity
  8
cut
 62
5
420
255
100
AcDbSpline
 70
4
 71
5
 72
81
 73
75
 74
0
 42
1e-09
 40
-1.0
 40
-1.0
 40
-1.0
 40
-1.0
 40
-1.0
 40
-1.0
 40
-0.9857142857142841
 40
-0.9714285714285699
 40
-0.9571428571428556
 40
-0.9428571428571414
 40
-0.9285714285714272
 40
-0.9142857142857129
 40
-0.8999999999999987
 40
-0.8857142857142845
 40
-0.8714285714285702
 40
-0.857142857142856
 40
-0.8428571428571418
 40
-0.8285714285714275
 40
-0.8142857142857133
 40
-0.799999999999999
 40
-0.7857142857142848
 40
-0.7714285714285706
 40
-0.7571428571428563
 40
-0.7428571428571421
 40
-0.7285714285714279
 40
-0.7142857142857136
 40
-0.6999999999999994
 40
-0.6857142857142852
 40
-0.6714285714285709
 40
-0.6571428571428567
 40
-0.6428571428571425
 40
-0.6285714285714282
 40
-0.614285714285714
 40
-0.5999999999999998
 40
-0.5857142857142855
 40
-0.5714285714285713
 40
-0.557142857142857
 40
-0.5428571428571428
 40
-0.5285714285714286
 40
-0.5142857142857143
 40
-0.5000000000000001
 40
-0.4857142857142858
 40
-0.47142857142857153
 40
-0.45714285714285724
 40
-0.44285714285714295
 40
-0.42857142857142866
 40
-0.41428571428571437
 40
-0.4000000000000001
 40
-0.3857142857142858
 40
-0.3714285714285715
 40
-0.3571428571428572
 40
-0.3428571428571429
 40
-0.3285714285714286
 40
-0.31428571428571433
 40
-0.30000000000000004
 40
-0.28571428571428575
 40
-0.27142857142857146
 40
-0.2571428571428572
 40
-0.2428571428571429
 40
-0.22857142857142862
 40
-0.21428571428571433
 40
-0.20000000000000004
 40
-0.18571428571428575
 40
-0.17142857142857146
 40
-0.15714285714285717
 40
-0.14285714285714288
 40
-0.1285714285714286
 40
-0.1142857142857143
 40
-0.1
 40
-0.08571428571428572
 40
-0.07142857142857142
 40
-0.05714285714285714
 40
-0.04285714285714286
 40
-0.02857142857142857
 40
-0.014285714285714285
 40
0.0
 40
0.0
 40
0.0
 40
0.0
 40
0.0
 40
0.0
 41
1.0
 41
1.0
 41
1.0
 41
1.0
 41
1.0
 41
1.0
 41
1.0
 41
1.0
 41
1.0
 41
1.0
 41
1.0
 41
1.0
 41
1.0
 41
1.0
 41
1.0
 41
1.0
 41
1.0
 41
1.0
 41
1.0
 41
1.0
 41
1.0
 41
1.0
 41
1.0
 41
1.0
 41
1.0
 41
1.0
 41
1.0
 41
1.0
 41
1.0
 41
1.0
 41
1.0
 41
1.0
 41
1.0
 41
1.0
 41
1.0
 41
1.0
 41
1.0
 41
1.0
 41
1.0
 41
1.0
 41
1.0
 41
1.0
 41
1.0
 41
1.0
 41
1.0
 41
1.0
 41
1.0
 41
1.0
 41
1.0
 41
1.0
 41
1.0
 41
1.0
 41
1.0
 41
1.0
 41
1.0
 41
1.0
 41
1.0
 41
1.0
 41
1.0
 41
1.0
 41
1.0
 41
1.0
 41
1.0
 41
1.0
 41
1.0
 41
1.0
 41
1.0
 41
1.0
 41
1.0
 41
1.0
 41
1.0
 41
1.0
 41
1.0
 41
1.0
 41
1.0
 10
608.3434927448876
 20
972.4022869765258
 30
0.0
 10
608.3051113957051
 20
972.3390943538501
 30
0.0
 10
608.2285378143318
 20
972.2126638707316
 30
0.0
 10
608.1142447932577
 20
972.0228824327962
 30
0.0
 10
607.9629891773582
 20
971.7695689984691
 30
0.0
 10
607.7758143053909
 20
971.4524744990979
 30
0.0
 10
607.5905388494399
 20
971.1349276567247
 30
0.0
 10
607.4071695072333
 20
970.8169298920905
 30
0.0
 10
607.225714890247
 20
970.4984841579942
 30
0.0
 10
607.0461855491847
 20
970.1795955322781
 30
0.0
 10
606.8685935291903
 20
969.8602707265954
 30
0.0
 10
606.692951860721
 20
969.5405174527164
 30
0.0
 10
606.5192740411145
 20
969.2203438247269
 30
0.0
 10
606.3475735516121
 20
968.8997577931832
 30
0.0
 10
606.1778632289703
 20
968.5787664580184
 30
0.0
 10
606.0101554394895
 20
968.2573761591052
 30
0.0
 10
605.8444624900446
 20
967.9355928090731
 30
0.0
 10
605.6807969615867
 20
967.6134221579566
 30
0.0
 10
605.5191720255513
 20
967.2908700651877
 30
0.0
 10
605.3596018410747
 20
966.9679428311923
 30
0.0
 10
605.2021014582238
 20
966.6446472005993
 30
0.0
 10
605.0466864774058
 20
966.3209901983357
 30
0.0
 10
604.8933727457785
 20
965.9969790164405
 30
0.0
 10
604.7421760821275
 20
965.6726208936748
 30
0.0
 10
604.593111828371
 20
965.3479229738924
 30
0.0
 10
604.4461951028319
 20
965.0228922967013
 30
0.0
 10
604.3014415153693
 20
964.697535883429
 30
0.0
 10
604.1588677805851
 20
964.3718608003071
 30
0.0
 10
604.0184922509134
 20
964.0458742260288
 30
0.0
 10
603.8803357343405
 20
963.7195835383517
 30
0.0
 10
603.7444211011461
 20
963.3929963196346
 30
0.0
 10
603.6107718953111
 20
963.066120291375
 30
0.0
 10
603.4794110961261
 20
962.7389632674351
 30
0.0
 10
603.3503600556883
 20
962.4115331096816
 30
0.0
 10
603.2236367204691
 20
962.0838376657174
 30
0.0
 10
603.0992565661605
 20
961.7558847909139
 30
0.0
 10
602.9772360917576
 20
961.4276824520038
 30
0.0
 10
602.8575958660657
 20
961.0992388173036
 30
0.0
 10
602.7403631715046
 20
960.7705623391935
 30
0.0
 10
602.6255762080575
 20
960.4416618794252
 30
0.0
 10
602.5132822500009
 20
960.1125466746172
 30
0.0
 10
602.4035298352039
 20
959.7832261430292
 30
0.0
 10
602.2963619088364
 20
959.4537097196552
 30
0.0
 10
602.1918099326268
 20
959.1240067161615
 30
0.0
 10
602.0898841820162
 20
958.7941260866135
 30
0.0
 10
601.9905787366886
 20
958.4640765653669
 30
0.0
 10
601.8938903844673
 20
958.1338671581548
 30
0.0
 10
601.7998352326465
 20
957.8035075758936
 30
0.0
 10
601.7084629871871
 20
957.4730086128383
 30
0.0
 10
601.6198802705542
 20
957.1423827498377
 30
0.0
 10
601.5342376372764
 20
956.8116438594374
 30
0.0
 10
601.4516865069727
 20
956.4808061680392
 30
0.0
 10
601.3723409410618
 20
956.1498833371329
 30
0.0
 10
601.2962452306444
 20
955.8188876949564
 30
0.0
 10
601.2233194605838
 20
955.4878289109611
 30
0.0
 10
601.1533993580571
 20
955.1567150599155
 30
0.0
 10
601.0863387125844
 20
954.8255552748435
 30
0.0
 10
601.0221013460264
 20
954.4943621312008
 30
0.0
 10
600.9608397771492
 20
954.1631537076585
 30
0.0
 10
600.903024172522
 20
953.8319568906395
 30
0.0
 10
600.8493279987871
 20
953.5008046762458
 30
0.0
 10
600.8003973082588
 20
953.1697306471581
 30
0.0
 10
600.7566397448404
 20
952.8387638477607
 30
0.0
 10
600.7180422927751
 20
952.5079245765825
 30
0.0
 10
600.6838809612279
 20
952.1772169938049
 30
0.0
 10
600.6530854931952
 20
951.8466408341405
 30
0.0
 10
600.6248047292928
 20
951.5162088818892
 30
0.0
 10
600.598926515983
 20
951.1859633066882
 30
0.0
 10
600.5765695282569
 20
950.8559907794844
 30
0.0
 10
600.5607151053298
 20
950.5264427336776
 30
0.0
 10
600.5554123938034
 20
950.1975040615213
 30
0.0
 10
600.5628982203674
 20
949.9349840918327
 30
0.0
 10
600.5765654748716
 20
949.7385109156173
 30
0.0
 10
600.5894420890886
 20
949.6077217977827
 30
0.0
 10
600.5968216865177
 20
949.5423754892295
 30
0.0
  0
LINE
  5
F9
330
17
100
AcDbEntity
  8
cut
 62
5
420
255
100
AcDbLine
 10
600.5968216865177
 20
949.5423754892295
 30
0.0
 11
601.0775513769208
 21
945.2855158188196
 31
0.0
  0
ARC
  5
FA
330
17
100
AcDbEntity
  8
cut
 62
5
420
255
100
AcDbCircle
 10
595.1154492242929
 20
944.6122120822864
 30
0.0
 40
5.999999999999998
100
AcDbArc
 50
-80.39103940504329
 51
6.443148429645627
  0
ARC
  5
FB
330
17
100
AcDbEntity
  8
cut
 62
5
420
255
100
AcDbCircle
 10
613.2507927418743
 20
837.4915075453048
 30
0.0
 40
102.64500000000001
100
AcDbArc
 50
99.60896059495673
 51
102.8910394050433
  0
ARC
  5
FC
330
17
100
AcDbEntity
  8
cut
 62
5
420
255
100
AcDbCircle
 10
589.0123465432503
 20
943.3982294796391
 30
0.0
 40
5.999999999999999
100
AcDbArc
 50
-163.9431484296457
 51
-77.10896059495717
  0
LINE
  5
FD
330
17
100
AcDbEntity
  8
cut
 62
5
420
255
100
AcDbLine
 10
583.246420208775
 20
941.7386833051065
 30
0.0
 11
582.06152686064
 21
945.8554761153341
 31
0.0
  0
SPLINE
  5
FE
330
17
100
AcDbEntity
  8
cut
 62
5
420
255
100
AcDbSpline
 70
4
 71
5
 72
81
 73
75
 74
0
 42
1e-09
 40
0.0
 40
0.0
 40
0.0
 40
0.0
 40
0.0
 40
0.0
 40
0.014285714285714285
 40
0.02857142857142857
 40
0.04285714285714286
 40
0.05714285714285714
 40
0.07142857142857142
 40
0.08571428571428572
 40
0.1
 40
0.1142857142857143
 40
0.1285714285714286
 40
0.14285714285714288
 40
0.15714285714285717
 40
0.17142857142857146
 40
0.18571428571428575
 40
0.20000000000000004
 40
0.21428571428571433
 40
0.22857142857142862
 40
0.2428571428571429
 40
0.2571428571428572
 40
0.27142857142857146
 40
0.28571428571428575
 40
0.30000000000000004
 40
0.31428571428571433
 40
0.3285714285714286
 40
0.3428571428571429
 40
0.3571428571428572
 40
0.3714285714285715
 40
0.3857142857142858
 40
0.4000000000000001
 40
0.41428571428571437
 40
0.42857142857142866
 40
0.44285714285714295
 40
0.45714285714285724
 40
0.47142857142857153
 40
0.4857142857142858
 40
0.5000000000000001
 40
0.5142857142857143
 40
0.5285714285714286
 40
0.5428571428571428
 40
0.557142857142857
 40
0.5714285714285713
 40
0.5857142857142855
 40
0.5999999999999998
 40
0.614285714285714
 40
0.6285714285714282
 40
0.6428571428571425
 40
0.6571428571428567
 40
0.6714285714285709
 40
0.6857142857142852
 40
0.6999999999999994
 40
0.7142857142857136
 40
0.7285714285714279
 40
0.7428571428571421
 40
0.7571428571428563
 40
0.7714285714285706
 40
0.7857142857142848
 40
0.799999999999999
 40
0.8142857142857133
 40
0.8285714285714275
 40
0.8428571428571418
 40
0.857142857142856
 40
0.8714285714285702
 40
0.8857142857142845
 40
0.8999999999999987
 40
0.9142857142857129
 40
0.9285714285714272
 40
0.9428571428571414
 40
0.9571428571428556
 40
0.9714285714285699
 40
0.9857142857142841
 40
1.0
 40
1.0
 40
1.0
 40
1.0
 40
1.0
 40
1.0
 41
1.0
 41
1.0
 41
1.0
 41
1.0
 41
1.0
 41
1.0
 41
1.0
 41
1.0
 41
1.0
 41
1.0
 41
1.0
 41
1.0
 41
1.0
 41
1.0
 41
1.0
 41
1.0
 41
1.0
 41
1.0
 41
1.0
 41
1.0
 41
1.0
 41
1.0
 41
1.0
 41
1.0
 41
1.0
 41
1.0
 41
1.0
 41
1.0
 41
1.0
 41
1.0
 41
1.0
 41
1.0
 41
1.0
 41
1.0
 41
1.0
 41
1.0
 41
1.0
 41
1.0
 41
1.0
 41
1.0
 41
1.0
 41
1.0
 41
1.0
 41
1.0
 41
1.0
 41
1.0
 41
1.0
 41
1.0
 41
1.0
 41
1.0
 41
1.0
 41
1.0
 41
1.0
 41
1.0
 41
1.0
 41
1.0
 41
1.0
 41
1.0
 41
1.0
 41
1.0
 41
1.0
 41
1.0
 41
1.0
 41
1.0
 41
1.0
 41
1.0
 41
1.0
 41
1.0
 41
1.0
 41
1.0
 41
1.0
 41
1.0
 41
1.0
 41
1.0
 41
1.0
 10
582.06152686064
 20
945.8554761153341
 30
0.0
 10
582.0433377700134
 20
945.9186722820052
 30
0.0
 10
582.0051833818076
 20
946.0444333379737
 30
0.0
 10
581.9426232490678
 20
946.2311811160313
 30
0.0
 10
581.8490772079494
 20
946.4765826447057
 30
0.0
 10
581.718298761205
 20
946.7784530915146
 30
0.0
 10
581.5775386070643
 20
947.0768485610307
 30
0.0
 10
581.4306084243991
 20
947.373147776405
 30
0.0
 10
581.2803205625429
 20
947.6683517405427
 30
0.0
 10
581.127741709959
 20
947.9628084783153
 30
0.0
 10
580.9727843879111
 20
948.2564361107574
 30
0.0
 10
580.8146671200049
 20
948.5488971021213
 30
0.0
 10
580.6524010161789
 20
948.8397821278768
 30
0.0
 10
580.4853187881519
 20
949.12881028522
 30
0.0
 10
580.3134161788428
 20
949.4159578398408
 30
0.0
 10
580.1370809169155
 20
949.7013539567952
 30
0.0
 10
579.9569227284154
 20
949.985214843249
 30
0.0
 10
579.7735764424509
 20
950.267767739305
 30
0.0
 10
579.5874867252805
 20
950.549167730104
 30
0.0
 10
579.3988014042787
 20
950.8294564795369
 30
0.0
 10
579.2074918676215
 20
951.1086085246226
 30
0.0
 10
579.0134265294959
 20
951.3865594752192
 30
0.0
 10
578.8164567116834
 20
951.6632390067258
 30
0.0
 10
578.6165122825636
 20
951.938607603535
 30
0.0
 10
578.4136388795903
 20
952.2126708253109
 30
0.0
 10
578.2079471097995
 20
952.4854596998977
 30
0.0
 10
577.9995823108865
 20
952.7570190295935
 30
0.0
 10
577.7886888858918
 20
953.0273936125611
 30
0.0
 10
577.5753701173429
 20
953.2966127206508
 30
0.0
 10
577.3596760583423
 20
953.5646854029192
 30
0.0
 10
577.141625306296
 20
953.8316088516433
 30
0.0
 10
576.9212183398848
 20
954.0973735173646
 30
0.0
 10
576.6984530319431
 20
954.3619690649837
 30
0.0
 10
576.4733423023131
 20
954.6253911542634
 30
0.0
 10
576.245918781262
 20
954.8876432222285
 30
0.0
 10
576.0162257555695
 20
955.1487329864858
 30
0.0
 10
575.784311672591
 20
955.4086703203366
 30
0.0
 10
575.5502237427639
 20
955.6674647813403
 30
0.0
 10
575.3140006495166
 20
955.9251228008068
 30
0.0
 10
575.0756708331041
 20
956.1816470102849
 30
0.0
 10
574.835256422504
 20
956.4370377345751
 30
0.0
 10
574.5927757095369
 20
956.6912939272684
 30
0.0
 10
574.3482459979981
 20
956.9444142532388
 30
0.0
 10
574.1016868714131
 20
957.1963983300637
 30
0.0
 10
573.8531210651536
 20
957.4472470654196
 30
0.0
 10
573.6025727995511
 20
957.6969620340327
 30
0.0
 10
573.3500667812974
 20
957.9455451120608
 30
0.0
 10
573.0956270414185
 20
958.1929980463952
 30
0.0
 10
572.8392756273328
 20
958.4393219837482
 30
0.0
 10
572.5810322416455
 20
958.6845173150444
 30
0.0
 10
572.3209150307649
 20
958.9285839083384
 30
0.0
 10
572.0589411032662
 20
959.1715212504038
 30
0.0
 10
571.7951271205994
 20
959.4133286230227
 30
0.0
 10
571.5294899906836
 20
959.6540052972326
 30
0.0
 10
571.2620470983252
 20
959.8935506388775
 30
0.0
 10
570.9928158366625
 20
960.1319640678246
 30
0.0
 10
570.721813306916
 20
960.3692450639048
 30
0.0
 10
570.4490559945922
 20
960.6053931553049
 30
0.0
 10
570.1745593920956
 20
960.8404079396571
 30
0.0
 10
569.8983379105539
 20
961.0742890440424
 30
0.0
 10
569.6204053736928
 20
961.3070359706431
 30
0.0
 10
569.3407754142479
 20
961.5386479665391
 30
0.0
 10
569.0594618833551
 20
961.7691239068297
 30
0.0
 10
568.7764793576576
 20
961.9984621444463
 30
0.0
 10
568.4918433347448
 20
962.2266604930805
 30
0.0
 10
568.2055693896566
 20
962.4537166215017
 30
0.0
 10
567.9176725121326
 20
962.6796283915036
 30
0.0
 10
567.6281663988733
 20
962.9043942118037
 30
0.0
 10
567.337062740664
 20
963.1280134286676
 30
0.0
 10
567.044370623458
 20
963.3504866095334
 30
0.0
 10
566.7500967788436
 20
963.5718150049175
 30
0.0
 10
566.513415956624
 20
963.7479630839455
 30
0.0
 10
566.3351967616767
 20
963.8795602245044
 30
0.0
 10
566.2160691458794
 20
963.9670633191948
 30
0.0
 10
566.1564266331937
 20
964.0107577834467
 30
0.0
  0
ARC
  5
FF
330
17
100
AcDbEntity
  8
cut
 62
5
420
255
100
AcDbCircle
 10
613.2507927418743
 20
837.4915075453048
 30
0.0
 40
135.0
100
AcDbArc
 50
110.41681825494773
 51
114.58318174505234
  0
SPLINE
  5
100
330
17
100
AcDbEntity
  8
cut
 62
5
420
255
100
AcDbSpline
 70
4
 71
5
 72
81
 73
75
 74
0
 42
1e-09
 40
-1.0
 40
-1.0
 40
-1.0
 40
-1.0
 40
-1.0
 40
-1.0
 40
-0.9857142857142841
 40
-0.9714285714285699
 40
-0.9571428571428556
 40
-0.9428571428571414
 40
-0.9285714285714272
 40
-0.9142857142857129
 40
-0.8999999999999987
 40
-0.8857142857142845
 40
-0.8714285714285702
 40
-0.857142857142856
 40
-0.8428571428571418
 40
-0.8285714285714275
 40
-0.8142857142857133
 40
-0.799999999999999
 40
-0.7857142857142848
 40
-0.7714285714285706
 40
-0.7571428571428563
 40
-0.7428571428571421
 40
-0.7285714285714279
 40
-0.7142857142857136
 40
-0.6999999999999994
 40
-0.6857142857142852
 40
-0.6714285714285709
 40
-0.6571428571428567
 40
-0.6428571428571425
 40
-0.6285714285714282
 40
-0.614285714285714
 40
-0.5999999999999998
 40
-0.5857142857142855
 40
-0.5714285714285713
 40
-0.557142857142857
 40
-0.5428571428571428
 40
-0.5285714285714286
 40
-0.5142857142857143
 40
-0.5000000000000001
 40
-0.4857142857142858
 40
-0.47142857142857153
 40
-0.45714285714285724
 40
-0.44285714285714295
 40
-0.42857142857142866
 40
-0.41428571428571437
 40
-0.4000000000000001
 40
-0.3857142857142858
 40
-0.3714285714285715
 40
-0.3571428571428572
 40
-0.3428571428571429
 40
-0.3285714285714286
 40
-0.31428571428571433
 40
-0.30000000000000004
 40
-0.28571428571428575
 40
-0.27142857142857146
 40
-0.2571428571428572
 40
-0.2428571428571429
 40
-0.22857142857142862
 40
-0.21428571428571433
 40
-0.20000000000000004
 40
-0.18571428571428575
 40
-0.17142857142857146
 40
-0.15714285714285717
 40
-0.14285714285714288
 40
-0.1285714285714286
 40
-0.1142857142857143
 40
-0.1
 40
-0.08571428571428572
 40
-0.07142857142857142
 40
-0.05714285714285714
 40
-0.04285714285714286
 40
-0.02857142857142857
 40
-0.014285714285714285
 40
0.0
 40
0.0
 40
0.0
 40
0.0
 40
0.0
 40
0.0
 41
1.0
 41
1.0
 41
1.0
 41
1.0
 41
1.0
 41
1.0
 41
1.0
 41
1.0
 41
1.0
 41
1.0
 41
1.0
 41
1.0
 41
1.0
 41
1.0
 41
1.0
 41
1.0
 41
1.0
 41
1.0
 41
1.0
 41
1.0
 41
1.0
 41
1.0
 41
1.0
 41
1.0
 41
1.0
 41
1.0
 41
1.0
 41
1.0
 41
1.0
 41
1.0
 41
1.0
 41
1.0
 41
1.0
 41
1.0
 41
1.0
 41
1.0
 41
1.0
 41
1.0
 41
1.0
 41
1.0
 41
1.0
 41
1.0
 41
1.0
 41
1.0
 41
1.0
 41
1.0
 41
1.0
 41
1.0
 41
1.0
 41
1.0
 41
1.0
 41
1.0
 41
1.0
 41
1.0
 41
1.0
 41
1.0
 41
1.0
 41
1.0
 41
1.0
 41
1.0
 41
1.0
 41
1.0
 41
1.0
 41
1.0
 41
1.0
 41
1.0
 41
1.0
 41
1.0
 41
1.0
 41
1.0
 41
1.0
 41
1.0
 41
1.0
 41
1.0
 41
1.0
 10
557.0889185789764
 20
960.2548729704625
 30
0.0
 10
557.0776416057822
 20
960.1818026933228
 30
0.0
 10
557.0552796924558
 20
960.0356927167355
 30
0.0
 10
557.0223129216448
 20
959.8166194849766
 30
0.0
 10
556.9795098084502
 20
959.5247053694347
 30
0.0
 10
556.9279295866427
 20
959.1601195291368
 30
0.0
 10
556.8782773005889
 20
958.7958426534382
 30
0.0
 10
556.830558594489
 20
958.4318786180422
 30
0.0
 10
556.7847802943215
 20
958.0682334464484
 30
0.0
 10
556.7409502044601
 20
957.7049158675505
 30
0.0
 10
556.6990768847279
 20
957.341936691585
 30
0.0
 10
556.6591694225309
 20
956.9793080298386
 30
0.0
 10
556.6212371826571
 20
956.6170425439566
 30
0.0
 10
556.585289577603
 20
956.2551527383428
 30
0.0
 10
556.5513357499588
 20
955.8936500848943
 30
0.0
 10
556.5193846985317
 20
955.5325451732677
 30
0.0
 10
556.4894455307265
 20
955.1718481756579
 30
0.0
 10
556.461527669383
 20
954.8115692189255
 30
0.0
 10
556.4356410410138
 20
954.4517187569697
 30
0.0
 10
556.4117963158864
 20
954.0923080290922
 30
0.0
 10
556.3900048173916
 20
953.7333490259288
 30
0.0
 10
556.3702782701037
 20
953.3748542076833
 30
0.0
 10
556.3526285626125
 20
953.0168362833776
 30
0.0
 10
556.3370675394168
 20
952.6593079943424
 30
0.0
 10
556.3236066407661
 20
952.3022818117361
 30
0.0
 10
556.3122571402286
 20
951.9457700248397
 30
0.0
 10
556.3030307724872
 20
951.589785094149
 30
0.0
 10
556.2959402756914
 20
951.2343399444112
 30
0.0
 10
556.290999858112
 20
950.8794482310471
 30
0.0
 10
556.2882259204763
 20
950.5251247330876
 30
0.0
 10
556.2876366905244
 20
950.1713852077955
 30
0.0
 10
556.2892509651693
 20
949.8182457987962
 30
0.0
 10
556.2930869842717
 20
949.4657225189504
 30
0.0
 10
556.2991614659908
 20
949.11383080277
 30
0.0
 10
556.3074879875569
 20
948.7625847683119
 30
0.0
 10
556.3180778405243
 20
948.4119975952838
 30
0.0
 10
556.3309432192407
 20
948.062082957879
 30
0.0
 10
556.3461000009245
 20
947.7128562739792
 30
0.0
 10
556.3635701566591
 20
947.3643357930953
 30
0.0
 10
556.3833855873817
 20
947.0165443209191
 30
0.0
 10
556.405586434128
 20
946.6695084820558
 30
0.0
 10
556.4302139358298
 20
946.3232555524811
 30
0.0
 10
556.4573041580346
 20
945.9778106833978
 30
0.0
 10
556.4868826041691
 20
945.633194517546
 30
0.0
 10
556.5189553409302
 20
945.2894192596445
 30
0.0
 10
556.5535135561661
 20
944.9464907135792
 30
0.0
 10
556.5905508358679
 20
944.6044159703155
 30
0.0
 10
556.6300783450279
 20
944.2632101655649
 30
0.0
 10
556.6721378751834
 20
943.9229022935666
 30
0.0
 10
556.7168231564337
 20
943.5835446877722
 30
0.0
 10
556.764267974233
 20
943.2452077794663
 30
0.0
 10
556.8146067778597
 20
942.90796265791
 30
0.0
 10
556.8679397182983
 20
942.5718655940893
 30
0.0
 10
556.9243029973778
 20
942.2369449272812
 30
0.0
 10
556.9836190828
 20
941.9031790086952
 30
0.0
 10
557.0457331161863
 20
941.570512433957
 30
0.0
 10
557.1105065216098
 20
941.238897688552
 30
0.0
 10
557.1779010624093
 20
940.9083325459119
 30
0.0
 10
557.2480507291436
 20
940.5788920749559
 30
0.0
 10
557.321379610094
 20
940.2507810404562
 30
0.0
 10
557.3984972802457
 20
939.9242876513623
 30
0.0
 10
557.479987762573
 20
939.5996901675427
 30
0.0
 10
557.5662165561306
 20
939.2771714210778
 30
0.0
 10
557.6571638680159
 20
938.9567451844483
 30
0.0
 10
557.7521592258827
 20
938.6381382418633
 30
0.0
 10
557.8502139427117
 20
938.3209407786053
 30
0.0
 10
557.9505367574291
 20
938.0048388812322
 30
0.0
 10
558.0530079160553
 20
937.6898285901088
 30
0.0
 10
558.1586277719832
 20
937.3764180771338
 30
0.0
 10
558.2700927724396
 20
937.06588815765
 30
0.0
 10
558.391073085892
 20
936.7599591911455
 30
0.0
 10
558.4984511309033
 20
936.5202870660784
 30
0.0
 10
558.5862650570471
 20
936.3439997517501
 30
0.0
 10
558.6482123258992
 20
936.2280940296333
 30
0.0
 10
558.6800371345716
 20
936.1705459623095
 30
0.0
  0
LINE
  5
101
330
17
100
AcDbEntity
  8
cut
 62
5
420
255
100
AcDbLine
 10
558.6800371345716
 20
936.1705459623095
 30
0.0
 11
560.7532031259746
 21
932.4216877280084
 31
0.0
  0
ARC
  5
102
330
17
100
AcDbEntity
  8
cut
 62
5
420
255
100
AcDbCircle
 10
555.5026011613409
 20
929.518038470783
 30
0.0
 40
6.0
100
AcDbArc
 50
-57.89103940504326
 51
28.94314842964552
  0
ARC
  5
103
330
17
100
AcDbEntity
  8
cut
 62
5
420
255
100
AcDbCircle
 10
613.2507927418743
 20
837.4915075453048
 30
0.0
 40
102.64500000000001
100
AcDbArc
 50
122.10896059495671
 51
125.3910394050433
  0
ARC
  5
104
330
17
100
AcDbEntity
  8
cut
 62
5
420
255
100
AcDbCircle
 10
550.3286405387233
 20
926.0609085093143
 30
0.0
 40
5.999999999999998
100
AcDbArc
 50
-141.44314842964565
 51
-54.608960594956834
  0
LINE
  5
105
330
17
100
AcDbEntity
  8
cut
 62
5
420
255
100
AcDbLine
 10
545.6367000385724
 20
922.3211632849651
 30
0.0
 11
542.9665729230678
 21
925.6711448484732
 31
0.0
  0
SPLINE
  5
106
330
17
100
AcDbEntity
  8
cut
 62
5
420
255
100
AcDbSpline
 70
4
 71
5
 72
81
 73
75
 74
0
 42
1e-09
 40
0.0
 40
0.0
 40
0.0
 40
0.0
 40
0.0
 40
0.0
 40
0.014285714285714285
 40
0.02857142857142857
 40
0.04285714285714286
 40
0.05714285714285714
 40
0.07142857142857142
 40
0.08571428571428572
 40
0.1
 40
0.1142857142857143
 40
0.1285714285714286
 40
0.14285714285714288
 40
0.15714285714285717
 40
0.17142857142857146
 40
0.18571428571428575
 40
0.20000000000000004
 40
0.21428571428571433
 40
0.22857142857142862
 40
0.2428571428571429
 40
0.2571428571428572
 40
0.27142857142857146
 40
0.28571428571428575
 40
0.30000000000000004
 40
0.31428571428571433
 40
0.3285714285714286
 40
0.3428571428571429
 40
0.3571428571428572
 40
0.3714285714285715
 40
0.3857142857142858
 40
0.4000000000000001
 40
0.41428571428571437
 40
0.42857142857142866
 40
0.44285714285714295
 40
0.45714285714285724
 40
0.47142857142857153
 40
0.4857142857142858
 40
0.5000000000000001
 40
0.5142857142857143
 40
0.5285714285714286
 40
0.5428571428571428
 40
0.557142857142857
 40
0.5714285714285713
 40
0.5857142857142855
 40
0.5999999999999998
 40
0.614285714285714
 40
0.6285714285714282
 40
0.6428571428571425
 40
0.6571428571428567
 40
0.6714285714285709
 40
0.6857142857142852
 40
0.6999999999999994
 40
0.7142857142857136
 40
0.7285714285714279
 40
0.7428571428571421
 40
0.7571428571428563
 40
0.7714285714285706
 40
0.7857142857142848
 40
0.799999999999999
 40
0.8142857142857133
 40
0.8285714285714275
 40
0.8428571428571418
 40
0.857142857142856
 40
0.8714285714285702
 40
0.8857142857142845
 40
0.8999999999999987
 40
0.9142857142857129
 40
0.9285714285714272
 40
0.9428571428571414
 40
0.9571428571428556
 40
0.9714285714285699
 40
0.9857142857142841
 40
1.0
 40
1.0
 40
1.0
 40
1.0
 40
1.0
 40
1.0
 41
1.0
 41
1.0
 41
1.0
 41
1.0
 41
1.0
 41
1.0
 41
1.0
 41
1.0
 41
1.0
 41
1.0
 41
1.0
 41
1.0
 41
1.0
 41
1.0
 41
1.0
 41
1.0
 41
1.0
 41
1.0
 41
1.0
 41
1.0
 41
1.0
 41
1.0
 41
1.0
 41
1.0
 41
1.0
 41
1.0
 41
1.0
 41
1.0
 41
1.0
 41
1.0
 41
1.0
 41
1.0
 41
1.0
 41
1.0
 41
1.0
 41
1.0
 41
1.0
 41
1.0
 41
1.0
 41
1.0
 41
1.0
 41
1.0
 41
1.0
 41
1.0
 41
1.0
 41
1.0
 41
1.0
 41
1.0
 41
1.0
 41
1.0
 41
1.0
 41
1.0
 41
1.0
 41
1.0
 41
1.0
 41
1.0
 41
1.0
 41
1.0
 41
1.0
 41
1.0
 41
1.0
 41
1.0
 41
1.0
 41
1.0
 41
1.0
 41
1.0
 41
1.0
 41
1.0
 41
1.0
 41
1.0
 41
1.0
 41
1.0
 41
1.0
 41
1.0
 41
1.0
 10
542.9665729230678
 20
925.6711448484732
 30
0.0
 10
542.9255842685488
 20
925.7225698297611
 30
0.0
 10
542.8422075376542
 20
925.8241568431191
 30
0.0
 10
542.7129442307711
 20
925.9727485666824
 30
0.0
 10
542.5326078587336
 20
926.1636714961722
 30
0.0
 10
542.2962635097784
 20
926.3925166785695
 30
0.0
 10
542.052027081898
 20
926.6143315665227
 30
0.0
 10
541.802892492679
 20
926.8318486004857
 30
0.0
 10
541.5510749468812
 20
927.0470688260509
 30
0.0
 10
541.2974267527909
 20
927.2607219802759
 30
0.0
 10
541.041898424318
 20
927.4726989401975
 30
0.0
 10
540.7838971407548
 20
927.682388805378
 30
0.0
 10
540.5226659285299
 20
927.889034977419
 30
0.0
 10
540.2576957905071
 20
928.0921225757992
 30
0.0
 10
539.9889918763837
 20
928.2916280437611
 30
0.0
 10
539.7168629714092
 20
928.4878190915922
 30
0.0
 10
539.4417896500973
 20
928.6811288007234
 30
0.0
 10
539.1642714570454
 20
928.8720100522171
 30
0.0
 10
538.8846598617944
 20
929.0607762924706
 30
0.0
 10
538.6030754949492
 20
929.2475225849869
 30
0.0
 10
538.3195016668922
 20
929.4322144557681
 30
0.0
 10
538.0338414492246
 20
929.6147420603693
 30
0.0
 10
537.745984393243
 20
929.7949835306403
 30
0.0
 10
537.4558808277471
 20
929.9728755207109
 30
0.0
 10
537.163570788655
 20
930.1484406317383
 30
0.0
 10
536.8691445897014
 20
930.321749857193
 30
0.0
 10
536.572719360311
 20
930.4929002073293
 30
0.0
 10
536.2744113679829
 20
930.6619883309043
 30
0.0
 10
535.9743048314781
 20
930.829080796093
 30
0.0
 10
535.6724425309093
 20
930.994205117627
 30
0.0
 10
535.3688427225086
 20
931.1573658184277
 30
0.0
 10
535.0635095029388
 20
931.318554259129
 30
0.0
 10
534.7564448620266
 20
931.4777600773127
 30
0.0
 10
534.4476623970862
 20
931.6349842073326
 30
0.0
 10
534.1371909392619
 20
931.790242311648
 30
0.0
 10
533.8250675269225
 20
931.9435580855312
 30
0.0
 10
533.5113331412398
 20
932.0949591907234
 30
0.0
 10
533.1960277414506
 20
932.2444725239106
 30
0.0
 10
532.8791846052271
 20
932.3921188303553
 30
0.0
 10
532.5608290008886
 20
932.537911424906
 30
0.0
 10
532.2409812486487
 20
932.6818590760327
 30
0.0
 10
531.9196586483897
 20
932.8239678169556
 30
0.0
 10
531.5968776976645
 20
932.9642430360553
 30
0.0
 10
531.272656635638
 20
933.1026918743102
 30
0.0
 10
530.9470161197022
 20
933.2393238707538
 30
0.0
 10
530.6199779239041
 20
933.3741497489632
 30
0.0
 10
530.2915641562759
 20
933.5071806971239
 30
0.0
 10
529.9617963500843
 20
933.6384275254284
 30
0.0
 10
529.6306944356603
 20
933.7678997304824
 30
0.0
 10
529.2982764662371
 20
933.895605213314
 30
0.0
 10
528.9645592574033
 20
934.021550796351
 30
0.0
 10
528.6295588118243
 20
934.1457425526025
 30
0.0
 10
528.2932907975231
 20
934.2681861945827
 30
0.0
 10
527.955771114342
 20
934.3888875191983
 30
0.0
 10
527.6170160664288
 20
934.5078525934431
 30
0.0
 10
527.277041944955
 20
934.6250875374101
 30
0.0
 10
526.9358647484486
 20
934.7405984148794
 30
0.0
 10
526.5934998880863
 20
934.8543910986828
 30
0.0
 10
526.2499618309633
 20
934.9664711457674
 30
0.0
 10
525.9052640339355
 20
935.0768437265008
 30
0.0
 10
525.5594194589667
 20
935.1855136710702
 30
0.0
 10
525.2124409891921
 20
935.29248550089
 30
0.0
 10
524.8643418518737
 20
935.397763477288
 30
0.0
 10
524.5151361443799
 20
935.501351656811
 30
0.0
 10
524.1648390212798
 20
935.6032539502439
 30
0.0
 10
523.8134657641579
 20
935.7034741641205
 30
0.0
 10
523.4610310399836
 20
935.8020160593205
 30
0.0
 10
523.1075481118156
 20
935.8988834071912
 30
0.0
 10
522.7530280307046
 20
935.9940800776303
 30
0.0
 10
522.3974789738277
 20
936.0876100719264
 30
0.0
 10
522.0409066818096
 20
936.179477121473
 30
0.0
 10
521.754833162936
 20
936.2516428969562
 30
0.0
 10
521.539820050985
 20
936.3050212684199
 30
0.0
 10
521.3962745003744
 20
936.3402754217328
 30
0.0
 10
521.3244508560813
 20
936.3578196414697
 30
0.0
  0
ARC
  5
107
330
17
100
AcDbEntity
  8
cut
 62
5
420
255
100
AcDbCircle
 10
613.2507927418743
 20
837.4915075453048
 30
0.0
 40
135.0
100
AcDbArc
 50
132.91681825494777
 51
137.08318174505234
  0
SPLINE
  5
108
330
17
100
AcDbEntity
  8
cut
 62
5
420
255
100
AcDbSpline
 70
4
 71
5
 72
81
 73
75
 74
0
 42
1e-09
 40
-1.0
 40
-1.0
 40
-1.0
 40
-1.0
 40
-1.0
 40
-1.0
 40
-0.9857142857142841
 40
-0.9714285714285699
 40
-0.9571428571428556
 40
-0.9428571428571414
 40
-0.9285714285714272
 40
-0.9142857142857129
 40
-0.8999999999999987
 40
-0.8857142857142845
 40
-0.8714285714285702
 40
-0.857142857142856
 40
-0.8428571428571418
 40
-0.8285714285714275
 40
-0.8142857142857133
 40
-0.799999999999999
 40
-0.7857142857142848
 40
-0.7714285714285706
 40
-0.7571428571428563
 40
-0.7428571428571421
 40
-0.7285714285714279
 40
-0.7142857142857136
 40
-0.6999999999999994
 40
-0.6857142857142852
 40
-0.6714285714285709
 40
-0.6571428571428567
 40
-0.6428571428571425
 40
-0.6285714285714282
 40
-0.614285714285714
 40
-0.5999999999999998
 40
-0.5857142857142855
 40
-0.5714285714285713
 40
-0.557142857142857
 40
-0.5428571428571428
 40
-0.5285714285714286
 40
-0.5142857142857143
 40
-0.5000000000000001
 40
-0.4857142857142858
 40
-0.47142857142857153
 40
-0.45714285714285724
 40
-0.44285714285714295
 40
-0.42857142857142866
 40
-0.41428571428571437
 40
-0.4000000000000001
 40
-0.3857142857142858
 40
-0.3714285714285715
 40
-0.3571428571428572
 40
-0.3428571428571429
 40
-0.3285714285714286
 40
-0.31428571428571433
 40
-0.30000000000000004
 40
-0.28571428571428575
 40
-0.27142857142857146
 40
-0.2571428571428572
 40
-0.2428571428571429
 40
-0.22857142857142862
 40
-0.21428571428571433
 40
-0.20000000000000004
 40
-0.18571428571428575
 40
-0.17142857142857146
 40
-0.15714285714285717
 40
-0.14285714285714288
 40
-0.1285714285714286
 40
-0.1142857142857143
 40
-0.1
 40
-0.08571428571428572
 40
-0.07142857142857142
 40
-0.05714285714285714
 40
-0.04285714285714286
 40
-0.02857142857142857
 40
-0.014285714285714285
 40
0.0
 40
0.0
 40
0.0
 40
0.0
 40
0.0
 40
0.0
 41
1.0
 41
1.0
 41
1.0
 41
1.0
 41
1.0
 41
1.0
 41
1.0
 41
1.0
 41
1.0
 41
1.0
 41
1.0
 41
1.0
 41
1.0
 41
1.0
 41
1.0
 41
1.0
 41
1.0
 41
1.0
 41
1.0
 41
1.0
 41
1.0
 41
1.0
 41
1.0
 41
1.0
 41
1.0
 41
1.0
 41
1.0
 41
1.0
 41
1.0
 41
1.0
 41
1.0
 41
1.0
 41
1.0
 41
1.0
 41
1.0
 41
1.0
 41
1.0
 41
1.0
 41
1.0
 41
1.0
 41
1.0
 41
1.0
 41
1.0
 41
1.0
 41
1.0
 41
1.0
 41
1.0
 41
1.0
 41
1.0
 41
1.0
 41
1.0
 41
1.0
 41
1.0
 41
1.0
 41
1.0
 41
1.0
 41
1.0
 41
1.0
 41
1.0
 41
1.0
 41
1.0
 41
1.0
 41
1.0
 41
1.0
 41
1.0
 41
1.0
 41
1.0
 41
1.0
 41
1.0
 41
1.0
 41
1.0
 41
1.0
 41
1.0
 41
1.0
 41
1.0
 10
514.3844806457093
 20
929.4178494310978
 30
0.0
 10
514.4020248654463
 20
929.3460257868048
 30
0.0
 10
514.4372790187593
 20
929.2024802361941
 30
0.0
 10
514.4906573902229
 20
928.987467124243
 30
0.0
 10
514.562823165706
 20
928.7013936053695
 30
0.0
 10
514.6546902152527
 20
928.3448213133514
 30
0.0
 10
514.7482202095488
 20
927.9892722564745
 30
0.0
 10
514.8434168799879
 20
927.6347521753635
 30
0.0
 10
514.9402842278585
 20
927.2812692471955
 30
0.0
 10
515.0388261230586
 20
926.9288345230212
 30
0.0
 10
515.1390463369353
 20
926.5774612658993
 30
0.0
 10
515.240948630368
 20
926.2271641427992
 30
0.0
 10
515.3445368098911
 20
925.8779584353053
 30
0.0
 10
515.449814786289
 20
925.529859297987
 30
0.0
 10
515.5567866161089
 20
925.1828808282124
 30
0.0
 10
515.6654565606783
 20
924.8370362532437
 30
0.0
 10
515.7758291414117
 20
924.4923384562157
 30
0.0
 10
515.8879091884963
 20
924.1488003990928
 30
0.0
 10
516.0017018722997
 20
923.8064355387305
 30
0.0
 10
516.1172127497691
 20
923.465258342224
 30
0.0
 10
516.234447693736
 20
923.1252842207502
 30
0.0
 10
516.3534127679808
 20
922.786529172837
 30
0.0
 10
516.4741140925964
 20
922.449009489656
 30
0.0
 10
516.5965577345767
 20
922.1127414753548
 30
0.0
 10
516.7207494908281
 20
921.7777410297758
 30
0.0
 10
516.8466950738651
 20
921.444023820942
 30
0.0
 10
516.9744005566967
 20
921.1116058515188
 30
0.0
 10
517.1038727617507
 20
920.7805039370946
 30
0.0
 10
517.2351195900551
 20
920.4507361309032
 30
0.0
 10
517.3681505382159
 20
920.122322363275
 30
0.0
 10
517.5029764164253
 20
919.7952841674769
 30
0.0
 10
517.6396084128689
 20
919.4696436515411
 30
0.0
 10
517.7780572511238
 20
919.1454225895146
 30
0.0
 10
517.9183324702235
 20
918.8226416387894
 30
0.0
 10
518.0604412111466
 20
918.5013190385303
 30
0.0
 10
518.2043888622729
 20
918.1814712862905
 30
0.0
 10
518.3501814568237
 20
917.863115681952
 30
0.0
 10
518.4978277632684
 20
917.5462725457285
 30
0.0
 10
518.6473410964556
 20
917.2309671459393
 30
0.0
 10
518.7987422016479
 20
916.9172327602566
 30
0.0
 10
518.9520579755311
 20
916.6051093479172
 30
0.0
 10
519.1073160798464
 20
916.2946378900929
 30
0.0
 10
519.2645402098664
 20
915.9858554251525
 30
0.0
 10
519.4237460280501
 20
915.6787907842404
 30
0.0
 10
519.5849344687514
 20
915.3734575646705
 30
0.0
 10
519.7480951695521
 20
915.0698577562698
 30
0.0
 10
519.9132194910861
 20
914.7679954557011
 30
0.0
 10
520.0803119562748
 20
914.4678889191962
 30
0.0
 10
520.2494000798498
 20
914.1695809268681
 30
0.0
 10
520.4205504299862
 20
913.8731556974776
 30
0.0
 10
520.5938596554408
 20
913.5787294985241
 30
0.0
 10
520.7694247664683
 20
913.286419459432
 30
0.0
 10
520.9473167565388
 20
912.9963158939361
 30
0.0
 10
521.1275582268098
 20
912.7084588379545
 30
0.0
 10
521.310085831411
 20
912.4227986202869
 30
0.0
 10
521.4947777021923
 20
912.1392247922299
 30
0.0
 10
521.6815239947085
 20
911.8576404253847
 30
0.0
 10
521.8702902349621
 20
911.5780288301337
 30
0.0
 10
522.0611714864557
 20
911.3005106370817
 30
0.0
 10
522.254481195587
 20
911.02543731577
 30
0.0
 10
522.450672243418
 20
910.7533084107954
 30
0.0
 10
522.6501777113799
 20
910.484604496672
 30
0.0
 10
522.8532653097601
 20
910.2196343586492
 30
0.0
 10
523.0599114818011
 20
909.9584031464243
 30
0.0
 10
523.2696013469816
 20
909.7004018628611
 30
0.0
 10
523.4815783069032
 20
909.4448735343882
 30
0.0
 10
523.6952314611283
 20
909.1912253402979
 30
0.0
 10
523.9104516866932
 20
908.9394077945001
 30
0.0
 10
524.1279687206564
 20
908.6902732052811
 30
0.0
 10
524.3497836086096
 20
908.4460367774006
 30
0.0
 10
524.5786287910068
 20
908.2096924284455
 30
0.0
 10
524.7695517204968
 20
908.029356056408
 30
0.0
 10
524.91814344406
 20
907.9000927495249
 30
0.0
 10
525.019730457418
 20
907.8167160186302
 30
0.0
 10
525.0711554387059
 20
907.7757273641114
 30
0.0
  0
LINE
  5
109
330
17
100
AcDbEntity
  8
cut
 62
5
420
255
100
AcDbLine
 10
525.0711554387059
 20
907.7757273641114
 30
0.0
 11
528.421137002214
 21
905.1056002486067
 31
0.0
  0
ARC
  5
10A
330
17
100
AcDbEntity
  8
cut
 62
5
420
255
100
AcDbCircle
 10
524.6813917778647
 20
900.4136597484558
 30
0.0
 40
6.0000000000000036
100
AcDbArc
 50
-35.39103940504332
 51
51.443148429645554
  0
ARC
  5
10B
330
17
100
AcDbEntity
  8
cut
 62
5
420
255
100
AcDbCircle
 10
613.2507927418743
 20
837.4915075453048
 30
0.0
 40
102.64500000000001
100
AcDbArc
 50
144.60896059495673
 51
147.8910394050433
  0
ARC
  5
10C
330
17
100
AcDbEntity
  8
cut
 62
5
420
255
100
AcDbCircle
 10
521.224261816396
 20
895.2396991258382
 30
0.0
 40
6.000000000000003
100
AcDbArc
 50
-118.94314842964557
 51
-32.10896059495711
  0
LINE
  5
10D
330
17
100
AcDbEntity
  8
cut
 62
5
420
255
100
AcDbLine
 10
518.3206125591707
 20
889.9890971612047
 30
0.0
 11
514.5717543248696
 21
892.0622631526074
 31
0.0
  0
SPLINE
  5
10E
330
17
100
AcDbEntity
  8
cut
 62
5
420
255
100
AcDbSpline
 70
4
 71
5
 72
81
 73
75
 74
0
 42
1e-09
 40
0.0
 40
0.0
 40
0.0
 40
0.0
 40
0.0
 40
0.0
 40
0.014285714285714285
 40
0.02857142857142857
 40
0.04285714285714286
 40
0.05714285714285714
 40
0.07142857142857142
 40
0.08571428571428572
 40
0.1
 40
0.1142857142857143
 40
0.1285714285714286
 40
0.14285714285714288
 40
0.15714285714285717
 40
0.17142857142857146
 40
0.18571428571428575
 40
0.20000000000000004
 40
0.21428571428571433
 40
0.22857142857142862
 40
0.2428571428571429
 40
0.2571428571428572
 40
0.27142857142857146
 40
0.28571428571428575
 40
0.30000000000000004
 40
0.31428571428571433
 40
0.3285714285714286
 40
0.3428571428571429
 40
0.3571428571428572
 40
0.3714285714285715
 40
0.3857142857142858
 40
0.4000000000000001
 40
0.41428571428571437
 40
0.42857142857142866
 40
0.44285714285714295
 40
0.45714285714285724
 40
0.47142857142857153
 40
0.4857142857142858
 40
0.5000000000000001
 40
0.5142857142857143
 40
0.5285714285714286
 40
0.5428571428571428
 40
0.557142857142857
 40
0.5714285714285713
 40
0.5857142857142855
 40
0.5999999999999998
 40
0.614285714285714
 40
0.6285714285714282
 40
0.6428571428571425
 40
0.6571428571428567
 40
0.6714285714285709
 40
0.6857142857142852
 40
0.6999999999999994
 40
0.7142857142857136
 40
0.7285714285714279
 40
0.7428571428571421
 40
0.7571428571428563
 40
0.7714285714285706
 40
0.7857142857142848
 40
0.799999999999999
 40
0.8142857142857133
 40
0.8285714285714275
 40
0.8428571428571418
 40
0.857142857142856
 40
0.8714285714285702
 40
0.8857142857142845
 40
0.8999999999999987
 40
0.9142857142857129
 40
0.9285714285714272
 40
0.9428571428571414
 40
0.9571428571428556
 40
0.9714285714285699
 40
0.9857142857142841
 40
1.0
 40
1.0
 40
1.0
 40
1.0
 40
1.0
 40
1.0
 41
1.0
 41
1.0
 41
1.0
 41
1.0
 41
1.0
 41
1.0
 41
1.0
 41
1.0
 41
1.0
 41
1.0
 41
1.0
 41
1.0
 41
1.0
 41
1.0
 41
1.0
 41
1.0
 41
1.0
 41
1.0
 41
1.0
 41
1.0
 41
1.0
 41
1.0
 41
1.0
 41
1.0
 41
1.0
 41
1.0
 41
1.0
 41
1.0
 41
1.0
 41
1.0
 41
1.0
 41
1.0
 41
1.0
 41
1.0
 41
1.0
 41
1.0
 41
1.0
 41
1.0
 41
1.0
 41
1.0
 41
1.0
 41
1.0
 41
1.0
 41
1.0
 41
1.0
 41
1.0
 41
1.0
 41
1.0
 41
1.0
 41
1.0
 41
1.0
 41
1.0
 41
1.0
 41
1.0
 41
1.0
 41
1.0
 41
1.0
 41
1.0
 41
1.0
 41
1.0
 41
1.0
 41
1.0
 41
1.0
 41
1.0
 41
1.0
 41
1.0
 41
1.0
 41
1.0
 41
1.0
 41
1.0
 41
1.0
 41
1.0
 41
1.0
 41
1.0
 41
1.0
 10
514.5717543248696
 20
892.0622631526074
 30
0.0
 10
514.5142062575458
 20
892.0940879612799
 30
0.0
 10
514.3983005354289
 20
892.1560352301321
 30
0.0
 10
514.2220132211007
 20
892.2438491562758
 30
0.0
 10
513.9823410960336
 20
892.3512272012872
 30
0.0
 10
513.6764121295291
 20
892.4722075147395
 30
0.0
 10
513.3658822100452
 20
892.5836725151959
 30
0.0
 10
513.0524716970702
 20
892.6892923711238
 30
0.0
 10
512.7374614059468
 20
892.7917635297501
 30
0.0
 10
512.4213595085739
 20
892.8920863444674
 30
0.0
 10
512.1041620453158
 20
892.9901410612964
 30
0.0
 10
511.7855551027307
 20
893.0851364191632
 30
0.0
 10
511.4651288661013
 20
893.1760837310485
 30
0.0
 10
511.1426101196364
 20
893.262312524606
 30
0.0
 10
510.8180126358168
 20
893.3438030069335
 30
0.0
 10
510.4915192467229
 20
893.4209206770851
 30
0.0
 10
510.16340821222315
 20
893.4942495580356
 30
0.0
 10
509.8339677412672
 20
893.5643992247698
 30
0.0
 10
509.5034025986271
 20
893.6317937655693
 30
0.0
 10
509.17178785322204
 20
893.6965671709928
 30
0.0
 10
508.8391212784839
 20
893.7586812043791
 30
0.0
 10
508.50535535989786
 20
893.8179972898013
 30
0.0
 10
508.17043469308976
 20
893.8743605688808
 30
0.0
 10
507.83433762926904
 20
893.9276935093194
 30
0.0
 10
507.49709250771275
 20
893.9780323129461
 30
0.0
 10
507.15875559940685
 20
894.0254771307455
 30
0.0
 10
506.8193979936124
 20
894.0701624119957
 30
0.0
 10
506.47909012161415
 20
894.1122219421513
 30
0.0
 10
506.1378843168637
 20
894.1517494513112
 30
0.0
 10
505.79580957359985
 20
894.188786731013
 30
0.0
 10
505.45288102753454
 20
894.2233449462489
 30
0.0
 10
505.10910576963306
 20
894.25541768301
 30
0.0
 10
504.7644896037813
 20
894.2849961291445
 30
0.0
 10
504.419044734698
 20
894.3120863513493
 30
0.0
 10
504.07279180512325
 20
894.336713853051
 30
0.0
 10
503.7257559662599
 20
894.3589146997974
 30
0.0
 10
503.3779644940838
 20
894.3787301305201
 30
0.0
 10
503.02944401319996
 20
894.3962002862547
 30
0.0
 10
502.68021732930004
 20
894.4113570679385
 30
0.0
 10
502.3303026918953
 20
894.4242224466548
 30
0.0
 10
501.97971551886724
 20
894.4348122996222
 30
0.0
 10
501.6284694844091
 20
894.4431388211883
 30
0.0
 10
501.27657776822866
 20
894.4492133029075
 30
0.0
 10
500.9240544883829
 20
894.4530493220097
 30
0.0
 10
500.57091507938355
 20
894.4546635966547
 30
0.0
 10
500.21717555409145
 20
894.4540743667028
 30
0.0
 10
499.8628520561319
 20
894.4513004290671
 30
0.0
 10
499.5079603427679
 20
894.4463600114877
 30
0.0
 10
499.1525151930302
 20
894.4392695146919
 30
0.0
 10
498.79653026233933
 20
894.4300431469507
 30
0.0
 10
498.44001847544314
 20
894.418693646413
 30
0.0
 10
498.0829922928367
 20
894.4052327477623
 30
0.0
 10
497.72546400380145
 20
894.3896717245666
 30
0.0
 10
497.36744607949583
 20
894.3720220170754
 30
0.0
 10
497.00895126125033
 20
894.3522954697875
 30
0.0
 10
496.64999225808685
 20
894.3305039712927
 30
0.0
 10
496.2905815302094
 20
894.3066592461653
 30
0.0
 10
495.9307310682537
 20
894.2807726177962
 30
0.0
 10
495.57045211152115
 20
894.2528547564526
 30
0.0
 10
495.2097551139113
 20
894.2229155886474
 30
0.0
 10
494.84865020228483
 20
894.1909645372203
 30
0.0
 10
494.4871475488363
 20
894.1570107095761
 30
0.0
 10
494.1252577432225
 20
894.121063104522
 30
0.0
 10
493.76299225734044
 20
894.0831308646482
 30
0.0
 10
493.400363595594
 20
894.0432234024512
 30
0.0
 10
493.0373844196285
 20
894.001350082719
 30
0.0
 10
492.6740668407307
 20
893.9575199928576
 30
0.0
 10
492.31042166913693
 20
893.9117416926902
 30
0.0
 10
491.94645763374086
 20
893.8640229865902
 30
0.0
 10
491.5821807580422
 20
893.8143707005364
 30
0.0
 10
491.21759491774435
 20
893.7627904787289
 30
0.0
 10
490.92568080220246
 20
893.7199873655343
 30
0.0
 10
490.70660757044357
 20
893.6870205947234
 30
0.0
 10
490.5604975938563
 20
893.6646586813969
 30
0.0
 10
490.48742731671655
 20
893.6533817082027
 30
0.0
  0
ARC
  5
10F
330
17
100
AcDbEntity
  8
cut
 62
5
420
255
100
AcDbCircle
 10
613.2507927418743
 20
837.4915075453048
 30
0.0
 40
135.0
100
AcDbArc
 50
155.41681825494777
 51
159.58318174505234
  0
SPLINE
  5
110
330
17
100
AcDbEntity
  8
cut
 62
5
420
255
100
AcDbSpline
 70
4
 71
5
 72
81
 73
75
 74
0
 42
1e-09
 40
-1.0
 40
-1.0
 40
-1.0
 40
-1.0
 40
-1.0
 40
-1.0
 40
-0.9857142857142841
 40
-0.9714285714285699
 40
-0.9571428571428556
 40
-0.9428571428571414
 40
-0.9285714285714272
 40
-0.9142857142857129
 40
-0.8999999999999987
 40
-0.8857142857142845
 40
-0.8714285714285702
 40
-0.857142857142856
 40
-0.8428571428571418
 40
-0.8285714285714275
 40
-0.8142857142857133
 40
-0.799999999999999
 40
-0.7857142857142848
 40
-0.7714285714285706
 40
-0.7571428571428563
 40
-0.7428571428571421
 40
-0.7285714285714279
 40
-0.7142857142857136
 40
-0.6999999999999994
 40
-0.6857142857142852
 40
-0.6714285714285709
 40
-0.6571428571428567
 40
-0.6428571428571425
 40
-0.6285714285714282
 40
-0.614285714285714
 40
-0.5999999999999998
 40
-0.5857142857142855
 40
-0.5714285714285713
 40
-0.557142857142857
 40
-0.5428571428571428
 40
-0.5285714285714286
 40
-0.5142857142857143
 40
-0.5000000000000001
 40
-0.4857142857142858
 40
-0.47142857142857153
 40
-0.45714285714285724
 40
-0.44285714285714295
 40
-0.42857142857142866
 40
-0.41428571428571437
 40
-0.4000000000000001
 40
-0.3857142857142858
 40
-0.3714285714285715
 40
-0.3571428571428572
 40
-0.3428571428571429
 40
-0.3285714285714286
 40
-0.31428571428571433
 40
-0.30000000000000004
 40
-0.28571428571428575
 40
-0.27142857142857146
 40
-0.2571428571428572
 40
-0.2428571428571429
 40
-0.22857142857142862
 40
-0.21428571428571433
 40
-0.20000000000000004
 40
-0.18571428571428575
 40
-0.17142857142857146
 40
-0.15714285714285717
 40
-0.14285714285714288
 40
-0.1285714285714286
 40
-0.1142857142857143
 40
-0.1
 40
-0.08571428571428572
 40
-0.07142857142857142
 40
-0.05714285714285714
 40
-0.04285714285714286
 40
-0.02857142857142857
 40
-0.014285714285714285
 40
0.0
 40
0.0
 40
0.0
 40
0.0
 40
0.0
 40
0.0
 41
1.0
 41
1.0
 41
1.0
 41
1.0
 41
1.0
 41
1.0
 41
1.0
 41
1.0
 41
1.0
 41
1.0
 41
1.0
 41
1.0
 41
1.0
 41
1.0
 41
1.0
 41
1.0
 41
1.0
 41
1.0
 41
1.0
 41
1.0
 41
1.0
 41
1.0
 41
1.0
 41
1.0
 41
1.0
 41
1.0
 41
1.0
 41
1.0
 41
1.0
 41
1.0
 41
1.0
 41
1.0
 41
1.0
 41
1.0
 41
1.0
 41
1.0
 41
1.0
 41
1.0
 41
1.0
 41
1.0
 41
1.0
 41
1.0
 41
1.0
 41
1.0
 41
1.0
 41
1.0
 41
1.0
 41
1.0
 41
1.0
 41
1.0
 41
1.0
 41
1.0
 41
1.0
 41
1.0
 41
1.0
 41
1.0
 41
1.0
 41
1.0
 41
1.0
 41
1.0
 41
1.0
 41
1.0
 41
1.0
 41
1.0
 41
1.0
 41
1.0
 41
1.0
 41
1.0
 41
1.0
 41
1.0
 41
1.0
 41
1.0
 41
1.0
 41
1.0
 41
1.0
 10
486.7315425037324
 20
884.5858736539853
 30
0.0
 10
486.77523696798426
 20
884.5262311412998
 30
0.0
 10
486.8627400626746
 20
884.4071035255024
 30
0.0
 10
486.9943372032336
 20
884.228884330555
 30
0.0
 10
487.17048528226155
 20
883.9922035083355
 30
0.0
 10
487.3918136776456
 20
883.6979296637211
 30
0.0
 10
487.61428685851155
 20
883.4052375465151
 30
0.0
 10
487.8379060753754
 20
883.1141338883058
 30
0.0
 10
488.06267189567546
 20
882.8246277750465
 30
0.0
 10
488.2885836656774
 20
882.5367308975226
 30
0.0
 10
488.5156397940986
 20
882.2504569524344
 30
0.0
 10
488.74383814273267
 20
881.9658209295214
 30
0.0
 10
488.9731763803494
 20
881.682838403824
 30
0.0
 10
489.20365232064
 20
881.4015248729312
 30
0.0
 10
489.43526431653595
 20
881.1218949134862
 30
0.0
 10
489.6680112431367
 20
880.8439623766253
 30
0.0
 10
489.90189234752205
 20
880.5677408950835
 30
0.0
 10
490.1369071318742
 20
880.2932442925869
 30
0.0
 10
490.37305522327426
 20
880.0204869802631
 30
0.0
 10
490.6103362193545
 20
879.7494844505165
 30
0.0
 10
490.8487496483016
 20
879.4802531888539
 30
0.0
 10
491.0882949899464
 20
879.2128102964955
 30
0.0
 10
491.32897166415626
 20
878.9471731665797
 30
0.0
 10
491.5707790367753
 20
878.683359183913
 30
0.0
 10
491.8137163788407
 20
878.4213852564142
 30
0.0
 10
492.0577829721347
 20
878.1612680455336
 30
0.0
 10
492.30297830343085
 20
877.9030246598463
 30
0.0
 10
492.5493022407839
 20
877.6466732457606
 30
0.0
 10
492.7967551751183
 20
877.3922335058817
 30
0.0
 10
493.04533825314644
 20
877.139727487628
 30
0.0
 10
493.2950532217595
 20
876.8891792220256
 30
0.0
 10
493.54590195711535
 20
876.640613415766
 30
0.0
 10
493.7978860339403
 20
876.394054289181
 30
0.0
 10
494.0510063599107
 20
876.1495245776423
 30
0.0
 10
494.30526255260395
 20
875.9070438646751
 30
0.0
 10
494.5606532768942
 20
875.666629454075
 30
0.0
 10
494.8171774863723
 20
875.4282996376625
 30
0.0
 10
495.0748355058388
 20
875.1920765444152
 30
0.0
 10
495.3336299668425
 20
874.9579886145881
 30
0.0
 10
495.5935673006933
 20
874.7260745316097
 30
0.0
 10
495.8546570649507
 20
874.496381505917
 30
0.0
 10
496.1169091329157
 20
874.268957984866
 30
0.0
 10
496.3803312221955
 20
874.043847255236
 30
0.0
 10
496.64492676981445
 20
873.8210819472943
 30
0.0
 10
496.91069143553574
 20
873.6006749808831
 30
0.0
 10
497.1776148842599
 20
873.3826242288369
 30
0.0
 10
497.4456875665283
 20
873.1669301698362
 30
0.0
 10
497.71490667461796
 20
872.9536114012873
 30
0.0
 10
497.9852812575856
 20
872.7427179762926
 30
0.0
 10
498.25684058728143
 20
872.5343531773796
 30
0.0
 10
498.52962946186824
 20
872.3286614075888
 30
0.0
 10
498.80369268364404
 20
872.1257880046155
 30
0.0
 10
499.0790612804533
 20
871.9258435754957
 30
0.0
 10
499.3557408119599
 20
871.7288737576832
 30
0.0
 10
499.6336917625565
 20
871.5348084195576
 30
0.0
 10
499.9128438076422
 20
871.3434988829005
 30
0.0
 10
500.19313255707505
 20
871.1548135618985
 30
0.0
 10
500.4745325478741
 20
870.9687238447282
 30
0.0
 10
500.7570854439301
 20
870.7853775587637
 30
0.0
 10
501.0409463303839
 20
870.6052193702636
 30
0.0
 10
501.3263424473383
 20
870.4288841083363
 30
0.0
 10
501.6134900019591
 20
870.2569814990272
 30
0.0
 10
501.9025181593023
 20
870.0898992710001
 30
0.0
 10
502.1934031850579
 20
869.9276331671742
 30
0.0
 10
502.4858641764217
 20
869.7695158992681
 30
0.0
 10
502.7794918088638
 20
869.6145585772201
 30
0.0
 10
503.0739485466364
 20
869.4619797246362
 30
0.0
 10
503.36915251077414
 20
869.31169186278
 30
0.0
 10
503.6654517261484
 20
869.1647616801148
 30
0.0
 10
503.9638471956645
 20
869.0240015259741
 30
0.0
 10
504.2657176424734
 20
868.8932230792296
 30
0.0
 10
504.5111191711478
 20
868.7996770381113
 30
0.0
 10
504.6978669492053
 20
868.7371169053715
 30
0.0
 10
504.8236280051738
 20
868.6989625171657
 30
0.0
 10
504.8868241718449
 20
868.6807734265391
 30
0.0
  0
LINE
  5
111
330
17
100
AcDbEntity
  8
cut
 62
5
420
255
100
AcDbLine
 10
504.88682417184486
 20
868.6807734265391
 30
0.0
 11
509.0036169820726
 21
867.4958800784041
 31
0.0
  0
ARC
  5
112
330
17
100
AcDbEntity
  8
cut
 62
5
420
255
100
AcDbCircle
 10
507.34407080754
 20
861.7299537439288
 30
0.0
 40
5.999999999999997
100
AcDbArc
 50
-12.891039405043253
 51
73.94314842964572
  0
ARC
  5
113
330
17
100
AcDbEntity
  8
cut
 62
5
420
255
100
AcDbCircle
 10
613.2507927418743
 20
837.4915075453048
 30
0.0
 40
102.64500000000001
100
AcDbArc
 50
167.10896059495673
 51
170.39103940504333
  0
ARC
  5
114
330
17
100
AcDbEntity
  8
cut
 62
5
420
255
100
AcDbCircle
 10
506.1300882048927
 20
855.6268510628862
 30
0.0
 40
6.0
100
AcDbArc
 50
-96.44314842964566
 51
-9.608960594957193
  0
LINE
  5
115
330
17
100
AcDbEntity
  8
cut
 62
5
420
255
100
AcDbLine
 10
505.45678446835944
 20
849.6647489102583
 30
0.0
 11
501.1999247979496
 21
850.1454786006614
 31
0.0
  0
SPLINE
  5
116
330
17
100
AcDbEntity
  8
cut
 62
5
420
255
100
AcDbSpline
 70
4
 71
5
 72
81
 73
75
 74
0
 42
1e-09
 40
0.0
 40
0.0
 40
0.0
 40
0.0
 40
0.0
 40
0.0
 40
0.014285714285714285
 40
0.02857142857142857
 40
0.04285714285714286
 40
0.05714285714285714
 40
0.07142857142857142
 40
0.08571428571428572
 40
0.1
 40
0.1142857142857143
 40
0.1285714285714286
 40
0.14285714285714288
 40
0.15714285714285717
 40
0.17142857142857146
 40
0.18571428571428575
 40
0.20000000000000004
 40
0.21428571428571433
 40
0.22857142857142862
 40
0.2428571428571429
 40
0.2571428571428572
 40
0.27142857142857146
 40
0.28571428571428575
 40
0.30000000000000004
 40
0.31428571428571433
 40
0.3285714285714286
 40
0.3428571428571429
 40
0.3571428571428572
 40
0.3714285714285715
 40
0.3857142857142858
 40
0.4000000000000001
 40
0.41428571428571437
 40
0.42857142857142866
 40
0.44285714285714295
 40
0.45714285714285724
 40
0.47142857142857153
 40
0.4857142857142858
 40
0.5000000000000001
 40
0.5142857142857143
 40
0.5285714285714286
 40
0.5428571428571428
 40
0.557142857142857
 40
0.5714285714285713
 40
0.5857142857142855
 40
0.5999999999999998
 40
0.614285714285714
 40
0.6285714285714282
 40
0.6428571428571425
 40
0.6571428571428567
 40
0.6714285714285709
 40
0.6857142857142852
 40
0.6999999999999994
 40
0.7142857142857136
 40
0.7285714285714279
 40
0.7428571428571421
 40
0.7571428571428563
 40
0.7714285714285706
 40
0.7857142857142848
 40
0.799999999999999
 40
0.8142857142857133
 40
0.8285714285714275
 40
0.8428571428571418
 40
0.857142857142856
 40
0.8714285714285702
 40
0.8857142857142845
 40
0.8999999999999987
 40
0.9142857142857129
 40
0.9285714285714272
 40
0.9428571428571414
 40
0.9571428571428556
 40
0.9714285714285699
 40
0.9857142857142841
 40
1.0
 40
1.0
 40
1.0
 40
1.0
 40
1.0
 40
1.0
 41
1.0
 41
1.0
 41
1.0
 41
1.0
 41
1.0
 41
1.0
 41
1.0
 41
1.0
 41
1.0
 41
1.0
 41
1.0
 41
1.0
 41
1.0
 41
1.0
 41
1.0
 41
1.0
 41
1.0
 41
1.0
 41
1.0
 41
1.0
 41
1.0
 41
1.0
 41
1.0
 41
1.0
 41
1.0
 41
1.0
 41
1.0
 41
1.0
 41
1.0
 41
1.0
 41
1.0
 41
1.0
 41
1.0
 41
1.0
 41
1.0
 41
1.0
 41
1.0
 41
1.0
 41
1.0
 41
1.0
 41
1.0
 41
1.0
 41
1.0
 41
1.0
 41
1.0
 41
1.0
 41
1.0
 41
1.0
 41
1.0
 41
1.0
 41
1.0
 41
1.0
 41
1.0
 41
1.0
 41
1.0
 41
1.0
 41
1.0
 41
1.0
 41
1.0
 41
1.0
 41
1.0
 41
1.0
 41
1.0
 41
1.0
 41
1.0
 41
1.0
 41
1.0
 41
1.0
 41
1.0
 41
1.0
 41
1.0
 41
1.0
 41
1.0
 41
1.0
 41
1.0
 10
501.1999247979496
 20
850.1454786006614
 30
0.0
 10
501.13457848939646
 20
850.1528581980905
 30
0.0
 10
501.00378937156177
 20
850.1657348123075
 30
0.0
 10
500.8073161953464
 20
850.1794020668117
 30
0.0
 10
500.5447962256578
 20
850.1868878933758
 30
0.0
 10
500.2158575535015
 20
850.1815851818493
 30
0.0
 10
499.8863095076947
 20
850.1657307589222
 30
0.0
 10
499.5563369804908
 20
850.1433737711961
 30
0.0
 10
499.22609140528994
 20
850.1174955578864
 30
0.0
 10
498.89565945303855
 20
850.0892147939838
 30
0.0
 10
498.5650832933742
 20
850.0584193259513
 30
0.0
 10
498.2343757105966
 20
850.024257994404
 30
0.0
 10
497.9035364394184
 20
849.9856605423387
 30
0.0
 10
497.572569640021
 20
849.9419029789203
 30
0.0
 10
497.24149561093327
 20
849.892972288392
 30
0.0
 10
496.9103433965396
 20
849.8392761146571
 30
0.0
 10
496.5791465795205
 20
849.7814605100299
 30
0.0
 10
496.2479381559783
 20
849.7201989411527
 30
0.0
 10
495.9167450123356
 20
849.6559615745947
 30
0.0
 10
495.5855852272635
 20
849.588900929122
 30
0.0
 10
495.25447137621796
 20
849.5189808265953
 30
0.0
 10
494.92341259222275
 20
849.4460550565346
 30
0.0
 10
494.59241695004613
 20
849.3699593461173
 30
0.0
 10
494.2614941191399
 20
849.2906137802065
 30
0.0
 10
493.9306564277417
 20
849.2080626499028
 30
0.0
 10
493.5999175373414
 20
849.1224200166249
 30
0.0
 10
493.2692916743408
 20
849.033837299992
 30
0.0
 10
492.93879271128554
 20
848.9424650545326
 30
0.0
 10
492.6084331290244
 20
848.8484099027118
 30
0.0
 10
492.27822372181214
 20
848.7517215504906
 30
0.0
 10
491.9481742005657
 20
848.6524161051628
 30
0.0
 10
491.6182935710176
 20
848.5504903545523
 30
0.0
 10
491.2885905675239
 20
848.4459383783427
 30
0.0
 10
490.9590741441499
 20
848.3387704519752
 30
0.0
 10
490.6297536125619
 20
848.2290180371782
 30
0.0
 10
490.3006384077539
 20
848.1167240791216
 30
0.0
 10
489.9717379479857
 20
848.0019371156745
 30
0.0
 10
489.6430614698756
 20
847.8847044211134
 30
0.0
 10
489.31461783517534
 20
847.7650641954215
 30
0.0
 10
488.9864154962652
 20
847.6430437210187
 30
0.0
 10
488.65846262146175
 20
847.51866356671
 30
0.0
 10
488.3307671774975
 20
847.3919402314908
 30
0.0
 10
488.00333701974404
 20
847.2628891910531
 30
0.0
 10
487.67617999580415
 20
847.131528391868
 30
0.0
 10
487.34930396754453
 20
846.9978791860331
 30
0.0
 10
487.0227167488274
 20
846.8619645528386
 30
0.0
 10
486.6964260611503
 20
846.7238080362657
 30
0.0
 10
486.370439486872
 20
846.583432506594
 30
0.0
 10
486.04476440375
 20
846.4408587718098
 30
0.0
 10
485.71940799047775
 20
846.2961051843472
 30
0.0
 10
485.39437731328667
 20
846.1491884588082
 30
0.0
 10
485.0696793935043
 20
846.0001242050516
 30
0.0
 10
484.74532127073854
 20
845.8489275414006
 30
0.0
 10
484.42131008884337
 20
845.6956138097732
 30
0.0
 10
484.09765308657984
 20
845.5401988289555
 30
0.0
 10
483.7743574559868
 20
845.3826984461044
 30
0.0
 10
483.45143022199136
 20
845.2231282616278
 30
0.0
 10
483.12887812922247
 20
845.0615033255925
 30
0.0
 10
482.806707478106
 20
844.8978377971345
 30
0.0
 10
482.48492412807377
 20
844.7321448476896
 30
0.0
 10
482.1635338291606
 20
844.5644370582088
 30
0.0
 10
481.84254249399584
 20
844.394726735567
 30
0.0
 10
481.5219564624521
 20
844.2230262460646
 30
0.0
 10
481.2017828344627
 20
844.0493484264581
 30
0.0
 10
480.8820295605837
 20
843.8737067579888
 30
0.0
 10
480.562704754901
 20
843.6961147379944
 30
0.0
 10
480.24381612918484
 20
843.5165853969321
 30
0.0
 10
479.92537039508875
 20
843.3351307799458
 30
0.0
 10
479.6073726304544
 20
843.1517614377392
 30
0.0
 10
479.28982578808115
 20
842.9664859817882
 30
0.0
 10
478.9727312887099
 20
842.7793111098209
 30
0.0
 10
478.71941785438287
 20
842.6280554939214
 30
0.0
 10
478.5296364164476
 20
842.5137624728474
 30
0.0
 10
478.403205933329
 20
842.437188891474
 30
0.0
 10
478.34001331065326
 20
842.3988075422915
 30
0.0
  0
ARC
  5
117
330
17
100
AcDbEntity
  8
cut
 62
5
420
255
100
AcDbCircle
 10
613.2507927418743
 20
837.4915075453048
 30
0.0
 40
135.00000000000003
100
AcDbArc
 50
177.91681825494783
 51
-177.91681825494786
  0
SPLINE
  5
118
330
17
100
AcDbEntity
  8
cut
 62
5
420
255
100
AcDbSpline
 70
4
 71
5
 72
81
 73
75
 74
0
 42
1e-09
 40
-1.0
 40
-1.0
 40
-1.0
 40
-1.0
 40
-1.0
 40
-1.0
 40
-0.9857142857142841
 40
-0.9714285714285699
 40
-0.9571428571428556
 40
-0.9428571428571414
 40
-0.9285714285714272
 40
-0.9142857142857129
 40
-0.8999999999999987
 40
-0.8857142857142845
 40
-0.8714285714285702
 40
-0.857142857142856
 40
-0.8428571428571418
 40
-0.8285714285714275
 40
-0.8142857142857133
 40
-0.799999999999999
 40
-0.7857142857142848
 40
-0.7714285714285706
 40
-0.7571428571428563
 40
-0.7428571428571421
 40
-0.7285714285714279
 40
-0.7142857142857136
 40
-0.6999999999999994
 40
-0.6857142857142852
 40
-0.6714285714285709
 40
-0.6571428571428567
 40
-0.6428571428571425
 40
-0.6285714285714282
 40
-0.614285714285714
 40
-0.5999999999999998
 40
-0.5857142857142855
 40
-0.5714285714285713
 40
-0.557142857142857
 40
-0.5428571428571428
 40
-0.5285714285714286
 40
-0.5142857142857143
 40
-0.5000000000000001
 40
-0.4857142857142858
 40
-0.47142857142857153
 40
-0.45714285714285724
 40
-0.44285714285714295
 40
-0.42857142857142866
 40
-0.41428571428571437
 40
-0.4000000000000001
 40
-0.3857142857142858
 40
-0.3714285714285715
 40
-0.3571428571428572
 40
-0.3428571428571429
 40
-0.3285714285714286
 40
-0.31428571428571433
 40
-0.30000000000000004
 40
-0.28571428571428575
 40
-0.27142857142857146
 40
-0.2571428571428572
 40
-0.2428571428571429
 40
-0.22857142857142862
 40
-0.21428571428571433
 40
-0.20000000000000004
 40
-0.18571428571428575
 40
-0.17142857142857146
 40
-0.15714285714285717
 40
-0.14285714285714288
 40
-0.1285714285714286
 40
-0.1142857142857143
 40
-0.1
 40
-0.08571428571428572
 40
-0.07142857142857142
 40
-0.05714285714285714
 40
-0.04285714285714286
 40
-0.02857142857142857
 40
-0.014285714285714285
 40
0.0
 40
0.0
 40
0.0
 40
0.0
 40
0.0
 40
0.0
 41
1.0
 41
1.0
 41
1.0
 41
1.0
 41
1.0
 41
1.0
 41
1.0
 41
1.0
 41
1.0
 41
1.0
 41
1.0
 41
1.0
 41
1.0
 41
1.0
 41
1.0
 41
1.0
 41
1.0
 41
1.0
 41
1.0
 41
1.0
 41
1.0
 41
1.0
 41
1.0
 41
1.0
 41
1.0
 41
1.0
 41
1.0
 41
1.0
 41
1.0
 41
1.0
 41
1.0
 41
1.0
 41
1.0
 41
1.0
 41
1.0
 41
1.0
 41
1.0
 41
1.0
 41
1.0
 41
1.0
 41
1.0
 41
1.0
 41
1.0
 41
1.0
 41
1.0
 41
1.0
 41
1.0
 41
1.0
 41
1.0
 41
1.0
 41
1.0
 41
1.0
 41
1.0
 41
1.0
 41
1.0
 41
1.0
 41
1.0
 41
1.0
 41
1.0
 41
1.0
 41
1.0
 41
1.0
 41
1.0
 41
1.0
 41
1.0
 41
1.0
 41
1.0
 41
1.0
 41
1.0
 41
1.0
 41
1.0
 41
1.0
 41
1.0
 41
1.0
 41
1.0
 10
478.34001331065326
 20
832.5842075483181
 30
0.0
 10
478.403205933329
 20
832.5458261991356
 30
0.0
 10
478.52963641644754
 20
832.4692526177623
 30
0.0
 10
478.7194178543828
 20
832.3549595966882
 30
0.0
 10
478.97273128870995
 20
832.2037039807886
 30
0.0
 10
479.28982578808115
 20
832.0165291088214
 30
0.0
 10
479.6073726304544
 20
831.8312536528704
 30
0.0
 10
479.9253703950887
 20
831.6478843106638
 30
0.0
 10
480.24381612918484
 20
831.4664296936775
 30
0.0
 10
480.562704754901
 20
831.2869003526152
 30
0.0
 10
480.8820295605837
 20
831.1093083326208
 30
0.0
 10
481.2017828344627
 20
830.9336666641515
 30
0.0
 10
481.5219564624522
 20
830.759988844545
 30
0.0
 10
481.84254249399584
 20
830.5882883550426
 30
0.0
 10
482.1635338291606
 20
830.4185780324008
 30
0.0
 10
482.48492412807377
 20
830.25087024292
 30
0.0
 10
482.806707478106
 20
830.0851772934751
 30
0.0
 10
483.12887812922247
 20
829.9215117650172
 30
0.0
 10
483.45143022199136
 20
829.7598868289817
 30
0.0
 10
483.7743574559868
 20
829.6003166445051
 30
0.0
 10
484.09765308657984
 20
829.4428162616542
 30
0.0
 10
484.42131008884337
 20
829.2874012808363
 30
0.0
 10
484.74532127073854
 20
829.134087549209
 30
0.0
 10
485.0696793935043
 20
828.9828908855579
 30
0.0
 10
485.39437731328667
 20
828.8338266318015
 30
0.0
 10
485.71940799047775
 20
828.6869099062624
 30
0.0
 10
486.04476440375
 20
828.5421563187998
 30
0.0
 10
486.370439486872
 20
828.3995825840155
 30
0.0
 10
486.6964260611503
 20
828.2592070543438
 30
0.0
 10
487.0227167488274
 20
828.121050537771
 30
0.0
 10
487.34930396754453
 20
827.9851359045766
 30
0.0
 10
487.67617999580415
 20
827.8514866987416
 30
0.0
 10
488.00333701974404
 20
827.7201258995566
 30
0.0
 10
488.3307671774975
 20
827.5910748591187
 30
0.0
 10
488.65846262146175
 20
827.4643515238996
 30
0.0
 10
488.9864154962652
 20
827.339971369591
 30
0.0
 10
489.31461783517534
 20
827.2179508951881
 30
0.0
 10
489.6430614698756
 20
827.0983106694962
 30
0.0
 10
489.9717379479857
 20
826.981077974935
 30
0.0
 10
490.3006384077539
 20
826.866291011488
 30
0.0
 10
490.6297536125619
 20
826.7539970534314
 30
0.0
 10
490.9590741441499
 20
826.6442446386344
 30
0.0
 10
491.2885905675239
 20
826.5370767122669
 30
0.0
 10
491.6182935710176
 20
826.4325247360573
 30
0.0
 10
491.9481742005657
 20
826.3305989854467
 30
0.0
 10
492.27822372181214
 20
826.231293540119
 30
0.0
 10
492.6084331290243
 20
826.1346051878978
 30
0.0
 10
492.93879271128554
 20
826.040550036077
 30
0.0
 10
493.2692916743408
 20
825.9491777906176
 30
0.0
 10
493.5999175373414
 20
825.8605950739847
 30
0.0
 10
493.9306564277417
 20
825.7749524407069
 30
0.0
 10
494.2614941191399
 20
825.6924013104032
 30
0.0
 10
494.59241695004613
 20
825.6130557444923
 30
0.0
 10
494.92341259222275
 20
825.5369600340749
 30
0.0
 10
495.25447137621796
 20
825.4640342640142
 30
0.0
 10
495.5855852272635
 20
825.3941141614876
 30
0.0
 10
495.9167450123356
 20
825.3270535160149
 30
0.0
 10
496.2479381559783
 20
825.2628161494569
 30
0.0
 10
496.57914657952057
 20
825.2015545805797
 30
0.0
 10
496.91034339653953
 20
825.1437389759525
 30
0.0
 10
497.24149561093327
 20
825.0900428022176
 30
0.0
 10
497.572569640021
 20
825.0411121116892
 30
0.0
 10
497.9035364394184
 20
824.9973545482709
 30
0.0
 10
498.2343757105966
 20
824.9587570962055
 30
0.0
 10
498.5650832933742
 20
824.9245957646584
 30
0.0
 10
498.89565945303855
 20
824.8938002966257
 30
0.0
 10
499.22609140528994
 20
824.8655195327233
 30
0.0
 10
499.5563369804908
 20
824.8396413194134
 30
0.0
 10
499.8863095076947
 20
824.8172843316873
 30
0.0
 10
500.2158575535015
 20
824.8014299087603
 30
0.0
 10
500.5447962256578
 20
824.7961271972339
 30
0.0
 10
500.8073161953464
 20
824.8036130237979
 30
0.0
 10
501.00378937156177
 20
824.8172802783021
 30
0.0
 10
501.13457848939646
 20
824.8301568925191
 30
0.0
 10
501.1999247979496
 20
824.8375364899482
 30
0.0
  0
LINE
  5
119
330
17
100
AcDbEntity
  8
cut
 62
5
420
255
100
AcDbLine
 10
501.1999247979496
 20
824.8375364899482
 30
0.0
 11
505.45678446835944
 21
825.3182661803513
 31
0.0
  0
ARC
  5
11A
330
17
100
AcDbEntity
  8
cut
 62
5
420
255
100
AcDbCircle
 10
506.1300882048927
 20
819.3561640277235
 30
0.0
 40
5.999999999999998
100
AcDbArc
 50
9.60896059495667
 51
96.44314842964566
  0
ARC
  5
11B
330
17
100
AcDbEntity
  8
cut
 62
5
420
255
100
AcDbCircle
 10
613.2507927418743
 20
837.4915075453048
 30
0.0
 40
102.64500000000001
100
AcDbArc
 50
-170.39103940504336
 51
-167.10896059495676
  0
ARC
  5
11C
330
17
100
AcDbEntity
  8
cut
 62
5
420
255
100
AcDbCircle
 10
507.34407080754
 20
813.2530613466807
 30
0.0
 40
6.000000000000003
100
AcDbArc
 50
-73.94314842964567
 51
12.891039405043475
  0
LINE
  5
11D
330
17
100
AcDbEntity
  8
cut
 62
5
420
255
100
AcDbLine
 10
509.0036169820726
 20
807.4871350122055
 30
0.0
 11
504.8868241718449
 21
806.3022416640705
 31
0.0
  0
SPLINE
  5
11E
330
17
100
AcDbEntity
  8
cut
 62
5
420
255
100
AcDbSpline
 70
4
 71
5
 72
81
 73
75
 74
0
 42
1e-09
 40
0.0
 40
0.0
 40
0.0
 40
0.0
 40
0.0
 40
0.0
 40
0.014285714285714285
 40
0.02857142857142857
 40
0.04285714285714286
 40
0.05714285714285714
 40
0.07142857142857142
 40
0.08571428571428572
 40
0.1
 40
0.1142857142857143
 40
0.1285714285714286
 40
0.14285714285714288
 40
0.15714285714285717
 40
0.17142857142857146
 40
0.18571428571428575
 40
0.20000000000000004
 40
0.21428571428571433
 40
0.22857142857142862
 40
0.2428571428571429
 40
0.2571428571428572
 40
0.27142857142857146
 40
0.28571428571428575
 40
0.30000000000000004
 40
0.31428571428571433
 40
0.3285714285714286
 40
0.3428571428571429
 40
0.3571428571428572
 40
0.3714285714285715
 40
0.3857142857142858
 40
0.4000000000000001
 40
0.41428571428571437
 40
0.42857142857142866
 40
0.44285714285714295
 40
0.45714285714285724
 40
0.47142857142857153
 40
0.4857142857142858
 40
0.5000000000000001
 40
0.5142857142857143
 40
0.5285714285714286
 40
0.5428571428571428
 40
0.557142857142857
 40
0.5714285714285713
 40
0.5857142857142855
 40
0.5999999999999998
 40
0.614285714285714
 40
0.6285714285714282
 40
0.6428571428571425
 40
0.6571428571428567
 40
0.6714285714285709
 40
0.6857142857142852
 40
0.6999999999999994
 40
0.7142857142857136
 40
0.7285714285714279
 40
0.7428571428571421
 40
0.7571428571428563
 40
0.7714285714285706
 40
0.7857142857142848
 40
0.799999999999999
 40
0.8142857142857133
 40
0.8285714285714275
 40
0.8428571428571418
 40
0.857142857142856
 40
0.8714285714285702
 40
0.8857142857142845
 40
0.8999999999999987
 40
0.9142857142857129
 40
0.9285714285714272
 40
0.9428571428571414
 40
0.9571428571428556
 40
0.9714285714285699
 40
0.9857142857142841
 40
1.0
 40
1.0
 40
1.0
 40
1.0
 40
1.0
 40
1.0
 41
1.0
 41
1.0
 41
1.0
 41
1.0
 41
1.0
 41
1.0
 41
1.0
 41
1.0
 41
1.0
 41
1.0
 41
1.0
 41
1.0
 41
1.0
 41
1.0
 41
1.0
 41
1.0
 41
1.0
 41
1.0
 41
1.0
 41
1.0
 41
1.0
 41
1.0
 41
1.0
 41
1.0
 41
1.0
 41
1.0
 41
1.0
 41
1.0
 41
1.0
 41
1.0
 41
1.0
 41
1.0
 41
1.0
 41
1.0
 41
1.0
 41
1.0
 41
1.0
 41
1.0
 41
1.0
 41
1.0
 41
1.0
 41
1.0
 41
1.0
 41
1.0
 41
1.0
 41
1.0
 41
1.0
 41
1.0
 41
1.0
 41
1.0
 41
1.0
 41
1.0
 41
1.0
 41
1.0
 41
1.0
 41
1.0
 41
1.0
 41
1.0
 41
1.0
 41
1.0
 41
1.0
 41
1.0
 41
1.0
 41
1.0
 41
1.0
 41
1.0
 41
1.0
 41
1.0
 41
1.0
 41
1.0
 41
1.0
 41
1.0
 41
1.0
 41
1.0
 41
1.0
 10
504.8868241718449
 20
806.3022416640705
 30
0.0
 10
504.8236280051738
 20
806.2840525734439
 30
0.0
 10
504.6978669492053
 20
806.245898185238
 30
0.0
 10
504.5111191711478
 20
806.1833380524984
 30
0.0
 10
504.2657176424734
 20
806.08979201138
 30
0.0
 10
503.9638471956645
 20
805.9590135646355
 30
0.0
 10
503.6654517261484
 20
805.8182534104948
 30
0.0
 10
503.3691525107741
 20
805.6713232278296
 30
0.0
 10
503.0739485466365
 20
805.5210353659734
 30
0.0
 10
502.7794918088637
 20
805.3684565133894
 30
0.0
 10
502.4858641764217
 20
805.2134991913416
 30
0.0
 10
502.1934031850579
 20
805.0553819234353
 30
0.0
 10
501.9025181593023
 20
804.8931158196094
 30
0.0
 10
501.6134900019591
 20
804.7260335915823
 30
0.0
 10
501.3263424473383
 20
804.5541309822734
 30
0.0
 10
501.0409463303839
 20
804.377795720346
 30
0.0
 10
500.7570854439301
 20
804.1976375318459
 30
0.0
 10
500.4745325478741
 20
804.0142912458814
 30
0.0
 10
500.19313255707505
 20
803.828201528711
 30
0.0
 10
499.91284380764216
 20
803.6395162077092
 30
0.0
 10
499.6336917625565
 20
803.448206671052
 30
0.0
 10
499.3557408119599
 20
803.2541413329263
 30
0.0
 10
499.0790612804533
 20
803.0571715151139
 30
0.0
 10
498.80369268364404
 20
802.857227085994
 30
0.0
 10
498.52962946186824
 20
802.6543536830209
 30
0.0
 10
498.25684058728143
 20
802.4486619132301
 30
0.0
 10
497.9852812575856
 20
802.240297114317
 30
0.0
 10
497.71490667461796
 20
802.0294036893223
 30
0.0
 10
497.44568756652825
 20
801.8160849207734
 30
0.0
 10
497.17761488426
 20
801.6003908617728
 30
0.0
 10
496.91069143553574
 20
801.3823401097266
 30
0.0
 10
496.64492676981445
 20
801.1619331433153
 30
0.0
 10
496.3803312221955
 20
800.9391678353736
 30
0.0
 10
496.1169091329157
 20
800.7140571057436
 30
0.0
 10
495.8546570649507
 20
800.4866335846925
 30
0.0
 10
495.5935673006933
 20
800.256940559
 30
0.0
 10
495.3336299668425
 20
800.0250264760215
 30
0.0
 10
495.0748355058388
 20
799.7909385461944
 30
0.0
 10
494.8171774863723
 20
799.5547154529471
 30
0.0
 10
494.5606532768942
 20
799.3163856365346
 30
0.0
 10
494.30526255260395
 20
799.0759712259345
 30
0.0
 10
494.0510063599107
 20
798.8334905129674
 30
0.0
 10
493.7978860339403
 20
798.5889608014286
 30
0.0
 10
493.54590195711535
 20
798.3424016748436
 30
0.0
 10
493.2950532217595
 20
798.093835868584
 30
0.0
 10
493.0453382531464
 20
797.8432876029816
 30
0.0
 10
492.7967551751183
 20
797.5907815847279
 30
0.0
 10
492.54930224078385
 20
797.336341844849
 30
0.0
 10
492.30297830343085
 20
797.0799904307632
 30
0.0
 10
492.0577829721347
 20
796.821747045076
 30
0.0
 10
491.8137163788407
 20
796.5616298341954
 30
0.0
 10
491.5707790367753
 20
796.2996559066967
 30
0.0
 10
491.32897166415626
 20
796.0358419240299
 30
0.0
 10
491.0882949899464
 20
795.7702047941141
 30
0.0
 10
490.8487496483016
 20
795.5027619017558
 30
0.0
 10
490.6103362193545
 20
795.233530640093
 30
0.0
 10
490.37305522327426
 20
794.9625281103465
 30
0.0
 10
490.1369071318742
 20
794.6897707980227
 30
0.0
 10
489.90189234752205
 20
794.4152741955261
 30
0.0
 10
489.6680112431367
 20
794.1390527139844
 30
0.0
 10
489.43526431653595
 20
793.8611201771233
 30
0.0
 10
489.20365232064
 20
793.5814902176785
 30
0.0
 10
488.97317638034934
 20
793.3001766867856
 30
0.0
 10
488.7438381427327
 20
793.0171941610881
 30
0.0
 10
488.5156397940986
 20
792.7325581381752
 30
0.0
 10
488.2885836656774
 20
792.4462841930871
 30
0.0
 10
488.06267189567546
 20
792.1583873155631
 30
0.0
 10
487.8379060753754
 20
791.8688812023038
 30
0.0
 10
487.61428685851155
 20
791.5777775440945
 30
0.0
 10
487.39181367764564
 20
791.2850854268885
 30
0.0
 10
487.17048528226155
 20
790.9908115822741
 30
0.0
 10
486.9943372032336
 20
790.7541307600545
 30
0.0
 10
486.8627400626746
 20
790.5759115651072
 30
0.0
 10
486.77523696798426
 20
790.4567839493099
 30
0.0
 10
486.7315425037324
 20
790.3971414366242
 30
0.0
  0
ARC
  5
11F
330
17
100
AcDbEntity
  8
cut
 62
5
420
255
100
AcDbCircle
 10
613.2507927418743
 20
837.4915075453048
 30
0.0
 40
135.0
100
AcDbArc
 50
-159.58318174505231
 51
-155.4168182549477
  0
SPLINE
  5
120
330
17
100
AcDbEntity
  8
cut
 62
5
420
255
100
AcDbSpline
 70
4
 71
5
 72
81
 73
75
 74
0
 42
1e-09
 40
-1.0
 40
-1.0
 40
-1.0
 40
-1.0
 40
-1.0
 40
-1.0
 40
-0.9857142857142841
 40
-0.9714285714285699
 40
-0.9571428571428556
 40
-0.9428571428571414
 40
-0.9285714285714272
 40
-0.9142857142857129
 40
-0.8999999999999987
 40
-0.8857142857142845
 40
-0.8714285714285702
 40
-0.857142857142856
 40
-0.8428571428571418
 40
-0.8285714285714275
 40
-0.8142857142857133
 40
-0.799999999999999
 40
-0.7857142857142848
 40
-0.7714285714285706
 40
-0.7571428571428563
 40
-0.7428571428571421
 40
-0.7285714285714279
 40
-0.7142857142857136
 40
-0.6999999999999994
 40
-0.6857142857142852
 40
-0.6714285714285709
 40
-0.6571428571428567
 40
-0.6428571428571425
 40
-0.6285714285714282
 40
-0.614285714285714
 40
-0.5999999999999998
 40
-0.5857142857142855
 40
-0.5714285714285713
 40
-0.557142857142857
 40
-0.5428571428571428
 40
-0.5285714285714286
 40
-0.5142857142857143
 40
-0.5000000000000001
 40
-0.4857142857142858
 40
-0.47142857142857153
 40
-0.45714285714285724
 40
-0.44285714285714295
 40
-0.42857142857142866
 40
-0.41428571428571437
 40
-0.4000000000000001
 40
-0.3857142857142858
 40
-0.3714285714285715
 40
-0.3571428571428572
 40
-0.3428571428571429
 40
-0.3285714285714286
 40
-0.31428571428571433
 40
-0.30000000000000004
 40
-0.28571428571428575
 40
-0.27142857142857146
 40
-0.2571428571428572
 40
-0.2428571428571429
 40
-0.22857142857142862
 40
-0.21428571428571433
 40
-0.20000000000000004
 40
-0.18571428571428575
 40
-0.17142857142857146
 40
-0.15714285714285717
 40
-0.14285714285714288
 40
-0.1285714285714286
 40
-0.1142857142857143
 40
-0.1
 40
-0.08571428571428572
 40
-0.07142857142857142
 40
-0.05714285714285714
 40
-0.04285714285714286
 40
-0.02857142857142857
 40
-0.014285714285714285
 40
0.0
 40
0.0
 40
0.0
 40
0.0
 40
0.0
 40
0.0
 41
1.0
 41
1.0
 41
1.0
 41
1.0
 41
1.0
 41
1.0
 41
1.0
 41
1.0
 41
1.0
 41
1.0
 41
1.0
 41
1.0
 41
1.0
 41
1.0
 41
1.0
 41
1.0
 41
1.0
 41
1.0
 41
1.0
 41
1.0
 41
1.0
 41
1.0
 41
1.0
 41
1.0
 41
1.0
 41
1.0
 41
1.0
 41
1.0
 41
1.0
 41
1.0
 41
1.0
 41
1.0
 41
1.0
 41
1.0
 41
1.0
 41
1.0
 41
1.0
 41
1.0
 41
1.0
 41
1.0
 41
1.0
 41
1.0
 41
1.0
 41
1.0
 41
1.0
 41
1.0
 41
1.0
 41
1.0
 41
1.0
 41
1.0
 41
1.0
 41
1.0
 41
1.0
 41
1.0
 41
1.0
 41
1.0
 41
1.0
 41
1.0
 41
1.0
 41
1.0
 41
1.0
 41
1.0
 41
1.0
 41
1.0
 41
1.0
 41
1.0
 41
1.0
 41
1.0
 41
1.0
 41
1.0
 41
1.0
 41
1.0
 41
1.0
 41
1.0
 41
1.0
 10
490.48742731671655
 20
781.3296333824069
 30
0.0
 10
490.5604975938563
 20
781.3183564092127
 30
0.0
 10
490.7066075704435
 20
781.2959944958862
 30
0.0
 10
490.92568080220246
 20
781.2630277250753
 30
0.0
 10
491.21759491774435
 20
781.2202246118807
 30
0.0
 10
491.5821807580422
 20
781.1686443900733
 30
0.0
 10
491.94645763374086
 20
781.1189921040194
 30
0.0
 10
492.31042166913693
 20
781.0712733979195
 30
0.0
 10
492.6740668407307
 20
781.025495097752
 30
0.0
 10
493.0373844196285
 20
780.9816650078906
 30
0.0
 10
493.400363595594
 20
780.9397916881584
 30
0.0
 10
493.76299225734044
 20
780.8998842259614
 30
0.0
 10
494.1252577432225
 20
780.8619519860877
 30
0.0
 10
494.4871475488363
 20
780.8260043810335
 30
0.0
 10
494.84865020228483
 20
780.7920505533893
 30
0.0
 10
495.20975511391134
 20
780.7600995019623
 30
0.0
 10
495.57045211152115
 20
780.730160334157
 30
0.0
 10
495.9307310682537
 20
780.7022424728135
 30
0.0
 10
496.29058153020935
 20
780.6763558444443
 30
0.0
 10
496.64999225808685
 20
780.6525111193168
 30
0.0
 10
497.00895126125033
 20
780.6307196208221
 30
0.0
 10
497.36744607949583
 20
780.6109930735341
 30
0.0
 10
497.72546400380145
 20
780.593343366043
 30
0.0
 10
498.0829922928367
 20
780.5777823428473
 30
0.0
 10
498.4400184754431
 20
780.5643214441967
 30
0.0
 10
498.79653026233933
 20
780.552971943659
 30
0.0
 10
499.1525151930302
 20
780.5437455759178
 30
0.0
 10
499.5079603427679
 20
780.5366550791218
 30
0.0
 10
499.8628520561319
 20
780.5317146615425
 30
0.0
 10
500.21717555409145
 20
780.5289407239068
 30
0.0
 10
500.57091507938355
 20
780.5283514939549
 30
0.0
 10
500.9240544883829
 20
780.5299657685998
 30
0.0
 10
501.27657776822866
 20
780.5338017877021
 30
0.0
 10
501.6284694844091
 20
780.5398762694213
 30
0.0
 10
501.97971551886724
 20
780.5482027909874
 30
0.0
 10
502.3303026918953
 20
780.5587926439548
 30
0.0
 10
502.68021732930004
 20
780.5716580226712
 30
0.0
 10
503.0294440131999
 20
780.586814804355
 30
0.0
 10
503.3779644940838
 20
780.6042849600896
 30
0.0
 10
503.7257559662599
 20
780.6241003908121
 30
0.0
 10
504.07279180512325
 20
780.6463012375585
 30
0.0
 10
504.419044734698
 20
780.6709287392603
 30
0.0
 10
504.7644896037813
 20
780.6980189614651
 30
0.0
 10
505.10910576963306
 20
780.7275974075995
 30
0.0
 10
505.45288102753454
 20
780.7596701443608
 30
0.0
 10
505.79580957359985
 20
780.7942283595967
 30
0.0
 10
506.1378843168636
 20
780.8312656392984
 30
0.0
 10
506.47909012161415
 20
780.8707931484583
 30
0.0
 10
506.8193979936124
 20
780.9128526786138
 30
0.0
 10
507.15875559940685
 20
780.9575379598642
 30
0.0
 10
507.49709250771275
 20
781.0049827776635
 30
0.0
 10
507.83433762926904
 20
781.0553215812902
 30
0.0
 10
508.17043469308976
 20
781.1086545217288
 30
0.0
 10
508.50535535989786
 20
781.1650178008083
 30
0.0
 10
508.83912127848384
 20
781.2243338862305
 30
0.0
 10
509.171787853222
 20
781.2864479196168
 30
0.0
 10
509.5034025986271
 20
781.3512213250402
 30
0.0
 10
509.83396774126714
 20
781.4186158658399
 30
0.0
 10
510.16340821222315
 20
781.4887655325741
 30
0.0
 10
510.4915192467229
 20
781.5620944135245
 30
0.0
 10
510.8180126358168
 20
781.6392120836762
 30
0.0
 10
511.1426101196364
 20
781.7207025660035
 30
0.0
 10
511.4651288661013
 20
781.8069313595611
 30
0.0
 10
511.7855551027307
 20
781.8978786714465
 30
0.0
 10
512.1041620453158
 20
781.9928740293132
 30
0.0
 10
512.4213595085739
 20
782.0909287461421
 30
0.0
 10
512.7374614059468
 20
782.1912515608595
 30
0.0
 10
513.0524716970702
 20
782.2937227194859
 30
0.0
 10
513.3658822100452
 20
782.3993425754137
 30
0.0
 10
513.6764121295291
 20
782.5108075758701
 30
0.0
 10
513.9823410960336
 20
782.6317878893225
 30
0.0
 10
514.2220132211007
 20
782.7391659343338
 30
0.0
 10
514.3983005354289
 20
782.8269798604775
 30
0.0
 10
514.5142062575458
 20
782.8889271293297
 30
0.0
 10
514.5717543248696
 20
782.9207519380021
 30
0.0
  0
LINE
  5
121
330
17
100
AcDbEntity
  8
cut
 62
5
420
255
100
AcDbLine
 10
514.5717543248696
 20
782.9207519380021
 30
0.0
 11
518.3206125591707
 21
784.993917929405
 31
0.0
  0
ARC
  5
122
330
17
100
AcDbEntity
  8
cut
 62
5
420
255
100
AcDbCircle
 10
521.224261816396
 20
779.7433159647713
 30
0.0
 40
6.0
100
AcDbArc
 50
32.10896059495686
 51
118.94314842964557
  0
ARC
  5
123
330
17
100
AcDbEntity
  8
cut
 62
5
420
255
100
AcDbCircle
 10
613.2507927418743
 20
837.4915075453048
 30
0.0
 40
102.64500000000001
100
AcDbArc
 50
-147.89103940504336
 51
-144.60896059495673
  0
ARC
  5
124
330
17
100
AcDbEntity
  8
cut
 62
5
420
255
100
AcDbCircle
 10
524.6813917778647
 20
774.5693553421538
 30
0.0
 40
5.9999999999999964
100
AcDbArc
 50
-51.44314842964539
 51
35.39103940504328
  0
LINE
  5
125
330
17
100
AcDbEntity
  8
cut
 62
5
420
255
100
AcDbLine
 10
528.421137002214
 20
769.8774148420028
 30
0.0
 11
525.0711554387059
 21
767.2072877264983
 31
0.0
  0
SPLINE
  5
126
330
17
100
AcDbEntity
  8
cut
 62
5
420
255
100
AcDbSpline
 70
4
 71
5
 72
81
 73
75
 74
0
 42
1e-09
 40
0.0
 40
0.0
 40
0.0
 40
0.0
 40
0.0
 40
0.0
 40
0.014285714285714285
 40
0.02857142857142857
 40
0.04285714285714286
 40
0.05714285714285714
 40
0.07142857142857142
 40
0.08571428571428572
 40
0.1
 40
0.1142857142857143
 40
0.1285714285714286
 40
0.14285714285714288
 40
0.15714285714285717
 40
0.17142857142857146
 40
0.18571428571428575
 40
0.20000000000000004
 40
0.21428571428571433
 40
0.22857142857142862
 40
0.2428571428571429
 40
0.2571428571428572
 40
0.27142857142857146
 40
0.28571428571428575
 40
0.30000000000000004
 40
0.31428571428571433
 40
0.3285714285714286
 40
0.3428571428571429
 40
0.3571428571428572
 40
0.3714285714285715
 40
0.3857142857142858
 40
0.4000000000000001
 40
0.41428571428571437
 40
0.42857142857142866
 40
0.44285714285714295
 40
0.45714285714285724
 40
0.47142857142857153
 40
0.4857142857142858
 40
0.5000000000000001
 40
0.5142857142857143
 40
0.5285714285714286
 40
0.5428571428571428
 40
0.557142857142857
 40
0.5714285714285713
 40
0.5857142857142855
 40
0.5999999999999998
 40
0.614285714285714
 40
0.6285714285714282
 40
0.6428571428571425
 40
0.6571428571428567
 40
0.6714285714285709
 40
0.6857142857142852
 40
0.6999999999999994
 40
0.7142857142857136
 40
0.7285714285714279
 40
0.7428571428571421
 40
0.7571428571428563
 40
0.7714285714285706
 40
0.7857142857142848
 40
0.799999999999999
 40
0.8142857142857133
 40
0.8285714285714275
 40
0.8428571428571418
 40
0.857142857142856
 40
0.8714285714285702
 40
0.8857142857142845
 40
0.8999999999999987
 40
0.9142857142857129
 40
0.9285714285714272
 40
0.9428571428571414
 40
0.9571428571428556
 40
0.9714285714285699
 40
0.9857142857142841
 40
1.0
 40
1.0
 40
1.0
 40
1.0
 40
1.0
 40
1.0
 41
1.0
 41
1.0
 41
1.0
 41
1.0
 41
1.0
 41
1.0
 41
1.0
 41
1.0
 41
1.0
 41
1.0
 41
1.0
 41
1.0
 41
1.0
 41
1.0
 41
1.0
 41
1.0
 41
1.0
 41
1.0
 41
1.0
 41
1.0
 41
1.0
 41
1.0
 41
1.0
 41
1.0
 41
1.0
 41
1.0
 41
1.0
 41
1.0
 41
1.0
 41
1.0
 41
1.0
 41
1.0
 41
1.0
 41
1.0
 41
1.0
 41
1.0
 41
1.0
 41
1.0
 41
1.0
 41
1.0
 41
1.0
 41
1.0
 41
1.0
 41
1.0
 41
1.0
 41
1.0
 41
1.0
 41
1.0
 41
1.0
 41
1.0
 41
1.0
 41
1.0
 41
1.0
 41
1.0
 41
1.0
 41
1.0
 41
1.0
 41
1.0
 41
1.0
 41
1.0
 41
1.0
 41
1.0
 41
1.0
 41
1.0
 41
1.0
 41
1.0
 41
1.0
 41
1.0
 41
1.0
 41
1.0
 41
1.0
 41
1.0
 41
1.0
 41
1.0
 41
1.0
 10
525.0711554387059
 20
767.2072877264983
 30
0.0
 10
525.019730457418
 20
767.1662990719793
 30
0.0
 10
524.91814344406
 20
767.0829223410847
 30
0.0
 10
524.7695517204968
 20
766.9536590342016
 30
0.0
 10
524.5786287910068
 20
766.7733226621641
 30
0.0
 10
524.3497836086096
 20
766.5369783132089
 30
0.0
 10
524.1279687206563
 20
766.2927418853285
 30
0.0
 10
523.9104516866932
 20
766.0436072961095
 30
0.0
 10
523.6952314611283
 20
765.7917897503116
 30
0.0
 10
523.4815783069032
 20
765.5381415562214
 30
0.0
 10
523.2696013469815
 20
765.2826132277485
 30
0.0
 10
523.0599114818011
 20
765.0246119441853
 30
0.0
 10
522.8532653097601
 20
764.7633807319604
 30
0.0
 10
522.6501777113799
 20
764.4984105939376
 30
0.0
 10
522.450672243418
 20
764.2297066798142
 30
0.0
 10
522.254481195587
 20
763.9575777748396
 30
0.0
 10
522.0611714864557
 20
763.6825044535278
 30
0.0
 10
521.870290234962
 20
763.4049862604759
 30
0.0
 10
521.6815239947085
 20
763.1253746652249
 30
0.0
 10
521.4947777021922
 20
762.8437902983796
 30
0.0
 10
521.310085831411
 20
762.5602164703228
 30
0.0
 10
521.1275582268098
 20
762.2745562526551
 30
0.0
 10
520.9473167565388
 20
761.9866991966735
 30
0.0
 10
520.7694247664682
 20
761.6965956311776
 30
0.0
 10
520.5938596554408
 20
761.4042855920854
 30
0.0
 10
520.4205504299861
 20
761.109859393132
 30
0.0
 10
520.2494000798498
 20
760.8134341637415
 30
0.0
 10
520.0803119562748
 20
760.5151261714134
 30
0.0
 10
519.913219491086
 20
760.2150196349086
 30
0.0
 10
519.748095169552
 20
759.9131573343398
 30
0.0
 10
519.5849344687513
 20
759.6095575259391
 30
0.0
 10
519.4237460280501
 20
759.3042243063692
 30
0.0
 10
519.2645402098663
 20
758.997159665457
 30
0.0
 10
519.1073160798464
 20
758.6883772005167
 30
0.0
 10
518.9520579755311
 20
758.3779057426924
 30
0.0
 10
518.7987422016479
 20
758.0657823303529
 30
0.0
 10
518.6473410964556
 20
757.7520479446703
 30
0.0
 10
518.4978277632684
 20
757.4367425448811
 30
0.0
 10
518.3501814568237
 20
757.1198994086576
 30
0.0
 10
518.2043888622729
 20
756.8015438043191
 30
0.0
 10
518.0604412111464
 20
756.4816960520793
 30
0.0
 10
517.9183324702235
 20
756.1603734518202
 30
0.0
 10
517.7780572511238
 20
755.837592501095
 30
0.0
 10
517.6396084128689
 20
755.5133714390685
 30
0.0
 10
517.5029764164253
 20
755.1877309231327
 30
0.0
 10
517.3681505382159
 20
754.8606927273346
 30
0.0
 10
517.2351195900551
 20
754.5322789597064
 30
0.0
 10
517.1038727617507
 20
754.2025111535149
 30
0.0
 10
516.9744005566967
 20
753.8714092390908
 30
0.0
 10
516.8466950738651
 20
753.5389912696676
 30
0.0
 10
516.7207494908281
 20
753.2052740608337
 30
0.0
 10
516.5965577345765
 20
752.8702736152547
 30
0.0
 10
516.4741140925963
 20
752.5340056009536
 30
0.0
 10
516.3534127679808
 20
752.1964859177726
 30
0.0
 10
516.234447693736
 20
751.8577308698593
 30
0.0
 10
516.1172127497691
 20
751.5177567483855
 30
0.0
 10
516.0017018722997
 20
751.1765795518791
 30
0.0
 10
515.8879091884962
 20
750.8342146915168
 30
0.0
 10
515.7758291414117
 20
750.4906766343938
 30
0.0
 10
515.6654565606783
 20
750.1459788373659
 30
0.0
 10
515.5567866161089
 20
749.8001342623971
 30
0.0
 10
515.449814786289
 20
749.4531557926226
 30
0.0
 10
515.3445368098911
 20
749.1050566553042
 30
0.0
 10
515.240948630368
 20
748.7558509478104
 30
0.0
 10
515.1390463369352
 20
748.4055538247103
 30
0.0
 10
515.0388261230586
 20
748.0541805675883
 30
0.0
 10
514.9402842278585
 20
747.7017458434141
 30
0.0
 10
514.8434168799878
 20
747.3482629152461
 30
0.0
 10
514.7482202095487
 20
746.9937428341351
 30
0.0
 10
514.6546902152527
 20
746.6381937772582
 30
0.0
 10
514.562823165706
 20
746.2816214852401
 30
0.0
 10
514.4906573902229
 20
745.9955479663665
 30
0.0
 10
514.4372790187592
 20
745.7805348544155
 30
0.0
 10
514.4020248654462
 20
745.6369893038047
 30
0.0
 10
514.3844806457093
 20
745.5651656595118
 30
0.0
  0
ARC
  5
127
330
17
100
AcDbEntity
  8
cut
 62
5
420
255
100
AcDbCircle
 10
613.2507927418743
 20
837.4915075453048
 30
0.0
 40
135.00000000000003
100
AcDbArc
 50
-137.0831817450523
 51
-132.9168182549477
  0
SPLINE
  5
128
330
17
100
AcDbEntity
  8
cut
 62
5
420
255
100
AcDbSpline
 70
4
 71
5
 72
81
 73
75
 74
0
 42
1e-09
 40
-1.0
 40
-1.0
 40
-1.0
 40
-1.0
 40
-1.0
 40
-1.0
 40
-0.9857142857142841
 40
-0.9714285714285699
 40
-0.9571428571428556
 40
-0.9428571428571414
 40
-0.9285714285714272
 40
-0.9142857142857129
 40
-0.8999999999999987
 40
-0.8857142857142845
 40
-0.8714285714285702
 40
-0.857142857142856
 40
-0.8428571428571418
 40
-0.8285714285714275
 40
-0.8142857142857133
 40
-0.799999999999999
 40
-0.7857142857142848
 40
-0.7714285714285706
 40
-0.7571428571428563
 40
-0.7428571428571421
 40
-0.7285714285714279
 40
-0.7142857142857136
 40
-0.6999999999999994
 40
-0.6857142857142852
 40
-0.6714285714285709
 40
-0.6571428571428567
 40
-0.6428571428571425
 40
-0.6285714285714282
 40
-0.614285714285714
 40
-0.5999999999999998
 40
-0.5857142857142855
 40
-0.5714285714285713
 40
-0.557142857142857
 40
-0.5428571428571428
 40
-0.5285714285714286
 40
-0.5142857142857143
 40
-0.5000000000000001
 40
-0.4857142857142858
 40
-0.47142857142857153
 40
-0.45714285714285724
 40
-0.44285714285714295
 40
-0.42857142857142866
 40
-0.41428571428571437
 40
-0.4000000000000001
 40
-0.3857142857142858
 40
-0.3714285714285715
 40
-0.3571428571428572
 40
-0.3428571428571429
 40
-0.3285714285714286
 40
-0.31428571428571433
 40
-0.30000000000000004
 40
-0.28571428571428575
 40
-0.27142857142857146
 40
-0.2571428571428572
 40
-0.2428571428571429
 40
-0.22857142857142862
 40
-0.21428571428571433
 40
-0.20000000000000004
 40
-0.18571428571428575
 40
-0.17142857142857146
 40
-0.15714285714285717
 40
-0.14285714285714288
 40
-0.1285714285714286
 40
-0.1142857142857143
 40
-0.1
 40
-0.08571428571428572
 40
-0.07142857142857142
 40
-0.05714285714285714
 40
-0.04285714285714286
 40
-0.02857142857142857
 40
-0.014285714285714285
 40
0.0
 40
0.0
 40
0.0
 40
0.0
 40
0.0
 40
0.0
 41
1.0
 41
1.0
 41
1.0
 41
1.0
 41
1.0
 41
1.0
 41
1.0
 41
1.0
 41
1.0
 41
1.0
 41
1.0
 41
1.0
 41
1.0
 41
1.0
 41
1.0
 41
1.0
 41
1.0
 41
1.0
 41
1.0
 41
1.0
 41
1.0
 41
1.0
 41
1.0
 41
1.0
 41
1.0
 41
1.0
 41
1.0
 41
1.0
 41
1.0
 41
1.0
 41
1.0
 41
1.0
 41
1.0
 41
1.0
 41
1.0
 41
1.0
 41
1.0
 41
1.0
 41
1.0
 41
1.0
 41
1.0
 41
1.0
 41
1.0
 41
1.0
 41
1.0
 41
1.0
 41
1.0
 41
1.0
 41
1.0
 41
1.0
 41
1.0
 41
1.0
 41
1.0
 41
1.0
 41
1.0
 41
1.0
 41
1.0
 41
1.0
 41
1.0
 41
1.0
 41
1.0
 41
1.0
 41
1.0
 41
1.0
 41
1.0
 41
1.0
 41
1.0
 41
1.0
 41
1.0
 41
1.0
 41
1.0
 41
1.0
 41
1.0
 41
1.0
 41
1.0
 10
521.3244508560813
 20
738.6251954491398
 30
0.0
 10
521.3962745003743
 20
738.6427396688767
 30
0.0
 10
521.539820050985
 20
738.6779938221898
 30
0.0
 10
521.754833162936
 20
738.7313721936534
 30
0.0
 10
522.0409066818096
 20
738.8035379691365
 30
0.0
 10
522.3974789738277
 20
738.8954050186832
 30
0.0
 10
522.7530280307046
 20
738.9889350129793
 30
0.0
 10
523.1075481118156
 20
739.0841316834184
 30
0.0
 10
523.4610310399836
 20
739.1809990312889
 30
0.0
 10
523.8134657641579
 20
739.2795409264891
 30
0.0
 10
524.1648390212798
 20
739.3797611403656
 30
0.0
 10
524.5151361443798
 20
739.4816634337985
 30
0.0
 10
524.8643418518737
 20
739.5852516133216
 30
0.0
 10
525.2124409891921
 20
739.6905295897195
 30
0.0
 10
525.5594194589667
 20
739.7975014195393
 30
0.0
 10
525.9052640339354
 20
739.9061713641088
 30
0.0
 10
526.2499618309633
 20
740.0165439448422
 30
0.0
 10
526.5934998880862
 20
740.1286239919268
 30
0.0
 10
526.9358647484485
 20
740.2424166757302
 30
0.0
 10
527.277041944955
 20
740.3579275531996
 30
0.0
 10
527.6170160664287
 20
740.4751624971665
 30
0.0
 10
527.955771114342
 20
740.5941275714113
 30
0.0
 10
528.2932907975231
 20
740.7148288960269
 30
0.0
 10
528.6295588118243
 20
740.837272538007
 30
0.0
 10
528.9645592574033
 20
740.9614642942586
 30
0.0
 10
529.2982764662371
 20
741.0874098772956
 30
0.0
 10
529.6306944356603
 20
741.2151153601271
 30
0.0
 10
529.9617963500843
 20
741.3445875651812
 30
0.0
 10
530.2915641562759
 20
741.4758343934857
 30
0.0
 10
530.6199779239041
 20
741.6088653416464
 30
0.0
 10
530.9470161197021
 20
741.7436912198558
 30
0.0
 10
531.272656635638
 20
741.8803232162994
 30
0.0
 10
531.5968776976645
 20
742.0187720545542
 30
0.0
 10
531.9196586483897
 20
742.159047273654
 30
0.0
 10
532.2409812486487
 20
742.3011560145769
 30
0.0
 10
532.5608290008886
 20
742.4451036657035
 30
0.0
 10
532.879184605227
 20
742.5908962602542
 30
0.0
 10
533.1960277414506
 20
742.7385425666989
 30
0.0
 10
533.5113331412397
 20
742.8880558998861
 30
0.0
 10
533.8250675269225
 20
743.0394570050784
 30
0.0
 10
534.1371909392619
 20
743.1927727789616
 30
0.0
 10
534.4476623970862
 20
743.3480308832769
 30
0.0
 10
534.7564448620266
 20
743.5052550132968
 30
0.0
 10
535.0635095029387
 20
743.6644608314806
 30
0.0
 10
535.3688427225086
 20
743.8256492721819
 30
0.0
 10
535.6724425309093
 20
743.9888099729826
 30
0.0
 10
535.974304831478
 20
744.1539342945166
 30
0.0
 10
536.2744113679828
 20
744.3210267597053
 30
0.0
 10
536.572719360311
 20
744.4901148832803
 30
0.0
 10
536.8691445897014
 20
744.6612652334167
 30
0.0
 10
537.163570788655
 20
744.8345744588713
 30
0.0
 10
537.4558808277471
 20
745.0101395698987
 30
0.0
 10
537.745984393243
 20
745.1880315599693
 30
0.0
 10
538.0338414492246
 20
745.3682730302403
 30
0.0
 10
538.3195016668922
 20
745.5508006348416
 30
0.0
 10
538.6030754949492
 20
745.7354925056227
 30
0.0
 10
538.8846598617944
 20
745.922238798139
 30
0.0
 10
539.1642714570453
 20
746.1110050383925
 30
0.0
 10
539.4417896500973
 20
746.3018862898862
 30
0.0
 10
539.7168629714091
 20
746.4951959990175
 30
0.0
 10
539.9889918763836
 20
746.6913870468485
 30
0.0
 10
540.2576957905071
 20
746.8908925148104
 30
0.0
 10
540.5226659285299
 20
747.0939801131906
 30
0.0
 10
540.7838971407548
 20
747.3006262852316
 30
0.0
 10
541.041898424318
 20
747.5103161504121
 30
0.0
 10
541.2974267527909
 20
747.7222931103337
 30
0.0
 10
541.5510749468812
 20
747.9359462645588
 30
0.0
 10
541.8028924926789
 20
748.1511664901237
 30
0.0
 10
542.052027081898
 20
748.3686835240869
 30
0.0
 10
542.2962635097783
 20
748.5904984120401
 30
0.0
 10
542.5326078587336
 20
748.8193435944373
 30
0.0
 10
542.712944230771
 20
749.0102665239272
 30
0.0
 10
542.8422075376542
 20
749.1588582474905
 30
0.0
 10
542.9255842685488
 20
749.2604452608484
 30
0.0
 10
542.9665729230678
 20
749.3118702421364
 30
0.0
  0
LINE
  5
129
330
17
100
AcDbEntity
  8
cut
 62
5
420
255
100
AcDbLine
 10
542.9665729230677
 20
749.3118702421364
 30
0.0
 11
545.6367000385724
 21
752.6618518056445
 31
0.0
  0
ARC
  5
12A
330
17
100
AcDbEntity
  8
cut
 62
5
420
255
100
AcDbCircle
 10
550.3286405387233
 20
748.9221065812952
 30
0.0
 40
6.0000000000000036
100
AcDbArc
 50
54.60896059495668
 51
141.4431484296455
  0
ARC
  5
12B
330
17
100
AcDbEntity
  8
cut
 62
5
420
255
100
AcDbCircle
 10
613.2507927418743
 20
837.4915075453048
 30
0.0
 40
102.64499999999998
100
AcDbArc
 50
-125.3910394050433
 51
-122.10896059495677
  0
ARC
  5
12C
330
17
100
AcDbEntity
  8
cut
 62
5
420
255
100
AcDbCircle
 10
555.5026011613409
 20
745.4649766198265
 30
0.0
 40
6.0000000000000036
100
AcDbArc
 50
-28.943148429645724
 51
57.891039405043486
  0
LINE
  5
12D
330
17
100
AcDbEntity
  8
cut
 62
5
420
255
100
AcDbLine
 10
560.7532031259744
 20
742.5613273626012
 30
0.0
 11
558.6800371345716
 21
738.8124691283001
 31
0.0
  0
SPLINE
  5
12E
330
17
100
AcDbEntity
  8
cut
 62
5
420
255
100
AcDbSpline
 70
4
 71
5
 72
81
 73
75
 74
0
 42
1e-09
 40
0.0
 40
0.0
 40
0.0
 40
0.0
 40
0.0
 40
0.0
 40
0.014285714285714285
 40
0.02857142857142857
 40
0.04285714285714286
 40
0.05714285714285714
 40
0.07142857142857142
 40
0.08571428571428572
 40
0.1
 40
0.1142857142857143
 40
0.1285714285714286
 40
0.14285714285714288
 40
0.15714285714285717
 40
0.17142857142857146
 40
0.18571428571428575
 40
0.20000000000000004
 40
0.21428571428571433
 40
0.22857142857142862
 40
0.2428571428571429
 40
0.2571428571428572
 40
0.27142857142857146
 40
0.28571428571428575
 40
0.30000000000000004
 40
0.31428571428571433
 40
0.3285714285714286
 40
0.3428571428571429
 40
0.3571428571428572
 40
0.3714285714285715
 40
0.3857142857142858
 40
0.4000000000000001
 40
0.41428571428571437
 40
0.42857142857142866
 40
0.44285714285714295
 40
0.45714285714285724
 40
0.47142857142857153
 40
0.4857142857142858
 40
0.5000000000000001
 40
0.5142857142857143
 40
0.5285714285714286
 40
0.5428571428571428
 40
0.557142857142857
 40
0.5714285714285713
 40
0.5857142857142855
 40
0.5999999999999998
 40
0.614285714285714
 40
0.6285714285714282
 40
0.6428571428571425
 40
0.6571428571428567
 40
0.6714285714285709
 40
0.6857142857142852
 40
0.6999999999999994
 40
0.7142857142857136
 40
0.7285714285714279
 40
0.7428571428571421
 40
0.7571428571428563
 40
0.7714285714285706
 40
0.7857142857142848
 40
0.799999999999999
 40
0.8142857142857133
 40
0.8285714285714275
 40
0.8428571428571418
 40
0.857142857142856
 40
0.8714285714285702
 40
0.8857142857142845
 40
0.8999999999999987
 40
0.9142857142857129
 40
0.9285714285714272
 40
0.9428571428571414
 40
0.9571428571428556
 40
0.9714285714285699
 40
0.9857142857142841
 40
1.0
 40
1.0
 40
1.0
 40
1.0
 40
1.0
 40
1.0
 41
1.0
 41
1.0
 41
1.0
 41
1.0
 41
1.0
 41
1.0
 41
1.0
 41
1.0
 41
1.0
 41
1.0
 41
1.0
 41
1.0
 41
1.0
 41
1.0
 41
1.0
 41
1.0
 41
1.0
 41
1.0
 41
1.0
 41
1.0
 41
1.0
 41
1.0
 41
1.0
 41
1.0
 41
1.0
 41
1.0
 41
1.0
 41
1.0
 41
1.0
 41
1.0
 41
1.0
 41
1.0
 41
1.0
 41
1.0
 41
1.0
 41
1.0
 41
1.0
 41
1.0
 41
1.0
 41
1.0
 41
1.0
 41
1.0
 41
1.0
 41
1.0
 41
1.0
 41
1.0
 41
1.0
 41
1.0
 41
1.0
 41
1.0
 41
1.0
 41
1.0
 41
1.0
 41
1.0
 41
1.0
 41
1.0
 41
1.0
 41
1.0
 41
1.0
 41
1.0
 41
1.0
 41
1.0
 41
1.0
 41
1.0
 41
1.0
 41
1.0
 41
1.0
 41
1.0
 41
1.0
 41
1.0
 41
1.0
 41
1.0
 41
1.0
 41
1.0
 41
1.0
 10
558.6800371345716
 20
738.8124691283001
 30
0.0
 10
558.6482123258992
 20
738.7549210609764
 30
0.0
 10
558.586265057047
 20
738.6390153388595
 30
0.0
 10
558.4984511309032
 20
738.4627280245312
 30
0.0
 10
558.3910730858919
 20
738.223055899464
 30
0.0
 10
558.2700927724396
 20
737.9171269329597
 30
0.0
 10
558.1586277719832
 20
737.6065970134757
 30
0.0
 10
558.0530079160553
 20
737.2931865005007
 30
0.0
 10
557.950536757429
 20
736.9781762093774
 30
0.0
 10
557.8502139427117
 20
736.6620743120044
 30
0.0
 10
557.7521592258826
 20
736.3448768487464
 30
0.0
 10
557.6571638680159
 20
736.0262699061612
 30
0.0
 10
557.5662165561305
 20
735.7058436695318
 30
0.0
 10
557.479987762573
 20
735.3833249230669
 30
0.0
 10
557.3984972802456
 20
735.0587274392474
 30
0.0
 10
557.3213796100939
 20
734.7322340501534
 30
0.0
 10
557.2480507291435
 20
734.4041230156537
 30
0.0
 10
557.1779010624093
 20
734.0746825446977
 30
0.0
 10
557.1105065216096
 20
733.7441174020576
 30
0.0
 10
557.0457331161862
 20
733.4125026566526
 30
0.0
 10
556.9836190828
 20
733.0798360819144
 30
0.0
 10
556.9243029973778
 20
732.7460701633285
 30
0.0
 10
556.8679397182982
 20
732.4111494965202
 30
0.0
 10
556.8146067778597
 20
732.0750524326995
 30
0.0
 10
556.7642679742329
 20
731.7378073111433
 30
0.0
 10
556.7168231564336
 20
731.3994704028374
 30
0.0
 10
556.6721378751834
 20
731.060112797043
 30
0.0
 10
556.6300783450278
 20
730.7198049250446
 30
0.0
 10
556.5905508358678
 20
730.3785991202942
 30
0.0
 10
556.5535135561661
 20
730.0365243770304
 30
0.0
 10
556.5189553409302
 20
729.693595830965
 30
0.0
 10
556.486882604169
 20
729.3498205730637
 30
0.0
 10
556.4573041580345
 20
729.0052044072119
 30
0.0
 10
556.4302139358298
 20
728.6597595381285
 30
0.0
 10
556.4055864341279
 20
728.3135066085538
 30
0.0
 10
556.3833855873817
 20
727.9664707696904
 30
0.0
 10
556.363570156659
 20
727.6186792975143
 30
0.0
 10
556.3461000009244
 20
727.2701588166304
 30
0.0
 10
556.3309432192406
 20
726.9209321327305
 30
0.0
 10
556.3180778405243
 20
726.5710174953258
 30
0.0
 10
556.3074879875568
 20
726.2204303222977
 30
0.0
 10
556.2991614659907
 20
725.8691842878396
 30
0.0
 10
556.2930869842716
 20
725.5172925716593
 30
0.0
 10
556.2892509651693
 20
725.1647692918135
 30
0.0
 10
556.2876366905244
 20
724.811629882814
 30
0.0
 10
556.2882259204763
 20
724.457890357522
 30
0.0
 10
556.290999858112
 20
724.1035668595624
 30
0.0
 10
556.2959402756912
 20
723.7486751461984
 30
0.0
 10
556.3030307724872
 20
723.3932299964607
 30
0.0
 10
556.3122571402284
 20
723.0372450657699
 30
0.0
 10
556.3236066407661
 20
722.6807332788736
 30
0.0
 10
556.3370675394167
 20
722.3237070962673
 30
0.0
 10
556.3526285626124
 20
721.9661788072319
 30
0.0
 10
556.3702782701035
 20
721.6081608829264
 30
0.0
 10
556.3900048173916
 20
721.2496660646809
 30
0.0
 10
556.4117963158864
 20
720.8907070615173
 30
0.0
 10
556.4356410410137
 20
720.53129633364
 30
0.0
 10
556.4615276693829
 20
720.1714458716842
 30
0.0
 10
556.4894455307264
 20
719.8111669149516
 30
0.0
 10
556.5193846985317
 20
719.4504699173418
 30
0.0
 10
556.5513357499588
 20
719.0893650057153
 30
0.0
 10
556.585289577603
 20
718.7278623522668
 30
0.0
 10
556.6212371826571
 20
718.365972546653
 30
0.0
 10
556.6591694225309
 20
718.0037070607709
 30
0.0
 10
556.6990768847278
 20
717.6410783990245
 30
0.0
 10
556.74095020446
 20
717.278099223059
 30
0.0
 10
556.7847802943214
 20
716.9147816441613
 30
0.0
 10
556.8305585944889
 20
716.5511364725675
 30
0.0
 10
556.8782773005889
 20
716.1871724371714
 30
0.0
 10
556.9279295866427
 20
715.8228955614728
 30
0.0
 10
556.9795098084501
 20
715.4583097211748
 30
0.0
 10
557.0223129216447
 20
715.1663956056329
 30
0.0
 10
557.0552796924557
 20
714.947322373874
 30
0.0
 10
557.0776416057821
 20
714.8012123972868
 30
0.0
 10
557.0889185789763
 20
714.728142120147
 30
0.0
  0
ARC
  5
12F
330
17
100
AcDbEntity
  8
cut
 62
5
420
255
100
AcDbCircle
 10
613.2507927418743
 20
837.4915075453048
 30
0.0
 40
135.0
100
AcDbArc
 50
-114.58318174505236
 51
-110.41681825494771
  0
SPLINE
  5
130
330
17
100
AcDbEntity
  8
cut
 62
5
420
255
100
AcDbSpline
 70
4
 71
5
 72
81
 73
75
 74
0
 42
1e-09
 40
-1.0
 40
-1.0
 40
-1.0
 40
-1.0
 40
-1.0
 40
-1.0
 40
-0.9857142857142841
 40
-0.9714285714285699
 40
-0.9571428571428556
 40
-0.9428571428571414
 40
-0.9285714285714272
 40
-0.9142857142857129
 40
-0.8999999999999987
 40
-0.8857142857142845
 40
-0.8714285714285702
 40
-0.857142857142856
 40
-0.8428571428571418
 40
-0.8285714285714275
 40
-0.8142857142857133
 40
-0.799999999999999
 40
-0.7857142857142848
 40
-0.7714285714285706
 40
-0.7571428571428563
 40
-0.7428571428571421
 40
-0.7285714285714279
 40
-0.7142857142857136
 40
-0.6999999999999994
 40
-0.6857142857142852
 40
-0.6714285714285709
 40
-0.6571428571428567
 40
-0.6428571428571425
 40
-0.6285714285714282
 40
-0.614285714285714
 40
-0.5999999999999998
 40
-0.5857142857142855
 40
-0.5714285714285713
 40
-0.557142857142857
 40
-0.5428571428571428
 40
-0.5285714285714286
 40
-0.5142857142857143
 40
-0.5000000000000001
 40
-0.4857142857142858
 40
-0.47142857142857153
 40
-0.45714285714285724
 40
-0.44285714285714295
 40
-0.42857142857142866
 40
-0.41428571428571437
 40
-0.4000000000000001
 40
-0.3857142857142858
 40
-0.3714285714285715
 40
-0.3571428571428572
 40
-0.3428571428571429
 40
-0.3285714285714286
 40
-0.31428571428571433
 40
-0.30000000000000004
 40
-0.28571428571428575
 40
-0.27142857142857146
 40
-0.2571428571428572
 40
-0.2428571428571429
 40
-0.22857142857142862
 40
-0.21428571428571433
 40
-0.20000000000000004
 40
-0.18571428571428575
 40
-0.17142857142857146
 40
-0.15714285714285717
 40
-0.14285714285714288
 40
-0.1285714285714286
 40
-0.1142857142857143
 40
-0.1
 40
-0.08571428571428572
 40
-0.07142857142857142
 40
-0.05714285714285714
 40
-0.04285714285714286
 40
-0.02857142857142857
 40
-0.014285714285714285
 40
0.0
 40
0.0
 40
0.0
 40
0.0
 40
0.0
 40
0.0
 41
1.0
 41
1.0
 41
1.0
 41
1.0
 41
1.0
 41
1.0
 41
1.0
 41
1.0
 41
1.0
 41
1.0
 41
1.0
 41
1.0
 41
1.0
 41
1.0
 41
1.0
 41
1.0
 41
1.0
 41
1.0
 41
1.0
 41
1.0
 41
1.0
 41
1.0
 41
1.0
 41
1.0
 41
1.0
 41
1.0
 41
1.0
 41
1.0
 41
1.0
 41
1.0
 41
1.0
 41
1.0
 41
1.0
 41
1.0
 41
1.0
 41
1.0
 41
1.0
 41
1.0
 41
1.0
 41
1.0
 41
1.0
 41
1.0
 41
1.0
 41
1.0
 41
1.0
 41
1.0
 41
1.0
 41
1.0
 41
1.0
 41
1.0
 41
1.0
 41
1.0
 41
1.0
 41
1.0
 41
1.0
 41
1.0
 41
1.0
 41
1.0
 41
1.0
 41
1.0
 41
1.0
 41
1.0
 41
1.0
 41
1.0
 41
1.0
 41
1.0
 41
1.0
 41
1.0
 41
1.0
 41
1.0
 41
1.0
 41
1.0
 41
1.0
 41
1.0
 41
1.0
 10
566.1564266331937
 20
710.972257307163
 30
0.0
 10
566.2160691458793
 20
711.0159517714147
 30
0.0
 10
566.3351967616766
 20
711.1034548661052
 30
0.0
 10
566.513415956624
 20
711.2350520066641
 30
0.0
 10
566.7500967788435
 20
711.4112000856921
 30
0.0
 10
567.044370623458
 20
711.6325284810762
 30
0.0
 10
567.3370627406639
 20
711.8550016619421
 30
0.0
 10
567.6281663988732
 20
712.0786208788059
 30
0.0
 10
567.9176725121325
 20
712.303386699106
 30
0.0
 10
568.2055693896565
 20
712.5292984691079
 30
0.0
 10
568.4918433347447
 20
712.7563545975291
 30
0.0
 10
568.7764793576575
 20
712.9845529461633
 30
0.0
 10
569.059461883355
 20
713.2138911837799
 30
0.0
 10
569.3407754142479
 20
713.4443671240705
 30
0.0
 10
569.6204053736927
 20
713.6759791199664
 30
0.0
 10
569.8983379105538
 20
713.9087260465672
 30
0.0
 10
570.1745593920955
 20
714.1426071509525
 30
0.0
 10
570.4490559945921
 20
714.3776219353048
 30
0.0
 10
570.7218133069159
 20
714.6137700267047
 30
0.0
 10
570.9928158366624
 20
714.851051022785
 30
0.0
 10
571.2620470983252
 20
715.089464451732
 30
0.0
 10
571.5294899906836
 20
715.3290097933769
 30
0.0
 10
571.7951271205993
 20
715.5696864675868
 30
0.0
 10
572.0589411032661
 20
715.8114938402058
 30
0.0
 10
572.3209150307649
 20
716.0544311822712
 30
0.0
 10
572.5810322416454
 20
716.2984977755652
 30
0.0
 10
572.8392756273327
 20
716.5436931068614
 30
0.0
 10
573.0956270414184
 20
716.7900170442144
 30
0.0
 10
573.3500667812973
 20
717.0374699785488
 30
0.0
 10
573.6025727995511
 20
717.286053056577
 30
0.0
 10
573.8531210651535
 20
717.53576802519
 30
0.0
 10
574.101686871413
 20
717.7866167605458
 30
0.0
 10
574.3482459979981
 20
718.0386008373708
 30
0.0
 10
574.5927757095368
 20
718.2917211633412
 30
0.0
 10
574.835256422504
 20
718.5459773560345
 30
0.0
 10
575.075670833104
 20
718.8013680803247
 30
0.0
 10
575.3140006495165
 20
719.0578922898029
 30
0.0
 10
575.5502237427639
 20
719.3155503092694
 30
0.0
 10
575.784311672591
 20
719.574344770273
 30
0.0
 10
576.0162257555694
 20
719.8342821041238
 30
0.0
 10
576.245918781262
 20
720.0953718683812
 30
0.0
 10
576.473342302313
 20
720.3576239363463
 30
0.0
 10
576.6984530319431
 20
720.621046025626
 30
0.0
 10
576.9212183398847
 20
720.8856415732449
 30
0.0
 10
577.141625306296
 20
721.1514062389663
 30
0.0
 10
577.3596760583422
 20
721.4183296876904
 30
0.0
 10
577.5753701173428
 20
721.6864023699588
 30
0.0
 10
577.7886888858917
 20
721.9556214780484
 30
0.0
 10
577.9995823108864
 20
722.2259960610161
 30
0.0
 10
578.2079471097995
 20
722.4975553907119
 30
0.0
 10
578.4136388795903
 20
722.7703442652987
 30
0.0
 10
578.6165122825636
 20
723.0444074870745
 30
0.0
 10
578.8164567116833
 20
723.3197760838838
 30
0.0
 10
579.0134265294957
 20
723.5964556153904
 30
0.0
 10
579.2074918676215
 20
723.8744065659871
 30
0.0
 10
579.3988014042786
 20
724.1535586110728
 30
0.0
 10
579.5874867252805
 20
724.4338473605056
 30
0.0
 10
579.7735764424508
 20
724.7152473513047
 30
0.0
 10
579.9569227284154
 20
724.9978002473606
 30
0.0
 10
580.1370809169154
 20
725.2816611338144
 30
0.0
 10
580.3134161788428
 20
725.5670572507688
 30
0.0
 10
580.4853187881519
 20
725.8542048053896
 30
0.0
 10
580.6524010161788
 20
726.1432329627328
 30
0.0
 10
580.8146671200047
 20
726.4341179884884
 30
0.0
 10
580.972784387911
 20
726.7265789798522
 30
0.0
 10
581.1277417099589
 20
727.0202066122943
 30
0.0
 10
581.2803205625429
 20
727.314663350067
 30
0.0
 10
581.430608424399
 20
727.6098673142046
 30
0.0
 10
581.5775386070643
 20
727.906166529579
 30
0.0
 10
581.718298761205
 20
728.2045619990951
 30
0.0
 10
581.8490772079494
 20
728.5064324459039
 30
0.0
 10
581.9426232490678
 20
728.7518339745783
 30
0.0
 10
582.0051833818076
 20
728.9385817526359
 30
0.0
 10
582.0433377700133
 20
729.0643428086044
 30
0.0
 10
582.0615268606399
 20
729.1275389752755
 30
0.0
  0
LINE
  5
131
330
17
100
AcDbEntity
  8
cut
 62
5
420
255
100
AcDbLine
 10
582.0615268606399
 20
729.1275389752755
 30
0.0
 11
583.246420208775
 21
733.244331785503
 31
0.0
  0
ARC
  5
132
330
17
100
AcDbEntity
  8
cut
 62
5
420
255
100
AcDbCircle
 10
589.0123465432501
 20
731.5847856109705
 30
0.0
 40
5.999999999999998
100
AcDbArc
 50
77.10896059495663
 51
163.9431484296454
  0
ARC
  5
133
330
17
100
AcDbEntity
  8
cut
 62
5
420
255
100
AcDbCircle
 10
613.2507927418743
 20
837.4915075453048
 30
0.0
 40
102.64500000000001
100
AcDbArc
 50
-102.89103940504329
 51
-99.60896059495678
  0
ARC
  5
134
330
17
100
AcDbEntity
  8
cut
 62
5
420
255
100
AcDbCircle
 10
595.1154492242929
 20
730.3708030083232
 30
0.0
 40
6.0
100
AcDbArc
 50
-6.443148429645646
 51
80.39103940504361
  0
LINE
  5
135
330
17
100
AcDbEntity
  8
cut
 62
5
420
255
100
AcDbLine
 10
601.0775513769208
 20
729.69749927179
 30
0.0
 11
600.5968216865177
 21
725.4406396013801
 31
0.0
  0
SPLINE
  5
136
330
17
100
AcDbEntity
  8
cut
 62
5
420
255
100
AcDbSpline
 70
4
 71
5
 72
81
 73
75
 74
0
 42
1e-09
 40
0.0
 40
0.0
 40
0.0
 40
0.0
 40
0.0
 40
0.0
 40
0.014285714285714285
 40
0.02857142857142857
 40
0.04285714285714286
 40
0.05714285714285714
 40
0.07142857142857142
 40
0.08571428571428572
 40
0.1
 40
0.1142857142857143
 40
0.1285714285714286
 40
0.14285714285714288
 40
0.15714285714285717
 40
0.17142857142857146
 40
0.18571428571428575
 40
0.20000000000000004
 40
0.21428571428571433
 40
0.22857142857142862
 40
0.2428571428571429
 40
0.2571428571428572
 40
0.27142857142857146
 40
0.28571428571428575
 40
0.30000000000000004
 40
0.31428571428571433
 40
0.3285714285714286
 40
0.3428571428571429
 40
0.3571428571428572
 40
0.3714285714285715
 40
0.3857142857142858
 40
0.4000000000000001
 40
0.41428571428571437
 40
0.42857142857142866
 40
0.44285714285714295
 40
0.45714285714285724
 40
0.47142857142857153
 40
0.4857142857142858
 40
0.5000000000000001
 40
0.5142857142857143
 40
0.5285714285714286
 40
0.5428571428571428
 40
0.557142857142857
 40
0.5714285714285713
 40
0.5857142857142855
 40
0.5999999999999998
 40
0.614285714285714
 40
0.6285714285714282
 40
0.6428571428571425
 40
0.6571428571428567
 40
0.6714285714285709
 40
0.6857142857142852
 40
0.6999999999999994
 40
0.7142857142857136
 40
0.7285714285714279
 40
0.7428571428571421
 40
0.7571428571428563
 40
0.7714285714285706
 40
0.7857142857142848
 40
0.799999999999999
 40
0.8142857142857133
 40
0.8285714285714275
 40
0.8428571428571418
 40
0.857142857142856
 40
0.8714285714285702
 40
0.8857142857142845
 40
0.8999999999999987
 40
0.9142857142857129
 40
0.9285714285714272
 40
0.9428571428571414
 40
0.9571428571428556
 40
0.9714285714285699
 40
0.9857142857142841
 40
1.0
 40
1.0
 40
1.0
 40
1.0
 40
1.0
 40
1.0
 41
1.0
 41
1.0
 41
1.0
 41
1.0
 41
1.0
 41
1.0
 41
1.0
 41
1.0
 41
1.0
 41
1.0
 41
1.0
 41
1.0
 41
1.0
 41
1.0
 41
1.0
 41
1.0
 41
1.0
 41
1.0
 41
1.0
 41
1.0
 41
1.0
 41
1.0
 41
1.0
 41
1.0
 41
1.0
 41
1.0
 41
1.0
 41
1.0
 41
1.0
 41
1.0
 41
1.0
 41
1.0
 41
1.0
 41
1.0
 41
1.0
 41
1.0
 41
1.0
 41
1.0
 41
1.0
 41
1.0
 41
1.0
 41
1.0
 41
1.0
 41
1.0
 41
1.0
 41
1.0
 41
1.0
 41
1.0
 41
1.0
 41
1.0
 41
1.0
 41
1.0
 41
1.0
 41
1.0
 41
1.0
 41
1.0
 41
1.0
 41
1.0
 41
1.0
 41
1.0
 41
1.0
 41
1.0
 41
1.0
 41
1.0
 41
1.0
 41
1.0
 41
1.0
 41
1.0
 41
1.0
 41
1.0
 41
1.0
 41
1.0
 41
1.0
 41
1.0
 41
1.0
 10
600.5968216865177
 20
725.4406396013801
 30
0.0
 10
600.5894420890886
 20
725.3752932928269
 30
0.0
 10
600.5765654748716
 20
725.2445041749922
 30
0.0
 10
600.5628982203674
 20
725.0480309987769
 30
0.0
 10
600.5554123938033
 20
724.7855110290883
 30
0.0
 10
600.5607151053298
 20
724.4565723569319
 30
0.0
 10
600.5765695282569
 20
724.1270243111252
 30
0.0
 10
600.598926515983
 20
723.7970517839213
 30
0.0
 10
600.6248047292927
 20
723.4668062087204
 30
0.0
 10
600.6530854931952
 20
723.136374256469
 30
0.0
 10
600.6838809612278
 20
722.8057980968047
 30
0.0
 10
600.7180422927751
 20
722.4750905140271
 30
0.0
 10
600.7566397448404
 20
722.1442512428489
 30
0.0
 10
600.8003973082588
 20
721.8132844434515
 30
0.0
 10
600.8493279987871
 20
721.4822104143637
 30
0.0
 10
600.903024172522
 20
721.1510581999701
 30
0.0
 10
600.9608397771492
 20
720.8198613829511
 30
0.0
 10
601.0221013460264
 20
720.4886529594088
 30
0.0
 10
601.0863387125844
 20
720.1574598157661
 30
0.0
 10
601.1533993580571
 20
719.826300030694
 30
0.0
 10
601.2233194605838
 20
719.4951861796485
 30
0.0
 10
601.2962452306444
 20
719.1641273956533
 30
0.0
 10
601.3723409410618
 20
718.8331317534767
 30
0.0
 10
601.4516865069726
 20
718.5022089225704
 30
0.0
 10
601.5342376372763
 20
718.1713712311722
 30
0.0
 10
601.6198802705542
 20
717.8406323407719
 30
0.0
 10
601.7084629871871
 20
717.5100064777713
 30
0.0
 10
601.7998352326465
 20
717.1795075147161
 30
0.0
 10
601.8938903844673
 20
716.8491479324549
 30
0.0
 10
601.9905787366885
 20
716.5189385252427
 30
0.0
 10
602.0898841820162
 20
716.1888890039961
 30
0.0
 10
602.1918099326268
 20
715.8590083744481
 30
0.0
 10
602.2963619088364
 20
715.5293053709544
 30
0.0
 10
602.4035298352039
 20
715.1997889475804
 30
0.0
 10
602.5132822500009
 20
714.8704684159925
 30
0.0
 10
602.6255762080575
 20
714.5413532111844
 30
0.0
 10
602.7403631715046
 20
714.2124527514161
 30
0.0
 10
602.8575958660657
 20
713.883776273306
 30
0.0
 10
602.9772360917576
 20
713.5553326386058
 30
0.0
 10
603.0992565661604
 20
713.2271302996957
 30
0.0
 10
603.2236367204691
 20
712.8991774248922
 30
0.0
 10
603.3503600556883
 20
712.571481980928
 30
0.0
 10
603.479411096126
 20
712.2440518231745
 30
0.0
 10
603.6107718953111
 20
711.9168947992346
 30
0.0
 10
603.744421101146
 20
711.590018770975
 30
0.0
 10
603.8803357343405
 20
711.2634315522579
 30
0.0
 10
604.0184922509134
 20
710.9371408645808
 30
0.0
 10
604.1588677805851
 20
710.6111542903025
 30
0.0
 10
604.3014415153692
 20
710.2854792071805
 30
0.0
 10
604.4461951028319
 20
709.9601227939082
 30
0.0
 10
604.5931118283709
 20
709.6350921167171
 30
0.0
 10
604.7421760821275
 20
709.3103941969348
 30
0.0
 10
604.8933727457785
 20
708.9860360741691
 30
0.0
 10
605.0466864774058
 20
708.6620248922738
 30
0.0
 10
605.2021014582236
 20
708.3383678900103
 30
0.0
 10
605.3596018410747
 20
708.0150722594174
 30
0.0
 10
605.5191720255513
 20
707.6921450254218
 30
0.0
 10
605.6807969615866
 20
707.369592932653
 30
0.0
 10
605.8444624900446
 20
707.0474222815365
 30
0.0
 10
606.0101554394895
 20
706.7256389315042
 30
0.0
 10
606.1778632289703
 20
706.4042486325911
 30
0.0
 10
606.347573551612
 20
706.0832572974264
 30
0.0
 10
606.5192740411145
 20
705.7626712658827
 30
0.0
 10
606.692951860721
 20
705.4424976378932
 30
0.0
 10
606.8685935291902
 20
705.1227443640142
 30
0.0
 10
607.0461855491847
 20
704.8034195583316
 30
0.0
 10
607.225714890247
 20
704.4845309326154
 30
0.0
 10
607.4071695072333
 20
704.1660851985191
 30
0.0
 10
607.5905388494398
 20
703.848087433885
 30
0.0
 10
607.7758143053909
 20
703.5305405915117
 30
0.0
 10
607.9629891773582
 20
703.2134460921404
 30
0.0
 10
608.1142447932577
 20
702.9601326578133
 30
0.0
 10
608.2285378143317
 20
702.7703512198781
 30
0.0
 10
608.3051113957051
 20
702.6439207367595
 30
0.0
 10
608.3434927448876
 20
702.5807281140837
 30
0.0
  0
ARC
  5
137
330
17
100
AcDbEntity
  8
cut
 62
5
420
255
100
AcDbCircle
 10
613.2507927418743
 20
837.4915075453048
 30
0.0
 40
135.0
100
AcDbArc
 50
-92.08318174505233
 51
-87.91681825494764
  0
SPLINE
  5
138
330
17
100
AcDbEntity
  8
cut
 62
5
420
255
100
AcDbSpline
 70
4
 71
5
 72
81
 73
75
 74
0
 42
1e-09
 40
-1.0
 40
-1.0
 40
-1.0
 40
-1.0
 40
-1.0
 40
-1.0
 40
-0.9857142857142841
 40
-0.9714285714285699
 40
-0.9571428571428556
 40
-0.9428571428571414
 40
-0.9285714285714272
 40
-0.9142857142857129
 40
-0.8999999999999987
 40
-0.8857142857142845
 40
-0.8714285714285702
 40
-0.857142857142856
 40
-0.8428571428571418
 40
-0.8285714285714275
 40
-0.8142857142857133
 40
-0.799999999999999
 40
-0.7857142857142848
 40
-0.7714285714285706
 40
-0.7571428571428563
 40
-0.7428571428571421
 40
-0.7285714285714279
 40
-0.7142857142857136
 40
-0.6999999999999994
 40
-0.6857142857142852
 40
-0.6714285714285709
 40
-0.6571428571428567
 40
-0.6428571428571425
 40
-0.6285714285714282
 40
-0.614285714285714
 40
-0.5999999999999998
 40
-0.5857142857142855
 40
-0.5714285714285713
 40
-0.557142857142857
 40
-0.5428571428571428
 40
-0.5285714285714286
 40
-0.5142857142857143
 40
-0.5000000000000001
 40
-0.4857142857142858
 40
-0.47142857142857153
 40
-0.45714285714285724
 40
-0.44285714285714295
 40
-0.42857142857142866
 40
-0.41428571428571437
 40
-0.4000000000000001
 40
-0.3857142857142858
 40
-0.3714285714285715
 40
-0.3571428571428572
 40
-0.3428571428571429
 40
-0.3285714285714286
 40
-0.31428571428571433
 40
-0.30000000000000004
 40
-0.28571428571428575
 40
-0.27142857142857146
 40
-0.2571428571428572
 40
-0.2428571428571429
 40
-0.22857142857142862
 40
-0.21428571428571433
 40
-0.20000000000000004
 40
-0.18571428571428575
 40
-0.17142857142857146
 40
-0.15714285714285717
 40
-0.14285714285714288
 40
-0.1285714285714286
 40
-0.1142857142857143
 40
-0.1
 40
-0.08571428571428572
 40
-0.07142857142857142
 40
-0.05714285714285714
 40
-0.04285714285714286
 40
-0.02857142857142857
 40
-0.014285714285714285
 40
0.0
 40
0.0
 40
0.0
 40
0.0
 40
0.0
 40
0.0
 41
1.0
 41
1.0
 41
1.0
 41
1.0
 41
1.0
 41
1.0
 41
1.0
 41
1.0
 41
1.0
 41
1.0
 41
1.0
 41
1.0
 41
1.0
 41
1.0
 41
1.0
 41
1.0
 41
1.0
 41
1.0
 41
1.0
 41
1.0
 41
1.0
 41
1.0
 41
1.0
 41
1.0
 41
1.0
 41
1.0
 41
1.0
 41
1.0
 41
1.0
 41
1.0
 41
1.0
 41
1.0
 41
1.0
 41
1.0
 41
1.0
 41
1.0
 41
1.0
 41
1.0
 41
1.0
 41
1.0
 41
1.0
 41
1.0
 41
1.0
 41
1.0
 41
1.0
 41
1.0
 41
1.0
 41
1.0
 41
1.0
 41
1.0
 41
1.0
 41
1.0
 41
1.0
 41
1.0
 41
1.0
 41
1.0
 41
1.0
 41
1.0
 41
1.0
 41
1.0
 41
1.0
 41
1.0
 41
1.0
 41
1.0
 41
1.0
 41
1.0
 41
1.0
 41
1.0
 41
1.0
 41
1.0
 41
1.0
 41
1.0
 41
1.0
 41
1.0
 41
1.0
 10
618.158092738861
 20
702.5807281140837
 30
0.0
 10
618.1964740880435
 20
702.6439207367595
 30
0.0
 10
618.2730476694168
 20
702.7703512198781
 30
0.0
 10
618.3873406904908
 20
702.9601326578133
 30
0.0
 10
618.5385963063904
 20
703.2134460921404
 30
0.0
 10
618.7257711783577
 20
703.5305405915117
 30
0.0
 10
618.9110466343087
 20
703.848087433885
 30
0.0
 10
619.0944159765153
 20
704.1660851985191
 30
0.0
 10
619.2758705935016
 20
704.4845309326154
 30
0.0
 10
619.4553999345638
 20
704.8034195583315
 30
0.0
 10
619.6329919545583
 20
705.1227443640141
 30
0.0
 10
619.8086336230276
 20
705.4424976378932
 30
0.0
 10
619.9823114426341
 20
705.7626712658827
 30
0.0
 10
620.1540119321365
 20
706.0832572974264
 30
0.0
 10
620.3237222547783
 20
706.4042486325911
 30
0.0
 10
620.4914300442591
 20
706.7256389315042
 30
0.0
 10
620.6571229937039
 20
707.0474222815365
 30
0.0
 10
620.8207885221619
 20
707.369592932653
 30
0.0
 10
620.9824134581974
 20
707.6921450254218
 30
0.0
 10
621.1419836426738
 20
708.0150722594174
 30
0.0
 10
621.2994840255249
 20
708.3383678900104
 30
0.0
 10
621.4548990063427
 20
708.6620248922738
 30
0.0
 10
621.6082127379701
 20
708.9860360741691
 30
0.0
 10
621.7594094016212
 20
709.3103941969348
 30
0.0
 10
621.9084736553776
 20
709.6350921167171
 30
0.0
 10
622.0553903809167
 20
709.9601227939082
 30
0.0
 10
622.2001439683793
 20
710.2854792071805
 30
0.0
 10
622.3427177031635
 20
710.6111542903025
 30
0.0
 10
622.4830932328352
 20
710.9371408645809
 30
0.0
 10
622.6212497494081
 20
711.2634315522579
 30
0.0
 10
622.7571643826025
 20
711.590018770975
 30
0.0
 10
622.8908135884375
 20
711.9168947992346
 30
0.0
 10
623.0221743876225
 20
712.2440518231745
 30
0.0
 10
623.1512254280603
 20
712.571481980928
 30
0.0
 10
623.2779487632795
 20
712.8991774248922
 30
0.0
 10
623.4023289175881
 20
713.2271302996957
 30
0.0
 10
623.524349391991
 20
713.5553326386058
 30
0.0
 10
623.6439896176828
 20
713.883776273306
 30
0.0
 10
623.7612223122441
 20
714.2124527514161
 30
0.0
 10
623.8760092756911
 20
714.5413532111844
 30
0.0
 10
623.9883032337476
 20
714.8704684159924
 30
0.0
 10
624.0980556485447
 20
715.1997889475804
 30
0.0
 10
624.2052235749122
 20
715.5293053709544
 30
0.0
 10
624.3097755511217
 20
715.8590083744481
 30
0.0
 10
624.4117013017324
 20
716.1888890039961
 30
0.0
 10
624.51100674706
 20
716.5189385252427
 30
0.0
 10
624.6076950992813
 20
716.8491479324549
 30
0.0
 10
624.7017502511021
 20
717.179507514716
 30
0.0
 10
624.7931224965615
 20
717.5100064777713
 30
0.0
 10
624.8817052131944
 20
717.8406323407719
 30
0.0
 10
624.9673478464722
 20
718.1713712311722
 30
0.0
 10
625.0498989767759
 20
718.5022089225704
 30
0.0
 10
625.1292445426868
 20
718.8331317534767
 30
0.0
 10
625.2053402531042
 20
719.1641273956532
 30
0.0
 10
625.2782660231649
 20
719.4951861796485
 30
0.0
 10
625.3481861256915
 20
719.826300030694
 30
0.0
 10
625.4152467711642
 20
720.1574598157661
 30
0.0
 10
625.4794841377222
 20
720.4886529594088
 30
0.0
 10
625.5407457065994
 20
720.8198613829511
 30
0.0
 10
625.5985613112265
 20
721.1510581999701
 30
0.0
 10
625.6522574849614
 20
721.4822104143637
 30
0.0
 10
625.7011881754898
 20
721.8132844434515
 30
0.0
 10
625.7449457389082
 20
722.1442512428489
 30
0.0
 10
625.7835431909735
 20
722.4750905140271
 30
0.0
 10
625.8177045225207
 20
722.8057980968047
 30
0.0
 10
625.8484999905534
 20
723.136374256469
 30
0.0
 10
625.8767807544558
 20
723.4668062087204
 30
0.0
 10
625.9026589677657
 20
723.7970517839213
 30
0.0
 10
625.9250159554917
 20
724.1270243111252
 30
0.0
 10
625.9408703784188
 20
724.4565723569319
 30
0.0
 10
625.9461730899452
 20
724.7855110290883
 30
0.0
 10
625.9386872633811
 20
725.0480309987769
 30
0.0
 10
625.925020008877
 20
725.2445041749922
 30
0.0
 10
625.91214339466
 20
725.3752932928269
 30
0.0
 10
625.9047637972309
 20
725.4406396013801
 30
0.0
  0
LINE
  5
139
330
17
100
AcDbEntity
  8
cut
 62
5
420
255
100
AcDbLine
 10
625.9047637972309
 20
725.4406396013801
 30
0.0
 11
625.4240341068278
 21
729.69749927179
 31
0.0
  0
ARC
  5
13A
330
17
100
AcDbEntity
  8
cut
 62
5
420
255
100
AcDbCircle
 10
631.3861362594557
 20
730.3708030083232
 30
0.0
 40
5.999999999999998
100
AcDbArc
 50
99.60896059495674
 51
-173.5568515703544
  0
ARC
  5
13B
330
17
100
AcDbEntity
  8
cut
 62
5
420
255
100
AcDbCircle
 10
613.2507927418743
 20
837.4915075453048
 30
0.0
 40
102.64500000000001
100
AcDbArc
 50
-80.39103940504329
 51
-77.10896059495666
  0
ARC
  5
13C
330
17
100
AcDbEntity
  8
cut
 62
5
420
255
100
AcDbCircle
 10
637.4892389404985
 20
731.5847856109705
 30
0.0
 40
6.000000000000003
100
AcDbArc
 50
16.056851570354358
 51
102.89103940504344
  0
LINE
  5
13D
330
17
100
AcDbEntity
  8
cut
 62
5
420
255
100
AcDbLine
 10
643.2551652749736
 20
733.244331785503
 30
0.0
 11
644.4400586231086
 21
729.1275389752755
 31
0.0
  0
SPLINE
  5
13E
330
17
100
AcDbEntity
  8
cut
 62
5
420
255
100
AcDbSpline
 70
4
 71
5
 72
81
 73
75
 74
0
 42
1e-09
 40
0.0
 40
0.0
 40
0.0
 40
0.0
 40
0.0
 40
0.0
 40
0.014285714285714285
 40
0.02857142857142857
 40
0.04285714285714286
 40
0.05714285714285714
 40
0.07142857142857142
 40
0.08571428571428572
 40
0.1
 40
0.1142857142857143
 40
0.1285714285714286
 40
0.14285714285714288
 40
0.15714285714285717
 40
0.17142857142857146
 40
0.18571428571428575
 40
0.20000000000000004
 40
0.21428571428571433
 40
0.22857142857142862
 40
0.2428571428571429
 40
0.2571428571428572
 40
0.27142857142857146
 40
0.28571428571428575
 40
0.30000000000000004
 40
0.31428571428571433
 40
0.3285714285714286
 40
0.3428571428571429
 40
0.3571428571428572
 40
0.3714285714285715
 40
0.3857142857142858
 40
0.4000000000000001
 40
0.41428571428571437
 40
0.42857142857142866
 40
0.44285714285714295
 40
0.45714285714285724
 40
0.47142857142857153
 40
0.4857142857142858
 40
0.5000000000000001
 40
0.5142857142857143
 40
0.5285714285714286
 40
0.5428571428571428
 40
0.557142857142857
 40
0.5714285714285713
 40
0.5857142857142855
 40
0.5999999999999998
 40
0.614285714285714
 40
0.6285714285714282
 40
0.6428571428571425
 40
0.6571428571428567
 40
0.6714285714285709
 40
0.6857142857142852
 40
0.6999999999999994
 40
0.7142857142857136
 40
0.7285714285714279
 40
0.7428571428571421
 40
0.7571428571428563
 40
0.7714285714285706
 40
0.7857142857142848
 40
0.799999999999999
 40
0.8142857142857133
 40
0.8285714285714275
 40
0.8428571428571418
 40
0.857142857142856
 40
0.8714285714285702
 40
0.8857142857142845
 40
0.8999999999999987
 40
0.9142857142857129
 40
0.9285714285714272
 40
0.9428571428571414
 40
0.9571428571428556
 40
0.9714285714285699
 40
0.9857142857142841
 40
1.0
 40
1.0
 40
1.0
 40
1.0
 40
1.0
 40
1.0
 41
1.0
 41
1.0
 41
1.0
 41
1.0
 41
1.0
 41
1.0
 41
1.0
 41
1.0
 41
1.0
 41
1.0
 41
1.0
 41
1.0
 41
1.0
 41
1.0
 41
1.0
 41
1.0
 41
1.0
 41
1.0
 41
1.0
 41
1.0
 41
1.0
 41
1.0
 41
1.0
 41
1.0
 41
1.0
 41
1.0
 41
1.0
 41
1.0
 41
1.0
 41
1.0
 41
1.0
 41
1.0
 41
1.0
 41
1.0
 41
1.0
 41
1.0
 41
1.0
 41
1.0
 41
1.0
 41
1.0
 41
1.0
 41
1.0
 41
1.0
 41
1.0
 41
1.0
 41
1.0
 41
1.0
 41
1.0
 41
1.0
 41
1.0
 41
1.0
 41
1.0
 41
1.0
 41
1.0
 41
1.0
 41
1.0
 41
1.0
 41
1.0
 41
1.0
 41
1.0
 41
1.0
 41
1.0
 41
1.0
 41
1.0
 41
1.0
 41
1.0
 41
1.0
 41
1.0
 41
1.0
 41
1.0
 41
1.0
 41
1.0
 41
1.0
 41
1.0
 41
1.0
 10
644.4400586231086
 20
729.1275389752755
 30
0.0
 10
644.4582477137353
 20
729.0643428086044
 30
0.0
 10
644.496402101941
 20
728.9385817526359
 30
0.0
 10
644.5589622346808
 20
728.7518339745783
 30
0.0
 10
644.6525082757992
 20
728.5064324459039
 30
0.0
 10
644.7832867225436
 20
728.204561999095
 30
0.0
 10
644.9240468766843
 20
727.906166529579
 30
0.0
 10
645.0709770593496
 20
727.6098673142046
 30
0.0
 10
645.2212649212057
 20
727.3146633500669
 30
0.0
 10
645.3738437737898
 20
727.0202066122943
 30
0.0
 10
645.5288010958376
 20
726.7265789798522
 30
0.0
 10
645.6869183637438
 20
726.4341179884883
 30
0.0
 10
645.8491844675697
 20
726.1432329627328
 30
0.0
 10
646.0162666955968
 20
725.8542048053896
 30
0.0
 10
646.1881693049058
 20
725.5670572507688
 30
0.0
 10
646.3645045668331
 20
725.2816611338144
 30
0.0
 10
646.5446627553332
 20
724.9978002473606
 30
0.0
 10
646.7280090412977
 20
724.7152473513046
 30
0.0
 10
646.9140987584681
 20
724.4338473605055
 30
0.0
 10
647.10278407947
 20
724.1535586110726
 30
0.0
 10
647.2940936161272
 20
723.874406565987
 30
0.0
 10
647.4881589542528
 20
723.5964556153904
 30
0.0
 10
647.6851287720652
 20
723.3197760838838
 30
0.0
 10
647.885073201185
 20
723.0444074870745
 30
0.0
 10
648.0879466041583
 20
722.7703442652987
 30
0.0
 10
648.2936383739491
 20
722.4975553907119
 30
0.0
 10
648.5020031728621
 20
722.2259960610161
 30
0.0
 10
648.7128965978568
 20
721.9556214780484
 30
0.0
 10
648.9262153664057
 20
721.6864023699588
 30
0.0
 10
649.1419094254063
 20
721.4183296876904
 30
0.0
 10
649.3599601774526
 20
721.1514062389663
 30
0.0
 10
649.5803671438638
 20
720.8856415732449
 30
0.0
 10
649.8031324518055
 20
720.621046025626
 30
0.0
 10
650.0282431814355
 20
720.3576239363462
 30
0.0
 10
650.2556667024866
 20
720.0953718683812
 30
0.0
 10
650.4853597281792
 20
719.8342821041238
 30
0.0
 10
650.7172738111576
 20
719.574344770273
 30
0.0
 10
650.9513617409847
 20
719.3155503092693
 30
0.0
 10
651.187584834232
 20
719.0578922898028
 30
0.0
 10
651.4259146506445
 20
718.8013680803247
 30
0.0
 10
651.6663290612446
 20
718.5459773560344
 30
0.0
 10
651.9088097742117
 20
718.2917211633412
 30
0.0
 10
652.1533394857505
 20
718.0386008373708
 30
0.0
 10
652.3998986123356
 20
717.7866167605458
 30
0.0
 10
652.6484644185952
 20
717.53576802519
 30
0.0
 10
652.8990126841975
 20
717.286053056577
 30
0.0
 10
653.1515187024512
 20
717.0374699785488
 30
0.0
 10
653.4059584423301
 20
716.7900170442144
 30
0.0
 10
653.6623098564158
 20
716.5436931068614
 30
0.0
 10
653.9205532421031
 20
716.2984977755652
 30
0.0
 10
654.1806704529837
 20
716.0544311822712
 30
0.0
 10
654.4426443804825
 20
715.8114938402058
 30
0.0
 10
654.7064583631493
 20
715.5696864675868
 30
0.0
 10
654.972095493065
 20
715.3290097933769
 30
0.0
 10
655.2395383854234
 20
715.089464451732
 30
0.0
 10
655.5087696470862
 20
714.851051022785
 30
0.0
 10
655.7797721768326
 20
714.6137700267047
 30
0.0
 10
656.0525294891565
 20
714.3776219353048
 30
0.0
 10
656.3270260916531
 20
714.1426071509525
 30
0.0
 10
656.6032475731948
 20
713.9087260465672
 30
0.0
 10
656.8811801100558
 20
713.6759791199664
 30
0.0
 10
657.1608100695007
 20
713.4443671240705
 30
0.0
 10
657.4421236003936
 20
713.2138911837799
 30
0.0
 10
657.7251061260911
 20
712.9845529461633
 30
0.0
 10
658.009742149004
 20
712.7563545975291
 30
0.0
 10
658.296016094092
 20
712.5292984691079
 30
0.0
 10
658.583912971616
 20
712.303386699106
 30
0.0
 10
658.8734190848753
 20
712.0786208788059
 30
0.0
 10
659.1645227430846
 20
711.855001661942
 30
0.0
 10
659.4572148602906
 20
711.6325284810762
 30
0.0
 10
659.751488704905
 20
711.411200085692
 30
0.0
 10
659.9881695271246
 20
711.2350520066641
 30
0.0
 10
660.1663887220719
 20
711.1034548661052
 30
0.0
 10
660.2855163378692
 20
711.0159517714147
 30
0.0
 10
660.3451588505549
 20
710.9722573071629
 30
0.0
  0
ARC
  5
13F
330
17
100
AcDbEntity
  8
cut
 62
5
420
255
100
AcDbCircle
 10
613.2507927418743
 20
837.4915075453048
 30
0.0
 40
135.00000000000003
100
AcDbArc
 50
-69.5831817450523
 51
-65.41681825494767
  0
SPLINE
  5
140
330
17
100
AcDbEntity
  8
cut
 62
5
420
255
100
AcDbSpline
 70
4
 71
5
 72
81
 73
75
 74
0
 42
1e-09
 40
-1.0
 40
-1.0
 40
-1.0
 40
-1.0
 40
-1.0
 40
-1.0
 40
-0.9857142857142841
 40
-0.9714285714285699
 40
-0.9571428571428556
 40
-0.9428571428571414
 40
-0.9285714285714272
 40
-0.9142857142857129
 40
-0.8999999999999987
 40
-0.8857142857142845
 40
-0.8714285714285702
 40
-0.857142857142856
 40
-0.8428571428571418
 40
-0.8285714285714275
 40
-0.8142857142857133
 40
-0.799999999999999
 40
-0.7857142857142848
 40
-0.7714285714285706
 40
-0.7571428571428563
 40
-0.7428571428571421
 40
-0.7285714285714279
 40
-0.7142857142857136
 40
-0.6999999999999994
 40
-0.6857142857142852
 40
-0.6714285714285709
 40
-0.6571428571428567
 40
-0.6428571428571425
 40
-0.6285714285714282
 40
-0.614285714285714
 40
-0.5999999999999998
 40
-0.5857142857142855
 40
-0.5714285714285713
 40
-0.557142857142857
 40
-0.5428571428571428
 40
-0.5285714285714286
 40
-0.5142857142857143
 40
-0.5000000000000001
 40
-0.4857142857142858
 40
-0.47142857142857153
 40
-0.45714285714285724
 40
-0.44285714285714295
 40
-0.42857142857142866
 40
-0.41428571428571437
 40
-0.4000000000000001
 40
-0.3857142857142858
 40
-0.3714285714285715
 40
-0.3571428571428572
 40
-0.3428571428571429
 40
-0.3285714285714286
 40
-0.31428571428571433
 40
-0.30000000000000004
 40
-0.28571428571428575
 40
-0.27142857142857146
 40
-0.2571428571428572
 40
-0.2428571428571429
 40
-0.22857142857142862
 40
-0.21428571428571433
 40
-0.20000000000000004
 40
-0.18571428571428575
 40
-0.17142857142857146
 40
-0.15714285714285717
 40
-0.14285714285714288
 40
-0.1285714285714286
 40
-0.1142857142857143
 40
-0.1
 40
-0.08571428571428572
 40
-0.07142857142857142
 40
-0.05714285714285714
 40
-0.04285714285714286
 40
-0.02857142857142857
 40
-0.014285714285714285
 40
0.0
 40
0.0
 40
0.0
 40
0.0
 40
0.0
 40
0.0
 41
1.0
 41
1.0
 41
1.0
 41
1.0
 41
1.0
 41
1.0
 41
1.0
 41
1.0
 41
1.0
 41
1.0
 41
1.0
 41
1.0
 41
1.0
 41
1.0
 41
1.0
 41
1.0
 41
1.0
 41
1.0
 41
1.0
 41
1.0
 41
1.0
 41
1.0
 41
1.0
 41
1.0
 41
1.0
 41
1.0
 41
1.0
 41
1.0
 41
1.0
 41
1.0
 41
1.0
 41
1.0
 41
1.0
 41
1.0
 41
1.0
 41
1.0
 41
1.0
 41
1.0
 41
1.0
 41
1.0
 41
1.0
 41
1.0
 41
1.0
 41
1.0
 41
1.0
 41
1.0
 41
1.0
 41
1.0
 41
1.0
 41
1.0
 41
1.0
 41
1.0
 41
1.0
 41
1.0
 41
1.0
 41
1.0
 41
1.0
 41
1.0
 41
1.0
 41
1.0
 41
1.0
 41
1.0
 41
1.0
 41
1.0
 41
1.0
 41
1.0
 41
1.0
 41
1.0
 41
1.0
 41
1.0
 41
1.0
 41
1.0
 41
1.0
 41
1.0
 41
1.0
 10
669.4126669047722
 20
714.728142120147
 30
0.0
 10
669.4239438779664
 20
714.8012123972868
 30
0.0
 10
669.446305791293
 20
714.947322373874
 30
0.0
 10
669.4792725621039
 20
715.1663956056329
 30
0.0
 10
669.5220756752984
 20
715.4583097211748
 30
0.0
 10
669.5736558971059
 20
715.8228955614728
 30
0.0
 10
669.6233081831597
 20
716.1871724371714
 30
0.0
 10
669.6710268892597
 20
716.5511364725675
 30
0.0
 10
669.7168051894271
 20
716.9147816441613
 30
0.0
 10
669.7606352792885
 20
717.278099223059
 30
0.0
 10
669.8025085990207
 20
717.6410783990245
 30
0.0
 10
669.8424160612177
 20
718.0037070607709
 30
0.0
 10
669.8803483010915
 20
718.365972546653
 30
0.0
 10
669.9162959061456
 20
718.7278623522668
 30
0.0
 10
669.9502497337899
 20
719.0893650057153
 30
0.0
 10
669.982200785217
 20
719.4504699173418
 30
0.0
 10
670.0121399530221
 20
719.8111669149516
 30
0.0
 10
670.0400578143657
 20
720.1714458716842
 30
0.0
 10
670.0659444427348
 20
720.5312963336398
 30
0.0
 10
670.0897891678622
 20
720.8907070615173
 30
0.0
 10
670.111580666357
 20
721.2496660646808
 30
0.0
 10
670.131307213645
 20
721.6081608829263
 30
0.0
 10
670.1489569211361
 20
721.9661788072319
 30
0.0
 10
670.1645179443319
 20
722.3237070962672
 30
0.0
 10
670.1779788429825
 20
722.6807332788736
 30
0.0
 10
670.1893283435202
 20
723.0372450657699
 30
0.0
 10
670.1985547112614
 20
723.3932299964607
 30
0.0
 10
670.2056452080573
 20
723.7486751461984
 30
0.0
 10
670.2105856256367
 20
724.1035668595624
 30
0.0
 10
670.2133595632723
 20
724.457890357522
 30
0.0
 10
670.2139487932242
 20
724.811629882814
 30
0.0
 10
670.2123345185793
 20
725.1647692918134
 30
0.0
 10
670.208498499477
 20
725.5172925716591
 30
0.0
 10
670.2024240177578
 20
725.8691842878395
 30
0.0
 10
670.1940974961917
 20
726.2204303222977
 30
0.0
 10
670.1835076432243
 20
726.5710174953258
 30
0.0
 10
670.170642264508
 20
726.9209321327305
 30
0.0
 10
670.1554854828242
 20
727.2701588166304
 30
0.0
 10
670.1380153270896
 20
727.6186792975143
 30
0.0
 10
670.118199896367
 20
727.9664707696904
 30
0.0
 10
670.0959990496206
 20
728.3135066085538
 30
0.0
 10
670.0713715479188
 20
728.6597595381285
 30
0.0
 10
670.044281325714
 20
729.0052044072117
 30
0.0
 10
670.0147028795795
 20
729.3498205730637
 30
0.0
 10
669.9826301428184
 20
729.693595830965
 30
0.0
 10
669.9480719275825
 20
730.0365243770303
 30
0.0
 10
669.9110346478807
 20
730.3785991202942
 30
0.0
 10
669.8715071387209
 20
730.7198049250446
 30
0.0
 10
669.8294476085653
 20
731.060112797043
 30
0.0
 10
669.784762327315
 20
731.3994704028373
 30
0.0
 10
669.7373175095156
 20
731.7378073111432
 30
0.0
 10
669.6869787058889
 20
732.0750524326995
 30
0.0
 10
669.6336457654503
 20
732.4111494965202
 30
0.0
 10
669.5772824863708
 20
732.7460701633283
 30
0.0
 10
669.5179664009486
 20
733.0798360819143
 30
0.0
 10
669.4558523675623
 20
733.4125026566526
 30
0.0
 10
669.3910789621389
 20
733.7441174020576
 30
0.0
 10
669.3236844213393
 20
734.0746825446977
 30
0.0
 10
669.2535347546051
 20
734.4041230156537
 30
0.0
 10
669.1802058736546
 20
734.7322340501534
 30
0.0
 10
669.103088203503
 20
735.0587274392473
 30
0.0
 10
669.0215977211756
 20
735.3833249230669
 30
0.0
 10
668.935368927618
 20
735.7058436695318
 30
0.0
 10
668.8444216157327
 20
736.0262699061612
 30
0.0
 10
668.7494262578659
 20
736.3448768487463
 30
0.0
 10
668.651371541037
 20
736.6620743120044
 30
0.0
 10
668.5510487263197
 20
736.9781762093774
 30
0.0
 10
668.4485775676933
 20
737.2931865005007
 30
0.0
 10
668.3429577117654
 20
737.6065970134757
 30
0.0
 10
668.231492711309
 20
737.9171269329596
 30
0.0
 10
668.1105123978567
 20
738.223055899464
 30
0.0
 10
668.0031343528453
 20
738.4627280245312
 30
0.0
 10
667.9153204267017
 20
738.6390153388595
 30
0.0
 10
667.8533731578494
 20
738.7549210609764
 30
0.0
 10
667.821548349177
 20
738.8124691283001
 30
0.0
  0
LINE
  5
141
330
17
100
AcDbEntity
  8
cut
 62
5
420
255
100
AcDbLine
 10
667.821548349177
 20
738.8124691283001
 30
0.0
 11
665.7483823577742
 21
742.5613273626012
 31
0.0
  0
ARC
  5
142
330
17
100
AcDbEntity
  8
cut
 62
5
420
255
100
AcDbCircle
 10
670.9989843224078
 20
745.4649766198265
 30
0.0
 40
6.0
100
AcDbArc
 50
122.1089605949567
 51
-151.05685157035435
  0
ARC
  5
143
330
17
100
AcDbEntity
  8
cut
 62
5
420
255
100
AcDbCircle
 10
613.2507927418743
 20
837.4915075453048
 30
0.0
 40
102.64500000000001
100
AcDbArc
 50
-57.891039405043266
 51
-54.608960594956734
  0
ARC
  5
144
330
17
100
AcDbEntity
  8
cut
 62
5
420
255
100
AcDbCircle
 10
676.1729449450253
 20
748.9221065812952
 30
0.0
 40
5.999999999999998
100
AcDbArc
 50
38.55685157035432
 51
125.39103940504339
  0
LINE
  5
145
330
17
100
AcDbEntity
  8
cut
 62
5
420
255
100
AcDbLine
 10
680.8648854451762
 20
752.6618518056445
 30
0.0
 11
683.5350125606808
 21
749.3118702421364
 31
0.0
  0
SPLINE
  5
146
330
17
100
AcDbEntity
  8
cut
 62
5
420
255
100
AcDbSpline
 70
4
 71
5
 72
81
 73
75
 74
0
 42
1e-09
 40
0.0
 40
0.0
 40
0.0
 40
0.0
 40
0.0
 40
0.0
 40
0.014285714285714285
 40
0.02857142857142857
 40
0.04285714285714286
 40
0.05714285714285714
 40
0.07142857142857142
 40
0.08571428571428572
 40
0.1
 40
0.1142857142857143
 40
0.1285714285714286
 40
0.14285714285714288
 40
0.15714285714285717
 40
0.17142857142857146
 40
0.18571428571428575
 40
0.20000000000000004
 40
0.21428571428571433
 40
0.22857142857142862
 40
0.2428571428571429
 40
0.2571428571428572
 40
0.27142857142857146
 40
0.28571428571428575
 40
0.30000000000000004
 40
0.31428571428571433
 40
0.3285714285714286
 40
0.3428571428571429
 40
0.3571428571428572
 40
0.3714285714285715
 40
0.3857142857142858
 40
0.4000000000000001
 40
0.41428571428571437
 40
0.42857142857142866
 40
0.44285714285714295
 40
0.45714285714285724
 40
0.47142857142857153
 40
0.4857142857142858
 40
0.5000000000000001
 40
0.5142857142857143
 40
0.5285714285714286
 40
0.5428571428571428
 40
0.557142857142857
 40
0.5714285714285713
 40
0.5857142857142855
 40
0.5999999999999998
 40
0.614285714285714
 40
0.6285714285714282
 40
0.6428571428571425
 40
0.6571428571428567
 40
0.6714285714285709
 40
0.6857142857142852
 40
0.6999999999999994
 40
0.7142857142857136
 40
0.7285714285714279
 40
0.7428571428571421
 40
0.7571428571428563
 40
0.7714285714285706
 40
0.7857142857142848
 40
0.799999999999999
 40
0.8142857142857133
 40
0.8285714285714275
 40
0.8428571428571418
 40
0.857142857142856
 40
0.8714285714285702
 40
0.8857142857142845
 40
0.8999999999999987
 40
0.9142857142857129
 40
0.9285714285714272
 40
0.9428571428571414
 40
0.9571428571428556
 40
0.9714285714285699
 40
0.9857142857142841
 40
1.0
 40
1.0
 40
1.0
 40
1.0
 40
1.0
 40
1.0
 41
1.0
 41
1.0
 41
1.0
 41
1.0
 41
1.0
 41
1.0
 41
1.0
 41
1.0
 41
1.0
 41
1.0
 41
1.0
 41
1.0
 41
1.0
 41
1.0
 41
1.0
 41
1.0
 41
1.0
 41
1.0
 41
1.0
 41
1.0
 41
1.0
 41
1.0
 41
1.0
 41
1.0
 41
1.0
 41
1.0
 41
1.0
 41
1.0
 41
1.0
 41
1.0
 41
1.0
 41
1.0
 41
1.0
 41
1.0
 41
1.0
 41
1.0
 41
1.0
 41
1.0
 41
1.0
 41
1.0
 41
1.0
 41
1.0
 41
1.0
 41
1.0
 41
1.0
 41
1.0
 41
1.0
 41
1.0
 41
1.0
 41
1.0
 41
1.0
 41
1.0
 41
1.0
 41
1.0
 41
1.0
 41
1.0
 41
1.0
 41
1.0
 41
1.0
 41
1.0
 41
1.0
 41
1.0
 41
1.0
 41
1.0
 41
1.0
 41
1.0
 41
1.0
 41
1.0
 41
1.0
 41
1.0
 41
1.0
 41
1.0
 41
1.0
 41
1.0
 41
1.0
 10
683.5350125606808
 20
749.3118702421364
 30
0.0
 10
683.5760012151998
 20
749.2604452608484
 30
0.0
 10
683.6593779460944
 20
749.1588582474905
 30
0.0
 10
683.7886412529775
 20
749.0102665239272
 30
0.0
 10
683.968977625015
 20
748.8193435944372
 30
0.0
 10
684.2053219739702
 20
748.5904984120401
 30
0.0
 10
684.4495584018505
 20
748.3686835240868
 30
0.0
 10
684.6986929910696
 20
748.1511664901237
 30
0.0
 10
684.9505105368675
 20
747.9359462645587
 30
0.0
 10
685.2041587309577
 20
747.7222931103336
 30
0.0
 10
685.4596870594306
 20
747.510316150412
 30
0.0
 10
685.7176883429938
 20
747.3006262852316
 30
0.0
 10
685.9789195552187
 20
747.0939801131906
 30
0.0
 10
686.2438896932415
 20
746.8908925148104
 30
0.0
 10
686.5125936073649
 20
746.6913870468484
 30
0.0
 10
686.7847225123394
 20
746.4951959990174
 30
0.0
 10
687.0597958336513
 20
746.3018862898862
 30
0.0
 10
687.3373140267032
 20
746.1110050383925
 30
0.0
 10
687.6169256219542
 20
745.922238798139
 30
0.0
 10
687.8985099887994
 20
745.7354925056227
 30
0.0
 10
688.1820838168564
 20
745.5508006348415
 30
0.0
 10
688.467744034524
 20
745.3682730302403
 30
0.0
 10
688.7556010905055
 20
745.1880315599693
 30
0.0
 10
689.0457046560015
 20
745.0101395698987
 30
0.0
 10
689.3380146950935
 20
744.8345744588713
 30
0.0
 10
689.6324408940471
 20
744.6612652334165
 30
0.0
 10
689.9288661234376
 20
744.4901148832803
 30
0.0
 10
690.2271741157657
 20
744.3210267597053
 30
0.0
 10
690.5272806522705
 20
744.1539342945166
 30
0.0
 10
690.8291429528393
 20
743.9888099729826
 30
0.0
 10
691.13274276124
 20
743.8256492721817
 30
0.0
 10
691.4380759808098
 20
743.6644608314806
 30
0.0
 10
691.745140621722
 20
743.5052550132968
 30
0.0
 10
692.0539230866623
 20
743.3480308832769
 30
0.0
 10
692.3643945444867
 20
743.1927727789616
 30
0.0
 10
692.6765179568262
 20
743.0394570050784
 30
0.0
 10
692.9902523425088
 20
742.888055899886
 30
0.0
 10
693.305557742298
 20
742.7385425666989
 30
0.0
 10
693.6224008785215
 20
742.5908962602542
 30
0.0
 10
693.94075648286
 20
742.4451036657034
 30
0.0
 10
694.2606042350998
 20
742.3011560145769
 30
0.0
 10
694.5819268353589
 20
742.159047273654
 30
0.0
 10
694.9047077860841
 20
742.0187720545542
 30
0.0
 10
695.2289288481106
 20
741.8803232162994
 30
0.0
 10
695.5545693640464
 20
741.7436912198558
 30
0.0
 10
695.8816075598445
 20
741.6088653416464
 30
0.0
 10
696.2100213274728
 20
741.4758343934856
 30
0.0
 10
696.5397891336642
 20
741.3445875651812
 30
0.0
 10
696.8708910480883
 20
741.2151153601271
 30
0.0
 10
697.2033090175114
 20
741.0874098772956
 30
0.0
 10
697.5370262263453
 20
740.9614642942586
 30
0.0
 10
697.8720266719243
 20
740.837272538007
 30
0.0
 10
698.2082946862254
 20
740.7148288960268
 30
0.0
 10
698.5458143694065
 20
740.5941275714113
 30
0.0
 10
698.8845694173198
 20
740.4751624971665
 30
0.0
 10
699.2245435387936
 20
740.3579275531995
 30
0.0
 10
699.5657207353
 20
740.2424166757302
 30
0.0
 10
699.9080855956623
 20
740.1286239919268
 30
0.0
 10
700.2516236527853
 20
740.0165439448422
 30
0.0
 10
700.5963214498131
 20
739.9061713641088
 30
0.0
 10
700.942166024782
 20
739.7975014195393
 30
0.0
 10
701.2891444945565
 20
739.6905295897195
 30
0.0
 10
701.6372436318749
 20
739.5852516133216
 30
0.0
 10
701.9864493393687
 20
739.4816634337985
 30
0.0
 10
702.3367464624688
 20
739.3797611403656
 30
0.0
 10
702.6881197195908
 20
739.2795409264891
 30
0.0
 10
703.040554443765
 20
739.1809990312889
 30
0.0
 10
703.394037371933
 20
739.0841316834183
 30
0.0
 10
703.748557453044
 20
738.9889350129793
 30
0.0
 10
704.1041065099209
 20
738.895405018683
 30
0.0
 10
704.460678801939
 20
738.8035379691365
 30
0.0
 10
704.7467523208124
 20
738.7313721936533
 30
0.0
 10
704.9617654327636
 20
738.6779938221897
 30
0.0
 10
705.1053109833742
 20
738.6427396688766
 30
0.0
 10
705.1771346276673
 20
738.6251954491397
 30
0.0
  0
ARC
  5
147
330
17
100
AcDbEntity
  8
cut
 62
5
420
255
100
AcDbCircle
 10
613.2507927418743
 20
837.4915075453048
 30
0.0
 40
135.00000000000003
100
AcDbArc
 50
-47.08318174505223
 51
-42.916818254947636
  0
SPLINE
  5
148
330
17
100
AcDbEntity
  8
cut
 62
5
420
255
100
AcDbSpline
 70
4
 71
5
 72
81
 73
75
 74
0
 42
1e-09
 40
-1.0
 40
-1.0
 40
-1.0
 40
-1.0
 40
-1.0
 40
-1.0
 40
-0.9857142857142841
 40
-0.9714285714285699
 40
-0.9571428571428556
 40
-0.9428571428571414
 40
-0.9285714285714272
 40
-0.9142857142857129
 40
-0.8999999999999987
 40
-0.8857142857142845
 40
-0.8714285714285702
 40
-0.857142857142856
 40
-0.8428571428571418
 40
-0.8285714285714275
 40
-0.8142857142857133
 40
-0.799999999999999
 40
-0.7857142857142848
 40
-0.7714285714285706
 40
-0.7571428571428563
 40
-0.7428571428571421
 40
-0.7285714285714279
 40
-0.7142857142857136
 40
-0.6999999999999994
 40
-0.6857142857142852
 40
-0.6714285714285709
 40
-0.6571428571428567
 40
-0.6428571428571425
 40
-0.6285714285714282
 40
-0.614285714285714
 40
-0.5999999999999998
 40
-0.5857142857142855
 40
-0.5714285714285713
 40
-0.557142857142857
 40
-0.5428571428571428
 40
-0.5285714285714286
 40
-0.5142857142857143
 40
-0.5000000000000001
 40
-0.4857142857142858
 40
-0.47142857142857153
 40
-0.45714285714285724
 40
-0.44285714285714295
 40
-0.42857142857142866
 40
-0.41428571428571437
 40
-0.4000000000000001
 40
-0.3857142857142858
 40
-0.3714285714285715
 40
-0.3571428571428572
 40
-0.3428571428571429
 40
-0.3285714285714286
 40
-0.31428571428571433
 40
-0.30000000000000004
 40
-0.28571428571428575
 40
-0.27142857142857146
 40
-0.2571428571428572
 40
-0.2428571428571429
 40
-0.22857142857142862
 40
-0.21428571428571433
 40
-0.20000000000000004
 40
-0.18571428571428575
 40
-0.17142857142857146
 40
-0.15714285714285717
 40
-0.14285714285714288
 40
-0.1285714285714286
 40
-0.1142857142857143
 40
-0.1
 40
-0.08571428571428572
 40
-0.07142857142857142
 40
-0.05714285714285714
 40
-0.04285714285714286
 40
-0.02857142857142857
 40
-0.014285714285714285
 40
0.0
 40
0.0
 40
0.0
 40
0.0
 40
0.0
 40
0.0
 41
1.0
 41
1.0
 41
1.0
 41
1.0
 41
1.0
 41
1.0
 41
1.0
 41
1.0
 41
1.0
 41
1.0
 41
1.0
 41
1.0
 41
1.0
 41
1.0
 41
1.0
 41
1.0
 41
1.0
 41
1.0
 41
1.0
 41
1.0
 41
1.0
 41
1.0
 41
1.0
 41
1.0
 41
1.0
 41
1.0
 41
1.0
 41
1.0
 41
1.0
 41
1.0
 41
1.0
 41
1.0
 41
1.0
 41
1.0
 41
1.0
 41
1.0
 41
1.0
 41
1.0
 41
1.0
 41
1.0
 41
1.0
 41
1.0
 41
1.0
 41
1.0
 41
1.0
 41
1.0
 41
1.0
 41
1.0
 41
1.0
 41
1.0
 41
1.0
 41
1.0
 41
1.0
 41
1.0
 41
1.0
 41
1.0
 41
1.0
 41
1.0
 41
1.0
 41
1.0
 41
1.0
 41
1.0
 41
1.0
 41
1.0
 41
1.0
 41
1.0
 41
1.0
 41
1.0
 41
1.0
 41
1.0
 41
1.0
 41
1.0
 41
1.0
 41
1.0
 41
1.0
 10
712.1171048380393
 20
745.5651656595118
 30
0.0
 10
712.0995606183023
 20
745.6369893038047
 30
0.0
 10
712.0643064649893
 20
745.7805348544155
 30
0.0
 10
712.0109280935256
 20
745.9955479663665
 30
0.0
 10
711.9387623180426
 20
746.2816214852401
 30
0.0
 10
711.8468952684959
 20
746.6381937772582
 30
0.0
 10
711.7533652741998
 20
746.9937428341351
 30
0.0
 10
711.6581686037607
 20
747.3482629152461
 30
0.0
 10
711.5613012558902
 20
747.7017458434141
 30
0.0
 10
711.46275936069
 20
748.0541805675883
 30
0.0
 10
711.3625391468133
 20
748.4055538247103
 30
0.0
 10
711.2606368533806
 20
748.7558509478102
 30
0.0
 10
711.1570486738575
 20
749.1050566553042
 30
0.0
 10
711.0517706974596
 20
749.4531557926226
 30
0.0
 10
710.9447988676397
 20
749.8001342623971
 30
0.0
 10
710.8361289230703
 20
750.1459788373659
 30
0.0
 10
710.7257563423368
 20
750.4906766343938
 30
0.0
 10
710.6136762952523
 20
750.8342146915166
 30
0.0
 10
710.4998836114489
 20
751.176579551879
 30
0.0
 10
710.3843727339795
 20
751.5177567483855
 30
0.0
 10
710.2671377900126
 20
751.8577308698593
 30
0.0
 10
710.1481727157678
 20
752.1964859177725
 30
0.0
 10
710.0274713911522
 20
752.5340056009536
 30
0.0
 10
709.905027749172
 20
752.8702736152547
 30
0.0
 10
709.7808359929205
 20
753.2052740608337
 30
0.0
 10
709.6548904098834
 20
753.5389912696676
 30
0.0
 10
709.527184927052
 20
753.8714092390908
 30
0.0
 10
709.3977127219979
 20
754.2025111535148
 30
0.0
 10
709.2664658936934
 20
754.5322789597063
 30
0.0
 10
709.1334349455327
 20
754.8606927273346
 30
0.0
 10
708.9986090673233
 20
755.1877309231326
 30
0.0
 10
708.8619770708797
 20
755.5133714390684
 30
0.0
 10
708.7235282326249
 20
755.837592501095
 30
0.0
 10
708.5832530135251
 20
756.1603734518202
 30
0.0
 10
708.4411442726021
 20
756.4816960520792
 30
0.0
 10
708.2971966214756
 20
756.8015438043191
 30
0.0
 10
708.1514040269248
 20
757.1198994086576
 30
0.0
 10
708.00375772048
 20
757.4367425448811
 30
0.0
 10
707.854244387293
 20
757.7520479446703
 30
0.0
 10
707.7028432821007
 20
758.0657823303529
 30
0.0
 10
707.5495275082175
 20
758.3779057426923
 30
0.0
 10
707.3942694039022
 20
758.6883772005167
 30
0.0
 10
707.2370452738822
 20
758.997159665457
 30
0.0
 10
707.0778394556985
 20
759.3042243063692
 30
0.0
 10
706.9166510149972
 20
759.609557525939
 30
0.0
 10
706.7534903141965
 20
759.9131573343398
 30
0.0
 10
706.5883659926625
 20
760.2150196349085
 30
0.0
 10
706.4212735274737
 20
760.5151261714133
 30
0.0
 10
706.2521854038988
 20
760.8134341637415
 30
0.0
 10
706.0810350537624
 20
761.1098593931318
 30
0.0
 10
705.9077258283078
 20
761.4042855920854
 30
0.0
 10
705.7321607172803
 20
761.6965956311776
 30
0.0
 10
705.5542687272098
 20
761.9866991966735
 30
0.0
 10
705.3740272569388
 20
762.2745562526551
 30
0.0
 10
705.1914996523376
 20
762.5602164703226
 30
0.0
 10
705.0068077815563
 20
762.8437902983796
 30
0.0
 10
704.8200614890401
 20
763.1253746652249
 30
0.0
 10
704.6312952487865
 20
763.4049862604758
 30
0.0
 10
704.4404139972929
 20
763.6825044535278
 30
0.0
 10
704.2471042881616
 20
763.9575777748396
 30
0.0
 10
704.0509132403306
 20
764.2297066798141
 30
0.0
 10
703.8514077723687
 20
764.4984105939376
 30
0.0
 10
703.6483201739885
 20
764.7633807319604
 30
0.0
 10
703.4416740019475
 20
765.0246119441853
 30
0.0
 10
703.231984136767
 20
765.2826132277485
 30
0.0
 10
703.0200071768454
 20
765.5381415562214
 30
0.0
 10
702.8063540226203
 20
765.7917897503116
 30
0.0
 10
702.5911337970554
 20
766.0436072961094
 30
0.0
 10
702.3736167630922
 20
766.2927418853285
 30
0.0
 10
702.151801875139
 20
766.5369783132088
 30
0.0
 10
701.9229566927418
 20
766.7733226621641
 30
0.0
 10
701.7320337632518
 20
766.9536590342016
 30
0.0
 10
701.5834420396886
 20
767.0829223410847
 30
0.0
 10
701.4818550263307
 20
767.1662990719793
 30
0.0
 10
701.4304300450426
 20
767.2072877264982
 30
0.0
  0
LINE
  5
149
330
17
100
AcDbEntity
  8
cut
 62
5
420
255
100
AcDbLine
 10
701.4304300450426
 20
767.2072877264982
 30
0.0
 11
698.0804484815346
 21
769.8774148420027
 31
0.0
  0
ARC
  5
14A
330
17
100
AcDbEntity
  8
cut
 62
5
420
255
100
AcDbCircle
 10
701.8201937058839
 20
774.5693553421538
 30
0.0
 40
5.999999999999999
100
AcDbArc
 50
144.60896059495676
 51
-128.55685157035438
  0
ARC
  5
14B
330
17
100
AcDbEntity
  8
cut
 62
5
420
255
100
AcDbCircle
 10
613.2507927418743
 20
837.4915075453048
 30
0.0
 40
102.64500000000001
100
AcDbArc
 50
-35.391039405043294
 51
-32.1089605949568
  0
ARC
  5
14C
330
17
100
AcDbEntity
  8
cut
 62
5
420
255
100
AcDbCircle
 10
705.2773236673526
 20
779.7433159647712
 30
0.0
 40
5.999999999999997
100
AcDbArc
 50
61.05685157035439
 51
147.89103940504364
  0
LINE
  5
14D
330
17
100
AcDbEntity
  8
cut
 62
5
420
255
100
AcDbLine
 10
708.1809729245779
 20
784.9939179294049
 30
0.0
 11
711.929831158879
 21
782.920751938002
 31
0.0
  0
SPLINE
  5
14E
330
17
100
AcDbEntity
  8
cut
 62
5
420
255
100
AcDbSpline
 70
4
 71
5
 72
81
 73
75
 74
0
 42
1e-09
 40
0.0
 40
0.0
 40
0.0
 40
0.0
 40
0.0
 40
0.0
 40
0.014285714285714285
 40
0.02857142857142857
 40
0.04285714285714286
 40
0.05714285714285714
 40
0.07142857142857142
 40
0.08571428571428572
 40
0.1
 40
0.1142857142857143
 40
0.1285714285714286
 40
0.14285714285714288
 40
0.15714285714285717
 40
0.17142857142857146
 40
0.18571428571428575
 40
0.20000000000000004
 40
0.21428571428571433
 40
0.22857142857142862
 40
0.2428571428571429
 40
0.2571428571428572
 40
0.27142857142857146
 40
0.28571428571428575
 40
0.30000000000000004
 40
0.31428571428571433
 40
0.3285714285714286
 40
0.3428571428571429
 40
0.3571428571428572
 40
0.3714285714285715
 40
0.3857142857142858
 40
0.4000000000000001
 40
0.41428571428571437
 40
0.42857142857142866
 40
0.44285714285714295
 40
0.45714285714285724
 40
0.47142857142857153
 40
0.4857142857142858
 40
0.5000000000000001
 40
0.5142857142857143
 40
0.5285714285714286
 40
0.5428571428571428
 40
0.557142857142857
 40
0.5714285714285713
 40
0.5857142857142855
 40
0.5999999999999998
 40
0.614285714285714
 40
0.6285714285714282
 40
0.6428571428571425
 40
0.6571428571428567
 40
0.6714285714285709
 40
0.6857142857142852
 40
0.6999999999999994
 40
0.7142857142857136
 40
0.7285714285714279
 40
0.7428571428571421
 40
0.7571428571428563
 40
0.7714285714285706
 40
0.7857142857142848
 40
0.799999999999999
 40
0.8142857142857133
 40
0.8285714285714275
 40
0.8428571428571418
 40
0.857142857142856
 40
0.8714285714285702
 40
0.8857142857142845
 40
0.8999999999999987
 40
0.9142857142857129
 40
0.9285714285714272
 40
0.9428571428571414
 40
0.9571428571428556
 40
0.9714285714285699
 40
0.9857142857142841
 40
1.0
 40
1.0
 40
1.0
 40
1.0
 40
1.0
 40
1.0
 41
1.0
 41
1.0
 41
1.0
 41
1.0
 41
1.0
 41
1.0
 41
1.0
 41
1.0
 41
1.0
 41
1.0
 41
1.0
 41
1.0
 41
1.0
 41
1.0
 41
1.0
 41
1.0
 41
1.0
 41
1.0
 41
1.0
 41
1.0
 41
1.0
 41
1.0
 41
1.0
 41
1.0
 41
1.0
 41
1.0
 41
1.0
 41
1.0
 41
1.0
 41
1.0
 41
1.0
 41
1.0
 41
1.0
 41
1.0
 41
1.0
 41
1.0
 41
1.0
 41
1.0
 41
1.0
 41
1.0
 41
1.0
 41
1.0
 41
1.0
 41
1.0
 41
1.0
 41
1.0
 41
1.0
 41
1.0
 41
1.0
 41
1.0
 41
1.0
 41
1.0
 41
1.0
 41
1.0
 41
1.0
 41
1.0
 41
1.0
 41
1.0
 41
1.0
 41
1.0
 41
1.0
 41
1.0
 41
1.0
 41
1.0
 41
1.0
 41
1.0
 41
1.0
 41
1.0
 41
1.0
 41
1.0
 41
1.0
 41
1.0
 41
1.0
 41
1.0
 41
1.0
 10
711.929831158879
 20
782.920751938002
 30
0.0
 10
711.9873792262027
 20
782.8889271293297
 30
0.0
 10
712.1032849483196
 20
782.8269798604774
 30
0.0
 10
712.2795722626479
 20
782.7391659343336
 30
0.0
 10
712.5192443877149
 20
782.6317878893224
 30
0.0
 10
712.8251733542194
 20
782.5108075758701
 30
0.0
 10
713.1357032737034
 20
782.3993425754136
 30
0.0
 10
713.4491137866784
 20
782.2937227194858
 30
0.0
 10
713.7641240778017
 20
782.1912515608594
 30
0.0
 10
714.0802259751747
 20
782.090928746142
 30
0.0
 10
714.3974234384327
 20
781.992874029313
 30
0.0
 10
714.7160303810178
 20
781.8978786714464
 30
0.0
 10
715.0364566176472
 20
781.806931359561
 30
0.0
 10
715.3589753641122
 20
781.7207025660034
 30
0.0
 10
715.6835728479318
 20
781.6392120836761
 30
0.0
 10
716.0100662370257
 20
781.5620944135244
 30
0.0
 10
716.3381772715254
 20
781.488765532574
 30
0.0
 10
716.6676177424814
 20
781.4186158658398
 30
0.0
 10
716.9981828851214
 20
781.3512213250401
 30
0.0
 10
717.3297976305265
 20
781.2864479196166
 30
0.0
 10
717.6624642052647
 20
781.2243338862304
 30
0.0
 10
717.9962301238506
 20
781.1650178008083
 30
0.0
 10
718.3311507906589
 20
781.1086545217287
 30
0.0
 10
718.6672478544796
 20
781.0553215812901
 30
0.0
 10
719.0044929760359
 20
781.0049827776634
 30
0.0
 10
719.3428298843417
 20
780.9575379598641
 30
0.0
 10
719.6821874901361
 20
780.9128526786137
 30
0.0
 10
720.0224953621345
 20
780.8707931484582
 30
0.0
 10
720.3637011668849
 20
780.8312656392983
 30
0.0
 10
720.7057759101488
 20
780.7942283595966
 30
0.0
 10
721.0487044562141
 20
780.7596701443607
 30
0.0
 10
721.3924797141154
 20
780.7275974075994
 30
0.0
 10
721.7370958799672
 20
780.698018961465
 30
0.0
 10
722.0825407490506
 20
780.6709287392603
 30
0.0
 10
722.4287936786253
 20
780.6463012375584
 30
0.0
 10
722.7758295174887
 20
780.6241003908121
 30
0.0
 10
723.1236209896648
 20
780.6042849600894
 30
0.0
 10
723.4721414705486
 20
780.5868148043548
 30
0.0
 10
723.8213681544486
 20
780.571658022671
 30
0.0
 10
724.1712827918533
 20
780.5587926439548
 30
0.0
 10
724.5218699648813
 20
780.5482027909873
 30
0.0
 10
724.8731159993395
 20
780.5398762694211
 30
0.0
 10
725.22500771552
 20
780.533801787702
 30
0.0
 10
725.5775309953656
 20
780.5299657685998
 30
0.0
 10
725.9306704043651
 20
780.5283514939548
 30
0.0
 10
726.284409929657
 20
780.5289407239068
 30
0.0
 10
726.6387334276167
 20
780.5317146615424
 30
0.0
 10
726.9936251409807
 20
780.5366550791217
 30
0.0
 10
727.3490702907184
 20
780.5437455759177
 30
0.0
 10
727.7050552214092
 20
780.5529719436589
 30
0.0
 10
728.0615670083055
 20
780.5643214441966
 30
0.0
 10
728.4185931909118
 20
780.5777823428472
 30
0.0
 10
728.7761214799472
 20
780.5933433660429
 30
0.0
 10
729.1341394042527
 20
780.610993073534
 30
0.0
 10
729.4926342224983
 20
780.630719620822
 30
0.0
 10
729.8515932256618
 20
780.6525111193167
 30
0.0
 10
730.2110039535391
 20
780.6763558444442
 30
0.0
 10
730.5708544154949
 20
780.7022424728134
 30
0.0
 10
730.9311333722274
 20
780.7301603341568
 30
0.0
 10
731.2918303698373
 20
780.7600995019621
 30
0.0
 10
731.6529352814638
 20
780.7920505533892
 30
0.0
 10
732.0144379349123
 20
780.8260043810335
 30
0.0
 10
732.3763277405261
 20
780.8619519860875
 30
0.0
 10
732.7385932264082
 20
780.8998842259614
 30
0.0
 10
733.1012218881546
 20
780.9397916881583
 30
0.0
 10
733.4642010641201
 20
780.9816650078905
 30
0.0
 10
733.8275186430178
 20
781.0254950977519
 30
0.0
 10
734.1911638146116
 20
781.0712733979194
 30
0.0
 10
734.5551278500077
 20
781.1189921040193
 30
0.0
 10
734.9194047257063
 20
781.1686443900732
 30
0.0
 10
735.2839905660041
 20
781.2202246118806
 30
0.0
 10
735.5759046815461
 20
781.2630277250752
 30
0.0
 10
735.794977913305
 20
781.2959944958861
 30
0.0
 10
735.9410878898923
 20
781.3183564092126
 30
0.0
 10
736.0141581670321
 20
781.3296333824068
 30
0.0
  0
ARC
  5
14F
330
17
100
AcDbEntity
  8
cut
 62
5
420
255
100
AcDbCircle
 10
613.2507927418743
 20
837.4915075453048
 30
0.0
 40
135.00000000000003
100
AcDbArc
 50
-24.583181745052354
 51
-20.41681825494772
  0
SPLINE
  5
150
330
17
100
AcDbEntity
  8
cut
 62
5
420
255
100
AcDbSpline
 70
4
 71
5
 72
81
 73
75
 74
0
 42
1e-09
 40
-1.0
 40
-1.0
 40
-1.0
 40
-1.0
 40
-1.0
 40
-1.0
 40
-0.9857142857142841
 40
-0.9714285714285699
 40
-0.9571428571428556
 40
-0.9428571428571414
 40
-0.9285714285714272
 40
-0.9142857142857129
 40
-0.8999999999999987
 40
-0.8857142857142845
 40
-0.8714285714285702
 40
-0.857142857142856
 40
-0.8428571428571418
 40
-0.8285714285714275
 40
-0.8142857142857133
 40
-0.799999999999999
 40
-0.7857142857142848
 40
-0.7714285714285706
 40
-0.7571428571428563
 40
-0.7428571428571421
 40
-0.7285714285714279
 40
-0.7142857142857136
 40
-0.6999999999999994
 40
-0.6857142857142852
 40
-0.6714285714285709
 40
-0.6571428571428567
 40
-0.6428571428571425
 40
-0.6285714285714282
 40
-0.614285714285714
 40
-0.5999999999999998
 40
-0.5857142857142855
 40
-0.5714285714285713
 40
-0.557142857142857
 40
-0.5428571428571428
 40
-0.5285714285714286
 40
-0.5142857142857143
 40
-0.5000000000000001
 40
-0.4857142857142858
 40
-0.47142857142857153
 40
-0.45714285714285724
 40
-0.44285714285714295
 40
-0.42857142857142866
 40
-0.41428571428571437
 40
-0.4000000000000001
 40
-0.3857142857142858
 40
-0.3714285714285715
 40
-0.3571428571428572
 40
-0.3428571428571429
 40
-0.3285714285714286
 40
-0.31428571428571433
 40
-0.30000000000000004
 40
-0.28571428571428575
 40
-0.27142857142857146
 40
-0.2571428571428572
 40
-0.2428571428571429
 40
-0.22857142857142862
 40
-0.21428571428571433
 40
-0.20000000000000004
 40
-0.18571428571428575
 40
-0.17142857142857146
 40
-0.15714285714285717
 40
-0.14285714285714288
 40
-0.1285714285714286
 40
-0.1142857142857143
 40
-0.1
 40
-0.08571428571428572
 40
-0.07142857142857142
 40
-0.05714285714285714
 40
-0.04285714285714286
 40
-0.02857142857142857
 40
-0.014285714285714285
 40
0.0
 40
0.0
 40
0.0
 40
0.0
 40
0.0
 40
0.0
 41
1.0
 41
1.0
 41
1.0
 41
1.0
 41
1.0
 41
1.0
 41
1.0
 41
1.0
 41
1.0
 41
1.0
 41
1.0
 41
1.0
 41
1.0
 41
1.0
 41
1.0
 41
1.0
 41
1.0
 41
1.0
 41
1.0
 41
1.0
 41
1.0
 41
1.0
 41
1.0
 41
1.0
 41
1.0
 41
1.0
 41
1.0
 41
1.0
 41
1.0
 41
1.0
 41
1.0
 41
1.0
 41
1.0
 41
1.0
 41
1.0
 41
1.0
 41
1.0
 41
1.0
 41
1.0
 41
1.0
 41
1.0
 41
1.0
 41
1.0
 41
1.0
 41
1.0
 41
1.0
 41
1.0
 41
1.0
 41
1.0
 41
1.0
 41
1.0
 41
1.0
 41
1.0
 41
1.0
 41
1.0
 41
1.0
 41
1.0
 41
1.0
 41
1.0
 41
1.0
 41
1.0
 41
1.0
 41
1.0
 41
1.0
 41
1.0
 41
1.0
 41
1.0
 41
1.0
 41
1.0
 41
1.0
 41
1.0
 41
1.0
 41
1.0
 41
1.0
 41
1.0
 10
739.7700429800161
 20
790.3971414366242
 30
0.0
 10
739.7263485157644
 20
790.4567839493097
 30
0.0
 10
739.6388454210739
 20
790.575911565107
 30
0.0
 10
739.507248280515
 20
790.7541307600545
 30
0.0
 10
739.3311002014871
 20
790.990811582274
 30
0.0
 10
739.1097718061029
 20
791.2850854268884
 30
0.0
 10
738.887298625237
 20
791.5777775440944
 30
0.0
 10
738.6636794083732
 20
791.8688812023038
 30
0.0
 10
738.4389135880731
 20
792.158387315563
 30
0.0
 10
738.2130018180712
 20
792.446284193087
 30
0.0
 10
737.98594568965
 20
792.7325581381751
 30
0.0
 10
737.7577473410158
 20
793.017194161088
 30
0.0
 10
737.5284091033992
 20
793.3001766867854
 30
0.0
 10
737.2979331631086
 20
793.5814902176784
 30
0.0
 10
737.0663211672127
 20
793.8611201771232
 30
0.0
 10
736.8335742406119
 20
794.1390527139843
 30
0.0
 10
736.5996931362265
 20
794.415274195526
 30
0.0
 10
736.3646783518743
 20
794.6897707980226
 30
0.0
 10
736.1285302604742
 20
794.9625281103464
 30
0.0
 10
735.8912492643941
 20
795.2335306400929
 30
0.0
 10
735.652835835447
 20
795.5027619017557
 30
0.0
 10
735.4132904938022
 20
795.7702047941141
 30
0.0
 10
735.1726138195922
 20
796.0358419240298
 30
0.0
 10
734.9308064469733
 20
796.2996559066966
 30
0.0
 10
734.6878691049079
 20
796.5616298341954
 30
0.0
 10
734.4438025116139
 20
796.8217470450759
 30
0.0
 10
734.1986071803177
 20
797.0799904307631
 30
0.0
 10
733.9522832429648
 20
797.3363418448489
 30
0.0
 10
733.7048303086303
 20
797.5907815847278
 30
0.0
 10
733.4562472306021
 20
797.8432876029815
 30
0.0
 10
733.2065322619891
 20
798.0938358685839
 30
0.0
 10
732.9556835266333
 20
798.3424016748435
 30
0.0
 10
732.7036994498083
 20
798.5889608014286
 30
0.0
 10
732.4505791238379
 20
798.8334905129673
 30
0.0
 10
732.1963229311446
 20
799.0759712259344
 30
0.0
 10
731.9409322068543
 20
799.3163856365345
 30
0.0
 10
731.6844079973762
 20
799.554715452947
 30
0.0
 10
731.4267499779097
 20
799.7909385461944
 30
0.0
 10
731.1679555169061
 20
800.0250264760215
 30
0.0
 10
730.9080181830553
 20
800.2569405589999
 30
0.0
 10
730.6469284187979
 20
800.4866335846925
 30
0.0
 10
730.3846763508329
 20
800.7140571057434
 30
0.0
 10
730.1212542615531
 20
800.9391678353736
 30
0.0
 10
729.8566587139342
 20
801.1619331433152
 30
0.0
 10
729.5908940482128
 20
801.3823401097264
 30
0.0
 10
729.3239705994886
 20
801.6003908617727
 30
0.0
 10
729.0558979172202
 20
801.8160849207733
 30
0.0
 10
728.7866788091306
 20
802.0294036893222
 30
0.0
 10
728.516304226163
 20
802.2402971143168
 30
0.0
 10
728.2447448964672
 20
802.44866191323
 30
0.0
 10
727.9719560218804
 20
802.6543536830208
 30
0.0
 10
727.6978928001046
 20
802.857227085994
 30
0.0
 10
727.4225242032953
 20
803.0571715151137
 30
0.0
 10
727.1458446717887
 20
803.2541413329262
 30
0.0
 10
726.8678937211921
 20
803.4482066710519
 30
0.0
 10
726.5887416761063
 20
803.6395162077091
 30
0.0
 10
726.3084529266736
 20
803.828201528711
 30
0.0
 10
726.0270529358745
 20
804.0142912458813
 30
0.0
 10
725.7445000398184
 20
804.1976375318459
 30
0.0
 10
725.4606391533647
 20
804.3777957203458
 30
0.0
 10
725.1752430364103
 20
804.5541309822733
 30
0.0
 10
724.8880954817895
 20
804.7260335915823
 30
0.0
 10
724.5990673244463
 20
804.8931158196093
 30
0.0
 10
724.3081822986908
 20
805.0553819234352
 30
0.0
 10
724.0157213073269
 20
805.2134991913415
 30
0.0
 10
723.7220936748848
 20
805.3684565133893
 30
0.0
 10
723.4276369371122
 20
805.5210353659734
 30
0.0
 10
723.1324329729745
 20
805.6713232278295
 30
0.0
 10
722.8361337576002
 20
805.8182534104948
 30
0.0
 10
722.537738288084
 20
805.9590135646354
 30
0.0
 10
722.2358678412752
 20
806.0897920113799
 30
0.0
 10
721.9904663126008
 20
806.1833380524982
 30
0.0
 10
721.8037185345432
 20
806.2458981852379
 30
0.0
 10
721.6779574785747
 20
806.2840525734438
 30
0.0
 10
721.6147613119036
 20
806.3022416640704
 30
0.0
  0
LINE
  5
151
330
17
100
AcDbEntity
  8
cut
 62
5
420
255
100
AcDbLine
 10
721.6147613119036
 20
806.3022416640704
 30
0.0
 11
717.497968501676
 21
807.4871350122055
 31
0.0
  0
ARC
  5
152
330
17
100
AcDbEntity
  8
cut
 62
5
420
255
100
AcDbCircle
 10
719.1575146762086
 20
813.2530613466806
 30
0.0
 40
5.999999999999982
100
AcDbArc
 50
167.1089605949568
 51
-106.0568515703546
  0
CIRCLE
  5
153
330
17
100
AcDbEntity
  8
cut
 62
5
420
255
100
AcDbCircle
 10
613.2507927418743
 20
837.4915075453048
 30
0.0
 40
3.9
  0
CIRCLE
  5
154
330
17
100
AcDbEntity
  8
cut
 62
5
420
255
100
AcDbCircle
 10
613.2507927418743
 20
927.4915082605605
 30
0.0
 40
3.9
  0
LWPOLYLINE
  5
155
330
17
100
AcDbEntity
  8
line engraving
 62
1
420
16711680
100
AcDbPolyline
 90
50
 70
0
 10
628.7021484717516
 20
848.4368200453048
 10
628.7021484717516
 20
849.5208284013758
 10
628.4858776814954
 20
849.2212598608104
 10
628.2455908479027
 20
848.9616337923205
 10
627.9812879709735
 20
848.7419501959059
 10
627.6929690507079
 20
848.5622090715667
 10
627.3806340871058
 20
848.422410419303
 10
627.0442830801674
 20
848.3225542391145
 10
626.6839160298923
 20
848.2626405310015
 10
626.2995329362809
 20
848.2426692949638
 10
625.79620722804
 20
848.278061358828
 10
625.3136111572052
 20
848.3842375504207
 10
624.8517447237766
 20
848.561197869742
 10
624.4106079277543
 20
848.8089423167918
 10
624.0041047942277
 20
849.120139678341
 10
623.6461393482864
 20
849.4874587411608
 10
623.3367115899302
 20
849.9108995052511
 10
623.0758215191595
 20
850.3904619706118
 10
622.8687779455536
 20
850.9170453208206
 10
622.7208896786922
 20
851.4815487394555
 10
622.6321567185754
 20
852.0839722265164
 10
622.6025790652031
 20
852.7243157820033
 10
622.6293759135575
 20
853.3525249155938
 10
622.7097664586206
 20
853.950903595356
 10
622.8437507003924
 20
854.5194518212896
 10
623.031328638873
 20
855.0581695933948
 10
623.1452152443791
 20
855.3124236521911
 10
623.2725002740623
 20
855.5513832833889
 10
623.4131837279227
 20
855.7750484869882
 10
623.5672656059603
 20
855.983419262989
 10
623.7347459081751
 20
856.1764956113914
 10
623.915624634567
 20
856.3542775321952
 10
624.1099017851362
 20
856.5167650254006
 10
624.3175773598825
 20
856.6639580910074
 10
624.7589669563611
 20
856.9081633316708
 10
625.2256365984568
 20
857.0825956464304
 10
625.71758628617
 20
857.1872550352861
 10
626.2348160195005
 20
857.222141498238
 10
626.6124999010234
 20
857.201664661288
 10
626.9689485442277
 20
857.1402341504379
 10
627.3041619491134
 20
857.0378499656877
 10
627.6181401156806
 20
856.8945121070374
 10
627.9073438375428
 20
856.7183101890846
 10
628.1682339083136
 20
856.5173338264269
 10
628.400810327993
 20
856.2915830190642
 10
628.605073096581
 20
856.0410577669965
 10
628.605073096581
 20
860.2961950453048
 10
630.0531141095414
 20
860.2961950453048
 10
630.0531141095414
 20
848.4368200453048
 10
628.7021484717516
 20
848.4368200453048
  0
LWPOLYLINE
  5
156
330
17
100
AcDbEntity
  8
line engraving
 62
1
420
16711680
100
AcDbPolyline
 90
65
 70
0
 10
624.0991577657488
 20
852.7243157820033
 10
624.1100281853643
 20
852.3247646610214
 10
624.1426394442107
 20
851.9512519870254
 10
624.1969915422878
 20
851.6037777600153
 10
624.273084479596
 20
851.2823419799911
 10
624.370918256135
 20
850.9869446469526
 10
624.4904928719051
 20
850.7175857609
 10
624.6318083269059
 20
850.4742653218332
 10
624.7948646211377
 20
850.2569833297523
 10
624.9727097420555
 20
850.065486984201
 10
625.1583916771148
 20
849.8995234847233
 10
625.3519104263154
 20
849.7590928313191
 10
625.5532659896573
 20
849.6441950239883
 10
625.7624583671408
 20
849.5548300627311
 10
625.9794875587655
 20
849.4909979475473
 10
626.2043535645316
 20
849.4526986784371
 10
626.4370563844391
 20
849.4399322554003
 10
626.6712128069696
 20
849.4521298774107
 10
626.896394813306
 20
849.4887227434417
 10
627.1126024034481
 20
849.5497108534936
 10
627.3198355773961
 20
849.635094207566
 10
627.5180943351501
 20
849.7448728056593
 10
627.7073786767098
 20
849.8790466477732
 10
627.8876886020754
 20
850.0376157339078
 10
628.0590241112468
 20
850.2205800640633
 10
628.215444393504
 20
850.4285716393798
 10
628.3510086381269
 20
850.662222460998
 10
628.4657168451155
 20
850.9215325289176
 10
628.5595690144698
 20
851.206501843139
 10
628.6325651461898
 20
851.5171304036619
 10
628.6847052402755
 20
851.8534182104863
 10
628.715989296727
 20
852.2153652636125
 10
628.7264173155442
 20
852.6029715630401
 10
628.7157996963849
 20
853.0291931321482
 10
628.6839468389071
 20
853.4260898483402
 10
628.6308587431107
 20
853.7936617116162
 10
628.5565354089957
 20
854.1319087219761
 10
628.4609768365623
 20
854.4408308794198
 10
628.3441830258103
 20
854.7204281839473
 10
628.2061539767396
 20
854.9707006355588
 10
628.0468896893505
 20
855.1916482342543
 10
627.8720781739066
 20
855.3850405832269
 10
627.6874074406721
 20
855.5526472856698
 10
627.4928774896467
 20
855.6944683415829
 10
627.2884883208307
 20
855.8105037509665
 10
627.0742399342239
 20
855.9007535138203
 10
626.8501323298262
 20
855.9652176301445
 10
626.6161655076379
 20
856.0038960999391
 10
626.3723394676588
 20
856.0167889232039
 10
626.1346438387419
 20
856.0044017008514
 10
625.9069338278438
 20
855.9672400337939
 10
625.6892094349646
 20
855.9053039220314
 10
625.4814706601042
 20
855.8185933655641
 10
625.2837175032627
 20
855.7071083643916
 10
625.09594996444
 20
855.5708489185142
 10
624.9181680436361
 20
855.4098150279318
 10
624.7503717408512
 20
855.2240066926445
 10
624.5977434654366
 20
855.0115279092308
 10
624.4654656267439
 20
854.7704826742696
 10
624.3535382247732
 20
854.5008709877609
 10
624.2619612595245
 20
854.2026928497045
 10
624.1907347309976
 20
853.8759482601006
 10
624.1398586391928
 20
853.520637218949
 10
624.1093329841098
 20
853.1367597262499
 10
624.0991577657488
 20
852.7243157820033
  0
LWPOLYLINE
  5
157
330
17
100
AcDbEntity
  8
line engraving
 62
1
420
16711680
100
AcDbPolyline
 90
35
 70
0
 10
632.3262958114514
 20
848.4368200453048
 10
632.3262958114514
 20
857.0279907478969
 10
633.6368133762536
 20
857.0279907478969
 10
633.6368133762536
 20
855.7255627976922
 10
633.8827882201101
 20
856.1436947522028
 10
634.1191566466322
 20
856.483964166212
 10
634.3459186558196
 20
856.7463710397199
 10
634.5630742476724
 20
856.9309153727263
 10
634.7807354404375
 20
857.0583268026377
 10
635.009014252362
 20
857.1493349668601
 10
635.2479106834458
 20
857.2039398653935
 10
635.4974247336888
 20
857.222141498238
 10
635.867019000614
 20
857.1928166453218
 10
636.2396468730135
 20
857.1048420865736
 10
636.615308350887
 20
856.958217821993
 10
636.9940034342345
 20
856.7529438515803
 10
636.4924473291867
 20
855.4019782137905
 10
636.2254900474677
 20
855.5400072628611
 10
635.9585327657488
 20
855.6385994407686
 10
635.6915754840298
 20
855.6977547475133
 10
635.4246182023109
 20
855.7174731830947
 10
635.1920417826315
 20
855.6995243507064
 10
634.9715997848484
 20
855.6456778535415
 10
634.7632922089616
 20
855.5559336916
 10
634.5671190549712
 20
855.4302918648818
 10
634.3906643365623
 20
855.2727971806859
 10
634.24151206742
 20
855.087494446311
 10
634.1196622475445
 20
854.8743836617568
 10
634.0251148769357
 20
854.6334648270238
 10
633.9189386853429
 20
854.2360625099194
 10
633.843098548491
 20
853.8204585599706
 10
633.7975944663797
 20
853.3866529771772
 10
633.7824264390093
 20
852.9346457615394
 10
633.7824264390093
 20
848.4368200453048
 10
632.3262958114514
 20
848.4368200453048
  0
LWPOLYLINE
  5
158
330
17
100
AcDbEntity
  8
line engraving
 62
1
420
16711680
100
AcDbPolyline
 90
5
 70
0
 10
637.8676818107692
 20
858.6216448236131
 10
637.8676818107692
 20
860.2961950453048
 10
639.3238124383272
 20
860.2961950453048
 10
639.3238124383272
 20
858.6216448236131
 10
637.8676818107692
 20
858.6216448236131
  0
LWPOLYLINE
  5
159
330
17
100
AcDbEntity
  8
line engraving
 62
1
420
16711680
100
AcDbPolyline
 90
5
 70
0
 10
637.8676818107692
 20
848.4368200453048
 10
637.8676818107692
 20
857.0279907478969
 10
639.3238124383272
 20
857.0279907478969
 10
639.3238124383272
 20
848.4368200453048
 10
637.8676818107692
 20
848.4368200453048
  0
LWPOLYLINE
  5
15A
330
17
100
AcDbEntity
  8
line engraving
 62
1
420
16711680
100
AcDbPolyline
 90
16
 70
0
 10
643.9268031443299
 20
848.4368200453048
 10
640.658598846922
 20
857.0279907478969
 10
642.1956256204555
 20
857.0279907478969
 10
644.0400577486956
 20
851.8829958638587
 10
644.1866820132761
 20
851.4623359047864
 10
644.3272390669084
 20
851.0335863311166
 10
644.4617289095926
 20
850.5967471428492
 10
644.5901515413286
 20
850.1518183399842
 10
644.6968333338338
 20
850.5087725841008
 10
644.822727961008
 20
850.9001076902571
 10
644.9678354228514
 20
851.3258236584528
 10
645.132155719364
 20
851.7859204886881
 10
647.0413047643846
 20
857.0279907478969
 10
648.5378834649302
 20
857.0279907478969
 10
645.2858583967175
 20
848.4368200453048
 10
643.9268031443299
 20
848.4368200453048
  0
LWPOLYLINE
  5
15B
330
17
100
AcDbEntity
  8
line engraving
 62
1
420
16711680
100
AcDbPolyline
 90
95
 70
0
 10
655.7052819983545
 20
851.203468237665
 10
657.2099503134978
 20
851.0174071019214
 10
657.1114845358182
 20
850.6969825237219
 10
656.9940587239258
 20
850.3950123788229
 10
656.8576728778203
 20
850.1114966672246
 10
656.7023269975018
 20
849.8464353889269
 10
656.5280210829704
 20
849.5998285439299
 10
656.3347551342259
 20
849.3716761322336
 10
656.1225291512685
 20
849.1619781538378
 10
655.8913431340981
 20
848.9707346087428
 10
655.6423346847674
 20
848.8000943008258
 10
655.3766414053293
 20
848.6522060339645
 10
655.0942632957838
 20
848.5270698081587
 10
654.7952003561307
 20
848.4246856234085
 10
654.4794525863704
 20
848.3450534797139
 10
654.1470199865025
 20
848.2881733770749
 10
653.7979025565272
 20
848.2540453154916
 10
653.4321002964446
 20
848.2426692949638
 10
652.9730778681479
 20
848.2608077276942
 10
652.538450683872
 20
848.3152230258855
 10
652.1282187436169
 20
848.4059151895376
 10
651.7423820473825
 20
848.5328842186507
 10
651.3809405951688
 20
848.6961301132245
 10
651.0438943869758
 20
848.8956528732592
 10
650.7312434228036
 20
849.1314524987548
 10
650.442987702652
 20
849.4035289897113
 10
650.1841832356446
 20
849.7083431397422
 10
649.9598860309048
 20
850.0423557424612
 10
649.7700960884328
 20
850.405566797868
 10
649.6148134082283
 20
850.797976305963
 10
649.4940379902915
 20
851.219584266746
 10
649.4077698346224
 20
851.670390680217
 10
649.3560089412209
 20
852.150395546376
 10
649.3387553100871
 20
852.659598865223
 10
649.356198541563
 20
853.186435015888
 10
649.408528235991
 20
853.6829351118123
 10
649.4957443933707
 20
854.1490991529957
 10
649.6178470137024
 20
854.5849271394385
 10
649.774836096986
 20
854.9904190711403
 10
649.9667116432215
 20
855.3655749481014
 10
650.1934736524089
 20
855.7103947703218
 10
650.4551221245482
 20
856.0248785378013
 10
650.7445786468666
 20
856.3054870441537
 10
651.0547648065912
 20
856.5486810829924
 10
651.385680603722
 20
856.7544606543174
 10
651.737326038259
 20
856.9228257581289
 10
652.1097011102022
 20
857.0537763944266
 10
652.5028058195517
 20
857.1473125632107
 10
652.9166401663073
 20
857.2034342644812
 10
653.3512041504691
 20
857.222141498238
 10
653.7721169099976
 20
857.2038134651655
 10
654.1733112339446
 20
857.1488293659478
 10
654.55478712231
 20
857.057189200585
 10
654.9165445750939
 20
856.928892969077
 10
655.2585835922964
 20
856.7639406714239
 10
655.5809041739172
 20
856.5623323076258
 10
655.8835063199566
 20
856.3240678776824
 10
656.1663900304145
 20
856.049147381594
 10
656.42235049229
 20
855.7409836255188
 10
656.644182892582
 20
855.4029894156151
 10
656.8318872312907
 20
855.035164751883
 10
656.9854635084159
 20
854.6375096343226
 10
657.1049117239578
 20
854.2100240629336
 10
657.1902318779163
 20
853.7527080377162
 10
657.2414239702913
 20
853.2655615586702
 10
657.258488001083
 20
852.748584625796
 10
657.2579824001707
 20
852.6757780944181
 10
657.2564655974336
 20
852.5867923338451
 10
657.2539375928719
 20
852.481627344077
 10
657.2503983864855
 20
852.3602831251138
 10
650.8434236252303
 20
852.3602831251138
 10
650.873633279743
 20
852.0167273051744
 10
650.9238141702934
 20
851.6939011226411
 10
650.9939662968816
 20
851.3918045775141
 10
651.0840896595073
 20
851.1104376697932
 10
651.1941842581707
 20
850.8498003994786
 10
651.3242500928719
 20
850.6098927665702
 10
651.4742871636108
 20
850.3907147710679
 10
651.6442954703873
 20
850.1922664129719
 10
651.8298510052184
 20
850.0159380947911
 10
652.0265297601213
 20
849.8631202190343
 10
652.2343317350957
 20
849.7338127857017
 10
652.4532569301417
 20
849.6280157947932
 10
652.6833053452594
 20
849.5457292463088
 10
652.9244769804486
 20
849.4869531402485
 10
653.1767718357096
 20
849.4516874766124
 10
653.4401899110421
 20
849.4399322554003
 10
653.8259634071625
 20
849.4662235028424
 10
654.1824120503668
 20
849.5450972451683
 10
654.509535840655
 20
849.6765534823785
 10
654.8073347780271
 20
849.8605922144726
 10
655.0758088624831
 20
850.1022694505742
 10
655.314958094023
 20
850.4066411998068
 10
655.5247824726468
 20
850.7737074621705
 10
655.7052819983545
 20
851.203468237665
  0
LWPOLYLINE
  5
15C
330
17
100
AcDbEntity
  8
line engraving
 62
1
420
16711680
100
AcDbPolyline
 90
34
 70
0
 10
650.9243197712058
 20
853.5575460855504
 10
655.7214612275496
 20
853.5575460855504
 10
655.6916307737212
 20
853.8200793592863
 10
655.6506770998211
 20
854.0656750024586
 10
655.5986002058494
 20
854.2943330150673
 10
655.5354000918061
 20
854.5060533971125
 10
655.4610767576912
 20
854.7008361485939
 10
655.3756302035047
 20
854.8786812695118
 10
655.2790604292464
 20
855.0395887598661
 10
655.1713674349166
 20
855.1835586196568
 10
654.990994309437
 20
855.3807429754719
 10
654.7977283606925
 20
855.551636083845
 10
654.5915695886832
 20
855.6962379447762
 10
654.3725179934091
 20
855.8145485582652
 10
654.1405735748701
 20
855.9065679243123
 10
653.8957363330663
 20
855.9722960429173
 10
653.6380062679978
 20
856.0117329140803
 10
653.3673833796643
 20
856.0248785378013
 10
653.1215981361498
 20
856.0143873188701
 10
652.8857985106542
 20
855.9829136620766
 10
652.6599845031774
 20
855.9304575674206
 10
652.4441561137195
 20
855.8570190349024
 10
652.2383133422804
 20
855.7625980645216
 10
652.0424561888601
 20
855.6471946562785
 10
651.8565846534588
 20
855.510808810173
 10
651.6806987360762
 20
855.3534405262052
 10
651.5193488449237
 20
855.1785026105333
 10
651.3770853882122
 20
854.9894078693158
 10
651.2539083659417
 20
854.7861563025524
 10
651.1498177781124
 20
854.5687479102435
 10
651.0648136247241
 20
854.3371826923888
 10
650.9988959057769
 20
854.0914606489883
 10
650.9520646212708
 20
853.8315817800421
 10
650.9243197712058
 20
853.5575460855504
  0
LWPOLYLINE
  5
15D
330
17
100
AcDbEntity
  8
line engraving
 62
1
420
16711680
100
AcDbPolyline
 90
61
 70
0
 10
659.0382032125428
 20
848.4368200453048
 10
659.0382032125428
 20
857.0279907478969
 10
660.348720777345
 20
857.0279907478969
 10
660.348720777345
 20
855.8064589436676
 10
660.5984876280442
 20
856.1382595423951
 10
660.8745457261854
 20
856.4258200612921
 10
661.1768950717686
 20
856.6691405003589
 10
661.5055356647938
 20
856.8682208595953
 10
661.8604675052611
 20
857.0230611390016
 10
662.2416905931703
 20
857.1336613385773
 10
662.6492049285217
 20
857.2000214583228
 10
663.083010511315
 20
857.222141498238
 10
663.4634751978557
 20
857.2046982667621
 10
663.8282662561137
 20
857.1523685723341
 10
664.177383686089
 20
857.0651524149544
 10
664.5108274877815
 20
856.9430497946227
 10
664.8159576383827
 20
856.7926335231996
 10
665.0801341150838
 20
856.6204764125456
 10
665.3033569178847
 20
856.4265784626607
 10
665.4856260467857
 20
856.2109396735449
 10
665.6352839168402
 20
855.9738128456544
 10
665.7606729431021
 20
855.7154507794453
 10
665.8617931255715
 20
855.4358534749177
 10
665.9386444642481
 20
855.1350209320715
 10
665.9740365281124
 20
854.8948604987069
 10
665.9993165737296
 20
854.5788599284904
 10
666.0144846011001
 20
854.1870192214218
 10
666.0195406102235
 20
853.7193383775012
 10
666.0195406102235
 20
848.4368200453048
 10
664.5634099826656
 20
848.4368200453048
 10
664.5634099826656
 20
853.6627110753184
 10
664.5527923635063
 20
854.0795790275481
 10
664.5209395060285
 20
854.4403252785073
 10
664.4678514102321
 20
854.7449498281961
 10
664.3935280761171
 20
854.9934526766144
 10
664.2921550931917
 20
855.2027714543259
 10
664.1579180509636
 20
855.3898437918941
 10
663.9908169494331
 20
855.5546696893191
 10
663.7908517886001
 20
855.6972491466008
 10
663.5651009812374
 20
855.8122733541596
 10
663.3206429401179
 20
855.894433502416
 10
663.0574776652414
 20
855.9437295913698
 10
662.7756051566083
 20
855.960161621021
 10
662.5470103441137
 20
855.9509344043707
 10
662.3263787459884
 20
855.9232527544198
 10
662.1137103622326
 20
855.8771166711681
 10
661.9090051928463
 20
855.8125261546159
 10
661.7122632378295
 20
855.7294812047629
 10
661.5234844971822
 20
855.6279818216094
 10
661.3426689709042
 20
855.5080280051552
 10
661.1698166589957
 20
855.3696197554003
 10
661.0115003733172
 20
855.2054258591157
 10
660.8742929257292
 20
855.0081151030726
 10
660.7581943162317
 20
854.7776874872706
 10
660.6632045448246
 20
854.51414301171
 10
660.5893236115079
 20
854.2174816763907
 10
660.5365515162817
 20
853.8877034813127
 10
660.504888259146
 20
853.5248084264759
 10
660.4943338401008
 20
853.1287965118805
 10
660.4943338401008
 20
848.4368200453048
 10
659.0382032125428
 20
848.4368200453048
  0
LWPOLYLINE
  5
15E
330
17
100
AcDbEntity
  8
line engraving
 62
1
420
16711680
100
AcDbPolyline
 90
105
 70
0
 10
672.5883076634295
 20
847.7249339607209
 10
674.0039902179998
 20
847.5146039811847
 10
674.0682015338678
 20
847.2092210301274
 10
674.1718497208989
 20
846.9483309593567
 10
674.3149347790929
 20
846.7319337688723
 10
674.49745670845
 20
846.5600294586745
 10
674.7932332421727
 20
846.3830691393532
 10
675.1385586653054
 20
846.2566689112666
 10
675.5334329778481
 20
846.1808287744146
 10
675.9778561798006
 20
846.1555487287973
 10
676.4546378401434
 20
846.1808287744146
 10
676.8737809964787
 20
846.2566689112666
 10
677.2352856488064
 20
846.3830691393532
 10
677.5391517971267
 20
846.5600294586745
 10
677.7919522533
 20
846.782493860107
 10
678.0002598291867
 20
847.0454063345271
 10
678.164074524787
 20
847.348766881935
 10
678.2833963401008
 20
847.6925755023307
 10
678.3098139877709
 20
847.8191021306454
 10
678.3324396285984
 20
847.9762176141571
 10
678.3512732625833
 20
848.1639219528657
 10
678.3663148897256
 20
848.3822151467714
 10
678.3775645100253
 20
848.631097195874
 10
678.3850221234824
 20
848.9105681001735
 10
678.3886877300969
 20
849.22062785967
 10
678.3885613298688
 20
849.5612764743635
 10
678.1425864860123
 20
849.2977319988029
 10
677.8819492156977
 20
849.0693267866503
 10
677.606649518925
 20
848.8760608379058
 10
677.3166873956943
 20
848.7179341525695
 10
677.0120628460055
 20
848.5949467306411
 10
676.6927758698587
 20
848.507098572121
 10
676.3588264672538
 20
848.4543896770089
 10
676.0102146381909
 20
848.4368200453048
 10
675.5798218615558
 20
848.4567912813425
 10
675.1744563300821
 20
848.5167049894555
 10
674.7941180437693
 20
848.616561169644
 10
674.4388070026179
 20
848.7563598219078
 10
674.1085232066274
 20
848.9361009462469
 10
673.8032666557982
 20
849.1557845426615
 10
673.5230373501302
 20
849.4154106111514
 10
673.2678352896232
 20
849.7149791517168
 10
673.0403148790673
 20
850.0424821426892
 10
672.8431305232522
 20
850.3859115624007
 10
672.6762822221779
 20
850.7452674108509
 10
672.5397699758443
 20
851.1205496880401
 10
672.4335937842516
 20
851.5117583939683
 10
672.3577536473996
 20
851.9188935286353
 10
672.3122495652883
 20
852.3419550920413
 10
672.297081537918
 20
852.7809430841861
 10
672.324889588097
 20
853.3838721721593
 10
672.4083137386342
 20
853.9630380172523
 10
672.5473539895295
 20
854.5184406194649
 10
672.7420103407829
 20
855.0500799787973
 10
672.9895019873766
 20
855.5402600633172
 10
673.2870481242925
 20
855.9712848410927
 10
673.6346487515307
 20
856.3431543121235
 10
674.0323038690913
 20
856.6558684764099
 10
674.4734406651136
 20
856.9036129234597
 10
674.9514863277373
 20
857.0805732427809
 10
675.4664408569621
 20
857.1867494343737
 10
676.0183042527883
 20
857.222141498238
 10
676.3901737238192
 20
857.2029286635689
 10
676.7453583647426
 20
857.1452901595613
 10
677.0838581755586
 20
857.0492259862154
 10
677.4056731562672
 20
856.9147361435313
 10
677.7108033068683
 20
856.7418206315087
 10
677.999248627362
 20
856.5304794501479
 10
678.2710091177482
 20
856.2807125994487
 10
678.5260847780271
 20
855.9925200794112
 10
678.5260847780271
 20
857.0279907478969
 10
679.8689608012195
 20
857.0279907478969
 10
679.8689608012195
 20
849.6017245473512
 10
679.8625775897011
 20
849.118433275262
 10
679.843427955146
 20
848.6716716690897
 10
679.811511897554
 20
848.2614397288346
 10
679.7668294169255
 20
847.8877374544965
 10
679.70938051326
 20
847.5505648460754
 10
679.639165186558
 20
847.2499219035714
 10
679.5561834368191
 20
846.9858086269843
 10
679.4604352640434
 20
846.7582250163143
 10
679.226342041627
 20
846.3615811005785
 10
678.9325879115537
 20
846.0089244642168
 10
678.5791728738235
 20
845.7002551072293
 10
678.1660969284364
 20
845.4355730296159
 10
677.6976576831473
 20
845.2232206464303
 10
677.1781527457113
 20
845.0715403727263
 10
676.6075821161282
 20
844.980532208504
 10
675.9859457943982
 20
844.9501961537632
 10
675.6109163176651
 20
844.9610033732646
 10
675.2543412742327
 20
844.9934250317688
 10
674.916220664101
 20
845.0474611292758
 10
674.5965544872699
 20
845.1231116657857
 10
674.2953427437395
 20
845.2203766412983
 10
674.0125854335097
 20
845.3392560558138
 10
673.7482825565805
 20
845.4797499093321
 10
673.5024341129521
 20
845.6418582018532
 10
673.2811073135724
 20
845.8257073336052
 10
673.0903693693897
 20
846.0314237048162
 10
672.9302202804039
 20
846.2590073154862
 10
672.8006600466151
 20
846.5084581656151
 10
672.7016886680233
 20
846.7797762552032
 10
672.6333061446284
 20
847.07296158425
 10
672.5955124764305
 20
847.388014152756
 10
672.5883076634295
 20
847.7249339607209
  0
LWPOLYLINE
  5
15F
330
17
100
AcDbEntity
  8
line engraving
 62
1
420
16711680
100
AcDbPolyline
 90
65
 70
0
 10
673.7936602384636
 20
852.8861080739541
 10
673.8041514573948
 20
852.4777089370062
 10
673.8356251141884
 20
852.097876251606
 10
673.8880812088444
 20
851.7466100177531
 10
673.9615197413627
 20
851.423910235448
 10
674.0559407117435
 20
851.1297769046904
 10
674.1713441199865
 20
850.8642100254805
 10
674.307729966092
 20
850.627209597818
 10
674.4650982500599
 20
850.4187756217032
 10
674.6382665625385
 20
850.2367592932584
 10
674.8220524941765
 20
850.0790118086063
 10
675.0164560449738
 20
849.9455331677468
 10
675.2214772149302
 20
849.83632337068
 10
675.4371160040461
 20
849.7513824174057
 10
675.6633724123211
 20
849.6907103079242
 10
675.9002464397554
 20
849.6543070422352
 10
676.147738086349
 20
849.6421726203389
 10
676.3934601297494
 20
849.6542438421212
 10
676.6290701549029
 20
849.690457507468
 10
676.8545681618094
 20
849.7508136163793
 10
677.0699541504691
 20
849.8353121688552
 10
677.2752281208818
 20
849.9439531648957
 10
677.4703900730475
 20
850.0767366045008
 10
677.6554400069664
 20
850.2336624876702
 10
677.8303779226383
 20
850.4147308144044
 10
677.9896422100275
 20
850.6215847876681
 10
678.127671259098
 20
850.8558676104267
 10
678.2444650698501
 20
851.1175792826801
 10
678.3400236422835
 20
851.4067198044282
 10
678.4143469763985
 20
851.7232891756712
 10
678.4674350721948
 20
852.067287396409
 10
678.4992879296727
 20
852.4387144666416
 10
678.509905548832
 20
852.837570386369
 10
678.4989719291025
 20
853.219804676103
 10
678.466171069914
 20
853.5777701220443
 10
678.4115029712665
 20
853.9114667241929
 10
678.3349676331601
 20
854.220894482549
 10
678.2365650555946
 20
854.5060533971124
 10
678.1162952385703
 20
854.7669434678833
 10
677.9741581820869
 20
855.0035646948614
 10
677.8101538861445
 20
855.2159170780469
 10
677.6307287623755
 20
855.4036214167555
 10
677.4423292224124
 20
855.5662985103031
 10
677.244955266255
 20
855.7039483586894
 10
677.0386068939036
 20
855.8165709619146
 10
676.8232841053581
 20
855.9041663199787
 10
676.5989869006183
 20
855.9667344328816
 10
676.3657152796844
 20
856.0042753006232
 10
676.1234692425564
 20
856.0167889232039
 10
675.8853312128413
 20
856.0044649009654
 10
675.6562939995483
 20
855.96749283425
 10
675.4363576026775
 20
855.9058727230579
 10
675.225522022229
 20
855.8196045673888
 10
675.0237872582028
 20
855.7086883672426
 10
674.8311533105987
 20
855.5731241226198
 10
674.6476201794169
 20
855.41291183352
 10
674.4731878646573
 20
855.2280514999433
 10
674.3139235772682
 20
855.0189223225739
 10
674.1758945281977
 20
854.7859035020962
 10
674.0591007174455
 20
854.5289950385102
 10
673.9635421450121
 20
854.2481969318156
 10
673.8892188108971
 20
853.9435091820128
 10
673.8361307151008
 20
853.6149317891017
 10
673.8042778576229
 20
853.2624647530821
 10
673.7936602384636
 20
852.8861080739541
  0
LWPOLYLINE
  5
160
330
17
100
AcDbEntity
  8
line engraving
 62
1
420
16711680
100
AcDbPolyline
 90
95
 70
0
 10
687.9504857841663
 20
851.203468237665
 10
689.4551540993095
 20
851.0174071019214
 10
689.35668832163
 20
850.6969825237219
 10
689.2392625097375
 20
850.3950123788229
 10
689.1028766636321
 20
850.1114966672246
 10
688.9475307833136
 20
849.8464353889269
 10
688.7732248687821
 20
849.5998285439299
 10
688.5799589200376
 20
849.3716761322336
 10
688.3677329370802
 20
849.1619781538378
 10
688.1365469199097
 20
848.9707346087428
 10
687.8875384705791
 20
848.8000943008258
 10
687.621845191141
 20
848.6522060339645
 10
687.3394670815954
 20
848.5270698081587
 10
687.0404041419425
 20
848.4246856234085
 10
686.7246563721822
 20
848.3450534797139
 10
686.3922237723143
 20
848.2881733770749
 10
686.043106342339
 20
848.2540453154916
 10
685.6773040822563
 20
848.2426692949638
 10
685.2182816539597
 20
848.2608077276942
 10
684.7836544696838
 20
848.3152230258855
 10
684.3734225294287
 20
848.4059151895376
 10
683.9875858331943
 20
848.5328842186507
 10
683.6261443809806
 20
848.6961301132245
 10
683.2890981727875
 20
848.8956528732592
 10
682.9764472086152
 20
849.1314524987548
 10
682.6881914884636
 20
849.4035289897113
 10
682.4293870214563
 20
849.7083431397422
 10
682.2050898167165
 20
850.0423557424612
 10
682.0152998742445
 20
850.405566797868
 10
681.8600171940401
 20
850.797976305963
 10
681.7392417761033
 20
851.219584266746
 10
681.6529736204342
 20
851.670390680217
 10
681.6012127270327
 20
852.150395546376
 10
681.5839590958989
 20
852.659598865223
 10
681.6014023273748
 20
853.186435015888
 10
681.6537320218027
 20
853.6829351118123
 10
681.7409481791825
 20
854.1490991529957
 10
681.8630507995142
 20
854.5849271394385
 10
682.0200398827977
 20
854.9904190711403
 10
682.2119154290333
 20
855.3655749481014
 10
682.4386774382207
 20
855.7103947703218
 10
682.70032591036
 20
856.0248785378013
 10
682.9897824326783
 20
856.3054870441537
 10
683.2999685924029
 20
856.5486810829924
 10
683.6308843895338
 20
856.7544606543174
 10
683.9825298240708
 20
856.9228257581289
 10
684.354904896014
 20
857.0537763944266
 10
684.7480096053634
 20
857.1473125632107
 10
685.161843952119
 20
857.2034342644812
 10
685.5964079362809
 20
857.222141498238
 10
686.0173206958094
 20
857.2038134651655
 10
686.4185150197563
 20
857.1488293659478
 10
686.7999909081218
 20
857.057189200585
 10
687.1617483609057
 20
856.928892969077
 10
687.5037873781081
 20
856.7639406714239
 10
687.826107959729
 20
856.5623323076258
 10
688.1287101057684
 20
856.3240678776824
 10
688.4115938162263
 20
856.049147381594
 10
688.6675542781018
 20
855.7409836255188
 10
688.8893866783937
 20
855.4029894156151
 10
689.0770910171025
 20
855.035164751883
 10
689.2306672942277
 20
854.6375096343226
 10
689.3501155097696
 20
854.2100240629336
 10
689.4354356637281
 20
853.7527080377162
 10
689.4866277561031
 20
853.2655615586702
 10
689.5036917868948
 20
852.748584625796
 10
689.5031861859825
 20
852.6757780944181
 10
689.5016693832454
 20
852.5867923338451
 10
689.4991413786837
 20
852.481627344077
 10
689.4956021722973
 20
852.3602831251138
 10
683.0886274110421
 20
852.3602831251138
 10
683.1188370655548
 20
852.0167273051744
 10
683.1690179561052
 20
851.6939011226411
 10
683.2391700826932
 20
851.3918045775141
 10
683.3292934453191
 20
851.1104376697932
 10
683.4393880439825
 20
850.8498003994786
 10
683.5694538786836
 20
850.6098927665702
 10
683.7194909494225
 20
850.3907147710679
 10
683.889499256199
 20
850.1922664129719
 10
684.0750547910302
 20
850.0159380947911
 10
684.271733545933
 20
849.8631202190343
 10
684.4795355209075
 20
849.7338127857017
 10
684.6984607159535
 20
849.6280157947932
 10
684.9285091310711
 20
849.5457292463088
 10
685.1696807662604
 20
849.4869531402485
 10
685.4219756215214
 20
849.4516874766124
 10
685.6853936968539
 20
849.4399322554003
 10
686.0711671929743
 20
849.4662235028424
 10
686.4276158361786
 20
849.5450972451683
 10
686.7547396264667
 20
849.6765534823785
 10
687.0525385638389
 20
849.8605922144726
 10
687.3210126482949
 20
850.1022694505742
 10
687.5601618798348
 20
850.4066411998068
 10
687.7699862584586
 20
850.7737074621705
 10
687.9504857841663
 20
851.203468237665
  0
LWPOLYLINE
  5
161
330
17
100
AcDbEntity
  8
line engraving
 62
1
420
16711680
100
AcDbPolyline
 90
34
 70
0
 10
683.1695235570176
 20
853.5575460855504
 10
687.9666650133613
 20
853.5575460855504
 10
687.9368345595328
 20
853.8200793592863
 10
687.8958808856328
 20
854.0656750024586
 10
687.8438039916612
 20
854.2943330150673
 10
687.7806038776179
 20
854.5060533971125
 10
687.7062805435029
 20
854.7008361485939
 10
687.6208339893163
 20
854.8786812695118
 10
687.5242642150581
 20
855.0395887598661
 10
687.4165712207283
 20
855.1835586196568
 10
687.2361980952487
 20
855.3807429754719
 10
687.0429321465042
 20
855.551636083845
 10
686.8367733744949
 20
855.6962379447762
 10
686.6177217792208
 20
855.8145485582652
 10
686.3857773606818
 20
855.9065679243123
 10
686.140940118878
 20
855.9722960429173
 10
685.8832100538094
 20
856.0117329140803
 10
685.6125871654759
 20
856.0248785378013
 10
685.3668019219615
 20
856.0143873188701
 10
685.1310022964659
 20
855.9829136620766
 10
684.9051882889892
 20
855.9304575674206
 10
684.6893598995312
 20
855.8570190349024
 10
684.4835171280921
 20
855.7625980645216
 10
684.2876599746719
 20
855.6471946562785
 10
684.1017884392704
 20
855.510808810173
 10
683.9259025218879
 20
855.3534405262052
 10
683.7645526307354
 20
855.1785026105333
 10
683.6222891740239
 20
854.9894078693158
 10
683.4991121517534
 20
854.7861563025524
 10
683.395021563924
 20
854.5687479102435
 10
683.3100174105358
 20
854.3371826923888
 10
683.2440996915886
 20
854.0914606489883
 10
683.1972684070826
 20
853.8315817800421
 10
683.1695235570176
 20
853.5575460855504
  0
LWPOLYLINE
  5
162
330
17
100
AcDbEntity
  8
line engraving
 62
1
420
16711680
100
AcDbPolyline
 90
128
 70
0
 10
696.8895099144528
 20
849.496559557583
 10
696.4888211914182
 20
849.1780309828048
 10
696.0957164820687
 20
848.9100624992611
 10
695.7101957864045
 20
848.6926541069521
 10
695.3322591044255
 20
848.5258058058778
 10
694.9512888169724
 20
848.4019335823529
 10
694.5566673048859
 20
848.3134534226923
 10
694.148394568166
 20
848.2603653268959
 10
693.7264706068129
 20
848.2426692949638
 10
693.3827883866453
 20
848.2534765144652
 10
693.0595830034279
 20
848.2858981729694
 10
692.7568544571603
 20
848.3399342704764
 10
692.4746027478429
 20
848.4155848069863
 10
692.2128278754755
 20
848.512849782499
 10
691.9715298400581
 20
848.6317291970144
 10
691.7507086415908
 20
848.7722230505326
 10
691.5503642800735
 20
848.9343313430537
 10
691.3721399584714
 20
849.1132508659103
 10
691.2176788797495
 20
849.3041784104352
 10
691.0869810439079
 20
849.5071139766283
 10
690.9800464509467
 20
849.7220575644897
 10
690.8968751008656
 20
849.9490091740191
 10
690.837466993665
 20
850.1879688052169
 10
690.8018221293445
 20
850.4389364580829
 10
690.7899405079044
 20
850.7019121326172
 10
690.8078893402926
 20
851.0105814896048
 10
690.8617358374576
 20
851.3055996219589
 10
690.951479999399
 20
851.5869665296798
 10
691.0771218261171
 20
851.8546822127672
 10
691.2318357052952
 20
852.1026794602732
 10
691.4087960246164
 20
852.3248910612494
 10
691.608002784081
 20
852.5213170156961
 10
691.8294559836887
 20
852.6919573236131
 10
692.0693636165972
 20
852.8400983909306
 10
692.3239336759636
 20
852.969026623579
 10
692.5931661617882
 20
853.0787420215582
 10
692.8770610740708
 20
853.1692445848682
 10
693.1187383101724
 20
853.2253662861386
 10
693.4150204448074
 20
853.2804767855845
 10
693.7659074779759
 20
853.3345760832055
 10
694.1713994096779
 20
853.387664179002
 10
694.5977473790141
 20
853.4415106761669
 10
694.9950232958904
 20
853.4978851778935
 10
695.3632271603067
 20
853.5567876841818
 10
695.7023589722631
 20
853.6182181950319
 10
696.0124187317597
 20
853.6821767104437
 10
696.2934064387962
 20
853.7486632304174
 10
696.5453220933729
 20
853.8176777549527
 10
696.7681656954896
 20
853.8892202840497
 10
696.771704901876
 20
854.0252269294708
 10
696.7742329064378
 20
854.1339311256254
 10
696.7757497091748
 20
854.2153328725132
 10
696.7762553100871
 20
854.2694321701342
 10
696.7698088984547
 20
854.4836805567411
 10
696.7504696635574
 20
854.6814969136967
 10
696.7182376053953
 20
854.862881241001
 10
696.6731127239684
 20
855.027833538654
 10
696.6150950192766
 20
855.1763538066558
 10
696.54418449132
 20
855.3084420450064
 10
696.4603811400987
 20
855.4240982537057
 10
696.3636849656124
 20
855.5233224327536
 10
696.2156702985229
 20
855.6389786414529
 10
696.0507180008699
 20
855.7392140223257
 10
695.8688280726532
 20
855.8240285753717
 10
695.670000513873
 20
855.8934223005913
 10
695.4542353245291
 20
855.9473951979843
 10
695.2215325046216
 20
855.9859472675507
 10
694.9718920541505
 20
856.0090785092906
 10
694.7053139731158
 20
856.0167889232039
 10
694.4568743248116
 20
856.0111641130541
 10
694.2252459068428
 20
855.9942896826044
 10
694.0104287192096
 20
855.9661656318551
 10
693.8124227619119
 20
855.9267919608062
 10
693.6312280349497
 20
855.8761686694575
 10
693.466844538323
 20
855.8142957578091
 10
693.3192722720319
 20
855.741173225861
 10
693.1885112360762
 20
855.6568010736131
 10
692.9597268232394
 20
855.442173486322
 10
692.7627952678804
 20
855.1582785740394
 10
692.5977165699993
 20
854.8051163367654
 10
692.464490729596
 20
854.3826867744999
 10
691.0407185604282
 20
854.5768375248409
 10
691.1534675638815
 20
855.0119071099151
 10
691.2975638239002
 20
855.4029894156151
 10
691.4730073404845
 20
855.7500844419411
 10
691.6797981136342
 20
856.0531921888928
 10
691.9270369597716
 20
856.3181270669623
 10
692.2238246953191
 20
856.5507034866419
 10
692.5701613202764
 20
856.750921447931
 10
692.9660468346437
 20
856.9187809508301
 10
693.4033916238235
 20
857.051501190321
 10
693.8741060732181
 20
857.146301361386
 10
694.3781901828276
 20
857.203181464025
 10
694.915643952652
 20
857.222141498238
 10
695.4399520987553
 20
857.2059622690429
 10
695.9126889517993
 20
857.1574245814577
 10
696.3338545117839
 20
857.0765284354821
 10
696.7034487787092
 20
856.9632738311166
 10
697.0245053580493
 20
856.8254975825022
 10
697.300057855278
 20
856.6710365037802
 10
697.5301062703958
 20
856.499890594951
 10
697.7146506034022
 20
856.3120598560142
 10
697.8643084734568
 20
856.102993878759
 10
697.9896974997188
 20
855.8681422549739
 10
698.0908176821881
 20
855.6075049846594
 10
698.1676690208648
 20
855.321082067815
 10
698.1995218783426
 20
855.0976064645579
 10
698.2222739193982
 20
854.7993019262734
 10
698.2359251440315
 20
854.4261684529616
 10
698.2404755522426
 20
853.9782060446227
 10
698.2404755522426
 20
852.036698541212
 10
698.2419291548656
 20
851.5523960672981
 10
698.2462899627346
 20
851.1147352775481
 10
698.2535579758496
 20
850.7237161719621
 10
698.2637331942105
 20
850.3793387505401
 10
698.2768156178175
 20
850.081603013282
 10
698.2928052466705
 20
849.8305089601879
 10
698.3117020807695
 20
849.6260565912578
 10
698.3335061201144
 20
849.4682459064917
 10
698.3913974245781
 20
849.2020470261413
 10
698.4720407700974
 20
848.9414097558266
 10
698.5754361566723
 20
848.6863340955479
 10
698.7015835843027
 20
848.4368200453048
 10
697.1807360399644
 20
848.4368200453048
 10
697.0775934538457
 20
848.6729356713706
 10
696.9946749042208
 20
848.9282641321056
 10
696.9319803910898
 20
849.2028054275097
 10
696.8895099144528
 20
849.496559557583
  0
LWPOLYLINE
  5
163
330
17
100
AcDbEntity
  8
line engraving
 62
1
420
16711680
100
AcDbPolyline
 90
42
 70
0
 10
696.7681656954896
 20
852.748584625796
 10
696.5575829154973
 20
852.6692052825575
 10
696.3222256908
 20
852.5928595447932
 10
696.0620940213977
 20
852.5195474125029
 10
695.7771879072905
 20
852.4492688856867
 10
695.4675073484782
 20
852.3820239643446
 10
695.1330523449609
 20
852.3178126484767
 10
694.7738228967387
 20
852.2566349380827
 10
694.3898190038116
 20
852.1984908331629
 10
693.9737094529504
 20
852.1317515127331
 10
693.6233280206942
 20
852.0609673850046
 10
693.3386747070431
 20
851.9861384499774
 10
693.119749511997
 20
851.9072647076513
 10
692.9443059954128
 20
851.8170149447974
 10
692.7900977171471
 20
851.7080579481867
 10
692.6571246772
 20
851.5803937178192
 10
692.5453868755715
 20
851.4340222536949
 10
692.4569067159108
 20
851.2739995649373
 10
692.3937066018675
 20
851.1053816606697
 10
692.3557865334415
 20
850.9281685408922
 10
692.3431465106328
 20
850.7423602056049
 10
692.3707017603557
 20
850.4632685019897
 10
692.4533675095244
 20
850.208445642167
 10
692.5911437581387
 20
849.977891626137
 10
692.784030506199
 20
849.7716064538996
 10
693.0300053500556
 20
849.6017245473512
 10
693.3270458860592
 20
849.480380328388
 10
693.6751521142097
 20
849.4075737970101
 10
694.0743240345073
 20
849.3833049532175
 10
694.4833551725957
 20
849.4063097947293
 10
694.869128668716
 20
849.4753243192645
 10
695.2316445228685
 20
849.5903485268234
 10
695.570902735053
 20
849.7513824174057
 10
695.8767912870227
 20
849.9523587800635
 10
696.1391981605304
 20
850.1872104038484
 10
696.3581233555766
 20
850.4559372887607
 10
696.5335668721608
 20
850.7585394348
 10
696.6362038573671
 20
851.0345975329412
 10
696.7095159896575
 20
851.3693053369145
 10
696.7535032690316
 20
851.7626628467202
 10
696.7681656954896
 20
852.214670062358
 10
696.7681656954896
 20
852.748584625796
  0
LWPOLYLINE
  5
164
330
17
100
AcDbEntity
  8
line engraving
 62
1
420
16711680
100
AcDbPolyline
 90
35
 70
0
 10
700.4812987957624
 20
848.4368200453048
 10
700.4812987957624
 20
857.0279907478969
 10
701.7918163605647
 20
857.0279907478969
 10
701.7918163605647
 20
855.7255627976922
 10
702.0377912044212
 20
856.1436947522028
 10
702.2741596309432
 20
856.483964166212
 10
702.5009216401306
 20
856.7463710397199
 10
702.7180772319834
 20
856.9309153727263
 10
702.9357384247486
 20
857.0583268026377
 10
703.1640172366731
 20
857.1493349668601
 10
703.4029136677568
 20
857.2039398653935
 10
703.6524277179998
 20
857.222141498238
 10
704.0220219849251
 20
857.1928166453218
 10
704.3946498573245
 20
857.1048420865736
 10
704.7703113351979
 20
856.958217821993
 10
705.1490064185455
 20
856.7529438515803
 10
704.6474503134978
 20
855.4019782137905
 10
704.3804930317788
 20
855.5400072628611
 10
704.1135357500598
 20
855.6385994407686
 10
703.8465784683409
 20
855.6977547475133
 10
703.5796211866219
 20
855.7174731830947
 10
703.3470447669425
 20
855.6995243507064
 10
703.1266027691595
 20
855.6456778535415
 10
702.9182951932727
 20
855.5559336916
 10
702.7221220392822
 20
855.4302918648818
 10
702.5456673208732
 20
855.2727971806859
 10
702.3965150517311
 20
855.087494446311
 10
702.2746652318556
 20
854.8743836617568
 10
702.1801178612467
 20
854.6334648270238
 10
702.0739416696539
 20
854.2360625099194
 10
701.9981015328019
 20
853.8204585599706
 10
701.9525974506907
 20
853.3866529771772
 10
701.9374294233204
 20
852.9346457615394
 10
701.9374294233204
 20
848.4368200453048
 10
700.4812987957624
 20
848.4368200453048
  0
ARC
  5
165
330
17
100
AcDbEntity
  8
cut
 62
5
420
255
100
AcDbCircle
 10
889.2507927418743
 20
837.4915075453048
 30
0.0
 40
102.64500000000001
100
AcDbArc
 50
-12.89103940504332
 51
-9.608960594956784
  0
ARC
  5
166
330
17
100
AcDbEntity
  8
cut
 62
5
420
255
100
AcDbCircle
 10
996.3714972788559
 20
819.3561640277234
 30
0.0
 40
6.0
100
AcDbArc
 50
83.55685157035437
 51
170.39103940504378
  0
LINE
  5
167
330
17
100
AcDbEntity
  8
cut
 62
5
420
255
100
AcDbLine
 10
997.0448010153891
 20
825.3182661803513
 30
0.0
 11
1001.301660685799
 21
824.8375364899482
 31
0.0
  0
SPLINE
  5
168
330
17
100
AcDbEntity
  8
cut
 62
5
420
255
100
AcDbSpline
 70
4
 71
5
 72
81
 73
75
 74
0
 42
1e-09
 40
0.0
 40
0.0
 40
0.0
 40
0.0
 40
0.0
 40
0.0
 40
0.014285714285714285
 40
0.02857142857142857
 40
0.04285714285714286
 40
0.05714285714285714
 40
0.07142857142857142
 40
0.08571428571428572
 40
0.1
 40
0.1142857142857143
 40
0.1285714285714286
 40
0.14285714285714288
 40
0.15714285714285717
 40
0.17142857142857146
 40
0.18571428571428575
 40
0.20000000000000004
 40
0.21428571428571433
 40
0.22857142857142862
 40
0.2428571428571429
 40
0.2571428571428572
 40
0.27142857142857146
 40
0.28571428571428575
 40
0.30000000000000004
 40
0.31428571428571433
 40
0.3285714285714286
 40
0.3428571428571429
 40
0.3571428571428572
 40
0.3714285714285715
 40
0.3857142857142858
 40
0.4000000000000001
 40
0.41428571428571437
 40
0.42857142857142866
 40
0.44285714285714295
 40
0.45714285714285724
 40
0.47142857142857153
 40
0.4857142857142858
 40
0.5000000000000001
 40
0.5142857142857143
 40
0.5285714285714286
 40
0.5428571428571428
 40
0.557142857142857
 40
0.5714285714285713
 40
0.5857142857142855
 40
0.5999999999999998
 40
0.614285714285714
 40
0.6285714285714282
 40
0.6428571428571425
 40
0.6571428571428567
 40
0.6714285714285709
 40
0.6857142857142852
 40
0.6999999999999994
 40
0.7142857142857136
 40
0.7285714285714279
 40
0.7428571428571421
 40
0.7571428571428563
 40
0.7714285714285706
 40
0.7857142857142848
 40
0.799999999999999
 40
0.8142857142857133
 40
0.8285714285714275
 40
0.8428571428571418
 40
0.857142857142856
 40
0.8714285714285702
 40
0.8857142857142845
 40
0.8999999999999987
 40
0.9142857142857129
 40
0.9285714285714272
 40
0.9428571428571414
 40
0.9571428571428556
 40
0.9714285714285699
 40
0.9857142857142841
 40
1.0
 40
1.0
 40
1.0
 40
1.0
 40
1.0
 40
1.0
 41
1.0
 41
1.0
 41
1.0
 41
1.0
 41
1.0
 41
1.0
 41
1.0
 41
1.0
 41
1.0
 41
1.0
 41
1.0
 41
1.0
 41
1.0
 41
1.0
 41
1.0
 41
1.0
 41
1.0
 41
1.0
 41
1.0
 41
1.0
 41
1.0
 41
1.0
 41
1.0
 41
1.0
 41
1.0
 41
1.0
 41
1.0
 41
1.0
 41
1.0
 41
1.0
 41
1.0
 41
1.0
 41
1.0
 41
1.0
 41
1.0
 41
1.0
 41
1.0
 41
1.0
 41
1.0
 41
1.0
 41
1.0
 41
1.0
 41
1.0
 41
1.0
 41
1.0
 41
1.0
 41
1.0
 41
1.0
 41
1.0
 41
1.0
 41
1.0
 41
1.0
 41
1.0
 41
1.0
 41
1.0
 41
1.0
 41
1.0
 41
1.0
 41
1.0
 41
1.0
 41
1.0
 41
1.0
 41
1.0
 41
1.0
 41
1.0
 41
1.0
 41
1.0
 41
1.0
 41
1.0
 41
1.0
 41
1.0
 41
1.0
 41
1.0
 41
1.0
 41
1.0
 10
1001.301660685799
 20
824.8375364899482
 30
0.0
 10
1001.3670069943521
 20
824.8301568925191
 30
0.0
 10
1001.4977961121868
 20
824.8172802783021
 30
0.0
 10
1001.6942692884022
 20
824.8036130237979
 30
0.0
 10
1001.9567892580908
 20
824.7961271972338
 30
0.0
 10
1002.2857279302472
 20
824.8014299087603
 30
0.0
 10
1002.6152759760539
 20
824.8172843316873
 30
0.0
 10
1002.9452485032577
 20
824.8396413194134
 30
0.0
 10
1003.2754940784587
 20
824.8655195327233
 30
0.0
 10
1003.6059260307101
 20
824.8938002966257
 30
0.0
 10
1003.9365021903744
 20
824.9245957646583
 30
0.0
 10
1004.267209773152
 20
824.9587570962055
 30
0.0
 10
1004.5980490443302
 20
824.9973545482709
 30
0.0
 10
1004.9290158437276
 20
825.0411121116892
 30
0.0
 10
1005.2600898728153
 20
825.0900428022176
 30
0.0
 10
1005.5912420872091
 20
825.1437389759525
 30
0.0
 10
1005.9224389042281
 20
825.2015545805797
 30
0.0
 10
1006.2536473277703
 20
825.2628161494569
 30
0.0
 10
1006.584840471413
 20
825.3270535160149
 30
0.0
 10
1006.9160002564852
 20
825.3941141614876
 30
0.0
 10
1007.2471141075306
 20
825.4640342640142
 30
0.0
 10
1007.5781728915258
 20
825.5369600340749
 30
0.0
 10
1007.9091685337024
 20
825.6130557444923
 30
0.0
 10
1008.2400913646087
 20
825.6924013104032
 30
0.0
 10
1008.5709290560069
 20
825.7749524407068
 30
0.0
 10
1008.9016679464072
 20
825.8605950739847
 30
0.0
 10
1009.2322938094078
 20
825.9491777906176
 30
0.0
 10
1009.5627927724631
 20
826.040550036077
 30
0.0
 10
1009.8931523547242
 20
826.1346051878978
 30
0.0
 10
1010.2233617619365
 20
826.231293540119
 30
0.0
 10
1010.5534112831829
 20
826.3305989854467
 30
0.0
 10
1010.883291912731
 20
826.4325247360573
 30
0.0
 10
1011.2129949162247
 20
826.5370767122669
 30
0.0
 10
1011.5425113395987
 20
826.6442446386344
 30
0.0
 10
1011.8718318711867
 20
826.7539970534314
 30
0.0
 10
1012.2009470759947
 20
826.866291011488
 30
0.0
 10
1012.529847535763
 20
826.981077974935
 30
0.0
 10
1012.858524013873
 20
827.0983106694962
 30
0.0
 10
1013.1869676485733
 20
827.2179508951881
 30
0.0
 10
1013.5151699874834
 20
827.339971369591
 30
0.0
 10
1013.8431228622869
 20
827.4643515238996
 30
0.0
 10
1014.1708183062511
 20
827.5910748591187
 30
0.0
 10
1014.4982484640045
 20
827.7201258995566
 30
0.0
 10
1014.8254054879445
 20
827.8514866987416
 30
0.0
 10
1015.1522815162041
 20
827.9851359045766
 30
0.0
 10
1015.4788687349212
 20
828.121050537771
 30
0.0
 10
1015.8051594225983
 20
828.2592070543438
 30
0.0
 10
1016.1311459968766
 20
828.3995825840155
 30
0.0
 10
1016.4568210799987
 20
828.5421563187998
 30
0.0
 10
1016.7821774932709
 20
828.6869099062624
 30
0.0
 10
1017.107208170462
 20
828.8338266318013
 30
0.0
 10
1017.4319060902443
 20
828.9828908855579
 30
0.0
 10
1017.7562642130101
 20
829.134087549209
 30
0.0
 10
1018.0802753949052
 20
829.2874012808363
 30
0.0
 10
1018.4039323971688
 20
829.4428162616542
 30
0.0
 10
1018.7272280277618
 20
829.6003166445051
 30
0.0
 10
1019.0501552617573
 20
829.7598868289817
 30
0.0
 10
1019.3727073545261
 20
829.9215117650172
 30
0.0
 10
1019.6948780056426
 20
830.0851772934751
 30
0.0
 10
1020.0166613556748
 20
830.25087024292
 30
0.0
 10
1020.3380516545881
 20
830.4185780324008
 30
0.0
 10
1020.6590429897528
 20
830.5882883550426
 30
0.0
 10
1020.9796290212964
 20
830.759988844545
 30
0.0
 10
1021.299802649286
 20
830.9336666641515
 30
0.0
 10
1021.6195559231649
 20
831.1093083326208
 30
0.0
 10
1021.9388807288476
 20
831.2869003526151
 30
0.0
 10
1022.2577693545638
 20
831.4664296936775
 30
0.0
 10
1022.5762150886599
 20
831.6478843106638
 30
0.0
 10
1022.8942128532942
 20
831.8312536528704
 30
0.0
 10
1023.2117596956675
 20
832.0165291088214
 30
0.0
 10
1023.5288541950387
 20
832.2037039807886
 30
0.0
 10
1023.7821676293657
 20
832.3549595966882
 30
0.0
 10
1023.971949067301
 20
832.4692526177623
 30
0.0
 10
1024.0983795504196
 20
832.5458261991356
 30
0.0
 10
1024.1615721730955
 20
832.5842075483181
 30
0.0
  0
ARC
  5
169
330
17
100
AcDbEntity
  8
cut
 62
5
420
255
100
AcDbCircle
 10
889.2507927418743
 20
837.4915075453048
 30
0.0
 40
135.0
100
AcDbArc
 50
-2.0831817450521664
 51
2.0831817450521766
  0
SPLINE
  5
16A
330
17
100
AcDbEntity
  8
cut
 62
5
420
255
100
AcDbSpline
 70
4
 71
5
 72
81
 73
75
 74
0
 42
1e-09
 40
-1.0
 40
-1.0
 40
-1.0
 40
-1.0
 40
-1.0
 40
-1.0
 40
-0.9857142857142841
 40
-0.9714285714285699
 40
-0.9571428571428556
 40
-0.9428571428571414
 40
-0.9285714285714272
 40
-0.9142857142857129
 40
-0.8999999999999987
 40
-0.8857142857142845
 40
-0.8714285714285702
 40
-0.857142857142856
 40
-0.8428571428571418
 40
-0.8285714285714275
 40
-0.8142857142857133
 40
-0.799999999999999
 40
-0.7857142857142848
 40
-0.7714285714285706
 40
-0.7571428571428563
 40
-0.7428571428571421
 40
-0.7285714285714279
 40
-0.7142857142857136
 40
-0.6999999999999994
 40
-0.6857142857142852
 40
-0.6714285714285709
 40
-0.6571428571428567
 40
-0.6428571428571425
 40
-0.6285714285714282
 40
-0.614285714285714
 40
-0.5999999999999998
 40
-0.5857142857142855
 40
-0.5714285714285713
 40
-0.557142857142857
 40
-0.5428571428571428
 40
-0.5285714285714286
 40
-0.5142857142857143
 40
-0.5000000000000001
 40
-0.4857142857142858
 40
-0.47142857142857153
 40
-0.45714285714285724
 40
-0.44285714285714295
 40
-0.42857142857142866
 40
-0.41428571428571437
 40
-0.4000000000000001
 40
-0.3857142857142858
 40
-0.3714285714285715
 40
-0.3571428571428572
 40
-0.3428571428571429
 40
-0.3285714285714286
 40
-0.31428571428571433
 40
-0.30000000000000004
 40
-0.28571428571428575
 40
-0.27142857142857146
 40
-0.2571428571428572
 40
-0.2428571428571429
 40
-0.22857142857142862
 40
-0.21428571428571433
 40
-0.20000000000000004
 40
-0.18571428571428575
 40
-0.17142857142857146
 40
-0.15714285714285717
 40
-0.14285714285714288
 40
-0.1285714285714286
 40
-0.1142857142857143
 40
-0.1
 40
-0.08571428571428572
 40
-0.07142857142857142
 40
-0.05714285714285714
 40
-0.04285714285714286
 40
-0.02857142857142857
 40
-0.014285714285714285
 40
0.0
 40
0.0
 40
0.0
 40
0.0
 40
0.0
 40
0.0
 41
1.0
 41
1.0
 41
1.0
 41
1.0
 41
1.0
 41
1.0
 41
1.0
 41
1.0
 41
1.0
 41
1.0
 41
1.0
 41
1.0
 41
1.0
 41
1.0
 41
1.0
 41
1.0
 41
1.0
 41
1.0
 41
1.0
 41
1.0
 41
1.0
 41
1.0
 41
1.0
 41
1.0
 41
1.0
 41
1.0
 41
1.0
 41
1.0
 41
1.0
 41
1.0
 41
1.0
 41
1.0
 41
1.0
 41
1.0
 41
1.0
 41
1.0
 41
1.0
 41
1.0
 41
1.0
 41
1.0
 41
1.0
 41
1.0
 41
1.0
 41
1.0
 41
1.0
 41
1.0
 41
1.0
 41
1.0
 41
1.0
 41
1.0
 41
1.0
 41
1.0
 41
1.0
 41
1.0
 41
1.0
 41
1.0
 41
1.0
 41
1.0
 41
1.0
 41
1.0
 41
1.0
 41
1.0
 41
1.0
 41
1.0
 41
1.0
 41
1.0
 41
1.0
 41
1.0
 41
1.0
 41
1.0
 41
1.0
 41
1.0
 41
1.0
 41
1.0
 41
1.0
 10
1024.1615721730955
 20
842.3988075422915
 30
0.0
 10
1024.0983795504196
 20
842.437188891474
 30
0.0
 10
1023.971949067301
 20
842.5137624728472
 30
0.0
 10
1023.7821676293657
 20
842.6280554939214
 30
0.0
 10
1023.5288541950387
 20
842.7793111098209
 30
0.0
 10
1023.2117596956675
 20
842.9664859817882
 30
0.0
 10
1022.8942128532942
 20
843.1517614377392
 30
0.0
 10
1022.5762150886599
 20
843.3351307799458
 30
0.0
 10
1022.2577693545638
 20
843.5165853969321
 30
0.0
 10
1021.9388807288476
 20
843.6961147379944
 30
0.0
 10
1021.6195559231649
 20
843.8737067579888
 30
0.0
 10
1021.299802649286
 20
844.0493484264581
 30
0.0
 10
1020.9796290212964
 20
844.2230262460646
 30
0.0
 10
1020.6590429897528
 20
844.394726735567
 30
0.0
 10
1020.3380516545881
 20
844.5644370582088
 30
0.0
 10
1020.0166613556748
 20
844.7321448476896
 30
0.0
 10
1019.6948780056426
 20
844.8978377971345
 30
0.0
 10
1019.3727073545261
 20
845.0615033255924
 30
0.0
 10
1019.0501552617573
 20
845.2231282616278
 30
0.0
 10
1018.7272280277618
 20
845.3826984461044
 30
0.0
 10
1018.4039323971688
 20
845.5401988289553
 30
0.0
 10
1018.0802753949052
 20
845.6956138097732
 30
0.0
 10
1017.7562642130101
 20
845.8489275414006
 30
0.0
 10
1017.4319060902443
 20
846.0001242050516
 30
0.0
 10
1017.107208170462
 20
846.1491884588082
 30
0.0
 10
1016.7821774932709
 20
846.2961051843472
 30
0.0
 10
1016.4568210799987
 20
846.4408587718098
 30
0.0
 10
1016.1311459968766
 20
846.583432506594
 30
0.0
 10
1015.8051594225983
 20
846.7238080362657
 30
0.0
 10
1015.4788687349212
 20
846.8619645528386
 30
0.0
 10
1015.1522815162041
 20
846.997879186033
 30
0.0
 10
1014.8254054879445
 20
847.131528391868
 30
0.0
 10
1014.4982484640045
 20
847.262889191053
 30
0.0
 10
1014.1708183062511
 20
847.3919402314908
 30
0.0
 10
1013.8431228622869
 20
847.51866356671
 30
0.0
 10
1013.5151699874834
 20
847.6430437210186
 30
0.0
 10
1013.1869676485733
 20
847.7650641954215
 30
0.0
 10
1012.858524013873
 20
847.8847044211134
 30
0.0
 10
1012.529847535763
 20
848.0019371156745
 30
0.0
 10
1012.2009470759947
 20
848.1167240791216
 30
0.0
 10
1011.8718318711867
 20
848.2290180371782
 30
0.0
 10
1011.5425113395987
 20
848.3387704519752
 30
0.0
 10
1011.2129949162247
 20
848.4459383783427
 30
0.0
 10
1010.883291912731
 20
848.5504903545523
 30
0.0
 10
1010.5534112831829
 20
848.6524161051628
 30
0.0
 10
1010.2233617619365
 20
848.7517215504905
 30
0.0
 10
1009.8931523547242
 20
848.8484099027118
 30
0.0
 10
1009.5627927724631
 20
848.9424650545326
 30
0.0
 10
1009.2322938094078
 20
849.033837299992
 30
0.0
 10
1008.9016679464072
 20
849.1224200166249
 30
0.0
 10
1008.5709290560069
 20
849.2080626499028
 30
0.0
 10
1008.2400913646087
 20
849.2906137802064
 30
0.0
 10
1007.9091685337024
 20
849.3699593461173
 30
0.0
 10
1007.5781728915258
 20
849.4460550565346
 30
0.0
 10
1007.2471141075306
 20
849.5189808265953
 30
0.0
 10
1006.9160002564852
 20
849.588900929122
 30
0.0
 10
1006.584840471413
 20
849.6559615745947
 30
0.0
 10
1006.2536473277703
 20
849.7201989411527
 30
0.0
 10
1005.9224389042281
 20
849.7814605100299
 30
0.0
 10
1005.5912420872091
 20
849.8392761146571
 30
0.0
 10
1005.2600898728153
 20
849.892972288392
 30
0.0
 10
1004.9290158437276
 20
849.9419029789203
 30
0.0
 10
1004.5980490443302
 20
849.9856605423387
 30
0.0
 10
1004.267209773152
 20
850.024257994404
 30
0.0
 10
1003.9365021903744
 20
850.0584193259513
 30
0.0
 10
1003.6059260307101
 20
850.0892147939838
 30
0.0
 10
1003.2754940784587
 20
850.1174955578863
 30
0.0
 10
1002.9452485032577
 20
850.1433737711961
 30
0.0
 10
1002.6152759760539
 20
850.1657307589222
 30
0.0
 10
1002.2857279302472
 20
850.1815851818493
 30
0.0
 10
1001.9567892580908
 20
850.1868878933758
 30
0.0
 10
1001.6942692884022
 20
850.1794020668117
 30
0.0
 10
1001.4977961121868
 20
850.1657348123075
 30
0.0
 10
1001.3670069943521
 20
850.1528581980905
 30
0.0
 10
1001.301660685799
 20
850.1454786006614
 30
0.0
  0
LINE
  5
16B
330
17
100
AcDbEntity
  8
cut
 62
5
420
255
100
AcDbLine
 10
1001.301660685799
 20
850.1454786006614
 30
0.0
 11
997.0448010153891
 21
849.6647489102583
 31
0.0
  0
ARC
  5
16C
330
17
100
AcDbEntity
  8
cut
 62
5
420
255
100
AcDbCircle
 10
996.3714972788559
 20
855.6268510628862
 30
0.0
 40
5.999999999999998
100
AcDbArc
 50
-170.39103940504336
 51
-83.55685157035437
  0
ARC
  5
16D
330
17
100
AcDbEntity
  8
cut
 62
5
420
255
100
AcDbCircle
 10
889.2507927418743
 20
837.4915075453048
 30
0.0
 40
102.64500000000001
100
AcDbArc
 50
9.60896059495671
 51
12.891039405043303
  0
ARC
  5
16E
330
17
100
AcDbEntity
  8
cut
 62
5
420
255
100
AcDbCircle
 10
995.1575146762086
 20
861.7299537439288
 30
0.0
 40
6.000000000000003
100
AcDbArc
 50
106.05685157035434
 51
-167.10896059495718
  0
LINE
  5
16F
330
17
100
AcDbEntity
  8
cut
 62
5
420
255
100
AcDbLine
 10
993.497968501676
 20
867.4958800784041
 30
0.0
 11
997.6147613119037
 21
868.6807734265391
 31
0.0
  0
SPLINE
  5
170
330
17
100
AcDbEntity
  8
cut
 62
5
420
255
100
AcDbSpline
 70
4
 71
5
 72
81
 73
75
 74
0
 42
1e-09
 40
0.0
 40
0.0
 40
0.0
 40
0.0
 40
0.0
 40
0.0
 40
0.014285714285714285
 40
0.02857142857142857
 40
0.04285714285714286
 40
0.05714285714285714
 40
0.07142857142857142
 40
0.08571428571428572
 40
0.1
 40
0.1142857142857143
 40
0.1285714285714286
 40
0.14285714285714288
 40
0.15714285714285717
 40
0.17142857142857146
 40
0.18571428571428575
 40
0.20000000000000004
 40
0.21428571428571433
 40
0.22857142857142862
 40
0.2428571428571429
 40
0.2571428571428572
 40
0.27142857142857146
 40
0.28571428571428575
 40
0.30000000000000004
 40
0.31428571428571433
 40
0.3285714285714286
 40
0.3428571428571429
 40
0.3571428571428572
 40
0.3714285714285715
 40
0.3857142857142858
 40
0.4000000000000001
 40
0.41428571428571437
 40
0.42857142857142866
 40
0.44285714285714295
 40
0.45714285714285724
 40
0.47142857142857153
 40
0.4857142857142858
 40
0.5000000000000001
 40
0.5142857142857143
 40
0.5285714285714286
 40
0.5428571428571428
 40
0.557142857142857
 40
0.5714285714285713
 40
0.5857142857142855
 40
0.5999999999999998
 40
0.614285714285714
 40
0.6285714285714282
 40
0.6428571428571425
 40
0.6571428571428567
 40
0.6714285714285709
 40
0.6857142857142852
 40
0.6999999999999994
 40
0.7142857142857136
 40
0.7285714285714279
 40
0.7428571428571421
 40
0.7571428571428563
 40
0.7714285714285706
 40
0.7857142857142848
 40
0.799999999999999
 40
0.8142857142857133
 40
0.8285714285714275
 40
0.8428571428571418
 40
0.857142857142856
 40
0.8714285714285702
 40
0.8857142857142845
 40
0.8999999999999987
 40
0.9142857142857129
 40
0.9285714285714272
 40
0.9428571428571414
 40
0.9571428571428556
 40
0.9714285714285699
 40
0.9857142857142841
 40
1.0
 40
1.0
 40
1.0
 40
1.0
 40
1.0
 40
1.0
 41
1.0
 41
1.0
 41
1.0
 41
1.0
 41
1.0
 41
1.0
 41
1.0
 41
1.0
 41
1.0
 41
1.0
 41
1.0
 41
1.0
 41
1.0
 41
1.0
 41
1.0
 41
1.0
 41
1.0
 41
1.0
 41
1.0
 41
1.0
 41
1.0
 41
1.0
 41
1.0
 41
1.0
 41
1.0
 41
1.0
 41
1.0
 41
1.0
 41
1.0
 41
1.0
 41
1.0
 41
1.0
 41
1.0
 41
1.0
 41
1.0
 41
1.0
 41
1.0
 41
1.0
 41
1.0
 41
1.0
 41
1.0
 41
1.0
 41
1.0
 41
1.0
 41
1.0
 41
1.0
 41
1.0
 41
1.0
 41
1.0
 41
1.0
 41
1.0
 41
1.0
 41
1.0
 41
1.0
 41
1.0
 41
1.0
 41
1.0
 41
1.0
 41
1.0
 41
1.0
 41
1.0
 41
1.0
 41
1.0
 41
1.0
 41
1.0
 41
1.0
 41
1.0
 41
1.0
 41
1.0
 41
1.0
 41
1.0
 41
1.0
 41
1.0
 41
1.0
 41
1.0
 10
997.6147613119037
 20
868.6807734265391
 30
0.0
 10
997.6779574785749
 20
868.6989625171657
 30
0.0
 10
997.8037185345432
 20
868.7371169053715
 30
0.0
 10
997.9904663126008
 20
868.7996770381113
 30
0.0
 10
998.2358678412752
 20
868.8932230792296
 30
0.0
 10
998.537738288084
 20
869.0240015259741
 30
0.0
 10
998.8361337576002
 20
869.1647616801148
 30
0.0
 10
999.1324329729745
 20
869.31169186278
 30
0.0
 10
999.4276369371122
 20
869.4619797246362
 30
0.0
 10
999.7220936748848
 20
869.6145585772201
 30
0.0
 10
1000.0157213073269
 20
869.7695158992681
 30
0.0
 10
1000.3081822986908
 20
869.9276331671742
 30
0.0
 10
1000.5990673244463
 20
870.0898992710001
 30
0.0
 10
1000.8880954817895
 20
870.2569814990272
 30
0.0
 10
1001.1752430364103
 20
870.4288841083363
 30
0.0
 10
1001.4606391533647
 20
870.6052193702636
 30
0.0
 10
1001.7445000398185
 20
870.7853775587637
 30
0.0
 10
1002.0270529358745
 20
870.9687238447282
 30
0.0
 10
1002.3084529266736
 20
871.1548135618985
 30
0.0
 10
1002.5887416761063
 20
871.3434988829003
 30
0.0
 10
1002.8678937211921
 20
871.5348084195576
 30
0.0
 10
1003.1458446717887
 20
871.7288737576832
 30
0.0
 10
1003.4225242032953
 20
871.9258435754957
 30
0.0
 10
1003.6978928001046
 20
872.1257880046155
 30
0.0
 10
1003.9719560218804
 20
872.3286614075888
 30
0.0
 10
1004.2447448964672
 20
872.5343531773796
 30
0.0
 10
1004.516304226163
 20
872.7427179762926
 30
0.0
 10
1004.7866788091306
 20
872.9536114012873
 30
0.0
 10
1005.0558979172204
 20
873.1669301698362
 30
0.0
 10
1005.3239705994887
 20
873.3826242288368
 30
0.0
 10
1005.5908940482128
 20
873.6006749808831
 30
0.0
 10
1005.8566587139342
 20
873.8210819472943
 30
0.0
 10
1006.1212542615531
 20
874.043847255236
 30
0.0
 10
1006.3846763508329
 20
874.268957984866
 30
0.0
 10
1006.6469284187979
 20
874.496381505917
 30
0.0
 10
1006.9080181830553
 20
874.7260745316096
 30
0.0
 10
1007.1679555169061
 20
874.9579886145881
 30
0.0
 10
1007.4267499779098
 20
875.1920765444152
 30
0.0
 10
1007.6844079973763
 20
875.4282996376625
 30
0.0
 10
1007.9409322068544
 20
875.666629454075
 30
0.0
 10
1008.1963229311446
 20
875.9070438646751
 30
0.0
 10
1008.450579123838
 20
876.1495245776422
 30
0.0
 10
1008.7036994498083
 20
876.394054289181
 30
0.0
 10
1008.9556835266333
 20
876.640613415766
 30
0.0
 10
1009.2065322619891
 20
876.8891792220256
 30
0.0
 10
1009.4562472306021
 20
877.139727487628
 30
0.0
 10
1009.7048303086303
 20
877.3922335058817
 30
0.0
 10
1009.9522832429648
 20
877.6466732457606
 30
0.0
 10
1010.1986071803177
 20
877.9030246598463
 30
0.0
 10
1010.443802511614
 20
878.1612680455336
 30
0.0
 10
1010.6878691049079
 20
878.4213852564142
 30
0.0
 10
1010.9308064469733
 20
878.6833591839129
 30
0.0
 10
1011.1726138195922
 20
878.9471731665797
 30
0.0
 10
1011.4132904938022
 20
879.2128102964955
 30
0.0
 10
1011.652835835447
 20
879.4802531888538
 30
0.0
 10
1011.8912492643941
 20
879.7494844505165
 30
0.0
 10
1012.1285302604743
 20
880.0204869802631
 30
0.0
 10
1012.3646783518744
 20
880.2932442925869
 30
0.0
 10
1012.5996931362266
 20
880.5677408950835
 30
0.0
 10
1012.8335742406119
 20
880.8439623766253
 30
0.0
 10
1013.0663211672127
 20
881.1218949134862
 30
0.0
 10
1013.2979331631086
 20
881.4015248729311
 30
0.0
 10
1013.5284091033992
 20
881.682838403824
 30
0.0
 10
1013.7577473410158
 20
881.9658209295214
 30
0.0
 10
1013.98594568965
 20
882.2504569524344
 30
0.0
 10
1014.2130018180712
 20
882.5367308975225
 30
0.0
 10
1014.4389135880731
 20
882.8246277750465
 30
0.0
 10
1014.6636794083732
 20
883.1141338883058
 30
0.0
 10
1014.887298625237
 20
883.4052375465151
 30
0.0
 10
1015.109771806103
 20
883.6979296637211
 30
0.0
 10
1015.3311002014871
 20
883.9922035083355
 30
0.0
 10
1015.507248280515
 20
884.228884330555
 30
0.0
 10
1015.6388454210739
 20
884.4071035255024
 30
0.0
 10
1015.7263485157644
 20
884.5262311412997
 30
0.0
 10
1015.7700429800162
 20
884.5858736539853
 30
0.0
  0
ARC
  5
171
330
17
100
AcDbEntity
  8
cut
 62
5
420
255
100
AcDbCircle
 10
889.2507927418743
 20
837.4915075453048
 30
0.0
 40
135.0
100
AcDbArc
 50
20.41681825494772
 51
24.58318174505234
  0
SPLINE
  5
172
330
17
100
AcDbEntity
  8
cut
 62
5
420
255
100
AcDbSpline
 70
4
 71
5
 72
81
 73
75
 74
0
 42
1e-09
 40
-1.0
 40
-1.0
 40
-1.0
 40
-1.0
 40
-1.0
 40
-1.0
 40
-0.9857142857142841
 40
-0.9714285714285699
 40
-0.9571428571428556
 40
-0.9428571428571414
 40
-0.9285714285714272
 40
-0.9142857142857129
 40
-0.8999999999999987
 40
-0.8857142857142845
 40
-0.8714285714285702
 40
-0.857142857142856
 40
-0.8428571428571418
 40
-0.8285714285714275
 40
-0.8142857142857133
 40
-0.799999999999999
 40
-0.7857142857142848
 40
-0.7714285714285706
 40
-0.7571428571428563
 40
-0.7428571428571421
 40
-0.7285714285714279
 40
-0.7142857142857136
 40
-0.6999999999999994
 40
-0.6857142857142852
 40
-0.6714285714285709
 40
-0.6571428571428567
 40
-0.6428571428571425
 40
-0.6285714285714282
 40
-0.614285714285714
 40
-0.5999999999999998
 40
-0.5857142857142855
 40
-0.5714285714285713
 40
-0.557142857142857
 40
-0.5428571428571428
 40
-0.5285714285714286
 40
-0.5142857142857143
 40
-0.5000000000000001
 40
-0.4857142857142858
 40
-0.47142857142857153
 40
-0.45714285714285724
 40
-0.44285714285714295
 40
-0.42857142857142866
 40
-0.41428571428571437
 40
-0.4000000000000001
 40
-0.3857142857142858
 40
-0.3714285714285715
 40
-0.3571428571428572
 40
-0.3428571428571429
 40
-0.3285714285714286
 40
-0.31428571428571433
 40
-0.30000000000000004
 40
-0.28571428571428575
 40
-0.27142857142857146
 40
-0.2571428571428572
 40
-0.2428571428571429
 40
-0.22857142857142862
 40
-0.21428571428571433
 40
-0.20000000000000004
 40
-0.18571428571428575
 40
-0.17142857142857146
 40
-0.15714285714285717
 40
-0.14285714285714288
 40
-0.1285714285714286
 40
-0.1142857142857143
 40
-0.1
 40
-0.08571428571428572
 40
-0.07142857142857142
 40
-0.05714285714285714
 40
-0.04285714285714286
 40
-0.02857142857142857
 40
-0.014285714285714285
 40
0.0
 40
0.0
 40
0.0
 40
0.0
 40
0.0
 40
0.0
 41
1.0
 41
1.0
 41
1.0
 41
1.0
 41
1.0
 41
1.0
 41
1.0
 41
1.0
 41
1.0
 41
1.0
 41
1.0
 41
1.0
 41
1.0
 41
1.0
 41
1.0
 41
1.0
 41
1.0
 41
1.0
 41
1.0
 41
1.0
 41
1.0
 41
1.0
 41
1.0
 41
1.0
 41
1.0
 41
1.0
 41
1.0
 41
1.0
 41
1.0
 41
1.0
 41
1.0
 41
1.0
 41
1.0
 41
1.0
 41
1.0
 41
1.0
 41
1.0
 41
1.0
 41
1.0
 41
1.0
 41
1.0
 41
1.0
 41
1.0
 41
1.0
 41
1.0
 41
1.0
 41
1.0
 41
1.0
 41
1.0
 41
1.0
 41
1.0
 41
1.0
 41
1.0
 41
1.0
 41
1.0
 41
1.0
 41
1.0
 41
1.0
 41
1.0
 41
1.0
 41
1.0
 41
1.0
 41
1.0
 41
1.0
 41
1.0
 41
1.0
 41
1.0
 41
1.0
 41
1.0
 41
1.0
 41
1.0
 41
1.0
 41
1.0
 41
1.0
 41
1.0
 10
1012.0141581670321
 20
893.6533817082027
 30
0.0
 10
1011.9410878898923
 20
893.6646586813969
 30
0.0
 10
1011.794977913305
 20
893.6870205947234
 30
0.0
 10
1011.5759046815461
 20
893.7199873655343
 30
0.0
 10
1011.2839905660043
 20
893.7627904787289
 30
0.0
 10
1010.9194047257063
 20
893.8143707005364
 30
0.0
 10
1010.5551278500077
 20
893.8640229865902
 30
0.0
 10
1010.1911638146116
 20
893.9117416926902
 30
0.0
 10
1009.8275186430179
 20
893.9575199928576
 30
0.0
 10
1009.4642010641201
 20
894.001350082719
 30
0.0
 10
1009.1012218881547
 20
894.0432234024512
 30
0.0
 10
1008.7385932264082
 20
894.0831308646482
 30
0.0
 10
1008.3763277405261
 20
894.121063104522
 30
0.0
 10
1008.0144379349124
 20
894.1570107095761
 30
0.0
 10
1007.6529352814638
 20
894.1909645372203
 30
0.0
 10
1007.2918303698373
 20
894.2229155886474
 30
0.0
 10
1006.9311333722275
 20
894.2528547564526
 30
0.0
 10
1006.570854415495
 20
894.2807726177961
 30
0.0
 10
1006.2110039535393
 20
894.3066592461653
 30
0.0
 10
1005.8515932256618
 20
894.3305039712927
 30
0.0
 10
1005.4926342224983
 20
894.3522954697875
 30
0.0
 10
1005.1341394042528
 20
894.3720220170754
 30
0.0
 10
1004.7761214799472
 20
894.3896717245666
 30
0.0
 10
1004.4185931909119
 20
894.4052327477623
 30
0.0
 10
1004.0615670083055
 20
894.418693646413
 30
0.0
 10
1003.7050552214092
 20
894.4300431469505
 30
0.0
 10
1003.3490702907184
 20
894.4392695146919
 30
0.0
 10
1002.9936251409807
 20
894.4463600114877
 30
0.0
 10
1002.6387334276167
 20
894.4513004290671
 30
0.0
 10
1002.2844099296572
 20
894.4540743667028
 30
0.0
 10
1001.9306704043651
 20
894.4546635966547
 30
0.0
 10
1001.5775309953657
 20
894.4530493220097
 30
0.0
 10
1001.22500771552
 20
894.4492133029074
 30
0.0
 10
1000.8731159993395
 20
894.4431388211883
 30
0.0
 10
1000.5218699648814
 20
894.4348122996222
 30
0.0
 10
1000.1712827918533
 20
894.4242224466548
 30
0.0
 10
999.8213681544486
 20
894.4113570679385
 30
0.0
 10
999.4721414705486
 20
894.3962002862547
 30
0.0
 10
999.1236209896648
 20
894.3787301305201
 30
0.0
 10
998.7758295174888
 20
894.3589146997974
 30
0.0
 10
998.4287936786254
 20
894.336713853051
 30
0.0
 10
998.0825407490506
 20
894.3120863513493
 30
0.0
 10
997.7370958799673
 20
894.2849961291445
 30
0.0
 10
997.3924797141156
 20
894.25541768301
 30
0.0
 10
997.0487044562141
 20
894.2233449462489
 30
0.0
 10
996.7057759101488
 20
894.188786731013
 30
0.0
 10
996.363701166885
 20
894.1517494513112
 30
0.0
 10
996.0224953621345
 20
894.1122219421512
 30
0.0
 10
995.6821874901361
 20
894.0701624119957
 30
0.0
 10
995.3428298843418
 20
894.0254771307453
 30
0.0
 10
995.0044929760359
 20
893.9780323129461
 30
0.0
 10
994.6672478544796
 20
893.9276935093194
 30
0.0
 10
994.3311507906589
 20
893.8743605688808
 30
0.0
 10
993.9962301238508
 20
893.8179972898013
 30
0.0
 10
993.6624642052648
 20
893.7586812043791
 30
0.0
 10
993.3297976305266
 20
893.6965671709928
 30
0.0
 10
992.9981828851215
 20
893.6317937655693
 30
0.0
 10
992.6676177424814
 20
893.5643992247698
 30
0.0
 10
992.3381772715254
 20
893.4942495580354
 30
0.0
 10
992.0100662370257
 20
893.4209206770851
 30
0.0
 10
991.6835728479318
 20
893.3438030069334
 30
0.0
 10
991.3589753641122
 20
893.262312524606
 30
0.0
 10
991.0364566176473
 20
893.1760837310485
 30
0.0
 10
990.7160303810178
 20
893.0851364191632
 30
0.0
 10
990.3974234384328
 20
892.9901410612964
 30
0.0
 10
990.0802259751747
 20
892.8920863444674
 30
0.0
 10
989.7641240778017
 20
892.7917635297501
 30
0.0
 10
989.4491137866784
 20
892.6892923711238
 30
0.0
 10
989.1357032737034
 20
892.5836725151959
 30
0.0
 10
988.8251733542195
 20
892.4722075147395
 30
0.0
 10
988.519244387715
 20
892.3512272012872
 30
0.0
 10
988.2795722626479
 20
892.2438491562758
 30
0.0
 10
988.1032849483197
 20
892.156035230132
 30
0.0
 10
987.9873792262028
 20
892.0940879612799
 30
0.0
 10
987.929831158879
 20
892.0622631526074
 30
0.0
  0
LINE
  5
173
330
17
100
AcDbEntity
  8
cut
 62
5
420
255
100
AcDbLine
 10
987.929831158879
 20
892.0622631526074
 30
0.0
 11
984.1809729245779
 21
889.9890971612047
 31
0.0
  0
ARC
  5
174
330
17
100
AcDbEntity
  8
cut
 62
5
420
255
100
AcDbCircle
 10
981.2773236673526
 20
895.2396991258382
 30
0.0
 40
6.0
100
AcDbArc
 50
-147.89103940504324
 51
-61.05685157035444
  0
ARC
  5
175
330
17
100
AcDbEntity
  8
cut
 62
5
420
255
100
AcDbCircle
 10
889.2507927418743
 20
837.4915075453048
 30
0.0
 40
102.64500000000001
100
AcDbArc
 50
32.1089605949567
 51
35.39103940504328
  0
ARC
  5
176
330
17
100
AcDbEntity
  8
cut
 62
5
420
255
100
AcDbCircle
 10
977.8201937058839
 20
900.4136597484558
 30
0.0
 40
6.000000000000007
100
AcDbArc
 50
128.55685157035455
 51
-144.60896059495673
  0
LINE
  5
177
330
17
100
AcDbEntity
  8
cut
 62
5
420
255
100
AcDbLine
 10
974.0804484815346
 20
905.1056002486067
 30
0.0
 11
977.4304300450427
 21
907.7757273641114
 31
0.0
  0
SPLINE
  5
178
330
17
100
AcDbEntity
  8
cut
 62
5
420
255
100
AcDbSpline
 70
4
 71
5
 72
81
 73
75
 74
0
 42
1e-09
 40
0.0
 40
0.0
 40
0.0
 40
0.0
 40
0.0
 40
0.0
 40
0.014285714285714285
 40
0.02857142857142857
 40
0.04285714285714286
 40
0.05714285714285714
 40
0.07142857142857142
 40
0.08571428571428572
 40
0.1
 40
0.1142857142857143
 40
0.1285714285714286
 40
0.14285714285714288
 40
0.15714285714285717
 40
0.17142857142857146
 40
0.18571428571428575
 40
0.20000000000000004
 40
0.21428571428571433
 40
0.22857142857142862
 40
0.2428571428571429
 40
0.2571428571428572
 40
0.27142857142857146
 40
0.28571428571428575
 40
0.30000000000000004
 40
0.31428571428571433
 40
0.3285714285714286
 40
0.3428571428571429
 40
0.3571428571428572
 40
0.3714285714285715
 40
0.3857142857142858
 40
0.4000000000000001
 40
0.41428571428571437
 40
0.42857142857142866
 40
0.44285714285714295
 40
0.45714285714285724
 40
0.47142857142857153
 40
0.4857142857142858
 40
0.5000000000000001
 40
0.5142857142857143
 40
0.5285714285714286
 40
0.5428571428571428
 40
0.557142857142857
 40
0.5714285714285713
 40
0.5857142857142855
 40
0.5999999999999998
 40
0.614285714285714
 40
0.6285714285714282
 40
0.6428571428571425
 40
0.6571428571428567
 40
0.6714285714285709
 40
0.6857142857142852
 40
0.6999999999999994
 40
0.7142857142857136
 40
0.7285714285714279
 40
0.7428571428571421
 40
0.7571428571428563
 40
0.7714285714285706
 40
0.7857142857142848
 40
0.799999999999999
 40
0.8142857142857133
 40
0.8285714285714275
 40
0.8428571428571418
 40
0.857142857142856
 40
0.8714285714285702
 40
0.8857142857142845
 40
0.8999999999999987
 40
0.9142857142857129
 40
0.9285714285714272
 40
0.9428571428571414
 40
0.9571428571428556
 40
0.9714285714285699
 40
0.9857142857142841
 40
1.0
 40
1.0
 40
1.0
 40
1.0
 40
1.0
 40
1.0
 41
1.0
 41
1.0
 41
1.0
 41
1.0
 41
1.0
 41
1.0
 41
1.0
 41
1.0
 41
1.0
 41
1.0
 41
1.0
 41
1.0
 41
1.0
 41
1.0
 41
1.0
 41
1.0
 41
1.0
 41
1.0
 41
1.0
 41
1.0
 41
1.0
 41
1.0
 41
1.0
 41
1.0
 41
1.0
 41
1.0
 41
1.0
 41
1.0
 41
1.0
 41
1.0
 41
1.0
 41
1.0
 41
1.0
 41
1.0
 41
1.0
 41
1.0
 41
1.0
 41
1.0
 41
1.0
 41
1.0
 41
1.0
 41
1.0
 41
1.0
 41
1.0
 41
1.0
 41
1.0
 41
1.0
 41
1.0
 41
1.0
 41
1.0
 41
1.0
 41
1.0
 41
1.0
 41
1.0
 41
1.0
 41
1.0
 41
1.0
 41
1.0
 41
1.0
 41
1.0
 41
1.0
 41
1.0
 41
1.0
 41
1.0
 41
1.0
 41
1.0
 41
1.0
 41
1.0
 41
1.0
 41
1.0
 41
1.0
 41
1.0
 41
1.0
 41
1.0
 41
1.0
 10
977.4304300450427
 20
907.7757273641114
 30
0.0
 10
977.4818550263307
 20
907.8167160186302
 30
0.0
 10
977.5834420396886
 20
907.9000927495249
 30
0.0
 10
977.7320337632518
 20
908.029356056408
 30
0.0
 10
977.9229566927418
 20
908.2096924284455
 30
0.0
 10
978.151801875139
 20
908.4460367774006
 30
0.0
 10
978.3736167630923
 20
908.6902732052811
 30
0.0
 10
978.5911337970554
 20
908.9394077945001
 30
0.0
 10
978.8063540226203
 20
909.1912253402979
 30
0.0
 10
979.0200071768454
 20
909.4448735343882
 30
0.0
 10
979.231984136767
 20
909.7004018628611
 30
0.0
 10
979.4416740019475
 20
909.9584031464243
 30
0.0
 10
979.6483201739885
 20
910.2196343586492
 30
0.0
 10
979.8514077723687
 20
910.484604496672
 30
0.0
 10
980.0509132403306
 20
910.7533084107954
 30
0.0
 10
980.2471042881616
 20
911.02543731577
 30
0.0
 10
980.4404139972929
 20
911.3005106370817
 30
0.0
 10
980.6312952487866
 20
911.5780288301337
 30
0.0
 10
980.8200614890401
 20
911.8576404253847
 30
0.0
 10
981.0068077815564
 20
912.1392247922299
 30
0.0
 10
981.1914996523376
 20
912.4227986202869
 30
0.0
 10
981.3740272569388
 20
912.7084588379545
 30
0.0
 10
981.5542687272098
 20
912.9963158939361
 30
0.0
 10
981.7321607172803
 20
913.286419459432
 30
0.0
 10
981.9077258283078
 20
913.5787294985241
 30
0.0
 10
982.0810350537624
 20
913.8731556974777
 30
0.0
 10
982.2521854038988
 20
914.1695809268681
 30
0.0
 10
982.4212735274738
 20
914.4678889191962
 30
0.0
 10
982.5883659926625
 20
914.7679954557011
 30
0.0
 10
982.7534903141965
 20
915.0698577562698
 30
0.0
 10
982.9166510149973
 20
915.3734575646705
 30
0.0
 10
983.0778394556985
 20
915.6787907842404
 30
0.0
 10
983.2370452738822
 20
915.9858554251525
 30
0.0
 10
983.3942694039022
 20
916.2946378900929
 30
0.0
 10
983.5495275082175
 20
916.6051093479172
 30
0.0
 10
983.7028432821007
 20
916.9172327602566
 30
0.0
 10
983.854244387293
 20
917.2309671459393
 30
0.0
 10
984.0037577204802
 20
917.5462725457285
 30
0.0
 10
984.1514040269249
 20
917.863115681952
 30
0.0
 10
984.2971966214757
 20
918.1814712862905
 30
0.0
 10
984.4411442726021
 20
918.5013190385303
 30
0.0
 10
984.5832530135251
 20
918.8226416387894
 30
0.0
 10
984.7235282326249
 20
919.1454225895146
 30
0.0
 10
984.8619770708797
 20
919.4696436515412
 30
0.0
 10
984.9986090673233
 20
919.7952841674769
 30
0.0
 10
985.1334349455327
 20
920.122322363275
 30
0.0
 10
985.2664658936935
 20
920.4507361309032
 30
0.0
 10
985.3977127219979
 20
920.7805039370946
 30
0.0
 10
985.527184927052
 20
921.1116058515188
 30
0.0
 10
985.6548904098835
 20
921.444023820942
 30
0.0
 10
985.7808359929205
 20
921.7777410297758
 30
0.0
 10
985.905027749172
 20
922.1127414753548
 30
0.0
 10
986.0274713911522
 20
922.449009489656
 30
0.0
 10
986.1481727157678
 20
922.786529172837
 30
0.0
 10
986.2671377900126
 20
923.1252842207502
 30
0.0
 10
986.3843727339795
 20
923.465258342224
 30
0.0
 10
986.4998836114489
 20
923.8064355387305
 30
0.0
 10
986.6136762952523
 20
924.1488003990928
 30
0.0
 10
986.7257563423369
 20
924.4923384562157
 30
0.0
 10
986.8361289230703
 20
924.8370362532437
 30
0.0
 10
986.9447988676397
 20
925.1828808282124
 30
0.0
 10
987.0517706974596
 20
925.529859297987
 30
0.0
 10
987.1570486738575
 20
925.8779584353053
 30
0.0
 10
987.2606368533806
 20
926.2271641427992
 30
0.0
 10
987.3625391468134
 20
926.5774612658993
 30
0.0
 10
987.46275936069
 20
926.9288345230212
 30
0.0
 10
987.5613012558902
 20
927.2812692471955
 30
0.0
 10
987.6581686037607
 20
927.6347521753635
 30
0.0
 10
987.7533652741998
 20
927.9892722564745
 30
0.0
 10
987.8468952684959
 20
928.3448213133514
 30
0.0
 10
987.9387623180426
 20
928.7013936053695
 30
0.0
 10
988.0109280935258
 20
928.987467124243
 30
0.0
 10
988.0643064649894
 20
929.2024802361941
 30
0.0
 10
988.0995606183023
 20
929.3460257868048
 30
0.0
 10
988.1171048380393
 20
929.4178494310978
 30
0.0
  0
ARC
  5
179
330
17
100
AcDbEntity
  8
cut
 62
5
420
255
100
AcDbCircle
 10
889.2507927418743
 20
837.4915075453048
 30
0.0
 40
135.00000000000003
100
AcDbArc
 50
42.916818254947735
 51
47.08318174505235
  0
SPLINE
  5
17A
330
17
100
AcDbEntity
  8
cut
 62
5
420
255
100
AcDbSpline
 70
4
 71
5
 72
81
 73
75
 74
0
 42
1e-09
 40
-1.0
 40
-1.0
 40
-1.0
 40
-1.0
 40
-1.0
 40
-1.0
 40
-0.9857142857142841
 40
-0.9714285714285699
 40
-0.9571428571428556
 40
-0.9428571428571414
 40
-0.9285714285714272
 40
-0.9142857142857129
 40
-0.8999999999999987
 40
-0.8857142857142845
 40
-0.8714285714285702
 40
-0.857142857142856
 40
-0.8428571428571418
 40
-0.8285714285714275
 40
-0.8142857142857133
 40
-0.799999999999999
 40
-0.7857142857142848
 40
-0.7714285714285706
 40
-0.7571428571428563
 40
-0.7428571428571421
 40
-0.7285714285714279
 40
-0.7142857142857136
 40
-0.6999999999999994
 40
-0.6857142857142852
 40
-0.6714285714285709
 40
-0.6571428571428567
 40
-0.6428571428571425
 40
-0.6285714285714282
 40
-0.614285714285714
 40
-0.5999999999999998
 40
-0.5857142857142855
 40
-0.5714285714285713
 40
-0.557142857142857
 40
-0.5428571428571428
 40
-0.5285714285714286
 40
-0.5142857142857143
 40
-0.5000000000000001
 40
-0.4857142857142858
 40
-0.47142857142857153
 40
-0.45714285714285724
 40
-0.44285714285714295
 40
-0.42857142857142866
 40
-0.41428571428571437
 40
-0.4000000000000001
 40
-0.3857142857142858
 40
-0.3714285714285715
 40
-0.3571428571428572
 40
-0.3428571428571429
 40
-0.3285714285714286
 40
-0.31428571428571433
 40
-0.30000000000000004
 40
-0.28571428571428575
 40
-0.27142857142857146
 40
-0.2571428571428572
 40
-0.2428571428571429
 40
-0.22857142857142862
 40
-0.21428571428571433
 40
-0.20000000000000004
 40
-0.18571428571428575
 40
-0.17142857142857146
 40
-0.15714285714285717
 40
-0.14285714285714288
 40
-0.1285714285714286
 40
-0.1142857142857143
 40
-0.1
 40
-0.08571428571428572
 40
-0.07142857142857142
 40
-0.05714285714285714
 40
-0.04285714285714286
 40
-0.02857142857142857
 40
-0.014285714285714285
 40
0.0
 40
0.0
 40
0.0
 40
0.0
 40
0.0
 40
0.0
 41
1.0
 41
1.0
 41
1.0
 41
1.0
 41
1.0
 41
1.0
 41
1.0
 41
1.0
 41
1.0
 41
1.0
 41
1.0
 41
1.0
 41
1.0
 41
1.0
 41
1.0
 41
1.0
 41
1.0
 41
1.0
 41
1.0
 41
1.0
 41
1.0
 41
1.0
 41
1.0
 41
1.0
 41
1.0
 41
1.0
 41
1.0
 41
1.0
 41
1.0
 41
1.0
 41
1.0
 41
1.0
 41
1.0
 41
1.0
 41
1.0
 41
1.0
 41
1.0
 41
1.0
 41
1.0
 41
1.0
 41
1.0
 41
1.0
 41
1.0
 41
1.0
 41
1.0
 41
1.0
 41
1.0
 41
1.0
 41
1.0
 41
1.0
 41
1.0
 41
1.0
 41
1.0
 41
1.0
 41
1.0
 41
1.0
 41
1.0
 41
1.0
 41
1.0
 41
1.0
 41
1.0
 41
1.0
 41
1.0
 41
1.0
 41
1.0
 41
1.0
 41
1.0
 41
1.0
 41
1.0
 41
1.0
 41
1.0
 41
1.0
 41
1.0
 41
1.0
 41
1.0
 10
981.1771346276673
 20
936.3578196414697
 30
0.0
 10
981.1053109833744
 20
936.3402754217328
 30
0.0
 10
980.9617654327636
 20
936.3050212684198
 30
0.0
 10
980.7467523208126
 20
936.2516428969561
 30
0.0
 10
980.460678801939
 20
936.179477121473
 30
0.0
 10
980.1041065099209
 20
936.0876100719264
 30
0.0
 10
979.748557453044
 20
935.9940800776303
 30
0.0
 10
979.394037371933
 20
935.8988834071912
 30
0.0
 10
979.040554443765
 20
935.8020160593206
 30
0.0
 10
978.6881197195908
 20
935.7034741641205
 30
0.0
 10
978.3367464624688
 20
935.6032539502439
 30
0.0
 10
977.9864493393687
 20
935.501351656811
 30
0.0
 10
977.6372436318749
 20
935.397763477288
 30
0.0
 10
977.2891444945565
 20
935.29248550089
 30
0.0
 10
976.942166024782
 20
935.1855136710702
 30
0.0
 10
976.5963214498132
 20
935.0768437265008
 30
0.0
 10
976.2516236527853
 20
934.9664711457674
 30
0.0
 10
975.9080855956623
 20
934.8543910986828
 30
0.0
 10
975.5657207353001
 20
934.7405984148794
 30
0.0
 10
975.2245435387936
 20
934.62508753741
 30
0.0
 10
974.8845694173198
 20
934.5078525934431
 30
0.0
 10
974.5458143694066
 20
934.3888875191983
 30
0.0
 10
974.2082946862255
 20
934.2681861945828
 30
0.0
 10
973.8720266719243
 20
934.1457425526025
 30
0.0
 10
973.5370262263453
 20
934.021550796351
 30
0.0
 10
973.2033090175115
 20
933.895605213314
 30
0.0
 10
972.8708910480883
 20
933.7678997304824
 30
0.0
 10
972.5397891336643
 20
933.6384275254284
 30
0.0
 10
972.2100213274728
 20
933.5071806971239
 30
0.0
 10
971.8816075598445
 20
933.3741497489632
 30
0.0
 10
971.5545693640464
 20
933.2393238707538
 30
0.0
 10
971.2289288481106
 20
933.1026918743102
 30
0.0
 10
970.9047077860841
 20
932.9642430360553
 30
0.0
 10
970.5819268353589
 20
932.8239678169556
 30
0.0
 10
970.2606042350999
 20
932.6818590760327
 30
0.0
 10
969.94075648286
 20
932.537911424906
 30
0.0
 10
969.6224008785215
 20
932.3921188303553
 30
0.0
 10
969.305557742298
 20
932.2444725239106
 30
0.0
 10
968.9902523425089
 20
932.0949591907234
 30
0.0
 10
968.6765179568262
 20
931.9435580855312
 30
0.0
 10
968.3643945444867
 20
931.790242311648
 30
0.0
 10
968.0539230866624
 20
931.6349842073326
 30
0.0
 10
967.745140621722
 20
931.4777600773127
 30
0.0
 10
967.4380759808098
 20
931.318554259129
 30
0.0
 10
967.13274276124
 20
931.1573658184277
 30
0.0
 10
966.8291429528393
 20
930.994205117627
 30
0.0
 10
966.5272806522705
 20
930.829080796093
 30
0.0
 10
966.2271741157657
 20
930.6619883309043
 30
0.0
 10
965.9288661234376
 20
930.4929002073293
 30
0.0
 10
965.6324408940472
 20
930.321749857193
 30
0.0
 10
965.3380146950936
 20
930.1484406317383
 30
0.0
 10
965.0457046560015
 20
929.9728755207109
 30
0.0
 10
964.7556010905056
 20
929.7949835306403
 30
0.0
 10
964.467744034524
 20
929.6147420603693
 30
0.0
 10
964.1820838168564
 20
929.4322144557681
 30
0.0
 10
963.8985099887994
 20
929.2475225849869
 30
0.0
 10
963.6169256219542
 20
929.0607762924706
 30
0.0
 10
963.3373140267032
 20
928.8720100522171
 30
0.0
 10
963.0597958336513
 20
928.6811288007234
 30
0.0
 10
962.7847225123394
 20
928.4878190915922
 30
0.0
 10
962.512593607365
 20
928.2916280437611
 30
0.0
 10
962.2438896932415
 20
928.0921225757992
 30
0.0
 10
961.9789195552187
 20
927.889034977419
 30
0.0
 10
961.7176883429938
 20
927.682388805378
 30
0.0
 10
961.4596870594306
 20
927.4726989401976
 30
0.0
 10
961.2041587309577
 20
927.2607219802759
 30
0.0
 10
960.9505105368675
 20
927.0470688260509
 30
0.0
 10
960.6986929910696
 20
926.8318486004858
 30
0.0
 10
960.4495584018506
 20
926.6143315665227
 30
0.0
 10
960.2053219739702
 20
926.3925166785695
 30
0.0
 10
959.968977625015
 20
926.1636714961722
 30
0.0
 10
959.7886412529775
 20
925.9727485666824
 30
0.0
 10
959.6593779460944
 20
925.8241568431191
 30
0.0
 10
959.5760012151998
 20
925.7225698297611
 30
0.0
 10
959.5350125606808
 20
925.6711448484732
 30
0.0
  0
LINE
  5
17B
330
17
100
AcDbEntity
  8
cut
 62
5
420
255
100
AcDbLine
 10
959.5350125606808
 20
925.6711448484732
 30
0.0
 11
956.8648854451762
 21
922.3211632849651
 31
0.0
  0
ARC
  5
17C
330
17
100
AcDbEntity
  8
cut
 62
5
420
255
100
AcDbCircle
 10
952.1729449450253
 20
926.0609085093143
 30
0.0
 40
6.0000000000000036
100
AcDbArc
 50
-125.39103940504336
 51
-38.55685157035457
  0
ARC
  5
17D
330
17
100
AcDbEntity
  8
cut
 62
5
420
255
100
AcDbCircle
 10
889.2507927418743
 20
837.4915075453048
 30
0.0
 40
102.64499999999998
100
AcDbArc
 50
54.60896059495672
 51
57.891039405043244
  0
ARC
  5
17E
330
17
100
AcDbEntity
  8
cut
 62
5
420
255
100
AcDbCircle
 10
946.9989843224078
 20
929.518038470783
 30
0.0
 40
6.000000000000003
100
AcDbArc
 50
151.05685157035447
 51
-122.10896059495632
  0
LINE
  5
17F
330
17
100
AcDbEntity
  8
cut
 62
5
420
255
100
AcDbLine
 10
941.7483823577742
 20
932.4216877280084
 30
0.0
 11
943.821548349177
 21
936.1705459623095
 31
0.0
  0
SPLINE
  5
180
330
17
100
AcDbEntity
  8
cut
 62
5
420
255
100
AcDbSpline
 70
4
 71
5
 72
81
 73
75
 74
0
 42
1e-09
 40
0.0
 40
0.0
 40
0.0
 40
0.0
 40
0.0
 40
0.0
 40
0.014285714285714285
 40
0.02857142857142857
 40
0.04285714285714286
 40
0.05714285714285714
 40
0.07142857142857142
 40
0.08571428571428572
 40
0.1
 40
0.1142857142857143
 40
0.1285714285714286
 40
0.14285714285714288
 40
0.15714285714285717
 40
0.17142857142857146
 40
0.18571428571428575
 40
0.20000000000000004
 40
0.21428571428571433
 40
0.22857142857142862
 40
0.2428571428571429
 40
0.2571428571428572
 40
0.27142857142857146
 40
0.28571428571428575
 40
0.30000000000000004
 40
0.31428571428571433
 40
0.3285714285714286
 40
0.3428571428571429
 40
0.3571428571428572
 40
0.3714285714285715
 40
0.3857142857142858
 40
0.4000000000000001
 40
0.41428571428571437
 40
0.42857142857142866
 40
0.44285714285714295
 40
0.45714285714285724
 40
0.47142857142857153
 40
0.4857142857142858
 40
0.5000000000000001
 40
0.5142857142857143
 40
0.5285714285714286
 40
0.5428571428571428
 40
0.557142857142857
 40
0.5714285714285713
 40
0.5857142857142855
 40
0.5999999999999998
 40
0.614285714285714
 40
0.6285714285714282
 40
0.6428571428571425
 40
0.6571428571428567
 40
0.6714285714285709
 40
0.6857142857142852
 40
0.6999999999999994
 40
0.7142857142857136
 40
0.7285714285714279
 40
0.7428571428571421
 40
0.7571428571428563
 40
0.7714285714285706
 40
0.7857142857142848
 40
0.799999999999999
 40
0.8142857142857133
 40
0.8285714285714275
 40
0.8428571428571418
 40
0.857142857142856
 40
0.8714285714285702
 40
0.8857142857142845
 40
0.8999999999999987
 40
0.9142857142857129
 40
0.9285714285714272
 40
0.9428571428571414
 40
0.9571428571428556
 40
0.9714285714285699
 40
0.9857142857142841
 40
1.0
 40
1.0
 40
1.0
 40
1.0
 40
1.0
 40
1.0
 41
1.0
 41
1.0
 41
1.0
 41
1.0
 41
1.0
 41
1.0
 41
1.0
 41
1.0
 41
1.0
 41
1.0
 41
1.0
 41
1.0
 41
1.0
 41
1.0
 41
1.0
 41
1.0
 41
1.0
 41
1.0
 41
1.0
 41
1.0
 41
1.0
 41
1.0
 41
1.0
 41
1.0
 41
1.0
 41
1.0
 41
1.0
 41
1.0
 41
1.0
 41
1.0
 41
1.0
 41
1.0
 41
1.0
 41
1.0
 41
1.0
 41
1.0
 41
1.0
 41
1.0
 41
1.0
 41
1.0
 41
1.0
 41
1.0
 41
1.0
 41
1.0
 41
1.0
 41
1.0
 41
1.0
 41
1.0
 41
1.0
 41
1.0
 41
1.0
 41
1.0
 41
1.0
 41
1.0
 41
1.0
 41
1.0
 41
1.0
 41
1.0
 41
1.0
 41
1.0
 41
1.0
 41
1.0
 41
1.0
 41
1.0
 41
1.0
 41
1.0
 41
1.0
 41
1.0
 41
1.0
 41
1.0
 41
1.0
 41
1.0
 41
1.0
 41
1.0
 41
1.0
 10
943.821548349177
 20
936.1705459623095
 30
0.0
 10
943.8533731578494
 20
936.2280940296333
 30
0.0
 10
943.9153204267016
 20
936.3439997517501
 30
0.0
 10
944.0031343528453
 20
936.5202870660784
 30
0.0
 10
944.1105123978566
 20
936.7599591911455
 30
0.0
 10
944.231492711309
 20
937.06588815765
 30
0.0
 10
944.3429577117654
 20
937.3764180771338
 30
0.0
 10
944.4485775676933
 20
937.6898285901088
 30
0.0
 10
944.5510487263197
 20
938.0048388812322
 30
0.0
 10
944.651371541037
 20
938.3209407786053
 30
0.0
 10
944.7494262578659
 20
938.6381382418633
 30
0.0
 10
944.8444216157327
 20
938.9567451844483
 30
0.0
 10
944.935368927618
 20
939.2771714210778
 30
0.0
 10
945.0215977211756
 20
939.5996901675427
 30
0.0
 10
945.103088203503
 20
939.9242876513623
 30
0.0
 10
945.1802058736546
 20
940.2507810404562
 30
0.0
 10
945.2535347546051
 20
940.5788920749559
 30
0.0
 10
945.3236844213393
 20
940.9083325459119
 30
0.0
 10
945.3910789621389
 20
941.238897688552
 30
0.0
 10
945.4558523675623
 20
941.570512433957
 30
0.0
 10
945.5179664009486
 20
941.9031790086952
 30
0.0
 10
945.5772824863708
 20
942.2369449272812
 30
0.0
 10
945.6336457654503
 20
942.5718655940893
 30
0.0
 10
945.6869787058889
 20
942.90796265791
 30
0.0
 10
945.7373175095156
 20
943.2452077794663
 30
0.0
 10
945.7847623273149
 20
943.5835446877722
 30
0.0
 10
945.8294476085653
 20
943.9229022935666
 30
0.0
 10
945.8715071387209
 20
944.2632101655649
 30
0.0
 10
945.9110346478807
 20
944.6044159703154
 30
0.0
 10
945.9480719275825
 20
944.9464907135792
 30
0.0
 10
945.9826301428184
 20
945.2894192596445
 30
0.0
 10
946.0147028795795
 20
945.633194517546
 30
0.0
 10
946.044281325714
 20
945.9778106833978
 30
0.0
 10
946.0713715479188
 20
946.3232555524811
 30
0.0
 10
946.0959990496206
 20
946.6695084820558
 30
0.0
 10
946.118199896367
 20
947.0165443209191
 30
0.0
 10
946.1380153270896
 20
947.3643357930953
 30
0.0
 10
946.1554854828242
 20
947.7128562739791
 30
0.0
 10
946.170642264508
 20
948.062082957879
 30
0.0
 10
946.1835076432243
 20
948.4119975952838
 30
0.0
 10
946.1940974961917
 20
948.7625847683119
 30
0.0
 10
946.2024240177578
 20
949.11383080277
 30
0.0
 10
946.208498499477
 20
949.4657225189504
 30
0.0
 10
946.2123345185793
 20
949.8182457987962
 30
0.0
 10
946.2139487932242
 20
950.1713852077955
 30
0.0
 10
946.2133595632723
 20
950.5251247330876
 30
0.0
 10
946.2105856256367
 20
950.8794482310471
 30
0.0
 10
946.2056452080573
 20
951.2343399444112
 30
0.0
 10
946.1985547112614
 20
951.589785094149
 30
0.0
 10
946.1893283435202
 20
951.9457700248397
 30
0.0
 10
946.1779788429825
 20
952.302281811736
 30
0.0
 10
946.1645179443318
 20
952.6593079943424
 30
0.0
 10
946.1489569211361
 20
953.0168362833776
 30
0.0
 10
946.131307213645
 20
953.3748542076833
 30
0.0
 10
946.111580666357
 20
953.7333490259288
 30
0.0
 10
946.0897891678622
 20
954.0923080290922
 30
0.0
 10
946.0659444427348
 20
954.4517187569697
 30
0.0
 10
946.0400578143657
 20
954.8115692189253
 30
0.0
 10
946.0121399530221
 20
955.1718481756579
 30
0.0
 10
945.982200785217
 20
955.5325451732679
 30
0.0
 10
945.9502497337899
 20
955.8936500848943
 30
0.0
 10
945.9162959061456
 20
956.2551527383428
 30
0.0
 10
945.8803483010915
 20
956.6170425439566
 30
0.0
 10
945.8424160612177
 20
956.9793080298386
 30
0.0
 10
945.8025085990207
 20
957.341936691585
 30
0.0
 10
945.7606352792885
 20
957.7049158675507
 30
0.0
 10
945.7168051894271
 20
958.0682334464484
 30
0.0
 10
945.6710268892597
 20
958.4318786180422
 30
0.0
 10
945.6233081831597
 20
958.7958426534382
 30
0.0
 10
945.5736558971059
 20
959.1601195291369
 30
0.0
 10
945.5220756752984
 20
959.5247053694347
 30
0.0
 10
945.4792725621039
 20
959.8166194849766
 30
0.0
 10
945.446305791293
 20
960.0356927167355
 30
0.0
 10
945.4239438779664
 20
960.1818026933228
 30
0.0
 10
945.4126669047722
 20
960.2548729704625
 30
0.0
  0
ARC
  5
181
330
17
100
AcDbEntity
  8
cut
 62
5
420
255
100
AcDbCircle
 10
889.2507927418743
 20
837.4915075453048
 30
0.0
 40
135.0
100
AcDbArc
 50
65.4168182549477
 51
69.58318174505233
  0
SPLINE
  5
182
330
17
100
AcDbEntity
  8
cut
 62
5
420
255
100
AcDbSpline
 70
4
 71
5
 72
81
 73
75
 74
0
 42
1e-09
 40
-1.0
 40
-1.0
 40
-1.0
 40
-1.0
 40
-1.0
 40
-1.0
 40
-0.9857142857142841
 40
-0.9714285714285699
 40
-0.9571428571428556
 40
-0.9428571428571414
 40
-0.9285714285714272
 40
-0.9142857142857129
 40
-0.8999999999999987
 40
-0.8857142857142845
 40
-0.8714285714285702
 40
-0.857142857142856
 40
-0.8428571428571418
 40
-0.8285714285714275
 40
-0.8142857142857133
 40
-0.799999999999999
 40
-0.7857142857142848
 40
-0.7714285714285706
 40
-0.7571428571428563
 40
-0.7428571428571421
 40
-0.7285714285714279
 40
-0.7142857142857136
 40
-0.6999999999999994
 40
-0.6857142857142852
 40
-0.6714285714285709
 40
-0.6571428571428567
 40
-0.6428571428571425
 40
-0.6285714285714282
 40
-0.614285714285714
 40
-0.5999999999999998
 40
-0.5857142857142855
 40
-0.5714285714285713
 40
-0.557142857142857
 40
-0.5428571428571428
 40
-0.5285714285714286
 40
-0.5142857142857143
 40
-0.5000000000000001
 40
-0.4857142857142858
 40
-0.47142857142857153
 40
-0.45714285714285724
 40
-0.44285714285714295
 40
-0.42857142857142866
 40
-0.41428571428571437
 40
-0.4000000000000001
 40
-0.3857142857142858
 40
-0.3714285714285715
 40
-0.3571428571428572
 40
-0.3428571428571429
 40
-0.3285714285714286
 40
-0.31428571428571433
 40
-0.30000000000000004
 40
-0.28571428571428575
 40
-0.27142857142857146
 40
-0.2571428571428572
 40
-0.2428571428571429
 40
-0.22857142857142862
 40
-0.21428571428571433
 40
-0.20000000000000004
 40
-0.18571428571428575
 40
-0.17142857142857146
 40
-0.15714285714285717
 40
-0.14285714285714288
 40
-0.1285714285714286
 40
-0.1142857142857143
 40
-0.1
 40
-0.08571428571428572
 40
-0.07142857142857142
 40
-0.05714285714285714
 40
-0.04285714285714286
 40
-0.02857142857142857
 40
-0.014285714285714285
 40
0.0
 40
0.0
 40
0.0
 40
0.0
 40
0.0
 40
0.0
 41
1.0
 41
1.0
 41
1.0
 41
1.0
 41
1.0
 41
1.0
 41
1.0
 41
1.0
 41
1.0
 41
1.0
 41
1.0
 41
1.0
 41
1.0
 41
1.0
 41
1.0
 41
1.0
 41
1.0
 41
1.0
 41
1.0
 41
1.0
 41
1.0
 41
1.0
 41
1.0
 41
1.0
 41
1.0
 41
1.0
 41
1.0
 41
1.0
 41
1.0
 41
1.0
 41
1.0
 41
1.0
 41
1.0
 41
1.0
 41
1.0
 41
1.0
 41
1.0
 41
1.0
 41
1.0
 41
1.0
 41
1.0
 41
1.0
 41
1.0
 41
1.0
 41
1.0
 41
1.0
 41
1.0
 41
1.0
 41
1.0
 41
1.0
 41
1.0
 41
1.0
 41
1.0
 41
1.0
 41
1.0
 41
1.0
 41
1.0
 41
1.0
 41
1.0
 41
1.0
 41
1.0
 41
1.0
 41
1.0
 41
1.0
 41
1.0
 41
1.0
 41
1.0
 41
1.0
 41
1.0
 41
1.0
 41
1.0
 41
1.0
 41
1.0
 41
1.0
 41
1.0
 10
936.3451588505549
 20
964.0107577834467
 30
0.0
 10
936.2855163378692
 20
963.9670633191948
 30
0.0
 10
936.1663887220719
 20
963.8795602245044
 30
0.0
 10
935.9881695271246
 20
963.7479630839455
 30
0.0
 10
935.751488704905
 20
963.5718150049175
 30
0.0
 10
935.4572148602906
 20
963.3504866095335
 30
0.0
 10
935.1645227430846
 20
963.1280134286676
 30
0.0
 10
934.8734190848753
 20
962.9043942118037
 30
0.0
 10
934.583912971616
 20
962.6796283915037
 30
0.0
 10
934.296016094092
 20
962.4537166215017
 30
0.0
 10
934.009742149004
 20
962.2266604930805
 30
0.0
 10
933.725106126091
 20
961.9984621444464
 30
0.0
 10
933.4421236003936
 20
961.7691239068297
 30
0.0
 10
933.1608100695007
 20
961.5386479665391
 30
0.0
 10
932.8811801100558
 20
961.3070359706431
 30
0.0
 10
932.6032475731948
 20
961.0742890440424
 30
0.0
 10
932.327026091653
 20
960.8404079396571
 30
0.0
 10
932.0525294891564
 20
960.6053931553049
 30
0.0
 10
931.7797721768326
 20
960.3692450639048
 30
0.0
 10
931.5087696470862
 20
960.1319640678246
 30
0.0
 10
931.2395383854234
 20
959.8935506388775
 30
0.0
 10
930.972095493065
 20
959.6540052972326
 30
0.0
 10
930.7064583631492
 20
959.4133286230228
 30
0.0
 10
930.4426443804825
 20
959.1715212504038
 30
0.0
 10
930.1806704529837
 20
958.9285839083384
 30
0.0
 10
929.9205532421031
 20
958.6845173150444
 30
0.0
 10
929.6623098564158
 20
958.4393219837482
 30
0.0
 10
929.4059584423301
 20
958.1929980463951
 30
0.0
 10
929.1515187024512
 20
957.9455451120608
 30
0.0
 10
928.8990126841975
 20
957.6969620340326
 30
0.0
 10
928.6484644185952
 20
957.4472470654196
 30
0.0
 10
928.3998986123355
 20
957.1963983300637
 30
0.0
 10
928.1533394857505
 20
956.9444142532388
 30
0.0
 10
927.9088097742117
 20
956.6912939272684
 30
0.0
 10
927.6663290612446
 20
956.4370377345751
 30
0.0
 10
927.4259146506445
 20
956.1816470102849
 30
0.0
 10
927.187584834232
 20
955.9251228008068
 30
0.0
 10
926.9513617409847
 20
955.6674647813403
 30
0.0
 10
926.7172738111576
 20
955.4086703203366
 30
0.0
 10
926.4853597281792
 20
955.1487329864858
 30
0.0
 10
926.2556667024866
 20
954.8876432222285
 30
0.0
 10
926.0282431814355
 20
954.6253911542634
 30
0.0
 10
925.8031324518055
 20
954.3619690649837
 30
0.0
 10
925.5803671438638
 20
954.0973735173646
 30
0.0
 10
925.3599601774526
 20
953.8316088516433
 30
0.0
 10
925.1419094254064
 20
953.5646854029192
 30
0.0
 10
924.9262153664057
 20
953.2966127206507
 30
0.0
 10
924.7128965978568
 20
953.0273936125611
 30
0.0
 10
924.5020031728621
 20
952.7570190295935
 30
0.0
 10
924.2936383739491
 20
952.4854596998977
 30
0.0
 10
924.0879466041583
 20
952.2126708253109
 30
0.0
 10
923.885073201185
 20
951.938607603535
 30
0.0
 10
923.6851287720652
 20
951.6632390067258
 30
0.0
 10
923.4881589542528
 20
951.3865594752192
 30
0.0
 10
923.2940936161272
 20
951.1086085246226
 30
0.0
 10
923.10278407947
 20
950.8294564795369
 30
0.0
 10
922.9140987584681
 20
950.549167730104
 30
0.0
 10
922.7280090412977
 20
950.267767739305
 30
0.0
 10
922.5446627553332
 20
949.985214843249
 30
0.0
 10
922.3645045668331
 20
949.7013539567952
 30
0.0
 10
922.1881693049058
 20
949.4159578398408
 30
0.0
 10
922.0162666955968
 20
949.12881028522
 30
0.0
 10
921.8491844675697
 20
948.8397821278768
 30
0.0
 10
921.6869183637439
 20
948.5488971021213
 30
0.0
 10
921.5288010958376
 20
948.2564361107574
 30
0.0
 10
921.3738437737898
 20
947.9628084783153
 30
0.0
 10
921.2212649212057
 20
947.6683517405427
 30
0.0
 10
921.0709770593496
 20
947.373147776405
 30
0.0
 10
920.9240468766843
 20
947.0768485610307
 30
0.0
 10
920.7832867225436
 20
946.7784530915146
 30
0.0
 10
920.6525082757992
 20
946.4765826447057
 30
0.0
 10
920.5589622346808
 20
946.2311811160313
 30
0.0
 10
920.496402101941
 20
946.0444333379737
 30
0.0
 10
920.4582477137352
 20
945.9186722820052
 30
0.0
 10
920.4400586231086
 20
945.8554761153341
 30
0.0
  0
LINE
  5
183
330
17
100
AcDbEntity
  8
cut
 62
5
420
255
100
AcDbLine
 10
920.4400586231086
 20
945.8554761153342
 30
0.0
 11
919.2551652749736
 21
941.7386833051065
 31
0.0
  0
ARC
  5
184
330
17
100
AcDbEntity
  8
cut
 62
5
420
255
100
AcDbCircle
 10
913.4892389404985
 20
943.3982294796391
 30
0.0
 40
5.999999999999998
100
AcDbArc
 50
-102.89103940504337
 51
-16.056851570354343
  0
ARC
  5
185
330
17
100
AcDbEntity
  8
cut
 62
5
420
255
100
AcDbCircle
 10
889.2507927418743
 20
837.4915075453048
 30
0.0
 40
102.64500000000001
100
AcDbArc
 50
77.10896059495671
 51
80.39103940504329
  0
ARC
  5
186
330
17
100
AcDbEntity
  8
cut
 62
5
420
255
100
AcDbCircle
 10
907.3861362594557
 20
944.6122120822864
 30
0.0
 40
6.0
100
AcDbArc
 50
173.55685157035438
 51
-99.60896059495683
  0
LINE
  5
187
330
17
100
AcDbEntity
  8
cut
 62
5
420
255
100
AcDbLine
 10
901.4240341068278
 20
945.2855158188196
 30
0.0
 11
901.9047637972309
 21
949.5423754892295
 31
0.0
  0
SPLINE
  5
188
330
17
100
AcDbEntity
  8
cut
 62
5
420
255
100
AcDbSpline
 70
4
 71
5
 72
81
 73
75
 74
0
 42
1e-09
 40
0.0
 40
0.0
 40
0.0
 40
0.0
 40
0.0
 40
0.0
 40
0.014285714285714285
 40
0.02857142857142857
 40
0.04285714285714286
 40
0.05714285714285714
 40
0.07142857142857142
 40
0.08571428571428572
 40
0.1
 40
0.1142857142857143
 40
0.1285714285714286
 40
0.14285714285714288
 40
0.15714285714285717
 40
0.17142857142857146
 40
0.18571428571428575
 40
0.20000000000000004
 40
0.21428571428571433
 40
0.22857142857142862
 40
0.2428571428571429
 40
0.2571428571428572
 40
0.27142857142857146
 40
0.28571428571428575
 40
0.30000000000000004
 40
0.31428571428571433
 40
0.3285714285714286
 40
0.3428571428571429
 40
0.3571428571428572
 40
0.3714285714285715
 40
0.3857142857142858
 40
0.4000000000000001
 40
0.41428571428571437
 40
0.42857142857142866
 40
0.44285714285714295
 40
0.45714285714285724
 40
0.47142857142857153
 40
0.4857142857142858
 40
0.5000000000000001
 40
0.5142857142857143
 40
0.5285714285714286
 40
0.5428571428571428
 40
0.557142857142857
 40
0.5714285714285713
 40
0.5857142857142855
 40
0.5999999999999998
 40
0.614285714285714
 40
0.6285714285714282
 40
0.6428571428571425
 40
0.6571428571428567
 40
0.6714285714285709
 40
0.6857142857142852
 40
0.6999999999999994
 40
0.7142857142857136
 40
0.7285714285714279
 40
0.7428571428571421
 40
0.7571428571428563
 40
0.7714285714285706
 40
0.7857142857142848
 40
0.799999999999999
 40
0.8142857142857133
 40
0.8285714285714275
 40
0.8428571428571418
 40
0.857142857142856
 40
0.8714285714285702
 40
0.8857142857142845
 40
0.8999999999999987
 40
0.9142857142857129
 40
0.9285714285714272
 40
0.9428571428571414
 40
0.9571428571428556
 40
0.9714285714285699
 40
0.9857142857142841
 40
1.0
 40
1.0
 40
1.0
 40
1.0
 40
1.0
 40
1.0
 41
1.0
 41
1.0
 41
1.0
 41
1.0
 41
1.0
 41
1.0
 41
1.0
 41
1.0
 41
1.0
 41
1.0
 41
1.0
 41
1.0
 41
1.0
 41
1.0
 41
1.0
 41
1.0
 41
1.0
 41
1.0
 41
1.0
 41
1.0
 41
1.0
 41
1.0
 41
1.0
 41
1.0
 41
1.0
 41
1.0
 41
1.0
 41
1.0
 41
1.0
 41
1.0
 41
1.0
 41
1.0
 41
1.0
 41
1.0
 41
1.0
 41
1.0
 41
1.0
 41
1.0
 41
1.0
 41
1.0
 41
1.0
 41
1.0
 41
1.0
 41
1.0
 41
1.0
 41
1.0
 41
1.0
 41
1.0
 41
1.0
 41
1.0
 41
1.0
 41
1.0
 41
1.0
 41
1.0
 41
1.0
 41
1.0
 41
1.0
 41
1.0
 41
1.0
 41
1.0
 41
1.0
 41
1.0
 41
1.0
 41
1.0
 41
1.0
 41
1.0
 41
1.0
 41
1.0
 41
1.0
 41
1.0
 41
1.0
 41
1.0
 41
1.0
 41
1.0
 41
1.0
 10
901.9047637972309
 20
949.5423754892295
 30
0.0
 10
901.91214339466
 20
949.6077217977827
 30
0.0
 10
901.925020008877
 20
949.7385109156173
 30
0.0
 10
901.9386872633812
 20
949.9349840918327
 30
0.0
 10
901.9461730899453
 20
950.1975040615213
 30
0.0
 10
901.9408703784188
 20
950.5264427336776
 30
0.0
 10
901.9250159554917
 20
950.8559907794844
 30
0.0
 10
901.9026589677657
 20
951.1859633066882
 30
0.0
 10
901.8767807544559
 20
951.5162088818892
 30
0.0
 10
901.8484999905534
 20
951.8466408341405
 30
0.0
 10
901.8177045225208
 20
952.1772169938049
 30
0.0
 10
901.7835431909735
 20
952.5079245765825
 30
0.0
 10
901.7449457389082
 20
952.8387638477607
 30
0.0
 10
901.7011881754898
 20
953.1697306471581
 30
0.0
 10
901.6522574849615
 20
953.5008046762458
 30
0.0
 10
901.5985613112266
 20
953.8319568906395
 30
0.0
 10
901.5407457065994
 20
954.1631537076586
 30
0.0
 10
901.4794841377222
 20
954.4943621312008
 30
0.0
 10
901.4152467711642
 20
954.8255552748435
 30
0.0
 10
901.3481861256915
 20
955.1567150599155
 30
0.0
 10
901.2782660231649
 20
955.4878289109611
 30
0.0
 10
901.2053402531042
 20
955.8188876949564
 30
0.0
 10
901.1292445426868
 20
956.1498833371329
 30
0.0
 10
901.0498989767759
 20
956.4808061680392
 30
0.0
 10
900.9673478464723
 20
956.8116438594374
 30
0.0
 10
900.8817052131944
 20
957.1423827498377
 30
0.0
 10
900.7931224965615
 20
957.4730086128383
 30
0.0
 10
900.7017502511021
 20
957.8035075758936
 30
0.0
 10
900.6076950992813
 20
958.1338671581547
 30
0.0
 10
900.51100674706
 20
958.4640765653669
 30
0.0
 10
900.4117013017324
 20
958.7941260866135
 30
0.0
 10
900.3097755511218
 20
959.1240067161615
 30
0.0
 10
900.2052235749122
 20
959.4537097196552
 30
0.0
 10
900.0980556485447
 20
959.7832261430292
 30
0.0
 10
899.9883032337477
 20
960.1125466746172
 30
0.0
 10
899.8760092756911
 20
960.4416618794252
 30
0.0
 10
899.7612223122441
 20
960.7705623391935
 30
0.0
 10
899.6439896176829
 20
961.0992388173036
 30
0.0
 10
899.524349391991
 20
961.4276824520038
 30
0.0
 10
899.4023289175882
 20
961.7558847909139
 30
0.0
 10
899.2779487632795
 20
962.0838376657174
 30
0.0
 10
899.1512254280603
 20
962.4115331096816
 30
0.0
 10
899.0221743876225
 20
962.7389632674351
 30
0.0
 10
898.8908135884375
 20
963.066120291375
 30
0.0
 10
898.7571643826026
 20
963.3929963196346
 30
0.0
 10
898.6212497494081
 20
963.7195835383517
 30
0.0
 10
898.4830932328352
 20
964.0458742260288
 30
0.0
 10
898.3427177031635
 20
964.3718608003071
 30
0.0
 10
898.2001439683793
 20
964.697535883429
 30
0.0
 10
898.0553903809167
 20
965.0228922967013
 30
0.0
 10
897.9084736553777
 20
965.3479229738924
 30
0.0
 10
897.7594094016212
 20
965.6726208936748
 30
0.0
 10
897.6082127379701
 20
965.9969790164405
 30
0.0
 10
897.4548990063428
 20
966.3209901983357
 30
0.0
 10
897.299484025525
 20
966.6446472005993
 30
0.0
 10
897.141983642674
 20
966.9679428311923
 30
0.0
 10
896.9824134581974
 20
967.2908700651877
 30
0.0
 10
896.8207885221619
 20
967.6134221579566
 30
0.0
 10
896.657122993704
 20
967.9355928090731
 30
0.0
 10
896.4914300442591
 20
968.2573761591052
 30
0.0
 10
896.3237222547783
 20
968.5787664580184
 30
0.0
 10
896.1540119321365
 20
968.8997577931832
 30
0.0
 10
895.9823114426341
 20
969.220343824727
 30
0.0
 10
895.8086336230276
 20
969.5405174527164
 30
0.0
 10
895.6329919545583
 20
969.8602707265954
 30
0.0
 10
895.455399934564
 20
970.1795955322781
 30
0.0
 10
895.2758705935016
 20
970.4984841579942
 30
0.0
 10
895.0944159765153
 20
970.8169298920903
 30
0.0
 10
894.9110466343087
 20
971.1349276567247
 30
0.0
 10
894.7257711783577
 20
971.4524744990979
 30
0.0
 10
894.5385963063904
 20
971.7695689984691
 30
0.0
 10
894.3873406904909
 20
972.0228824327962
 30
0.0
 10
894.2730476694168
 20
972.2126638707315
 30
0.0
 10
894.1964740880435
 20
972.3390943538501
 30
0.0
 10
894.158092738861
 20
972.4022869765258
 30
0.0
  0
ARC
  5
189
330
17
100
AcDbEntity
  8
cut
 62
5
420
255
100
AcDbCircle
 10
889.2507927418743
 20
837.4915075453048
 30
0.0
 40
135.00000000000003
100
AcDbArc
 50
87.91681825494773
 51
92.08318174505233
  0
SPLINE
  5
18A
330
17
100
AcDbEntity
  8
cut
 62
5
420
255
100
AcDbSpline
 70
4
 71
5
 72
81
 73
75
 74
0
 42
1e-09
 40
-1.0
 40
-1.0
 40
-1.0
 40
-1.0
 40
-1.0
 40
-1.0
 40
-0.9857142857142841
 40
-0.9714285714285699
 40
-0.9571428571428556
 40
-0.9428571428571414
 40
-0.9285714285714272
 40
-0.9142857142857129
 40
-0.8999999999999987
 40
-0.8857142857142845
 40
-0.8714285714285702
 40
-0.857142857142856
 40
-0.8428571428571418
 40
-0.8285714285714275
 40
-0.8142857142857133
 40
-0.799999999999999
 40
-0.7857142857142848
 40
-0.7714285714285706
 40
-0.7571428571428563
 40
-0.7428571428571421
 40
-0.7285714285714279
 40
-0.7142857142857136
 40
-0.6999999999999994
 40
-0.6857142857142852
 40
-0.6714285714285709
 40
-0.6571428571428567
 40
-0.6428571428571425
 40
-0.6285714285714282
 40
-0.614285714285714
 40
-0.5999999999999998
 40
-0.5857142857142855
 40
-0.5714285714285713
 40
-0.557142857142857
 40
-0.5428571428571428
 40
-0.5285714285714286
 40
-0.5142857142857143
 40
-0.5000000000000001
 40
-0.4857142857142858
 40
-0.47142857142857153
 40
-0.45714285714285724
 40
-0.44285714285714295
 40
-0.42857142857142866
 40
-0.41428571428571437
 40
-0.4000000000000001
 40
-0.3857142857142858
 40
-0.3714285714285715
 40
-0.3571428571428572
 40
-0.3428571428571429
 40
-0.3285714285714286
 40
-0.31428571428571433
 40
-0.30000000000000004
 40
-0.28571428571428575
 40
-0.27142857142857146
 40
-0.2571428571428572
 40
-0.2428571428571429
 40
-0.22857142857142862
 40
-0.21428571428571433
 40
-0.20000000000000004
 40
-0.18571428571428575
 40
-0.17142857142857146
 40
-0.15714285714285717
 40
-0.14285714285714288
 40
-0.1285714285714286
 40
-0.1142857142857143
 40
-0.1
 40
-0.08571428571428572
 40
-0.07142857142857142
 40
-0.05714285714285714
 40
-0.04285714285714286
 40
-0.02857142857142857
 40
-0.014285714285714285
 40
0.0
 40
0.0
 40
0.0
 40
0.0
 40
0.0
 40
0.0
 41
1.0
 41
1.0
 41
1.0
 41
1.0
 41
1.0
 41
1.0
 41
1.0
 41
1.0
 41
1.0
 41
1.0
 41
1.0
 41
1.0
 41
1.0
 41
1.0
 41
1.0
 41
1.0
 41
1.0
 41
1.0
 41
1.0
 41
1.0
 41
1.0
 41
1.0
 41
1.0
 41
1.0
 41
1.0
 41
1.0
 41
1.0
 41
1.0
 41
1.0
 41
1.0
 41
1.0
 41
1.0
 41
1.0
 41
1.0
 41
1.0
 41
1.0
 41
1.0
 41
1.0
 41
1.0
 41
1.0
 41
1.0
 41
1.0
 41
1.0
 41
1.0
 41
1.0
 41
1.0
 41
1.0
 41
1.0
 41
1.0
 41
1.0
 41
1.0
 41
1.0
 41
1.0
 41
1.0
 41
1.0
 41
1.0
 41
1.0
 41
1.0
 41
1.0
 41
1.0
 41
1.0
 41
1.0
 41
1.0
 41
1.0
 41
1.0
 41
1.0
 41
1.0
 41
1.0
 41
1.0
 41
1.0
 41
1.0
 41
1.0
 41
1.0
 41
1.0
 41
1.0
 10
884.3434927448876
 20
972.4022869765258
 30
0.0
 10
884.3051113957051
 20
972.3390943538501
 30
0.0
 10
884.2285378143318
 20
972.2126638707316
 30
0.0
 10
884.1142447932577
 20
972.0228824327962
 30
0.0
 10
883.9629891773582
 20
971.7695689984691
 30
0.0
 10
883.7758143053909
 20
971.4524744990979
 30
0.0
 10
883.5905388494399
 20
971.1349276567247
 30
0.0
 10
883.4071695072333
 20
970.8169298920905
 30
0.0
 10
883.225714890247
 20
970.4984841579942
 30
0.0
 10
883.0461855491847
 20
970.1795955322781
 30
0.0
 10
882.8685935291903
 20
969.8602707265954
 30
0.0
 10
882.692951860721
 20
969.5405174527164
 30
0.0
 10
882.5192740411145
 20
969.2203438247269
 30
0.0
 10
882.3475735516121
 20
968.8997577931832
 30
0.0
 10
882.1778632289703
 20
968.5787664580184
 30
0.0
 10
882.0101554394895
 20
968.2573761591052
 30
0.0
 10
881.8444624900446
 20
967.9355928090731
 30
0.0
 10
881.6807969615867
 20
967.6134221579566
 30
0.0
 10
881.5191720255513
 20
967.2908700651877
 30
0.0
 10
881.3596018410747
 20
966.9679428311923
 30
0.0
 10
881.2021014582238
 20
966.6446472005993
 30
0.0
 10
881.0466864774058
 20
966.3209901983357
 30
0.0
 10
880.8933727457785
 20
965.9969790164405
 30
0.0
 10
880.7421760821275
 20
965.6726208936748
 30
0.0
 10
880.593111828371
 20
965.3479229738924
 30
0.0
 10
880.4461951028319
 20
965.0228922967013
 30
0.0
 10
880.3014415153693
 20
964.697535883429
 30
0.0
 10
880.1588677805851
 20
964.3718608003071
 30
0.0
 10
880.0184922509134
 20
964.0458742260288
 30
0.0
 10
879.8803357343405
 20
963.7195835383517
 30
0.0
 10
879.7444211011461
 20
963.3929963196346
 30
0.0
 10
879.6107718953111
 20
963.066120291375
 30
0.0
 10
879.4794110961261
 20
962.7389632674351
 30
0.0
 10
879.3503600556883
 20
962.4115331096816
 30
0.0
 10
879.2236367204691
 20
962.0838376657174
 30
0.0
 10
879.0992565661605
 20
961.7558847909139
 30
0.0
 10
878.9772360917576
 20
961.4276824520038
 30
0.0
 10
878.8575958660657
 20
961.0992388173036
 30
0.0
 10
878.7403631715046
 20
960.7705623391935
 30
0.0
 10
878.6255762080575
 20
960.4416618794252
 30
0.0
 10
878.5132822500009
 20
960.1125466746172
 30
0.0
 10
878.4035298352039
 20
959.7832261430292
 30
0.0
 10
878.2963619088364
 20
959.4537097196552
 30
0.0
 10
878.1918099326268
 20
959.1240067161615
 30
0.0
 10
878.0898841820162
 20
958.7941260866135
 30
0.0
 10
877.9905787366886
 20
958.4640765653669
 30
0.0
 10
877.8938903844673
 20
958.1338671581548
 30
0.0
 10
877.7998352326465
 20
957.8035075758936
 30
0.0
 10
877.7084629871871
 20
957.4730086128383
 30
0.0
 10
877.6198802705542
 20
957.1423827498377
 30
0.0
 10
877.5342376372764
 20
956.8116438594374
 30
0.0
 10
877.4516865069727
 20
956.4808061680392
 30
0.0
 10
877.3723409410618
 20
956.1498833371329
 30
0.0
 10
877.2962452306444
 20
955.8188876949564
 30
0.0
 10
877.2233194605838
 20
955.4878289109611
 30
0.0
 10
877.1533993580571
 20
955.1567150599155
 30
0.0
 10
877.0863387125844
 20
954.8255552748435
 30
0.0
 10
877.0221013460264
 20
954.4943621312008
 30
0.0
 10
876.9608397771492
 20
954.1631537076585
 30
0.0
 10
876.903024172522
 20
953.8319568906395
 30
0.0
 10
876.8493279987871
 20
953.5008046762458
 30
0.0
 10
876.8003973082588
 20
953.1697306471581
 30
0.0
 10
876.7566397448404
 20
952.8387638477607
 30
0.0
 10
876.7180422927751
 20
952.5079245765825
 30
0.0
 10
876.6838809612279
 20
952.1772169938049
 30
0.0
 10
876.6530854931952
 20
951.8466408341405
 30
0.0
 10
876.6248047292928
 20
951.5162088818892
 30
0.0
 10
876.598926515983
 20
951.1859633066882
 30
0.0
 10
876.5765695282569
 20
950.8559907794844
 30
0.0
 10
876.5607151053298
 20
950.5264427336776
 30
0.0
 10
876.5554123938034
 20
950.1975040615213
 30
0.0
 10
876.5628982203674
 20
949.9349840918327
 30
0.0
 10
876.5765654748716
 20
949.7385109156173
 30
0.0
 10
876.5894420890886
 20
949.6077217977827
 30
0.0
 10
876.5968216865177
 20
949.5423754892295
 30
0.0
  0
LINE
  5
18B
330
17
100
AcDbEntity
  8
cut
 62
5
420
255
100
AcDbLine
 10
876.5968216865177
 20
949.5423754892295
 30
0.0
 11
877.0775513769208
 21
945.2855158188196
 31
0.0
  0
ARC
  5
18C
330
17
100
AcDbEntity
  8
cut
 62
5
420
255
100
AcDbCircle
 10
871.1154492242929
 20
944.6122120822864
 30
0.0
 40
5.999999999999998
100
AcDbArc
 50
-80.39103940504329
 51
6.443148429645627
  0
ARC
  5
18D
330
17
100
AcDbEntity
  8
cut
 62
5
420
255
100
AcDbCircle
 10
889.2507927418743
 20
837.4915075453048
 30
0.0
 40
102.64500000000001
100
AcDbArc
 50
99.60896059495673
 51
102.8910394050433
  0
ARC
  5
18E
330
17
100
AcDbEntity
  8
cut
 62
5
420
255
100
AcDbCircle
 10
865.0123465432503
 20
943.3982294796391
 30
0.0
 40
5.999999999999999
100
AcDbArc
 50
-163.9431484296457
 51
-77.10896059495717
  0
LINE
  5
18F
330
17
100
AcDbEntity
  8
cut
 62
5
420
255
100
AcDbLine
 10
859.246420208775
 20
941.7386833051065
 30
0.0
 11
858.06152686064
 21
945.8554761153341
 31
0.0
  0
SPLINE
  5
190
330
17
100
AcDbEntity
  8
cut
 62
5
420
255
100
AcDbSpline
 70
4
 71
5
 72
81
 73
75
 74
0
 42
1e-09
 40
0.0
 40
0.0
 40
0.0
 40
0.0
 40
0.0
 40
0.0
 40
0.014285714285714285
 40
0.02857142857142857
 40
0.04285714285714286
 40
0.05714285714285714
 40
0.07142857142857142
 40
0.08571428571428572
 40
0.1
 40
0.1142857142857143
 40
0.1285714285714286
 40
0.14285714285714288
 40
0.15714285714285717
 40
0.17142857142857146
 40
0.18571428571428575
 40
0.20000000000000004
 40
0.21428571428571433
 40
0.22857142857142862
 40
0.2428571428571429
 40
0.2571428571428572
 40
0.27142857142857146
 40
0.28571428571428575
 40
0.30000000000000004
 40
0.31428571428571433
 40
0.3285714285714286
 40
0.3428571428571429
 40
0.3571428571428572
 40
0.3714285714285715
 40
0.3857142857142858
 40
0.4000000000000001
 40
0.41428571428571437
 40
0.42857142857142866
 40
0.44285714285714295
 40
0.45714285714285724
 40
0.47142857142857153
 40
0.4857142857142858
 40
0.5000000000000001
 40
0.5142857142857143
 40
0.5285714285714286
 40
0.5428571428571428
 40
0.557142857142857
 40
0.5714285714285713
 40
0.5857142857142855
 40
0.5999999999999998
 40
0.614285714285714
 40
0.6285714285714282
 40
0.6428571428571425
 40
0.6571428571428567
 40
0.6714285714285709
 40
0.6857142857142852
 40
0.6999999999999994
 40
0.7142857142857136
 40
0.7285714285714279
 40
0.7428571428571421
 40
0.7571428571428563
 40
0.7714285714285706
 40
0.7857142857142848
 40
0.799999999999999
 40
0.8142857142857133
 40
0.8285714285714275
 40
0.8428571428571418
 40
0.857142857142856
 40
0.8714285714285702
 40
0.8857142857142845
 40
0.8999999999999987
 40
0.9142857142857129
 40
0.9285714285714272
 40
0.9428571428571414
 40
0.9571428571428556
 40
0.9714285714285699
 40
0.9857142857142841
 40
1.0
 40
1.0
 40
1.0
 40
1.0
 40
1.0
 40
1.0
 41
1.0
 41
1.0
 41
1.0
 41
1.0
 41
1.0
 41
1.0
 41
1.0
 41
1.0
 41
1.0
 41
1.0
 41
1.0
 41
1.0
 41
1.0
 41
1.0
 41
1.0
 41
1.0
 41
1.0
 41
1.0
 41
1.0
 41
1.0
 41
1.0
 41
1.0
 41
1.0
 41
1.0
 41
1.0
 41
1.0
 41
1.0
 41
1.0
 41
1.0
 41
1.0
 41
1.0
 41
1.0
 41
1.0
 41
1.0
 41
1.0
 41
1.0
 41
1.0
 41
1.0
 41
1.0
 41
1.0
 41
1.0
 41
1.0
 41
1.0
 41
1.0
 41
1.0
 41
1.0
 41
1.0
 41
1.0
 41
1.0
 41
1.0
 41
1.0
 41
1.0
 41
1.0
 41
1.0
 41
1.0
 41
1.0
 41
1.0
 41
1.0
 41
1.0
 41
1.0
 41
1.0
 41
1.0
 41
1.0
 41
1.0
 41
1.0
 41
1.0
 41
1.0
 41
1.0
 41
1.0
 41
1.0
 41
1.0
 41
1.0
 41
1.0
 41
1.0
 41
1.0
 10
858.06152686064
 20
945.8554761153341
 30
0.0
 10
858.0433377700134
 20
945.9186722820052
 30
0.0
 10
858.0051833818076
 20
946.0444333379737
 30
0.0
 10
857.9426232490678
 20
946.2311811160313
 30
0.0
 10
857.8490772079494
 20
946.4765826447057
 30
0.0
 10
857.718298761205
 20
946.7784530915146
 30
0.0
 10
857.5775386070643
 20
947.0768485610307
 30
0.0
 10
857.4306084243991
 20
947.373147776405
 30
0.0
 10
857.2803205625429
 20
947.6683517405427
 30
0.0
 10
857.127741709959
 20
947.9628084783153
 30
0.0
 10
856.9727843879111
 20
948.2564361107574
 30
0.0
 10
856.8146671200049
 20
948.5488971021213
 30
0.0
 10
856.6524010161789
 20
948.8397821278768
 30
0.0
 10
856.4853187881519
 20
949.12881028522
 30
0.0
 10
856.3134161788428
 20
949.4159578398408
 30
0.0
 10
856.1370809169155
 20
949.7013539567952
 30
0.0
 10
855.9569227284154
 20
949.985214843249
 30
0.0
 10
855.7735764424509
 20
950.267767739305
 30
0.0
 10
855.5874867252805
 20
950.549167730104
 30
0.0
 10
855.3988014042787
 20
950.8294564795369
 30
0.0
 10
855.2074918676215
 20
951.1086085246226
 30
0.0
 10
855.0134265294959
 20
951.3865594752192
 30
0.0
 10
854.8164567116834
 20
951.6632390067258
 30
0.0
 10
854.6165122825636
 20
951.938607603535
 30
0.0
 10
854.4136388795903
 20
952.2126708253109
 30
0.0
 10
854.2079471097995
 20
952.4854596998977
 30
0.0
 10
853.9995823108865
 20
952.7570190295935
 30
0.0
 10
853.7886888858918
 20
953.0273936125611
 30
0.0
 10
853.5753701173429
 20
953.2966127206508
 30
0.0
 10
853.3596760583423
 20
953.5646854029192
 30
0.0
 10
853.141625306296
 20
953.8316088516433
 30
0.0
 10
852.9212183398848
 20
954.0973735173646
 30
0.0
 10
852.6984530319431
 20
954.3619690649837
 30
0.0
 10
852.4733423023131
 20
954.6253911542634
 30
0.0
 10
852.245918781262
 20
954.8876432222285
 30
0.0
 10
852.0162257555695
 20
955.1487329864858
 30
0.0
 10
851.784311672591
 20
955.4086703203366
 30
0.0
 10
851.5502237427639
 20
955.6674647813403
 30
0.0
 10
851.3140006495166
 20
955.9251228008068
 30
0.0
 10
851.0756708331041
 20
956.1816470102849
 30
0.0
 10
850.835256422504
 20
956.4370377345751
 30
0.0
 10
850.5927757095369
 20
956.6912939272684
 30
0.0
 10
850.3482459979981
 20
956.9444142532388
 30
0.0
 10
850.1016868714131
 20
957.1963983300637
 30
0.0
 10
849.8531210651536
 20
957.4472470654196
 30
0.0
 10
849.6025727995511
 20
957.6969620340327
 30
0.0
 10
849.3500667812974
 20
957.9455451120608
 30
0.0
 10
849.0956270414185
 20
958.1929980463952
 30
0.0
 10
848.8392756273328
 20
958.4393219837482
 30
0.0
 10
848.5810322416455
 20
958.6845173150444
 30
0.0
 10
848.3209150307649
 20
958.9285839083384
 30
0.0
 10
848.0589411032662
 20
959.1715212504038
 30
0.0
 10
847.7951271205994
 20
959.4133286230227
 30
0.0
 10
847.5294899906836
 20
959.6540052972326
 30
0.0
 10
847.2620470983252
 20
959.8935506388775
 30
0.0
 10
846.9928158366625
 20
960.1319640678246
 30
0.0
 10
846.721813306916
 20
960.3692450639048
 30
0.0
 10
846.4490559945922
 20
960.6053931553049
 30
0.0
 10
846.1745593920956
 20
960.8404079396571
 30
0.0
 10
845.8983379105539
 20
961.0742890440424
 30
0.0
 10
845.6204053736928
 20
961.3070359706431
 30
0.0
 10
845.3407754142479
 20
961.5386479665391
 30
0.0
 10
845.0594618833551
 20
961.7691239068297
 30
0.0
 10
844.7764793576576
 20
961.9984621444463
 30
0.0
 10
844.4918433347448
 20
962.2266604930805
 30
0.0
 10
844.2055693896566
 20
962.4537166215017
 30
0.0
 10
843.9176725121326
 20
962.6796283915036
 30
0.0
 10
843.6281663988733
 20
962.9043942118037
 30
0.0
 10
843.337062740664
 20
963.1280134286676
 30
0.0
 10
843.044370623458
 20
963.3504866095334
 30
0.0
 10
842.7500967788436
 20
963.5718150049175
 30
0.0
 10
842.513415956624
 20
963.7479630839455
 30
0.0
 10
842.3351967616767
 20
963.8795602245044
 30
0.0
 10
842.2160691458794
 20
963.9670633191948
 30
0.0
 10
842.1564266331937
 20
964.0107577834467
 30
0.0
  0
ARC
  5
191
330
17
100
AcDbEntity
  8
cut
 62
5
420
255
100
AcDbCircle
 10
889.2507927418743
 20
837.4915075453048
 30
0.0
 40
135.0
100
AcDbArc
 50
110.41681825494773
 51
114.58318174505234
  0
SPLINE
  5
192
330
17
100
AcDbEntity
  8
cut
 62
5
420
255
100
AcDbSpline
 70
4
 71
5
 72
81
 73
75
 74
0
 42
1e-09
 40
-1.0
 40
-1.0
 40
-1.0
 40
-1.0
 40
-1.0
 40
-1.0
 40
-0.9857142857142841
 40
-0.9714285714285699
 40
-0.9571428571428556
 40
-0.9428571428571414
 40
-0.9285714285714272
 40
-0.9142857142857129
 40
-0.8999999999999987
 40
-0.8857142857142845
 40
-0.8714285714285702
 40
-0.857142857142856
 40
-0.8428571428571418
 40
-0.8285714285714275
 40
-0.8142857142857133
 40
-0.799999999999999
 40
-0.7857142857142848
 40
-0.7714285714285706
 40
-0.7571428571428563
 40
-0.7428571428571421
 40
-0.7285714285714279
 40
-0.7142857142857136
 40
-0.6999999999999994
 40
-0.6857142857142852
 40
-0.6714285714285709
 40
-0.6571428571428567
 40
-0.6428571428571425
 40
-0.6285714285714282
 40
-0.614285714285714
 40
-0.5999999999999998
 40
-0.5857142857142855
 40
-0.5714285714285713
 40
-0.557142857142857
 40
-0.5428571428571428
 40
-0.5285714285714286
 40
-0.5142857142857143
 40
-0.5000000000000001
 40
-0.4857142857142858
 40
-0.47142857142857153
 40
-0.45714285714285724
 40
-0.44285714285714295
 40
-0.42857142857142866
 40
-0.41428571428571437
 40
-0.4000000000000001
 40
-0.3857142857142858
 40
-0.3714285714285715
 40
-0.3571428571428572
 40
-0.3428571428571429
 40
-0.3285714285714286
 40
-0.31428571428571433
 40
-0.30000000000000004
 40
-0.28571428571428575
 40
-0.27142857142857146
 40
-0.2571428571428572
 40
-0.2428571428571429
 40
-0.22857142857142862
 40
-0.21428571428571433
 40
-0.20000000000000004
 40
-0.18571428571428575
 40
-0.17142857142857146
 40
-0.15714285714285717
 40
-0.14285714285714288
 40
-0.1285714285714286
 40
-0.1142857142857143
 40
-0.1
 40
-0.08571428571428572
 40
-0.07142857142857142
 40
-0.05714285714285714
 40
-0.04285714285714286
 40
-0.02857142857142857
 40
-0.014285714285714285
 40
0.0
 40
0.0
 40
0.0
 40
0.0
 40
0.0
 40
0.0
 41
1.0
 41
1.0
 41
1.0
 41
1.0
 41
1.0
 41
1.0
 41
1.0
 41
1.0
 41
1.0
 41
1.0
 41
1.0
 41
1.0
 41
1.0
 41
1.0
 41
1.0
 41
1.0
 41
1.0
 41
1.0
 41
1.0
 41
1.0
 41
1.0
 41
1.0
 41
1.0
 41
1.0
 41
1.0
 41
1.0
 41
1.0
 41
1.0
 41
1.0
 41
1.0
 41
1.0
 41
1.0
 41
1.0
 41
1.0
 41
1.0
 41
1.0
 41
1.0
 41
1.0
 41
1.0
 41
1.0
 41
1.0
 41
1.0
 41
1.0
 41
1.0
 41
1.0
 41
1.0
 41
1.0
 41
1.0
 41
1.0
 41
1.0
 41
1.0
 41
1.0
 41
1.0
 41
1.0
 41
1.0
 41
1.0
 41
1.0
 41
1.0
 41
1.0
 41
1.0
 41
1.0
 41
1.0
 41
1.0
 41
1.0
 41
1.0
 41
1.0
 41
1.0
 41
1.0
 41
1.0
 41
1.0
 41
1.0
 41
1.0
 41
1.0
 41
1.0
 41
1.0
 10
833.0889185789764
 20
960.2548729704625
 30
0.0
 10
833.0776416057822
 20
960.1818026933228
 30
0.0
 10
833.0552796924558
 20
960.0356927167355
 30
0.0
 10
833.0223129216448
 20
959.8166194849766
 30
0.0
 10
832.9795098084502
 20
959.5247053694347
 30
0.0
 10
832.9279295866427
 20
959.1601195291368
 30
0.0
 10
832.8782773005889
 20
958.7958426534382
 30
0.0
 10
832.830558594489
 20
958.4318786180422
 30
0.0
 10
832.7847802943215
 20
958.0682334464484
 30
0.0
 10
832.7409502044601
 20
957.7049158675505
 30
0.0
 10
832.6990768847279
 20
957.341936691585
 30
0.0
 10
832.6591694225309
 20
956.9793080298386
 30
0.0
 10
832.6212371826571
 20
956.6170425439566
 30
0.0
 10
832.585289577603
 20
956.2551527383428
 30
0.0
 10
832.5513357499588
 20
955.8936500848943
 30
0.0
 10
832.5193846985317
 20
955.5325451732677
 30
0.0
 10
832.4894455307265
 20
955.1718481756579
 30
0.0
 10
832.461527669383
 20
954.8115692189255
 30
0.0
 10
832.4356410410138
 20
954.4517187569697
 30
0.0
 10
832.4117963158864
 20
954.0923080290922
 30
0.0
 10
832.3900048173916
 20
953.7333490259288
 30
0.0
 10
832.3702782701037
 20
953.3748542076833
 30
0.0
 10
832.3526285626125
 20
953.0168362833776
 30
0.0
 10
832.3370675394168
 20
952.6593079943424
 30
0.0
 10
832.3236066407661
 20
952.3022818117361
 30
0.0
 10
832.3122571402286
 20
951.9457700248397
 30
0.0
 10
832.3030307724872
 20
951.589785094149
 30
0.0
 10
832.2959402756914
 20
951.2343399444112
 30
0.0
 10
832.290999858112
 20
950.8794482310471
 30
0.0
 10
832.2882259204763
 20
950.5251247330876
 30
0.0
 10
832.2876366905244
 20
950.1713852077955
 30
0.0
 10
832.2892509651693
 20
949.8182457987962
 30
0.0
 10
832.2930869842717
 20
949.4657225189504
 30
0.0
 10
832.2991614659908
 20
949.11383080277
 30
0.0
 10
832.3074879875569
 20
948.7625847683119
 30
0.0
 10
832.3180778405243
 20
948.4119975952838
 30
0.0
 10
832.3309432192407
 20
948.062082957879
 30
0.0
 10
832.3461000009245
 20
947.7128562739792
 30
0.0
 10
832.3635701566591
 20
947.3643357930953
 30
0.0
 10
832.3833855873817
 20
947.0165443209191
 30
0.0
 10
832.405586434128
 20
946.6695084820558
 30
0.0
 10
832.4302139358298
 20
946.3232555524811
 30
0.0
 10
832.4573041580346
 20
945.9778106833978
 30
0.0
 10
832.4868826041691
 20
945.633194517546
 30
0.0
 10
832.5189553409302
 20
945.2894192596445
 30
0.0
 10
832.5535135561661
 20
944.9464907135792
 30
0.0
 10
832.5905508358679
 20
944.6044159703155
 30
0.0
 10
832.6300783450279
 20
944.2632101655649
 30
0.0
 10
832.6721378751834
 20
943.9229022935666
 30
0.0
 10
832.7168231564337
 20
943.5835446877722
 30
0.0
 10
832.764267974233
 20
943.2452077794663
 30
0.0
 10
832.8146067778597
 20
942.90796265791
 30
0.0
 10
832.8679397182983
 20
942.5718655940893
 30
0.0
 10
832.9243029973778
 20
942.2369449272812
 30
0.0
 10
832.9836190828
 20
941.9031790086952
 30
0.0
 10
833.0457331161863
 20
941.570512433957
 30
0.0
 10
833.1105065216098
 20
941.238897688552
 30
0.0
 10
833.1779010624093
 20
940.9083325459119
 30
0.0
 10
833.2480507291436
 20
940.5788920749559
 30
0.0
 10
833.321379610094
 20
940.2507810404562
 30
0.0
 10
833.3984972802457
 20
939.9242876513623
 30
0.0
 10
833.479987762573
 20
939.5996901675427
 30
0.0
 10
833.5662165561306
 20
939.2771714210778
 30
0.0
 10
833.6571638680159
 20
938.9567451844483
 30
0.0
 10
833.7521592258827
 20
938.6381382418633
 30
0.0
 10
833.8502139427117
 20
938.3209407786053
 30
0.0
 10
833.9505367574291
 20
938.0048388812322
 30
0.0
 10
834.0530079160553
 20
937.6898285901088
 30
0.0
 10
834.1586277719832
 20
937.3764180771338
 30
0.0
 10
834.2700927724396
 20
937.06588815765
 30
0.0
 10
834.391073085892
 20
936.7599591911455
 30
0.0
 10
834.4984511309033
 20
936.5202870660784
 30
0.0
 10
834.5862650570471
 20
936.3439997517501
 30
0.0
 10
834.6482123258992
 20
936.2280940296333
 30
0.0
 10
834.6800371345716
 20
936.1705459623095
 30
0.0
  0
LINE
  5
193
330
17
100
AcDbEntity
  8
cut
 62
5
420
255
100
AcDbLine
 10
834.6800371345716
 20
936.1705459623095
 30
0.0
 11
836.7532031259746
 21
932.4216877280084
 31
0.0
  0
ARC
  5
194
330
17
100
AcDbEntity
  8
cut
 62
5
420
255
100
AcDbCircle
 10
831.5026011613409
 20
929.518038470783
 30
0.0
 40
6.0
100
AcDbArc
 50
-57.89103940504326
 51
28.94314842964552
  0
ARC
  5
195
330
17
100
AcDbEntity
  8
cut
 62
5
420
255
100
AcDbCircle
 10
889.2507927418743
 20
837.4915075453048
 30
0.0
 40
102.64500000000001
100
AcDbArc
 50
122.10896059495671
 51
125.3910394050433
  0
ARC
  5
196
330
17
100
AcDbEntity
  8
cut
 62
5
420
255
100
AcDbCircle
 10
826.3286405387233
 20
926.0609085093143
 30
0.0
 40
5.999999999999998
100
AcDbArc
 50
-141.44314842964565
 51
-54.608960594956834
  0
LINE
  5
197
330
17
100
AcDbEntity
  8
cut
 62
5
420
255
100
AcDbLine
 10
821.6367000385724
 20
922.3211632849651
 30
0.0
 11
818.9665729230678
 21
925.6711448484732
 31
0.0
  0
SPLINE
  5
198
330
17
100
AcDbEntity
  8
cut
 62
5
420
255
100
AcDbSpline
 70
4
 71
5
 72
81
 73
75
 74
0
 42
1e-09
 40
0.0
 40
0.0
 40
0.0
 40
0.0
 40
0.0
 40
0.0
 40
0.014285714285714285
 40
0.02857142857142857
 40
0.04285714285714286
 40
0.05714285714285714
 40
0.07142857142857142
 40
0.08571428571428572
 40
0.1
 40
0.1142857142857143
 40
0.1285714285714286
 40
0.14285714285714288
 40
0.15714285714285717
 40
0.17142857142857146
 40
0.18571428571428575
 40
0.20000000000000004
 40
0.21428571428571433
 40
0.22857142857142862
 40
0.2428571428571429
 40
0.2571428571428572
 40
0.27142857142857146
 40
0.28571428571428575
 40
0.30000000000000004
 40
0.31428571428571433
 40
0.3285714285714286
 40
0.3428571428571429
 40
0.3571428571428572
 40
0.3714285714285715
 40
0.3857142857142858
 40
0.4000000000000001
 40
0.41428571428571437
 40
0.42857142857142866
 40
0.44285714285714295
 40
0.45714285714285724
 40
0.47142857142857153
 40
0.4857142857142858
 40
0.5000000000000001
 40
0.5142857142857143
 40
0.5285714285714286
 40
0.5428571428571428
 40
0.557142857142857
 40
0.5714285714285713
 40
0.5857142857142855
 40
0.5999999999999998
 40
0.614285714285714
 40
0.6285714285714282
 40
0.6428571428571425
 40
0.6571428571428567
 40
0.6714285714285709
 40
0.6857142857142852
 40
0.6999999999999994
 40
0.7142857142857136
 40
0.7285714285714279
 40
0.7428571428571421
 40
0.7571428571428563
 40
0.7714285714285706
 40
0.7857142857142848
 40
0.799999999999999
 40
0.8142857142857133
 40
0.8285714285714275
 40
0.8428571428571418
 40
0.857142857142856
 40
0.8714285714285702
 40
0.8857142857142845
 40
0.8999999999999987
 40
0.9142857142857129
 40
0.9285714285714272
 40
0.9428571428571414
 40
0.9571428571428556
 40
0.9714285714285699
 40
0.9857142857142841
 40
1.0
 40
1.0
 40
1.0
 40
1.0
 40
1.0
 40
1.0
 41
1.0
 41
1.0
 41
1.0
 41
1.0
 41
1.0
 41
1.0
 41
1.0
 41
1.0
 41
1.0
 41
1.0
 41
1.0
 41
1.0
 41
1.0
 41
1.0
 41
1.0
 41
1.0
 41
1.0
 41
1.0
 41
1.0
 41
1.0
 41
1.0
 41
1.0
 41
1.0
 41
1.0
 41
1.0
 41
1.0
 41
1.0
 41
1.0
 41
1.0
 41
1.0
 41
1.0
 41
1.0
 41
1.0
 41
1.0
 41
1.0
 41
1.0
 41
1.0
 41
1.0
 41
1.0
 41
1.0
 41
1.0
 41
1.0
 41
1.0
 41
1.0
 41
1.0
 41
1.0
 41
1.0
 41
1.0
 41
1.0
 41
1.0
 41
1.0
 41
1.0
 41
1.0
 41
1.0
 41
1.0
 41
1.0
 41
1.0
 41
1.0
 41
1.0
 41
1.0
 41
1.0
 41
1.0
 41
1.0
 41
1.0
 41
1.0
 41
1.0
 41
1.0
 41
1.0
 41
1.0
 41
1.0
 41
1.0
 41
1.0
 41
1.0
 41
1.0
 41
1.0
 10
818.9665729230678
 20
925.6711448484732
 30
0.0
 10
818.9255842685488
 20
925.7225698297611
 30
0.0
 10
818.8422075376542
 20
925.8241568431191
 30
0.0
 10
818.7129442307711
 20
925.9727485666824
 30
0.0
 10
818.5326078587336
 20
926.1636714961722
 30
0.0
 10
818.2962635097784
 20
926.3925166785695
 30
0.0
 10
818.052027081898
 20
926.6143315665227
 30
0.0
 10
817.802892492679
 20
926.8318486004857
 30
0.0
 10
817.5510749468812
 20
927.0470688260509
 30
0.0
 10
817.2974267527909
 20
927.2607219802759
 30
0.0
 10
817.041898424318
 20
927.4726989401975
 30
0.0
 10
816.7838971407548
 20
927.682388805378
 30
0.0
 10
816.5226659285299
 20
927.889034977419
 30
0.0
 10
816.2576957905071
 20
928.0921225757992
 30
0.0
 10
815.9889918763837
 20
928.2916280437611
 30
0.0
 10
815.7168629714092
 20
928.4878190915922
 30
0.0
 10
815.4417896500973
 20
928.6811288007234
 30
0.0
 10
815.1642714570454
 20
928.8720100522171
 30
0.0
 10
814.8846598617944
 20
929.0607762924706
 30
0.0
 10
814.6030754949492
 20
929.2475225849869
 30
0.0
 10
814.3195016668922
 20
929.4322144557681
 30
0.0
 10
814.0338414492246
 20
929.6147420603693
 30
0.0
 10
813.745984393243
 20
929.7949835306403
 30
0.0
 10
813.4558808277471
 20
929.9728755207109
 30
0.0
 10
813.163570788655
 20
930.1484406317383
 30
0.0
 10
812.8691445897014
 20
930.321749857193
 30
0.0
 10
812.572719360311
 20
930.4929002073293
 30
0.0
 10
812.2744113679829
 20
930.6619883309043
 30
0.0
 10
811.9743048314781
 20
930.829080796093
 30
0.0
 10
811.6724425309093
 20
930.994205117627
 30
0.0
 10
811.3688427225086
 20
931.1573658184277
 30
0.0
 10
811.0635095029388
 20
931.318554259129
 30
0.0
 10
810.7564448620266
 20
931.4777600773127
 30
0.0
 10
810.4476623970862
 20
931.6349842073326
 30
0.0
 10
810.1371909392619
 20
931.790242311648
 30
0.0
 10
809.8250675269225
 20
931.9435580855312
 30
0.0
 10
809.5113331412398
 20
932.0949591907234
 30
0.0
 10
809.1960277414506
 20
932.2444725239106
 30
0.0
 10
808.8791846052271
 20
932.3921188303553
 30
0.0
 10
808.5608290008886
 20
932.537911424906
 30
0.0
 10
808.2409812486487
 20
932.6818590760327
 30
0.0
 10
807.9196586483897
 20
932.8239678169556
 30
0.0
 10
807.5968776976645
 20
932.9642430360553
 30
0.0
 10
807.272656635638
 20
933.1026918743102
 30
0.0
 10
806.9470161197022
 20
933.2393238707538
 30
0.0
 10
806.6199779239041
 20
933.3741497489632
 30
0.0
 10
806.2915641562759
 20
933.5071806971239
 30
0.0
 10
805.9617963500843
 20
933.6384275254284
 30
0.0
 10
805.6306944356603
 20
933.7678997304824
 30
0.0
 10
805.2982764662371
 20
933.895605213314
 30
0.0
 10
804.9645592574033
 20
934.021550796351
 30
0.0
 10
804.6295588118243
 20
934.1457425526025
 30
0.0
 10
804.2932907975231
 20
934.2681861945827
 30
0.0
 10
803.955771114342
 20
934.3888875191983
 30
0.0
 10
803.6170160664288
 20
934.5078525934431
 30
0.0
 10
803.277041944955
 20
934.6250875374101
 30
0.0
 10
802.9358647484486
 20
934.7405984148794
 30
0.0
 10
802.5934998880863
 20
934.8543910986828
 30
0.0
 10
802.2499618309633
 20
934.9664711457674
 30
0.0
 10
801.9052640339355
 20
935.0768437265008
 30
0.0
 10
801.5594194589667
 20
935.1855136710702
 30
0.0
 10
801.2124409891921
 20
935.29248550089
 30
0.0
 10
800.8643418518737
 20
935.397763477288
 30
0.0
 10
800.5151361443799
 20
935.501351656811
 30
0.0
 10
800.1648390212798
 20
935.6032539502439
 30
0.0
 10
799.8134657641579
 20
935.7034741641205
 30
0.0
 10
799.4610310399836
 20
935.8020160593205
 30
0.0
 10
799.1075481118156
 20
935.8988834071912
 30
0.0
 10
798.7530280307046
 20
935.9940800776303
 30
0.0
 10
798.3974789738277
 20
936.0876100719264
 30
0.0
 10
798.0409066818096
 20
936.179477121473
 30
0.0
 10
797.754833162936
 20
936.2516428969562
 30
0.0
 10
797.539820050985
 20
936.3050212684199
 30
0.0
 10
797.3962745003744
 20
936.3402754217328
 30
0.0
 10
797.3244508560813
 20
936.3578196414697
 30
0.0
  0
ARC
  5
199
330
17
100
AcDbEntity
  8
cut
 62
5
420
255
100
AcDbCircle
 10
889.2507927418743
 20
837.4915075453048
 30
0.0
 40
135.0
100
AcDbArc
 50
132.91681825494777
 51
137.08318174505234
  0
SPLINE
  5
19A
330
17
100
AcDbEntity
  8
cut
 62
5
420
255
100
AcDbSpline
 70
4
 71
5
 72
81
 73
75
 74
0
 42
1e-09
 40
-1.0
 40
-1.0
 40
-1.0
 40
-1.0
 40
-1.0
 40
-1.0
 40
-0.9857142857142841
 40
-0.9714285714285699
 40
-0.9571428571428556
 40
-0.9428571428571414
 40
-0.9285714285714272
 40
-0.9142857142857129
 40
-0.8999999999999987
 40
-0.8857142857142845
 40
-0.8714285714285702
 40
-0.857142857142856
 40
-0.8428571428571418
 40
-0.8285714285714275
 40
-0.8142857142857133
 40
-0.799999999999999
 40
-0.7857142857142848
 40
-0.7714285714285706
 40
-0.7571428571428563
 40
-0.7428571428571421
 40
-0.7285714285714279
 40
-0.7142857142857136
 40
-0.6999999999999994
 40
-0.6857142857142852
 40
-0.6714285714285709
 40
-0.6571428571428567
 40
-0.6428571428571425
 40
-0.6285714285714282
 40
-0.614285714285714
 40
-0.5999999999999998
 40
-0.5857142857142855
 40
-0.5714285714285713
 40
-0.557142857142857
 40
-0.5428571428571428
 40
-0.5285714285714286
 40
-0.5142857142857143
 40
-0.5000000000000001
 40
-0.4857142857142858
 40
-0.47142857142857153
 40
-0.45714285714285724
 40
-0.44285714285714295
 40
-0.42857142857142866
 40
-0.41428571428571437
 40
-0.4000000000000001
 40
-0.3857142857142858
 40
-0.3714285714285715
 40
-0.3571428571428572
 40
-0.3428571428571429
 40
-0.3285714285714286
 40
-0.31428571428571433
 40
-0.30000000000000004
 40
-0.28571428571428575
 40
-0.27142857142857146
 40
-0.2571428571428572
 40
-0.2428571428571429
 40
-0.22857142857142862
 40
-0.21428571428571433
 40
-0.20000000000000004
 40
-0.18571428571428575
 40
-0.17142857142857146
 40
-0.15714285714285717
 40
-0.14285714285714288
 40
-0.1285714285714286
 40
-0.1142857142857143
 40
-0.1
 40
-0.08571428571428572
 40
-0.07142857142857142
 40
-0.05714285714285714
 40
-0.04285714285714286
 40
-0.02857142857142857
 40
-0.014285714285714285
 40
0.0
 40
0.0
 40
0.0
 40
0.0
 40
0.0
 40
0.0
 41
1.0
 41
1.0
 41
1.0
 41
1.0
 41
1.0
 41
1.0
 41
1.0
 41
1.0
 41
1.0
 41
1.0
 41
1.0
 41
1.0
 41
1.0
 41
1.0
 41
1.0
 41
1.0
 41
1.0
 41
1.0
 41
1.0
 41
1.0
 41
1.0
 41
1.0
 41
1.0
 41
1.0
 41
1.0
 41
1.0
 41
1.0
 41
1.0
 41
1.0
 41
1.0
 41
1.0
 41
1.0
 41
1.0
 41
1.0
 41
1.0
 41
1.0
 41
1.0
 41
1.0
 41
1.0
 41
1.0
 41
1.0
 41
1.0
 41
1.0
 41
1.0
 41
1.0
 41
1.0
 41
1.0
 41
1.0
 41
1.0
 41
1.0
 41
1.0
 41
1.0
 41
1.0
 41
1.0
 41
1.0
 41
1.0
 41
1.0
 41
1.0
 41
1.0
 41
1.0
 41
1.0
 41
1.0
 41
1.0
 41
1.0
 41
1.0
 41
1.0
 41
1.0
 41
1.0
 41
1.0
 41
1.0
 41
1.0
 41
1.0
 41
1.0
 41
1.0
 41
1.0
 10
790.3844806457093
 20
929.4178494310978
 30
0.0
 10
790.4020248654463
 20
929.3460257868048
 30
0.0
 10
790.4372790187593
 20
929.2024802361941
 30
0.0
 10
790.4906573902229
 20
928.987467124243
 30
0.0
 10
790.562823165706
 20
928.7013936053695
 30
0.0
 10
790.6546902152527
 20
928.3448213133514
 30
0.0
 10
790.7482202095488
 20
927.9892722564745
 30
0.0
 10
790.8434168799879
 20
927.6347521753635
 30
0.0
 10
790.9402842278585
 20
927.2812692471955
 30
0.0
 10
791.0388261230586
 20
926.9288345230212
 30
0.0
 10
791.1390463369353
 20
926.5774612658993
 30
0.0
 10
791.240948630368
 20
926.2271641427992
 30
0.0
 10
791.3445368098911
 20
925.8779584353053
 30
0.0
 10
791.449814786289
 20
925.529859297987
 30
0.0
 10
791.5567866161089
 20
925.1828808282124
 30
0.0
 10
791.6654565606783
 20
924.8370362532437
 30
0.0
 10
791.7758291414117
 20
924.4923384562157
 30
0.0
 10
791.8879091884963
 20
924.1488003990928
 30
0.0
 10
792.0017018722997
 20
923.8064355387305
 30
0.0
 10
792.1172127497691
 20
923.465258342224
 30
0.0
 10
792.234447693736
 20
923.1252842207502
 30
0.0
 10
792.3534127679808
 20
922.786529172837
 30
0.0
 10
792.4741140925964
 20
922.449009489656
 30
0.0
 10
792.5965577345767
 20
922.1127414753548
 30
0.0
 10
792.7207494908281
 20
921.7777410297758
 30
0.0
 10
792.8466950738651
 20
921.444023820942
 30
0.0
 10
792.9744005566967
 20
921.1116058515188
 30
0.0
 10
793.1038727617507
 20
920.7805039370946
 30
0.0
 10
793.2351195900551
 20
920.4507361309032
 30
0.0
 10
793.3681505382159
 20
920.122322363275
 30
0.0
 10
793.5029764164253
 20
919.7952841674769
 30
0.0
 10
793.6396084128689
 20
919.4696436515411
 30
0.0
 10
793.7780572511238
 20
919.1454225895146
 30
0.0
 10
793.9183324702235
 20
918.8226416387894
 30
0.0
 10
794.0604412111466
 20
918.5013190385303
 30
0.0
 10
794.2043888622729
 20
918.1814712862905
 30
0.0
 10
794.3501814568237
 20
917.863115681952
 30
0.0
 10
794.4978277632684
 20
917.5462725457285
 30
0.0
 10
794.6473410964556
 20
917.2309671459393
 30
0.0
 10
794.7987422016479
 20
916.9172327602566
 30
0.0
 10
794.9520579755311
 20
916.6051093479172
 30
0.0
 10
795.1073160798464
 20
916.2946378900929
 30
0.0
 10
795.2645402098664
 20
915.9858554251525
 30
0.0
 10
795.4237460280501
 20
915.6787907842404
 30
0.0
 10
795.5849344687514
 20
915.3734575646705
 30
0.0
 10
795.7480951695521
 20
915.0698577562698
 30
0.0
 10
795.9132194910861
 20
914.7679954557011
 30
0.0
 10
796.0803119562748
 20
914.4678889191962
 30
0.0
 10
796.2494000798498
 20
914.1695809268681
 30
0.0
 10
796.4205504299862
 20
913.8731556974776
 30
0.0
 10
796.5938596554408
 20
913.5787294985241
 30
0.0
 10
796.7694247664683
 20
913.286419459432
 30
0.0
 10
796.9473167565388
 20
912.9963158939361
 30
0.0
 10
797.1275582268098
 20
912.7084588379545
 30
0.0
 10
797.310085831411
 20
912.4227986202869
 30
0.0
 10
797.4947777021923
 20
912.1392247922299
 30
0.0
 10
797.6815239947085
 20
911.8576404253847
 30
0.0
 10
797.8702902349621
 20
911.5780288301337
 30
0.0
 10
798.0611714864557
 20
911.3005106370817
 30
0.0
 10
798.254481195587
 20
911.02543731577
 30
0.0
 10
798.450672243418
 20
910.7533084107954
 30
0.0
 10
798.6501777113799
 20
910.484604496672
 30
0.0
 10
798.8532653097601
 20
910.2196343586492
 30
0.0
 10
799.0599114818011
 20
909.9584031464243
 30
0.0
 10
799.2696013469816
 20
909.7004018628611
 30
0.0
 10
799.4815783069032
 20
909.4448735343882
 30
0.0
 10
799.6952314611283
 20
909.1912253402979
 30
0.0
 10
799.9104516866932
 20
908.9394077945001
 30
0.0
 10
800.1279687206564
 20
908.6902732052811
 30
0.0
 10
800.3497836086096
 20
908.4460367774006
 30
0.0
 10
800.5786287910068
 20
908.2096924284455
 30
0.0
 10
800.7695517204968
 20
908.029356056408
 30
0.0
 10
800.91814344406
 20
907.9000927495249
 30
0.0
 10
801.019730457418
 20
907.8167160186302
 30
0.0
 10
801.0711554387059
 20
907.7757273641114
 30
0.0
  0
LINE
  5
19B
330
17
100
AcDbEntity
  8
cut
 62
5
420
255
100
AcDbLine
 10
801.0711554387059
 20
907.7757273641114
 30
0.0
 11
804.421137002214
 21
905.1056002486067
 31
0.0
  0
ARC
  5
19C
330
17
100
AcDbEntity
  8
cut
 62
5
420
255
100
AcDbCircle
 10
800.6813917778647
 20
900.4136597484558
 30
0.0
 40
6.0000000000000036
100
AcDbArc
 50
-35.39103940504332
 51
51.443148429645554
  0
ARC
  5
19D
330
17
100
AcDbEntity
  8
cut
 62
5
420
255
100
AcDbCircle
 10
889.2507927418743
 20
837.4915075453048
 30
0.0
 40
102.64500000000001
100
AcDbArc
 50
144.60896059495673
 51
147.8910394050433
  0
ARC
  5
19E
330
17
100
AcDbEntity
  8
cut
 62
5
420
255
100
AcDbCircle
 10
797.224261816396
 20
895.2396991258382
 30
0.0
 40
6.000000000000003
100
AcDbArc
 50
-118.94314842964557
 51
-32.10896059495711
  0
LINE
  5
19F
330
17
100
AcDbEntity
  8
cut
 62
5
420
255
100
AcDbLine
 10
794.3206125591707
 20
889.9890971612047
 30
0.0
 11
790.5717543248696
 21
892.0622631526074
 31
0.0
  0
SPLINE
  5
1A0
330
17
100
AcDbEntity
  8
cut
 62
5
420
255
100
AcDbSpline
 70
4
 71
5
 72
81
 73
75
 74
0
 42
1e-09
 40
0.0
 40
0.0
 40
0.0
 40
0.0
 40
0.0
 40
0.0
 40
0.014285714285714285
 40
0.02857142857142857
 40
0.04285714285714286
 40
0.05714285714285714
 40
0.07142857142857142
 40
0.08571428571428572
 40
0.1
 40
0.1142857142857143
 40
0.1285714285714286
 40
0.14285714285714288
 40
0.15714285714285717
 40
0.17142857142857146
 40
0.18571428571428575
 40
0.20000000000000004
 40
0.21428571428571433
 40
0.22857142857142862
 40
0.2428571428571429
 40
0.2571428571428572
 40
0.27142857142857146
 40
0.28571428571428575
 40
0.30000000000000004
 40
0.31428571428571433
 40
0.3285714285714286
 40
0.3428571428571429
 40
0.3571428571428572
 40
0.3714285714285715
 40
0.3857142857142858
 40
0.4000000000000001
 40
0.41428571428571437
 40
0.42857142857142866
 40
0.44285714285714295
 40
0.45714285714285724
 40
0.47142857142857153
 40
0.4857142857142858
 40
0.5000000000000001
 40
0.5142857142857143
 40
0.5285714285714286
 40
0.5428571428571428
 40
0.557142857142857
 40
0.5714285714285713
 40
0.5857142857142855
 40
0.5999999999999998
 40
0.614285714285714
 40
0.6285714285714282
 40
0.6428571428571425
 40
0.6571428571428567
 40
0.6714285714285709
 40
0.6857142857142852
 40
0.6999999999999994
 40
0.7142857142857136
 40
0.7285714285714279
 40
0.7428571428571421
 40
0.7571428571428563
 40
0.7714285714285706
 40
0.7857142857142848
 40
0.799999999999999
 40
0.8142857142857133
 40
0.8285714285714275
 40
0.8428571428571418
 40
0.857142857142856
 40
0.8714285714285702
 40
0.8857142857142845
 40
0.8999999999999987
 40
0.9142857142857129
 40
0.9285714285714272
 40
0.9428571428571414
 40
0.9571428571428556
 40
0.9714285714285699
 40
0.9857142857142841
 40
1.0
 40
1.0
 40
1.0
 40
1.0
 40
1.0
 40
1.0
 41
1.0
 41
1.0
 41
1.0
 41
1.0
 41
1.0
 41
1.0
 41
1.0
 41
1.0
 41
1.0
 41
1.0
 41
1.0
 41
1.0
 41
1.0
 41
1.0
 41
1.0
 41
1.0
 41
1.0
 41
1.0
 41
1.0
 41
1.0
 41
1.0
 41
1.0
 41
1.0
 41
1.0
 41
1.0
 41
1.0
 41
1.0
 41
1.0
 41
1.0
 41
1.0
 41
1.0
 41
1.0
 41
1.0
 41
1.0
 41
1.0
 41
1.0
 41
1.0
 41
1.0
 41
1.0
 41
1.0
 41
1.0
 41
1.0
 41
1.0
 41
1.0
 41
1.0
 41
1.0
 41
1.0
 41
1.0
 41
1.0
 41
1.0
 41
1.0
 41
1.0
 41
1.0
 41
1.0
 41
1.0
 41
1.0
 41
1.0
 41
1.0
 41
1.0
 41
1.0
 41
1.0
 41
1.0
 41
1.0
 41
1.0
 41
1.0
 41
1.0
 41
1.0
 41
1.0
 41
1.0
 41
1.0
 41
1.0
 41
1.0
 41
1.0
 41
1.0
 41
1.0
 10
790.5717543248696
 20
892.0622631526074
 30
0.0
 10
790.5142062575458
 20
892.0940879612799
 30
0.0
 10
790.3983005354289
 20
892.1560352301321
 30
0.0
 10
790.2220132211007
 20
892.2438491562758
 30
0.0
 10
789.9823410960336
 20
892.3512272012872
 30
0.0
 10
789.6764121295291
 20
892.4722075147395
 30
0.0
 10
789.3658822100452
 20
892.5836725151959
 30
0.0
 10
789.0524716970702
 20
892.6892923711238
 30
0.0
 10
788.7374614059468
 20
892.7917635297501
 30
0.0
 10
788.4213595085739
 20
892.8920863444674
 30
0.0
 10
788.1041620453158
 20
892.9901410612964
 30
0.0
 10
787.7855551027308
 20
893.0851364191632
 30
0.0
 10
787.4651288661013
 20
893.1760837310485
 30
0.0
 10
787.1426101196364
 20
893.262312524606
 30
0.0
 10
786.8180126358168
 20
893.3438030069335
 30
0.0
 10
786.4915192467229
 20
893.4209206770851
 30
0.0
 10
786.1634082122232
 20
893.4942495580356
 30
0.0
 10
785.8339677412672
 20
893.5643992247698
 30
0.0
 10
785.5034025986271
 20
893.6317937655693
 30
0.0
 10
785.171787853222
 20
893.6965671709928
 30
0.0
 10
784.8391212784838
 20
893.7586812043791
 30
0.0
 10
784.5053553598979
 20
893.8179972898013
 30
0.0
 10
784.1704346930898
 20
893.8743605688808
 30
0.0
 10
783.834337629269
 20
893.9276935093194
 30
0.0
 10
783.4970925077128
 20
893.9780323129461
 30
0.0
 10
783.1587555994068
 20
894.0254771307455
 30
0.0
 10
782.8193979936125
 20
894.0701624119957
 30
0.0
 10
782.4790901216141
 20
894.1122219421513
 30
0.0
 10
782.1378843168636
 20
894.1517494513112
 30
0.0
 10
781.7958095735999
 20
894.188786731013
 30
0.0
 10
781.4528810275345
 20
894.2233449462489
 30
0.0
 10
781.1091057696331
 20
894.25541768301
 30
0.0
 10
780.7644896037813
 20
894.2849961291445
 30
0.0
 10
780.419044734698
 20
894.3120863513493
 30
0.0
 10
780.0727918051232
 20
894.336713853051
 30
0.0
 10
779.7257559662598
 20
894.3589146997974
 30
0.0
 10
779.3779644940838
 20
894.3787301305201
 30
0.0
 10
779.0294440132
 20
894.3962002862547
 30
0.0
 10
778.6802173293
 20
894.4113570679385
 30
0.0
 10
778.3303026918953
 20
894.4242224466548
 30
0.0
 10
777.9797155188672
 20
894.4348122996222
 30
0.0
 10
777.6284694844092
 20
894.4431388211883
 30
0.0
 10
777.2765777682287
 20
894.4492133029075
 30
0.0
 10
776.9240544883829
 20
894.4530493220097
 30
0.0
 10
776.5709150793836
 20
894.4546635966547
 30
0.0
 10
776.2171755540915
 20
894.4540743667028
 30
0.0
 10
775.8628520561319
 20
894.4513004290671
 30
0.0
 10
775.5079603427679
 20
894.4463600114877
 30
0.0
 10
775.1525151930302
 20
894.4392695146919
 30
0.0
 10
774.7965302623394
 20
894.4300431469507
 30
0.0
 10
774.4400184754431
 20
894.418693646413
 30
0.0
 10
774.0829922928367
 20
894.4052327477623
 30
0.0
 10
773.7254640038014
 20
894.3896717245666
 30
0.0
 10
773.3674460794958
 20
894.3720220170754
 30
0.0
 10
773.0089512612503
 20
894.3522954697875
 30
0.0
 10
772.6499922580869
 20
894.3305039712927
 30
0.0
 10
772.2905815302095
 20
894.3066592461653
 30
0.0
 10
771.9307310682536
 20
894.2807726177962
 30
0.0
 10
771.5704521115211
 20
894.2528547564526
 30
0.0
 10
771.2097551139113
 20
894.2229155886474
 30
0.0
 10
770.8486502022848
 20
894.1909645372203
 30
0.0
 10
770.4871475488362
 20
894.1570107095761
 30
0.0
 10
770.1252577432225
 20
894.121063104522
 30
0.0
 10
769.7629922573404
 20
894.0831308646482
 30
0.0
 10
769.4003635955941
 20
894.0432234024512
 30
0.0
 10
769.0373844196286
 20
894.001350082719
 30
0.0
 10
768.6740668407307
 20
893.9575199928576
 30
0.0
 10
768.310421669137
 20
893.9117416926902
 30
0.0
 10
767.9464576337409
 20
893.8640229865902
 30
0.0
 10
767.5821807580422
 20
893.8143707005364
 30
0.0
 10
767.2175949177443
 20
893.7627904787289
 30
0.0
 10
766.9256808022025
 20
893.7199873655343
 30
0.0
 10
766.7066075704436
 20
893.6870205947234
 30
0.0
 10
766.5604975938563
 20
893.6646586813969
 30
0.0
 10
766.4874273167165
 20
893.6533817082027
 30
0.0
  0
ARC
  5
1A1
330
17
100
AcDbEntity
  8
cut
 62
5
420
255
100
AcDbCircle
 10
889.2507927418743
 20
837.4915075453048
 30
0.0
 40
135.0
100
AcDbArc
 50
155.41681825494777
 51
159.58318174505234
  0
SPLINE
  5
1A2
330
17
100
AcDbEntity
  8
cut
 62
5
420
255
100
AcDbSpline
 70
4
 71
5
 72
81
 73
75
 74
0
 42
1e-09
 40
-1.0
 40
-1.0
 40
-1.0
 40
-1.0
 40
-1.0
 40
-1.0
 40
-0.9857142857142841
 40
-0.9714285714285699
 40
-0.9571428571428556
 40
-0.9428571428571414
 40
-0.9285714285714272
 40
-0.9142857142857129
 40
-0.8999999999999987
 40
-0.8857142857142845
 40
-0.8714285714285702
 40
-0.857142857142856
 40
-0.8428571428571418
 40
-0.8285714285714275
 40
-0.8142857142857133
 40
-0.799999999999999
 40
-0.7857142857142848
 40
-0.7714285714285706
 40
-0.7571428571428563
 40
-0.7428571428571421
 40
-0.7285714285714279
 40
-0.7142857142857136
 40
-0.6999999999999994
 40
-0.6857142857142852
 40
-0.6714285714285709
 40
-0.6571428571428567
 40
-0.6428571428571425
 40
-0.6285714285714282
 40
-0.614285714285714
 40
-0.5999999999999998
 40
-0.5857142857142855
 40
-0.5714285714285713
 40
-0.557142857142857
 40
-0.5428571428571428
 40
-0.5285714285714286
 40
-0.5142857142857143
 40
-0.5000000000000001
 40
-0.4857142857142858
 40
-0.47142857142857153
 40
-0.45714285714285724
 40
-0.44285714285714295
 40
-0.42857142857142866
 40
-0.41428571428571437
 40
-0.4000000000000001
 40
-0.3857142857142858
 40
-0.3714285714285715
 40
-0.3571428571428572
 40
-0.3428571428571429
 40
-0.3285714285714286
 40
-0.31428571428571433
 40
-0.30000000000000004
 40
-0.28571428571428575
 40
-0.27142857142857146
 40
-0.2571428571428572
 40
-0.2428571428571429
 40
-0.22857142857142862
 40
-0.21428571428571433
 40
-0.20000000000000004
 40
-0.18571428571428575
 40
-0.17142857142857146
 40
-0.15714285714285717
 40
-0.14285714285714288
 40
-0.1285714285714286
 40
-0.1142857142857143
 40
-0.1
 40
-0.08571428571428572
 40
-0.07142857142857142
 40
-0.05714285714285714
 40
-0.04285714285714286
 40
-0.02857142857142857
 40
-0.014285714285714285
 40
0.0
 40
0.0
 40
0.0
 40
0.0
 40
0.0
 40
0.0
 41
1.0
 41
1.0
 41
1.0
 41
1.0
 41
1.0
 41
1.0
 41
1.0
 41
1.0
 41
1.0
 41
1.0
 41
1.0
 41
1.0
 41
1.0
 41
1.0
 41
1.0
 41
1.0
 41
1.0
 41
1.0
 41
1.0
 41
1.0
 41
1.0
 41
1.0
 41
1.0
 41
1.0
 41
1.0
 41
1.0
 41
1.0
 41
1.0
 41
1.0
 41
1.0
 41
1.0
 41
1.0
 41
1.0
 41
1.0
 41
1.0
 41
1.0
 41
1.0
 41
1.0
 41
1.0
 41
1.0
 41
1.0
 41
1.0
 41
1.0
 41
1.0
 41
1.0
 41
1.0
 41
1.0
 41
1.0
 41
1.0
 41
1.0
 41
1.0
 41
1.0
 41
1.0
 41
1.0
 41
1.0
 41
1.0
 41
1.0
 41
1.0
 41
1.0
 41
1.0
 41
1.0
 41
1.0
 41
1.0
 41
1.0
 41
1.0
 41
1.0
 41
1.0
 41
1.0
 41
1.0
 41
1.0
 41
1.0
 41
1.0
 41
1.0
 41
1.0
 41
1.0
 10
762.7315425037324
 20
884.5858736539853
 30
0.0
 10
762.7752369679843
 20
884.5262311412998
 30
0.0
 10
762.8627400626747
 20
884.4071035255024
 30
0.0
 10
762.9943372032336
 20
884.228884330555
 30
0.0
 10
763.1704852822616
 20
883.9922035083355
 30
0.0
 10
763.3918136776456
 20
883.6979296637211
 30
0.0
 10
763.6142868585116
 20
883.4052375465151
 30
0.0
 10
763.8379060753754
 20
883.1141338883058
 30
0.0
 10
764.0626718956755
 20
882.8246277750465
 30
0.0
 10
764.2885836656774
 20
882.5367308975226
 30
0.0
 10
764.5156397940987
 20
882.2504569524344
 30
0.0
 10
764.7438381427327
 20
881.9658209295214
 30
0.0
 10
764.9731763803494
 20
881.682838403824
 30
0.0
 10
765.20365232064
 20
881.4015248729312
 30
0.0
 10
765.435264316536
 20
881.1218949134862
 30
0.0
 10
765.6680112431367
 20
880.8439623766253
 30
0.0
 10
765.901892347522
 20
880.5677408950835
 30
0.0
 10
766.1369071318742
 20
880.2932442925869
 30
0.0
 10
766.3730552232743
 20
880.0204869802631
 30
0.0
 10
766.6103362193545
 20
879.7494844505165
 30
0.0
 10
766.8487496483016
 20
879.4802531888539
 30
0.0
 10
767.0882949899465
 20
879.2128102964955
 30
0.0
 10
767.3289716641563
 20
878.9471731665797
 30
0.0
 10
767.5707790367753
 20
878.683359183913
 30
0.0
 10
767.8137163788407
 20
878.4213852564142
 30
0.0
 10
768.0577829721346
 20
878.1612680455336
 30
0.0
 10
768.3029783034309
 20
877.9030246598463
 30
0.0
 10
768.5493022407838
 20
877.6466732457606
 30
0.0
 10
768.7967551751183
 20
877.3922335058817
 30
0.0
 10
769.0453382531465
 20
877.139727487628
 30
0.0
 10
769.2950532217595
 20
876.8891792220256
 30
0.0
 10
769.5459019571153
 20
876.640613415766
 30
0.0
 10
769.7978860339404
 20
876.394054289181
 30
0.0
 10
770.0510063599106
 20
876.1495245776423
 30
0.0
 10
770.305262552604
 20
875.9070438646751
 30
0.0
 10
770.5606532768942
 20
875.666629454075
 30
0.0
 10
770.8171774863723
 20
875.4282996376625
 30
0.0
 10
771.0748355058388
 20
875.1920765444152
 30
0.0
 10
771.3336299668425
 20
874.9579886145881
 30
0.0
 10
771.5935673006933
 20
874.7260745316097
 30
0.0
 10
771.8546570649507
 20
874.496381505917
 30
0.0
 10
772.1169091329157
 20
874.268957984866
 30
0.0
 10
772.3803312221955
 20
874.043847255236
 30
0.0
 10
772.6449267698144
 20
873.8210819472943
 30
0.0
 10
772.9106914355358
 20
873.6006749808831
 30
0.0
 10
773.1776148842599
 20
873.3826242288369
 30
0.0
 10
773.4456875665282
 20
873.1669301698362
 30
0.0
 10
773.714906674618
 20
872.9536114012873
 30
0.0
 10
773.9852812575856
 20
872.7427179762926
 30
0.0
 10
774.2568405872814
 20
872.5343531773796
 30
0.0
 10
774.5296294618682
 20
872.3286614075888
 30
0.0
 10
774.803692683644
 20
872.1257880046155
 30
0.0
 10
775.0790612804533
 20
871.9258435754957
 30
0.0
 10
775.3557408119599
 20
871.7288737576832
 30
0.0
 10
775.6336917625565
 20
871.5348084195576
 30
0.0
 10
775.9128438076423
 20
871.3434988829005
 30
0.0
 10
776.193132557075
 20
871.1548135618985
 30
0.0
 10
776.4745325478741
 20
870.9687238447282
 30
0.0
 10
776.7570854439301
 20
870.7853775587637
 30
0.0
 10
777.0409463303839
 20
870.6052193702636
 30
0.0
 10
777.3263424473383
 20
870.4288841083363
 30
0.0
 10
777.6134900019591
 20
870.2569814990272
 30
0.0
 10
777.9025181593023
 20
870.0898992710001
 30
0.0
 10
778.1934031850578
 20
869.9276331671742
 30
0.0
 10
778.4858641764217
 20
869.7695158992681
 30
0.0
 10
778.7794918088638
 20
869.6145585772201
 30
0.0
 10
779.0739485466364
 20
869.4619797246362
 30
0.0
 10
779.3691525107741
 20
869.31169186278
 30
0.0
 10
779.6654517261484
 20
869.1647616801148
 30
0.0
 10
779.9638471956645
 20
869.0240015259741
 30
0.0
 10
780.2657176424734
 20
868.8932230792296
 30
0.0
 10
780.5111191711478
 20
868.7996770381113
 30
0.0
 10
780.6978669492053
 20
868.7371169053715
 30
0.0
 10
780.8236280051738
 20
868.6989625171657
 30
0.0
 10
780.8868241718449
 20
868.6807734265391
 30
0.0
  0
LINE
  5
1A3
330
17
100
AcDbEntity
  8
cut
 62
5
420
255
100
AcDbLine
 10
780.8868241718449
 20
868.6807734265391
 30
0.0
 11
785.0036169820726
 21
867.4958800784041
 31
0.0
  0
ARC
  5
1A4
330
17
100
AcDbEntity
  8
cut
 62
5
420
255
100
AcDbCircle
 10
783.34407080754
 20
861.7299537439288
 30
0.0
 40
5.999999999999997
100
AcDbArc
 50
-12.891039405043253
 51
73.94314842964572
  0
ARC
  5
1A5
330
17
100
AcDbEntity
  8
cut
 62
5
420
255
100
AcDbCircle
 10
889.2507927418743
 20
837.4915075453048
 30
0.0
 40
102.64500000000001
100
AcDbArc
 50
167.10896059495673
 51
170.39103940504333
  0
ARC
  5
1A6
330
17
100
AcDbEntity
  8
cut
 62
5
420
255
100
AcDbCircle
 10
782.1300882048927
 20
855.6268510628862
 30
0.0
 40
6.0
100
AcDbArc
 50
-96.44314842964566
 51
-9.608960594957193
  0
LINE
  5
1A7
330
17
100
AcDbEntity
  8
cut
 62
5
420
255
100
AcDbLine
 10
781.4567844683595
 20
849.6647489102583
 30
0.0
 11
777.1999247979496
 21
850.1454786006614
 31
0.0
  0
SPLINE
  5
1A8
330
17
100
AcDbEntity
  8
cut
 62
5
420
255
100
AcDbSpline
 70
4
 71
5
 72
81
 73
75
 74
0
 42
1e-09
 40
0.0
 40
0.0
 40
0.0
 40
0.0
 40
0.0
 40
0.0
 40
0.014285714285714285
 40
0.02857142857142857
 40
0.04285714285714286
 40
0.05714285714285714
 40
0.07142857142857142
 40
0.08571428571428572
 40
0.1
 40
0.1142857142857143
 40
0.1285714285714286
 40
0.14285714285714288
 40
0.15714285714285717
 40
0.17142857142857146
 40
0.18571428571428575
 40
0.20000000000000004
 40
0.21428571428571433
 40
0.22857142857142862
 40
0.2428571428571429
 40
0.2571428571428572
 40
0.27142857142857146
 40
0.28571428571428575
 40
0.30000000000000004
 40
0.31428571428571433
 40
0.3285714285714286
 40
0.3428571428571429
 40
0.3571428571428572
 40
0.3714285714285715
 40
0.3857142857142858
 40
0.4000000000000001
 40
0.41428571428571437
 40
0.42857142857142866
 40
0.44285714285714295
 40
0.45714285714285724
 40
0.47142857142857153
 40
0.4857142857142858
 40
0.5000000000000001
 40
0.5142857142857143
 40
0.5285714285714286
 40
0.5428571428571428
 40
0.557142857142857
 40
0.5714285714285713
 40
0.5857142857142855
 40
0.5999999999999998
 40
0.614285714285714
 40
0.6285714285714282
 40
0.6428571428571425
 40
0.6571428571428567
 40
0.6714285714285709
 40
0.6857142857142852
 40
0.6999999999999994
 40
0.7142857142857136
 40
0.7285714285714279
 40
0.7428571428571421
 40
0.7571428571428563
 40
0.7714285714285706
 40
0.7857142857142848
 40
0.799999999999999
 40
0.8142857142857133
 40
0.8285714285714275
 40
0.8428571428571418
 40
0.857142857142856
 40
0.8714285714285702
 40
0.8857142857142845
 40
0.8999999999999987
 40
0.9142857142857129
 40
0.9285714285714272
 40
0.9428571428571414
 40
0.9571428571428556
 40
0.9714285714285699
 40
0.9857142857142841
 40
1.0
 40
1.0
 40
1.0
 40
1.0
 40
1.0
 40
1.0
 41
1.0
 41
1.0
 41
1.0
 41
1.0
 41
1.0
 41
1.0
 41
1.0
 41
1.0
 41
1.0
 41
1.0
 41
1.0
 41
1.0
 41
1.0
 41
1.0
 41
1.0
 41
1.0
 41
1.0
 41
1.0
 41
1.0
 41
1.0
 41
1.0
 41
1.0
 41
1.0
 41
1.0
 41
1.0
 41
1.0
 41
1.0
 41
1.0
 41
1.0
 41
1.0
 41
1.0
 41
1.0
 41
1.0
 41
1.0
 41
1.0
 41
1.0
 41
1.0
 41
1.0
 41
1.0
 41
1.0
 41
1.0
 41
1.0
 41
1.0
 41
1.0
 41
1.0
 41
1.0
 41
1.0
 41
1.0
 41
1.0
 41
1.0
 41
1.0
 41
1.0
 41
1.0
 41
1.0
 41
1.0
 41
1.0
 41
1.0
 41
1.0
 41
1.0
 41
1.0
 41
1.0
 41
1.0
 41
1.0
 41
1.0
 41
1.0
 41
1.0
 41
1.0
 41
1.0
 41
1.0
 41
1.0
 41
1.0
 41
1.0
 41
1.0
 41
1.0
 41
1.0
 10
777.1999247979496
 20
850.1454786006614
 30
0.0
 10
777.1345784893964
 20
850.1528581980905
 30
0.0
 10
777.0037893715618
 20
850.1657348123075
 30
0.0
 10
776.8073161953464
 20
850.1794020668117
 30
0.0
 10
776.5447962256578
 20
850.1868878933758
 30
0.0
 10
776.2158575535015
 20
850.1815851818493
 30
0.0
 10
775.8863095076947
 20
850.1657307589222
 30
0.0
 10
775.5563369804909
 20
850.1433737711961
 30
0.0
 10
775.2260914052899
 20
850.1174955578864
 30
0.0
 10
774.8956594530385
 20
850.0892147939838
 30
0.0
 10
774.5650832933742
 20
850.0584193259513
 30
0.0
 10
774.2343757105966
 20
850.024257994404
 30
0.0
 10
773.9035364394184
 20
849.9856605423387
 30
0.0
 10
773.572569640021
 20
849.9419029789203
 30
0.0
 10
773.2414956109333
 20
849.892972288392
 30
0.0
 10
772.9103433965396
 20
849.8392761146571
 30
0.0
 10
772.5791465795205
 20
849.7814605100299
 30
0.0
 10
772.2479381559783
 20
849.7201989411527
 30
0.0
 10
771.9167450123356
 20
849.6559615745947
 30
0.0
 10
771.5855852272634
 20
849.588900929122
 30
0.0
 10
771.254471376218
 20
849.5189808265953
 30
0.0
 10
770.9234125922228
 20
849.4460550565346
 30
0.0
 10
770.5924169500462
 20
849.3699593461173
 30
0.0
 10
770.2614941191399
 20
849.2906137802065
 30
0.0
 10
769.9306564277417
 20
849.2080626499028
 30
0.0
 10
769.5999175373414
 20
849.1224200166249
 30
0.0
 10
769.2692916743408
 20
849.033837299992
 30
0.0
 10
768.9387927112855
 20
848.9424650545326
 30
0.0
 10
768.6084331290244
 20
848.8484099027118
 30
0.0
 10
768.2782237218121
 20
848.7517215504906
 30
0.0
 10
767.9481742005657
 20
848.6524161051628
 30
0.0
 10
767.6182935710176
 20
848.5504903545523
 30
0.0
 10
767.2885905675239
 20
848.4459383783427
 30
0.0
 10
766.9590741441499
 20
848.3387704519752
 30
0.0
 10
766.6297536125619
 20
848.2290180371782
 30
0.0
 10
766.3006384077539
 20
848.1167240791216
 30
0.0
 10
765.9717379479856
 20
848.0019371156745
 30
0.0
 10
765.6430614698756
 20
847.8847044211134
 30
0.0
 10
765.3146178351753
 20
847.7650641954215
 30
0.0
 10
764.9864154962652
 20
847.6430437210187
 30
0.0
 10
764.6584626214617
 20
847.51866356671
 30
0.0
 10
764.3307671774975
 20
847.3919402314908
 30
0.0
 10
764.0033370197441
 20
847.2628891910531
 30
0.0
 10
763.6761799958041
 20
847.131528391868
 30
0.0
 10
763.3493039675445
 20
846.9978791860331
 30
0.0
 10
763.0227167488274
 20
846.8619645528386
 30
0.0
 10
762.6964260611503
 20
846.7238080362657
 30
0.0
 10
762.370439486872
 20
846.583432506594
 30
0.0
 10
762.0447644037499
 20
846.4408587718098
 30
0.0
 10
761.7194079904777
 20
846.2961051843472
 30
0.0
 10
761.3943773132867
 20
846.1491884588082
 30
0.0
 10
761.0696793935043
 20
846.0001242050516
 30
0.0
 10
760.7453212707385
 20
845.8489275414006
 30
0.0
 10
760.4213100888434
 20
845.6956138097732
 30
0.0
 10
760.0976530865798
 20
845.5401988289555
 30
0.0
 10
759.7743574559868
 20
845.3826984461044
 30
0.0
 10
759.4514302219914
 20
845.2231282616278
 30
0.0
 10
759.1288781292225
 20
845.0615033255925
 30
0.0
 10
758.806707478106
 20
844.8978377971345
 30
0.0
 10
758.4849241280738
 20
844.7321448476896
 30
0.0
 10
758.1635338291605
 20
844.5644370582088
 30
0.0
 10
757.8425424939958
 20
844.394726735567
 30
0.0
 10
757.5219564624522
 20
844.2230262460646
 30
0.0
 10
757.2017828344626
 20
844.0493484264581
 30
0.0
 10
756.8820295605838
 20
843.8737067579888
 30
0.0
 10
756.562704754901
 20
843.6961147379944
 30
0.0
 10
756.2438161291848
 20
843.5165853969321
 30
0.0
 10
755.9253703950887
 20
843.3351307799458
 30
0.0
 10
755.6073726304544
 20
843.1517614377392
 30
0.0
 10
755.2898257880811
 20
842.9664859817882
 30
0.0
 10
754.9727312887098
 20
842.7793111098209
 30
0.0
 10
754.7194178543829
 20
842.6280554939214
 30
0.0
 10
754.5296364164476
 20
842.5137624728474
 30
0.0
 10
754.403205933329
 20
842.437188891474
 30
0.0
 10
754.3400133106533
 20
842.3988075422915
 30
0.0
  0
ARC
  5
1A9
330
17
100
AcDbEntity
  8
cut
 62
5
420
255
100
AcDbCircle
 10
889.2507927418743
 20
837.4915075453048
 30
0.0
 40
135.00000000000003
100
AcDbArc
 50
177.91681825494783
 51
-177.91681825494786
  0
SPLINE
  5
1AA
330
17
100
AcDbEntity
  8
cut
 62
5
420
255
100
AcDbSpline
 70
4
 71
5
 72
81
 73
75
 74
0
 42
1e-09
 40
-1.0
 40
-1.0
 40
-1.0
 40
-1.0
 40
-1.0
 40
-1.0
 40
-0.9857142857142841
 40
-0.9714285714285699
 40
-0.9571428571428556
 40
-0.9428571428571414
 40
-0.9285714285714272
 40
-0.9142857142857129
 40
-0.8999999999999987
 40
-0.8857142857142845
 40
-0.8714285714285702
 40
-0.857142857142856
 40
-0.8428571428571418
 40
-0.8285714285714275
 40
-0.8142857142857133
 40
-0.799999999999999
 40
-0.7857142857142848
 40
-0.7714285714285706
 40
-0.7571428571428563
 40
-0.7428571428571421
 40
-0.7285714285714279
 40
-0.7142857142857136
 40
-0.6999999999999994
 40
-0.6857142857142852
 40
-0.6714285714285709
 40
-0.6571428571428567
 40
-0.6428571428571425
 40
-0.6285714285714282
 40
-0.614285714285714
 40
-0.5999999999999998
 40
-0.5857142857142855
 40
-0.5714285714285713
 40
-0.557142857142857
 40
-0.5428571428571428
 40
-0.5285714285714286
 40
-0.5142857142857143
 40
-0.5000000000000001
 40
-0.4857142857142858
 40
-0.47142857142857153
 40
-0.45714285714285724
 40
-0.44285714285714295
 40
-0.42857142857142866
 40
-0.41428571428571437
 40
-0.4000000000000001
 40
-0.3857142857142858
 40
-0.3714285714285715
 40
-0.3571428571428572
 40
-0.3428571428571429
 40
-0.3285714285714286
 40
-0.31428571428571433
 40
-0.30000000000000004
 40
-0.28571428571428575
 40
-0.27142857142857146
 40
-0.2571428571428572
 40
-0.2428571428571429
 40
-0.22857142857142862
 40
-0.21428571428571433
 40
-0.20000000000000004
 40
-0.18571428571428575
 40
-0.17142857142857146
 40
-0.15714285714285717
 40
-0.14285714285714288
 40
-0.1285714285714286
 40
-0.1142857142857143
 40
-0.1
 40
-0.08571428571428572
 40
-0.07142857142857142
 40
-0.05714285714285714
 40
-0.04285714285714286
 40
-0.02857142857142857
 40
-0.014285714285714285
 40
0.0
 40
0.0
 40
0.0
 40
0.0
 40
0.0
 40
0.0
 41
1.0
 41
1.0
 41
1.0
 41
1.0
 41
1.0
 41
1.0
 41
1.0
 41
1.0
 41
1.0
 41
1.0
 41
1.0
 41
1.0
 41
1.0
 41
1.0
 41
1.0
 41
1.0
 41
1.0
 41
1.0
 41
1.0
 41
1.0
 41
1.0
 41
1.0
 41
1.0
 41
1.0
 41
1.0
 41
1.0
 41
1.0
 41
1.0
 41
1.0
 41
1.0
 41
1.0
 41
1.0
 41
1.0
 41
1.0
 41
1.0
 41
1.0
 41
1.0
 41
1.0
 41
1.0
 41
1.0
 41
1.0
 41
1.0
 41
1.0
 41
1.0
 41
1.0
 41
1.0
 41
1.0
 41
1.0
 41
1.0
 41
1.0
 41
1.0
 41
1.0
 41
1.0
 41
1.0
 41
1.0
 41
1.0
 41
1.0
 41
1.0
 41
1.0
 41
1.0
 41
1.0
 41
1.0
 41
1.0
 41
1.0
 41
1.0
 41
1.0
 41
1.0
 41
1.0
 41
1.0
 41
1.0
 41
1.0
 41
1.0
 41
1.0
 41
1.0
 41
1.0
 10
754.3400133106533
 20
832.5842075483181
 30
0.0
 10
754.403205933329
 20
832.5458261991356
 30
0.0
 10
754.5296364164476
 20
832.4692526177623
 30
0.0
 10
754.7194178543828
 20
832.3549595966882
 30
0.0
 10
754.97273128871
 20
832.2037039807886
 30
0.0
 10
755.2898257880811
 20
832.0165291088214
 30
0.0
 10
755.6073726304544
 20
831.8312536528704
 30
0.0
 10
755.9253703950887
 20
831.6478843106638
 30
0.0
 10
756.2438161291848
 20
831.4664296936775
 30
0.0
 10
756.562704754901
 20
831.2869003526152
 30
0.0
 10
756.8820295605838
 20
831.1093083326208
 30
0.0
 10
757.2017828344626
 20
830.9336666641515
 30
0.0
 10
757.5219564624522
 20
830.759988844545
 30
0.0
 10
757.8425424939958
 20
830.5882883550426
 30
0.0
 10
758.1635338291605
 20
830.4185780324008
 30
0.0
 10
758.4849241280738
 20
830.25087024292
 30
0.0
 10
758.806707478106
 20
830.0851772934751
 30
0.0
 10
759.1288781292225
 20
829.9215117650172
 30
0.0
 10
759.4514302219914
 20
829.7598868289817
 30
0.0
 10
759.7743574559868
 20
829.6003166445051
 30
0.0
 10
760.0976530865798
 20
829.4428162616542
 30
0.0
 10
760.4213100888434
 20
829.2874012808363
 30
0.0
 10
760.7453212707385
 20
829.134087549209
 30
0.0
 10
761.0696793935043
 20
828.9828908855579
 30
0.0
 10
761.3943773132867
 20
828.8338266318015
 30
0.0
 10
761.7194079904777
 20
828.6869099062624
 30
0.0
 10
762.0447644037499
 20
828.5421563187998
 30
0.0
 10
762.370439486872
 20
828.3995825840155
 30
0.0
 10
762.6964260611503
 20
828.2592070543438
 30
0.0
 10
763.0227167488274
 20
828.121050537771
 30
0.0
 10
763.3493039675445
 20
827.9851359045766
 30
0.0
 10
763.6761799958041
 20
827.8514866987416
 30
0.0
 10
764.0033370197441
 20
827.7201258995566
 30
0.0
 10
764.3307671774975
 20
827.5910748591187
 30
0.0
 10
764.6584626214617
 20
827.4643515238996
 30
0.0
 10
764.9864154962652
 20
827.339971369591
 30
0.0
 10
765.3146178351753
 20
827.2179508951881
 30
0.0
 10
765.6430614698756
 20
827.0983106694962
 30
0.0
 10
765.9717379479856
 20
826.981077974935
 30
0.0
 10
766.3006384077539
 20
826.866291011488
 30
0.0
 10
766.6297536125619
 20
826.7539970534314
 30
0.0
 10
766.9590741441499
 20
826.6442446386344
 30
0.0
 10
767.2885905675239
 20
826.5370767122669
 30
0.0
 10
767.6182935710176
 20
826.4325247360573
 30
0.0
 10
767.9481742005657
 20
826.3305989854467
 30
0.0
 10
768.2782237218121
 20
826.231293540119
 30
0.0
 10
768.6084331290243
 20
826.1346051878978
 30
0.0
 10
768.9387927112855
 20
826.040550036077
 30
0.0
 10
769.2692916743408
 20
825.9491777906176
 30
0.0
 10
769.5999175373414
 20
825.8605950739847
 30
0.0
 10
769.9306564277417
 20
825.7749524407069
 30
0.0
 10
770.2614941191399
 20
825.6924013104032
 30
0.0
 10
770.5924169500462
 20
825.6130557444923
 30
0.0
 10
770.9234125922228
 20
825.5369600340749
 30
0.0
 10
771.254471376218
 20
825.4640342640142
 30
0.0
 10
771.5855852272634
 20
825.3941141614876
 30
0.0
 10
771.9167450123356
 20
825.3270535160149
 30
0.0
 10
772.2479381559783
 20
825.2628161494569
 30
0.0
 10
772.5791465795205
 20
825.2015545805797
 30
0.0
 10
772.9103433965395
 20
825.1437389759525
 30
0.0
 10
773.2414956109333
 20
825.0900428022176
 30
0.0
 10
773.572569640021
 20
825.0411121116892
 30
0.0
 10
773.9035364394184
 20
824.9973545482709
 30
0.0
 10
774.2343757105966
 20
824.9587570962055
 30
0.0
 10
774.5650832933742
 20
824.9245957646584
 30
0.0
 10
774.8956594530385
 20
824.8938002966257
 30
0.0
 10
775.2260914052899
 20
824.8655195327233
 30
0.0
 10
775.5563369804909
 20
824.8396413194134
 30
0.0
 10
775.8863095076947
 20
824.8172843316873
 30
0.0
 10
776.2158575535015
 20
824.8014299087603
 30
0.0
 10
776.5447962256578
 20
824.7961271972339
 30
0.0
 10
776.8073161953464
 20
824.8036130237979
 30
0.0
 10
777.0037893715618
 20
824.8172802783021
 30
0.0
 10
777.1345784893965
 20
824.8301568925191
 30
0.0
 10
777.1999247979496
 20
824.8375364899482
 30
0.0
  0
LINE
  5
1AB
330
17
100
AcDbEntity
  8
cut
 62
5
420
255
100
AcDbLine
 10
777.1999247979496
 20
824.8375364899482
 30
0.0
 11
781.4567844683595
 21
825.3182661803513
 31
0.0
  0
ARC
  5
1AC
330
17
100
AcDbEntity
  8
cut
 62
5
420
255
100
AcDbCircle
 10
782.1300882048927
 20
819.3561640277235
 30
0.0
 40
5.999999999999998
100
AcDbArc
 50
9.60896059495667
 51
96.44314842964566
  0
ARC
  5
1AD
330
17
100
AcDbEntity
  8
cut
 62
5
420
255
100
AcDbCircle
 10
889.2507927418743
 20
837.4915075453048
 30
0.0
 40
102.64500000000001
100
AcDbArc
 50
-170.39103940504336
 51
-167.10896059495676
  0
ARC
  5
1AE
330
17
100
AcDbEntity
  8
cut
 62
5
420
255
100
AcDbCircle
 10
783.34407080754
 20
813.2530613466807
 30
0.0
 40
6.000000000000003
100
AcDbArc
 50
-73.94314842964567
 51
12.891039405043475
  0
LINE
  5
1AF
330
17
100
AcDbEntity
  8
cut
 62
5
420
255
100
AcDbLine
 10
785.0036169820726
 20
807.4871350122055
 30
0.0
 11
780.8868241718449
 21
806.3022416640705
 31
0.0
  0
SPLINE
  5
1B0
330
17
100
AcDbEntity
  8
cut
 62
5
420
255
100
AcDbSpline
 70
4
 71
5
 72
81
 73
75
 74
0
 42
1e-09
 40
0.0
 40
0.0
 40
0.0
 40
0.0
 40
0.0
 40
0.0
 40
0.014285714285714285
 40
0.02857142857142857
 40
0.04285714285714286
 40
0.05714285714285714
 40
0.07142857142857142
 40
0.08571428571428572
 40
0.1
 40
0.1142857142857143
 40
0.1285714285714286
 40
0.14285714285714288
 40
0.15714285714285717
 40
0.17142857142857146
 40
0.18571428571428575
 40
0.20000000000000004
 40
0.21428571428571433
 40
0.22857142857142862
 40
0.2428571428571429
 40
0.2571428571428572
 40
0.27142857142857146
 40
0.28571428571428575
 40
0.30000000000000004
 40
0.31428571428571433
 40
0.3285714285714286
 40
0.3428571428571429
 40
0.3571428571428572
 40
0.3714285714285715
 40
0.3857142857142858
 40
0.4000000000000001
 40
0.41428571428571437
 40
0.42857142857142866
 40
0.44285714285714295
 40
0.45714285714285724
 40
0.47142857142857153
 40
0.4857142857142858
 40
0.5000000000000001
 40
0.5142857142857143
 40
0.5285714285714286
 40
0.5428571428571428
 40
0.557142857142857
 40
0.5714285714285713
 40
0.5857142857142855
 40
0.5999999999999998
 40
0.614285714285714
 40
0.6285714285714282
 40
0.6428571428571425
 40
0.6571428571428567
 40
0.6714285714285709
 40
0.6857142857142852
 40
0.6999999999999994
 40
0.7142857142857136
 40
0.7285714285714279
 40
0.7428571428571421
 40
0.7571428571428563
 40
0.7714285714285706
 40
0.7857142857142848
 40
0.799999999999999
 40
0.8142857142857133
 40
0.8285714285714275
 40
0.8428571428571418
 40
0.857142857142856
 40
0.8714285714285702
 40
0.8857142857142845
 40
0.8999999999999987
 40
0.9142857142857129
 40
0.9285714285714272
 40
0.9428571428571414
 40
0.9571428571428556
 40
0.9714285714285699
 40
0.9857142857142841
 40
1.0
 40
1.0
 40
1.0
 40
1.0
 40
1.0
 40
1.0
 41
1.0
 41
1.0
 41
1.0
 41
1.0
 41
1.0
 41
1.0
 41
1.0
 41
1.0
 41
1.0
 41
1.0
 41
1.0
 41
1.0
 41
1.0
 41
1.0
 41
1.0
 41
1.0
 41
1.0
 41
1.0
 41
1.0
 41
1.0
 41
1.0
 41
1.0
 41
1.0
 41
1.0
 41
1.0
 41
1.0
 41
1.0
 41
1.0
 41
1.0
 41
1.0
 41
1.0
 41
1.0
 41
1.0
 41
1.0
 41
1.0
 41
1.0
 41
1.0
 41
1.0
 41
1.0
 41
1.0
 41
1.0
 41
1.0
 41
1.0
 41
1.0
 41
1.0
 41
1.0
 41
1.0
 41
1.0
 41
1.0
 41
1.0
 41
1.0
 41
1.0
 41
1.0
 41
1.0
 41
1.0
 41
1.0
 41
1.0
 41
1.0
 41
1.0
 41
1.0
 41
1.0
 41
1.0
 41
1.0
 41
1.0
 41
1.0
 41
1.0
 41
1.0
 41
1.0
 41
1.0
 41
1.0
 41
1.0
 41
1.0
 41
1.0
 41
1.0
 41
1.0
 10
780.8868241718449
 20
806.3022416640705
 30
0.0
 10
780.8236280051738
 20
806.2840525734439
 30
0.0
 10
780.6978669492054
 20
806.245898185238
 30
0.0
 10
780.5111191711478
 20
806.1833380524984
 30
0.0
 10
780.2657176424734
 20
806.08979201138
 30
0.0
 10
779.9638471956646
 20
805.9590135646355
 30
0.0
 10
779.6654517261484
 20
805.8182534104948
 30
0.0
 10
779.3691525107741
 20
805.6713232278296
 30
0.0
 10
779.0739485466364
 20
805.5210353659734
 30
0.0
 10
778.7794918088638
 20
805.3684565133894
 30
0.0
 10
778.4858641764217
 20
805.2134991913416
 30
0.0
 10
778.1934031850578
 20
805.0553819234353
 30
0.0
 10
777.9025181593023
 20
804.8931158196094
 30
0.0
 10
777.6134900019591
 20
804.7260335915823
 30
0.0
 10
777.3263424473383
 20
804.5541309822734
 30
0.0
 10
777.0409463303839
 20
804.377795720346
 30
0.0
 10
776.7570854439301
 20
804.1976375318459
 30
0.0
 10
776.4745325478741
 20
804.0142912458814
 30
0.0
 10
776.193132557075
 20
803.828201528711
 30
0.0
 10
775.9128438076422
 20
803.6395162077092
 30
0.0
 10
775.6336917625565
 20
803.448206671052
 30
0.0
 10
775.3557408119599
 20
803.2541413329263
 30
0.0
 10
775.0790612804533
 20
803.0571715151139
 30
0.0
 10
774.803692683644
 20
802.857227085994
 30
0.0
 10
774.5296294618682
 20
802.6543536830209
 30
0.0
 10
774.2568405872814
 20
802.4486619132301
 30
0.0
 10
773.9852812575856
 20
802.240297114317
 30
0.0
 10
773.714906674618
 20
802.0294036893223
 30
0.0
 10
773.4456875665282
 20
801.8160849207734
 30
0.0
 10
773.1776148842599
 20
801.6003908617728
 30
0.0
 10
772.9106914355358
 20
801.3823401097266
 30
0.0
 10
772.6449267698144
 20
801.1619331433153
 30
0.0
 10
772.3803312221955
 20
800.9391678353736
 30
0.0
 10
772.1169091329157
 20
800.7140571057436
 30
0.0
 10
771.8546570649507
 20
800.4866335846925
 30
0.0
 10
771.5935673006933
 20
800.256940559
 30
0.0
 10
771.3336299668425
 20
800.0250264760215
 30
0.0
 10
771.0748355058388
 20
799.7909385461944
 30
0.0
 10
770.8171774863723
 20
799.5547154529471
 30
0.0
 10
770.5606532768942
 20
799.3163856365346
 30
0.0
 10
770.305262552604
 20
799.0759712259345
 30
0.0
 10
770.0510063599106
 20
798.8334905129674
 30
0.0
 10
769.7978860339404
 20
798.5889608014286
 30
0.0
 10
769.5459019571153
 20
798.3424016748436
 30
0.0
 10
769.2950532217595
 20
798.093835868584
 30
0.0
 10
769.0453382531464
 20
797.8432876029816
 30
0.0
 10
768.7967551751183
 20
797.5907815847279
 30
0.0
 10
768.5493022407838
 20
797.336341844849
 30
0.0
 10
768.3029783034309
 20
797.0799904307632
 30
0.0
 10
768.0577829721346
 20
796.821747045076
 30
0.0
 10
767.8137163788407
 20
796.5616298341954
 30
0.0
 10
767.5707790367753
 20
796.2996559066967
 30
0.0
 10
767.3289716641563
 20
796.0358419240299
 30
0.0
 10
767.0882949899465
 20
795.7702047941141
 30
0.0
 10
766.8487496483016
 20
795.5027619017558
 30
0.0
 10
766.6103362193545
 20
795.233530640093
 30
0.0
 10
766.3730552232743
 20
794.9625281103465
 30
0.0
 10
766.1369071318742
 20
794.6897707980227
 30
0.0
 10
765.901892347522
 20
794.4152741955261
 30
0.0
 10
765.6680112431367
 20
794.1390527139844
 30
0.0
 10
765.435264316536
 20
793.8611201771233
 30
0.0
 10
765.20365232064
 20
793.5814902176785
 30
0.0
 10
764.9731763803494
 20
793.3001766867856
 30
0.0
 10
764.7438381427328
 20
793.0171941610881
 30
0.0
 10
764.5156397940987
 20
792.7325581381752
 30
0.0
 10
764.2885836656774
 20
792.4462841930871
 30
0.0
 10
764.0626718956755
 20
792.1583873155631
 30
0.0
 10
763.8379060753754
 20
791.8688812023038
 30
0.0
 10
763.6142868585116
 20
791.5777775440945
 30
0.0
 10
763.3918136776456
 20
791.2850854268885
 30
0.0
 10
763.1704852822616
 20
790.9908115822741
 30
0.0
 10
762.9943372032336
 20
790.7541307600545
 30
0.0
 10
762.8627400626747
 20
790.5759115651072
 30
0.0
 10
762.7752369679843
 20
790.4567839493099
 30
0.0
 10
762.7315425037324
 20
790.3971414366242
 30
0.0
  0
ARC
  5
1B1
330
17
100
AcDbEntity
  8
cut
 62
5
420
255
100
AcDbCircle
 10
889.2507927418743
 20
837.4915075453048
 30
0.0
 40
135.0
100
AcDbArc
 50
-159.58318174505231
 51
-155.4168182549477
  0
SPLINE
  5
1B2
330
17
100
AcDbEntity
  8
cut
 62
5
420
255
100
AcDbSpline
 70
4
 71
5
 72
81
 73
75
 74
0
 42
1e-09
 40
-1.0
 40
-1.0
 40
-1.0
 40
-1.0
 40
-1.0
 40
-1.0
 40
-0.9857142857142841
 40
-0.9714285714285699
 40
-0.9571428571428556
 40
-0.9428571428571414
 40
-0.9285714285714272
 40
-0.9142857142857129
 40
-0.8999999999999987
 40
-0.8857142857142845
 40
-0.8714285714285702
 40
-0.857142857142856
 40
-0.8428571428571418
 40
-0.8285714285714275
 40
-0.8142857142857133
 40
-0.799999999999999
 40
-0.7857142857142848
 40
-0.7714285714285706
 40
-0.7571428571428563
 40
-0.7428571428571421
 40
-0.7285714285714279
 40
-0.7142857142857136
 40
-0.6999999999999994
 40
-0.6857142857142852
 40
-0.6714285714285709
 40
-0.6571428571428567
 40
-0.6428571428571425
 40
-0.6285714285714282
 40
-0.614285714285714
 40
-0.5999999999999998
 40
-0.5857142857142855
 40
-0.5714285714285713
 40
-0.557142857142857
 40
-0.5428571428571428
 40
-0.5285714285714286
 40
-0.5142857142857143
 40
-0.5000000000000001
 40
-0.4857142857142858
 40
-0.47142857142857153
 40
-0.45714285714285724
 40
-0.44285714285714295
 40
-0.42857142857142866
 40
-0.41428571428571437
 40
-0.4000000000000001
 40
-0.3857142857142858
 40
-0.3714285714285715
 40
-0.3571428571428572
 40
-0.3428571428571429
 40
-0.3285714285714286
 40
-0.31428571428571433
 40
-0.30000000000000004
 40
-0.28571428571428575
 40
-0.27142857142857146
 40
-0.2571428571428572
 40
-0.2428571428571429
 40
-0.22857142857142862
 40
-0.21428571428571433
 40
-0.20000000000000004
 40
-0.18571428571428575
 40
-0.17142857142857146
 40
-0.15714285714285717
 40
-0.14285714285714288
 40
-0.1285714285714286
 40
-0.1142857142857143
 40
-0.1
 40
-0.08571428571428572
 40
-0.07142857142857142
 40
-0.05714285714285714
 40
-0.04285714285714286
 40
-0.02857142857142857
 40
-0.014285714285714285
 40
0.0
 40
0.0
 40
0.0
 40
0.0
 40
0.0
 40
0.0
 41
1.0
 41
1.0
 41
1.0
 41
1.0
 41
1.0
 41
1.0
 41
1.0
 41
1.0
 41
1.0
 41
1.0
 41
1.0
 41
1.0
 41
1.0
 41
1.0
 41
1.0
 41
1.0
 41
1.0
 41
1.0
 41
1.0
 41
1.0
 41
1.0
 41
1.0
 41
1.0
 41
1.0
 41
1.0
 41
1.0
 41
1.0
 41
1.0
 41
1.0
 41
1.0
 41
1.0
 41
1.0
 41
1.0
 41
1.0
 41
1.0
 41
1.0
 41
1.0
 41
1.0
 41
1.0
 41
1.0
 41
1.0
 41
1.0
 41
1.0
 41
1.0
 41
1.0
 41
1.0
 41
1.0
 41
1.0
 41
1.0
 41
1.0
 41
1.0
 41
1.0
 41
1.0
 41
1.0
 41
1.0
 41
1.0
 41
1.0
 41
1.0
 41
1.0
 41
1.0
 41
1.0
 41
1.0
 41
1.0
 41
1.0
 41
1.0
 41
1.0
 41
1.0
 41
1.0
 41
1.0
 41
1.0
 41
1.0
 41
1.0
 41
1.0
 41
1.0
 41
1.0
 10
766.4874273167165
 20
781.3296333824069
 30
0.0
 10
766.5604975938563
 20
781.3183564092127
 30
0.0
 10
766.7066075704436
 20
781.2959944958862
 30
0.0
 10
766.9256808022025
 20
781.2630277250753
 30
0.0
 10
767.2175949177443
 20
781.2202246118807
 30
0.0
 10
767.5821807580422
 20
781.1686443900733
 30
0.0
 10
767.9464576337409
 20
781.1189921040194
 30
0.0
 10
768.310421669137
 20
781.0712733979195
 30
0.0
 10
768.6740668407307
 20
781.025495097752
 30
0.0
 10
769.0373844196286
 20
780.9816650078906
 30
0.0
 10
769.400363595594
 20
780.9397916881584
 30
0.0
 10
769.7629922573404
 20
780.8998842259614
 30
0.0
 10
770.1252577432225
 20
780.8619519860877
 30
0.0
 10
770.4871475488362
 20
780.8260043810335
 30
0.0
 10
770.8486502022848
 20
780.7920505533893
 30
0.0
 10
771.2097551139113
 20
780.7600995019623
 30
0.0
 10
771.5704521115211
 20
780.730160334157
 30
0.0
 10
771.9307310682536
 20
780.7022424728135
 30
0.0
 10
772.2905815302094
 20
780.6763558444443
 30
0.0
 10
772.6499922580869
 20
780.6525111193168
 30
0.0
 10
773.0089512612503
 20
780.6307196208221
 30
0.0
 10
773.3674460794958
 20
780.6109930735341
 30
0.0
 10
773.7254640038014
 20
780.593343366043
 30
0.0
 10
774.0829922928367
 20
780.5777823428473
 30
0.0
 10
774.4400184754431
 20
780.5643214441967
 30
0.0
 10
774.7965302623394
 20
780.552971943659
 30
0.0
 10
775.1525151930302
 20
780.5437455759178
 30
0.0
 10
775.5079603427679
 20
780.5366550791218
 30
0.0
 10
775.8628520561319
 20
780.5317146615425
 30
0.0
 10
776.2171755540915
 20
780.5289407239068
 30
0.0
 10
776.5709150793836
 20
780.5283514939549
 30
0.0
 10
776.9240544883829
 20
780.5299657685998
 30
0.0
 10
777.2765777682287
 20
780.5338017877021
 30
0.0
 10
777.6284694844092
 20
780.5398762694213
 30
0.0
 10
777.9797155188672
 20
780.5482027909874
 30
0.0
 10
778.3303026918953
 20
780.5587926439548
 30
0.0
 10
778.6802173293
 20
780.5716580226712
 30
0.0
 10
779.0294440132
 20
780.586814804355
 30
0.0
 10
779.3779644940838
 20
780.6042849600896
 30
0.0
 10
779.7257559662598
 20
780.6241003908121
 30
0.0
 10
780.0727918051232
 20
780.6463012375585
 30
0.0
 10
780.419044734698
 20
780.6709287392603
 30
0.0
 10
780.7644896037813
 20
780.6980189614651
 30
0.0
 10
781.1091057696331
 20
780.7275974075995
 30
0.0
 10
781.4528810275345
 20
780.7596701443608
 30
0.0
 10
781.7958095735999
 20
780.7942283595967
 30
0.0
 10
782.1378843168636
 20
780.8312656392984
 30
0.0
 10
782.4790901216141
 20
780.8707931484583
 30
0.0
 10
782.8193979936125
 20
780.9128526786138
 30
0.0
 10
783.1587555994068
 20
780.9575379598642
 30
0.0
 10
783.4970925077128
 20
781.0049827776635
 30
0.0
 10
783.834337629269
 20
781.0553215812902
 30
0.0
 10
784.1704346930898
 20
781.1086545217288
 30
0.0
 10
784.5053553598979
 20
781.1650178008083
 30
0.0
 10
784.8391212784838
 20
781.2243338862305
 30
0.0
 10
785.171787853222
 20
781.2864479196168
 30
0.0
 10
785.5034025986271
 20
781.3512213250402
 30
0.0
 10
785.8339677412671
 20
781.4186158658399
 30
0.0
 10
786.1634082122232
 20
781.4887655325741
 30
0.0
 10
786.4915192467229
 20
781.5620944135245
 30
0.0
 10
786.8180126358168
 20
781.6392120836762
 30
0.0
 10
787.1426101196364
 20
781.7207025660035
 30
0.0
 10
787.4651288661013
 20
781.8069313595611
 30
0.0
 10
787.7855551027308
 20
781.8978786714465
 30
0.0
 10
788.1041620453158
 20
781.9928740293132
 30
0.0
 10
788.4213595085739
 20
782.0909287461421
 30
0.0
 10
788.7374614059468
 20
782.1912515608595
 30
0.0
 10
789.0524716970702
 20
782.2937227194859
 30
0.0
 10
789.3658822100452
 20
782.3993425754137
 30
0.0
 10
789.6764121295291
 20
782.5108075758701
 30
0.0
 10
789.9823410960336
 20
782.6317878893225
 30
0.0
 10
790.2220132211007
 20
782.7391659343338
 30
0.0
 10
790.3983005354289
 20
782.8269798604775
 30
0.0
 10
790.5142062575458
 20
782.8889271293297
 30
0.0
 10
790.5717543248696
 20
782.9207519380021
 30
0.0
  0
LINE
  5
1B3
330
17
100
AcDbEntity
  8
cut
 62
5
420
255
100
AcDbLine
 10
790.5717543248696
 20
782.9207519380021
 30
0.0
 11
794.3206125591707
 21
784.993917929405
 31
0.0
  0
ARC
  5
1B4
330
17
100
AcDbEntity
  8
cut
 62
5
420
255
100
AcDbCircle
 10
797.224261816396
 20
779.7433159647713
 30
0.0
 40
6.0
100
AcDbArc
 50
32.10896059495686
 51
118.94314842964557
  0
ARC
  5
1B5
330
17
100
AcDbEntity
  8
cut
 62
5
420
255
100
AcDbCircle
 10
889.2507927418743
 20
837.4915075453048
 30
0.0
 40
102.64500000000001
100
AcDbArc
 50
-147.89103940504336
 51
-144.60896059495673
  0
ARC
  5
1B6
330
17
100
AcDbEntity
  8
cut
 62
5
420
255
100
AcDbCircle
 10
800.6813917778647
 20
774.5693553421538
 30
0.0
 40
5.9999999999999964
100
AcDbArc
 50
-51.44314842964539
 51
35.39103940504328
  0
LINE
  5
1B7
330
17
100
AcDbEntity
  8
cut
 62
5
420
255
100
AcDbLine
 10
804.421137002214
 20
769.8774148420028
 30
0.0
 11
801.0711554387059
 21
767.2072877264983
 31
0.0
  0
SPLINE
  5
1B8
330
17
100
AcDbEntity
  8
cut
 62
5
420
255
100
AcDbSpline
 70
4
 71
5
 72
81
 73
75
 74
0
 42
1e-09
 40
0.0
 40
0.0
 40
0.0
 40
0.0
 40
0.0
 40
0.0
 40
0.014285714285714285
 40
0.02857142857142857
 40
0.04285714285714286
 40
0.05714285714285714
 40
0.07142857142857142
 40
0.08571428571428572
 40
0.1
 40
0.1142857142857143
 40
0.1285714285714286
 40
0.14285714285714288
 40
0.15714285714285717
 40
0.17142857142857146
 40
0.18571428571428575
 40
0.20000000000000004
 40
0.21428571428571433
 40
0.22857142857142862
 40
0.2428571428571429
 40
0.2571428571428572
 40
0.27142857142857146
 40
0.28571428571428575
 40
0.30000000000000004
 40
0.31428571428571433
 40
0.3285714285714286
 40
0.3428571428571429
 40
0.3571428571428572
 40
0.3714285714285715
 40
0.3857142857142858
 40
0.4000000000000001
 40
0.41428571428571437
 40
0.42857142857142866
 40
0.44285714285714295
 40
0.45714285714285724
 40
0.47142857142857153
 40
0.4857142857142858
 40
0.5000000000000001
 40
0.5142857142857143
 40
0.5285714285714286
 40
0.5428571428571428
 40
0.557142857142857
 40
0.5714285714285713
 40
0.5857142857142855
 40
0.5999999999999998
 40
0.614285714285714
 40
0.6285714285714282
 40
0.6428571428571425
 40
0.6571428571428567
 40
0.6714285714285709
 40
0.6857142857142852
 40
0.6999999999999994
 40
0.7142857142857136
 40
0.7285714285714279
 40
0.7428571428571421
 40
0.7571428571428563
 40
0.7714285714285706
 40
0.7857142857142848
 40
0.799999999999999
 40
0.8142857142857133
 40
0.8285714285714275
 40
0.8428571428571418
 40
0.857142857142856
 40
0.8714285714285702
 40
0.8857142857142845
 40
0.8999999999999987
 40
0.9142857142857129
 40
0.9285714285714272
 40
0.9428571428571414
 40
0.9571428571428556
 40
0.9714285714285699
 40
0.9857142857142841
 40
1.0
 40
1.0
 40
1.0
 40
1.0
 40
1.0
 40
1.0
 41
1.0
 41
1.0
 41
1.0
 41
1.0
 41
1.0
 41
1.0
 41
1.0
 41
1.0
 41
1.0
 41
1.0
 41
1.0
 41
1.0
 41
1.0
 41
1.0
 41
1.0
 41
1.0
 41
1.0
 41
1.0
 41
1.0
 41
1.0
 41
1.0
 41
1.0
 41
1.0
 41
1.0
 41
1.0
 41
1.0
 41
1.0
 41
1.0
 41
1.0
 41
1.0
 41
1.0
 41
1.0
 41
1.0
 41
1.0
 41
1.0
 41
1.0
 41
1.0
 41
1.0
 41
1.0
 41
1.0
 41
1.0
 41
1.0
 41
1.0
 41
1.0
 41
1.0
 41
1.0
 41
1.0
 41
1.0
 41
1.0
 41
1.0
 41
1.0
 41
1.0
 41
1.0
 41
1.0
 41
1.0
 41
1.0
 41
1.0
 41
1.0
 41
1.0
 41
1.0
 41
1.0
 41
1.0
 41
1.0
 41
1.0
 41
1.0
 41
1.0
 41
1.0
 41
1.0
 41
1.0
 41
1.0
 41
1.0
 41
1.0
 41
1.0
 41
1.0
 41
1.0
 10
801.0711554387059
 20
767.2072877264983
 30
0.0
 10
801.019730457418
 20
767.1662990719793
 30
0.0
 10
800.91814344406
 20
767.0829223410847
 30
0.0
 10
800.7695517204968
 20
766.9536590342016
 30
0.0
 10
800.5786287910068
 20
766.7733226621641
 30
0.0
 10
800.3497836086096
 20
766.5369783132089
 30
0.0
 10
800.1279687206563
 20
766.2927418853285
 30
0.0
 10
799.9104516866932
 20
766.0436072961095
 30
0.0
 10
799.6952314611283
 20
765.7917897503116
 30
0.0
 10
799.4815783069032
 20
765.5381415562214
 30
0.0
 10
799.2696013469815
 20
765.2826132277485
 30
0.0
 10
799.0599114818011
 20
765.0246119441853
 30
0.0
 10
798.8532653097601
 20
764.7633807319604
 30
0.0
 10
798.6501777113799
 20
764.4984105939376
 30
0.0
 10
798.450672243418
 20
764.2297066798142
 30
0.0
 10
798.254481195587
 20
763.9575777748396
 30
0.0
 10
798.0611714864557
 20
763.6825044535278
 30
0.0
 10
797.870290234962
 20
763.4049862604759
 30
0.0
 10
797.6815239947085
 20
763.1253746652249
 30
0.0
 10
797.4947777021922
 20
762.8437902983796
 30
0.0
 10
797.310085831411
 20
762.5602164703228
 30
0.0
 10
797.1275582268098
 20
762.2745562526551
 30
0.0
 10
796.9473167565388
 20
761.9866991966735
 30
0.0
 10
796.7694247664682
 20
761.6965956311776
 30
0.0
 10
796.5938596554408
 20
761.4042855920854
 30
0.0
 10
796.4205504299861
 20
761.109859393132
 30
0.0
 10
796.2494000798498
 20
760.8134341637415
 30
0.0
 10
796.0803119562748
 20
760.5151261714134
 30
0.0
 10
795.913219491086
 20
760.2150196349086
 30
0.0
 10
795.748095169552
 20
759.9131573343398
 30
0.0
 10
795.5849344687513
 20
759.6095575259391
 30
0.0
 10
795.4237460280501
 20
759.3042243063692
 30
0.0
 10
795.2645402098663
 20
758.997159665457
 30
0.0
 10
795.1073160798464
 20
758.6883772005167
 30
0.0
 10
794.9520579755311
 20
758.3779057426924
 30
0.0
 10
794.7987422016479
 20
758.0657823303529
 30
0.0
 10
794.6473410964556
 20
757.7520479446703
 30
0.0
 10
794.4978277632684
 20
757.4367425448811
 30
0.0
 10
794.3501814568237
 20
757.1198994086576
 30
0.0
 10
794.2043888622729
 20
756.8015438043191
 30
0.0
 10
794.0604412111464
 20
756.4816960520793
 30
0.0
 10
793.9183324702235
 20
756.1603734518202
 30
0.0
 10
793.7780572511238
 20
755.837592501095
 30
0.0
 10
793.6396084128689
 20
755.5133714390685
 30
0.0
 10
793.5029764164253
 20
755.1877309231327
 30
0.0
 10
793.3681505382159
 20
754.8606927273346
 30
0.0
 10
793.2351195900551
 20
754.5322789597064
 30
0.0
 10
793.1038727617507
 20
754.2025111535149
 30
0.0
 10
792.9744005566967
 20
753.8714092390908
 30
0.0
 10
792.8466950738651
 20
753.5389912696676
 30
0.0
 10
792.7207494908281
 20
753.2052740608337
 30
0.0
 10
792.5965577345765
 20
752.8702736152547
 30
0.0
 10
792.4741140925963
 20
752.5340056009536
 30
0.0
 10
792.3534127679808
 20
752.1964859177726
 30
0.0
 10
792.234447693736
 20
751.8577308698593
 30
0.0
 10
792.1172127497691
 20
751.5177567483855
 30
0.0
 10
792.0017018722997
 20
751.1765795518791
 30
0.0
 10
791.8879091884962
 20
750.8342146915168
 30
0.0
 10
791.7758291414117
 20
750.4906766343938
 30
0.0
 10
791.6654565606783
 20
750.1459788373659
 30
0.0
 10
791.5567866161089
 20
749.8001342623971
 30
0.0
 10
791.449814786289
 20
749.4531557926226
 30
0.0
 10
791.3445368098911
 20
749.1050566553042
 30
0.0
 10
791.240948630368
 20
748.7558509478104
 30
0.0
 10
791.1390463369352
 20
748.4055538247103
 30
0.0
 10
791.0388261230586
 20
748.0541805675883
 30
0.0
 10
790.9402842278585
 20
747.7017458434141
 30
0.0
 10
790.8434168799878
 20
747.3482629152461
 30
0.0
 10
790.7482202095487
 20
746.9937428341351
 30
0.0
 10
790.6546902152527
 20
746.6381937772582
 30
0.0
 10
790.562823165706
 20
746.2816214852401
 30
0.0
 10
790.4906573902229
 20
745.9955479663665
 30
0.0
 10
790.4372790187592
 20
745.7805348544155
 30
0.0
 10
790.4020248654462
 20
745.6369893038047
 30
0.0
 10
790.3844806457093
 20
745.5651656595118
 30
0.0
  0
ARC
  5
1B9
330
17
100
AcDbEntity
  8
cut
 62
5
420
255
100
AcDbCircle
 10
889.2507927418743
 20
837.4915075453048
 30
0.0
 40
135.00000000000003
100
AcDbArc
 50
-137.0831817450523
 51
-132.9168182549477
  0
SPLINE
  5
1BA
330
17
100
AcDbEntity
  8
cut
 62
5
420
255
100
AcDbSpline
 70
4
 71
5
 72
81
 73
75
 74
0
 42
1e-09
 40
-1.0
 40
-1.0
 40
-1.0
 40
-1.0
 40
-1.0
 40
-1.0
 40
-0.9857142857142841
 40
-0.9714285714285699
 40
-0.9571428571428556
 40
-0.9428571428571414
 40
-0.9285714285714272
 40
-0.9142857142857129
 40
-0.8999999999999987
 40
-0.8857142857142845
 40
-0.8714285714285702
 40
-0.857142857142856
 40
-0.8428571428571418
 40
-0.8285714285714275
 40
-0.8142857142857133
 40
-0.799999999999999
 40
-0.7857142857142848
 40
-0.7714285714285706
 40
-0.7571428571428563
 40
-0.7428571428571421
 40
-0.7285714285714279
 40
-0.7142857142857136
 40
-0.6999999999999994
 40
-0.6857142857142852
 40
-0.6714285714285709
 40
-0.6571428571428567
 40
-0.6428571428571425
 40
-0.6285714285714282
 40
-0.614285714285714
 40
-0.5999999999999998
 40
-0.5857142857142855
 40
-0.5714285714285713
 40
-0.557142857142857
 40
-0.5428571428571428
 40
-0.5285714285714286
 40
-0.5142857142857143
 40
-0.5000000000000001
 40
-0.4857142857142858
 40
-0.47142857142857153
 40
-0.45714285714285724
 40
-0.44285714285714295
 40
-0.42857142857142866
 40
-0.41428571428571437
 40
-0.4000000000000001
 40
-0.3857142857142858
 40
-0.3714285714285715
 40
-0.3571428571428572
 40
-0.3428571428571429
 40
-0.3285714285714286
 40
-0.31428571428571433
 40
-0.30000000000000004
 40
-0.28571428571428575
 40
-0.27142857142857146
 40
-0.2571428571428572
 40
-0.2428571428571429
 40
-0.22857142857142862
 40
-0.21428571428571433
 40
-0.20000000000000004
 40
-0.18571428571428575
 40
-0.17142857142857146
 40
-0.15714285714285717
 40
-0.14285714285714288
 40
-0.1285714285714286
 40
-0.1142857142857143
 40
-0.1
 40
-0.08571428571428572
 40
-0.07142857142857142
 40
-0.05714285714285714
 40
-0.04285714285714286
 40
-0.02857142857142857
 40
-0.014285714285714285
 40
0.0
 40
0.0
 40
0.0
 40
0.0
 40
0.0
 40
0.0
 41
1.0
 41
1.0
 41
1.0
 41
1.0
 41
1.0
 41
1.0
 41
1.0
 41
1.0
 41
1.0
 41
1.0
 41
1.0
 41
1.0
 41
1.0
 41
1.0
 41
1.0
 41
1.0
 41
1.0
 41
1.0
 41
1.0
 41
1.0
 41
1.0
 41
1.0
 41
1.0
 41
1.0
 41
1.0
 41
1.0
 41
1.0
 41
1.0
 41
1.0
 41
1.0
 41
1.0
 41
1.0
 41
1.0
 41
1.0
 41
1.0
 41
1.0
 41
1.0
 41
1.0
 41
1.0
 41
1.0
 41
1.0
 41
1.0
 41
1.0
 41
1.0
 41
1.0
 41
1.0
 41
1.0
 41
1.0
 41
1.0
 41
1.0
 41
1.0
 41
1.0
 41
1.0
 41
1.0
 41
1.0
 41
1.0
 41
1.0
 41
1.0
 41
1.0
 41
1.0
 41
1.0
 41
1.0
 41
1.0
 41
1.0
 41
1.0
 41
1.0
 41
1.0
 41
1.0
 41
1.0
 41
1.0
 41
1.0
 41
1.0
 41
1.0
 41
1.0
 41
1.0
 10
797.3244508560813
 20
738.6251954491398
 30
0.0
 10
797.3962745003743
 20
738.6427396688767
 30
0.0
 10
797.539820050985
 20
738.6779938221898
 30
0.0
 10
797.754833162936
 20
738.7313721936534
 30
0.0
 10
798.0409066818096
 20
738.8035379691365
 30
0.0
 10
798.3974789738277
 20
738.8954050186832
 30
0.0
 10
798.7530280307046
 20
738.9889350129793
 30
0.0
 10
799.1075481118156
 20
739.0841316834184
 30
0.0
 10
799.4610310399836
 20
739.1809990312889
 30
0.0
 10
799.8134657641579
 20
739.2795409264891
 30
0.0
 10
800.1648390212798
 20
739.3797611403656
 30
0.0
 10
800.5151361443798
 20
739.4816634337985
 30
0.0
 10
800.8643418518737
 20
739.5852516133216
 30
0.0
 10
801.2124409891921
 20
739.6905295897195
 30
0.0
 10
801.5594194589667
 20
739.7975014195393
 30
0.0
 10
801.9052640339354
 20
739.9061713641088
 30
0.0
 10
802.2499618309633
 20
740.0165439448422
 30
0.0
 10
802.5934998880862
 20
740.1286239919268
 30
0.0
 10
802.9358647484485
 20
740.2424166757302
 30
0.0
 10
803.277041944955
 20
740.3579275531996
 30
0.0
 10
803.6170160664287
 20
740.4751624971665
 30
0.0
 10
803.955771114342
 20
740.5941275714113
 30
0.0
 10
804.2932907975231
 20
740.7148288960269
 30
0.0
 10
804.6295588118243
 20
740.837272538007
 30
0.0
 10
804.9645592574033
 20
740.9614642942586
 30
0.0
 10
805.2982764662371
 20
741.0874098772956
 30
0.0
 10
805.6306944356603
 20
741.2151153601271
 30
0.0
 10
805.9617963500843
 20
741.3445875651812
 30
0.0
 10
806.2915641562759
 20
741.4758343934857
 30
0.0
 10
806.6199779239041
 20
741.6088653416464
 30
0.0
 10
806.9470161197021
 20
741.7436912198558
 30
0.0
 10
807.272656635638
 20
741.8803232162994
 30
0.0
 10
807.5968776976645
 20
742.0187720545542
 30
0.0
 10
807.9196586483897
 20
742.159047273654
 30
0.0
 10
808.2409812486487
 20
742.3011560145769
 30
0.0
 10
808.5608290008886
 20
742.4451036657035
 30
0.0
 10
808.879184605227
 20
742.5908962602542
 30
0.0
 10
809.1960277414506
 20
742.7385425666989
 30
0.0
 10
809.5113331412397
 20
742.8880558998861
 30
0.0
 10
809.8250675269225
 20
743.0394570050784
 30
0.0
 10
810.1371909392619
 20
743.1927727789616
 30
0.0
 10
810.4476623970862
 20
743.3480308832769
 30
0.0
 10
810.7564448620266
 20
743.5052550132968
 30
0.0
 10
811.0635095029387
 20
743.6644608314806
 30
0.0
 10
811.3688427225086
 20
743.8256492721819
 30
0.0
 10
811.6724425309093
 20
743.9888099729826
 30
0.0
 10
811.974304831478
 20
744.1539342945166
 30
0.0
 10
812.2744113679828
 20
744.3210267597053
 30
0.0
 10
812.572719360311
 20
744.4901148832803
 30
0.0
 10
812.8691445897014
 20
744.6612652334167
 30
0.0
 10
813.163570788655
 20
744.8345744588713
 30
0.0
 10
813.4558808277471
 20
745.0101395698987
 30
0.0
 10
813.745984393243
 20
745.1880315599693
 30
0.0
 10
814.0338414492246
 20
745.3682730302403
 30
0.0
 10
814.3195016668922
 20
745.5508006348416
 30
0.0
 10
814.6030754949492
 20
745.7354925056227
 30
0.0
 10
814.8846598617944
 20
745.922238798139
 30
0.0
 10
815.1642714570453
 20
746.1110050383925
 30
0.0
 10
815.4417896500973
 20
746.3018862898862
 30
0.0
 10
815.7168629714091
 20
746.4951959990175
 30
0.0
 10
815.9889918763836
 20
746.6913870468485
 30
0.0
 10
816.2576957905071
 20
746.8908925148104
 30
0.0
 10
816.5226659285299
 20
747.0939801131906
 30
0.0
 10
816.7838971407548
 20
747.3006262852316
 30
0.0
 10
817.041898424318
 20
747.5103161504121
 30
0.0
 10
817.2974267527909
 20
747.7222931103337
 30
0.0
 10
817.5510749468812
 20
747.9359462645588
 30
0.0
 10
817.8028924926789
 20
748.1511664901237
 30
0.0
 10
818.052027081898
 20
748.3686835240869
 30
0.0
 10
818.2962635097783
 20
748.5904984120401
 30
0.0
 10
818.5326078587336
 20
748.8193435944373
 30
0.0
 10
818.712944230771
 20
749.0102665239272
 30
0.0
 10
818.8422075376542
 20
749.1588582474905
 30
0.0
 10
818.9255842685488
 20
749.2604452608484
 30
0.0
 10
818.9665729230678
 20
749.3118702421364
 30
0.0
  0
LINE
  5
1BB
330
17
100
AcDbEntity
  8
cut
 62
5
420
255
100
AcDbLine
 10
818.9665729230677
 20
749.3118702421364
 30
0.0
 11
821.6367000385724
 21
752.6618518056445
 31
0.0
  0
ARC
  5
1BC
330
17
100
AcDbEntity
  8
cut
 62
5
420
255
100
AcDbCircle
 10
826.3286405387233
 20
748.9221065812952
 30
0.0
 40
6.0000000000000036
100
AcDbArc
 50
54.60896059495668
 51
141.4431484296455
  0
ARC
  5
1BD
330
17
100
AcDbEntity
  8
cut
 62
5
420
255
100
AcDbCircle
 10
889.2507927418743
 20
837.4915075453048
 30
0.0
 40
102.64499999999998
100
AcDbArc
 50
-125.3910394050433
 51
-122.10896059495677
  0
ARC
  5
1BE
330
17
100
AcDbEntity
  8
cut
 62
5
420
255
100
AcDbCircle
 10
831.5026011613409
 20
745.4649766198265
 30
0.0
 40
6.0000000000000036
100
AcDbArc
 50
-28.943148429645724
 51
57.891039405043486
  0
LINE
  5
1BF
330
17
100
AcDbEntity
  8
cut
 62
5
420
255
100
AcDbLine
 10
836.7532031259744
 20
742.5613273626012
 30
0.0
 11
834.6800371345716
 21
738.8124691283001
 31
0.0
  0
SPLINE
  5
1C0
330
17
100
AcDbEntity
  8
cut
 62
5
420
255
100
AcDbSpline
 70
4
 71
5
 72
81
 73
75
 74
0
 42
1e-09
 40
0.0
 40
0.0
 40
0.0
 40
0.0
 40
0.0
 40
0.0
 40
0.014285714285714285
 40
0.02857142857142857
 40
0.04285714285714286
 40
0.05714285714285714
 40
0.07142857142857142
 40
0.08571428571428572
 40
0.1
 40
0.1142857142857143
 40
0.1285714285714286
 40
0.14285714285714288
 40
0.15714285714285717
 40
0.17142857142857146
 40
0.18571428571428575
 40
0.20000000000000004
 40
0.21428571428571433
 40
0.22857142857142862
 40
0.2428571428571429
 40
0.2571428571428572
 40
0.27142857142857146
 40
0.28571428571428575
 40
0.30000000000000004
 40
0.31428571428571433
 40
0.3285714285714286
 40
0.3428571428571429
 40
0.3571428571428572
 40
0.3714285714285715
 40
0.3857142857142858
 40
0.4000000000000001
 40
0.41428571428571437
 40
0.42857142857142866
 40
0.44285714285714295
 40
0.45714285714285724
 40
0.47142857142857153
 40
0.4857142857142858
 40
0.5000000000000001
 40
0.5142857142857143
 40
0.5285714285714286
 40
0.5428571428571428
 40
0.557142857142857
 40
0.5714285714285713
 40
0.5857142857142855
 40
0.5999999999999998
 40
0.614285714285714
 40
0.6285714285714282
 40
0.6428571428571425
 40
0.6571428571428567
 40
0.6714285714285709
 40
0.6857142857142852
 40
0.6999999999999994
 40
0.7142857142857136
 40
0.7285714285714279
 40
0.7428571428571421
 40
0.7571428571428563
 40
0.7714285714285706
 40
0.7857142857142848
 40
0.799999999999999
 40
0.8142857142857133
 40
0.8285714285714275
 40
0.8428571428571418
 40
0.857142857142856
 40
0.8714285714285702
 40
0.8857142857142845
 40
0.8999999999999987
 40
0.9142857142857129
 40
0.9285714285714272
 40
0.9428571428571414
 40
0.9571428571428556
 40
0.9714285714285699
 40
0.9857142857142841
 40
1.0
 40
1.0
 40
1.0
 40
1.0
 40
1.0
 40
1.0
 41
1.0
 41
1.0
 41
1.0
 41
1.0
 41
1.0
 41
1.0
 41
1.0
 41
1.0
 41
1.0
 41
1.0
 41
1.0
 41
1.0
 41
1.0
 41
1.0
 41
1.0
 41
1.0
 41
1.0
 41
1.0
 41
1.0
 41
1.0
 41
1.0
 41
1.0
 41
1.0
 41
1.0
 41
1.0
 41
1.0
 41
1.0
 41
1.0
 41
1.0
 41
1.0
 41
1.0
 41
1.0
 41
1.0
 41
1.0
 41
1.0
 41
1.0
 41
1.0
 41
1.0
 41
1.0
 41
1.0
 41
1.0
 41
1.0
 41
1.0
 41
1.0
 41
1.0
 41
1.0
 41
1.0
 41
1.0
 41
1.0
 41
1.0
 41
1.0
 41
1.0
 41
1.0
 41
1.0
 41
1.0
 41
1.0
 41
1.0
 41
1.0
 41
1.0
 41
1.0
 41
1.0
 41
1.0
 41
1.0
 41
1.0
 41
1.0
 41
1.0
 41
1.0
 41
1.0
 41
1.0
 41
1.0
 41
1.0
 41
1.0
 41
1.0
 41
1.0
 41
1.0
 10
834.6800371345716
 20
738.8124691283001
 30
0.0
 10
834.6482123258992
 20
738.7549210609764
 30
0.0
 10
834.586265057047
 20
738.6390153388595
 30
0.0
 10
834.4984511309032
 20
738.4627280245312
 30
0.0
 10
834.3910730858919
 20
738.223055899464
 30
0.0
 10
834.2700927724396
 20
737.9171269329597
 30
0.0
 10
834.1586277719832
 20
737.6065970134757
 30
0.0
 10
834.0530079160553
 20
737.2931865005007
 30
0.0
 10
833.950536757429
 20
736.9781762093774
 30
0.0
 10
833.8502139427117
 20
736.6620743120044
 30
0.0
 10
833.7521592258826
 20
736.3448768487464
 30
0.0
 10
833.6571638680159
 20
736.0262699061612
 30
0.0
 10
833.5662165561305
 20
735.7058436695318
 30
0.0
 10
833.479987762573
 20
735.3833249230669
 30
0.0
 10
833.3984972802456
 20
735.0587274392474
 30
0.0
 10
833.3213796100939
 20
734.7322340501534
 30
0.0
 10
833.2480507291435
 20
734.4041230156537
 30
0.0
 10
833.1779010624093
 20
734.0746825446977
 30
0.0
 10
833.1105065216096
 20
733.7441174020576
 30
0.0
 10
833.0457331161862
 20
733.4125026566526
 30
0.0
 10
832.9836190828
 20
733.0798360819144
 30
0.0
 10
832.9243029973778
 20
732.7460701633285
 30
0.0
 10
832.8679397182982
 20
732.4111494965202
 30
0.0
 10
832.8146067778597
 20
732.0750524326995
 30
0.0
 10
832.7642679742329
 20
731.7378073111433
 30
0.0
 10
832.7168231564336
 20
731.3994704028374
 30
0.0
 10
832.6721378751834
 20
731.060112797043
 30
0.0
 10
832.6300783450278
 20
730.7198049250446
 30
0.0
 10
832.5905508358678
 20
730.3785991202942
 30
0.0
 10
832.5535135561661
 20
730.0365243770304
 30
0.0
 10
832.5189553409302
 20
729.693595830965
 30
0.0
 10
832.486882604169
 20
729.3498205730637
 30
0.0
 10
832.4573041580345
 20
729.0052044072119
 30
0.0
 10
832.4302139358298
 20
728.6597595381285
 30
0.0
 10
832.4055864341279
 20
728.3135066085538
 30
0.0
 10
832.3833855873817
 20
727.9664707696904
 30
0.0
 10
832.363570156659
 20
727.6186792975143
 30
0.0
 10
832.3461000009244
 20
727.2701588166304
 30
0.0
 10
832.3309432192406
 20
726.9209321327305
 30
0.0
 10
832.3180778405243
 20
726.5710174953258
 30
0.0
 10
832.3074879875568
 20
726.2204303222977
 30
0.0
 10
832.2991614659907
 20
725.8691842878396
 30
0.0
 10
832.2930869842716
 20
725.5172925716593
 30
0.0
 10
832.2892509651693
 20
725.1647692918135
 30
0.0
 10
832.2876366905244
 20
724.811629882814
 30
0.0
 10
832.2882259204763
 20
724.457890357522
 30
0.0
 10
832.290999858112
 20
724.1035668595624
 30
0.0
 10
832.2959402756912
 20
723.7486751461984
 30
0.0
 10
832.3030307724872
 20
723.3932299964607
 30
0.0
 10
832.3122571402284
 20
723.0372450657699
 30
0.0
 10
832.3236066407661
 20
722.6807332788736
 30
0.0
 10
832.3370675394167
 20
722.3237070962673
 30
0.0
 10
832.3526285626124
 20
721.9661788072319
 30
0.0
 10
832.3702782701035
 20
721.6081608829264
 30
0.0
 10
832.3900048173916
 20
721.2496660646809
 30
0.0
 10
832.4117963158864
 20
720.8907070615173
 30
0.0
 10
832.4356410410137
 20
720.53129633364
 30
0.0
 10
832.4615276693829
 20
720.1714458716842
 30
0.0
 10
832.4894455307264
 20
719.8111669149516
 30
0.0
 10
832.5193846985317
 20
719.4504699173418
 30
0.0
 10
832.5513357499588
 20
719.0893650057153
 30
0.0
 10
832.585289577603
 20
718.7278623522668
 30
0.0
 10
832.6212371826571
 20
718.365972546653
 30
0.0
 10
832.6591694225309
 20
718.0037070607709
 30
0.0
 10
832.6990768847278
 20
717.6410783990245
 30
0.0
 10
832.74095020446
 20
717.278099223059
 30
0.0
 10
832.7847802943214
 20
716.9147816441613
 30
0.0
 10
832.8305585944889
 20
716.5511364725675
 30
0.0
 10
832.8782773005889
 20
716.1871724371714
 30
0.0
 10
832.9279295866427
 20
715.8228955614728
 30
0.0
 10
832.9795098084501
 20
715.4583097211748
 30
0.0
 10
833.0223129216447
 20
715.1663956056329
 30
0.0
 10
833.0552796924557
 20
714.947322373874
 30
0.0
 10
833.0776416057821
 20
714.8012123972868
 30
0.0
 10
833.0889185789763
 20
714.728142120147
 30
0.0
  0
ARC
  5
1C1
330
17
100
AcDbEntity
  8
cut
 62
5
420
255
100
AcDbCircle
 10
889.2507927418743
 20
837.4915075453048
 30
0.0
 40
135.0
100
AcDbArc
 50
-114.58318174505236
 51
-110.41681825494771
  0
SPLINE
  5
1C2
330
17
100
AcDbEntity
  8
cut
 62
5
420
255
100
AcDbSpline
 70
4
 71
5
 72
81
 73
75
 74
0
 42
1e-09
 40
-1.0
 40
-1.0
 40
-1.0
 40
-1.0
 40
-1.0
 40
-1.0
 40
-0.9857142857142841
 40
-0.9714285714285699
 40
-0.9571428571428556
 40
-0.9428571428571414
 40
-0.9285714285714272
 40
-0.9142857142857129
 40
-0.8999999999999987
 40
-0.8857142857142845
 40
-0.8714285714285702
 40
-0.857142857142856
 40
-0.8428571428571418
 40
-0.8285714285714275
 40
-0.8142857142857133
 40
-0.799999999999999
 40
-0.7857142857142848
 40
-0.7714285714285706
 40
-0.7571428571428563
 40
-0.7428571428571421
 40
-0.7285714285714279
 40
-0.7142857142857136
 40
-0.6999999999999994
 40
-0.6857142857142852
 40
-0.6714285714285709
 40
-0.6571428571428567
 40
-0.6428571428571425
 40
-0.6285714285714282
 40
-0.614285714285714
 40
-0.5999999999999998
 40
-0.5857142857142855
 40
-0.5714285714285713
 40
-0.557142857142857
 40
-0.5428571428571428
 40
-0.5285714285714286
 40
-0.5142857142857143
 40
-0.5000000000000001
 40
-0.4857142857142858
 40
-0.47142857142857153
 40
-0.45714285714285724
 40
-0.44285714285714295
 40
-0.42857142857142866
 40
-0.41428571428571437
 40
-0.4000000000000001
 40
-0.3857142857142858
 40
-0.3714285714285715
 40
-0.3571428571428572
 40
-0.3428571428571429
 40
-0.3285714285714286
 40
-0.31428571428571433
 40
-0.30000000000000004
 40
-0.28571428571428575
 40
-0.27142857142857146
 40
-0.2571428571428572
 40
-0.2428571428571429
 40
-0.22857142857142862
 40
-0.21428571428571433
 40
-0.20000000000000004
 40
-0.18571428571428575
 40
-0.17142857142857146
 40
-0.15714285714285717
 40
-0.14285714285714288
 40
-0.1285714285714286
 40
-0.1142857142857143
 40
-0.1
 40
-0.08571428571428572
 40
-0.07142857142857142
 40
-0.05714285714285714
 40
-0.04285714285714286
 40
-0.02857142857142857
 40
-0.014285714285714285
 40
0.0
 40
0.0
 40
0.0
 40
0.0
 40
0.0
 40
0.0
 41
1.0
 41
1.0
 41
1.0
 41
1.0
 41
1.0
 41
1.0
 41
1.0
 41
1.0
 41
1.0
 41
1.0
 41
1.0
 41
1.0
 41
1.0
 41
1.0
 41
1.0
 41
1.0
 41
1.0
 41
1.0
 41
1.0
 41
1.0
 41
1.0
 41
1.0
 41
1.0
 41
1.0
 41
1.0
 41
1.0
 41
1.0
 41
1.0
 41
1.0
 41
1.0
 41
1.0
 41
1.0
 41
1.0
 41
1.0
 41
1.0
 41
1.0
 41
1.0
 41
1.0
 41
1.0
 41
1.0
 41
1.0
 41
1.0
 41
1.0
 41
1.0
 41
1.0
 41
1.0
 41
1.0
 41
1.0
 41
1.0
 41
1.0
 41
1.0
 41
1.0
 41
1.0
 41
1.0
 41
1.0
 41
1.0
 41
1.0
 41
1.0
 41
1.0
 41
1.0
 41
1.0
 41
1.0
 41
1.0
 41
1.0
 41
1.0
 41
1.0
 41
1.0
 41
1.0
 41
1.0
 41
1.0
 41
1.0
 41
1.0
 41
1.0
 41
1.0
 41
1.0
 10
842.1564266331937
 20
710.972257307163
 30
0.0
 10
842.2160691458793
 20
711.0159517714147
 30
0.0
 10
842.3351967616766
 20
711.1034548661052
 30
0.0
 10
842.513415956624
 20
711.2350520066641
 30
0.0
 10
842.7500967788435
 20
711.4112000856921
 30
0.0
 10
843.044370623458
 20
711.6325284810762
 30
0.0
 10
843.3370627406639
 20
711.8550016619421
 30
0.0
 10
843.6281663988732
 20
712.0786208788059
 30
0.0
 10
843.9176725121325
 20
712.303386699106
 30
0.0
 10
844.2055693896565
 20
712.5292984691079
 30
0.0
 10
844.4918433347447
 20
712.7563545975291
 30
0.0
 10
844.7764793576575
 20
712.9845529461633
 30
0.0
 10
845.059461883355
 20
713.2138911837799
 30
0.0
 10
845.3407754142479
 20
713.4443671240705
 30
0.0
 10
845.6204053736927
 20
713.6759791199664
 30
0.0
 10
845.8983379105538
 20
713.9087260465672
 30
0.0
 10
846.1745593920955
 20
714.1426071509525
 30
0.0
 10
846.4490559945921
 20
714.3776219353048
 30
0.0
 10
846.7218133069159
 20
714.6137700267047
 30
0.0
 10
846.9928158366624
 20
714.851051022785
 30
0.0
 10
847.2620470983252
 20
715.089464451732
 30
0.0
 10
847.5294899906836
 20
715.3290097933769
 30
0.0
 10
847.7951271205993
 20
715.5696864675868
 30
0.0
 10
848.0589411032661
 20
715.8114938402058
 30
0.0
 10
848.3209150307649
 20
716.0544311822712
 30
0.0
 10
848.5810322416454
 20
716.2984977755652
 30
0.0
 10
848.8392756273327
 20
716.5436931068614
 30
0.0
 10
849.0956270414184
 20
716.7900170442144
 30
0.0
 10
849.3500667812973
 20
717.0374699785488
 30
0.0
 10
849.6025727995511
 20
717.286053056577
 30
0.0
 10
849.8531210651535
 20
717.53576802519
 30
0.0
 10
850.101686871413
 20
717.7866167605458
 30
0.0
 10
850.3482459979981
 20
718.0386008373708
 30
0.0
 10
850.5927757095368
 20
718.2917211633412
 30
0.0
 10
850.835256422504
 20
718.5459773560345
 30
0.0
 10
851.075670833104
 20
718.8013680803247
 30
0.0
 10
851.3140006495165
 20
719.0578922898029
 30
0.0
 10
851.5502237427639
 20
719.3155503092694
 30
0.0
 10
851.784311672591
 20
719.574344770273
 30
0.0
 10
852.0162257555694
 20
719.8342821041238
 30
0.0
 10
852.245918781262
 20
720.0953718683812
 30
0.0
 10
852.473342302313
 20
720.3576239363463
 30
0.0
 10
852.6984530319431
 20
720.621046025626
 30
0.0
 10
852.9212183398847
 20
720.8856415732449
 30
0.0
 10
853.141625306296
 20
721.1514062389663
 30
0.0
 10
853.3596760583422
 20
721.4183296876904
 30
0.0
 10
853.5753701173428
 20
721.6864023699588
 30
0.0
 10
853.7886888858917
 20
721.9556214780484
 30
0.0
 10
853.9995823108864
 20
722.2259960610161
 30
0.0
 10
854.2079471097995
 20
722.4975553907119
 30
0.0
 10
854.4136388795903
 20
722.7703442652987
 30
0.0
 10
854.6165122825636
 20
723.0444074870745
 30
0.0
 10
854.8164567116833
 20
723.3197760838838
 30
0.0
 10
855.0134265294957
 20
723.5964556153904
 30
0.0
 10
855.2074918676215
 20
723.8744065659871
 30
0.0
 10
855.3988014042786
 20
724.1535586110728
 30
0.0
 10
855.5874867252805
 20
724.4338473605056
 30
0.0
 10
855.7735764424508
 20
724.7152473513047
 30
0.0
 10
855.9569227284154
 20
724.9978002473606
 30
0.0
 10
856.1370809169154
 20
725.2816611338144
 30
0.0
 10
856.3134161788428
 20
725.5670572507688
 30
0.0
 10
856.4853187881519
 20
725.8542048053896
 30
0.0
 10
856.6524010161788
 20
726.1432329627328
 30
0.0
 10
856.8146671200047
 20
726.4341179884884
 30
0.0
 10
856.972784387911
 20
726.7265789798522
 30
0.0
 10
857.1277417099589
 20
727.0202066122943
 30
0.0
 10
857.2803205625429
 20
727.314663350067
 30
0.0
 10
857.430608424399
 20
727.6098673142046
 30
0.0
 10
857.5775386070643
 20
727.906166529579
 30
0.0
 10
857.718298761205
 20
728.2045619990951
 30
0.0
 10
857.8490772079494
 20
728.5064324459039
 30
0.0
 10
857.9426232490678
 20
728.7518339745783
 30
0.0
 10
858.0051833818076
 20
728.9385817526359
 30
0.0
 10
858.0433377700133
 20
729.0643428086044
 30
0.0
 10
858.0615268606399
 20
729.1275389752755
 30
0.0
  0
LINE
  5
1C3
330
17
100
AcDbEntity
  8
cut
 62
5
420
255
100
AcDbLine
 10
858.0615268606399
 20
729.1275389752755
 30
0.0
 11
859.246420208775
 21
733.244331785503
 31
0.0
  0
ARC
  5
1C4
330
17
100
AcDbEntity
  8
cut
 62
5
420
255
100
AcDbCircle
 10
865.0123465432501
 20
731.5847856109705
 30
0.0
 40
5.999999999999998
100
AcDbArc
 50
77.10896059495663
 51
163.9431484296454
  0
ARC
  5
1C5
330
17
100
AcDbEntity
  8
cut
 62
5
420
255
100
AcDbCircle
 10
889.2507927418743
 20
837.4915075453048
 30
0.0
 40
102.64500000000001
100
AcDbArc
 50
-102.89103940504329
 51
-99.60896059495678
  0
ARC
  5
1C6
330
17
100
AcDbEntity
  8
cut
 62
5
420
255
100
AcDbCircle
 10
871.1154492242929
 20
730.3708030083232
 30
0.0
 40
6.0
100
AcDbArc
 50
-6.443148429645646
 51
80.39103940504361
  0
LINE
  5
1C7
330
17
100
AcDbEntity
  8
cut
 62
5
420
255
100
AcDbLine
 10
877.0775513769208
 20
729.69749927179
 30
0.0
 11
876.5968216865177
 21
725.4406396013801
 31
0.0
  0
SPLINE
  5
1C8
330
17
100
AcDbEntity
  8
cut
 62
5
420
255
100
AcDbSpline
 70
4
 71
5
 72
81
 73
75
 74
0
 42
1e-09
 40
0.0
 40
0.0
 40
0.0
 40
0.0
 40
0.0
 40
0.0
 40
0.014285714285714285
 40
0.02857142857142857
 40
0.04285714285714286
 40
0.05714285714285714
 40
0.07142857142857142
 40
0.08571428571428572
 40
0.1
 40
0.1142857142857143
 40
0.1285714285714286
 40
0.14285714285714288
 40
0.15714285714285717
 40
0.17142857142857146
 40
0.18571428571428575
 40
0.20000000000000004
 40
0.21428571428571433
 40
0.22857142857142862
 40
0.2428571428571429
 40
0.2571428571428572
 40
0.27142857142857146
 40
0.28571428571428575
 40
0.30000000000000004
 40
0.31428571428571433
 40
0.3285714285714286
 40
0.3428571428571429
 40
0.3571428571428572
 40
0.3714285714285715
 40
0.3857142857142858
 40
0.4000000000000001
 40
0.41428571428571437
 40
0.42857142857142866
 40
0.44285714285714295
 40
0.45714285714285724
 40
0.47142857142857153
 40
0.4857142857142858
 40
0.5000000000000001
 40
0.5142857142857143
 40
0.5285714285714286
 40
0.5428571428571428
 40
0.557142857142857
 40
0.5714285714285713
 40
0.5857142857142855
 40
0.5999999999999998
 40
0.614285714285714
 40
0.6285714285714282
 40
0.6428571428571425
 40
0.6571428571428567
 40
0.6714285714285709
 40
0.6857142857142852
 40
0.6999999999999994
 40
0.7142857142857136
 40
0.7285714285714279
 40
0.7428571428571421
 40
0.7571428571428563
 40
0.7714285714285706
 40
0.7857142857142848
 40
0.799999999999999
 40
0.8142857142857133
 40
0.8285714285714275
 40
0.8428571428571418
 40
0.857142857142856
 40
0.8714285714285702
 40
0.8857142857142845
 40
0.8999999999999987
 40
0.9142857142857129
 40
0.9285714285714272
 40
0.9428571428571414
 40
0.9571428571428556
 40
0.9714285714285699
 40
0.9857142857142841
 40
1.0
 40
1.0
 40
1.0
 40
1.0
 40
1.0
 40
1.0
 41
1.0
 41
1.0
 41
1.0
 41
1.0
 41
1.0
 41
1.0
 41
1.0
 41
1.0
 41
1.0
 41
1.0
 41
1.0
 41
1.0
 41
1.0
 41
1.0
 41
1.0
 41
1.0
 41
1.0
 41
1.0
 41
1.0
 41
1.0
 41
1.0
 41
1.0
 41
1.0
 41
1.0
 41
1.0
 41
1.0
 41
1.0
 41
1.0
 41
1.0
 41
1.0
 41
1.0
 41
1.0
 41
1.0
 41
1.0
 41
1.0
 41
1.0
 41
1.0
 41
1.0
 41
1.0
 41
1.0
 41
1.0
 41
1.0
 41
1.0
 41
1.0
 41
1.0
 41
1.0
 41
1.0
 41
1.0
 41
1.0
 41
1.0
 41
1.0
 41
1.0
 41
1.0
 41
1.0
 41
1.0
 41
1.0
 41
1.0
 41
1.0
 41
1.0
 41
1.0
 41
1.0
 41
1.0
 41
1.0
 41
1.0
 41
1.0
 41
1.0
 41
1.0
 41
1.0
 41
1.0
 41
1.0
 41
1.0
 41
1.0
 41
1.0
 41
1.0
 41
1.0
 10
876.5968216865177
 20
725.4406396013801
 30
0.0
 10
876.5894420890886
 20
725.3752932928269
 30
0.0
 10
876.5765654748716
 20
725.2445041749922
 30
0.0
 10
876.5628982203674
 20
725.0480309987769
 30
0.0
 10
876.5554123938033
 20
724.7855110290883
 30
0.0
 10
876.5607151053298
 20
724.4565723569319
 30
0.0
 10
876.5765695282569
 20
724.1270243111252
 30
0.0
 10
876.598926515983
 20
723.7970517839213
 30
0.0
 10
876.6248047292927
 20
723.4668062087204
 30
0.0
 10
876.6530854931952
 20
723.136374256469
 30
0.0
 10
876.6838809612278
 20
722.8057980968047
 30
0.0
 10
876.7180422927751
 20
722.4750905140271
 30
0.0
 10
876.7566397448404
 20
722.1442512428489
 30
0.0
 10
876.8003973082588
 20
721.8132844434515
 30
0.0
 10
876.8493279987871
 20
721.4822104143637
 30
0.0
 10
876.903024172522
 20
721.1510581999701
 30
0.0
 10
876.9608397771492
 20
720.8198613829511
 30
0.0
 10
877.0221013460264
 20
720.4886529594088
 30
0.0
 10
877.0863387125844
 20
720.1574598157661
 30
0.0
 10
877.1533993580571
 20
719.826300030694
 30
0.0
 10
877.2233194605838
 20
719.4951861796485
 30
0.0
 10
877.2962452306444
 20
719.1641273956533
 30
0.0
 10
877.3723409410618
 20
718.8331317534767
 30
0.0
 10
877.4516865069726
 20
718.5022089225704
 30
0.0
 10
877.5342376372763
 20
718.1713712311722
 30
0.0
 10
877.6198802705542
 20
717.8406323407719
 30
0.0
 10
877.7084629871871
 20
717.5100064777713
 30
0.0
 10
877.7998352326465
 20
717.1795075147161
 30
0.0
 10
877.8938903844673
 20
716.8491479324549
 30
0.0
 10
877.9905787366885
 20
716.5189385252427
 30
0.0
 10
878.0898841820162
 20
716.1888890039961
 30
0.0
 10
878.1918099326268
 20
715.8590083744481
 30
0.0
 10
878.2963619088364
 20
715.5293053709544
 30
0.0
 10
878.4035298352039
 20
715.1997889475804
 30
0.0
 10
878.5132822500009
 20
714.8704684159925
 30
0.0
 10
878.6255762080575
 20
714.5413532111844
 30
0.0
 10
878.7403631715046
 20
714.2124527514161
 30
0.0
 10
878.8575958660657
 20
713.883776273306
 30
0.0
 10
878.9772360917576
 20
713.5553326386058
 30
0.0
 10
879.0992565661604
 20
713.2271302996957
 30
0.0
 10
879.2236367204691
 20
712.8991774248922
 30
0.0
 10
879.3503600556883
 20
712.571481980928
 30
0.0
 10
879.479411096126
 20
712.2440518231745
 30
0.0
 10
879.6107718953111
 20
711.9168947992346
 30
0.0
 10
879.744421101146
 20
711.590018770975
 30
0.0
 10
879.8803357343405
 20
711.2634315522579
 30
0.0
 10
880.0184922509134
 20
710.9371408645808
 30
0.0
 10
880.1588677805851
 20
710.6111542903025
 30
0.0
 10
880.3014415153692
 20
710.2854792071805
 30
0.0
 10
880.4461951028319
 20
709.9601227939082
 30
0.0
 10
880.5931118283709
 20
709.6350921167171
 30
0.0
 10
880.7421760821275
 20
709.3103941969348
 30
0.0
 10
880.8933727457785
 20
708.9860360741691
 30
0.0
 10
881.0466864774058
 20
708.6620248922738
 30
0.0
 10
881.2021014582236
 20
708.3383678900103
 30
0.0
 10
881.3596018410747
 20
708.0150722594174
 30
0.0
 10
881.5191720255513
 20
707.6921450254218
 30
0.0
 10
881.6807969615866
 20
707.369592932653
 30
0.0
 10
881.8444624900446
 20
707.0474222815365
 30
0.0
 10
882.0101554394895
 20
706.7256389315042
 30
0.0
 10
882.1778632289703
 20
706.4042486325911
 30
0.0
 10
882.347573551612
 20
706.0832572974264
 30
0.0
 10
882.5192740411145
 20
705.7626712658827
 30
0.0
 10
882.692951860721
 20
705.4424976378932
 30
0.0
 10
882.8685935291902
 20
705.1227443640142
 30
0.0
 10
883.0461855491847
 20
704.8034195583316
 30
0.0
 10
883.225714890247
 20
704.4845309326154
 30
0.0
 10
883.4071695072333
 20
704.1660851985191
 30
0.0
 10
883.5905388494398
 20
703.848087433885
 30
0.0
 10
883.7758143053909
 20
703.5305405915117
 30
0.0
 10
883.9629891773582
 20
703.2134460921404
 30
0.0
 10
884.1142447932577
 20
702.9601326578133
 30
0.0
 10
884.2285378143317
 20
702.7703512198781
 30
0.0
 10
884.3051113957051
 20
702.6439207367595
 30
0.0
 10
884.3434927448876
 20
702.5807281140837
 30
0.0
  0
ARC
  5
1C9
330
17
100
AcDbEntity
  8
cut
 62
5
420
255
100
AcDbCircle
 10
889.2507927418743
 20
837.4915075453048
 30
0.0
 40
135.0
100
AcDbArc
 50
-92.08318174505233
 51
-87.91681825494764
  0
SPLINE
  5
1CA
330
17
100
AcDbEntity
  8
cut
 62
5
420
255
100
AcDbSpline
 70
4
 71
5
 72
81
 73
75
 74
0
 42
1e-09
 40
-1.0
 40
-1.0
 40
-1.0
 40
-1.0
 40
-1.0
 40
-1.0
 40
-0.9857142857142841
 40
-0.9714285714285699
 40
-0.9571428571428556
 40
-0.9428571428571414
 40
-0.9285714285714272
 40
-0.9142857142857129
 40
-0.8999999999999987
 40
-0.8857142857142845
 40
-0.8714285714285702
 40
-0.857142857142856
 40
-0.8428571428571418
 40
-0.8285714285714275
 40
-0.8142857142857133
 40
-0.799999999999999
 40
-0.7857142857142848
 40
-0.7714285714285706
 40
-0.7571428571428563
 40
-0.7428571428571421
 40
-0.7285714285714279
 40
-0.7142857142857136
 40
-0.6999999999999994
 40
-0.6857142857142852
 40
-0.6714285714285709
 40
-0.6571428571428567
 40
-0.6428571428571425
 40
-0.6285714285714282
 40
-0.614285714285714
 40
-0.5999999999999998
 40
-0.5857142857142855
 40
-0.5714285714285713
 40
-0.557142857142857
 40
-0.5428571428571428
 40
-0.5285714285714286
 40
-0.5142857142857143
 40
-0.5000000000000001
 40
-0.4857142857142858
 40
-0.47142857142857153
 40
-0.45714285714285724
 40
-0.44285714285714295
 40
-0.42857142857142866
 40
-0.41428571428571437
 40
-0.4000000000000001
 40
-0.3857142857142858
 40
-0.3714285714285715
 40
-0.3571428571428572
 40
-0.3428571428571429
 40
-0.3285714285714286
 40
-0.31428571428571433
 40
-0.30000000000000004
 40
-0.28571428571428575
 40
-0.27142857142857146
 40
-0.2571428571428572
 40
-0.2428571428571429
 40
-0.22857142857142862
 40
-0.21428571428571433
 40
-0.20000000000000004
 40
-0.18571428571428575
 40
-0.17142857142857146
 40
-0.15714285714285717
 40
-0.14285714285714288
 40
-0.1285714285714286
 40
-0.1142857142857143
 40
-0.1
 40
-0.08571428571428572
 40
-0.07142857142857142
 40
-0.05714285714285714
 40
-0.04285714285714286
 40
-0.02857142857142857
 40
-0.014285714285714285
 40
0.0
 40
0.0
 40
0.0
 40
0.0
 40
0.0
 40
0.0
 41
1.0
 41
1.0
 41
1.0
 41
1.0
 41
1.0
 41
1.0
 41
1.0
 41
1.0
 41
1.0
 41
1.0
 41
1.0
 41
1.0
 41
1.0
 41
1.0
 41
1.0
 41
1.0
 41
1.0
 41
1.0
 41
1.0
 41
1.0
 41
1.0
 41
1.0
 41
1.0
 41
1.0
 41
1.0
 41
1.0
 41
1.0
 41
1.0
 41
1.0
 41
1.0
 41
1.0
 41
1.0
 41
1.0
 41
1.0
 41
1.0
 41
1.0
 41
1.0
 41
1.0
 41
1.0
 41
1.0
 41
1.0
 41
1.0
 41
1.0
 41
1.0
 41
1.0
 41
1.0
 41
1.0
 41
1.0
 41
1.0
 41
1.0
 41
1.0
 41
1.0
 41
1.0
 41
1.0
 41
1.0
 41
1.0
 41
1.0
 41
1.0
 41
1.0
 41
1.0
 41
1.0
 41
1.0
 41
1.0
 41
1.0
 41
1.0
 41
1.0
 41
1.0
 41
1.0
 41
1.0
 41
1.0
 41
1.0
 41
1.0
 41
1.0
 41
1.0
 41
1.0
 10
894.158092738861
 20
702.5807281140837
 30
0.0
 10
894.1964740880435
 20
702.6439207367595
 30
0.0
 10
894.2730476694168
 20
702.7703512198781
 30
0.0
 10
894.3873406904908
 20
702.9601326578133
 30
0.0
 10
894.5385963063904
 20
703.2134460921404
 30
0.0
 10
894.7257711783577
 20
703.5305405915117
 30
0.0
 10
894.9110466343087
 20
703.848087433885
 30
0.0
 10
895.0944159765153
 20
704.1660851985191
 30
0.0
 10
895.2758705935016
 20
704.4845309326154
 30
0.0
 10
895.4553999345638
 20
704.8034195583315
 30
0.0
 10
895.6329919545583
 20
705.1227443640141
 30
0.0
 10
895.8086336230276
 20
705.4424976378932
 30
0.0
 10
895.9823114426341
 20
705.7626712658827
 30
0.0
 10
896.1540119321365
 20
706.0832572974264
 30
0.0
 10
896.3237222547783
 20
706.4042486325911
 30
0.0
 10
896.4914300442591
 20
706.7256389315042
 30
0.0
 10
896.6571229937039
 20
707.0474222815365
 30
0.0
 10
896.8207885221619
 20
707.369592932653
 30
0.0
 10
896.9824134581974
 20
707.6921450254218
 30
0.0
 10
897.1419836426738
 20
708.0150722594174
 30
0.0
 10
897.2994840255249
 20
708.3383678900104
 30
0.0
 10
897.4548990063427
 20
708.6620248922738
 30
0.0
 10
897.6082127379701
 20
708.9860360741691
 30
0.0
 10
897.7594094016212
 20
709.3103941969348
 30
0.0
 10
897.9084736553776
 20
709.6350921167171
 30
0.0
 10
898.0553903809167
 20
709.9601227939082
 30
0.0
 10
898.2001439683793
 20
710.2854792071805
 30
0.0
 10
898.3427177031635
 20
710.6111542903025
 30
0.0
 10
898.4830932328352
 20
710.9371408645809
 30
0.0
 10
898.6212497494081
 20
711.2634315522579
 30
0.0
 10
898.7571643826025
 20
711.590018770975
 30
0.0
 10
898.8908135884375
 20
711.9168947992346
 30
0.0
 10
899.0221743876225
 20
712.2440518231745
 30
0.0
 10
899.1512254280603
 20
712.571481980928
 30
0.0
 10
899.2779487632795
 20
712.8991774248922
 30
0.0
 10
899.4023289175881
 20
713.2271302996957
 30
0.0
 10
899.524349391991
 20
713.5553326386058
 30
0.0
 10
899.6439896176828
 20
713.883776273306
 30
0.0
 10
899.7612223122441
 20
714.2124527514161
 30
0.0
 10
899.8760092756911
 20
714.5413532111844
 30
0.0
 10
899.9883032337476
 20
714.8704684159924
 30
0.0
 10
900.0980556485447
 20
715.1997889475804
 30
0.0
 10
900.2052235749122
 20
715.5293053709544
 30
0.0
 10
900.3097755511217
 20
715.8590083744481
 30
0.0
 10
900.4117013017324
 20
716.1888890039961
 30
0.0
 10
900.51100674706
 20
716.5189385252427
 30
0.0
 10
900.6076950992813
 20
716.8491479324549
 30
0.0
 10
900.7017502511021
 20
717.179507514716
 30
0.0
 10
900.7931224965615
 20
717.5100064777713
 30
0.0
 10
900.8817052131944
 20
717.8406323407719
 30
0.0
 10
900.9673478464722
 20
718.1713712311722
 30
0.0
 10
901.0498989767759
 20
718.5022089225704
 30
0.0
 10
901.1292445426868
 20
718.8331317534767
 30
0.0
 10
901.2053402531042
 20
719.1641273956532
 30
0.0
 10
901.2782660231649
 20
719.4951861796485
 30
0.0
 10
901.3481861256915
 20
719.826300030694
 30
0.0
 10
901.4152467711642
 20
720.1574598157661
 30
0.0
 10
901.4794841377222
 20
720.4886529594088
 30
0.0
 10
901.5407457065994
 20
720.8198613829511
 30
0.0
 10
901.5985613112265
 20
721.1510581999701
 30
0.0
 10
901.6522574849614
 20
721.4822104143637
 30
0.0
 10
901.7011881754898
 20
721.8132844434515
 30
0.0
 10
901.7449457389082
 20
722.1442512428489
 30
0.0
 10
901.7835431909735
 20
722.4750905140271
 30
0.0
 10
901.8177045225207
 20
722.8057980968047
 30
0.0
 10
901.8484999905534
 20
723.136374256469
 30
0.0
 10
901.8767807544558
 20
723.4668062087204
 30
0.0
 10
901.9026589677657
 20
723.7970517839213
 30
0.0
 10
901.9250159554917
 20
724.1270243111252
 30
0.0
 10
901.9408703784188
 20
724.4565723569319
 30
0.0
 10
901.9461730899452
 20
724.7855110290883
 30
0.0
 10
901.9386872633811
 20
725.0480309987769
 30
0.0
 10
901.925020008877
 20
725.2445041749922
 30
0.0
 10
901.91214339466
 20
725.3752932928269
 30
0.0
 10
901.9047637972309
 20
725.4406396013801
 30
0.0
  0
LINE
  5
1CB
330
17
100
AcDbEntity
  8
cut
 62
5
420
255
100
AcDbLine
 10
901.9047637972309
 20
725.4406396013801
 30
0.0
 11
901.4240341068278
 21
729.69749927179
 31
0.0
  0
ARC
  5
1CC
330
17
100
AcDbEntity
  8
cut
 62
5
420
255
100
AcDbCircle
 10
907.3861362594557
 20
730.3708030083232
 30
0.0
 40
5.999999999999998
100
AcDbArc
 50
99.60896059495674
 51
-173.5568515703544
  0
ARC
  5
1CD
330
17
100
AcDbEntity
  8
cut
 62
5
420
255
100
AcDbCircle
 10
889.2507927418743
 20
837.4915075453048
 30
0.0
 40
102.64500000000001
100
AcDbArc
 50
-80.39103940504329
 51
-77.10896059495666
  0
ARC
  5
1CE
330
17
100
AcDbEntity
  8
cut
 62
5
420
255
100
AcDbCircle
 10
913.4892389404985
 20
731.5847856109705
 30
0.0
 40
6.000000000000003
100
AcDbArc
 50
16.056851570354358
 51
102.89103940504344
  0
LINE
  5
1CF
330
17
100
AcDbEntity
  8
cut
 62
5
420
255
100
AcDbLine
 10
919.2551652749736
 20
733.244331785503
 30
0.0
 11
920.4400586231086
 21
729.1275389752755
 31
0.0
  0
SPLINE
  5
1D0
330
17
100
AcDbEntity
  8
cut
 62
5
420
255
100
AcDbSpline
 70
4
 71
5
 72
81
 73
75
 74
0
 42
1e-09
 40
0.0
 40
0.0
 40
0.0
 40
0.0
 40
0.0
 40
0.0
 40
0.014285714285714285
 40
0.02857142857142857
 40
0.04285714285714286
 40
0.05714285714285714
 40
0.07142857142857142
 40
0.08571428571428572
 40
0.1
 40
0.1142857142857143
 40
0.1285714285714286
 40
0.14285714285714288
 40
0.15714285714285717
 40
0.17142857142857146
 40
0.18571428571428575
 40
0.20000000000000004
 40
0.21428571428571433
 40
0.22857142857142862
 40
0.2428571428571429
 40
0.2571428571428572
 40
0.27142857142857146
 40
0.28571428571428575
 40
0.30000000000000004
 40
0.31428571428571433
 40
0.3285714285714286
 40
0.3428571428571429
 40
0.3571428571428572
 40
0.3714285714285715
 40
0.3857142857142858
 40
0.4000000000000001
 40
0.41428571428571437
 40
0.42857142857142866
 40
0.44285714285714295
 40
0.45714285714285724
 40
0.47142857142857153
 40
0.4857142857142858
 40
0.5000000000000001
 40
0.5142857142857143
 40
0.5285714285714286
 40
0.5428571428571428
 40
0.557142857142857
 40
0.5714285714285713
 40
0.5857142857142855
 40
0.5999999999999998
 40
0.614285714285714
 40
0.6285714285714282
 40
0.6428571428571425
 40
0.6571428571428567
 40
0.6714285714285709
 40
0.6857142857142852
 40
0.6999999999999994
 40
0.7142857142857136
 40
0.7285714285714279
 40
0.7428571428571421
 40
0.7571428571428563
 40
0.7714285714285706
 40
0.7857142857142848
 40
0.799999999999999
 40
0.8142857142857133
 40
0.8285714285714275
 40
0.8428571428571418
 40
0.857142857142856
 40
0.8714285714285702
 40
0.8857142857142845
 40
0.8999999999999987
 40
0.9142857142857129
 40
0.9285714285714272
 40
0.9428571428571414
 40
0.9571428571428556
 40
0.9714285714285699
 40
0.9857142857142841
 40
1.0
 40
1.0
 40
1.0
 40
1.0
 40
1.0
 40
1.0
 41
1.0
 41
1.0
 41
1.0
 41
1.0
 41
1.0
 41
1.0
 41
1.0
 41
1.0
 41
1.0
 41
1.0
 41
1.0
 41
1.0
 41
1.0
 41
1.0
 41
1.0
 41
1.0
 41
1.0
 41
1.0
 41
1.0
 41
1.0
 41
1.0
 41
1.0
 41
1.0
 41
1.0
 41
1.0
 41
1.0
 41
1.0
 41
1.0
 41
1.0
 41
1.0
 41
1.0
 41
1.0
 41
1.0
 41
1.0
 41
1.0
 41
1.0
 41
1.0
 41
1.0
 41
1.0
 41
1.0
 41
1.0
 41
1.0
 41
1.0
 41
1.0
 41
1.0
 41
1.0
 41
1.0
 41
1.0
 41
1.0
 41
1.0
 41
1.0
 41
1.0
 41
1.0
 41
1.0
 41
1.0
 41
1.0
 41
1.0
 41
1.0
 41
1.0
 41
1.0
 41
1.0
 41
1.0
 41
1.0
 41
1.0
 41
1.0
 41
1.0
 41
1.0
 41
1.0
 41
1.0
 41
1.0
 41
1.0
 41
1.0
 41
1.0
 41
1.0
 41
1.0
 10
920.4400586231086
 20
729.1275389752755
 30
0.0
 10
920.4582477137353
 20
729.0643428086044
 30
0.0
 10
920.496402101941
 20
728.9385817526359
 30
0.0
 10
920.5589622346808
 20
728.7518339745783
 30
0.0
 10
920.6525082757992
 20
728.5064324459039
 30
0.0
 10
920.7832867225436
 20
728.204561999095
 30
0.0
 10
920.9240468766843
 20
727.906166529579
 30
0.0
 10
921.0709770593496
 20
727.6098673142046
 30
0.0
 10
921.2212649212057
 20
727.3146633500669
 30
0.0
 10
921.3738437737898
 20
727.0202066122943
 30
0.0
 10
921.5288010958376
 20
726.7265789798522
 30
0.0
 10
921.6869183637438
 20
726.4341179884883
 30
0.0
 10
921.8491844675697
 20
726.1432329627328
 30
0.0
 10
922.0162666955968
 20
725.8542048053896
 30
0.0
 10
922.1881693049058
 20
725.5670572507688
 30
0.0
 10
922.3645045668331
 20
725.2816611338144
 30
0.0
 10
922.5446627553332
 20
724.9978002473606
 30
0.0
 10
922.7280090412977
 20
724.7152473513046
 30
0.0
 10
922.9140987584681
 20
724.4338473605055
 30
0.0
 10
923.10278407947
 20
724.1535586110726
 30
0.0
 10
923.2940936161272
 20
723.874406565987
 30
0.0
 10
923.4881589542528
 20
723.5964556153904
 30
0.0
 10
923.6851287720652
 20
723.3197760838838
 30
0.0
 10
923.885073201185
 20
723.0444074870745
 30
0.0
 10
924.0879466041583
 20
722.7703442652987
 30
0.0
 10
924.2936383739491
 20
722.4975553907119
 30
0.0
 10
924.5020031728621
 20
722.2259960610161
 30
0.0
 10
924.7128965978568
 20
721.9556214780484
 30
0.0
 10
924.9262153664057
 20
721.6864023699588
 30
0.0
 10
925.1419094254063
 20
721.4183296876904
 30
0.0
 10
925.3599601774526
 20
721.1514062389663
 30
0.0
 10
925.5803671438638
 20
720.8856415732449
 30
0.0
 10
925.8031324518055
 20
720.621046025626
 30
0.0
 10
926.0282431814355
 20
720.3576239363462
 30
0.0
 10
926.2556667024866
 20
720.0953718683812
 30
0.0
 10
926.4853597281792
 20
719.8342821041238
 30
0.0
 10
926.7172738111576
 20
719.574344770273
 30
0.0
 10
926.9513617409847
 20
719.3155503092693
 30
0.0
 10
927.187584834232
 20
719.0578922898028
 30
0.0
 10
927.4259146506445
 20
718.8013680803247
 30
0.0
 10
927.6663290612446
 20
718.5459773560344
 30
0.0
 10
927.9088097742117
 20
718.2917211633412
 30
0.0
 10
928.1533394857505
 20
718.0386008373708
 30
0.0
 10
928.3998986123356
 20
717.7866167605458
 30
0.0
 10
928.6484644185952
 20
717.53576802519
 30
0.0
 10
928.8990126841975
 20
717.286053056577
 30
0.0
 10
929.1515187024512
 20
717.0374699785488
 30
0.0
 10
929.4059584423301
 20
716.7900170442144
 30
0.0
 10
929.6623098564158
 20
716.5436931068614
 30
0.0
 10
929.9205532421031
 20
716.2984977755652
 30
0.0
 10
930.1806704529837
 20
716.0544311822712
 30
0.0
 10
930.4426443804825
 20
715.8114938402058
 30
0.0
 10
930.7064583631493
 20
715.5696864675868
 30
0.0
 10
930.972095493065
 20
715.3290097933769
 30
0.0
 10
931.2395383854234
 20
715.089464451732
 30
0.0
 10
931.5087696470862
 20
714.851051022785
 30
0.0
 10
931.7797721768326
 20
714.6137700267047
 30
0.0
 10
932.0525294891565
 20
714.3776219353048
 30
0.0
 10
932.3270260916531
 20
714.1426071509525
 30
0.0
 10
932.6032475731948
 20
713.9087260465672
 30
0.0
 10
932.8811801100558
 20
713.6759791199664
 30
0.0
 10
933.1608100695007
 20
713.4443671240705
 30
0.0
 10
933.4421236003936
 20
713.2138911837799
 30
0.0
 10
933.7251061260911
 20
712.9845529461633
 30
0.0
 10
934.009742149004
 20
712.7563545975291
 30
0.0
 10
934.296016094092
 20
712.5292984691079
 30
0.0
 10
934.583912971616
 20
712.303386699106
 30
0.0
 10
934.8734190848753
 20
712.0786208788059
 30
0.0
 10
935.1645227430846
 20
711.855001661942
 30
0.0
 10
935.4572148602906
 20
711.6325284810762
 30
0.0
 10
935.751488704905
 20
711.411200085692
 30
0.0
 10
935.9881695271246
 20
711.2350520066641
 30
0.0
 10
936.1663887220719
 20
711.1034548661052
 30
0.0
 10
936.2855163378692
 20
711.0159517714147
 30
0.0
 10
936.3451588505549
 20
710.9722573071629
 30
0.0
  0
ARC
  5
1D1
330
17
100
AcDbEntity
  8
cut
 62
5
420
255
100
AcDbCircle
 10
889.2507927418743
 20
837.4915075453048
 30
0.0
 40
135.00000000000003
100
AcDbArc
 50
-69.5831817450523
 51
-65.41681825494767
  0
SPLINE
  5
1D2
330
17
100
AcDbEntity
  8
cut
 62
5
420
255
100
AcDbSpline
 70
4
 71
5
 72
81
 73
75
 74
0
 42
1e-09
 40
-1.0
 40
-1.0
 40
-1.0
 40
-1.0
 40
-1.0
 40
-1.0
 40
-0.9857142857142841
 40
-0.9714285714285699
 40
-0.9571428571428556
 40
-0.9428571428571414
 40
-0.9285714285714272
 40
-0.9142857142857129
 40
-0.8999999999999987
 40
-0.8857142857142845
 40
-0.8714285714285702
 40
-0.857142857142856
 40
-0.8428571428571418
 40
-0.8285714285714275
 40
-0.8142857142857133
 40
-0.799999999999999
 40
-0.7857142857142848
 40
-0.7714285714285706
 40
-0.7571428571428563
 40
-0.7428571428571421
 40
-0.7285714285714279
 40
-0.7142857142857136
 40
-0.6999999999999994
 40
-0.6857142857142852
 40
-0.6714285714285709
 40
-0.6571428571428567
 40
-0.6428571428571425
 40
-0.6285714285714282
 40
-0.614285714285714
 40
-0.5999999999999998
 40
-0.5857142857142855
 40
-0.5714285714285713
 40
-0.557142857142857
 40
-0.5428571428571428
 40
-0.5285714285714286
 40
-0.5142857142857143
 40
-0.5000000000000001
 40
-0.4857142857142858
 40
-0.47142857142857153
 40
-0.45714285714285724
 40
-0.44285714285714295
 40
-0.42857142857142866
 40
-0.41428571428571437
 40
-0.4000000000000001
 40
-0.3857142857142858
 40
-0.3714285714285715
 40
-0.3571428571428572
 40
-0.3428571428571429
 40
-0.3285714285714286
 40
-0.31428571428571433
 40
-0.30000000000000004
 40
-0.28571428571428575
 40
-0.27142857142857146
 40
-0.2571428571428572
 40
-0.2428571428571429
 40
-0.22857142857142862
 40
-0.21428571428571433
 40
-0.20000000000000004
 40
-0.18571428571428575
 40
-0.17142857142857146
 40
-0.15714285714285717
 40
-0.14285714285714288
 40
-0.1285714285714286
 40
-0.1142857142857143
 40
-0.1
 40
-0.08571428571428572
 40
-0.07142857142857142
 40
-0.05714285714285714
 40
-0.04285714285714286
 40
-0.02857142857142857
 40
-0.014285714285714285
 40
0.0
 40
0.0
 40
0.0
 40
0.0
 40
0.0
 40
0.0
 41
1.0
 41
1.0
 41
1.0
 41
1.0
 41
1.0
 41
1.0
 41
1.0
 41
1.0
 41
1.0
 41
1.0
 41
1.0
 41
1.0
 41
1.0
 41
1.0
 41
1.0
 41
1.0
 41
1.0
 41
1.0
 41
1.0
 41
1.0
 41
1.0
 41
1.0
 41
1.0
 41
1.0
 41
1.0
 41
1.0
 41
1.0
 41
1.0
 41
1.0
 41
1.0
 41
1.0
 41
1.0
 41
1.0
 41
1.0
 41
1.0
 41
1.0
 41
1.0
 41
1.0
 41
1.0
 41
1.0
 41
1.0
 41
1.0
 41
1.0
 41
1.0
 41
1.0
 41
1.0
 41
1.0
 41
1.0
 41
1.0
 41
1.0
 41
1.0
 41
1.0
 41
1.0
 41
1.0
 41
1.0
 41
1.0
 41
1.0
 41
1.0
 41
1.0
 41
1.0
 41
1.0
 41
1.0
 41
1.0
 41
1.0
 41
1.0
 41
1.0
 41
1.0
 41
1.0
 41
1.0
 41
1.0
 41
1.0
 41
1.0
 41
1.0
 41
1.0
 41
1.0
 10
945.4126669047722
 20
714.728142120147
 30
0.0
 10
945.4239438779664
 20
714.8012123972868
 30
0.0
 10
945.446305791293
 20
714.947322373874
 30
0.0
 10
945.4792725621039
 20
715.1663956056329
 30
0.0
 10
945.5220756752984
 20
715.4583097211748
 30
0.0
 10
945.5736558971059
 20
715.8228955614728
 30
0.0
 10
945.6233081831597
 20
716.1871724371714
 30
0.0
 10
945.6710268892597
 20
716.5511364725675
 30
0.0
 10
945.7168051894271
 20
716.9147816441613
 30
0.0
 10
945.7606352792885
 20
717.278099223059
 30
0.0
 10
945.8025085990207
 20
717.6410783990245
 30
0.0
 10
945.8424160612177
 20
718.0037070607709
 30
0.0
 10
945.8803483010915
 20
718.365972546653
 30
0.0
 10
945.9162959061456
 20
718.7278623522668
 30
0.0
 10
945.9502497337899
 20
719.0893650057153
 30
0.0
 10
945.982200785217
 20
719.4504699173418
 30
0.0
 10
946.0121399530221
 20
719.8111669149516
 30
0.0
 10
946.0400578143657
 20
720.1714458716842
 30
0.0
 10
946.0659444427348
 20
720.5312963336398
 30
0.0
 10
946.0897891678622
 20
720.8907070615173
 30
0.0
 10
946.111580666357
 20
721.2496660646808
 30
0.0
 10
946.131307213645
 20
721.6081608829263
 30
0.0
 10
946.1489569211361
 20
721.9661788072319
 30
0.0
 10
946.1645179443319
 20
722.3237070962672
 30
0.0
 10
946.1779788429825
 20
722.6807332788736
 30
0.0
 10
946.1893283435202
 20
723.0372450657699
 30
0.0
 10
946.1985547112614
 20
723.3932299964607
 30
0.0
 10
946.2056452080573
 20
723.7486751461984
 30
0.0
 10
946.2105856256367
 20
724.1035668595624
 30
0.0
 10
946.2133595632723
 20
724.457890357522
 30
0.0
 10
946.2139487932242
 20
724.811629882814
 30
0.0
 10
946.2123345185793
 20
725.1647692918134
 30
0.0
 10
946.208498499477
 20
725.5172925716591
 30
0.0
 10
946.2024240177578
 20
725.8691842878395
 30
0.0
 10
946.1940974961917
 20
726.2204303222977
 30
0.0
 10
946.1835076432243
 20
726.5710174953258
 30
0.0
 10
946.170642264508
 20
726.9209321327305
 30
0.0
 10
946.1554854828242
 20
727.2701588166304
 30
0.0
 10
946.1380153270896
 20
727.6186792975143
 30
0.0
 10
946.118199896367
 20
727.9664707696904
 30
0.0
 10
946.0959990496206
 20
728.3135066085538
 30
0.0
 10
946.0713715479188
 20
728.6597595381285
 30
0.0
 10
946.044281325714
 20
729.0052044072117
 30
0.0
 10
946.0147028795795
 20
729.3498205730637
 30
0.0
 10
945.9826301428184
 20
729.693595830965
 30
0.0
 10
945.9480719275825
 20
730.0365243770303
 30
0.0
 10
945.9110346478807
 20
730.3785991202942
 30
0.0
 10
945.8715071387209
 20
730.7198049250446
 30
0.0
 10
945.8294476085653
 20
731.060112797043
 30
0.0
 10
945.784762327315
 20
731.3994704028373
 30
0.0
 10
945.7373175095156
 20
731.7378073111432
 30
0.0
 10
945.6869787058889
 20
732.0750524326995
 30
0.0
 10
945.6336457654503
 20
732.4111494965202
 30
0.0
 10
945.5772824863708
 20
732.7460701633283
 30
0.0
 10
945.5179664009486
 20
733.0798360819143
 30
0.0
 10
945.4558523675623
 20
733.4125026566526
 30
0.0
 10
945.3910789621389
 20
733.7441174020576
 30
0.0
 10
945.3236844213393
 20
734.0746825446977
 30
0.0
 10
945.2535347546051
 20
734.4041230156537
 30
0.0
 10
945.1802058736546
 20
734.7322340501534
 30
0.0
 10
945.103088203503
 20
735.0587274392473
 30
0.0
 10
945.0215977211756
 20
735.3833249230669
 30
0.0
 10
944.935368927618
 20
735.7058436695318
 30
0.0
 10
944.8444216157327
 20
736.0262699061612
 30
0.0
 10
944.7494262578659
 20
736.3448768487463
 30
0.0
 10
944.651371541037
 20
736.6620743120044
 30
0.0
 10
944.5510487263197
 20
736.9781762093774
 30
0.0
 10
944.4485775676933
 20
737.2931865005007
 30
0.0
 10
944.3429577117654
 20
737.6065970134757
 30
0.0
 10
944.231492711309
 20
737.9171269329596
 30
0.0
 10
944.1105123978567
 20
738.223055899464
 30
0.0
 10
944.0031343528453
 20
738.4627280245312
 30
0.0
 10
943.9153204267017
 20
738.6390153388595
 30
0.0
 10
943.8533731578494
 20
738.7549210609764
 30
0.0
 10
943.821548349177
 20
738.8124691283001
 30
0.0
  0
LINE
  5
1D3
330
17
100
AcDbEntity
  8
cut
 62
5
420
255
100
AcDbLine
 10
943.821548349177
 20
738.8124691283001
 30
0.0
 11
941.7483823577742
 21
742.5613273626012
 31
0.0
  0
ARC
  5
1D4
330
17
100
AcDbEntity
  8
cut
 62
5
420
255
100
AcDbCircle
 10
946.9989843224078
 20
745.4649766198265
 30
0.0
 40
6.0
100
AcDbArc
 50
122.1089605949567
 51
-151.05685157035435
  0
ARC
  5
1D5
330
17
100
AcDbEntity
  8
cut
 62
5
420
255
100
AcDbCircle
 10
889.2507927418743
 20
837.4915075453048
 30
0.0
 40
102.64500000000001
100
AcDbArc
 50
-57.891039405043266
 51
-54.608960594956734
  0
ARC
  5
1D6
330
17
100
AcDbEntity
  8
cut
 62
5
420
255
100
AcDbCircle
 10
952.1729449450253
 20
748.9221065812952
 30
0.0
 40
5.999999999999998
100
AcDbArc
 50
38.55685157035432
 51
125.39103940504339
  0
LINE
  5
1D7
330
17
100
AcDbEntity
  8
cut
 62
5
420
255
100
AcDbLine
 10
956.8648854451762
 20
752.6618518056445
 30
0.0
 11
959.5350125606808
 21
749.3118702421364
 31
0.0
  0
SPLINE
  5
1D8
330
17
100
AcDbEntity
  8
cut
 62
5
420
255
100
AcDbSpline
 70
4
 71
5
 72
81
 73
75
 74
0
 42
1e-09
 40
0.0
 40
0.0
 40
0.0
 40
0.0
 40
0.0
 40
0.0
 40
0.014285714285714285
 40
0.02857142857142857
 40
0.04285714285714286
 40
0.05714285714285714
 40
0.07142857142857142
 40
0.08571428571428572
 40
0.1
 40
0.1142857142857143
 40
0.1285714285714286
 40
0.14285714285714288
 40
0.15714285714285717
 40
0.17142857142857146
 40
0.18571428571428575
 40
0.20000000000000004
 40
0.21428571428571433
 40
0.22857142857142862
 40
0.2428571428571429
 40
0.2571428571428572
 40
0.27142857142857146
 40
0.28571428571428575
 40
0.30000000000000004
 40
0.31428571428571433
 40
0.3285714285714286
 40
0.3428571428571429
 40
0.3571428571428572
 40
0.3714285714285715
 40
0.3857142857142858
 40
0.4000000000000001
 40
0.41428571428571437
 40
0.42857142857142866
 40
0.44285714285714295
 40
0.45714285714285724
 40
0.47142857142857153
 40
0.4857142857142858
 40
0.5000000000000001
 40
0.5142857142857143
 40
0.5285714285714286
 40
0.5428571428571428
 40
0.557142857142857
 40
0.5714285714285713
 40
0.5857142857142855
 40
0.5999999999999998
 40
0.614285714285714
 40
0.6285714285714282
 40
0.6428571428571425
 40
0.6571428571428567
 40
0.6714285714285709
 40
0.6857142857142852
 40
0.6999999999999994
 40
0.7142857142857136
 40
0.7285714285714279
 40
0.7428571428571421
 40
0.7571428571428563
 40
0.7714285714285706
 40
0.7857142857142848
 40
0.799999999999999
 40
0.8142857142857133
 40
0.8285714285714275
 40
0.8428571428571418
 40
0.857142857142856
 40
0.8714285714285702
 40
0.8857142857142845
 40
0.8999999999999987
 40
0.9142857142857129
 40
0.9285714285714272
 40
0.9428571428571414
 40
0.9571428571428556
 40
0.9714285714285699
 40
0.9857142857142841
 40
1.0
 40
1.0
 40
1.0
 40
1.0
 40
1.0
 40
1.0
 41
1.0
 41
1.0
 41
1.0
 41
1.0
 41
1.0
 41
1.0
 41
1.0
 41
1.0
 41
1.0
 41
1.0
 41
1.0
 41
1.0
 41
1.0
 41
1.0
 41
1.0
 41
1.0
 41
1.0
 41
1.0
 41
1.0
 41
1.0
 41
1.0
 41
1.0
 41
1.0
 41
1.0
 41
1.0
 41
1.0
 41
1.0
 41
1.0
 41
1.0
 41
1.0
 41
1.0
 41
1.0
 41
1.0
 41
1.0
 41
1.0
 41
1.0
 41
1.0
 41
1.0
 41
1.0
 41
1.0
 41
1.0
 41
1.0
 41
1.0
 41
1.0
 41
1.0
 41
1.0
 41
1.0
 41
1.0
 41
1.0
 41
1.0
 41
1.0
 41
1.0
 41
1.0
 41
1.0
 41
1.0
 41
1.0
 41
1.0
 41
1.0
 41
1.0
 41
1.0
 41
1.0
 41
1.0
 41
1.0
 41
1.0
 41
1.0
 41
1.0
 41
1.0
 41
1.0
 41
1.0
 41
1.0
 41
1.0
 41
1.0
 41
1.0
 41
1.0
 41
1.0
 10
959.5350125606808
 20
749.3118702421364
 30
0.0
 10
959.5760012151998
 20
749.2604452608484
 30
0.0
 10
959.6593779460944
 20
749.1588582474905
 30
0.0
 10
959.7886412529775
 20
749.0102665239272
 30
0.0
 10
959.968977625015
 20
748.8193435944372
 30
0.0
 10
960.2053219739702
 20
748.5904984120401
 30
0.0
 10
960.4495584018505
 20
748.3686835240868
 30
0.0
 10
960.6986929910696
 20
748.1511664901237
 30
0.0
 10
960.9505105368675
 20
747.9359462645587
 30
0.0
 10
961.2041587309577
 20
747.7222931103336
 30
0.0
 10
961.4596870594306
 20
747.510316150412
 30
0.0
 10
961.7176883429938
 20
747.3006262852316
 30
0.0
 10
961.9789195552187
 20
747.0939801131906
 30
0.0
 10
962.2438896932415
 20
746.8908925148104
 30
0.0
 10
962.5125936073649
 20
746.6913870468484
 30
0.0
 10
962.7847225123394
 20
746.4951959990174
 30
0.0
 10
963.0597958336513
 20
746.3018862898862
 30
0.0
 10
963.3373140267032
 20
746.1110050383925
 30
0.0
 10
963.6169256219542
 20
745.922238798139
 30
0.0
 10
963.8985099887994
 20
745.7354925056227
 30
0.0
 10
964.1820838168564
 20
745.5508006348415
 30
0.0
 10
964.467744034524
 20
745.3682730302403
 30
0.0
 10
964.7556010905055
 20
745.1880315599693
 30
0.0
 10
965.0457046560015
 20
745.0101395698987
 30
0.0
 10
965.3380146950935
 20
744.8345744588713
 30
0.0
 10
965.6324408940471
 20
744.6612652334165
 30
0.0
 10
965.9288661234376
 20
744.4901148832803
 30
0.0
 10
966.2271741157657
 20
744.3210267597053
 30
0.0
 10
966.5272806522705
 20
744.1539342945166
 30
0.0
 10
966.8291429528393
 20
743.9888099729826
 30
0.0
 10
967.13274276124
 20
743.8256492721817
 30
0.0
 10
967.4380759808098
 20
743.6644608314806
 30
0.0
 10
967.745140621722
 20
743.5052550132968
 30
0.0
 10
968.0539230866623
 20
743.3480308832769
 30
0.0
 10
968.3643945444867
 20
743.1927727789616
 30
0.0
 10
968.6765179568262
 20
743.0394570050784
 30
0.0
 10
968.9902523425088
 20
742.888055899886
 30
0.0
 10
969.305557742298
 20
742.7385425666989
 30
0.0
 10
969.6224008785215
 20
742.5908962602542
 30
0.0
 10
969.94075648286
 20
742.4451036657034
 30
0.0
 10
970.2606042350998
 20
742.3011560145769
 30
0.0
 10
970.5819268353589
 20
742.159047273654
 30
0.0
 10
970.9047077860841
 20
742.0187720545542
 30
0.0
 10
971.2289288481106
 20
741.8803232162994
 30
0.0
 10
971.5545693640464
 20
741.7436912198558
 30
0.0
 10
971.8816075598445
 20
741.6088653416464
 30
0.0
 10
972.2100213274728
 20
741.4758343934856
 30
0.0
 10
972.5397891336642
 20
741.3445875651812
 30
0.0
 10
972.8708910480883
 20
741.2151153601271
 30
0.0
 10
973.2033090175114
 20
741.0874098772956
 30
0.0
 10
973.5370262263453
 20
740.9614642942586
 30
0.0
 10
973.8720266719243
 20
740.837272538007
 30
0.0
 10
974.2082946862254
 20
740.7148288960268
 30
0.0
 10
974.5458143694065
 20
740.5941275714113
 30
0.0
 10
974.8845694173198
 20
740.4751624971665
 30
0.0
 10
975.2245435387936
 20
740.3579275531995
 30
0.0
 10
975.5657207353
 20
740.2424166757302
 30
0.0
 10
975.9080855956623
 20
740.1286239919268
 30
0.0
 10
976.2516236527853
 20
740.0165439448422
 30
0.0
 10
976.5963214498131
 20
739.9061713641088
 30
0.0
 10
976.942166024782
 20
739.7975014195393
 30
0.0
 10
977.2891444945565
 20
739.6905295897195
 30
0.0
 10
977.6372436318749
 20
739.5852516133216
 30
0.0
 10
977.9864493393687
 20
739.4816634337985
 30
0.0
 10
978.3367464624688
 20
739.3797611403656
 30
0.0
 10
978.6881197195908
 20
739.2795409264891
 30
0.0
 10
979.040554443765
 20
739.1809990312889
 30
0.0
 10
979.394037371933
 20
739.0841316834183
 30
0.0
 10
979.748557453044
 20
738.9889350129793
 30
0.0
 10
980.1041065099209
 20
738.895405018683
 30
0.0
 10
980.460678801939
 20
738.8035379691365
 30
0.0
 10
980.7467523208124
 20
738.7313721936533
 30
0.0
 10
980.9617654327636
 20
738.6779938221897
 30
0.0
 10
981.1053109833742
 20
738.6427396688766
 30
0.0
 10
981.1771346276673
 20
738.6251954491397
 30
0.0
  0
ARC
  5
1D9
330
17
100
AcDbEntity
  8
cut
 62
5
420
255
100
AcDbCircle
 10
889.2507927418743
 20
837.4915075453048
 30
0.0
 40
135.00000000000003
100
AcDbArc
 50
-47.08318174505223
 51
-42.916818254947636
  0
SPLINE
  5
1DA
330
17
100
AcDbEntity
  8
cut
 62
5
420
255
100
AcDbSpline
 70
4
 71
5
 72
81
 73
75
 74
0
 42
1e-09
 40
-1.0
 40
-1.0
 40
-1.0
 40
-1.0
 40
-1.0
 40
-1.0
 40
-0.9857142857142841
 40
-0.9714285714285699
 40
-0.9571428571428556
 40
-0.9428571428571414
 40
-0.9285714285714272
 40
-0.9142857142857129
 40
-0.8999999999999987
 40
-0.8857142857142845
 40
-0.8714285714285702
 40
-0.857142857142856
 40
-0.8428571428571418
 40
-0.8285714285714275
 40
-0.8142857142857133
 40
-0.799999999999999
 40
-0.7857142857142848
 40
-0.7714285714285706
 40
-0.7571428571428563
 40
-0.7428571428571421
 40
-0.7285714285714279
 40
-0.7142857142857136
 40
-0.6999999999999994
 40
-0.6857142857142852
 40
-0.6714285714285709
 40
-0.6571428571428567
 40
-0.6428571428571425
 40
-0.6285714285714282
 40
-0.614285714285714
 40
-0.5999999999999998
 40
-0.5857142857142855
 40
-0.5714285714285713
 40
-0.557142857142857
 40
-0.5428571428571428
 40
-0.5285714285714286
 40
-0.5142857142857143
 40
-0.5000000000000001
 40
-0.4857142857142858
 40
-0.47142857142857153
 40
-0.45714285714285724
 40
-0.44285714285714295
 40
-0.42857142857142866
 40
-0.41428571428571437
 40
-0.4000000000000001
 40
-0.3857142857142858
 40
-0.3714285714285715
 40
-0.3571428571428572
 40
-0.3428571428571429
 40
-0.3285714285714286
 40
-0.31428571428571433
 40
-0.30000000000000004
 40
-0.28571428571428575
 40
-0.27142857142857146
 40
-0.2571428571428572
 40
-0.2428571428571429
 40
-0.22857142857142862
 40
-0.21428571428571433
 40
-0.20000000000000004
 40
-0.18571428571428575
 40
-0.17142857142857146
 40
-0.15714285714285717
 40
-0.14285714285714288
 40
-0.1285714285714286
 40
-0.1142857142857143
 40
-0.1
 40
-0.08571428571428572
 40
-0.07142857142857142
 40
-0.05714285714285714
 40
-0.04285714285714286
 40
-0.02857142857142857
 40
-0.014285714285714285
 40
0.0
 40
0.0
 40
0.0
 40
0.0
 40
0.0
 40
0.0
 41
1.0
 41
1.0
 41
1.0
 41
1.0
 41
1.0
 41
1.0
 41
1.0
 41
1.0
 41
1.0
 41
1.0
 41
1.0
 41
1.0
 41
1.0
 41
1.0
 41
1.0
 41
1.0
 41
1.0
 41
1.0
 41
1.0
 41
1.0
 41
1.0
 41
1.0
 41
1.0
 41
1.0
 41
1.0
 41
1.0
 41
1.0
 41
1.0
 41
1.0
 41
1.0
 41
1.0
 41
1.0
 41
1.0
 41
1.0
 41
1.0
 41
1.0
 41
1.0
 41
1.0
 41
1.0
 41
1.0
 41
1.0
 41
1.0
 41
1.0
 41
1.0
 41
1.0
 41
1.0
 41
1.0
 41
1.0
 41
1.0
 41
1.0
 41
1.0
 41
1.0
 41
1.0
 41
1.0
 41
1.0
 41
1.0
 41
1.0
 41
1.0
 41
1.0
 41
1.0
 41
1.0
 41
1.0
 41
1.0
 41
1.0
 41
1.0
 41
1.0
 41
1.0
 41
1.0
 41
1.0
 41
1.0
 41
1.0
 41
1.0
 41
1.0
 41
1.0
 41
1.0
 10
988.1171048380393
 20
745.5651656595118
 30
0.0
 10
988.0995606183023
 20
745.6369893038047
 30
0.0
 10
988.0643064649893
 20
745.7805348544155
 30
0.0
 10
988.0109280935256
 20
745.9955479663665
 30
0.0
 10
987.9387623180426
 20
746.2816214852401
 30
0.0
 10
987.8468952684959
 20
746.6381937772582
 30
0.0
 10
987.7533652741998
 20
746.9937428341351
 30
0.0
 10
987.6581686037607
 20
747.3482629152461
 30
0.0
 10
987.5613012558902
 20
747.7017458434141
 30
0.0
 10
987.46275936069
 20
748.0541805675883
 30
0.0
 10
987.3625391468133
 20
748.4055538247103
 30
0.0
 10
987.2606368533806
 20
748.7558509478102
 30
0.0
 10
987.1570486738575
 20
749.1050566553042
 30
0.0
 10
987.0517706974596
 20
749.4531557926226
 30
0.0
 10
986.9447988676397
 20
749.8001342623971
 30
0.0
 10
986.8361289230703
 20
750.1459788373659
 30
0.0
 10
986.7257563423368
 20
750.4906766343938
 30
0.0
 10
986.6136762952523
 20
750.8342146915166
 30
0.0
 10
986.4998836114489
 20
751.176579551879
 30
0.0
 10
986.3843727339795
 20
751.5177567483855
 30
0.0
 10
986.2671377900126
 20
751.8577308698593
 30
0.0
 10
986.1481727157678
 20
752.1964859177725
 30
0.0
 10
986.0274713911522
 20
752.5340056009536
 30
0.0
 10
985.905027749172
 20
752.8702736152547
 30
0.0
 10
985.7808359929205
 20
753.2052740608337
 30
0.0
 10
985.6548904098834
 20
753.5389912696676
 30
0.0
 10
985.527184927052
 20
753.8714092390908
 30
0.0
 10
985.3977127219979
 20
754.2025111535148
 30
0.0
 10
985.2664658936934
 20
754.5322789597063
 30
0.0
 10
985.1334349455327
 20
754.8606927273346
 30
0.0
 10
984.9986090673233
 20
755.1877309231326
 30
0.0
 10
984.8619770708797
 20
755.5133714390684
 30
0.0
 10
984.7235282326249
 20
755.837592501095
 30
0.0
 10
984.5832530135251
 20
756.1603734518202
 30
0.0
 10
984.4411442726021
 20
756.4816960520792
 30
0.0
 10
984.2971966214756
 20
756.8015438043191
 30
0.0
 10
984.1514040269248
 20
757.1198994086576
 30
0.0
 10
984.00375772048
 20
757.4367425448811
 30
0.0
 10
983.854244387293
 20
757.7520479446703
 30
0.0
 10
983.7028432821007
 20
758.0657823303529
 30
0.0
 10
983.5495275082175
 20
758.3779057426923
 30
0.0
 10
983.3942694039022
 20
758.6883772005167
 30
0.0
 10
983.2370452738822
 20
758.997159665457
 30
0.0
 10
983.0778394556985
 20
759.3042243063692
 30
0.0
 10
982.9166510149972
 20
759.609557525939
 30
0.0
 10
982.7534903141965
 20
759.9131573343398
 30
0.0
 10
982.5883659926625
 20
760.2150196349085
 30
0.0
 10
982.4212735274737
 20
760.5151261714133
 30
0.0
 10
982.2521854038988
 20
760.8134341637415
 30
0.0
 10
982.0810350537624
 20
761.1098593931318
 30
0.0
 10
981.9077258283078
 20
761.4042855920854
 30
0.0
 10
981.7321607172803
 20
761.6965956311776
 30
0.0
 10
981.5542687272098
 20
761.9866991966735
 30
0.0
 10
981.3740272569388
 20
762.2745562526551
 30
0.0
 10
981.1914996523376
 20
762.5602164703226
 30
0.0
 10
981.0068077815563
 20
762.8437902983796
 30
0.0
 10
980.8200614890401
 20
763.1253746652249
 30
0.0
 10
980.6312952487865
 20
763.4049862604758
 30
0.0
 10
980.4404139972929
 20
763.6825044535278
 30
0.0
 10
980.2471042881616
 20
763.9575777748396
 30
0.0
 10
980.0509132403306
 20
764.2297066798141
 30
0.0
 10
979.8514077723687
 20
764.4984105939376
 30
0.0
 10
979.6483201739885
 20
764.7633807319604
 30
0.0
 10
979.4416740019475
 20
765.0246119441853
 30
0.0
 10
979.231984136767
 20
765.2826132277485
 30
0.0
 10
979.0200071768454
 20
765.5381415562214
 30
0.0
 10
978.8063540226203
 20
765.7917897503116
 30
0.0
 10
978.5911337970554
 20
766.0436072961094
 30
0.0
 10
978.3736167630922
 20
766.2927418853285
 30
0.0
 10
978.151801875139
 20
766.5369783132088
 30
0.0
 10
977.9229566927418
 20
766.7733226621641
 30
0.0
 10
977.7320337632518
 20
766.9536590342016
 30
0.0
 10
977.5834420396886
 20
767.0829223410847
 30
0.0
 10
977.4818550263307
 20
767.1662990719793
 30
0.0
 10
977.4304300450426
 20
767.2072877264982
 30
0.0
  0
LINE
  5
1DB
330
17
100
AcDbEntity
  8
cut
 62
5
420
255
100
AcDbLine
 10
977.4304300450426
 20
767.2072877264982
 30
0.0
 11
974.0804484815346
 21
769.8774148420027
 31
0.0
  0
ARC
  5
1DC
330
17
100
AcDbEntity
  8
cut
 62
5
420
255
100
AcDbCircle
 10
977.8201937058839
 20
774.5693553421538
 30
0.0
 40
5.999999999999999
100
AcDbArc
 50
144.60896059495676
 51
-128.55685157035438
  0
ARC
  5
1DD
330
17
100
AcDbEntity
  8
cut
 62
5
420
255
100
AcDbCircle
 10
889.2507927418743
 20
837.4915075453048
 30
0.0
 40
102.64500000000001
100
AcDbArc
 50
-35.391039405043294
 51
-32.1089605949568
  0
ARC
  5
1DE
330
17
100
AcDbEntity
  8
cut
 62
5
420
255
100
AcDbCircle
 10
981.2773236673526
 20
779.7433159647712
 30
0.0
 40
5.999999999999997
100
AcDbArc
 50
61.05685157035439
 51
147.89103940504364
  0
LINE
  5
1DF
330
17
100
AcDbEntity
  8
cut
 62
5
420
255
100
AcDbLine
 10
984.1809729245779
 20
784.9939179294049
 30
0.0
 11
987.929831158879
 21
782.920751938002
 31
0.0
  0
SPLINE
  5
1E0
330
17
100
AcDbEntity
  8
cut
 62
5
420
255
100
AcDbSpline
 70
4
 71
5
 72
81
 73
75
 74
0
 42
1e-09
 40
0.0
 40
0.0
 40
0.0
 40
0.0
 40
0.0
 40
0.0
 40
0.014285714285714285
 40
0.02857142857142857
 40
0.04285714285714286
 40
0.05714285714285714
 40
0.07142857142857142
 40
0.08571428571428572
 40
0.1
 40
0.1142857142857143
 40
0.1285714285714286
 40
0.14285714285714288
 40
0.15714285714285717
 40
0.17142857142857146
 40
0.18571428571428575
 40
0.20000000000000004
 40
0.21428571428571433
 40
0.22857142857142862
 40
0.2428571428571429
 40
0.2571428571428572
 40
0.27142857142857146
 40
0.28571428571428575
 40
0.30000000000000004
 40
0.31428571428571433
 40
0.3285714285714286
 40
0.3428571428571429
 40
0.3571428571428572
 40
0.3714285714285715
 40
0.3857142857142858
 40
0.4000000000000001
 40
0.41428571428571437
 40
0.42857142857142866
 40
0.44285714285714295
 40
0.45714285714285724
 40
0.47142857142857153
 40
0.4857142857142858
 40
0.5000000000000001
 40
0.5142857142857143
 40
0.5285714285714286
 40
0.5428571428571428
 40
0.557142857142857
 40
0.5714285714285713
 40
0.5857142857142855
 40
0.5999999999999998
 40
0.614285714285714
 40
0.6285714285714282
 40
0.6428571428571425
 40
0.6571428571428567
 40
0.6714285714285709
 40
0.6857142857142852
 40
0.6999999999999994
 40
0.7142857142857136
 40
0.7285714285714279
 40
0.7428571428571421
 40
0.7571428571428563
 40
0.7714285714285706
 40
0.7857142857142848
 40
0.799999999999999
 40
0.8142857142857133
 40
0.8285714285714275
 40
0.8428571428571418
 40
0.857142857142856
 40
0.8714285714285702
 40
0.8857142857142845
 40
0.8999999999999987
 40
0.9142857142857129
 40
0.9285714285714272
 40
0.9428571428571414
 40
0.9571428571428556
 40
0.9714285714285699
 40
0.9857142857142841
 40
1.0
 40
1.0
 40
1.0
 40
1.0
 40
1.0
 40
1.0
 41
1.0
 41
1.0
 41
1.0
 41
1.0
 41
1.0
 41
1.0
 41
1.0
 41
1.0
 41
1.0
 41
1.0
 41
1.0
 41
1.0
 41
1.0
 41
1.0
 41
1.0
 41
1.0
 41
1.0
 41
1.0
 41
1.0
 41
1.0
 41
1.0
 41
1.0
 41
1.0
 41
1.0
 41
1.0
 41
1.0
 41
1.0
 41
1.0
 41
1.0
 41
1.0
 41
1.0
 41
1.0
 41
1.0
 41
1.0
 41
1.0
 41
1.0
 41
1.0
 41
1.0
 41
1.0
 41
1.0
 41
1.0
 41
1.0
 41
1.0
 41
1.0
 41
1.0
 41
1.0
 41
1.0
 41
1.0
 41
1.0
 41
1.0
 41
1.0
 41
1.0
 41
1.0
 41
1.0
 41
1.0
 41
1.0
 41
1.0
 41
1.0
 41
1.0
 41
1.0
 41
1.0
 41
1.0
 41
1.0
 41
1.0
 41
1.0
 41
1.0
 41
1.0
 41
1.0
 41
1.0
 41
1.0
 41
1.0
 41
1.0
 41
1.0
 41
1.0
 41
1.0
 10
987.929831158879
 20
782.920751938002
 30
0.0
 10
987.9873792262027
 20
782.8889271293297
 30
0.0
 10
988.1032849483196
 20
782.8269798604774
 30
0.0
 10
988.2795722626479
 20
782.7391659343336
 30
0.0
 10
988.5192443877149
 20
782.6317878893224
 30
0.0
 10
988.8251733542194
 20
782.5108075758701
 30
0.0
 10
989.1357032737034
 20
782.3993425754136
 30
0.0
 10
989.4491137866784
 20
782.2937227194858
 30
0.0
 10
989.7641240778017
 20
782.1912515608594
 30
0.0
 10
990.0802259751747
 20
782.090928746142
 30
0.0
 10
990.3974234384327
 20
781.992874029313
 30
0.0
 10
990.7160303810178
 20
781.8978786714464
 30
0.0
 10
991.0364566176472
 20
781.806931359561
 30
0.0
 10
991.3589753641122
 20
781.7207025660034
 30
0.0
 10
991.6835728479318
 20
781.6392120836761
 30
0.0
 10
992.0100662370257
 20
781.5620944135244
 30
0.0
 10
992.3381772715254
 20
781.488765532574
 30
0.0
 10
992.6676177424814
 20
781.4186158658398
 30
0.0
 10
992.9981828851214
 20
781.3512213250401
 30
0.0
 10
993.3297976305265
 20
781.2864479196166
 30
0.0
 10
993.6624642052647
 20
781.2243338862304
 30
0.0
 10
993.9962301238506
 20
781.1650178008083
 30
0.0
 10
994.3311507906589
 20
781.1086545217287
 30
0.0
 10
994.6672478544796
 20
781.0553215812901
 30
0.0
 10
995.0044929760359
 20
781.0049827776634
 30
0.0
 10
995.3428298843417
 20
780.9575379598641
 30
0.0
 10
995.6821874901361
 20
780.9128526786137
 30
0.0
 10
996.0224953621345
 20
780.8707931484582
 30
0.0
 10
996.3637011668849
 20
780.8312656392983
 30
0.0
 10
996.7057759101488
 20
780.7942283595966
 30
0.0
 10
997.0487044562141
 20
780.7596701443607
 30
0.0
 10
997.3924797141154
 20
780.7275974075994
 30
0.0
 10
997.7370958799672
 20
780.698018961465
 30
0.0
 10
998.0825407490506
 20
780.6709287392603
 30
0.0
 10
998.4287936786253
 20
780.6463012375584
 30
0.0
 10
998.7758295174887
 20
780.6241003908121
 30
0.0
 10
999.1236209896648
 20
780.6042849600894
 30
0.0
 10
999.4721414705486
 20
780.5868148043548
 30
0.0
 10
999.8213681544486
 20
780.571658022671
 30
0.0
 10
1000.1712827918533
 20
780.5587926439548
 30
0.0
 10
1000.5218699648813
 20
780.5482027909873
 30
0.0
 10
1000.8731159993395
 20
780.5398762694211
 30
0.0
 10
1001.22500771552
 20
780.533801787702
 30
0.0
 10
1001.5775309953656
 20
780.5299657685998
 30
0.0
 10
1001.9306704043651
 20
780.5283514939548
 30
0.0
 10
1002.284409929657
 20
780.5289407239068
 30
0.0
 10
1002.6387334276167
 20
780.5317146615424
 30
0.0
 10
1002.9936251409807
 20
780.5366550791217
 30
0.0
 10
1003.3490702907184
 20
780.5437455759177
 30
0.0
 10
1003.7050552214092
 20
780.5529719436589
 30
0.0
 10
1004.0615670083055
 20
780.5643214441966
 30
0.0
 10
1004.4185931909118
 20
780.5777823428472
 30
0.0
 10
1004.7761214799472
 20
780.5933433660429
 30
0.0
 10
1005.1341394042527
 20
780.610993073534
 30
0.0
 10
1005.4926342224983
 20
780.630719620822
 30
0.0
 10
1005.8515932256618
 20
780.6525111193167
 30
0.0
 10
1006.2110039535391
 20
780.6763558444442
 30
0.0
 10
1006.5708544154949
 20
780.7022424728134
 30
0.0
 10
1006.9311333722274
 20
780.7301603341568
 30
0.0
 10
1007.2918303698373
 20
780.7600995019621
 30
0.0
 10
1007.6529352814638
 20
780.7920505533892
 30
0.0
 10
1008.0144379349123
 20
780.8260043810335
 30
0.0
 10
1008.3763277405261
 20
780.8619519860875
 30
0.0
 10
1008.7385932264082
 20
780.8998842259614
 30
0.0
 10
1009.1012218881546
 20
780.9397916881583
 30
0.0
 10
1009.4642010641201
 20
780.9816650078905
 30
0.0
 10
1009.8275186430178
 20
781.0254950977519
 30
0.0
 10
1010.1911638146116
 20
781.0712733979194
 30
0.0
 10
1010.5551278500077
 20
781.1189921040193
 30
0.0
 10
1010.9194047257063
 20
781.1686443900732
 30
0.0
 10
1011.2839905660041
 20
781.2202246118806
 30
0.0
 10
1011.5759046815461
 20
781.2630277250752
 30
0.0
 10
1011.794977913305
 20
781.2959944958861
 30
0.0
 10
1011.9410878898923
 20
781.3183564092126
 30
0.0
 10
1012.0141581670321
 20
781.3296333824068
 30
0.0
  0
ARC
  5
1E1
330
17
100
AcDbEntity
  8
cut
 62
5
420
255
100
AcDbCircle
 10
889.2507927418743
 20
837.4915075453048
 30
0.0
 40
135.00000000000003
100
AcDbArc
 50
-24.583181745052354
 51
-20.41681825494772
  0
SPLINE
  5
1E2
330
17
100
AcDbEntity
  8
cut
 62
5
420
255
100
AcDbSpline
 70
4
 71
5
 72
81
 73
75
 74
0
 42
1e-09
 40
-1.0
 40
-1.0
 40
-1.0
 40
-1.0
 40
-1.0
 40
-1.0
 40
-0.9857142857142841
 40
-0.9714285714285699
 40
-0.9571428571428556
 40
-0.9428571428571414
 40
-0.9285714285714272
 40
-0.9142857142857129
 40
-0.8999999999999987
 40
-0.8857142857142845
 40
-0.8714285714285702
 40
-0.857142857142856
 40
-0.8428571428571418
 40
-0.8285714285714275
 40
-0.8142857142857133
 40
-0.799999999999999
 40
-0.7857142857142848
 40
-0.7714285714285706
 40
-0.7571428571428563
 40
-0.7428571428571421
 40
-0.7285714285714279
 40
-0.7142857142857136
 40
-0.6999999999999994
 40
-0.6857142857142852
 40
-0.6714285714285709
 40
-0.6571428571428567
 40
-0.6428571428571425
 40
-0.6285714285714282
 40
-0.614285714285714
 40
-0.5999999999999998
 40
-0.5857142857142855
 40
-0.5714285714285713
 40
-0.557142857142857
 40
-0.5428571428571428
 40
-0.5285714285714286
 40
-0.5142857142857143
 40
-0.5000000000000001
 40
-0.4857142857142858
 40
-0.47142857142857153
 40
-0.45714285714285724
 40
-0.44285714285714295
 40
-0.42857142857142866
 40
-0.41428571428571437
 40
-0.4000000000000001
 40
-0.3857142857142858
 40
-0.3714285714285715
 40
-0.3571428571428572
 40
-0.3428571428571429
 40
-0.3285714285714286
 40
-0.31428571428571433
 40
-0.30000000000000004
 40
-0.28571428571428575
 40
-0.27142857142857146
 40
-0.2571428571428572
 40
-0.2428571428571429
 40
-0.22857142857142862
 40
-0.21428571428571433
 40
-0.20000000000000004
 40
-0.18571428571428575
 40
-0.17142857142857146
 40
-0.15714285714285717
 40
-0.14285714285714288
 40
-0.1285714285714286
 40
-0.1142857142857143
 40
-0.1
 40
-0.08571428571428572
 40
-0.07142857142857142
 40
-0.05714285714285714
 40
-0.04285714285714286
 40
-0.02857142857142857
 40
-0.014285714285714285
 40
0.0
 40
0.0
 40
0.0
 40
0.0
 40
0.0
 40
0.0
 41
1.0
 41
1.0
 41
1.0
 41
1.0
 41
1.0
 41
1.0
 41
1.0
 41
1.0
 41
1.0
 41
1.0
 41
1.0
 41
1.0
 41
1.0
 41
1.0
 41
1.0
 41
1.0
 41
1.0
 41
1.0
 41
1.0
 41
1.0
 41
1.0
 41
1.0
 41
1.0
 41
1.0
 41
1.0
 41
1.0
 41
1.0
 41
1.0
 41
1.0
 41
1.0
 41
1.0
 41
1.0
 41
1.0
 41
1.0
 41
1.0
 41
1.0
 41
1.0
 41
1.0
 41
1.0
 41
1.0
 41
1.0
 41
1.0
 41
1.0
 41
1.0
 41
1.0
 41
1.0
 41
1.0
 41
1.0
 41
1.0
 41
1.0
 41
1.0
 41
1.0
 41
1.0
 41
1.0
 41
1.0
 41
1.0
 41
1.0
 41
1.0
 41
1.0
 41
1.0
 41
1.0
 41
1.0
 41
1.0
 41
1.0
 41
1.0
 41
1.0
 41
1.0
 41
1.0
 41
1.0
 41
1.0
 41
1.0
 41
1.0
 41
1.0
 41
1.0
 41
1.0
 10
1015.7700429800161
 20
790.3971414366242
 30
0.0
 10
1015.7263485157644
 20
790.4567839493097
 30
0.0
 10
1015.6388454210739
 20
790.575911565107
 30
0.0
 10
1015.507248280515
 20
790.7541307600545
 30
0.0
 10
1015.3311002014871
 20
790.990811582274
 30
0.0
 10
1015.1097718061029
 20
791.2850854268884
 30
0.0
 10
1014.887298625237
 20
791.5777775440944
 30
0.0
 10
1014.6636794083732
 20
791.8688812023038
 30
0.0
 10
1014.4389135880731
 20
792.158387315563
 30
0.0
 10
1014.2130018180712
 20
792.446284193087
 30
0.0
 10
1013.98594568965
 20
792.7325581381751
 30
0.0
 10
1013.7577473410158
 20
793.017194161088
 30
0.0
 10
1013.5284091033992
 20
793.3001766867854
 30
0.0
 10
1013.2979331631086
 20
793.5814902176784
 30
0.0
 10
1013.0663211672127
 20
793.8611201771232
 30
0.0
 10
1012.8335742406119
 20
794.1390527139843
 30
0.0
 10
1012.5996931362265
 20
794.415274195526
 30
0.0
 10
1012.3646783518743
 20
794.6897707980226
 30
0.0
 10
1012.1285302604742
 20
794.9625281103464
 30
0.0
 10
1011.8912492643941
 20
795.2335306400929
 30
0.0
 10
1011.652835835447
 20
795.5027619017557
 30
0.0
 10
1011.4132904938022
 20
795.7702047941141
 30
0.0
 10
1011.1726138195922
 20
796.0358419240298
 30
0.0
 10
1010.9308064469733
 20
796.2996559066966
 30
0.0
 10
1010.6878691049079
 20
796.5616298341954
 30
0.0
 10
1010.4438025116139
 20
796.8217470450759
 30
0.0
 10
1010.1986071803177
 20
797.0799904307631
 30
0.0
 10
1009.9522832429648
 20
797.3363418448489
 30
0.0
 10
1009.7048303086303
 20
797.5907815847278
 30
0.0
 10
1009.4562472306021
 20
797.8432876029815
 30
0.0
 10
1009.2065322619891
 20
798.0938358685839
 30
0.0
 10
1008.9556835266333
 20
798.3424016748435
 30
0.0
 10
1008.7036994498083
 20
798.5889608014286
 30
0.0
 10
1008.4505791238379
 20
798.8334905129673
 30
0.0
 10
1008.1963229311446
 20
799.0759712259344
 30
0.0
 10
1007.9409322068543
 20
799.3163856365345
 30
0.0
 10
1007.6844079973762
 20
799.554715452947
 30
0.0
 10
1007.4267499779097
 20
799.7909385461944
 30
0.0
 10
1007.1679555169061
 20
800.0250264760215
 30
0.0
 10
1006.9080181830553
 20
800.2569405589999
 30
0.0
 10
1006.6469284187979
 20
800.4866335846925
 30
0.0
 10
1006.3846763508329
 20
800.7140571057434
 30
0.0
 10
1006.1212542615531
 20
800.9391678353736
 30
0.0
 10
1005.8566587139342
 20
801.1619331433152
 30
0.0
 10
1005.5908940482128
 20
801.3823401097264
 30
0.0
 10
1005.3239705994886
 20
801.6003908617727
 30
0.0
 10
1005.0558979172202
 20
801.8160849207733
 30
0.0
 10
1004.7866788091306
 20
802.0294036893222
 30
0.0
 10
1004.516304226163
 20
802.2402971143168
 30
0.0
 10
1004.2447448964672
 20
802.44866191323
 30
0.0
 10
1003.9719560218804
 20
802.6543536830208
 30
0.0
 10
1003.6978928001046
 20
802.857227085994
 30
0.0
 10
1003.4225242032953
 20
803.0571715151137
 30
0.0
 10
1003.1458446717887
 20
803.2541413329262
 30
0.0
 10
1002.8678937211921
 20
803.4482066710519
 30
0.0
 10
1002.5887416761063
 20
803.6395162077091
 30
0.0
 10
1002.3084529266736
 20
803.828201528711
 30
0.0
 10
1002.0270529358745
 20
804.0142912458813
 30
0.0
 10
1001.7445000398184
 20
804.1976375318459
 30
0.0
 10
1001.4606391533647
 20
804.3777957203458
 30
0.0
 10
1001.1752430364103
 20
804.5541309822733
 30
0.0
 10
1000.8880954817895
 20
804.7260335915823
 30
0.0
 10
1000.5990673244463
 20
804.8931158196093
 30
0.0
 10
1000.3081822986908
 20
805.0553819234352
 30
0.0
 10
1000.0157213073269
 20
805.2134991913415
 30
0.0
 10
999.7220936748848
 20
805.3684565133893
 30
0.0
 10
999.4276369371122
 20
805.5210353659734
 30
0.0
 10
999.1324329729745
 20
805.6713232278295
 30
0.0
 10
998.8361337576002
 20
805.8182534104948
 30
0.0
 10
998.537738288084
 20
805.9590135646354
 30
0.0
 10
998.2358678412752
 20
806.0897920113799
 30
0.0
 10
997.9904663126008
 20
806.1833380524982
 30
0.0
 10
997.8037185345432
 20
806.2458981852379
 30
0.0
 10
997.6779574785747
 20
806.2840525734438
 30
0.0
 10
997.6147613119036
 20
806.3022416640704
 30
0.0
  0
LINE
  5
1E3
330
17
100
AcDbEntity
  8
cut
 62
5
420
255
100
AcDbLine
 10
997.6147613119036
 20
806.3022416640704
 30
0.0
 11
993.497968501676
 21
807.4871350122055
 31
0.0
  0
ARC
  5
1E4
330
17
100
AcDbEntity
  8
cut
 62
5
420
255
100
AcDbCircle
 10
995.1575146762086
 20
813.2530613466806
 30
0.0
 40
5.999999999999982
100
AcDbArc
 50
167.1089605949568
 51
-106.0568515703546
  0
CIRCLE
  5
1E5
330
17
100
AcDbEntity
  8
cut
 62
5
420
255
100
AcDbCircle
 10
889.2507927418743
 20
837.4915075453048
 30
0.0
 40
3.9
  0
CIRCLE
  5
1E6
330
17
100
AcDbEntity
  8
cut
 62
5
420
255
100
AcDbCircle
 10
889.2507927418743
 20
927.4915082605605
 30
0.0
 40
3.9
  0
LWPOLYLINE
  5
1E7
330
17
100
AcDbEntity
  8
line engraving
 62
1
420
16711680
100
AcDbPolyline
 90
50
 70
0
 10
904.7021484717516
 20
848.4368200453048
 10
904.7021484717516
 20
849.5208284013758
 10
904.4858776814954
 20
849.2212598608104
 10
904.2455908479027
 20
848.9616337923205
 10
903.9812879709735
 20
848.7419501959059
 10
903.6929690507079
 20
848.5622090715667
 10
903.3806340871058
 20
848.422410419303
 10
903.0442830801674
 20
848.3225542391145
 10
902.6839160298923
 20
848.2626405310015
 10
902.2995329362809
 20
848.2426692949638
 10
901.79620722804
 20
848.278061358828
 10
901.3136111572052
 20
848.3842375504207
 10
900.8517447237766
 20
848.561197869742
 10
900.4106079277543
 20
848.8089423167918
 10
900.0041047942277
 20
849.120139678341
 10
899.6461393482864
 20
849.4874587411608
 10
899.3367115899302
 20
849.9108995052511
 10
899.0758215191595
 20
850.3904619706118
 10
898.8687779455536
 20
850.9170453208206
 10
898.7208896786922
 20
851.4815487394555
 10
898.6321567185754
 20
852.0839722265164
 10
898.6025790652031
 20
852.7243157820033
 10
898.6293759135575
 20
853.3525249155938
 10
898.7097664586206
 20
853.950903595356
 10
898.8437507003924
 20
854.5194518212896
 10
899.031328638873
 20
855.0581695933948
 10
899.1452152443791
 20
855.3124236521911
 10
899.2725002740623
 20
855.5513832833889
 10
899.4131837279227
 20
855.7750484869882
 10
899.5672656059603
 20
855.983419262989
 10
899.7347459081751
 20
856.1764956113914
 10
899.915624634567
 20
856.3542775321952
 10
900.1099017851362
 20
856.5167650254006
 10
900.3175773598825
 20
856.6639580910074
 10
900.7589669563611
 20
856.9081633316708
 10
901.2256365984568
 20
857.0825956464304
 10
901.71758628617
 20
857.1872550352861
 10
902.2348160195005
 20
857.222141498238
 10
902.6124999010234
 20
857.201664661288
 10
902.9689485442277
 20
857.1402341504379
 10
903.3041619491134
 20
857.0378499656877
 10
903.6181401156806
 20
856.8945121070374
 10
903.9073438375428
 20
856.7183101890846
 10
904.1682339083136
 20
856.5173338264269
 10
904.400810327993
 20
856.2915830190642
 10
904.605073096581
 20
856.0410577669965
 10
904.605073096581
 20
860.2961950453048
 10
906.0531141095414
 20
860.2961950453048
 10
906.0531141095414
 20
848.4368200453048
 10
904.7021484717516
 20
848.4368200453048
  0
LWPOLYLINE
  5
1E8
330
17
100
AcDbEntity
  8
line engraving
 62
1
420
16711680
100
AcDbPolyline
 90
65
 70
0
 10
900.0991577657488
 20
852.7243157820033
 10
900.1100281853643
 20
852.3247646610214
 10
900.1426394442107
 20
851.9512519870254
 10
900.1969915422878
 20
851.6037777600153
 10
900.273084479596
 20
851.2823419799911
 10
900.370918256135
 20
850.9869446469526
 10
900.4904928719051
 20
850.7175857609
 10
900.6318083269059
 20
850.4742653218332
 10
900.7948646211377
 20
850.2569833297523
 10
900.9727097420555
 20
850.065486984201
 10
901.1583916771148
 20
849.8995234847233
 10
901.3519104263154
 20
849.7590928313191
 10
901.5532659896573
 20
849.6441950239883
 10
901.7624583671408
 20
849.5548300627311
 10
901.9794875587655
 20
849.4909979475473
 10
902.2043535645316
 20
849.4526986784371
 10
902.4370563844391
 20
849.4399322554003
 10
902.6712128069696
 20
849.4521298774107
 10
902.896394813306
 20
849.4887227434417
 10
903.1126024034481
 20
849.5497108534936
 10
903.3198355773961
 20
849.635094207566
 10
903.5180943351501
 20
849.7448728056593
 10
903.7073786767098
 20
849.8790466477732
 10
903.8876886020754
 20
850.0376157339078
 10
904.0590241112468
 20
850.2205800640633
 10
904.215444393504
 20
850.4285716393798
 10
904.3510086381269
 20
850.662222460998
 10
904.4657168451155
 20
850.9215325289176
 10
904.5595690144698
 20
851.206501843139
 10
904.6325651461898
 20
851.5171304036619
 10
904.6847052402755
 20
851.8534182104863
 10
904.715989296727
 20
852.2153652636125
 10
904.7264173155442
 20
852.6029715630401
 10
904.7157996963849
 20
853.0291931321482
 10
904.6839468389071
 20
853.4260898483402
 10
904.6308587431107
 20
853.7936617116162
 10
904.5565354089957
 20
854.1319087219761
 10
904.4609768365623
 20
854.4408308794198
 10
904.3441830258103
 20
854.7204281839473
 10
904.2061539767396
 20
854.9707006355588
 10
904.0468896893505
 20
855.1916482342543
 10
903.8720781739066
 20
855.3850405832269
 10
903.6874074406721
 20
855.5526472856698
 10
903.4928774896467
 20
855.6944683415829
 10
903.2884883208307
 20
855.8105037509665
 10
903.0742399342239
 20
855.9007535138203
 10
902.8501323298262
 20
855.9652176301445
 10
902.6161655076379
 20
856.0038960999391
 10
902.3723394676588
 20
856.0167889232039
 10
902.1346438387419
 20
856.0044017008514
 10
901.9069338278438
 20
855.9672400337939
 10
901.6892094349646
 20
855.9053039220314
 10
901.4814706601042
 20
855.8185933655641
 10
901.2837175032627
 20
855.7071083643916
 10
901.09594996444
 20
855.5708489185142
 10
900.9181680436361
 20
855.4098150279318
 10
900.7503717408512
 20
855.2240066926445
 10
900.5977434654366
 20
855.0115279092308
 10
900.4654656267439
 20
854.7704826742696
 10
900.3535382247732
 20
854.5008709877609
 10
900.2619612595245
 20
854.2026928497045
 10
900.1907347309976
 20
853.8759482601006
 10
900.1398586391928
 20
853.520637218949
 10
900.1093329841098
 20
853.1367597262499
 10
900.0991577657488
 20
852.7243157820033
  0
LWPOLYLINE
  5
1E9
330
17
100
AcDbEntity
  8
line engraving
 62
1
420
16711680
100
AcDbPolyline
 90
35
 70
0
 10
908.3262958114514
 20
848.4368200453048
 10
908.3262958114514
 20
857.0279907478969
 10
909.6368133762536
 20
857.0279907478969
 10
909.6368133762536
 20
855.7255627976922
 10
909.8827882201101
 20
856.1436947522028
 10
910.1191566466322
 20
856.483964166212
 10
910.3459186558196
 20
856.7463710397199
 10
910.5630742476724
 20
856.9309153727263
 10
910.7807354404375
 20
857.0583268026377
 10
911.009014252362
 20
857.1493349668601
 10
911.2479106834458
 20
857.2039398653935
 10
911.4974247336888
 20
857.222141498238
 10
911.867019000614
 20
857.1928166453218
 10
912.2396468730135
 20
857.1048420865736
 10
912.615308350887
 20
856.958217821993
 10
912.9940034342345
 20
856.7529438515803
 10
912.4924473291867
 20
855.4019782137905
 10
912.2254900474677
 20
855.5400072628611
 10
911.9585327657488
 20
855.6385994407686
 10
911.6915754840298
 20
855.6977547475133
 10
911.4246182023109
 20
855.7174731830947
 10
911.1920417826315
 20
855.6995243507064
 10
910.9715997848484
 20
855.6456778535415
 10
910.7632922089616
 20
855.5559336916
 10
910.5671190549712
 20
855.4302918648818
 10
910.3906643365623
 20
855.2727971806859
 10
910.24151206742
 20
855.087494446311
 10
910.1196622475445
 20
854.8743836617568
 10
910.0251148769357
 20
854.6334648270238
 10
909.9189386853429
 20
854.2360625099194
 10
909.843098548491
 20
853.8204585599706
 10
909.7975944663797
 20
853.3866529771772
 10
909.7824264390093
 20
852.9346457615394
 10
909.7824264390093
 20
848.4368200453048
 10
908.3262958114514
 20
848.4368200453048
  0
LWPOLYLINE
  5
1EA
330
17
100
AcDbEntity
  8
line engraving
 62
1
420
16711680
100
AcDbPolyline
 90
5
 70
0
 10
913.8676818107692
 20
858.6216448236131
 10
913.8676818107692
 20
860.2961950453048
 10
915.3238124383272
 20
860.2961950453048
 10
915.3238124383272
 20
858.6216448236131
 10
913.8676818107692
 20
858.6216448236131
  0
LWPOLYLINE
  5
1EB
330
17
100
AcDbEntity
  8
line engraving
 62
1
420
16711680
100
AcDbPolyline
 90
5
 70
0
 10
913.8676818107692
 20
848.4368200453048
 10
913.8676818107692
 20
857.0279907478969
 10
915.3238124383272
 20
857.0279907478969
 10
915.3238124383272
 20
848.4368200453048
 10
913.8676818107692
 20
848.4368200453048
  0
LWPOLYLINE
  5
1EC
330
17
100
AcDbEntity
  8
line engraving
 62
1
420
16711680
100
AcDbPolyline
 90
16
 70
0
 10
919.9268031443299
 20
848.4368200453048
 10
916.658598846922
 20
857.0279907478969
 10
918.1956256204555
 20
857.0279907478969
 10
920.0400577486956
 20
851.8829958638587
 10
920.1866820132761
 20
851.4623359047864
 10
920.3272390669084
 20
851.0335863311166
 10
920.4617289095926
 20
850.5967471428492
 10
920.5901515413286
 20
850.1518183399842
 10
920.6968333338338
 20
850.5087725841008
 10
920.822727961008
 20
850.9001076902571
 10
920.9678354228514
 20
851.3258236584528
 10
921.132155719364
 20
851.7859204886881
 10
923.0413047643846
 20
857.0279907478969
 10
924.5378834649302
 20
857.0279907478969
 10
921.2858583967175
 20
848.4368200453048
 10
919.9268031443299
 20
848.4368200453048
  0
LWPOLYLINE
  5
1ED
330
17
100
AcDbEntity
  8
line engraving
 62
1
420
16711680
100
AcDbPolyline
 90
95
 70
0
 10
931.7052819983545
 20
851.203468237665
 10
933.2099503134978
 20
851.0174071019214
 10
933.1114845358182
 20
850.6969825237219
 10
932.9940587239258
 20
850.3950123788229
 10
932.8576728778203
 20
850.1114966672246
 10
932.7023269975018
 20
849.8464353889269
 10
932.5280210829704
 20
849.5998285439299
 10
932.3347551342259
 20
849.3716761322336
 10
932.1225291512685
 20
849.1619781538378
 10
931.8913431340981
 20
848.9707346087428
 10
931.6423346847674
 20
848.8000943008258
 10
931.3766414053293
 20
848.6522060339645
 10
931.0942632957838
 20
848.5270698081587
 10
930.7952003561307
 20
848.4246856234085
 10
930.4794525863704
 20
848.3450534797139
 10
930.1470199865025
 20
848.2881733770749
 10
929.7979025565272
 20
848.2540453154916
 10
929.4321002964446
 20
848.2426692949638
 10
928.9730778681479
 20
848.2608077276942
 10
928.538450683872
 20
848.3152230258855
 10
928.1282187436169
 20
848.4059151895376
 10
927.7423820473825
 20
848.5328842186507
 10
927.3809405951688
 20
848.6961301132245
 10
927.0438943869758
 20
848.8956528732592
 10
926.7312434228036
 20
849.1314524987548
 10
926.442987702652
 20
849.4035289897113
 10
926.1841832356446
 20
849.7083431397422
 10
925.9598860309048
 20
850.0423557424612
 10
925.7700960884328
 20
850.405566797868
 10
925.6148134082283
 20
850.797976305963
 10
925.4940379902915
 20
851.219584266746
 10
925.4077698346224
 20
851.670390680217
 10
925.3560089412209
 20
852.150395546376
 10
925.3387553100871
 20
852.659598865223
 10
925.356198541563
 20
853.186435015888
 10
925.408528235991
 20
853.6829351118123
 10
925.4957443933707
 20
854.1490991529957
 10
925.6178470137024
 20
854.5849271394385
 10
925.774836096986
 20
854.9904190711403
 10
925.9667116432215
 20
855.3655749481014
 10
926.1934736524089
 20
855.7103947703218
 10
926.4551221245482
 20
856.0248785378013
 10
926.7445786468666
 20
856.3054870441537
 10
927.0547648065912
 20
856.5486810829924
 10
927.385680603722
 20
856.7544606543174
 10
927.737326038259
 20
856.9228257581289
 10
928.1097011102022
 20
857.0537763944266
 10
928.5028058195517
 20
857.1473125632107
 10
928.9166401663073
 20
857.2034342644812
 10
929.3512041504691
 20
857.222141498238
 10
929.7721169099976
 20
857.2038134651655
 10
930.1733112339446
 20
857.1488293659478
 10
930.55478712231
 20
857.057189200585
 10
930.9165445750939
 20
856.928892969077
 10
931.2585835922964
 20
856.7639406714239
 10
931.5809041739172
 20
856.5623323076258
 10
931.8835063199566
 20
856.3240678776824
 10
932.1663900304145
 20
856.049147381594
 10
932.42235049229
 20
855.7409836255188
 10
932.644182892582
 20
855.4029894156151
 10
932.8318872312907
 20
855.035164751883
 10
932.9854635084159
 20
854.6375096343226
 10
933.1049117239578
 20
854.2100240629336
 10
933.1902318779163
 20
853.7527080377162
 10
933.2414239702913
 20
853.2655615586702
 10
933.258488001083
 20
852.748584625796
 10
933.2579824001707
 20
852.6757780944181
 10
933.2564655974336
 20
852.5867923338451
 10
933.2539375928719
 20
852.481627344077
 10
933.2503983864855
 20
852.3602831251138
 10
926.8434236252303
 20
852.3602831251138
 10
926.873633279743
 20
852.0167273051744
 10
926.9238141702934
 20
851.6939011226411
 10
926.9939662968816
 20
851.3918045775141
 10
927.0840896595073
 20
851.1104376697932
 10
927.1941842581707
 20
850.8498003994786
 10
927.3242500928719
 20
850.6098927665702
 10
927.4742871636108
 20
850.3907147710679
 10
927.6442954703873
 20
850.1922664129719
 10
927.8298510052184
 20
850.0159380947911
 10
928.0265297601213
 20
849.8631202190343
 10
928.2343317350957
 20
849.7338127857017
 10
928.4532569301417
 20
849.6280157947932
 10
928.6833053452594
 20
849.5457292463088
 10
928.9244769804486
 20
849.4869531402485
 10
929.1767718357096
 20
849.4516874766124
 10
929.4401899110421
 20
849.4399322554003
 10
929.8259634071625
 20
849.4662235028424
 10
930.1824120503668
 20
849.5450972451683
 10
930.509535840655
 20
849.6765534823785
 10
930.8073347780271
 20
849.8605922144726
 10
931.0758088624831
 20
850.1022694505742
 10
931.314958094023
 20
850.4066411998068
 10
931.5247824726468
 20
850.7737074621705
 10
931.7052819983545
 20
851.203468237665
  0
LWPOLYLINE
  5
1EE
330
17
100
AcDbEntity
  8
line engraving
 62
1
420
16711680
100
AcDbPolyline
 90
34
 70
0
 10
926.9243197712058
 20
853.5575460855504
 10
931.7214612275496
 20
853.5575460855504
 10
931.6916307737212
 20
853.8200793592863
 10
931.6506770998211
 20
854.0656750024586
 10
931.5986002058494
 20
854.2943330150673
 10
931.5354000918061
 20
854.5060533971125
 10
931.4610767576912
 20
854.7008361485939
 10
931.3756302035047
 20
854.8786812695118
 10
931.2790604292464
 20
855.0395887598661
 10
931.1713674349166
 20
855.1835586196568
 10
930.990994309437
 20
855.3807429754719
 10
930.7977283606925
 20
855.551636083845
 10
930.5915695886832
 20
855.6962379447762
 10
930.3725179934091
 20
855.8145485582652
 10
930.1405735748701
 20
855.9065679243123
 10
929.8957363330663
 20
855.9722960429173
 10
929.6380062679978
 20
856.0117329140803
 10
929.3673833796643
 20
856.0248785378013
 10
929.1215981361498
 20
856.0143873188701
 10
928.8857985106542
 20
855.9829136620766
 10
928.6599845031774
 20
855.9304575674206
 10
928.4441561137195
 20
855.8570190349024
 10
928.2383133422804
 20
855.7625980645216
 10
928.0424561888601
 20
855.6471946562785
 10
927.8565846534588
 20
855.510808810173
 10
927.6806987360762
 20
855.3534405262052
 10
927.5193488449237
 20
855.1785026105333
 10
927.3770853882122
 20
854.9894078693158
 10
927.2539083659417
 20
854.7861563025524
 10
927.1498177781124
 20
854.5687479102435
 10
927.0648136247241
 20
854.3371826923888
 10
926.9988959057769
 20
854.0914606489883
 10
926.9520646212708
 20
853.8315817800421
 10
926.9243197712058
 20
853.5575460855504
  0
LWPOLYLINE
  5
1EF
330
17
100
AcDbEntity
  8
line engraving
 62
1
420
16711680
100
AcDbPolyline
 90
61
 70
0
 10
935.0382032125428
 20
848.4368200453048
 10
935.0382032125428
 20
857.0279907478969
 10
936.348720777345
 20
857.0279907478969
 10
936.348720777345
 20
855.8064589436676
 10
936.5984876280442
 20
856.1382595423951
 10
936.8745457261854
 20
856.4258200612921
 10
937.1768950717686
 20
856.6691405003589
 10
937.5055356647938
 20
856.8682208595953
 10
937.8604675052611
 20
857.0230611390016
 10
938.2416905931703
 20
857.1336613385773
 10
938.6492049285217
 20
857.2000214583228
 10
939.083010511315
 20
857.222141498238
 10
939.4634751978557
 20
857.2046982667621
 10
939.8282662561137
 20
857.1523685723341
 10
940.177383686089
 20
857.0651524149544
 10
940.5108274877815
 20
856.9430497946227
 10
940.8159576383827
 20
856.7926335231996
 10
941.0801341150838
 20
856.6204764125456
 10
941.3033569178847
 20
856.4265784626607
 10
941.4856260467857
 20
856.2109396735449
 10
941.6352839168402
 20
855.9738128456544
 10
941.7606729431021
 20
855.7154507794453
 10
941.8617931255715
 20
855.4358534749177
 10
941.9386444642481
 20
855.1350209320715
 10
941.9740365281124
 20
854.8948604987069
 10
941.9993165737296
 20
854.5788599284904
 10
942.0144846011001
 20
854.1870192214218
 10
942.0195406102235
 20
853.7193383775012
 10
942.0195406102235
 20
848.4368200453048
 10
940.5634099826656
 20
848.4368200453048
 10
940.5634099826656
 20
853.6627110753184
 10
940.5527923635063
 20
854.0795790275481
 10
940.5209395060285
 20
854.4403252785073
 10
940.4678514102321
 20
854.7449498281961
 10
940.3935280761171
 20
854.9934526766144
 10
940.2921550931917
 20
855.2027714543259
 10
940.1579180509636
 20
855.3898437918941
 10
939.9908169494331
 20
855.5546696893191
 10
939.7908517886001
 20
855.6972491466008
 10
939.5651009812374
 20
855.8122733541596
 10
939.3206429401179
 20
855.894433502416
 10
939.0574776652414
 20
855.9437295913698
 10
938.7756051566083
 20
855.960161621021
 10
938.5470103441137
 20
855.9509344043707
 10
938.3263787459884
 20
855.9232527544198
 10
938.1137103622326
 20
855.8771166711681
 10
937.9090051928463
 20
855.8125261546159
 10
937.7122632378295
 20
855.7294812047629
 10
937.5234844971822
 20
855.6279818216094
 10
937.3426689709042
 20
855.5080280051552
 10
937.1698166589957
 20
855.3696197554003
 10
937.0115003733172
 20
855.2054258591157
 10
936.8742929257292
 20
855.0081151030726
 10
936.7581943162317
 20
854.7776874872706
 10
936.6632045448246
 20
854.51414301171
 10
936.5893236115079
 20
854.2174816763907
 10
936.5365515162817
 20
853.8877034813127
 10
936.504888259146
 20
853.5248084264759
 10
936.4943338401008
 20
853.1287965118805
 10
936.4943338401008
 20
848.4368200453048
 10
935.0382032125428
 20
848.4368200453048
  0
LWPOLYLINE
  5
1F0
330
17
100
AcDbEntity
  8
line engraving
 62
1
420
16711680
100
AcDbPolyline
 90
105
 70
0
 10
948.5883076634295
 20
847.7249339607209
 10
950.0039902179998
 20
847.5146039811847
 10
950.0682015338678
 20
847.2092210301274
 10
950.1718497208989
 20
846.9483309593567
 10
950.3149347790929
 20
846.7319337688723
 10
950.49745670845
 20
846.5600294586745
 10
950.7932332421727
 20
846.3830691393532
 10
951.1385586653054
 20
846.2566689112666
 10
951.5334329778481
 20
846.1808287744146
 10
951.9778561798006
 20
846.1555487287973
 10
952.4546378401434
 20
846.1808287744146
 10
952.8737809964787
 20
846.2566689112666
 10
953.2352856488064
 20
846.3830691393532
 10
953.5391517971267
 20
846.5600294586745
 10
953.7919522533
 20
846.782493860107
 10
954.0002598291867
 20
847.0454063345271
 10
954.164074524787
 20
847.348766881935
 10
954.2833963401008
 20
847.6925755023307
 10
954.3098139877709
 20
847.8191021306454
 10
954.3324396285984
 20
847.9762176141571
 10
954.3512732625833
 20
848.1639219528657
 10
954.3663148897256
 20
848.3822151467714
 10
954.3775645100253
 20
848.631097195874
 10
954.3850221234824
 20
848.9105681001735
 10
954.3886877300969
 20
849.22062785967
 10
954.3885613298688
 20
849.5612764743635
 10
954.1425864860123
 20
849.2977319988029
 10
953.8819492156977
 20
849.0693267866503
 10
953.606649518925
 20
848.8760608379058
 10
953.3166873956943
 20
848.7179341525695
 10
953.0120628460055
 20
848.5949467306411
 10
952.6927758698587
 20
848.507098572121
 10
952.3588264672538
 20
848.4543896770089
 10
952.0102146381909
 20
848.4368200453048
 10
951.5798218615558
 20
848.4567912813425
 10
951.1744563300821
 20
848.5167049894555
 10
950.7941180437693
 20
848.616561169644
 10
950.4388070026179
 20
848.7563598219078
 10
950.1085232066274
 20
848.9361009462469
 10
949.8032666557982
 20
849.1557845426615
 10
949.5230373501302
 20
849.4154106111514
 10
949.2678352896232
 20
849.7149791517168
 10
949.0403148790673
 20
850.0424821426892
 10
948.8431305232522
 20
850.3859115624007
 10
948.6762822221779
 20
850.7452674108509
 10
948.5397699758443
 20
851.1205496880401
 10
948.4335937842516
 20
851.5117583939683
 10
948.3577536473996
 20
851.9188935286353
 10
948.3122495652883
 20
852.3419550920413
 10
948.297081537918
 20
852.7809430841861
 10
948.324889588097
 20
853.3838721721593
 10
948.4083137386342
 20
853.9630380172523
 10
948.5473539895295
 20
854.5184406194649
 10
948.7420103407829
 20
855.0500799787973
 10
948.9895019873766
 20
855.5402600633172
 10
949.2870481242925
 20
855.9712848410927
 10
949.6346487515307
 20
856.3431543121235
 10
950.0323038690913
 20
856.6558684764099
 10
950.4734406651136
 20
856.9036129234597
 10
950.9514863277373
 20
857.0805732427809
 10
951.4664408569621
 20
857.1867494343737
 10
952.0183042527883
 20
857.222141498238
 10
952.3901737238192
 20
857.2029286635689
 10
952.7453583647426
 20
857.1452901595613
 10
953.0838581755586
 20
857.0492259862154
 10
953.4056731562672
 20
856.9147361435313
 10
953.7108033068683
 20
856.7418206315087
 10
953.999248627362
 20
856.5304794501479
 10
954.2710091177482
 20
856.2807125994487
 10
954.5260847780271
 20
855.9925200794112
 10
954.5260847780271
 20
857.0279907478969
 10
955.8689608012195
 20
857.0279907478969
 10
955.8689608012195
 20
849.6017245473512
 10
955.8625775897011
 20
849.118433275262
 10
955.843427955146
 20
848.6716716690897
 10
955.811511897554
 20
848.2614397288346
 10
955.7668294169255
 20
847.8877374544965
 10
955.70938051326
 20
847.5505648460754
 10
955.639165186558
 20
847.2499219035714
 10
955.5561834368191
 20
846.9858086269843
 10
955.4604352640434
 20
846.7582250163143
 10
955.226342041627
 20
846.3615811005785
 10
954.9325879115537
 20
846.0089244642168
 10
954.5791728738235
 20
845.7002551072293
 10
954.1660969284364
 20
845.4355730296159
 10
953.6976576831473
 20
845.2232206464303
 10
953.1781527457113
 20
845.0715403727263
 10
952.6075821161282
 20
844.980532208504
 10
951.9859457943982
 20
844.9501961537632
 10
951.6109163176651
 20
844.9610033732646
 10
951.2543412742327
 20
844.9934250317688
 10
950.916220664101
 20
845.0474611292758
 10
950.5965544872699
 20
845.1231116657857
 10
950.2953427437395
 20
845.2203766412983
 10
950.0125854335097
 20
845.3392560558138
 10
949.7482825565805
 20
845.4797499093321
 10
949.5024341129521
 20
845.6418582018532
 10
949.2811073135724
 20
845.8257073336052
 10
949.0903693693897
 20
846.0314237048162
 10
948.9302202804039
 20
846.2590073154862
 10
948.8006600466151
 20
846.5084581656151
 10
948.7016886680233
 20
846.7797762552032
 10
948.6333061446284
 20
847.07296158425
 10
948.5955124764305
 20
847.388014152756
 10
948.5883076634295
 20
847.7249339607209
  0
LWPOLYLINE
  5
1F1
330
17
100
AcDbEntity
  8
line engraving
 62
1
420
16711680
100
AcDbPolyline
 90
65
 70
0
 10
949.7936602384636
 20
852.8861080739541
 10
949.8041514573948
 20
852.4777089370062
 10
949.8356251141884
 20
852.097876251606
 10
949.8880812088444
 20
851.7466100177531
 10
949.9615197413627
 20
851.423910235448
 10
950.0559407117435
 20
851.1297769046904
 10
950.1713441199865
 20
850.8642100254805
 10
950.307729966092
 20
850.627209597818
 10
950.4650982500599
 20
850.4187756217032
 10
950.6382665625385
 20
850.2367592932584
 10
950.8220524941765
 20
850.0790118086063
 10
951.0164560449738
 20
849.9455331677468
 10
951.2214772149302
 20
849.83632337068
 10
951.4371160040461
 20
849.7513824174057
 10
951.6633724123211
 20
849.6907103079242
 10
951.9002464397554
 20
849.6543070422352
 10
952.147738086349
 20
849.6421726203389
 10
952.3934601297494
 20
849.6542438421212
 10
952.6290701549029
 20
849.690457507468
 10
952.8545681618094
 20
849.7508136163793
 10
953.0699541504691
 20
849.8353121688552
 10
953.2752281208818
 20
849.9439531648957
 10
953.4703900730475
 20
850.0767366045008
 10
953.6554400069664
 20
850.2336624876702
 10
953.8303779226383
 20
850.4147308144044
 10
953.9896422100275
 20
850.6215847876681
 10
954.127671259098
 20
850.8558676104267
 10
954.2444650698501
 20
851.1175792826801
 10
954.3400236422835
 20
851.4067198044282
 10
954.4143469763985
 20
851.7232891756712
 10
954.4674350721948
 20
852.067287396409
 10
954.4992879296727
 20
852.4387144666416
 10
954.509905548832
 20
852.837570386369
 10
954.4989719291025
 20
853.219804676103
 10
954.466171069914
 20
853.5777701220443
 10
954.4115029712665
 20
853.9114667241929
 10
954.3349676331601
 20
854.220894482549
 10
954.2365650555946
 20
854.5060533971124
 10
954.1162952385703
 20
854.7669434678833
 10
953.9741581820869
 20
855.0035646948614
 10
953.8101538861445
 20
855.2159170780469
 10
953.6307287623755
 20
855.4036214167555
 10
953.4423292224124
 20
855.5662985103031
 10
953.244955266255
 20
855.7039483586894
 10
953.0386068939036
 20
855.8165709619146
 10
952.8232841053581
 20
855.9041663199787
 10
952.5989869006183
 20
855.9667344328816
 10
952.3657152796844
 20
856.0042753006232
 10
952.1234692425564
 20
856.0167889232039
 10
951.8853312128413
 20
856.0044649009654
 10
951.6562939995483
 20
855.96749283425
 10
951.4363576026775
 20
855.9058727230579
 10
951.225522022229
 20
855.8196045673888
 10
951.0237872582028
 20
855.7086883672426
 10
950.8311533105987
 20
855.5731241226198
 10
950.6476201794169
 20
855.41291183352
 10
950.4731878646573
 20
855.2280514999433
 10
950.3139235772682
 20
855.0189223225739
 10
950.1758945281977
 20
854.7859035020962
 10
950.0591007174455
 20
854.5289950385102
 10
949.9635421450121
 20
854.2481969318156
 10
949.8892188108971
 20
853.9435091820128
 10
949.8361307151008
 20
853.6149317891017
 10
949.8042778576229
 20
853.2624647530821
 10
949.7936602384636
 20
852.8861080739541
  0
LWPOLYLINE
  5
1F2
330
17
100
AcDbEntity
  8
line engraving
 62
1
420
16711680
100
AcDbPolyline
 90
95
 70
0
 10
963.9504857841663
 20
851.203468237665
 10
965.4551540993095
 20
851.0174071019214
 10
965.35668832163
 20
850.6969825237219
 10
965.2392625097375
 20
850.3950123788229
 10
965.1028766636321
 20
850.1114966672246
 10
964.9475307833136
 20
849.8464353889269
 10
964.7732248687821
 20
849.5998285439299
 10
964.5799589200376
 20
849.3716761322336
 10
964.3677329370802
 20
849.1619781538378
 10
964.1365469199097
 20
848.9707346087428
 10
963.8875384705791
 20
848.8000943008258
 10
963.621845191141
 20
848.6522060339645
 10
963.3394670815954
 20
848.5270698081587
 10
963.0404041419425
 20
848.4246856234085
 10
962.7246563721822
 20
848.3450534797139
 10
962.3922237723143
 20
848.2881733770749
 10
962.043106342339
 20
848.2540453154916
 10
961.6773040822563
 20
848.2426692949638
 10
961.2182816539597
 20
848.2608077276942
 10
960.7836544696838
 20
848.3152230258855
 10
960.3734225294287
 20
848.4059151895376
 10
959.9875858331943
 20
848.5328842186507
 10
959.6261443809806
 20
848.6961301132245
 10
959.2890981727875
 20
848.8956528732592
 10
958.9764472086152
 20
849.1314524987548
 10
958.6881914884636
 20
849.4035289897113
 10
958.4293870214563
 20
849.7083431397422
 10
958.2050898167165
 20
850.0423557424612
 10
958.0152998742445
 20
850.405566797868
 10
957.8600171940401
 20
850.797976305963
 10
957.7392417761033
 20
851.219584266746
 10
957.6529736204342
 20
851.670390680217
 10
957.6012127270327
 20
852.150395546376
 10
957.5839590958989
 20
852.659598865223
 10
957.6014023273748
 20
853.186435015888
 10
957.6537320218027
 20
853.6829351118123
 10
957.7409481791825
 20
854.1490991529957
 10
957.8630507995142
 20
854.5849271394385
 10
958.0200398827977
 20
854.9904190711403
 10
958.2119154290333
 20
855.3655749481014
 10
958.4386774382207
 20
855.7103947703218
 10
958.70032591036
 20
856.0248785378013
 10
958.9897824326783
 20
856.3054870441537
 10
959.2999685924029
 20
856.5486810829924
 10
959.6308843895338
 20
856.7544606543174
 10
959.9825298240708
 20
856.9228257581289
 10
960.354904896014
 20
857.0537763944266
 10
960.7480096053634
 20
857.1473125632107
 10
961.161843952119
 20
857.2034342644812
 10
961.5964079362809
 20
857.222141498238
 10
962.0173206958094
 20
857.2038134651655
 10
962.4185150197563
 20
857.1488293659478
 10
962.7999909081218
 20
857.057189200585
 10
963.1617483609057
 20
856.928892969077
 10
963.5037873781081
 20
856.7639406714239
 10
963.826107959729
 20
856.5623323076258
 10
964.1287101057684
 20
856.3240678776824
 10
964.4115938162263
 20
856.049147381594
 10
964.6675542781018
 20
855.7409836255188
 10
964.8893866783937
 20
855.4029894156151
 10
965.0770910171025
 20
855.035164751883
 10
965.2306672942277
 20
854.6375096343226
 10
965.3501155097696
 20
854.2100240629336
 10
965.4354356637281
 20
853.7527080377162
 10
965.4866277561031
 20
853.2655615586702
 10
965.5036917868948
 20
852.748584625796
 10
965.5031861859825
 20
852.6757780944181
 10
965.5016693832454
 20
852.5867923338451
 10
965.4991413786837
 20
852.481627344077
 10
965.4956021722973
 20
852.3602831251138
 10
959.0886274110421
 20
852.3602831251138
 10
959.1188370655548
 20
852.0167273051744
 10
959.1690179561052
 20
851.6939011226411
 10
959.2391700826932
 20
851.3918045775141
 10
959.3292934453191
 20
851.1104376697932
 10
959.4393880439825
 20
850.8498003994786
 10
959.5694538786836
 20
850.6098927665702
 10
959.7194909494225
 20
850.3907147710679
 10
959.889499256199
 20
850.1922664129719
 10
960.0750547910302
 20
850.0159380947911
 10
960.271733545933
 20
849.8631202190343
 10
960.4795355209075
 20
849.7338127857017
 10
960.6984607159535
 20
849.6280157947932
 10
960.9285091310711
 20
849.5457292463088
 10
961.1696807662604
 20
849.4869531402485
 10
961.4219756215214
 20
849.4516874766124
 10
961.6853936968539
 20
849.4399322554003
 10
962.0711671929743
 20
849.4662235028424
 10
962.4276158361786
 20
849.5450972451683
 10
962.7547396264667
 20
849.6765534823785
 10
963.0525385638389
 20
849.8605922144726
 10
963.3210126482949
 20
850.1022694505742
 10
963.5601618798348
 20
850.4066411998068
 10
963.7699862584586
 20
850.7737074621705
 10
963.9504857841663
 20
851.203468237665
  0
LWPOLYLINE
  5
1F3
330
17
100
AcDbEntity
  8
line engraving
 62
1
420
16711680
100
AcDbPolyline
 90
34
 70
0
 10
959.1695235570176
 20
853.5575460855504
 10
963.9666650133613
 20
853.5575460855504
 10
963.9368345595328
 20
853.8200793592863
 10
963.8958808856328
 20
854.0656750024586
 10
963.8438039916612
 20
854.2943330150673
 10
963.7806038776179
 20
854.5060533971125
 10
963.7062805435029
 20
854.7008361485939
 10
963.6208339893163
 20
854.8786812695118
 10
963.5242642150581
 20
855.0395887598661
 10
963.4165712207283
 20
855.1835586196568
 10
963.2361980952487
 20
855.3807429754719
 10
963.0429321465042
 20
855.551636083845
 10
962.8367733744949
 20
855.6962379447762
 10
962.6177217792208
 20
855.8145485582652
 10
962.3857773606818
 20
855.9065679243123
 10
962.140940118878
 20
855.9722960429173
 10
961.8832100538094
 20
856.0117329140803
 10
961.6125871654759
 20
856.0248785378013
 10
961.3668019219615
 20
856.0143873188701
 10
961.1310022964659
 20
855.9829136620766
 10
960.9051882889892
 20
855.9304575674206
 10
960.6893598995312
 20
855.8570190349024
 10
960.4835171280921
 20
855.7625980645216
 10
960.2876599746719
 20
855.6471946562785
 10
960.1017884392704
 20
855.510808810173
 10
959.9259025218879
 20
855.3534405262052
 10
959.7645526307354
 20
855.1785026105333
 10
959.6222891740239
 20
854.9894078693158
 10
959.4991121517534
 20
854.7861563025524
 10
959.395021563924
 20
854.5687479102435
 10
959.3100174105358
 20
854.3371826923888
 10
959.2440996915886
 20
854.0914606489883
 10
959.1972684070826
 20
853.8315817800421
 10
959.1695235570176
 20
853.5575460855504
  0
LWPOLYLINE
  5
1F4
330
17
100
AcDbEntity
  8
line engraving
 62
1
420
16711680
100
AcDbPolyline
 90
128
 70
0
 10
972.8895099144528
 20
849.496559557583
 10
972.4888211914182
 20
849.1780309828048
 10
972.0957164820687
 20
848.9100624992611
 10
971.7101957864045
 20
848.6926541069521
 10
971.3322591044255
 20
848.5258058058778
 10
970.9512888169724
 20
848.4019335823529
 10
970.5566673048859
 20
848.3134534226923
 10
970.148394568166
 20
848.2603653268959
 10
969.7264706068129
 20
848.2426692949638
 10
969.3827883866453
 20
848.2534765144652
 10
969.0595830034279
 20
848.2858981729694
 10
968.7568544571603
 20
848.3399342704764
 10
968.4746027478429
 20
848.4155848069863
 10
968.2128278754755
 20
848.512849782499
 10
967.9715298400581
 20
848.6317291970144
 10
967.7507086415908
 20
848.7722230505326
 10
967.5503642800735
 20
848.9343313430537
 10
967.3721399584714
 20
849.1132508659103
 10
967.2176788797495
 20
849.3041784104352
 10
967.0869810439079
 20
849.5071139766283
 10
966.9800464509467
 20
849.7220575644897
 10
966.8968751008656
 20
849.9490091740191
 10
966.837466993665
 20
850.1879688052169
 10
966.8018221293445
 20
850.4389364580829
 10
966.7899405079044
 20
850.7019121326172
 10
966.8078893402926
 20
851.0105814896048
 10
966.8617358374576
 20
851.3055996219589
 10
966.951479999399
 20
851.5869665296798
 10
967.0771218261171
 20
851.8546822127672
 10
967.2318357052952
 20
852.1026794602732
 10
967.4087960246164
 20
852.3248910612494
 10
967.608002784081
 20
852.5213170156961
 10
967.8294559836887
 20
852.6919573236131
 10
968.0693636165972
 20
852.8400983909306
 10
968.3239336759636
 20
852.969026623579
 10
968.5931661617882
 20
853.0787420215582
 10
968.8770610740708
 20
853.1692445848682
 10
969.1187383101724
 20
853.2253662861386
 10
969.4150204448074
 20
853.2804767855845
 10
969.7659074779759
 20
853.3345760832055
 10
970.1713994096779
 20
853.387664179002
 10
970.5977473790141
 20
853.4415106761669
 10
970.9950232958904
 20
853.4978851778935
 10
971.3632271603067
 20
853.5567876841818
 10
971.7023589722631
 20
853.6182181950319
 10
972.0124187317597
 20
853.6821767104437
 10
972.2934064387962
 20
853.7486632304174
 10
972.5453220933729
 20
853.8176777549527
 10
972.7681656954896
 20
853.8892202840497
 10
972.771704901876
 20
854.0252269294708
 10
972.7742329064378
 20
854.1339311256254
 10
972.7757497091748
 20
854.2153328725132
 10
972.7762553100871
 20
854.2694321701342
 10
972.7698088984547
 20
854.4836805567411
 10
972.7504696635574
 20
854.6814969136967
 10
972.7182376053953
 20
854.862881241001
 10
972.6731127239684
 20
855.027833538654
 10
972.6150950192766
 20
855.1763538066558
 10
972.54418449132
 20
855.3084420450064
 10
972.4603811400987
 20
855.4240982537057
 10
972.3636849656124
 20
855.5233224327536
 10
972.2156702985229
 20
855.6389786414529
 10
972.0507180008699
 20
855.7392140223257
 10
971.8688280726532
 20
855.8240285753717
 10
971.670000513873
 20
855.8934223005913
 10
971.4542353245291
 20
855.9473951979843
 10
971.2215325046216
 20
855.9859472675507
 10
970.9718920541505
 20
856.0090785092906
 10
970.7053139731158
 20
856.0167889232039
 10
970.4568743248116
 20
856.0111641130541
 10
970.2252459068428
 20
855.9942896826044
 10
970.0104287192096
 20
855.9661656318551
 10
969.8124227619119
 20
855.9267919608062
 10
969.6312280349497
 20
855.8761686694575
 10
969.466844538323
 20
855.8142957578091
 10
969.3192722720319
 20
855.741173225861
 10
969.1885112360762
 20
855.6568010736131
 10
968.9597268232394
 20
855.442173486322
 10
968.7627952678804
 20
855.1582785740394
 10
968.5977165699993
 20
854.8051163367654
 10
968.464490729596
 20
854.3826867744999
 10
967.0407185604282
 20
854.5768375248409
 10
967.1534675638815
 20
855.0119071099151
 10
967.2975638239002
 20
855.4029894156151
 10
967.4730073404845
 20
855.7500844419411
 10
967.6797981136342
 20
856.0531921888928
 10
967.9270369597716
 20
856.3181270669623
 10
968.2238246953191
 20
856.5507034866419
 10
968.5701613202764
 20
856.750921447931
 10
968.9660468346437
 20
856.9187809508301
 10
969.4033916238235
 20
857.051501190321
 10
969.8741060732181
 20
857.146301361386
 10
970.3781901828276
 20
857.203181464025
 10
970.915643952652
 20
857.222141498238
 10
971.4399520987553
 20
857.2059622690429
 10
971.9126889517993
 20
857.1574245814577
 10
972.3338545117839
 20
857.0765284354821
 10
972.7034487787092
 20
856.9632738311166
 10
973.0245053580493
 20
856.8254975825022
 10
973.300057855278
 20
856.6710365037802
 10
973.5301062703958
 20
856.499890594951
 10
973.7146506034022
 20
856.3120598560142
 10
973.8643084734568
 20
856.102993878759
 10
973.9896974997188
 20
855.8681422549739
 10
974.0908176821881
 20
855.6075049846594
 10
974.1676690208648
 20
855.321082067815
 10
974.1995218783426
 20
855.0976064645579
 10
974.2222739193982
 20
854.7993019262734
 10
974.2359251440315
 20
854.4261684529616
 10
974.2404755522426
 20
853.9782060446227
 10
974.2404755522426
 20
852.036698541212
 10
974.2419291548656
 20
851.5523960672981
 10
974.2462899627346
 20
851.1147352775481
 10
974.2535579758496
 20
850.7237161719621
 10
974.2637331942105
 20
850.3793387505401
 10
974.2768156178175
 20
850.081603013282
 10
974.2928052466705
 20
849.8305089601879
 10
974.3117020807695
 20
849.6260565912578
 10
974.3335061201144
 20
849.4682459064917
 10
974.3913974245781
 20
849.2020470261413
 10
974.4720407700974
 20
848.9414097558266
 10
974.5754361566723
 20
848.6863340955479
 10
974.7015835843027
 20
848.4368200453048
 10
973.1807360399644
 20
848.4368200453048
 10
973.0775934538457
 20
848.6729356713706
 10
972.9946749042208
 20
848.9282641321056
 10
972.9319803910898
 20
849.2028054275097
 10
972.8895099144528
 20
849.496559557583
  0
LWPOLYLINE
  5
1F5
330
17
100
AcDbEntity
  8
line engraving
 62
1
420
16711680
100
AcDbPolyline
 90
42
 70
0
 10
972.7681656954896
 20
852.748584625796
 10
972.5575829154973
 20
852.6692052825575
 10
972.3222256908
 20
852.5928595447932
 10
972.0620940213977
 20
852.5195474125029
 10
971.7771879072905
 20
852.4492688856867
 10
971.4675073484782
 20
852.3820239643446
 10
971.1330523449609
 20
852.3178126484767
 10
970.7738228967387
 20
852.2566349380827
 10
970.3898190038116
 20
852.1984908331629
 10
969.9737094529504
 20
852.1317515127331
 10
969.6233280206942
 20
852.0609673850046
 10
969.3386747070431
 20
851.9861384499774
 10
969.119749511997
 20
851.9072647076513
 10
968.9443059954128
 20
851.8170149447974
 10
968.7900977171471
 20
851.7080579481867
 10
968.6571246772
 20
851.5803937178192
 10
968.5453868755715
 20
851.4340222536949
 10
968.4569067159108
 20
851.2739995649373
 10
968.3937066018675
 20
851.1053816606697
 10
968.3557865334415
 20
850.9281685408922
 10
968.3431465106328
 20
850.7423602056049
 10
968.3707017603557
 20
850.4632685019897
 10
968.4533675095244
 20
850.208445642167
 10
968.5911437581387
 20
849.977891626137
 10
968.784030506199
 20
849.7716064538996
 10
969.0300053500556
 20
849.6017245473512
 10
969.3270458860592
 20
849.480380328388
 10
969.6751521142097
 20
849.4075737970101
 10
970.0743240345073
 20
849.3833049532175
 10
970.4833551725957
 20
849.4063097947293
 10
970.869128668716
 20
849.4753243192645
 10
971.2316445228685
 20
849.5903485268234
 10
971.570902735053
 20
849.7513824174057
 10
971.8767912870227
 20
849.9523587800635
 10
972.1391981605304
 20
850.1872104038484
 10
972.3581233555766
 20
850.4559372887607
 10
972.5335668721608
 20
850.7585394348
 10
972.6362038573671
 20
851.0345975329412
 10
972.7095159896575
 20
851.3693053369145
 10
972.7535032690316
 20
851.7626628467202
 10
972.7681656954896
 20
852.214670062358
 10
972.7681656954896
 20
852.748584625796
  0
LWPOLYLINE
  5
1F6
330
17
100
AcDbEntity
  8
line engraving
 62
1
420
16711680
100
AcDbPolyline
 90
35
 70
0
 10
976.4812987957624
 20
848.4368200453048
 10
976.4812987957624
 20
857.0279907478969
 10
977.7918163605647
 20
857.0279907478969
 10
977.7918163605647
 20
855.7255627976922
 10
978.0377912044212
 20
856.1436947522028
 10
978.2741596309432
 20
856.483964166212
 10
978.5009216401306
 20
856.7463710397199
 10
978.7180772319834
 20
856.9309153727263
 10
978.9357384247486
 20
857.0583268026377
 10
979.1640172366731
 20
857.1493349668601
 10
979.4029136677568
 20
857.2039398653935
 10
979.6524277179998
 20
857.222141498238
 10
980.0220219849251
 20
857.1928166453218
 10
980.3946498573245
 20
857.1048420865736
 10
980.7703113351979
 20
856.958217821993
 10
981.1490064185455
 20
856.7529438515803
 10
980.6474503134978
 20
855.4019782137905
 10
980.3804930317788
 20
855.5400072628611
 10
980.1135357500598
 20
855.6385994407686
 10
979.8465784683409
 20
855.6977547475133
 10
979.5796211866219
 20
855.7174731830947
 10
979.3470447669425
 20
855.6995243507064
 10
979.1266027691595
 20
855.6456778535415
 10
978.9182951932727
 20
855.5559336916
 10
978.7221220392822
 20
855.4302918648818
 10
978.5456673208732
 20
855.2727971806859
 10
978.3965150517311
 20
855.087494446311
 10
978.2746652318556
 20
854.8743836617568
 10
978.1801178612467
 20
854.6334648270238
 10
978.0739416696539
 20
854.2360625099194
 10
977.9981015328019
 20
853.8204585599706
 10
977.9525974506907
 20
853.3866529771772
 10
977.9374294233204
 20
852.9346457615394
 10
977.9374294233204
 20
848.4368200453048
 10
976.4812987957624
 20
848.4368200453048
  0
CIRCLE
  5
1F7
330
17
100
AcDbEntity
  8
cut
 62
5
420
255
100
AcDbCircle
 10
1105.2507838011775
 20
847.2508007885014
 30
0.0
 40
3.9
  0
LWPOLYLINE
  5
1F8
330
17
100
AcDbEntity
  8
cut
 62
5
420
255
100
AcDbPolyline
 90
29
 70
1
 10
1030.2507927418742
 20
553.2507927418743
 10
1030.8927927418742
 20
543.4587927418743
 10
1032.8067927418742
 20
533.8407927418743
 10
1035.9627927418742
 20
524.5467927418742
 10
1040.3007927418741
 20
515.7507927418743
 10
1045.7487927418742
 20
507.59079274187434
 10
1052.216792741874
 20
500.2167927418743
 10
1059.5907927418743
 20
493.7487927418743
 10
1067.7507927418742
 20
488.3007927418743
 10
1076.546792741874
 20
483.9627927418743
 10
1085.8407927418743
 20
480.8067927418743
 10
1095.4587927418743
 20
478.8927927418743
 10
1105.2507927418742
 20
478.2507927418743
 10
1115.042792741874
 20
478.8927927418743
 10
1124.660792741874
 20
480.8067927418743
 10
1133.9547927418744
 20
483.9627927418743
 10
1142.7507927418742
 20
488.3007927418743
 10
1150.910792741874
 20
493.7487927418743
 10
1158.2847927418743
 20
500.2167927418743
 10
1164.7527927418741
 20
507.59079274187434
 10
1170.2007927418742
 20
515.7507927418743
 10
1174.5387927418742
 20
524.5467927418742
 10
1177.6947927418742
 20
533.8407927418743
 10
1179.6087927418741
 20
543.4587927418743
 10
1180.2507927418742
 20
553.2507927418743
 10
1179.6087927418741
 20
563.0427927418743
 10
1123.2507927418742
 20
877.2507927418743
 10
1087.2507927418742
 20
877.2507927418743
 10
1030.8927927418742
 20
563.0427927418743
  0
CIRCLE
  5
1F9
330
17
100
AcDbEntity
  8
cut
 62
5
420
255
100
AcDbCircle
 10
1105.2507838011775
 20
553.25079640756
 30
0.0
 40
3.9
  0
LWPOLYLINE
  5
1FA
330
17
100
AcDbEntity
  8
line engraving
 62
1
420
16711680
100
AcDbPolyline
 90
119
 70
0
 10
1108.0336201634295
 20
614.0263725508784
 10
1108.2196812991729
 20
615.4582343346437
 10
1108.5797323488775
 20
615.3881454081697
 10
1108.9196857623167
 20
615.295178040412
 10
1109.23954153949
 20
615.1793322313706
 10
1109.5392996803973
 20
615.0406079810455
 10
1109.818960185039
 20
614.8790052894367
 10
1110.078523053415
 20
614.6945241565443
 10
1110.317988285525
 20
614.4871645823682
 10
1110.5373558813694
 20
614.2569265669084
 10
1110.733592235474
 20
614.0083605183761
 10
1110.9036637423644
 20
613.7460168449823
 10
1111.0475704020412
 20
613.469895546727
 10
1111.165312214504
 20
613.1799966236104
 10
1111.2568891797525
 20
612.8763200756322
 10
1111.3223012977874
 20
612.5588659027926
 10
1111.3615485686084
 20
612.2276341050916
 10
1111.3746309922153
 20
611.8826246825291
 10
1111.356618959713
 20
611.4525479064644
 10
1111.302582862206
 20
611.0440855694025
 10
1111.2125226996943
 20
610.6572376713433
 10
1111.0864384721779
 20
610.292004212287
 10
1110.9243301796566
 20
609.9483851922334
 10
1110.7261978221309
 20
609.6263806111828
 10
1110.4920413996003
 20
609.3259904691349
 10
1110.2218609120653
 20
609.0472147660898
 10
1109.9180579638592
 20
608.7959943127677
 10
1109.5830341593155
 20
608.5782699198885
 10
1109.2167894984345
 20
608.3940415874522
 10
1108.819323981216
 20
608.2433093154589
 10
1108.3906376076602
 20
608.1260731039085
 10
1107.930730377767
 20
608.0423329528012
 10
1107.4396022915364
 20
607.9920888621367
 10
1106.9172533489684
 20
607.9753408319152
 10
1106.2432873328105
 20
608.0041600839189
 10
1105.6128029951144
 20
608.0906178399302
 10
1105.02580033588
 20
608.234714099949
 10
1104.4822793551075
 20
608.4364488639752
 10
1104.2295420990483
 20
608.5592466855614
 10
1103.9931104724121
 20
608.6970861342899
 10
1103.7729844751993
 20
608.8499672101607
 10
1103.5691641074097
 20
609.0178899131738
 10
1103.381649369043
 20
609.2008542433292
 10
1103.2104402600999
 20
609.3988602006269
 10
1103.0555367805796
 20
609.6119077850669
 10
1102.9169389304827
 20
609.8399969966492
 10
1102.6886601185581
 20
610.3215818656593
 10
1102.5256038243265
 20
610.8238963720755
 10
1102.4277700477874
 20
611.346940515898
 10
1102.395158788941
 20
611.8907142971267
 10
1102.4062188088985
 20
612.232626914101
 10
1102.4393988687714
 20
612.5586131023364
 10
1102.4946989685593
 20
612.8686728618329
 10
1102.5721191082623
 20
613.1628061925906
 10
1102.6716592878804
 20
613.4410130946092
 10
1102.7933195074138
 20
613.703293567889
 10
1102.9370997668623
 20
613.9496476124298
 10
1103.103000066226
 20
614.1800752282318
 10
1103.2892508023117
 20
614.3925540116454
 10
1103.4940823719262
 20
614.5850615590214
 10
1103.7174947750693
 20
614.7575978703595
 10
1103.959488011741
 20
614.9101629456601
 10
1104.2200620819417
 20
615.042756784923
 10
1104.4992169856712
 20
615.1553793881482
 10
1104.7969527229293
 20
615.2480307553357
 10
1105.113269293716
 20
615.3207108864855
 10
1105.3316888878496
 20
613.9050283319152
 10
1104.9256913552354
 20
613.7844425143206
 10
1104.5732875193298
 20
613.6249254264753
 10
1104.274477380133
 20
613.4264770683793
 10
1104.029260937645
 20
613.1890974400326
 10
1103.838143792778
 20
612.9188537523834
 10
1103.7016315464443
 20
612.6218132163798
 10
1103.6197241986442
 20
612.2979758320218
 10
1103.5924217493775
 20
611.9473415993095
 10
1103.604745771616
 20
611.6787411146254
 10
1103.6417178383313
 20
611.4230334532061
 10
1103.7033379495235
 20
611.1802186150518
 10
1103.7896061051927
 20
610.9502966001621
 10
1103.9005223053387
 20
610.7332674085374
 10
1104.0360865499617
 20
610.5291310401775
 10
1104.1962988390615
 20
610.3378874950824
 10
1104.3811591726383
 20
610.1595367732522
 10
1104.5926899543413
 20
609.9983764824417
 10
1104.8329135878198
 20
609.858704230406
 10
1105.101830073074
 20
609.740520017145
 10
1105.3994394101042
 20
609.6438238426588
 10
1105.7257415989097
 20
609.5686157069472
 10
1106.080736639491
 20
609.5148956100104
 10
1106.464424531848
 20
609.4826635518483
 10
1106.8768052759806
 20
609.4719195324609
 10
1107.294810830263
 20
609.482284351164
 10
1107.6832387311733
 20
609.5133788072733
 10
1108.0420889787113
 20
609.5652029007888
 10
1108.371361572877
 20
609.6377566317105
 10
1108.6710565136702
 20
609.7310400000385
 10
1108.9411738010915
 20
609.8450530057727
 10
1109.1817134351404
 20
609.9797956489131
 10
1109.392675415817
 20
610.1352679294596
 10
1109.5765877476829
 20
610.3074250401136
 10
1109.7359784353002
 20
610.4922221735762
 10
1109.8708474786686
 20
610.6896593298475
 10
1109.9811948777883
 20
610.8997365089275
 10
1110.067020632659
 20
611.1224537108161
 10
1110.1283247432812
 20
611.3578109355135
 10
1110.1651072096543
 20
611.6058081830195
 10
1110.1773680317788
 20
611.8664454533341
 10
1110.1445039724763
 20
612.2774989950718
 10
1110.0459117945686
 20
612.6531604729453
 10
1109.881591498056
 20
612.9934298869545
 10
1109.6515430829384
 20
613.2983072370994
 10
1109.5112388297623
 20
613.4353250843453
 10
1109.353238544654
 20
613.5591973078702
 10
1109.1775422276135
 20
613.669923907674
 10
1108.984149878641
 20
613.7675048837569
 10
1108.7730614977363
 20
613.8519402361188
 10
1108.5442770848995
 20
613.9232299647597
 10
1108.2977966401306
 20
613.9813740696795
 10
1108.0336201634295
 20
614.0263725508784
  0
LWPOLYLINE
  5
1FB
330
17
100
AcDbEntity
  8
line engraving
 62
1
420
16711680
100
AcDbPolyline
 90
35
 70
0
 10
1111.1804802418742
 20
616.6878557534704
 10
1102.589309539282
 20
616.6878557534704
 10
1102.589309539282
 20
617.9983733182727
 10
1103.8917374894868
 20
617.9983733182727
 10
1103.473605534976
 20
618.2443481621292
 10
1103.133336120967
 20
618.4807165886513
 10
1102.8709292474591
 20
618.7074785978386
 10
1102.6863849144527
 20
618.9246341896915
 10
1102.5589734845414
 20
619.1422953824566
 10
1102.4679653203189
 20
619.3705741943811
 10
1102.4133604217855
 20
619.6094706254648
 10
1102.395158788941
 20
619.8589846757079
 10
1102.424483641857
 20
620.2285789426331
 10
1102.5124582006054
 20
620.6012068150326
 10
1102.659082465186
 20
620.976868292906
 10
1102.8643564355987
 20
621.3555633762536
 10
1104.2153220733885
 20
620.8540072712058
 10
1104.077293024318
 20
620.5870499894868
 10
1103.9787008464104
 20
620.3200927077679
 10
1103.919545539666
 20
620.0531354260489
 10
1103.8998271040844
 20
619.7861781443299
 10
1103.9177759364727
 20
619.5536017246505
 10
1103.9716224336375
 20
619.3331597268675
 10
1104.061366595579
 20
619.1248521509807
 10
1104.1870084222971
 20
618.9286789969902
 10
1104.344503106493
 20
618.7522242785814
 10
1104.529805840868
 20
618.6030720094391
 10
1104.7429166254221
 20
618.4812221895636
 10
1104.9838354601552
 20
618.3866748189548
 10
1105.3812377772597
 20
618.280498627362
 10
1105.7968417272084
 20
618.2046584905102
 10
1106.2306473100016
 20
618.1591544083989
 10
1106.6826545256395
 20
618.1439863810285
 10
1111.1804802418742
 20
618.1439863810285
 10
1111.1804802418742
 20
616.6878557534704
  0
LWPOLYLINE
  5
1FC
330
17
100
AcDbEntity
  8
line engraving
 62
1
420
16711680
100
AcDbPolyline
 90
128
 70
0
 10
1110.1207407295958
 20
627.827255054289
 10
1110.4392693043742
 20
627.4265663312544
 10
1110.7072377879178
 20
627.033461621905
 10
1110.9246461802268
 20
626.6479409262407
 10
1111.0914944813012
 20
626.2700042442617
 10
1111.215366704826
 20
625.8890339568086
 10
1111.3038468644868
 20
625.4944124447222
 10
1111.356934960283
 20
625.0861397080024
 10
1111.3746309922153
 20
624.6642157466492
 10
1111.3638237727139
 20
624.3205335264817
 10
1111.3314021142096
 20
623.9973281432642
 10
1111.2773660167027
 20
623.6945995969967
 10
1111.201715480193
 20
623.4123478876793
 10
1111.10445050468
 20
623.1505730153118
 10
1110.9855710901645
 20
622.9092749798945
 10
1110.8450772366464
 20
622.688453781427
 10
1110.6829689441252
 20
622.4881094199097
 10
1110.5040494212685
 20
622.3098850983076
 10
1110.3131218767437
 20
622.1554240195858
 10
1110.1101863105507
 20
622.0247261837442
 10
1109.8952427226893
 20
621.9177915907828
 10
1109.6682911131597
 20
621.8346202407018
 10
1109.429331481962
 20
621.7752121335012
 10
1109.178363829096
 20
621.7395672691807
 10
1108.9153881545617
 20
621.7276856477406
 10
1108.606718797574
 20
621.745634480129
 10
1108.31170066522
 20
621.7994809772938
 10
1108.0303337574992
 20
621.8892251392354
 10
1107.7626180744116
 20
622.0148669659534
 10
1107.5146208269057
 20
622.1695808451315
 10
1107.2924092259295
 20
622.3465411644528
 10
1107.095983271483
 20
622.5457479239172
 10
1106.925342963566
 20
622.7672011235251
 10
1106.7772018962485
 20
623.0071087564335
 10
1106.6482736635999
 20
623.2616788158
 10
1106.5385582656208
 20
623.5309113016245
 10
1106.4480557023107
 20
623.8148062139071
 10
1106.3919340010402
 20
624.0564834500087
 10
1106.3368235015946
 20
624.3527655846437
 10
1106.2827242039734
 20
624.7036526178123
 10
1106.2296361081771
 20
625.1091445495141
 10
1106.1757896110123
 20
625.5354925188503
 10
1106.1194151092855
 20
625.9327684357265
 10
1106.060512602997
 20
626.3009723001429
 10
1105.999082092147
 20
626.6401041120994
 10
1105.9351235767351
 20
626.9501638715959
 10
1105.8686370567616
 20
627.2311515786325
 10
1105.7996225322263
 20
627.4830672332091
 10
1105.7280800031292
 20
627.7059108353259
 10
1105.5920733577082
 20
627.7094500417123
 10
1105.4833691615536
 20
627.711978046274
 10
1105.4019674146657
 20
627.7134948490111
 10
1105.3478681170448
 20
627.7140004499234
 10
1105.1336197304379
 20
627.707554038291
 10
1104.9358033734823
 20
627.6882148033937
 10
1104.7544190461779
 20
627.6559827452317
 10
1104.589466748525
 20
627.6108578638048
 10
1104.440946480523
 20
627.552840159113
 10
1104.3088582421726
 20
627.4819296311564
 10
1104.1932020334732
 20
627.3981262799349
 10
1104.0939778544252
 20
627.3014301054486
 10
1103.978321645726
 20
627.1534154383592
 10
1103.8780862648532
 20
626.9884631407061
 10
1103.7932717118072
 20
626.8065732124894
 10
1103.7238779865877
 20
626.6077456537092
 10
1103.6699050891946
 20
626.3919804643654
 10
1103.6313530196282
 20
626.1592776444578
 10
1103.6082217778883
 20
625.9096371939868
 10
1103.600511363975
 20
625.6430591129521
 10
1103.606136174125
 20
625.3946194646478
 10
1103.6230106045746
 20
625.162991046679
 10
1103.6511346553239
 20
624.9481738590458
 10
1103.6905083263728
 20
624.7501679017481
 10
1103.7411316177215
 20
624.5689731747859
 10
1103.80300452937
 20
624.4045896781593
 10
1103.8761270613181
 20
624.2570174118681
 10
1103.960499213566
 20
624.1262563759125
 10
1104.175126800857
 20
623.8974719630758
 10
1104.4590217131395
 20
623.7005404077167
 10
1104.8121839504136
 20
623.5354617098355
 10
1105.234613512679
 20
623.4022358694323
 10
1105.040462762338
 20
621.9784637002645
 10
1104.6053931772637
 20
622.0912127037177
 10
1104.2143108715638
 20
622.2353089637365
 10
1103.867215845238
 20
622.4107524803208
 10
1103.5641080982862
 20
622.6175432534704
 10
1103.2991732202165
 20
622.864782099608
 10
1103.0665968005371
 20
623.1615698351553
 10
1102.866378839248
 20
623.5079064601127
 10
1102.698519336349
 20
623.90379197448
 10
1102.565799096858
 20
624.3411367636597
 10
1102.470998925793
 20
624.8118512130544
 10
1102.414118823154
 20
625.3159353226639
 10
1102.395158788941
 20
625.8533890924882
 10
1102.4113380181361
 20
626.3776972385915
 10
1102.4598757057213
 20
626.8504340916355
 10
1102.5407718516967
 20
627.2715996516201
 10
1102.6540264560624
 20
627.6411939185455
 10
1102.791802704677
 20
627.9622504978855
 10
1102.9462637833988
 20
628.2378029951144
 10
1103.117409692228
 20
628.467851410232
 10
1103.3052404311647
 20
628.6523957432386
 10
1103.51430640842
 20
628.8020536132931
 10
1103.749158032205
 20
628.927442639555
 10
1104.0097953025197
 20
629.0285628220244
 10
1104.296218219364
 20
629.105414160701
 10
1104.519693822621
 20
629.1372670181788
 10
1104.8179983609057
 20
629.1600190592345
 10
1105.1911318342172
 20
629.1736702838679
 10
1105.6390942425562
 20
629.178220692079
 10
1107.580601745967
 20
629.178220692079
 10
1108.0649042198809
 20
629.179674294702
 10
1108.5025650096309
 20
629.184035102571
 10
1108.8935841152168
 20
629.191303115686
 10
1109.2379615366387
 20
629.2014783340469
 10
1109.5356972738969
 20
629.2145607576539
 10
1109.7867913269909
 20
629.2305503865068
 10
1109.991243695921
 20
629.2494472206058
 10
1110.1490543806872
 20
629.2712512599508
 10
1110.4152532610376
 20
629.3291425644144
 10
1110.6758905313523
 20
629.4097859099336
 10
1110.9309661916311
 20
629.5131812965085
 10
1111.1804802418742
 20
629.639328724139
 10
1111.1804802418742
 20
628.1184811798006
 10
1110.9443646158084
 20
628.0153385936819
 10
1110.6890361550734
 20
627.9324200440572
 10
1110.414494859669
 20
627.8697255309262
 10
1110.1207407295958
 20
627.827255054289
  0
LWPOLYLINE
  5
1FD
330
17
100
AcDbEntity
  8
line engraving
 62
1
420
16711680
100
AcDbPolyline
 90
42
 70
0
 10
1106.868715661383
 20
627.7059108353259
 10
1106.9480950046213
 20
627.4953280553335
 10
1107.0244407423857
 20
627.2599708306362
 10
1107.097752874676
 20
626.9998391612339
 10
1107.168031401492
 20
626.7149330471267
 10
1107.2352763228344
 20
626.4052524883144
 10
1107.2994876387022
 20
626.0707974847971
 10
1107.3606653490963
 20
625.7115680365749
 10
1107.4188094540161
 20
625.3275641436478
 10
1107.4855487744458
 20
624.9114545927866
 10
1107.5563329021743
 20
624.5610731605304
 10
1107.6311618372015
 20
624.2764198468794
 10
1107.7100355795276
 20
624.0574946518334
 10
1107.8002853423814
 20
623.8820511352492
 10
1107.909242338992
 20
623.7278428569834
 10
1108.0369065693596
 20
623.5948698170363
 10
1108.183278033484
 20
623.4831320154077
 10
1108.3433007222416
 20
623.394651855747
 10
1108.5119186265092
 20
623.3314517417037
 10
1108.6891317462866
 20
623.2935316732778
 10
1108.874940081574
 20
623.2808916504691
 10
1109.1540317851893
 20
623.308446900192
 10
1109.408854645012
 20
623.3911126493607
 10
1109.6394086610421
 20
623.5288888979751
 10
1109.8456938332795
 20
623.7217756460353
 10
1110.015575739828
 20
623.9677504898918
 10
1110.136919958791
 20
624.2647910258954
 10
1110.2097264901688
 20
624.6128972540461
 10
1110.2339953339615
 20
625.0120691743437
 10
1110.2109904924498
 20
625.4211003124319
 10
1110.1419759679145
 20
625.8068738085524
 10
1110.0269517603556
 20
626.1693896627048
 10
1109.8659178697733
 20
626.5086478748893
 10
1109.6649415071156
 20
626.814536426859
 10
1109.4300898833305
 20
627.0769433003668
 10
1109.1613629984183
 20
627.2958684954128
 10
1108.858760852379
 20
627.471312011997
 10
1108.5827027542377
 20
627.5739489972034
 10
1108.2479949502645
 20
627.6472611294937
 10
1107.8546374404589
 20
627.6912484088679
 10
1107.402630224821
 20
627.7059108353259
 10
1106.868715661383
 20
627.7059108353259
  0
LWPOLYLINE
  5
1FE
330
17
100
AcDbEntity
  8
line engraving
 62
1
420
16711680
100
AcDbPolyline
 90
61
 70
0
 10
1111.1804802418742
 20
631.4352231647938
 10
1102.589309539282
 20
631.4352231647938
 10
1102.589309539282
 20
632.745740729596
 10
1103.8108413435114
 20
632.745740729596
 10
1103.479040744784
 20
632.9955075802952
 10
1103.1914802258868
 20
633.2715656784364
 10
1102.94815978682
 20
633.5739150240196
 10
1102.7490794275836
 20
633.9025556170449
 10
1102.5942391481774
 20
634.2574874575121
 10
1102.4836389486015
 20
634.6387105454214
 10
1102.417278828856
 20
635.0462248807727
 10
1102.395158788941
 20
635.480030463566
 10
1102.412602020417
 20
635.8604951501068
 10
1102.4649317148449
 20
636.2252862083648
 10
1102.5521478722246
 20
636.5744036383401
 10
1102.6742504925562
 20
636.9078474400326
 10
1102.8246667639794
 20
637.2129775906337
 10
1102.9968238746333
 20
637.4771540673348
 10
1103.1907218245183
 20
637.7003768701358
 10
1103.406360613634
 20
637.8826459990366
 10
1103.6434874415245
 20
638.0323038690913
 10
1103.9018495077337
 20
638.1576928953532
 10
1104.1814468122614
 20
638.2588130778225
 10
1104.4822793551075
 20
638.3356644164992
 10
1104.722439788472
 20
638.3710564803634
 10
1105.0384403586886
 20
638.3963365259808
 10
1105.430281065757
 20
638.4115045533512
 10
1105.8979619096776
 20
638.4165605624746
 10
1111.1804802418742
 20
638.4165605624746
 10
1111.1804802418742
 20
636.9604299349166
 10
1105.9545892118606
 20
636.9604299349166
 10
1105.5377212596309
 20
636.9498123157574
 10
1105.1769750086717
 20
636.9179594582795
 10
1104.8723504589827
 20
636.8648713624832
 10
1104.6238476105646
 20
636.7905480283682
 10
1104.414528832853
 20
636.6891750454428
 10
1104.2274564952847
 20
636.5549380032147
 10
1104.0626305978599
 20
636.3878369016842
 10
1103.9200511405782
 20
636.1878717408512
 10
1103.8050269330195
 20
635.9621209334884
 10
1103.722866784763
 20
635.7176628923689
 10
1103.6735706958093
 20
635.4544976174925
 10
1103.657138666158
 20
635.1726251088593
 10
1103.6663658828083
 20
634.9440302963646
 10
1103.6940475327594
 20
634.7233986982394
 10
1103.7401836160109
 20
634.5107303144837
 10
1103.8047741325631
 20
634.3060251450974
 10
1103.8878190824162
 20
634.1092831900805
 10
1103.9893184655698
 20
633.9205044494332
 10
1104.109272282024
 20
633.7396889231553
 10
1104.2476805317788
 20
633.5668366112468
 10
1104.4118744280634
 20
633.4085203255682
 10
1104.6091851841065
 20
633.2713128779802
 10
1104.8396127999085
 20
633.1552142684826
 10
1105.1031572754691
 20
633.0602244970755
 10
1105.3998186107883
 20
632.9863435637589
 10
1105.7295968058663
 20
632.9335714685327
 10
1106.0924918607031
 20
632.901908211397
 10
1106.4885037752986
 20
632.8913537923518
 10
1111.1804802418742
 20
632.8913537923518
 10
1111.1804802418742
 20
631.4352231647938
  0
LWPOLYLINE
  5
1FF
330
17
100
AcDbEntity
  8
line engraving
 62
1
420
16711680
100
AcDbPolyline
 90
13
 70
0
 10
1111.1804802418742
 20
640.6573838059944
 10
1099.3211052418742
 20
640.6573838059944
 10
1099.3211052418742
 20
642.1135144335524
 10
1106.0840230454212
 20
642.1135144335524
 10
1102.589309539282
 20
645.5596902521062
 10
1102.589309539282
 20
647.4445704533341
 10
1105.7766176907146
 20
644.1601869267311
 10
1111.1804802418742
 20
647.7762446518334
 10
1111.1804802418742
 20
645.9803502111786
 10
1106.7878195154076
 20
643.1408954874405
 10
1107.774752496308
 20
642.1135144335524
 10
1111.1804802418742
 20
642.1135144335524
 10
1111.1804802418742
 20
640.6573838059944
  0
CIRCLE
  5
200
330
17
100
AcDbEntity
  8
cut
 62
5
420
255
100
AcDbCircle
 10
508.25078469524715
 20
1053.491498604608
 30
0.0
 40
3.9
  0
LWPOLYLINE
  5
201
330
17
100
AcDbEntity
  8
cut
 62
5
420
255
100
AcDbPolyline
 90
29
 70
1
 10
802.2507927418742
 20
978.4915075453048
 10
812.0427927418741
 20
979.1335075453048
 10
821.6607927418742
 20
981.0475075453048
 10
830.9547927418741
 20
984.2035075453048
 10
839.7507927418742
 20
988.5415075453047
 10
847.9107927418742
 20
993.9895075453048
 10
855.2847927418742
 20
1000.4575075453048
 10
861.7527927418741
 20
1007.8315075453048
 10
867.2007927418741
 20
1015.9915075453048
 10
871.5387927418742
 20
1024.7875075453048
 10
874.6947927418742
 20
1034.0815075453047
 10
876.6087927418741
 20
1043.6995075453046
 10
877.2507927418742
 20
1053.4915075453048
 10
876.6087927418741
 20
1063.283507545305
 10
874.6947927418742
 20
1072.9015075453049
 10
871.5387927418742
 20
1082.1955075453047
 10
867.2007927418741
 20
1090.9915075453048
 10
861.7527927418741
 20
1099.1515075453049
 10
855.2847927418742
 20
1106.5255075453047
 10
847.9107927418742
 20
1112.9935075453047
 10
839.7507927418742
 20
1118.4415075453048
 10
830.9547927418741
 20
1122.7795075453048
 10
821.6607927418742
 20
1125.9355075453047
 10
812.0427927418741
 20
1127.8495075453047
 10
802.2507927418742
 20
1128.4915075453048
 10
792.4587927418742
 20
1127.8495075453047
 10
478.2507927418742
 20
1071.4915075453048
 10
478.2507927418742
 20
1035.4915075453048
 10
792.4587927418742
 20
979.1335075453048
  0
CIRCLE
  5
202
330
17
100
AcDbEntity
  8
cut
 62
5
420
255
100
AcDbCircle
 10
802.2507890761885
 20
1053.491498604608
 30
0.0
 40
3.9
  0
LWPOLYLINE
  5
203
330
17
100
AcDbEntity
  8
line engraving
 62
1
420
16711680
100
AcDbPolyline
 90
119
 70
0
 10
713.7763725508782
 20
1050.7086801237494
 10
715.2082343346436
 20
1050.5226189880061
 10
715.1381454081696
 20
1050.1625679383014
 10
715.0451780404119
 20
1049.8226145248623
 10
714.9293322313705
 20
1049.502758747689
 10
714.7906079810454
 20
1049.2030006067816
 10
714.6290052894366
 20
1048.92334010214
 10
714.4445241565442
 20
1048.663777233764
 10
714.2371645823681
 20
1048.424312001654
 10
714.0069265669083
 20
1048.2049444058096
 10
713.758360518376
 20
1048.008708051705
 10
713.4960168449821
 20
1047.8386365448146
 10
713.2198955467269
 20
1047.6947298851378
 10
712.9299966236101
 20
1047.5769880726752
 10
712.6263200756321
 20
1047.4854111074264
 10
712.3088659027925
 20
1047.4199989893916
 10
711.9776341050915
 20
1047.3807517185705
 10
711.632624682529
 20
1047.3676692949637
 10
711.2025479064642
 20
1047.385681327466
 10
710.7940855694023
 20
1047.439717424973
 10
710.4072376713432
 20
1047.5297775874847
 10
710.0420042122869
 20
1047.6558618150011
 10
709.6983851922333
 20
1047.8179701075223
 10
709.3763806111826
 20
1048.016102465048
 10
709.0759904691348
 20
1048.2502588875786
 10
708.7972147660897
 20
1048.5204393751137
 10
708.5459943127676
 20
1048.8242423233198
 10
708.3282699198883
 20
1049.1592661278635
 10
708.1440415874521
 20
1049.5255107887444
 10
707.9933093154588
 20
1049.922976305963
 10
707.8760731039084
 20
1050.3516626795188
 10
707.792332952801
 20
1050.811569909412
 10
707.7420888621366
 20
1051.3026979956426
 10
707.7253408319151
 20
1051.8250469382106
 10
707.7541600839188
 20
1052.4990129543685
 10
707.8406178399301
 20
1053.1294972920646
 10
707.9847140999489
 20
1053.716499951299
 10
708.1864488639751
 20
1054.2600209320715
 10
708.3092466855613
 20
1054.5127581881306
 10
708.4470861342897
 20
1054.7491898147669
 10
708.5999672101606
 20
1054.9693158119796
 10
708.7678899131737
 20
1055.1731361797692
 10
708.9508542433291
 20
1055.360650918136
 10
709.1488602006268
 20
1055.5318600270791
 10
709.3619077850668
 20
1055.6867635065994
 10
709.5899969966491
 20
1055.8253613566962
 10
710.0715818656591
 20
1056.0536401686209
 10
710.5738963720754
 20
1056.2166964628525
 10
711.0969405158979
 20
1056.3145302393916
 10
711.6407142971266
 20
1056.347141498238
 10
711.9826269141009
 20
1056.3360814782804
 10
712.3086131023363
 20
1056.3029014184076
 10
712.6186728618328
 20
1056.2476013186197
 10
712.9128061925904
 20
1056.1701811789167
 10
713.191013094609
 20
1056.0706409992986
 10
713.4532935678889
 20
1055.9489807797652
 10
713.6996476124297
 20
1055.8052005203167
 10
713.9300752282317
 20
1055.639300220953
 10
714.1425540116453
 20
1055.4530494848673
 10
714.3350615590213
 20
1055.2482179152528
 10
714.5075978703594
 20
1055.0248055121097
 10
714.66016294566
 20
1054.7828122754377
 10
714.7927567849229
 20
1054.5222382052373
 10
714.905379388148
 20
1054.2430833015078
 10
714.9980307553355
 20
1053.9453475642497
 10
715.0707108864854
 20
1053.629030993463
 10
713.6550283319151
 20
1053.4106113993294
 10
713.5344425143205
 20
1053.8166089319436
 10
713.3749254264751
 20
1054.1690127678492
 10
713.1764770683792
 20
1054.467822907046
 10
712.9390974400325
 20
1054.713039349534
 10
712.6688537523833
 20
1054.904156494401
 10
712.3718132163797
 20
1055.0406687407346
 10
712.0479758320217
 20
1055.1225760885347
 10
711.6973415993094
 20
1055.1498785378014
 10
711.4287411146253
 20
1055.137554515563
 10
711.173033453206
 20
1055.1005824488477
 10
710.9302186150517
 20
1055.0389623376554
 10
710.700296600162
 20
1054.9526941819863
 10
710.4832674085372
 20
1054.8417779818403
 10
710.2791310401774
 20
1054.7062137372172
 10
710.0878874950823
 20
1054.5460014481175
 10
709.9095367732521
 20
1054.3611411145407
 10
709.7483764824416
 20
1054.1496103328377
 10
709.6087042304059
 20
1053.9093866993592
 10
709.4905200171448
 20
1053.6404702141049
 10
709.3938238426585
 20
1053.3428608770748
 10
709.3186157069471
 20
1053.0165586882692
 10
709.2648956100103
 20
1052.661563647688
 10
709.2326635518482
 20
1052.277875755331
 10
709.2219195324608
 20
1051.8654950111984
 10
709.2322843511639
 20
1051.447489456916
 10
709.2633788072732
 20
1051.0590615560056
 10
709.3152029007887
 20
1050.7002113084677
 10
709.3877566317104
 20
1050.3709387143022
 10
709.4810400000384
 20
1050.0712437735087
 10
709.5950530057726
 20
1049.8011264860875
 10
709.729795648913
 20
1049.5605868520386
 10
709.8852679294595
 20
1049.349624871362
 10
710.0574250401135
 20
1049.1657125394959
 10
710.2422221735761
 20
1049.0063218518787
 10
710.4396593298474
 20
1048.8714528085102
 10
710.6497365089274
 20
1048.7611054093907
 10
710.872453710816
 20
1048.6752796545197
 10
711.1078109355134
 20
1048.6139755438978
 10
711.3558081830193
 20
1048.5771930775245
 10
711.616445453334
 20
1048.5649322554002
 10
712.0274989950717
 20
1048.5977963147027
 10
712.4031604729452
 20
1048.6963884926104
 10
712.7434298869543
 20
1048.860708789123
 10
713.0483072370993
 20
1049.0907572042406
 10
713.1853250843452
 20
1049.2310614574167
 10
713.3091973078701
 20
1049.389061742525
 10
713.4199239076739
 20
1049.5647580595655
 10
713.5175048837568
 20
1049.758150408538
 10
713.6019402361187
 20
1049.9692387894427
 10
713.6732299647596
 20
1050.1980232022795
 10
713.7313740696794
 20
1050.4445036470484
 10
713.7763725508782
 20
1050.7086801237494
  0
LWPOLYLINE
  5
204
330
17
100
AcDbEntity
  8
line engraving
 62
1
420
16711680
100
AcDbPolyline
 90
35
 70
0
 10
716.4378557534703
 20
1047.5618200453048
 10
716.4378557534703
 20
1056.1529907478969
 10
717.7483733182726
 20
1056.1529907478969
 10
717.7483733182726
 20
1054.8505627976922
 10
717.9943481621291
 20
1055.268694752203
 10
718.2307165886511
 20
1055.608964166212
 10
718.4574785978385
 20
1055.8713710397199
 10
718.6746341896913
 20
1056.0559153727263
 10
718.8922953824565
 20
1056.1833268026376
 10
719.120574194381
 20
1056.2743349668601
 10
719.3594706254647
 20
1056.3289398653935
 10
719.6089846757078
 20
1056.347141498238
 10
719.978578942633
 20
1056.317816645322
 10
720.3512068150325
 20
1056.2298420865736
 10
720.7268682929059
 20
1056.083217821993
 10
721.1055633762535
 20
1055.8779438515803
 10
720.6040072712057
 20
1054.5269782137905
 10
720.3370499894867
 20
1054.665007262861
 10
720.0700927077678
 20
1054.7635994407685
 10
719.8031354260488
 20
1054.822754747513
 10
719.5361781443298
 20
1054.8424731830946
 10
719.3036017246504
 20
1054.8245243507063
 10
719.0831597268673
 20
1054.7706778535414
 10
718.8748521509806
 20
1054.6809336915999
 10
718.6786789969901
 20
1054.5552918648818
 10
718.5022242785813
 20
1054.397797180686
 10
718.353072009439
 20
1054.212494446311
 10
718.2312221895635
 20
1053.9993836617568
 10
718.1366748189547
 20
1053.7584648270238
 10
718.0304986273619
 20
1053.3610625099195
 10
717.9546584905099
 20
1052.9454585599706
 10
717.9091544083988
 20
1052.5116529771772
 10
717.8939863810284
 20
1052.0596457615395
 10
717.8939863810284
 20
1047.5618200453048
 10
716.4378557534703
 20
1047.5618200453048
  0
LWPOLYLINE
  5
205
330
17
100
AcDbEntity
  8
line engraving
 62
1
420
16711680
100
AcDbPolyline
 90
128
 70
0
 10
727.5772550542889
 20
1048.6215595575832
 10
727.1765663312543
 20
1048.3030309828048
 10
726.7834616219048
 20
1048.0350624992611
 10
726.3979409262406
 20
1047.8176541069522
 10
726.0200042442616
 20
1047.6508058058778
 10
725.6390339568085
 20
1047.5269335823527
 10
725.2444124447221
 20
1047.4384534226922
 10
724.8361397080023
 20
1047.3853653268957
 10
724.4142157466491
 20
1047.3676692949637
 10
724.0705335264815
 20
1047.378476514465
 10
723.7473281432641
 20
1047.4108981729694
 10
723.4445995969966
 20
1047.4649342704763
 10
723.1623478876791
 20
1047.5405848069863
 10
722.9005730153117
 20
1047.637849782499
 10
722.6592749798943
 20
1047.7567291970145
 10
722.4384537814269
 20
1047.8972230505326
 10
722.2381094199096
 20
1048.0593313430538
 10
722.0598850983075
 20
1048.2382508659105
 10
721.9054240195857
 20
1048.4291784104353
 10
721.7747261837441
 20
1048.6321139766283
 10
721.6677915907828
 20
1048.8470575644897
 10
721.5846202407017
 20
1049.0740091740192
 10
721.5252121335011
 20
1049.312968805217
 10
721.4895672691806
 20
1049.563936458083
 10
721.4776856477405
 20
1049.8269121326173
 10
721.4956344801287
 20
1050.1355814896049
 10
721.5494809772937
 20
1050.430599621959
 10
721.6392251392351
 20
1050.7119665296798
 10
721.7648669659533
 20
1050.9796822127673
 10
721.9195808451313
 20
1051.2276794602733
 10
722.0965411644527
 20
1051.4498910612494
 10
722.2957479239171
 20
1051.646317015696
 10
722.517201123525
 20
1051.816957323613
 10
722.7571087564334
 20
1051.9650983909305
 10
723.0116788157999
 20
1052.0940266235789
 10
723.2809113016244
 20
1052.2037420215581
 10
723.564806213907
 20
1052.2942445848682
 10
723.8064834500086
 20
1052.3503662861388
 10
724.1027655846436
 20
1052.4054767855846
 10
724.4536526178122
 20
1052.4595760832055
 10
724.859144549514
 20
1052.5126641790018
 10
725.2854925188502
 20
1052.5665106761667
 10
725.6827684357265
 20
1052.6228851778935
 10
726.0509723001428
 20
1052.681787684182
 10
726.3901041120993
 20
1052.743218195032
 10
726.7001638715958
 20
1052.8071767104439
 10
726.9811515786323
 20
1052.8736632304174
 10
727.233067233209
 20
1052.9426777549527
 10
727.4559108353258
 20
1053.0142202840498
 10
727.4594500417122
 20
1053.150226929471
 10
727.461978046274
 20
1053.2589311256254
 10
727.463494849011
 20
1053.340332872513
 10
727.4640004499233
 20
1053.3944321701342
 10
727.4575540382909
 20
1053.608680556741
 10
727.4382148033936
 20
1053.8064969136967
 10
727.4059827452315
 20
1053.987881241001
 10
727.3608578638047
 20
1054.152833538654
 10
727.3028401591129
 20
1054.301353806656
 10
727.2319296311563
 20
1054.4334420450064
 10
727.1481262799348
 20
1054.5490982537058
 10
727.0514301054485
 20
1054.6483224327537
 10
726.903415438359
 20
1054.763978641453
 10
726.738463140706
 20
1054.8642140223258
 10
726.5565732124893
 20
1054.9490285753718
 10
726.3577456537091
 20
1055.0184223005913
 10
726.1419804643652
 20
1055.0723951979844
 10
725.9092776444577
 20
1055.1109472675507
 10
725.6596371939867
 20
1055.1340785092907
 10
725.393059112952
 20
1055.1417889232039
 10
725.1446194646477
 20
1055.136164113054
 10
724.9129910466789
 20
1055.1192896826044
 10
724.6981738590457
 20
1055.0911656318551
 10
724.500167901748
 20
1055.0517919608062
 10
724.3189731747858
 20
1055.0011686694575
 10
724.1545896781591
 20
1054.939295757809
 10
724.007017411868
 20
1054.8661732258608
 10
723.8762563759124
 20
1054.781801073613
 10
723.6474719630755
 20
1054.567173486322
 10
723.4505404077166
 20
1054.2832785740393
 10
723.2854617098355
 20
1053.9301163367654
 10
723.1522358694322
 20
1053.5076867745
 10
721.7284637002643
 20
1053.701837524841
 10
721.8412127037176
 20
1054.1369071099152
 10
721.9853089637364
 20
1054.5279894156151
 10
722.1607524803206
 20
1054.875084441941
 10
722.3675432534703
 20
1055.1781921888928
 10
722.6147820996077
 20
1055.4431270669625
 10
722.9115698351552
 20
1055.6757034866419
 10
723.2579064601125
 20
1055.875921447931
 10
723.6537919744799
 20
1056.04378095083
 10
724.0911367636596
 20
1056.176501190321
 10
724.5618512130543
 20
1056.2713013613861
 10
725.0659353226638
 20
1056.328181464025
 10
725.6033890924881
 20
1056.347141498238
 10
726.1276972385914
 20
1056.3309622690429
 10
726.6004340916354
 20
1056.2824245814577
 10
727.02159965162
 20
1056.2015284354823
 10
727.3911939185454
 20
1056.0882738311166
 10
727.7122504978854
 20
1055.950497582502
 10
727.9878029951143
 20
1055.7960365037802
 10
728.2178514102319
 20
1055.624890594951
 10
728.4023957432385
 20
1055.4370598560142
 10
728.552053613293
 20
1055.227993878759
 10
728.6774426395549
 20
1054.993142254974
 10
728.7785628220242
 20
1054.7325049846593
 10
728.8554141607009
 20
1054.446082067815
 10
728.8872670181787
 20
1054.2226064645579
 10
728.9100190592344
 20
1053.9243019262735
 10
728.9236702838678
 20
1053.5511684529617
 10
728.9282206920789
 20
1053.1032060446228
 10
728.9282206920789
 20
1051.161698541212
 10
728.9296742947018
 20
1050.677396067298
 10
728.9340351025709
 20
1050.239735277548
 10
728.9413031156859
 20
1049.8487161719622
 10
728.9514783340468
 20
1049.5043387505402
 10
728.9645607576538
 20
1049.2066030132821
 10
728.9805503865067
 20
1048.955508960188
 10
728.9994472206057
 20
1048.7510565912578
 10
729.0212512599506
 20
1048.5932459064916
 10
729.0791425644143
 20
1048.3270470261411
 10
729.1597859099336
 20
1048.0664097558265
 10
729.2631812965084
 20
1047.8113340955479
 10
729.3893287241389
 20
1047.5618200453048
 10
727.8684811798005
 20
1047.5618200453048
 10
727.7653385936818
 20
1047.7979356713706
 10
727.682420044057
 20
1048.0532641321056
 10
727.6197255309261
 20
1048.32780542751
 10
727.5772550542889
 20
1048.6215595575832
  0
LWPOLYLINE
  5
206
330
17
100
AcDbEntity
  8
line engraving
 62
1
420
16711680
100
AcDbPolyline
 90
42
 70
0
 10
727.4559108353258
 20
1051.873584625796
 10
727.2453280553334
 20
1051.7942052825576
 10
727.0099708306361
 20
1051.7178595447933
 10
726.7498391612338
 20
1051.644547412503
 10
726.4649330471266
 20
1051.5742688856867
 10
726.1552524883143
 20
1051.5070239643446
 10
725.820797484797
 20
1051.4428126484768
 10
725.4615680365748
 20
1051.3816349380827
 10
725.0775641436477
 20
1051.3234908331629
 10
724.6614545927865
 20
1051.2567515127332
 10
724.3110731605304
 20
1051.1859673850047
 10
724.0264198468793
 20
1051.1111384499775
 10
723.8074946518333
 20
1051.0322647076514
 10
723.6320511352491
 20
1050.9420149447976
 10
723.4778428569833
 20
1050.833057948187
 10
723.3448698170362
 20
1050.7053937178193
 10
723.2331320154076
 20
1050.559022253695
 10
723.1446518557469
 20
1050.3989995649374
 10
723.0814517417036
 20
1050.2303816606698
 10
723.0435316732777
 20
1050.0531685408923
 10
723.030891650469
 20
1049.8673602056049
 10
723.0584469001919
 20
1049.5882685019897
 10
723.1411126493606
 20
1049.333445642167
 10
723.278888897975
 20
1049.1028916261369
 10
723.4717756460352
 20
1048.8966064538995
 10
723.7177504898917
 20
1048.726724547351
 10
724.0147910258953
 20
1048.605380328388
 10
724.362897254046
 20
1048.5325737970102
 10
724.7620691743435
 20
1048.5083049532175
 10
725.1711003124318
 20
1048.5313097947292
 10
725.5568738085523
 20
1048.6003243192645
 10
725.9193896627047
 20
1048.7153485268234
 10
726.2586478748892
 20
1048.8763824174057
 10
726.5645364268589
 20
1049.0773587800634
 10
726.8269433003667
 20
1049.3122104038484
 10
727.0458684954127
 20
1049.5809372887607
 10
727.2213120119969
 20
1049.8835394348
 10
727.3239489972033
 20
1050.1595975329412
 10
727.3972611294936
 20
1050.4943053369145
 10
727.4412484088678
 20
1050.88766284672
 10
727.4559108353258
 20
1051.339670062358
 10
727.4559108353258
 20
1051.873584625796
  0
LWPOLYLINE
  5
207
330
17
100
AcDbEntity
  8
line engraving
 62
1
420
16711680
100
AcDbPolyline
 90
61
 70
0
 10
731.1852231647937
 20
1047.5618200453048
 10
731.1852231647937
 20
1056.1529907478969
 10
732.4957407295959
 20
1056.1529907478969
 10
732.4957407295959
 20
1054.9314589436676
 10
732.7455075802951
 20
1055.263259542395
 10
733.0215656784363
 20
1055.5508200612921
 10
733.3239150240195
 20
1055.794140500359
 10
733.6525556170448
 20
1055.9932208595953
 10
734.007487457512
 20
1056.1480611390016
 10
734.3887105454213
 20
1056.2586613385774
 10
734.7962248807726
 20
1056.325021458323
 10
735.2300304635659
 20
1056.347141498238
 10
735.6104951501067
 20
1056.329698266762
 10
735.9752862083647
 20
1056.2773685723341
 10
736.32440363834
 20
1056.1901524149544
 10
736.6578474400325
 20
1056.0680497946228
 10
736.9629775906336
 20
1055.9176335231996
 10
737.2271540673346
 20
1055.7454764125455
 10
737.4503768701356
 20
1055.5515784626607
 10
737.6326459990365
 20
1055.335939673545
 10
737.7823038690912
 20
1055.0988128456545
 10
737.9076928953531
 20
1054.8404507794453
 10
738.0088130778224
 20
1054.5608534749176
 10
738.0856644164991
 20
1054.2600209320715
 10
738.1210564803633
 20
1054.019860498707
 10
738.1463365259806
 20
1053.7038599284904
 10
738.161504553351
 20
1053.312019221422
 10
738.1665605624745
 20
1052.8443383775013
 10
738.1665605624745
 20
1047.5618200453048
 10
736.7104299349165
 20
1047.5618200453048
 10
736.7104299349165
 20
1052.7877110753184
 10
736.6998123157573
 20
1053.204579027548
 10
736.6679594582795
 20
1053.5653252785073
 10
736.6148713624831
 20
1053.8699498281962
 10
736.5405480283681
 20
1054.1184526766144
 10
736.4391750454425
 20
1054.327771454326
 10
736.3049380032146
 20
1054.5148437918942
 10
736.1378369016841
 20
1054.679669689319
 10
735.937871740851
 20
1054.8222491466008
 10
735.7121209334883
 20
1054.9372733541595
 10
735.4676628923687
 20
1055.019433502416
 10
735.2044976174924
 20
1055.0687295913697
 10
734.9226251088592
 20
1055.085161621021
 10
734.6940302963645
 20
1055.0759344043706
 10
734.4733986982393
 20
1055.0482527544195
 10
734.2607303144836
 20
1055.002116671168
 10
734.0560251450972
 20
1054.9375261546156
 10
733.8592831900804
 20
1054.8544812047628
 10
733.6705044494331
 20
1054.7529818216092
 10
733.4896889231552
 20
1054.633028005155
 10
733.3168366112467
 20
1054.4946197554002
 10
733.1585203255681
 20
1054.3304258591156
 10
733.0213128779801
 20
1054.1331151030724
 10
732.9052142684825
 20
1053.9026874872704
 10
732.8102244970754
 20
1053.6391430117098
 10
732.7363435637587
 20
1053.3424816763907
 10
732.6835714685326
 20
1053.0127034813127
 10
732.6519082113969
 20
1052.6498084264758
 10
732.6413537923517
 20
1052.2537965118804
 10
732.6413537923517
 20
1047.5618200453048
 10
731.1852231647937
 20
1047.5618200453048
  0
LWPOLYLINE
  5
208
330
17
100
AcDbEntity
  8
line engraving
 62
1
420
16711680
100
AcDbPolyline
 90
13
 70
0
 10
740.4073838059943
 20
1047.5618200453048
 10
740.4073838059943
 20
1059.4211950453048
 10
741.8635144335523
 20
1059.4211950453048
 10
741.8635144335523
 20
1052.6582772417578
 10
745.3096902521061
 20
1056.1529907478969
 10
747.194570453334
 20
1056.1529907478969
 10
743.910186926731
 20
1052.9656825964644
 10
747.5262446518333
 20
1047.5618200453048
 10
745.7303502111785
 20
1047.5618200453048
 10
742.8908954874404
 20
1051.9544807717714
 10
741.8635144335523
 20
1050.9675477908709
 10
741.8635144335523
 20
1047.5618200453048
 10
740.4073838059943
 20
1047.5618200453048
  0
CIRCLE
  5
209
330
17
100
AcDbEntity
  8
cut
 62
5
420
255
100
AcDbCircle
 10
913.2507927418742
 20
1008.4915075453048
 30
0.0
 40
4.4
  0
CIRCLE
  5
20A
330
17
100
AcDbEntity
  8
cut
 62
5
420
255
100
AcDbCircle
 10
1149.0507927418741
 20
1008.4915075453048
 30
0.0
 40
4.4
  0
LWPOLYLINE
  5
20B
330
17
100
AcDbEntity
  8
cut
 62
5
420
255
100
AcDbPolyline
 90
4
 70
1
 10
1149.0507927418741
 20
978.4915075453048
 42
0.9999999999999999
 10
1149.0507927418741
 20
1038.4915075453048
 10
913.2507927418742
 20
1038.4915075453048
 42
0.9999999999999999
 10
913.2507927418742
 20
978.4915075453048
  0
LWPOLYLINE
  5
20C
330
17
100
AcDbEntity
  8
line engraving
 62
1
420
16711680
100
AcDbPolyline
 90
7
 70
0
 10
1084.8565322115194
 20
1002.5618200453048
 10
1084.8565322115194
 20
1014.4211950453048
 10
1086.425917443443
 20
1014.4211950453048
 10
1086.425917443443
 20
1003.9613233706799
 10
1092.26661918287
 20
1003.9613233706799
 10
1092.26661918287
 20
1002.5618200453048
 10
1084.8565322115194
 20
1002.5618200453048
  0
LWPOLYLINE
  5
20D
330
17
100
AcDbEntity
  8
line engraving
 62
1
420
16711680
100
AcDbPolyline
 90
5
 70
0
 10
1093.9573486337567
 20
1012.7466448236131
 10
1093.9573486337567
 20
1014.4211950453048
 10
1095.4134792613147
 20
1014.4211950453048
 10
1095.4134792613147
 20
1012.7466448236131
 10
1093.9573486337567
 20
1012.7466448236131
  0
LWPOLYLINE
  5
20E
330
17
100
AcDbEntity
  8
line engraving
 62
1
420
16711680
100
AcDbPolyline
 90
5
 70
0
 10
1093.9573486337567
 20
1002.5618200453048
 10
1093.9573486337567
 20
1011.1529907478969
 10
1095.4134792613147
 20
1011.1529907478969
 10
1095.4134792613147
 20
1002.5618200453048
 10
1093.9573486337567
 20
1002.5618200453048
  0
LWPOLYLINE
  5
20F
330
17
100
AcDbEntity
  8
line engraving
 62
1
420
16711680
100
AcDbPolyline
 90
61
 70
0
 10
1097.6300336610418
 20
1002.5618200453048
 10
1097.6300336610418
 20
1011.1529907478969
 10
1098.940551225844
 20
1011.1529907478969
 10
1098.940551225844
 20
1009.9314589436676
 10
1099.1903180765432
 20
1010.2632595423951
 10
1099.4663761746845
 20
1010.5508200612921
 10
1099.7687255202677
 20
1010.7941405003589
 10
1100.097366113293
 20
1010.9932208595953
 10
1100.45229795376
 20
1011.1480611390016
 10
1100.8335210416694
 20
1011.2586613385773
 10
1101.2410353770206
 20
1011.3250214583228
 10
1101.674840959814
 20
1011.347141498238
 10
1102.0553056463548
 20
1011.3296982667621
 10
1102.4200967046127
 20
1011.2773685723341
 10
1102.769214134588
 20
1011.1901524149544
 10
1103.1026579362806
 20
1011.0680497946227
 10
1103.4077880868817
 20
1010.9176335231996
 10
1103.6719645635828
 20
1010.7454764125456
 10
1103.8951873663837
 20
1010.5515784626607
 10
1104.0774564952847
 20
1010.3359396735449
 10
1104.2271143653393
 20
1010.0988128456544
 10
1104.3525033916012
 20
1009.8404507794453
 10
1104.4536235740707
 20
1009.5608534749177
 10
1104.5304749127472
 20
1009.2600209320715
 10
1104.5658669766115
 20
1009.0198604987069
 10
1104.5911470222288
 20
1008.7038599284904
 10
1104.606315049599
 20
1008.3120192214218
 10
1104.6113710587226
 20
1007.8443383775012
 10
1104.6113710587226
 20
1002.5618200453048
 10
1103.1552404311647
 20
1002.5618200453048
 10
1103.1552404311647
 20
1007.7877110753184
 10
1103.1446228120053
 20
1008.2045790275481
 10
1103.1127699545275
 20
1008.5653252785073
 10
1103.0596818587312
 20
1008.8699498281961
 10
1102.9853585246162
 20
1009.1184526766144
 10
1102.8839855416907
 20
1009.3277714543259
 10
1102.7497484994628
 20
1009.5148437918941
 10
1102.5826473979323
 20
1009.6796696893191
 10
1102.3826822370993
 20
1009.8222491466008
 10
1102.1569314297365
 20
1009.9372733541596
 10
1101.912473388617
 20
1010.019433502416
 10
1101.6493081137405
 20
1010.0687295913698
 10
1101.3674356051074
 20
1010.085161621021
 10
1101.1388407926127
 20
1010.0759344043707
 10
1100.9182091944876
 20
1010.0482527544198
 10
1100.7055408107317
 20
1010.0021166711681
 10
1100.5008356413455
 20
1009.9375261546159
 10
1100.3040936863285
 20
1009.8544812047629
 10
1100.1153149456813
 20
1009.7529818216094
 10
1099.9344994194032
 20
1009.6330280051552
 10
1099.7616471074948
 20
1009.4946197554003
 10
1099.6033308218164
 20
1009.3304258591157
 10
1099.4661233742281
 20
1009.1331151030726
 10
1099.3500247647307
 20
1008.9026874872706
 10
1099.2550349933235
 20
1008.63914301171
 10
1099.181154060007
 20
1008.3424816763907
 10
1099.1283819647806
 20
1008.0127034813127
 10
1099.096718707645
 20
1007.6498084264759
 10
1099.0861642885998
 20
1007.2537965118805
 10
1099.0861642885998
 20
1002.5618200453048
 10
1097.6300336610418
 20
1002.5618200453048
  0
LWPOLYLINE
  5
210
330
17
100
AcDbEntity
  8
line engraving
 62
1
420
16711680
100
AcDbPolyline
 90
13
 70
0
 10
1106.8521943022424
 20
1002.5618200453048
 10
1106.8521943022424
 20
1014.4211950453048
 10
1108.3083249298004
 20
1014.4211950453048
 10
1108.3083249298004
 20
1007.6582772417577
 10
1111.7545007483543
 20
1011.1529907478969
 10
1113.6393809495821
 20
1011.1529907478969
 10
1110.354997422979
 20
1007.9656825964644
 10
1113.9710551480814
 20
1002.5618200453048
 10
1112.1751607074266
 20
1002.5618200453048
 10
1109.3357059836885
 20
1006.9544807717714
 10
1108.3083249298004
 20
1005.967547790871
 10
1108.3083249298004
 20
1002.5618200453048
 10
1106.8521943022424
 20
1002.5618200453048
  0
LWPOLYLINE
  5
211
330
17
100
AcDbEntity
  8
line engraving
 62
1
420
16711680
100
AcDbPolyline
 90
151
 70
0
 10
1123.7756680403052
 20
1006.7198819484425
 10
1125.3450532722288
 20
1006.3234908331629
 10
1125.209362627378
 20
1005.8544827868474
 10
1125.04902393805
 20
1005.4141675923076
 10
1124.8640372042453
 20
1005.0025452495436
 10
1124.6544024259636
 20
1004.619615758555
 10
1124.420119603205
 20
1004.2653791193424
 10
1124.1611887359695
 20
1003.9398353319052
 10
1123.877609824257
 20
1003.6429843962437
 10
1123.5693828680678
 20
1003.374826312358
 10
1123.23992067356
 20
1003.1368778829849
 10
1122.892636046892
 20
1002.9306559108616
 10
1122.5275289880638
 20
1002.756160395988
 10
1122.1445994970752
 20
1002.6133913383642
 10
1121.7438475739266
 20
1002.50234873799
 10
1121.3252732186177
 20
1002.4230325948657
 10
1120.8888764311487
 20
1002.3754429089911
 10
1120.4346572115194
 20
1002.3595796803662
 10
1119.9665339668006
 20
1002.3717773023766
 10
1119.520783562453
 20
1002.4083701684076
 10
1119.097405998477
 20
1002.4693582784595
 10
1118.696401274872
 20
1002.554741632532
 10
1118.3177693916384
 20
1002.6645202306252
 10
1117.9615103487763
 20
1002.7986940727392
 10
1117.6276241462856
 20
1002.9572631588738
 10
1117.316110784166
 20
1003.1402274890293
 10
1117.0247582584263
 20
1003.3463230609245
 10
1116.751354565075
 20
1003.5742858722787
 10
1116.495899704112
 20
1003.8241159230919
 10
1116.258393675537
 20
1004.0958132133642
 10
1116.0388364793507
 20
1004.3893777430953
 10
1115.8372281155525
 20
1004.7048095122855
 10
1115.6535685841425
 20
1005.0421085209347
 10
1115.487857885121
 20
1005.4012747690429
 10
1115.3409176199702
 20
1005.7747874430388
 10
1115.213569390173
 20
1006.1551257293515
 10
1115.1058131957293
 20
1006.5422896279808
 10
1115.0176490366389
 20
1006.9362791389269
 10
1114.9490769129018
 20
1007.3370942621896
 10
1114.9000968245182
 20
1007.744734997769
 10
1114.8707087714881
 20
1008.159201345665
 10
1114.8609127538114
 20
1008.5804933058778
 10
1114.871972773769
 20
1009.0362293282441
 10
1114.9051528336418
 20
1009.4771765239243
 10
1114.9604529334297
 20
1009.9033348929185
 10
1115.0378730731327
 20
1010.3147044352263
 10
1115.1374132527508
 20
1010.7112851508482
 10
1115.2590734722842
 20
1011.0930770397838
 10
1115.4028537317326
 20
1011.4600801020333
 10
1115.5687540310964
 20
1011.8122943375968
 10
1115.755067967296
 20
1012.146749341114
 10
1115.9600891372527
 20
1012.460474707225
 10
1116.183817540966
 20
1012.7534704359298
 10
1116.4262531784361
 20
1013.0257365272284
 10
1116.6873960496632
 20
1013.2772729811209
 10
1116.967246154647
 20
1013.508079797607
 10
1117.2658034933877
 20
1013.7181569766869
 10
1117.583068065885
 20
1013.9075045183607
 10
1117.9137942626737
 20
1014.0753008211457
 10
1118.252736474288
 20
1014.2207242835593
 10
1118.5998947007279
 20
1014.3437749056017
 10
1118.9552689419934
 20
1014.4444526872727
 10
1119.3188591980847
 20
1014.5227576285723
 10
1119.6906654690015
 20
1014.5786897295006
 10
1120.070687754744
 20
1014.6122489900577
 10
1120.458926055312
 20
1014.6234354102434
 10
1120.895006842211
 20
1014.6092785846977
 10
1121.3133915971778
 20
1014.5668081080605
 10
1121.7140803202124
 20
1014.496023980332
 10
1122.0970730113147
 20
1014.3969262015121
 10
1122.462369670485
 20
1014.2695147716008
 10
1122.8099702977233
 20
1014.1137896905981
 10
1123.1398748930294
 20
1013.929750958504
 10
1123.4520834564034
 20
1013.7173985753184
 10
1123.7439415830554
 20
1013.4793869458313
 10
1124.0127948681957
 20
1013.2183704748323
 10
1124.2586433118242
 20
1012.9343491623217
 10
1124.481486913941
 20
1012.6273230082993
 10
1124.6813256745459
 20
1012.2972920127651
 10
1124.8581595936391
 20
1011.9442561757191
 10
1125.0119886712205
 20
1011.5682154971614
 10
1125.1428129072901
 20
1011.169169977092
 10
1123.5976965191592
 20
1010.8051373202024
 10
1123.4887395225485
 20
1011.1177250842607
 10
1123.3681537049538
 20
1011.4083192086318
 10
1123.2359390663753
 20
1011.676919693316
 10
1123.0920956068126
 20
1011.9235265383129
 10
1122.936623326266
 20
1012.1481397436229
 10
1122.7695222247355
 20
1012.3507593092457
 10
1122.5907923022212
 20
1012.5313852351816
 10
1122.4004335587226
 20
1012.6900175214303
 10
1122.1979403933278
 20
1012.8284257711852
 10
1121.9828072051243
 20
1012.9483795876394
 10
1121.7550339941122
 20
1013.049878970793
 10
1121.5146207602916
 20
1013.1329239206459
 10
1121.261567503662
 20
1013.1975144371982
 10
1120.995874224224
 20
1013.2436505204498
 10
1120.7175409219772
 20
1013.2713321704008
 10
1120.4265675969218
 20
1013.2805593870511
 10
1120.0917965928343
 20
1013.270320968576
 10
1119.7710560140645
 20
1013.239605713151
 10
1119.4643458606124
 20
1013.1884136207759
 10
1119.1716661324776
 20
1013.1167446914508
 10
1118.8930168296608
 20
1013.0245989251756
 10
1118.6283979521613
 20
1012.9119763219504
 10
1118.3778094999795
 20
1012.7788768817752
 10
1118.1412514731155
 20
1012.62530060465
 10
1117.9202406743061
 20
1012.4544706963909
 10
1117.7162939062882
 20
1012.2696103628142
 10
1117.529411169062
 20
1012.0707196039199
 10
1117.359592462628
 20
1011.8577984197079
 10
1117.206837786985
 20
1011.6308468101784
 10
1117.0711471421341
 20
1011.3898647753313
 10
1116.952520528075
 20
1011.1348523151664
 10
1116.8509579448073
 20
1010.8658094296841
 10
1116.6881544510318
 20
1010.3093956256467
 10
1116.5718662411919
 20
1009.7443866060994
 10
1116.5020933152882
 20
1009.1707823710424
 10
1116.4788356733202
 20
1008.5885829204753
 10
1116.506390923043
 20
1007.8562199989414
 10
1116.5890566722117
 20
1007.1718891640803
 10
1116.7268329208262
 20
1006.5355904158922
 10
1116.9197196688863
 20
1005.9473237543771
 10
1117.037587881577
 20
1005.6741096613678
 10
1117.1707505218665
 20
1005.4187180005188
 10
1117.3192075897541
 20
1005.18114877183
 10
1117.4829590852405
 20
1004.9614019753013
 10
1117.6620050083252
 20
1004.7594776109329
 10
1117.8563453590084
 20
1004.5753756787248
 10
1118.06598013729
 20
1004.4090961786768
 10
1118.2909093431701
 20
1004.260639110789
 10
1118.7656685998636
 20
1004.0164338701256
 10
1119.2596406912262
 20
1003.8420015553661
 10
1119.772825617258
 20
1003.7373421665104
 10
1120.3052233779588
 20
1003.7024557035585
 10
1120.6285551614044
 20
1003.7143373249986
 10
1120.9392469220413
 20
1003.7499821893191
 10
1121.2372986598696
 20
1003.8093902965198
 10
1121.5227103748891
 20
1003.8925616466008
 10
1121.7954820671
 20
1003.9994962395621
 10
1122.0556137365024
 20
1004.1301940754037
 10
1122.303105383096
 20
1004.2846551541255
 10
1122.537957006881
 20
1004.4628794757277
 10
1122.7572614026112
 20
1004.6644878395259
 10
1122.9581113650408
 20
1004.8891010448358
 10
1123.14050689417
 20
1005.1367190916575
 10
1123.3044479899982
 20
1005.407341979991
 10
1123.449934652526
 20
1005.7009697098363
 10
1123.576966881753
 20
1006.0176022811933
 10
1123.6855446776794
 20
1006.3572396940621
 10
1123.7756680403052
 20
1006.7198819484425
  0
CIRCLE
  5
212
330
17
100
AcDbEntity
  8
cut
 62
5
420
255
100
AcDbCircle
 10
913.2507927418742
 20
1074.4915075453048
 30
0.0
 40
4.4
  0
CIRCLE
  5
213
330
17
100
AcDbEntity
  8
cut
 62
5
420
255
100
AcDbCircle
 10
1149.0507927418741
 20
1074.4915075453048
 30
0.0
 40
4.4
  0
LWPOLYLINE
  5
214
330
17
100
AcDbEntity
  8
cut
 62
5
420
255
100
AcDbPolyline
 90
4
 70
1
 10
1149.0507927418741
 20
1044.4915075453048
 42
0.9999999999999999
 10
1149.0507927418741
 20
1104.4915075453048
 10
913.2507927418742
 20
1104.4915075453048
 42
0.9999999999999999
 10
913.2507927418742
 20
1044.4915075453048
  0
LWPOLYLINE
  5
215
330
17
100
AcDbEntity
  8
line engraving
 62
1
420
16711680
100
AcDbPolyline
 90
7
 70
0
 10
1084.8565322115194
 20
1068.5618200453048
 10
1084.8565322115194
 20
1080.4211950453048
 10
1086.425917443443
 20
1080.4211950453048
 10
1086.425917443443
 20
1069.96132337068
 10
1092.26661918287
 20
1069.96132337068
 10
1092.26661918287
 20
1068.5618200453048
 10
1084.8565322115194
 20
1068.5618200453048
  0
LWPOLYLINE
  5
216
330
17
100
AcDbEntity
  8
line engraving
 62
1
420
16711680
100
AcDbPolyline
 90
5
 70
0
 10
1093.9573486337567
 20
1078.746644823613
 10
1093.9573486337567
 20
1080.4211950453048
 10
1095.4134792613147
 20
1080.4211950453048
 10
1095.4134792613147
 20
1078.746644823613
 10
1093.9573486337567
 20
1078.746644823613
  0
LWPOLYLINE
  5
217
330
17
100
AcDbEntity
  8
line engraving
 62
1
420
16711680
100
AcDbPolyline
 90
5
 70
0
 10
1093.9573486337567
 20
1068.5618200453048
 10
1093.9573486337567
 20
1077.1529907478969
 10
1095.4134792613147
 20
1077.1529907478969
 10
1095.4134792613147
 20
1068.5618200453048
 10
1093.9573486337567
 20
1068.5618200453048
  0
LWPOLYLINE
  5
218
330
17
100
AcDbEntity
  8
line engraving
 62
1
420
16711680
100
AcDbPolyline
 90
61
 70
0
 10
1097.6300336610418
 20
1068.5618200453048
 10
1097.6300336610418
 20
1077.1529907478969
 10
1098.940551225844
 20
1077.1529907478969
 10
1098.940551225844
 20
1075.9314589436676
 10
1099.1903180765432
 20
1076.263259542395
 10
1099.4663761746845
 20
1076.5508200612921
 10
1099.7687255202677
 20
1076.794140500359
 10
1100.097366113293
 20
1076.9932208595953
 10
1100.45229795376
 20
1077.1480611390016
 10
1100.8335210416694
 20
1077.2586613385774
 10
1101.2410353770206
 20
1077.325021458323
 10
1101.674840959814
 20
1077.347141498238
 10
1102.0553056463548
 20
1077.329698266762
 10
1102.4200967046127
 20
1077.2773685723341
 10
1102.769214134588
 20
1077.1901524149544
 10
1103.1026579362806
 20
1077.0680497946228
 10
1103.4077880868817
 20
1076.9176335231996
 10
1103.6719645635828
 20
1076.7454764125455
 10
1103.8951873663837
 20
1076.5515784626607
 10
1104.0774564952847
 20
1076.335939673545
 10
1104.2271143653393
 20
1076.0988128456545
 10
1104.3525033916012
 20
1075.8404507794453
 10
1104.4536235740707
 20
1075.5608534749176
 10
1104.5304749127472
 20
1075.2600209320715
 10
1104.5658669766115
 20
1075.019860498707
 10
1104.5911470222288
 20
1074.7038599284904
 10
1104.606315049599
 20
1074.312019221422
 10
1104.6113710587226
 20
1073.8443383775013
 10
1104.6113710587226
 20
1068.5618200453048
 10
1103.1552404311647
 20
1068.5618200453048
 10
1103.1552404311647
 20
1073.7877110753184
 10
1103.1446228120053
 20
1074.204579027548
 10
1103.1127699545275
 20
1074.5653252785073
 10
1103.0596818587312
 20
1074.8699498281962
 10
1102.9853585246162
 20
1075.1184526766144
 10
1102.8839855416907
 20
1075.327771454326
 10
1102.7497484994628
 20
1075.5148437918942
 10
1102.5826473979323
 20
1075.679669689319
 10
1102.3826822370993
 20
1075.8222491466008
 10
1102.1569314297365
 20
1075.9372733541595
 10
1101.912473388617
 20
1076.019433502416
 10
1101.6493081137405
 20
1076.0687295913697
 10
1101.3674356051074
 20
1076.085161621021
 10
1101.1388407926127
 20
1076.0759344043706
 10
1100.9182091944876
 20
1076.0482527544195
 10
1100.7055408107317
 20
1076.002116671168
 10
1100.5008356413455
 20
1075.9375261546156
 10
1100.3040936863285
 20
1075.8544812047628
 10
1100.1153149456813
 20
1075.7529818216092
 10
1099.9344994194032
 20
1075.633028005155
 10
1099.7616471074948
 20
1075.4946197554002
 10
1099.6033308218164
 20
1075.3304258591156
 10
1099.4661233742281
 20
1075.1331151030724
 10
1099.3500247647307
 20
1074.9026874872704
 10
1099.2550349933235
 20
1074.6391430117098
 10
1099.181154060007
 20
1074.3424816763907
 10
1099.1283819647806
 20
1074.0127034813127
 10
1099.096718707645
 20
1073.6498084264758
 10
1099.0861642885998
 20
1073.2537965118804
 10
1099.0861642885998
 20
1068.5618200453048
 10
1097.6300336610418
 20
1068.5618200453048
  0
LWPOLYLINE
  5
219
330
17
100
AcDbEntity
  8
line engraving
 62
1
420
16711680
100
AcDbPolyline
 90
13
 70
0
 10
1106.8521943022424
 20
1068.5618200453048
 10
1106.8521943022424
 20
1080.4211950453048
 10
1108.3083249298004
 20
1080.4211950453048
 10
1108.3083249298004
 20
1073.6582772417578
 10
1111.7545007483543
 20
1077.1529907478969
 10
1113.6393809495821
 20
1077.1529907478969
 10
1110.354997422979
 20
1073.9656825964644
 10
1113.9710551480814
 20
1068.5618200453048
 10
1112.1751607074266
 20
1068.5618200453048
 10
1109.3357059836885
 20
1072.9544807717714
 10
1108.3083249298004
 20
1071.9675477908709
 10
1108.3083249298004
 20
1068.5618200453048
 10
1106.8521943022424
 20
1068.5618200453048
  0
LWPOLYLINE
  5
21A
330
17
100
AcDbEntity
  8
line engraving
 62
1
420
16711680
100
AcDbPolyline
 90
151
 70
0
 10
1123.7756680403052
 20
1072.7198819484427
 10
1125.3450532722288
 20
1072.3234908331629
 10
1125.209362627378
 20
1071.8544827868475
 10
1125.04902393805
 20
1071.4141675923076
 10
1124.8640372042453
 20
1071.0025452495436
 10
1124.6544024259636
 20
1070.619615758555
 10
1124.420119603205
 20
1070.2653791193425
 10
1124.1611887359695
 20
1069.9398353319052
 10
1123.877609824257
 20
1069.6429843962437
 10
1123.5693828680678
 20
1069.374826312358
 10
1123.23992067356
 20
1069.136877882985
 10
1122.892636046892
 20
1068.9306559108616
 10
1122.5275289880638
 20
1068.756160395988
 10
1122.1445994970752
 20
1068.6133913383642
 10
1121.7438475739266
 20
1068.50234873799
 10
1121.3252732186177
 20
1068.4230325948656
 10
1120.8888764311487
 20
1068.3754429089909
 10
1120.4346572115194
 20
1068.359579680366
 10
1119.9665339668006
 20
1068.3717773023764
 10
1119.520783562453
 20
1068.4083701684076
 10
1119.097405998477
 20
1068.4693582784594
 10
1118.696401274872
 20
1068.554741632532
 10
1118.3177693916384
 20
1068.6645202306252
 10
1117.9615103487763
 20
1068.7986940727392
 10
1117.6276241462856
 20
1068.9572631588737
 10
1117.316110784166
 20
1069.1402274890293
 10
1117.0247582584263
 20
1069.3463230609245
 10
1116.751354565075
 20
1069.5742858722788
 10
1116.495899704112
 20
1069.824115923092
 10
1116.258393675537
 20
1070.0958132133642
 10
1116.0388364793507
 20
1070.3893777430953
 10
1115.8372281155525
 20
1070.7048095122855
 10
1115.6535685841425
 20
1071.0421085209348
 10
1115.487857885121
 20
1071.4012747690429
 10
1115.3409176199702
 20
1071.7747874430388
 10
1115.213569390173
 20
1072.1551257293515
 10
1115.1058131957293
 20
1072.5422896279808
 10
1115.0176490366389
 20
1072.936279138927
 10
1114.9490769129018
 20
1073.3370942621896
 10
1114.9000968245182
 20
1073.744734997769
 10
1114.8707087714881
 20
1074.159201345665
 10
1114.8609127538114
 20
1074.5804933058778
 10
1114.871972773769
 20
1075.0362293282442
 10
1114.9051528336418
 20
1075.4771765239243
 10
1114.9604529334297
 20
1075.9033348929183
 10
1115.0378730731327
 20
1076.3147044352263
 10
1115.1374132527508
 20
1076.7112851508482
 10
1115.2590734722842
 20
1077.0930770397838
 10
1115.4028537317326
 20
1077.4600801020333
 10
1115.5687540310964
 20
1077.8122943375968
 10
1115.755067967296
 20
1078.146749341114
 10
1115.9600891372527
 20
1078.4604747072249
 10
1116.183817540966
 20
1078.7534704359298
 10
1116.4262531784361
 20
1079.0257365272282
 10
1116.6873960496632
 20
1079.2772729811206
 10
1116.967246154647
 20
1079.5080797976068
 10
1117.2658034933877
 20
1079.718156976687
 10
1117.583068065885
 20
1079.9075045183606
 10
1117.9137942626737
 20
1080.0753008211457
 10
1118.252736474288
 20
1080.2207242835593
 10
1118.5998947007279
 20
1080.3437749056018
 10
1118.9552689419934
 20
1080.4444526872728
 10
1119.3188591980847
 20
1080.5227576285724
 10
1119.6906654690015
 20
1080.5786897295009
 10
1120.070687754744
 20
1080.6122489900579
 10
1120.458926055312
 20
1080.6234354102435
 10
1120.895006842211
 20
1080.6092785846977
 10
1121.3133915971778
 20
1080.5668081080607
 10
1121.7140803202124
 20
1080.4960239803322
 10
1122.0970730113147
 20
1080.396926201512
 10
1122.462369670485
 20
1080.2695147716008
 10
1122.8099702977233
 20
1080.1137896905982
 10
1123.1398748930294
 20
1079.929750958504
 10
1123.4520834564034
 20
1079.7173985753184
 10
1123.7439415830554
 20
1079.4793869458313
 10
1124.0127948681957
 20
1079.2183704748325
 10
1124.2586433118242
 20
1078.9343491623217
 10
1124.481486913941
 20
1078.6273230082993
 10
1124.6813256745459
 20
1078.2972920127652
 10
1124.8581595936391
 20
1077.9442561757191
 10
1125.0119886712205
 20
1077.5682154971614
 10
1125.1428129072901
 20
1077.169169977092
 10
1123.5976965191592
 20
1076.8051373202024
 10
1123.4887395225485
 20
1077.1177250842607
 10
1123.3681537049538
 20
1077.4083192086318
 10
1123.2359390663753
 20
1077.676919693316
 10
1123.0920956068126
 20
1077.923526538313
 10
1122.936623326266
 20
1078.148139743623
 10
1122.7695222247355
 20
1078.3507593092459
 10
1122.5907923022212
 20
1078.5313852351815
 10
1122.4004335587226
 20
1078.6900175214303
 10
1122.1979403933278
 20
1078.828425771185
 10
1121.9828072051243
 20
1078.9483795876392
 10
1121.7550339941122
 20
1079.0498789707929
 10
1121.5146207602916
 20
1079.1329239206457
 10
1121.261567503662
 20
1079.1975144371982
 10
1120.995874224224
 20
1079.2436505204496
 10
1120.7175409219772
 20
1079.2713321704007
 10
1120.4265675969218
 20
1079.280559387051
 10
1120.0917965928343
 20
1079.270320968576
 10
1119.7710560140645
 20
1079.239605713151
 10
1119.4643458606124
 20
1079.188413620776
 10
1119.1716661324776
 20
1079.1167446914508
 10
1118.8930168296608
 20
1079.0245989251755
 10
1118.6283979521613
 20
1078.9119763219503
 10
1118.3778094999795
 20
1078.7788768817752
 10
1118.1412514731155
 20
1078.62530060465
 10
1117.9202406743061
 20
1078.454470696391
 10
1117.7162939062882
 20
1078.2696103628143
 10
1117.529411169062
 20
1078.07071960392
 10
1117.359592462628
 20
1077.857798419708
 10
1117.206837786985
 20
1077.6308468101784
 10
1117.0711471421341
 20
1077.3898647753313
 10
1116.952520528075
 20
1077.1348523151664
 10
1116.8509579448073
 20
1076.865809429684
 10
1116.6881544510318
 20
1076.3093956256466
 10
1116.5718662411919
 20
1075.7443866060994
 10
1116.5020933152882
 20
1075.1707823710424
 10
1116.4788356733202
 20
1074.5885829204753
 10
1116.506390923043
 20
1073.8562199989415
 10
1116.5890566722117
 20
1073.1718891640803
 10
1116.7268329208262
 20
1072.5355904158923
 10
1116.9197196688863
 20
1071.947323754377
 10
1117.037587881577
 20
1071.6741096613678
 10
1117.1707505218665
 20
1071.4187180005188
 10
1117.3192075897541
 20
1071.18114877183
 10
1117.4829590852405
 20
1070.9614019753014
 10
1117.6620050083252
 20
1070.759477610933
 10
1117.8563453590084
 20
1070.5753756787249
 10
1118.06598013729
 20
1070.409096178677
 10
1118.2909093431701
 20
1070.260639110789
 10
1118.7656685998636
 20
1070.0164338701256
 10
1119.2596406912262
 20
1069.842001555366
 10
1119.772825617258
 20
1069.7373421665104
 10
1120.3052233779588
 20
1069.7024557035586
 10
1120.6285551614044
 20
1069.7143373249987
 10
1120.9392469220413
 20
1069.749982189319
 10
1121.2372986598696
 20
1069.80939029652
 10
1121.5227103748891
 20
1069.8925616466008
 10
1121.7954820671
 20
1069.9994962395622
 10
1122.0556137365024
 20
1070.1301940754038
 10
1122.303105383096
 20
1070.2846551541256
 10
1122.537957006881
 20
1070.4628794757277
 10
1122.7572614026112
 20
1070.664487839526
 10
1122.9581113650408
 20
1070.8891010448358
 10
1123.14050689417
 20
1071.1367190916576
 10
1123.3044479899982
 20
1071.407341979991
 10
1123.449934652526
 20
1071.7009697098363
 10
1123.576966881753
 20
1072.0176022811934
 10
1123.6855446776794
 20
1072.3572396940622
 10
1123.7756680403052
 20
1072.7198819484427
  0
CIRCLE
  5
21B
330
17
100
AcDbEntity
  8
cut
 62
5
420
255
100
AcDbCircle
 10
913.2507927418742
 20
1140.4915075453048
 30
0.0
 40
4.4
  0
CIRCLE
  5
21C
330
17
100
AcDbEntity
  8
cut
 62
5
420
255
100
AcDbCircle
 10
1149.0507927418741
 20
1140.4915075453048
 30
0.0
 40
4.4
  0
LWPOLYLINE
  5
21D
330
17
100
AcDbEntity
  8
cut
 62
5
420
255
100
AcDbPolyline
 90
4
 70
1
 10
1149.0507927418741
 20
1110.4915075453048
 42
0.9999999999999999
 10
1149.0507927418741
 20
1170.4915075453048
 10
913.2507927418742
 20
1170.4915075453048
 42
0.9999999999999999
 10
913.2507927418742
 20
1110.4915075453048
  0
LWPOLYLINE
  5
21E
330
17
100
AcDbEntity
  8
line engraving
 62
1
420
16711680
100
AcDbPolyline
 90
7
 70
0
 10
1084.8565322115194
 20
1134.5618200453048
 10
1084.8565322115194
 20
1146.4211950453048
 10
1086.425917443443
 20
1146.4211950453048
 10
1086.425917443443
 20
1135.96132337068
 10
1092.26661918287
 20
1135.96132337068
 10
1092.26661918287
 20
1134.5618200453048
 10
1084.8565322115194
 20
1134.5618200453048
  0
LWPOLYLINE
  5
21F
330
17
100
AcDbEntity
  8
line engraving
 62
1
420
16711680
100
AcDbPolyline
 90
5
 70
0
 10
1093.9573486337567
 20
1144.746644823613
 10
1093.9573486337567
 20
1146.4211950453048
 10
1095.4134792613147
 20
1146.4211950453048
 10
1095.4134792613147
 20
1144.746644823613
 10
1093.9573486337567
 20
1144.746644823613
  0
LWPOLYLINE
  5
220
330
17
100
AcDbEntity
  8
line engraving
 62
1
420
16711680
100
AcDbPolyline
 90
5
 70
0
 10
1093.9573486337567
 20
1134.5618200453048
 10
1093.9573486337567
 20
1143.1529907478969
 10
1095.4134792613147
 20
1143.1529907478969
 10
1095.4134792613147
 20
1134.5618200453048
 10
1093.9573486337567
 20
1134.5618200453048
  0
LWPOLYLINE
  5
221
330
17
100
AcDbEntity
  8
line engraving
 62
1
420
16711680
100
AcDbPolyline
 90
61
 70
0
 10
1097.6300336610418
 20
1134.5618200453048
 10
1097.6300336610418
 20
1143.1529907478969
 10
1098.940551225844
 20
1143.1529907478969
 10
1098.940551225844
 20
1141.9314589436676
 10
1099.1903180765432
 20
1142.263259542395
 10
1099.4663761746845
 20
1142.5508200612921
 10
1099.7687255202677
 20
1142.794140500359
 10
1100.097366113293
 20
1142.9932208595953
 10
1100.45229795376
 20
1143.1480611390016
 10
1100.8335210416694
 20
1143.2586613385774
 10
1101.2410353770206
 20
1143.325021458323
 10
1101.674840959814
 20
1143.347141498238
 10
1102.0553056463548
 20
1143.329698266762
 10
1102.4200967046127
 20
1143.2773685723341
 10
1102.769214134588
 20
1143.1901524149544
 10
1103.1026579362806
 20
1143.0680497946228
 10
1103.4077880868817
 20
1142.9176335231996
 10
1103.6719645635828
 20
1142.7454764125455
 10
1103.8951873663837
 20
1142.5515784626607
 10
1104.0774564952847
 20
1142.335939673545
 10
1104.2271143653393
 20
1142.0988128456545
 10
1104.3525033916012
 20
1141.8404507794453
 10
1104.4536235740707
 20
1141.5608534749176
 10
1104.5304749127472
 20
1141.2600209320715
 10
1104.5658669766115
 20
1141.019860498707
 10
1104.5911470222288
 20
1140.7038599284904
 10
1104.606315049599
 20
1140.312019221422
 10
1104.6113710587226
 20
1139.8443383775013
 10
1104.6113710587226
 20
1134.5618200453048
 10
1103.1552404311647
 20
1134.5618200453048
 10
1103.1552404311647
 20
1139.7877110753184
 10
1103.1446228120053
 20
1140.204579027548
 10
1103.1127699545275
 20
1140.5653252785073
 10
1103.0596818587312
 20
1140.8699498281962
 10
1102.9853585246162
 20
1141.1184526766144
 10
1102.8839855416907
 20
1141.327771454326
 10
1102.7497484994628
 20
1141.5148437918942
 10
1102.5826473979323
 20
1141.679669689319
 10
1102.3826822370993
 20
1141.8222491466008
 10
1102.1569314297365
 20
1141.9372733541595
 10
1101.912473388617
 20
1142.019433502416
 10
1101.6493081137405
 20
1142.0687295913697
 10
1101.3674356051074
 20
1142.085161621021
 10
1101.1388407926127
 20
1142.0759344043706
 10
1100.9182091944876
 20
1142.0482527544195
 10
1100.7055408107317
 20
1142.002116671168
 10
1100.5008356413455
 20
1141.9375261546156
 10
1100.3040936863285
 20
1141.8544812047628
 10
1100.1153149456813
 20
1141.7529818216092
 10
1099.9344994194032
 20
1141.633028005155
 10
1099.7616471074948
 20
1141.4946197554002
 10
1099.6033308218164
 20
1141.3304258591156
 10
1099.4661233742281
 20
1141.1331151030724
 10
1099.3500247647307
 20
1140.9026874872704
 10
1099.2550349933235
 20
1140.6391430117098
 10
1099.181154060007
 20
1140.3424816763907
 10
1099.1283819647806
 20
1140.0127034813127
 10
1099.096718707645
 20
1139.6498084264758
 10
1099.0861642885998
 20
1139.2537965118804
 10
1099.0861642885998
 20
1134.5618200453048
 10
1097.6300336610418
 20
1134.5618200453048
  0
LWPOLYLINE
  5
222
330
17
100
AcDbEntity
  8
line engraving
 62
1
420
16711680
100
AcDbPolyline
 90
13
 70
0
 10
1106.8521943022424
 20
1134.5618200453048
 10
1106.8521943022424
 20
1146.4211950453048
 10
1108.3083249298004
 20
1146.4211950453048
 10
1108.3083249298004
 20
1139.6582772417578
 10
1111.7545007483543
 20
1143.1529907478969
 10
1113.6393809495821
 20
1143.1529907478969
 10
1110.354997422979
 20
1139.9656825964644
 10
1113.9710551480814
 20
1134.5618200453048
 10
1112.1751607074266
 20
1134.5618200453048
 10
1109.3357059836885
 20
1138.9544807717714
 10
1108.3083249298004
 20
1137.9675477908709
 10
1108.3083249298004
 20
1134.5618200453048
 10
1106.8521943022424
 20
1134.5618200453048
  0
LWPOLYLINE
  5
223
330
17
100
AcDbEntity
  8
line engraving
 62
1
420
16711680
100
AcDbPolyline
 90
151
 70
0
 10
1123.7756680403052
 20
1138.7198819484427
 10
1125.3450532722288
 20
1138.3234908331629
 10
1125.209362627378
 20
1137.8544827868475
 10
1125.04902393805
 20
1137.4141675923076
 10
1124.8640372042453
 20
1137.0025452495436
 10
1124.6544024259636
 20
1136.619615758555
 10
1124.420119603205
 20
1136.2653791193425
 10
1124.1611887359695
 20
1135.9398353319052
 10
1123.877609824257
 20
1135.6429843962437
 10
1123.5693828680678
 20
1135.374826312358
 10
1123.23992067356
 20
1135.136877882985
 10
1122.892636046892
 20
1134.9306559108616
 10
1122.5275289880638
 20
1134.756160395988
 10
1122.1445994970752
 20
1134.6133913383642
 10
1121.7438475739266
 20
1134.50234873799
 10
1121.3252732186177
 20
1134.4230325948656
 10
1120.8888764311487
 20
1134.3754429089909
 10
1120.4346572115194
 20
1134.359579680366
 10
1119.9665339668006
 20
1134.3717773023764
 10
1119.520783562453
 20
1134.4083701684076
 10
1119.097405998477
 20
1134.4693582784594
 10
1118.696401274872
 20
1134.554741632532
 10
1118.3177693916384
 20
1134.6645202306252
 10
1117.9615103487763
 20
1134.7986940727392
 10
1117.6276241462856
 20
1134.9572631588737
 10
1117.316110784166
 20
1135.1402274890293
 10
1117.0247582584263
 20
1135.3463230609245
 10
1116.751354565075
 20
1135.5742858722788
 10
1116.495899704112
 20
1135.824115923092
 10
1116.258393675537
 20
1136.0958132133642
 10
1116.0388364793507
 20
1136.3893777430953
 10
1115.8372281155525
 20
1136.7048095122855
 10
1115.6535685841425
 20
1137.0421085209348
 10
1115.487857885121
 20
1137.4012747690429
 10
1115.3409176199702
 20
1137.7747874430388
 10
1115.213569390173
 20
1138.1551257293515
 10
1115.1058131957293
 20
1138.5422896279808
 10
1115.0176490366389
 20
1138.936279138927
 10
1114.9490769129018
 20
1139.3370942621896
 10
1114.9000968245182
 20
1139.744734997769
 10
1114.8707087714881
 20
1140.159201345665
 10
1114.8609127538114
 20
1140.5804933058778
 10
1114.871972773769
 20
1141.0362293282442
 10
1114.9051528336418
 20
1141.4771765239243
 10
1114.9604529334297
 20
1141.9033348929183
 10
1115.0378730731327
 20
1142.3147044352263
 10
1115.1374132527508
 20
1142.7112851508482
 10
1115.2590734722842
 20
1143.0930770397838
 10
1115.4028537317326
 20
1143.4600801020333
 10
1115.5687540310964
 20
1143.8122943375968
 10
1115.755067967296
 20
1144.146749341114
 10
1115.9600891372527
 20
1144.4604747072249
 10
1116.183817540966
 20
1144.7534704359298
 10
1116.4262531784361
 20
1145.0257365272282
 10
1116.6873960496632
 20
1145.2772729811206
 10
1116.967246154647
 20
1145.5080797976068
 10
1117.2658034933877
 20
1145.718156976687
 10
1117.583068065885
 20
1145.9075045183606
 10
1117.9137942626737
 20
1146.0753008211457
 10
1118.252736474288
 20
1146.2207242835593
 10
1118.5998947007279
 20
1146.3437749056018
 10
1118.9552689419934
 20
1146.4444526872728
 10
1119.3188591980847
 20
1146.5227576285724
 10
1119.6906654690015
 20
1146.5786897295009
 10
1120.070687754744
 20
1146.6122489900579
 10
1120.458926055312
 20
1146.6234354102435
 10
1120.895006842211
 20
1146.6092785846977
 10
1121.3133915971778
 20
1146.5668081080607
 10
1121.7140803202124
 20
1146.4960239803322
 10
1122.0970730113147
 20
1146.396926201512
 10
1122.462369670485
 20
1146.2695147716008
 10
1122.8099702977233
 20
1146.1137896905982
 10
1123.1398748930294
 20
1145.929750958504
 10
1123.4520834564034
 20
1145.7173985753184
 10
1123.7439415830554
 20
1145.4793869458313
 10
1124.0127948681957
 20
1145.2183704748325
 10
1124.2586433118242
 20
1144.9343491623217
 10
1124.481486913941
 20
1144.6273230082993
 10
1124.6813256745459
 20
1144.2972920127652
 10
1124.8581595936391
 20
1143.9442561757191
 10
1125.0119886712205
 20
1143.5682154971614
 10
1125.1428129072901
 20
1143.169169977092
 10
1123.5976965191592
 20
1142.8051373202024
 10
1123.4887395225485
 20
1143.1177250842607
 10
1123.3681537049538
 20
1143.4083192086318
 10
1123.2359390663753
 20
1143.676919693316
 10
1123.0920956068126
 20
1143.923526538313
 10
1122.936623326266
 20
1144.148139743623
 10
1122.7695222247355
 20
1144.3507593092459
 10
1122.5907923022212
 20
1144.5313852351815
 10
1122.4004335587226
 20
1144.6900175214303
 10
1122.1979403933278
 20
1144.828425771185
 10
1121.9828072051243
 20
1144.9483795876392
 10
1121.7550339941122
 20
1145.0498789707929
 10
1121.5146207602916
 20
1145.1329239206457
 10
1121.261567503662
 20
1145.1975144371982
 10
1120.995874224224
 20
1145.2436505204496
 10
1120.7175409219772
 20
1145.2713321704007
 10
1120.4265675969218
 20
1145.280559387051
 10
1120.0917965928343
 20
1145.270320968576
 10
1119.7710560140645
 20
1145.239605713151
 10
1119.4643458606124
 20
1145.188413620776
 10
1119.1716661324776
 20
1145.1167446914508
 10
1118.8930168296608
 20
1145.0245989251755
 10
1118.6283979521613
 20
1144.9119763219503
 10
1118.3778094999795
 20
1144.7788768817752
 10
1118.1412514731155
 20
1144.62530060465
 10
1117.9202406743061
 20
1144.454470696391
 10
1117.7162939062882
 20
1144.2696103628143
 10
1117.529411169062
 20
1144.07071960392
 10
1117.359592462628
 20
1143.857798419708
 10
1117.206837786985
 20
1143.6308468101784
 10
1117.0711471421341
 20
1143.3898647753313
 10
1116.952520528075
 20
1143.1348523151664
 10
1116.8509579448073
 20
1142.865809429684
 10
1116.6881544510318
 20
1142.3093956256466
 10
1116.5718662411919
 20
1141.7443866060994
 10
1116.5020933152882
 20
1141.1707823710424
 10
1116.4788356733202
 20
1140.5885829204753
 10
1116.506390923043
 20
1139.8562199989415
 10
1116.5890566722117
 20
1139.1718891640803
 10
1116.7268329208262
 20
1138.5355904158923
 10
1116.9197196688863
 20
1137.947323754377
 10
1117.037587881577
 20
1137.6741096613678
 10
1117.1707505218665
 20
1137.4187180005188
 10
1117.3192075897541
 20
1137.18114877183
 10
1117.4829590852405
 20
1136.9614019753014
 10
1117.6620050083252
 20
1136.759477610933
 10
1117.8563453590084
 20
1136.5753756787249
 10
1118.06598013729
 20
1136.409096178677
 10
1118.2909093431701
 20
1136.260639110789
 10
1118.7656685998636
 20
1136.0164338701256
 10
1119.2596406912262
 20
1135.842001555366
 10
1119.772825617258
 20
1135.7373421665104
 10
1120.3052233779588
 20
1135.7024557035586
 10
1120.6285551614044
 20
1135.7143373249987
 10
1120.9392469220413
 20
1135.749982189319
 10
1121.2372986598696
 20
1135.80939029652
 10
1121.5227103748891
 20
1135.8925616466008
 10
1121.7954820671
 20
1135.9994962395622
 10
1122.0556137365024
 20
1136.1301940754038
 10
1122.303105383096
 20
1136.2846551541256
 10
1122.537957006881
 20
1136.4628794757277
 10
1122.7572614026112
 20
1136.664487839526
 10
1122.9581113650408
 20
1136.8891010448358
 10
1123.14050689417
 20
1137.1367190916576
 10
1123.3044479899982
 20
1137.407341979991
 10
1123.449934652526
 20
1137.7009697098363
 10
1123.576966881753
 20
1138.0176022811934
 10
1123.6855446776794
 20
1138.3572396940622
 10
1123.7756680403052
 20
1138.7198819484427
  0
ENDSEC
  0
SECTION
  2
OBJECTS
  0
DICTIONARY
  5
A
330
0
100
AcDbDictionary
281
1
  3
ACAD_COLOR
350
B
  3
ACAD_GROUP
350
C
  3
ACAD_LAYOUT
350
D
  3
ACAD_MATERIAL
350
E
  3
ACAD_MLEADERSTYLE
350
F
  3
ACAD_MLINESTYLE
350
10
  3
ACAD_PLOTSETTINGS
350
11
  3
ACAD_PLOTSTYLENAME
350
12
  3
ACAD_SCALELIST
350
14
  3
ACAD_TABLESTYLE
350
15
  3
ACAD_VISUALSTYLE
350
16
  3
EZDXF_META
350
2D
  0
DICTIONARY
  5
B
330
A
100
AcDbDictionary
281
1
  0
DICTIONARY
  5
C
330
A
100
AcDbDictionary
281
1
  0
DICTIONARY
  5
D
330
A
100
AcDbDictionary
281
1
  3
Model
350
1A
  3
Layout1
350
1E
  0
DICTIONARY
  5
E
330
A
100
AcDbDictionary
281
1
  3
ByBlock
350
1F
  3
ByLayer
350
20
  3
Global
350
21
  0
DICTIONARY
  5
F
330
A
100
AcDbDictionary
281
1
  3
Standard
350
2C
  0
DICTIONARY
  5
10
330
A
100
AcDbDictionary
281
1
  3
Standard
350
22
  0
DICTIONARY
  5
11
330
A
100
AcDbDictionary
281
1
  0
ACDBDICTIONARYWDFLT
  5
12
330
A
100
AcDbDictionary
281
1
  3
Normal
350
13
100
AcDbDictionaryWithDefault
340
13
  0
ACDBPLACEHOLDER
  5
13
330
12
  0
DICTIONARY
  5
14
330
A
100
AcDbDictionary
281
1
  0
DICTIONARY
  5
15
330
A
100
AcDbDictionary
281
1
  0
DICTIONARY
  5
16
330
A
100
AcDbDictionary
281
1
  0
LAYOUT
  5
1A
330
D
100
AcDbPlotSettings
  1

  4
A3
  6

 40
7.5
 41
20.0
 42
7.5
 43
20.0
 44
420.0
 45
297.0
 46
0.0
 47
0.0
 48
0.0
 49
0.0
140
0.0
141
0.0
142
1.0
143
1.0
 70
1024
 72
1
 73
0
 74
5
  7

 75
16
 76
0
 77
2
 78
300
147
1.0
148
0.0
149
0.0
100
AcDbLayout
  1
Model
 70
1
 71
0
 10
0.0
 20
0.0
 11
420.0
 21
297.0
 12
0.0
 22
0.0
 32
0.0
 14
1e+20
 24
1e+20
 34
1e+20
 15
-1e+20
 25
-1e+20
 35
-1e+20
146
0.0
 13
0.0
 23
0.0
 33
0.0
 16
1.0
 26
0.0
 36
0.0
 17
0.0
 27
1.0
 37
0.0
 76
1
330
17
  0
LAYOUT
  5
1E
330
D
100
AcDbPlotSettings
  1

  4
A3
  6

 40
7.5
 41
20.0
 42
7.5
 43
20.0
 44
420.0
 45
297.0
 46
0.0
 47
0.0
 48
0.0
 49
0.0
140
0.0
141
0.0
142
1.0
143
1.0
 70
0
 72
1
 73
0
 74
5
  7

 75
16
 76
0
 77
2
 78
300
147
1.0
148
0.0
149
0.0
100
AcDbLayout
  1
Layout1
 70
1
 71
1
 10
0.0
 20
0.0
 11
420.0
 21
297.0
 12
0.0
 22
0.0
 32
0.0
 14
1e+20
 24
1e+20
 34
1e+20
 15
-1e+20
 25
-1e+20
 35
-1e+20
146
0.0
 13
0.0
 23
0.0
 33
0.0
 16
1.0
 26
0.0
 36
0.0
 17
0.0
 27
1.0
 37
0.0
 76
1
330
1B
  0
MATERIAL
  5
1F
102
{ACAD_REACTORS
330
E
102
}
330
E
100
AcDbMaterial
  1
ByBlock
  2

 70
0
 40
1.0
 71
1
 41
1.0
 91
-1023410177
 42
1.0
 72
1
  3

 73
1
 74
1
 75
1
 44
0.5
 73
0
 45
1.0
 46
1.0
 77
1
  4

 78
1
 79
1
170
1
 48
1.0
171
1
  6

172
1
173
1
174
1
140
1.0
141
1.0
175
1
  7

176
1
177
1
178
1
143
1.0
179
1
  8

270
1
271
1
272
1
145
1.0
146
1.0
273
1
  9

274
1
275
1
276
1
 42
1.0
 72
1
  3

 73
1
 74
1
 75
1
 94
63
  0
MATERIAL
  5
20
102
{ACAD_REACTORS
330
E
102
}
330
E
100
AcDbMaterial
  1
ByLayer
  2

 70
0
 40
1.0
 71
1
 41
1.0
 91
-1023410177
 42
1.0
 72
1
  3

 73
1
 74
1
 75
1
 44
0.5
 73
0
 45
1.0
 46
1.0
 77
1
  4

 78
1
 79
1
170
1
 48
1.0
171
1
  6

172
1
173
1
174
1
140
1.0
141
1.0
175
1
  7

176
1
177
1
178
1
143
1.0
179
1
  8

270
1
271
1
272
1
145
1.0
146
1.0
273
1
  9

274
1
275
1
276
1
 42
1.0
 72
1
  3

 73
1
 74
1
 75
1
 94
63
  0
MATERIAL
  5
21
102
{ACAD_REACTORS
330
E
102
}
330
E
100
AcDbMaterial
  1
Global
  2

 70
0
 40
1.0
 71
1
 41
1.0
 91
-1023410177
 42
1.0
 72
1
  3

 73
1
 74
1
 75
1
 44
0.5
 73
0
 45
1.0
 46
1.0
 77
1
  4

 78
1
 79
1
170
1
 48
1.0
171
1
  6

172
1
173
1
174
1
140
1.0
141
1.0
175
1
  7

176
1
177
1
178
1
143
1.0
179
1
  8

270
1
271
1
272
1
145
1.0
146
1.0
273
1
  9

274
1
275
1
276
1
 42
1.0
 72
1
  3

 73
1
 74
1
 75
1
 94
63
  0
MLINESTYLE
  5
22
102
{ACAD_REACTORS
330
10
102
}
330
10
100
AcDbMlineStyle
  2
Standard
 70
0
  3

 62
256
 51
90.0
 52
90.0
 71
2
 49
0.5
 62
256
  6
BYLAYER
 49
-0.5
 62
256
  6
BYLAYER
  0
MLEADERSTYLE
  5
2C
102
{ACAD_REACTORS
330
F
102
}
330
F
100
AcDbMLeaderStyle
179
2
170
2
171
1
172
0
 90
2
 40
0.0
 41
0.0
173
1
 91
-1056964608
 92
-2
290
1
 42
2.0
291
1
 43
8.0
  3
Standard
 44
4.0
300

342
29
174
1
175
1
176
0
178
1
 93
-1056964608
 45
4.0
292
0
297
0
 46
4.0
 94
-1056964608
 47
1.0
 49
1.0
140
1.0
294
1
141
0.0
177
0
142
1.0
295
0
296
0
143
3.75
271
0
272
9
273
9
  0
DICTIONARY
  5
2D
330
A
100
AcDbDictionary
280
1
281
1
  3
CREATED_BY_EZDXF
350
2E
  3
WRITTEN_BY_EZDXF
350
226
  0
DICTIONARYVAR
  5
2E
330
2D
100
DictionaryVariables
280
0
  1
1.4.4 @ 2026-08-08T02:14:29.791551+00:00
  0
DICTIONARYVAR
  5
226
330
2D
100
DictionaryVariables
280
0
  1
1.4.4 @ 2026-08-08T02:14:30.682432+00:00
  0
ENDSEC
  0
EOF
