  0
SECTION
  2
HEADER
  9
$ACADVER
  1
AC1018
  9
$ACADMAINTVER
 70
0
  9
$DWGCODEPAGE
  3
ANSI_1252
  9
$LASTSAVEDBY
  1
ezdxf
  9
$INSBASE
 10
0.0
 20
0.0
 30
0.0
  9
$EXTMIN
 10
1e+20
 20
1e+20
 30
1e+20
  9
$EXTMAX
 10
-1e+20
 20
-1e+20
 30
-1e+20
  9
$LIMMIN
 10
0.0
 20
0.0
  9
$LIMMAX
 10
420.0
 20
297.0
  9
$ORTHOMODE
 70
0
  9
$REGENMODE
 70
1
  9
$FILLMODE
 70
1
  9
$QTEXTMODE
 70
0
  9
$MIRRTEXT
 70
1
  9
$LTSCALE
 40
1.0
  9
$ATTMODE
 70
1
  9
$TEXTSIZE
 40
2.5
  9
$TRACEWID
 40
1.0
  9
$TEXTSTYLE
  7
Standard
  9
$CLAYER
  8
0
  9
$CELTYPE
  6
ByLayer
  9
$CECOLOR
 62
256
  9
$CELTSCALE
 40
1.0
  9
$DISPSILH
 70
0
  9
$DIMSCALE
 40
1.0
  9
$DIMASZ
 40
2.5
  9
$DIMEXO
 40
0.625
  9
$DIMDLI
 40
3.75
  9
$DIMRND
 40
0.0
  9
$DIMDLE
 40
0.0
  9
$DIMEXE
 40
1.25
  9
$DIMTP
 40
0.0
  9
$DIMTM
 40
0.0
  9
$DIMTXT
 40
2.5
  9
$DIMCEN
 40
2.5
  9
$DIMTSZ
 40
0.0
  9
$DIMTOL
 70
0
  9
$DIMLIM
 70
0
  9
$DIMTIH
 70
0
  9
$DIMTOH
 70
0
  9
$DIMSE1
 70
0
  9
$DIMSE2
 70
0
  9
$DIMTAD
 70
1
  9
$DIMZIN
 70
8
  9
$DIMBLK
  1

  9
$DIMASO
 70
1
  9
$DIMSHO
 70
1
  9
$DIMPOST
  1

  9
$DIMAPOST
  1

  9
$DIMALT
 70
0
  9
$DIMALTD
 70
3
  9
$DIMALTF
 40
0.03937007874
  9
$DIMLFAC
 40
1.0
  9
$DIMTOFL
 70
1
  9
$DIMTVP
 40
0.0
  9
$DIMTIX
 70
0
  9
$DIMSOXD
 70
0
  9
$DIMSAH
 70
0
  9
$DIMBLK1
  1

  9
$DIMBLK2
  1

  9
$DIMSTYLE
  2
ISO-25
  9
$DIMCLRD
 70
0
  9
$DIMCLRE
 70
0
  9
$DIMCLRT
 70
0
  9
$DIMTFAC
 40
1.0
  9
$DIMGAP
 40
0.625
  9
$DIMJUST
 70
0
  9
$DIMSD1
 70
0
  9
$DIMSD2
 70
0
  9
$DIMTOLJ
 70
0
  9
$DIMTZIN
 70
8
  9
$DIMALTZ
 70
0
  9
$DIMALTTZ
 70
0
  9
$DIMUPT
 70
0
  9
$DIMDEC
 70
2
  9
$DIMTDEC
 70
2
  9
$DIMALTU
 70
2
  9
$DIMALTTD
 70
3
  9
$DIMTXSTY
  7
Standard
  9
$DIMAUNIT
 70
0
  9
$DIMADEC
 70
0
  9
$DIMALTRND
 40
0.0
  9
$DIMAZIN
 70
0
  9
$DIMDSEP
 70
44
  9
$DIMATFIT
 70
3
  9
$DIMFRAC
 70
0
  9
$DIMLDRBLK
  1

  9
$DIMLUNIT
 70
2
  9
$DIMLWD
 70
-2
  9
$DIMLWE
 70
-2
  9
$DIMTMOVE
 70
0
  9
$LUNITS
 70
2
  9
$LUPREC
 70
4
  9
$SKETCHINC
 40
1.0
  9
$FILLETRAD
 40
10.0
  9
$AUNITS
 70
0
  9
$AUPREC
 70
2
  9
$MENU
  1
.
  9
$ELEVATION
 40
0.0
  9
$PELEVATION
 40
0.0
  9
$THICKNESS
 40
0.0
  9
$LIMCHECK
 70
0
  9
$CHAMFERA
 40
0.0
  9
$CHAMFERB
 40
0.0
  9
$CHAMFERC
 40
0.0
  9
$CHAMFERD
 40
0.0
  9
$SKPOLY
 70
0
  9
$TDCREATE
 40
2461261.1352199074
  9
$TDUCREATE
 40
2458532.153996898
  9
$TDUPDATE
 40
2461261.1352314814
  9
$TDUUPDATE
 40
2458532.1544311
  9
$TDINDWG
 40
0.0
  9
$TDUSRTIMER
 40
0.0
  9
$USRTIMER
 70
1
  9
$ANGBASE
 50
0.0
  9
$ANGDIR
 70
0
  9
$PDMODE
 70
0
  9
$PDSIZE
 40
0.0
  9
$PLINEWID
 40
0.0
  9
$SPLFRAME
 70
0
  9
$SPLINETYPE
 70
6
  9
$SPLINESEGS
 70
8
  9
$HANDSEED
  5
241
  9
$SURFTAB1
 70
6
  9
$SURFTAB2
 70
6
  9
$SURFTYPE
 70
6
  9
$SURFU
 70
6
  9
$SURFV
 70
6
  9
$UCSBASE
  2

  9
$UCSNAME
  2

  9
$UCSORG
 10
0.0
 20
0.0
 30
0.0
  9
$UCSXDIR
 10
1.0
 20
0.0
 30
0.0
  9
$UCSYDIR
 10
0.0
 20
1.0
 30
0.0
  9
$UCSORTHOREF
  2

  9
$UCSORTHOVIEW
 70
0
  9
$UCSORGTOP
 10
0.0
 20
0.0
 30
0.0
  9
$UCSORGBOTTOM
 10
0.0
 20
0.0
 30
0.0
  9
$UCSORGLEFT
 10
0.0
 20
0.0
 30
0.0
  9
$UCSORGRIGHT
 10
0.0
 20
0.0
 30
0.0
  9
$UCSORGFRONT
 10
0.0
 20
0.0
 30
0.0
  9
$UCSORGBACK
 10
0.0
 20
0.0
 30
0.0
  9
$PUCSBASE
  2

  9
$PUCSNAME
  2

  9
$PUCSORG
 10
0.0
 20
0.0
 30
0.0
  9
$PUCSXDIR
 10
1.0
 20
0.0
 30
0.0
  9
$PUCSYDIR
 10
0.0
 20
1.0
 30
0.0
  9
$PUCSORTHOREF
  2

  9
$PUCSORTHOVIEW
 70
0
  9
$PUCSORGTOP
 10
0.0
 20
0.0
 30
0.0
  9
$PUCSORGBOTTOM
 10
0.0
 20
0.0
 30
0.0
  9
$PUCSORGLEFT
 10
0.0
 20
0.0
 30
0.0
  9
$PUCSORGRIGHT
 10
0.0
 20
0.0
 30
0.0
  9
$PUCSORGFRONT
 10
0.0
 20
0.0
 30
0.0
  9
$PUCSORGBACK
 10
0.0
 20
0.0
 30
0.0
  9
$USERI1
 70
0
  9
$USERI2
 70
0
  9
$USERI3
 70
0
  9
$USERI4
 70
0
  9
$USERI5
 70
0
  9
$USERR1
 40
0.0
  9
$USERR2
 40
0.0
  9
$USERR3
 40
0.0
  9
$USERR4
 40
0.0
  9
$USERR5
 40
0.0
  9
$WORLDVIEW
 70
1
  9
$SHADEDGE
 70
3
  9
$SHADEDIF
 70
70
  9
$TILEMODE
 70
1
  9
$MAXACTVP
 70
64
  9
$PINSBASE
 10
0.0
 20
0.0
 30
0.0
  9
$PLIMCHECK
 70
0
  9
$PEXTMIN
 10
1e+20
 20
1e+20
 30
1e+20
  9
$PEXTMAX
 10
-1e+20
 20
-1e+20
 30
-1e+20
  9
$PLIMMIN
 10
0.0
 20
0.0
  9
$PLIMMAX
 10
420.0
 20
297.0
  9
$UNITMODE
 70
0
  9
$VISRETAIN
 70
1
  9
$PLINEGEN
 70
0
  9
$PSLTSCALE
 70
1
  9
$TREEDEPTH
 70
3020
  9
$CMLSTYLE
  2
Standard
  9
$CMLJUST
 70
0
  9
$CMLSCALE
 40
20.0
  9
$PROXYGRAPHICS
 70
1
  9
$MEASUREMENT
 70
1
  9
$CELWEIGHT
370
-1
  9
$ENDCAPS
280
0
  9
$JOINSTYLE
280
0
  9
$LWDISPLAY
290
0
  9
$INSUNITS
 70
4
  9
$HYPERLINKBASE
  1

  9
$STYLESHEET
  1

  9
$XEDIT
290
1
  9
$CEPSNTYPE
380
0
  9
$PSTYLEMODE
290
1
  9
$FINGERPRINTGUID
  2
{53C6C86F-034C-4AED-AFD7-FA6B36B259FF}
  9
$VERSIONGUID
  2
{AE196BD7-00C6-4974-9D96-EED62C3FF793}
  9
$EXTNAMES
290
1
  9
$PSVPSCALE
 40
0.0
  9
$OLESTARTUP
290
0
  9
$SORTENTS
280
127
  9
$INDEXCTL
280
0
  9
$HIDETEXT
280
1
  9
$XCLIPFRAME
290
1
  9
$HALOGAP
280
0
  9
$OBSCOLOR
 70
257
  9
$OBSLTYPE
280
0
  9
$INTERSECTIONDISPLAY
280
0
  9
$INTERSECTIONCOLOR
 70
257
  9
$DIMASSOC
280
2
  9
$PROJECTNAME
  1

  0
ENDSEC
  0
SECTION
  2
CLASSES
  0
CLASS
  1
ACDBDICTIONARYWDFLT
  2
AcDbDictionaryWithDefault
  3
ObjectDBX Classes
 90
0
 91
0
280
0
281
0
  0
CLASS
  1
SUN
  2
AcDbSun
  3
SCENEOE
 90
1153
 91
0
280
0
281
0
  0
CLASS
  1
VISUALSTYLE
  2
AcDbVisualStyle
  3
ObjectDBX Classes
 90
4095
 91
0
280
0
281
0
  0
CLASS
  1
MATERIAL
  2
AcDbMaterial
  3
ObjectDBX Classes
 90
1153
 91
0
280
0
281
0
  0
CLASS
  1
SCALE
  2
AcDbScale
  3
ObjectDBX Classes
 90
1153
 91
0
280
0
281
0
  0
CLASS
  1
TABLESTYLE
  2
AcDbTableStyle
  3
ObjectDBX Classes
 90
4095
 91
0
280
0
281
0
  0
CLASS
  1
MLEADERSTYLE
  2
AcDbMLeaderStyle
  3
ACDB_MLEADERSTYLE_CLASS
 90
4095
 91
0
280
0
281
0
  0
CLASS
  1
DICTIONARYVAR
  2
AcDbDictionaryVar
  3
ObjectDBX Classes
 90
0
 91
0
280
0
281
0
  0
CLASS
  1
CELLSTYLEMAP
  2
AcDbCellStyleMap
  3
ObjectDBX Classes
 90
1152
 91
0
280
0
281
0
  0
CLASS
  1
MENTALRAYRENDERSETTINGS
  2
AcDbMentalRayRenderSettings
  3
SCENEOE
 90
1024
 91
0
280
0
281
0
  0
CLASS
  1
ACDBDETAILVIEWSTYLE
  2
AcDbDetailViewStyle
  3
ObjectDBX Classes
 90
1025
 91
0
280
0
281
0
  0
CLASS
  1
ACDBSECTIONVIEWSTYLE
  2
AcDbSectionViewStyle
  3
ObjectDBX Classes
 90
1025
 91
0
280
0
281
0
  0
CLASS
  1
RASTERVARIABLES
  2
AcDbRasterVariables
  3
ISM
 90
0
 91
0
280
0
281
0
  0
CLASS
  1
LAYOUT
  2
AcDbLayout
  3
ObjectDBX Classes
 90
0
 91
0
280
0
281
0
  0
CLASS
  1
ACDBPLACEHOLDER
  2
AcDbPlaceHolder
  3
ObjectDBX Classes
 90
0
 91
0
280
0
281
0
  0
ENDSEC
  0
SECTION
  2
TABLES
  0
TABLE
  2
VPORT
  5
8
330
0
100
AcDbSymbolTable
 70
1
  0
VPORT
  5
23
330
8
100
AcDbSymbolTableRecord
100
AcDbViewportTableRecord
  2
*Active
 70
0
 10
0.0
 20
0.0
 11
1.0
 21
1.0
 12
0.0
 22
0.0
 13
0.0
 23
0.0
 14
0.5
 24
0.5
 15
0.5
 25
0.5
 16
0.0
 26
0.0
 36
1.0
 17
0.0
 27
0.0
 37
0.0
 40
1000.0
 41
1.34
 42
50.0
 43
0.0
 44
0.0
 50
0.0
 51
0.0
 71
0
 72
1000
 73
1
 74
3
 75
0
 76
0
 77
0
 78
0
281
0
 65
0
146
0.0
  0
ENDTAB
  0
TABLE
  2
LTYPE
  5
2
330
0
100
AcDbSymbolTable
 70
3
  0
LTYPE
  5
24
330
2
100
AcDbSymbolTableRecord
100
AcDbLinetypeTableRecord
  2
ByBlock
 70
0
  3

 72
65
 73
0
 40
0.0
  0
LTYPE
  5
25
330
2
100
AcDbSymbolTableRecord
100
AcDbLinetypeTableRecord
  2
ByLayer
 70
0
  3

 72
65
 73
0
 40
0.0
  0
LTYPE
  5
26
330
2
100
AcDbSymbolTableRecord
100
AcDbLinetypeTableRecord
  2
Continuous
 70
0
  3

 72
65
 73
0
 40
0.0
  0
ENDTAB
  0
TABLE
  2
LAYER
  5
1
330
0
100
AcDbSymbolTable
 70
4
  0
LAYER
  5
27
330
1
100
AcDbSymbolTableRecord
100
AcDbLayerTableRecord
  2
0
 70
0
 62
7
  6
Continuous
370
-3
390
13
  0
LAYER
  5
28
330
1
100
AcDbSymbolTableRecord
100
AcDbLayerTableRecord
  2
Defpoints
 70
0
 62
7
  6
Continuous
290
0
370
-3
390
13
  0
LAYER
  5
2F
330
1
100
AcDbSymbolTableRecord
100
AcDbLayerTableRecord
  2
cut
 70
0
 62
5
420
255
  6
Continuous
370
-3
390
13
  0
LAYER
  5
30
330
1
100
AcDbSymbolTableRecord
100
AcDbLayerTableRecord
  2
line engraving
 70
0
 62
1
420
16711680
  6
Continuous
370
-3
390
13
  0
ENDTAB
  0
TABLE
  2
STYLE
  5
5
330
0
100
AcDbSymbolTable
 70
1
  0
STYLE
  5
29
330
5
100
AcDbSymbolTableRecord
100
AcDbTextStyleTableRecord
  2
Standard
 70
0
 40
0.0
 41
1.0
 50
0.0
 71
0
 42
2.5
  3
txt
  4

  0
ENDTAB
  0
TABLE
  2
VIEW
  5
7
330
0
100
AcDbSymbolTable
 70
0
  0
ENDTAB
  0
TABLE
  2
UCS
  5
6
330
0
100
AcDbSymbolTable
 70
0
  0
ENDTAB
  0
TABLE
  2
APPID
  5
3
330
0
100
AcDbSymbolTable
 70
3
  0
APPID
  5
2A
330
3
100
AcDbSymbolTableRecord
100
AcDbRegAppTableRecord
  2
ACAD
 70
0
  0
APPID
  5
23E
330
3
100
AcDbSymbolTableRecord
100
AcDbRegAppTableRecord
  2
HATCHBACKGROUNDCOLOR
 70
0
  0
APPID
  5
23F
330
3
100
AcDbSymbolTableRecord
100
AcDbRegAppTableRecord
  2
EZDXF
 70
0
  0
ENDTAB
  0
TABLE
  2
DIMSTYLE
  5
4
330
0
100
AcDbSymbolTable
 70
1
100
AcDbDimStyleTable
  0
DIMSTYLE
105
2B
330
4
100
AcDbSymbolTableRecord
100
AcDbDimStyleTableRecord
  2
Standard
 70
0
  3

  4

 40
1.0
 41
2.5
 42
0.625
 43
3.75
 44
1.25
 45
0.0
 46
0.0
 47
0.0
 48
0.0
140
2.5
141
2.5
142
0.0
143
0.03937007874
144
1.0
145
0.0
146
1.0
147
0.625
148
0.0
 71
0
 72
0
 73
0
 74
0
 75
0
 76
0
 77
1
 78
8
 79
3
170
0
171
3
172
1
173
0
174
0
175
0
176
0
177
0
178
0
179
2
271
2
272
2
273
2
274
3
275
0
276
0
277
2
278
44
279
0
280
0
281
0
282
0
283
0
284
8
285
0
286
0
288
0
289
3
371
-2
372
-2
  0
ENDTAB
  0
TABLE
  2
BLOCK_RECORD
  5
9
330
0
100
AcDbSymbolTable
 70
2
  0
BLOCK_RECORD
  5
17
330
9
100
AcDbSymbolTableRecord
100
AcDbBlockTableRecord
  2
*Model_Space
340
1A
  0
BLOCK_RECORD
  5
1B
330
9
100
AcDbSymbolTableRecord
100
AcDbBlockTableRecord
  2
*Paper_Space
340
1E
  0
ENDTAB
  0
ENDSEC
  0
SECTION
  2
BLOCKS
  0
BLOCK
  5
18
330
17
100
AcDbEntity
  8
0
100
AcDbBlockBegin
  2
*Model_Space
 70
0
 10
0.0
 20
0.0
 30
0.0
  3
*Model_Space
  1

  0
ENDBLK
  5
19
330
17
100
AcDbEntity
  8
0
100
AcDbBlockEnd
  0
BLOCK
  5
1C
330
1B
100
AcDbEntity
  8
0
100
AcDbBlockBegin
  2
*Paper_Space
 70
0
 10
0.0
 20
0.0
 30
0.0
  3
*Paper_Space
  1

  0
ENDBLK
  5
1D
330
1B
100
AcDbEntity
  8
0
100
AcDbBlockEnd
  0
ENDSEC
  0
SECTION
  2
ENTITIES
  0
LWPOLYLINE
  5
31
330
17
100
AcDbEntity
  8
cut
 62
5
420
255
100
AcDbPolyline
 90
4
 70
1
 10
382.80000000000007
 20
78.00000000000001
 10
48.00000000000006
 20
78.00000000000001
 42
0.9999999999999999
 10
47.99999999999997
 20
18.0
 10
382.80000000000007
 20
18.0
 42
0.9999999999999999
  0
CIRCLE
  5
32
330
17
100
AcDbEntity
  8
cut
 62
5
420
255
100
AcDbCircle
 10
382.80000000000007
 20
48.000000000000014
 30
3.0385816786431356e-63
 40
4.4
  0
CIRCLE
  5
33
330
17
100
AcDbEntity
  8
cut
 62
5
420
255
100
AcDbCircle
 10
47.99999999999997
 20
48.000000000000014
 30
0.0
 40
4.4
  0
LWPOLYLINE
  5
34
330
17
100
AcDbEntity
  8
line engraving
 62
1
420
16711680
100
AcDbPolyline
 90
7
 70
0
 10
319.10510210607094
 20
42.070312500000014
 10
319.10510210607094
 20
53.929687500000014
 10
320.6744873379945
 20
53.929687500000014
 10
320.6744873379945
 20
43.469815825375186
 10
326.51518907742155
 20
43.469815825375186
 10
326.51518907742155
 20
42.070312500000014
 10
319.10510210607094
 20
42.070312500000014
  0
LWPOLYLINE
  5
35
330
17
100
AcDbEntity
  8
line engraving
 62
1
420
16711680
100
AcDbPolyline
 90
5
 70
0
 10
328.2059185283083
 20
52.25513727830834
 10
328.2059185283083
 20
53.929687500000014
 10
329.66204915586627
 20
53.929687500000014
 10
329.66204915586627
 20
52.25513727830834
 10
328.2059185283083
 20
52.25513727830834
  0
LWPOLYLINE
  5
36
330
17
100
AcDbEntity
  8
line engraving
 62
1
420
16711680
100
AcDbPolyline
 90
5
 70
0
 10
328.2059185283083
 20
42.070312500000014
 10
328.2059185283083
 20
50.6614832025921
 10
329.66204915586627
 20
50.6614832025921
 10
329.66204915586627
 20
42.070312500000014
 10
328.2059185283083
 20
42.070312500000014
  0
LWPOLYLINE
  5
37
330
17
100
AcDbEntity
  8
line engraving
 62
1
420
16711680
100
AcDbPolyline
 90
61
 70
0
 10
331.87860355559343
 20
42.070312500000014
 10
331.87860355559343
 20
50.6614832025921
 10
333.1891211203956
 20
50.6614832025921
 10
333.1891211203956
 20
49.43995139836291
 10
333.4388879710948
 20
49.77175199709031
 10
333.714946069236
 20
50.05931251598739
 10
334.0172954148192
 20
50.30263295505416
 10
334.34593600784444
 20
50.501713314290605
 10
334.7008678483117
 20
50.65655359369673
 10
335.082090936221
 20
50.76715379327253
 10
335.4896052715723
 20
50.83351391301801
 10
335.9234108543656
 20
50.85563395293317
 10
336.30387554090635
 20
50.83819072145721
 10
336.6686665991644
 20
50.78586102702935
 10
337.01778402913965
 20
50.69864486964957
 10
337.35122783083216
 20
50.57654224931789
 10
337.6563579814333
 20
50.4261259778948
 10
337.92053445813434
 20
50.2539688672408
 10
338.14375726093533
 20
50.060070917355915
 10
338.3260263898363
 20
49.84443212824012
 10
338.47568425989084
 20
49.6073053003496
 10
338.60107328615277
 20
49.348943234140535
 10
338.7021934686221
 20
49.06934592961291
 10
338.77904480729876
 20
48.76851338676673
 10
338.814436871163
 20
48.52835295340213
 10
338.83971691678033
 20
48.212352383185554
 10
338.85488494415074
 20
47.820511676117
 10
338.8599409532742
 20
47.35283083219647
 10
338.8599409532742
 20
42.070312500000014
 10
337.4038103257162
 20
42.070312500000014
 10
337.4038103257162
 20
47.296203530013656
 10
337.39319270655693
 20
47.713071482243365
 10
337.3613398490791
 20
48.07381773320261
 10
337.3082517532827
 20
48.378442282891385
 10
337.2339284191678
 20
48.626945131309704
 10
337.13255543624234
 20
48.83626390902116
 10
336.9983183940143
 20
49.02333624658937
 10
336.8312172924838
 20
49.188162144014335
 10
336.63125213165074
 20
49.330741601296054
 10
336.405501324288
 20
49.445765808854894
 10
336.16104328316845
 20
49.5279259571112
 10
335.8978780082921
 20
49.57722204606499
 10
335.6160054996589
 20
49.59365407571625
 10
335.3874106871642
 20
49.58442685906593
 10
335.16677908903904
 20
49.55674520911496
 10
334.95411070528326
 20
49.51060912586333
 10
334.749405535897
 20
49.44601860931107
 10
334.5526635808801
 20
49.36297365945815
 10
334.36388484023274
 20
49.26147427630458
 10
334.18306931395483
 20
49.14152045985037
 10
334.0102170020464
 20
49.00311221009551
 10
333.8519007163679
 20
48.83891831381098
 10
333.7146932687798
 20
48.64160755776775
 10
333.59859465928224
 20
48.41117994196582
 10
333.50360488787516
 20
48.1476354664052
 10
333.4297239545585
 20
47.85097413108588
 10
333.37695185933234
 20
47.52119593600786
 10
333.3452886021966
 20
47.158300881171144
 10
333.3347341831514
 20
46.76228896657573
 10
333.3347341831514
 20
42.070312500000014
 10
331.87860355559343
 20
42.070312500000014
  0
LWPOLYLINE
  5
38
330
17
100
AcDbEntity
  8
line engraving
 62
1
420
16711680
100
AcDbPolyline
 90
13
 70
0
 10
341.100764196794
 20
42.070312500000014
 10
341.100764196794
 20
53.929687500000014
 10
342.55689482435196
 20
53.929687500000014
 10
342.55689482435196
 20
47.166769696452945
 10
346.00307064290587
 20
50.6614832025921
 10
347.8879508441337
 20
50.6614832025921
 10
344.6035673175307
 20
47.474175051159634
 10
348.21962504263297
 20
42.070312500000014
 10
346.42373060197815
 20
42.070312500000014
 10
343.5842758782401
 20
46.46297322646659
 10
342.55689482435196
 20
45.47604024556618
 10
342.55689482435196
 20
42.070312500000014
 10
341.100764196794
 20
42.070312500000014
  0
LWPOLYLINE
  5
39
330
17
100
AcDbEntity
  8
line engraving
 62
1
420
16711680
100
AcDbPolyline
 90
13
 70
0
 10
349.5948595242155
 20
42.070312500000014
 10
349.5948595242155
 20
53.929687500000014
 10
358.1698509976125
 20
53.929687500000014
 10
358.1698509976125
 20
52.53018417462484
 10
351.1642447561391
 20
52.53018417462484
 10
351.1642447561391
 20
48.89794722032744
 10
357.7249221947476
 20
48.89794722032744
 10
357.7249221947476
 20
47.50653350954981
 10
351.1642447561391
 20
47.50653350954981
 10
351.1642447561391
 20
43.469815825375186
 10
358.444897893929
 20
43.469815825375186
 10
358.444897893929
 20
42.070312500000014
 10
349.5948595242155
 20
42.070312500000014
  0
LWPOLYLINE
  5
3A
330
17
100
AcDbEntity
  8
cut
 62
5
420
255
100
AcDbPolyline
 90
4
 70
1
 10
783.6000000000001
 20
78.00000000000001
 10
448.8000000000001
 20
78.00000000000001
 42
0.9999999999999999
 10
448.80000000000007
 20
18.0
 10
783.6000000000001
 20
18.0
 42
0.9999999999999999
  0
CIRCLE
  5
3B
330
17
100
AcDbEntity
  8
cut
 62
5
420
255
100
AcDbCircle
 10
783.6000000000001
 20
48.000000000000014
 30
3.0385816786431356e-63
 40
4.4
  0
CIRCLE
  5
3C
330
17
100
AcDbEntity
  8
cut
 62
5
420
255
100
AcDbCircle
 10
448.80000000000007
 20
48.000000000000014
 30
0.0
 40
4.4
  0
LWPOLYLINE
  5
3D
330
17
100
AcDbEntity
  8
line engraving
 62
1
420
16711680
100
AcDbPolyline
 90
7
 70
0
 10
719.905102106071
 20
42.070312500000014
 10
719.905102106071
 20
53.929687500000014
 10
721.4744873379946
 20
53.929687500000014
 10
721.4744873379946
 20
43.469815825375186
 10
727.3151890774216
 20
43.469815825375186
 10
727.3151890774216
 20
42.070312500000014
 10
719.905102106071
 20
42.070312500000014
  0
LWPOLYLINE
  5
3E
330
17
100
AcDbEntity
  8
line engraving
 62
1
420
16711680
100
AcDbPolyline
 90
5
 70
0
 10
729.0059185283084
 20
52.25513727830834
 10
729.0059185283084
 20
53.929687500000014
 10
730.4620491558663
 20
53.929687500000014
 10
730.4620491558663
 20
52.25513727830834
 10
729.0059185283084
 20
52.25513727830834
  0
LWPOLYLINE
  5
3F
330
17
100
AcDbEntity
  8
line engraving
 62
1
420
16711680
100
AcDbPolyline
 90
5
 70
0
 10
729.0059185283084
 20
42.070312500000014
 10
729.0059185283084
 20
50.6614832025921
 10
730.4620491558663
 20
50.6614832025921
 10
730.4620491558663
 20
42.070312500000014
 10
729.0059185283084
 20
42.070312500000014
  0
LWPOLYLINE
  5
40
330
17
100
AcDbEntity
  8
line engraving
 62
1
420
16711680
100
AcDbPolyline
 90
61
 70
0
 10
732.6786035555934
 20
42.070312500000014
 10
732.6786035555934
 20
50.6614832025921
 10
733.9891211203957
 20
50.6614832025921
 10
733.9891211203957
 20
49.43995139836291
 10
734.2388879710949
 20
49.77175199709031
 10
734.5149460692361
 20
50.05931251598739
 10
734.8172954148192
 20
50.30263295505416
 10
735.1459360078445
 20
50.501713314290605
 10
735.5008678483117
 20
50.65655359369673
 10
735.8820909362211
 20
50.76715379327253
 10
736.2896052715723
 20
50.83351391301801
 10
736.7234108543656
 20
50.85563395293317
 10
737.1038755409064
 20
50.83819072145721
 10
737.4686665991644
 20
50.78586102702935
 10
737.8177840291397
 20
50.69864486964957
 10
738.1512278308322
 20
50.57654224931789
 10
738.4563579814334
 20
50.4261259778948
 10
738.7205344581344
 20
50.2539688672408
 10
738.9437572609354
 20
50.060070917355915
 10
739.1260263898363
 20
49.84443212824012
 10
739.2756842598909
 20
49.6073053003496
 10
739.4010732861528
 20
49.348943234140535
 10
739.5021934686222
 20
49.06934592961291
 10
739.5790448072988
 20
48.76851338676673
 10
739.6144368711631
 20
48.52835295340213
 10
739.6397169167803
 20
48.212352383185554
 10
739.6548849441508
 20
47.820511676117
 10
739.6599409532743
 20
47.35283083219647
 10
739.6599409532743
 20
42.070312500000014
 10
738.2038103257163
 20
42.070312500000014
 10
738.2038103257163
 20
47.296203530013656
 10
738.193192706557
 20
47.713071482243365
 10
738.1613398490792
 20
48.07381773320261
 10
738.1082517532828
 20
48.378442282891385
 10
738.0339284191679
 20
48.626945131309704
 10
737.9325554362424
 20
48.83626390902116
 10
737.7983183940144
 20
49.02333624658937
 10
737.6312172924838
 20
49.188162144014335
 10
737.4312521316508
 20
49.330741601296054
 10
737.2055013242881
 20
49.445765808854894
 10
736.9610432831685
 20
49.5279259571112
 10
736.6978780082922
 20
49.57722204606499
 10
736.4160054996589
 20
49.59365407571625
 10
736.1874106871643
 20
49.58442685906593
 10
735.966779089039
 20
49.55674520911496
 10
735.7541107052833
 20
49.51060912586333
 10
735.549405535897
 20
49.44601860931107
 10
735.3526635808802
 20
49.36297365945815
 10
735.1638848402329
 20
49.26147427630458
 10
734.983069313955
 20
49.14152045985037
 10
734.8102170020464
 20
49.00311221009551
 10
734.6519007163679
 20
48.83891831381098
 10
734.5146932687799
 20
48.64160755776775
 10
734.3985946592824
 20
48.41117994196582
 10
734.3036048878753
 20
48.1476354664052
 10
734.2297239545586
 20
47.85097413108588
 10
734.1769518593325
 20
47.52119593600786
 10
734.1452886021967
 20
47.158300881171144
 10
734.1347341831515
 20
46.76228896657573
 10
734.1347341831515
 20
42.070312500000014
 10
732.6786035555934
 20
42.070312500000014
  0
LWPOLYLINE
  5
41
330
17
100
AcDbEntity
  8
line engraving
 62
1
420
16711680
100
AcDbPolyline
 90
13
 70
0
 10
741.9007641967941
 20
42.070312500000014
 10
741.9007641967941
 20
53.929687500000014
 10
743.356894824352
 20
53.929687500000014
 10
743.356894824352
 20
47.166769696452945
 10
746.8030706429059
 20
50.6614832025921
 10
748.6879508441338
 20
50.6614832025921
 10
745.4035673175307
 20
47.474175051159634
 10
749.019625042633
 20
42.070312500000014
 10
747.2237306019782
 20
42.070312500000014
 10
744.3842758782401
 20
46.46297322646659
 10
743.356894824352
 20
45.47604024556618
 10
743.356894824352
 20
42.070312500000014
 10
741.9007641967941
 20
42.070312500000014
  0
LWPOLYLINE
  5
42
330
17
100
AcDbEntity
  8
line engraving
 62
1
420
16711680
100
AcDbPolyline
 90
13
 70
0
 10
750.3948595242156
 20
42.070312500000014
 10
750.3948595242156
 20
53.929687500000014
 10
758.9698509976126
 20
53.929687500000014
 10
758.9698509976126
 20
52.53018417462484
 10
751.9642447561392
 20
52.53018417462484
 10
751.9642447561392
 20
48.89794722032744
 10
758.5249221947477
 20
48.89794722032744
 10
758.5249221947477
 20
47.50653350954981
 10
751.9642447561392
 20
47.50653350954981
 10
751.9642447561392
 20
43.469815825375186
 10
759.2448978939291
 20
43.469815825375186
 10
759.2448978939291
 20
42.070312500000014
 10
750.3948595242156
 20
42.070312500000014
  0
LWPOLYLINE
  5
43
330
17
100
AcDbEntity
  8
cut
 62
5
420
255
100
AcDbPolyline
 90
4
 70
1
 10
819.6000000000001
 20
382.80000000000007
 10
819.6000000000001
 20
48.00000000000003
 42
0.9999999999999999
 10
879.6000000000001
 20
47.99999999999994
 10
879.6000000000001
 20
382.80000000000007
 42
0.9999999999999999
  0
CIRCLE
  5
44
330
17
100
AcDbEntity
  8
cut
 62
5
420
255
100
AcDbCircle
 10
849.6000000000001
 20
382.80000000000007
 30
3.0385816786431356e-63
 40
4.4
  0
CIRCLE
  5
45
330
17
100
AcDbEntity
  8
cut
 62
5
420
255
100
AcDbCircle
 10
849.6000000000001
 20
47.99999999999994
 30
0.0
 40
4.4
  0
LWPOLYLINE
  5
46
330
17
100
AcDbEntity
  8
line engraving
 62
1
420
16711680
100
AcDbPolyline
 90
7
 70
0
 10
855.5296875000001
 20
319.10510210607094
 10
843.6703125000001
 20
319.10510210607094
 10
843.6703125000001
 20
320.6744873379945
 10
854.130184174625
 20
320.6744873379945
 10
854.130184174625
 20
326.51518907742155
 10
855.5296875000001
 20
326.51518907742155
 10
855.5296875000001
 20
319.10510210607094
  0
LWPOLYLINE
  5
47
330
17
100
AcDbEntity
  8
line engraving
 62
1
420
16711680
100
AcDbPolyline
 90
5
 70
0
 10
845.3448627216918
 20
328.2059185283083
 10
843.6703125000001
 20
328.2059185283083
 10
843.6703125000001
 20
329.66204915586627
 10
845.3448627216918
 20
329.66204915586627
 10
845.3448627216918
 20
328.2059185283083
  0
LWPOLYLINE
  5
48
330
17
100
AcDbEntity
  8
line engraving
 62
1
420
16711680
100
AcDbPolyline
 90
5
 70
0
 10
855.5296875000001
 20
328.2059185283083
 10
846.938516797408
 20
328.2059185283083
 10
846.938516797408
 20
329.66204915586627
 10
855.5296875000001
 20
329.66204915586627
 10
855.5296875000001
 20
328.2059185283083
  0
LWPOLYLINE
  5
49
330
17
100
AcDbEntity
  8
line engraving
 62
1
420
16711680
100
AcDbPolyline
 90
61
 70
0
 10
855.5296875000001
 20
331.87860355559343
 10
846.938516797408
 20
331.87860355559343
 10
846.938516797408
 20
333.1891211203956
 10
848.1600486016373
 20
333.1891211203956
 10
847.8282480029098
 20
333.4388879710948
 10
847.5406874840128
 20
333.714946069236
 10
847.297367044946
 20
334.0172954148192
 10
847.0982866857096
 20
334.34593600784444
 10
846.9434464063033
 20
334.7008678483117
 10
846.8328462067276
 20
335.082090936221
 10
846.7664860869821
 20
335.4896052715723
 10
846.7443660470669
 20
335.9234108543656
 10
846.7618092785428
 20
336.30387554090635
 10
846.8141389729708
 20
336.6686665991644
 10
846.9013551303506
 20
337.01778402913965
 10
847.0234577506823
 20
337.35122783083216
 10
847.1738740221053
 20
337.6563579814333
 10
847.3460311327593
 20
337.92053445813434
 10
847.5399290826442
 20
338.14375726093533
 10
847.75556787176
 20
338.3260263898363
 10
847.9926946996505
 20
338.47568425989084
 10
848.2510567658596
 20
338.60107328615277
 10
848.5306540703872
 20
338.7021934686221
 10
848.8314866132334
 20
338.77904480729876
 10
849.0716470465981
 20
338.814436871163
 10
849.3876476168145
 20
338.83971691678033
 10
849.7794883238831
 20
338.85488494415074
 10
850.2471691678037
 20
338.8599409532742
 10
855.5296875000001
 20
338.8599409532742
 10
855.5296875000001
 20
337.4038103257162
 10
850.3037964699865
 20
337.4038103257162
 10
849.8869285177568
 20
337.39319270655693
 10
849.5261822667976
 20
337.3613398490791
 10
849.2215577171088
 20
337.3082517532827
 10
848.9730548686905
 20
337.2339284191678
 10
848.763736090979
 20
337.13255543624234
 10
848.5766637534108
 20
336.9983183940143
 10
848.4118378559858
 20
336.8312172924838
 10
848.2692583987041
 20
336.63125213165074
 10
848.1542341911453
 20
336.405501324288
 10
848.072074042889
 20
336.16104328316845
 10
848.0227779539351
 20
335.8978780082921
 10
848.0063459242839
 20
335.6160054996589
 10
848.0155731409342
 20
335.3874106871642
 10
848.0432547908852
 20
335.16677908903904
 10
848.0893908741368
 20
334.95411070528326
 10
848.1539813906891
 20
334.749405535897
 10
848.237026340542
 20
334.5526635808801
 10
848.3385257236955
 20
334.36388484023274
 10
848.4584795401497
 20
334.18306931395483
 10
848.5968877899046
 20
334.0102170020464
 10
848.7610816861892
 20
333.8519007163679
 10
848.9583924422324
 20
333.7146932687798
 10
849.1888200580344
 20
333.59859465928224
 10
849.452364533595
 20
333.50360488787516
 10
849.7490258689143
 20
333.4297239545585
 10
850.0788040639923
 20
333.37695185933234
 10
850.441699118829
 20
333.3452886021966
 10
850.8377110334244
 20
333.3347341831514
 10
855.5296875000001
 20
333.3347341831514
 10
855.5296875000001
 20
331.87860355559343
  0
LWPOLYLINE
  5
4A
330
17
100
AcDbEntity
  8
line engraving
 62
1
420
16711680
100
AcDbPolyline
 90
13
 70
0
 10
855.5296875000001
 20
341.100764196794
 10
843.6703125000001
 20
341.100764196794
 10
843.6703125000001
 20
342.55689482435196
 10
850.4332303035472
 20
342.55689482435196
 10
846.938516797408
 20
346.00307064290587
 10
846.938516797408
 20
347.8879508441337
 10
850.1258249488405
 20
344.6035673175307
 10
855.5296875000001
 20
348.21962504263297
 10
855.5296875000001
 20
346.42373060197815
 10
851.1370267735335
 20
343.5842758782401
 10
852.1239597544339
 20
342.55689482435196
 10
855.5296875000001
 20
342.55689482435196
 10
855.5296875000001
 20
341.100764196794
  0
LWPOLYLINE
  5
4B
330
17
100
AcDbEntity
  8
line engraving
 62
1
420
16711680
100
AcDbPolyline
 90
13
 70
0
 10
855.5296875000001
 20
349.5948595242155
 10
843.6703125000001
 20
349.5948595242155
 10
843.6703125000001
 20
358.1698509976125
 10
845.0698158253753
 20
358.1698509976125
 10
845.0698158253753
 20
351.1642447561391
 10
848.7020527796727
 20
351.1642447561391
 10
848.7020527796727
 20
357.7249221947476
 10
850.0934664904504
 20
357.7249221947476
 10
850.0934664904504
 20
351.1642447561391
 10
854.130184174625
 20
351.1642447561391
 10
854.130184174625
 20
358.444897893929
 10
855.5296875000001
 20
358.444897893929
 10
855.5296875000001
 20
349.5948595242155
  0
LWPOLYLINE
  5
4C
330
17
100
AcDbEntity
  8
cut
 62
5
420
255
100
AcDbPolyline
 90
4
 70
1
 10
885.6000000000001
 20
382.80000000000007
 10
885.6000000000001
 20
48.00000000000003
 42
0.9999999999999999
 10
945.6000000000001
 20
47.99999999999994
 10
945.6000000000001
 20
382.80000000000007
 42
0.9999999999999999
  0
CIRCLE
  5
4D
330
17
100
AcDbEntity
  8
cut
 62
5
420
255
100
AcDbCircle
 10
915.6000000000001
 20
382.80000000000007
 30
3.0385816786431356e-63
 40
4.4
  0
CIRCLE
  5
4E
330
17
100
AcDbEntity
  8
cut
 62
5
420
255
100
AcDbCircle
 10
915.6000000000001
 20
47.99999999999994
 30
0.0
 40
4.4
  0
LWPOLYLINE
  5
4F
330
17
100
AcDbEntity
  8
line engraving
 62
1
420
16711680
100
AcDbPolyline
 90
7
 70
0
 10
921.5296875000001
 20
319.10510210607094
 10
909.6703125000001
 20
319.10510210607094
 10
909.6703125000001
 20
320.6744873379945
 10
920.130184174625
 20
320.6744873379945
 10
920.130184174625
 20
326.51518907742155
 10
921.5296875000001
 20
326.51518907742155
 10
921.5296875000001
 20
319.10510210607094
  0
LWPOLYLINE
  5
50
330
17
100
AcDbEntity
  8
line engraving
 62
1
420
16711680
100
AcDbPolyline
 90
5
 70
0
 10
911.3448627216918
 20
328.2059185283083
 10
909.6703125000001
 20
328.2059185283083
 10
909.6703125000001
 20
329.66204915586627
 10
911.3448627216918
 20
329.66204915586627
 10
911.3448627216918
 20
328.2059185283083
  0
LWPOLYLINE
  5
51
330
17
100
AcDbEntity
  8
line engraving
 62
1
420
16711680
100
AcDbPolyline
 90
5
 70
0
 10
921.5296875000001
 20
328.2059185283083
 10
912.938516797408
 20
328.2059185283083
 10
912.938516797408
 20
329.66204915586627
 10
921.5296875000001
 20
329.66204915586627
 10
921.5296875000001
 20
328.2059185283083
  0
LWPOLYLINE
  5
52
330
17
100
AcDbEntity
  8
line engraving
 62
1
420
16711680
100
AcDbPolyline
 90
61
 70
0
 10
921.5296875000001
 20
331.87860355559343
 10
912.938516797408
 20
331.87860355559343
 10
912.938516797408
 20
333.1891211203956
 10
914.1600486016373
 20
333.1891211203956
 10
913.8282480029098
 20
333.4388879710948
 10
913.5406874840128
 20
333.714946069236
 10
913.297367044946
 20
334.0172954148192
 10
913.0982866857096
 20
334.34593600784444
 10
912.9434464063033
 20
334.7008678483117
 10
912.8328462067276
 20
335.082090936221
 10
912.7664860869821
 20
335.4896052715723
 10
912.7443660470669
 20
335.9234108543656
 10
912.7618092785428
 20
336.30387554090635
 10
912.8141389729708
 20
336.6686665991644
 10
912.9013551303506
 20
337.01778402913965
 10
913.0234577506823
 20
337.35122783083216
 10
913.1738740221053
 20
337.6563579814333
 10
913.3460311327593
 20
337.92053445813434
 10
913.5399290826442
 20
338.14375726093533
 10
913.75556787176
 20
338.3260263898363
 10
913.9926946996505
 20
338.47568425989084
 10
914.2510567658596
 20
338.60107328615277
 10
914.5306540703872
 20
338.7021934686221
 10
914.8314866132334
 20
338.77904480729876
 10
915.0716470465981
 20
338.814436871163
 10
915.3876476168145
 20
338.83971691678033
 10
915.7794883238831
 20
338.85488494415074
 10
916.2471691678037
 20
338.8599409532742
 10
921.5296875000001
 20
338.8599409532742
 10
921.5296875000001
 20
337.4038103257162
 10
916.3037964699865
 20
337.4038103257162
 10
915.8869285177568
 20
337.39319270655693
 10
915.5261822667976
 20
337.3613398490791
 10
915.2215577171088
 20
337.3082517532827
 10
914.9730548686905
 20
337.2339284191678
 10
914.763736090979
 20
337.13255543624234
 10
914.5766637534108
 20
336.9983183940143
 10
914.4118378559858
 20
336.8312172924838
 10
914.2692583987041
 20
336.63125213165074
 10
914.1542341911453
 20
336.405501324288
 10
914.072074042889
 20
336.16104328316845
 10
914.0227779539351
 20
335.8978780082921
 10
914.0063459242839
 20
335.6160054996589
 10
914.0155731409342
 20
335.3874106871642
 10
914.0432547908852
 20
335.16677908903904
 10
914.0893908741368
 20
334.95411070528326
 10
914.1539813906891
 20
334.749405535897
 10
914.237026340542
 20
334.5526635808801
 10
914.3385257236955
 20
334.36388484023274
 10
914.4584795401497
 20
334.18306931395483
 10
914.5968877899046
 20
334.0102170020464
 10
914.7610816861892
 20
333.8519007163679
 10
914.9583924422324
 20
333.7146932687798
 10
915.1888200580344
 20
333.59859465928224
 10
915.452364533595
 20
333.50360488787516
 10
915.7490258689143
 20
333.4297239545585
 10
916.0788040639923
 20
333.37695185933234
 10
916.441699118829
 20
333.3452886021966
 10
916.8377110334244
 20
333.3347341831514
 10
921.5296875000001
 20
333.3347341831514
 10
921.5296875000001
 20
331.87860355559343
  0
LWPOLYLINE
  5
53
330
17
100
AcDbEntity
  8
line engraving
 62
1
420
16711680
100
AcDbPolyline
 90
13
 70
0
 10
921.5296875000001
 20
341.100764196794
 10
909.6703125000001
 20
341.100764196794
 10
909.6703125000001
 20
342.55689482435196
 10
916.4332303035472
 20
342.55689482435196
 10
912.938516797408
 20
346.00307064290587
 10
912.938516797408
 20
347.8879508441337
 10
916.1258249488405
 20
344.6035673175307
 10
921.5296875000001
 20
348.21962504263297
 10
921.5296875000001
 20
346.42373060197815
 10
917.1370267735335
 20
343.5842758782401
 10
918.1239597544339
 20
342.55689482435196
 10
921.5296875000001
 20
342.55689482435196
 10
921.5296875000001
 20
341.100764196794
  0
LWPOLYLINE
  5
54
330
17
100
AcDbEntity
  8
line engraving
 62
1
420
16711680
100
AcDbPolyline
 90
13
 70
0
 10
921.5296875000001
 20
349.5948595242155
 10
909.6703125000001
 20
349.5948595242155
 10
909.6703125000001
 20
358.1698509976125
 10
911.0698158253753
 20
358.1698509976125
 10
911.0698158253753
 20
351.1642447561391
 10
914.7020527796727
 20
351.1642447561391
 10
914.7020527796727
 20
357.7249221947476
 10
916.0934664904504
 20
357.7249221947476
 10
916.0934664904504
 20
351.1642447561391
 10
920.130184174625
 20
351.1642447561391
 10
920.130184174625
 20
358.444897893929
 10
921.5296875000001
 20
358.444897893929
 10
921.5296875000001
 20
349.5948595242155
  0
LWPOLYLINE
  5
55
330
17
100
AcDbEntity
  8
cut
 62
5
420
255
100
AcDbPolyline
 90
4
 70
1
 10
951.6000000000001
 20
382.80000000000007
 10
951.6000000000001
 20
48.00000000000003
 42
0.9999999999999999
 10
1011.6000000000001
 20
47.99999999999994
 10
1011.6000000000001
 20
382.80000000000007
 42
0.9999999999999999
  0
CIRCLE
  5
56
330
17
100
AcDbEntity
  8
cut
 62
5
420
255
100
AcDbCircle
 10
981.6000000000001
 20
382.80000000000007
 30
3.0385816786431356e-63
 40
4.4
  0
CIRCLE
  5
57
330
17
100
AcDbEntity
  8
cut
 62
5
420
255
100
AcDbCircle
 10
981.6000000000001
 20
47.99999999999994
 30
0.0
 40
4.4
  0
LWPOLYLINE
  5
58
330
17
100
AcDbEntity
  8
line engraving
 62
1
420
16711680
100
AcDbPolyline
 90
7
 70
0
 10
987.5296875000001
 20
319.10510210607094
 10
975.6703125000001
 20
319.10510210607094
 10
975.6703125000001
 20
320.6744873379945
 10
986.130184174625
 20
320.6744873379945
 10
986.130184174625
 20
326.51518907742155
 10
987.5296875000001
 20
326.51518907742155
 10
987.5296875000001
 20
319.10510210607094
  0
LWPOLYLINE
  5
59
330
17
100
AcDbEntity
  8
line engraving
 62
1
420
16711680
100
AcDbPolyline
 90
5
 70
0
 10
977.3448627216918
 20
328.2059185283083
 10
975.6703125000001
 20
328.2059185283083
 10
975.6703125000001
 20
329.66204915586627
 10
977.3448627216918
 20
329.66204915586627
 10
977.3448627216918
 20
328.2059185283083
  0
LWPOLYLINE
  5
5A
330
17
100
AcDbEntity
  8
line engraving
 62
1
420
16711680
100
AcDbPolyline
 90
5
 70
0
 10
987.5296875000001
 20
328.2059185283083
 10
978.938516797408
 20
328.2059185283083
 10
978.938516797408
 20
329.66204915586627
 10
987.5296875000001
 20
329.66204915586627
 10
987.5296875000001
 20
328.2059185283083
  0
LWPOLYLINE
  5
5B
330
17
100
AcDbEntity
  8
line engraving
 62
1
420
16711680
100
AcDbPolyline
 90
61
 70
0
 10
987.5296875000001
 20
331.87860355559343
 10
978.938516797408
 20
331.87860355559343
 10
978.938516797408
 20
333.1891211203956
 10
980.1600486016373
 20
333.1891211203956
 10
979.8282480029098
 20
333.4388879710948
 10
979.5406874840128
 20
333.714946069236
 10
979.297367044946
 20
334.0172954148192
 10
979.0982866857096
 20
334.34593600784444
 10
978.9434464063033
 20
334.7008678483117
 10
978.8328462067276
 20
335.082090936221
 10
978.7664860869821
 20
335.4896052715723
 10
978.7443660470669
 20
335.9234108543656
 10
978.7618092785428
 20
336.30387554090635
 10
978.8141389729708
 20
336.6686665991644
 10
978.9013551303506
 20
337.01778402913965
 10
979.0234577506823
 20
337.35122783083216
 10
979.1738740221053
 20
337.6563579814333
 10
979.3460311327593
 20
337.92053445813434
 10
979.5399290826442
 20
338.14375726093533
 10
979.75556787176
 20
338.3260263898363
 10
979.9926946996505
 20
338.47568425989084
 10
980.2510567658596
 20
338.60107328615277
 10
980.5306540703872
 20
338.7021934686221
 10
980.8314866132334
 20
338.77904480729876
 10
981.0716470465981
 20
338.814436871163
 10
981.3876476168145
 20
338.83971691678033
 10
981.7794883238831
 20
338.85488494415074
 10
982.2471691678037
 20
338.8599409532742
 10
987.5296875000001
 20
338.8599409532742
 10
987.5296875000001
 20
337.4038103257162
 10
982.3037964699865
 20
337.4038103257162
 10
981.8869285177568
 20
337.39319270655693
 10
981.5261822667976
 20
337.3613398490791
 10
981.2215577171088
 20
337.3082517532827
 10
980.9730548686905
 20
337.2339284191678
 10
980.763736090979
 20
337.13255543624234
 10
980.5766637534108
 20
336.9983183940143
 10
980.4118378559858
 20
336.8312172924838
 10
980.2692583987041
 20
336.63125213165074
 10
980.1542341911453
 20
336.405501324288
 10
980.072074042889
 20
336.16104328316845
 10
980.0227779539351
 20
335.8978780082921
 10
980.0063459242839
 20
335.6160054996589
 10
980.0155731409342
 20
335.3874106871642
 10
980.0432547908852
 20
335.16677908903904
 10
980.0893908741368
 20
334.95411070528326
 10
980.1539813906891
 20
334.749405535897
 10
980.237026340542
 20
334.5526635808801
 10
980.3385257236955
 20
334.36388484023274
 10
980.4584795401497
 20
334.18306931395483
 10
980.5968877899046
 20
334.0102170020464
 10
980.7610816861892
 20
333.8519007163679
 10
980.9583924422324
 20
333.7146932687798
 10
981.1888200580344
 20
333.59859465928224
 10
981.452364533595
 20
333.50360488787516
 10
981.7490258689143
 20
333.4297239545585
 10
982.0788040639923
 20
333.37695185933234
 10
982.441699118829
 20
333.3452886021966
 10
982.8377110334244
 20
333.3347341831514
 10
987.5296875000001
 20
333.3347341831514
 10
987.5296875000001
 20
331.87860355559343
  0
LWPOLYLINE
  5
5C
330
17
100
AcDbEntity
  8
line engraving
 62
1
420
16711680
100
AcDbPolyline
 90
13
 70
0
 10
987.5296875000001
 20
341.100764196794
 10
975.6703125000001
 20
341.100764196794
 10
975.6703125000001
 20
342.55689482435196
 10
982.4332303035472
 20
342.55689482435196
 10
978.938516797408
 20
346.00307064290587
 10
978.938516797408
 20
347.8879508441337
 10
982.1258249488405
 20
344.6035673175307
 10
987.5296875000001
 20
348.21962504263297
 10
987.5296875000001
 20
346.42373060197815
 10
983.1370267735335
 20
343.5842758782401
 10
984.1239597544339
 20
342.55689482435196
 10
987.5296875000001
 20
342.55689482435196
 10
987.5296875000001
 20
341.100764196794
  0
LWPOLYLINE
  5
5D
330
17
100
AcDbEntity
  8
line engraving
 62
1
420
16711680
100
AcDbPolyline
 90
13
 70
0
 10
987.5296875000001
 20
349.5948595242155
 10
975.6703125000001
 20
349.5948595242155
 10
975.6703125000001
 20
358.1698509976125
 10
977.0698158253753
 20
358.1698509976125
 10
977.0698158253753
 20
351.1642447561391
 10
980.7020527796727
 20
351.1642447561391
 10
980.7020527796727
 20
357.7249221947476
 10
982.0934664904504
 20
357.7249221947476
 10
982.0934664904504
 20
351.1642447561391
 10
986.130184174625
 20
351.1642447561391
 10
986.130184174625
 20
358.444897893929
 10
987.5296875000001
 20
358.444897893929
 10
987.5296875000001
 20
349.5948595242155
  0
LWPOLYLINE
  5
5E
330
17
100
AcDbEntity
  8
cut
 62
5
420
255
100
AcDbPolyline
 90
4
 70
1
 10
1017.6000000000001
 20
382.80000000000007
 10
1017.6000000000001
 20
48.00000000000003
 42
0.9999999999999999
 10
1077.6000000000001
 20
47.99999999999994
 10
1077.6000000000001
 20
382.80000000000007
 42
0.9999999999999999
  0
CIRCLE
  5
5F
330
17
100
AcDbEntity
  8
cut
 62
5
420
255
100
AcDbCircle
 10
1047.6000000000001
 20
382.80000000000007
 30
3.0385816786431356e-63
 40
4.4
  0
CIRCLE
  5
60
330
17
100
AcDbEntity
  8
cut
 62
5
420
255
100
AcDbCircle
 10
1047.6000000000001
 20
47.99999999999994
 30
0.0
 40
4.4
  0
LWPOLYLINE
  5
61
330
17
100
AcDbEntity
  8
line engraving
 62
1
420
16711680
100
AcDbPolyline
 90
7
 70
0
 10
1053.5296875000001
 20
319.10510210607094
 10
1041.6703125000001
 20
319.10510210607094
 10
1041.6703125000001
 20
320.6744873379945
 10
1052.130184174625
 20
320.6744873379945
 10
1052.130184174625
 20
326.51518907742155
 10
1053.5296875000001
 20
326.51518907742155
 10
1053.5296875000001
 20
319.10510210607094
  0
LWPOLYLINE
  5
62
330
17
100
AcDbEntity
  8
line engraving
 62
1
420
16711680
100
AcDbPolyline
 90
5
 70
0
 10
1043.344862721692
 20
328.2059185283083
 10
1041.6703125000001
 20
328.2059185283083
 10
1041.6703125000001
 20
329.66204915586627
 10
1043.344862721692
 20
329.66204915586627
 10
1043.344862721692
 20
328.2059185283083
  0
LWPOLYLINE
  5
63
330
17
100
AcDbEntity
  8
line engraving
 62
1
420
16711680
100
AcDbPolyline
 90
5
 70
0
 10
1053.5296875000001
 20
328.2059185283083
 10
1044.938516797408
 20
328.2059185283083
 10
1044.938516797408
 20
329.66204915586627
 10
1053.5296875000001
 20
329.66204915586627
 10
1053.5296875000001
 20
328.2059185283083
  0
LWPOLYLINE
  5
64
330
17
100
AcDbEntity
  8
line engraving
 62
1
420
16711680
100
AcDbPolyline
 90
61
 70
0
 10
1053.5296875000001
 20
331.87860355559343
 10
1044.938516797408
 20
331.87860355559343
 10
1044.938516797408
 20
333.1891211203956
 10
1046.1600486016373
 20
333.1891211203956
 10
1045.82824800291
 20
333.4388879710948
 10
1045.5406874840128
 20
333.714946069236
 10
1045.297367044946
 20
334.0172954148192
 10
1045.0982866857096
 20
334.34593600784444
 10
1044.9434464063033
 20
334.7008678483117
 10
1044.8328462067275
 20
335.082090936221
 10
1044.766486086982
 20
335.4896052715723
 10
1044.744366047067
 20
335.9234108543656
 10
1044.7618092785428
 20
336.30387554090635
 10
1044.8141389729708
 20
336.6686665991644
 10
1044.9013551303506
 20
337.01778402913965
 10
1045.0234577506822
 20
337.35122783083216
 10
1045.1738740221053
 20
337.6563579814333
 10
1045.3460311327594
 20
337.92053445813434
 10
1045.5399290826442
 20
338.14375726093533
 10
1045.75556787176
 20
338.3260263898363
 10
1045.9926946996504
 20
338.47568425989084
 10
1046.2510567658596
 20
338.60107328615277
 10
1046.5306540703873
 20
338.7021934686221
 10
1046.8314866132334
 20
338.77904480729876
 10
1047.071647046598
 20
338.814436871163
 10
1047.3876476168145
 20
338.83971691678033
 10
1047.779488323883
 20
338.85488494415074
 10
1048.2471691678036
 20
338.8599409532742
 10
1053.5296875000001
 20
338.8599409532742
 10
1053.5296875000001
 20
337.4038103257162
 10
1048.3037964699865
 20
337.4038103257162
 10
1047.8869285177568
 20
337.39319270655693
 10
1047.5261822667976
 20
337.3613398490791
 10
1047.2215577171087
 20
337.3082517532827
 10
1046.9730548686905
 20
337.2339284191678
 10
1046.763736090979
 20
337.13255543624234
 10
1046.5766637534107
 20
336.9983183940143
 10
1046.4118378559858
 20
336.8312172924838
 10
1046.269258398704
 20
336.63125213165074
 10
1046.1542341911454
 20
336.405501324288
 10
1046.072074042889
 20
336.16104328316845
 10
1046.0227779539352
 20
335.8978780082921
 10
1046.006345924284
 20
335.6160054996589
 10
1046.0155731409343
 20
335.3874106871642
 10
1046.0432547908854
 20
335.16677908903904
 10
1046.0893908741368
 20
334.95411070528326
 10
1046.1539813906893
 20
334.749405535897
 10
1046.2370263405421
 20
334.5526635808801
 10
1046.3385257236957
 20
334.36388484023274
 10
1046.45847954015
 20
334.18306931395483
 10
1046.5968877899047
 20
334.0102170020464
 10
1046.7610816861893
 20
333.8519007163679
 10
1046.9583924422325
 20
333.7146932687798
 10
1047.1888200580345
 20
333.59859465928224
 10
1047.452364533595
 20
333.50360488787516
 10
1047.7490258689143
 20
333.4297239545585
 10
1048.0788040639923
 20
333.37695185933234
 10
1048.441699118829
 20
333.3452886021966
 10
1048.8377110334245
 20
333.3347341831514
 10
1053.5296875000001
 20
333.3347341831514
 10
1053.5296875000001
 20
331.87860355559343
  0
LWPOLYLINE
  5
65
330
17
100
AcDbEntity
  8
line engraving
 62
1
420
16711680
100
AcDbPolyline
 90
13
 70
0
 10
1053.5296875000001
 20
341.100764196794
 10
1041.6703125000001
 20
341.100764196794
 10
1041.6703125000001
 20
342.55689482435196
 10
1048.4332303035471
 20
342.55689482435196
 10
1044.938516797408
 20
346.00307064290587
 10
1044.938516797408
 20
347.8879508441337
 10
1048.1258249488405
 20
344.6035673175307
 10
1053.5296875000001
 20
348.21962504263297
 10
1053.5296875000001
 20
346.42373060197815
 10
1049.1370267735335
 20
343.5842758782401
 10
1050.123959754434
 20
342.55689482435196
 10
1053.5296875000001
 20
342.55689482435196
 10
1053.5296875000001
 20
341.100764196794
  0
LWPOLYLINE
  5
66
330
17
100
AcDbEntity
  8
line engraving
 62
1
420
16711680
100
AcDbPolyline
 90
13
 70
0
 10
1053.5296875000001
 20
349.5948595242155
 10
1041.6703125000001
 20
349.5948595242155
 10
1041.6703125000001
 20
358.1698509976125
 10
1043.0698158253754
 20
358.1698509976125
 10
1043.0698158253754
 20
351.1642447561391
 10
1046.7020527796726
 20
351.1642447561391
 10
1046.7020527796726
 20
357.7249221947476
 10
1048.0934664904503
 20
357.7249221947476
 10
1048.0934664904503
 20
351.1642447561391
 10
1052.130184174625
 20
351.1642447561391
 10
1052.130184174625
 20
358.444897893929
 10
1053.5296875000001
 20
358.444897893929
 10
1053.5296875000001
 20
349.5948595242155
  0
LWPOLYLINE
  5
67
330
17
100
AcDbEntity
  8
cut
 62
5
420
255
100
AcDbPolyline
 90
4
 70
1
 10
1083.6000000000001
 20
382.80000000000007
 10
1083.6000000000001
 20
48.00000000000003
 42
0.9999999999999999
 10
1143.6000000000001
 20
47.99999999999994
 10
1143.6000000000001
 20
382.80000000000007
 42
0.9999999999999999
  0
CIRCLE
  5
68
330
17
100
AcDbEntity
  8
cut
 62
5
420
255
100
AcDbCircle
 10
1113.6000000000001
 20
382.80000000000007
 30
3.0385816786431356e-63
 40
4.4
  0
CIRCLE
  5
69
330
17
100
AcDbEntity
  8
cut
 62
5
420
255
100
AcDbCircle
 10
1113.6000000000001
 20
47.99999999999994
 30
0.0
 40
4.4
  0
LWPOLYLINE
  5
6A
330
17
100
AcDbEntity
  8
line engraving
 62
1
420
16711680
100
AcDbPolyline
 90
7
 70
0
 10
1119.5296875000001
 20
319.10510210607094
 10
1107.6703125000001
 20
319.10510210607094
 10
1107.6703125000001
 20
320.6744873379945
 10
1118.130184174625
 20
320.6744873379945
 10
1118.130184174625
 20
326.51518907742155
 10
1119.5296875000001
 20
326.51518907742155
 10
1119.5296875000001
 20
319.10510210607094
  0
LWPOLYLINE
  5
6B
330
17
100
AcDbEntity
  8
line engraving
 62
1
420
16711680
100
AcDbPolyline
 90
5
 70
0
 10
1109.344862721692
 20
328.2059185283083
 10
1107.6703125000001
 20
328.2059185283083
 10
1107.6703125000001
 20
329.66204915586627
 10
1109.344862721692
 20
329.66204915586627
 10
1109.344862721692
 20
328.2059185283083
  0
LWPOLYLINE
  5
6C
330
17
100
AcDbEntity
  8
line engraving
 62
1
420
16711680
100
AcDbPolyline
 90
5
 70
0
 10
1119.5296875000001
 20
328.2059185283083
 10
1110.938516797408
 20
328.2059185283083
 10
1110.938516797408
 20
329.66204915586627
 10
1119.5296875000001
 20
329.66204915586627
 10
1119.5296875000001
 20
328.2059185283083
  0
LWPOLYLINE
  5
6D
330
17
100
AcDbEntity
  8
line engraving
 62
1
420
16711680
100
AcDbPolyline
 90
61
 70
0
 10
1119.5296875000001
 20
331.87860355559343
 10
1110.938516797408
 20
331.87860355559343
 10
1110.938516797408
 20
333.1891211203956
 10
1112.1600486016373
 20
333.1891211203956
 10
1111.82824800291
 20
333.4388879710948
 10
1111.5406874840128
 20
333.714946069236
 10
1111.297367044946
 20
334.0172954148192
 10
1111.0982866857096
 20
334.34593600784444
 10
1110.9434464063033
 20
334.7008678483117
 10
1110.8328462067275
 20
335.082090936221
 10
1110.766486086982
 20
335.4896052715723
 10
1110.744366047067
 20
335.9234108543656
 10
1110.7618092785428
 20
336.30387554090635
 10
1110.8141389729708
 20
336.6686665991644
 10
1110.9013551303506
 20
337.01778402913965
 10
1111.0234577506822
 20
337.35122783083216
 10
1111.1738740221053
 20
337.6563579814333
 10
1111.3460311327594
 20
337.92053445813434
 10
1111.5399290826442
 20
338.14375726093533
 10
1111.75556787176
 20
338.3260263898363
 10
1111.9926946996504
 20
338.47568425989084
 10
1112.2510567658596
 20
338.60107328615277
 10
1112.5306540703873
 20
338.7021934686221
 10
1112.8314866132334
 20
338.77904480729876
 10
1113.071647046598
 20
338.814436871163
 10
1113.3876476168145
 20
338.83971691678033
 10
1113.779488323883
 20
338.85488494415074
 10
1114.2471691678036
 20
338.8599409532742
 10
1119.5296875000001
 20
338.8599409532742
 10
1119.5296875000001
 20
337.4038103257162
 10
1114.3037964699865
 20
337.4038103257162
 10
1113.8869285177568
 20
337.39319270655693
 10
1113.5261822667976
 20
337.3613398490791
 10
1113.2215577171087
 20
337.3082517532827
 10
1112.9730548686905
 20
337.2339284191678
 10
1112.763736090979
 20
337.13255543624234
 10
1112.5766637534107
 20
336.9983183940143
 10
1112.4118378559858
 20
336.8312172924838
 10
1112.269258398704
 20
336.63125213165074
 10
1112.1542341911454
 20
336.405501324288
 10
1112.072074042889
 20
336.16104328316845
 10
1112.0227779539352
 20
335.8978780082921
 10
1112.006345924284
 20
335.6160054996589
 10
1112.0155731409343
 20
335.3874106871642
 10
1112.0432547908854
 20
335.16677908903904
 10
1112.0893908741368
 20
334.95411070528326
 10
1112.1539813906893
 20
334.749405535897
 10
1112.2370263405421
 20
334.5526635808801
 10
1112.3385257236957
 20
334.36388484023274
 10
1112.45847954015
 20
334.18306931395483
 10
1112.5968877899047
 20
334.0102170020464
 10
1112.7610816861893
 20
333.8519007163679
 10
1112.9583924422325
 20
333.7146932687798
 10
1113.1888200580345
 20
333.59859465928224
 10
1113.452364533595
 20
333.50360488787516
 10
1113.7490258689143
 20
333.4297239545585
 10
1114.0788040639923
 20
333.37695185933234
 10
1114.441699118829
 20
333.3452886021966
 10
1114.8377110334245
 20
333.3347341831514
 10
1119.5296875000001
 20
333.3347341831514
 10
1119.5296875000001
 20
331.87860355559343
  0
LWPOLYLINE
  5
6E
330
17
100
AcDbEntity
  8
line engraving
 62
1
420
16711680
100
AcDbPolyline
 90
13
 70
0
 10
1119.5296875000001
 20
341.100764196794
 10
1107.6703125000001
 20
341.100764196794
 10
1107.6703125000001
 20
342.55689482435196
 10
1114.4332303035471
 20
342.55689482435196
 10
1110.938516797408
 20
346.00307064290587
 10
1110.938516797408
 20
347.8879508441337
 10
1114.1258249488405
 20
344.6035673175307
 10
1119.5296875000001
 20
348.21962504263297
 10
1119.5296875000001
 20
346.42373060197815
 10
1115.1370267735335
 20
343.5842758782401
 10
1116.123959754434
 20
342.55689482435196
 10
1119.5296875000001
 20
342.55689482435196
 10
1119.5296875000001
 20
341.100764196794
  0
LWPOLYLINE
  5
6F
330
17
100
AcDbEntity
  8
line engraving
 62
1
420
16711680
100
AcDbPolyline
 90
13
 70
0
 10
1119.5296875000001
 20
349.5948595242155
 10
1107.6703125000001
 20
349.5948595242155
 10
1107.6703125000001
 20
358.1698509976125
 10
1109.0698158253754
 20
358.1698509976125
 10
1109.0698158253754
 20
351.1642447561391
 10
1112.7020527796726
 20
351.1642447561391
 10
1112.7020527796726
 20
357.7249221947476
 10
1114.0934664904503
 20
357.7249221947476
 10
1114.0934664904503
 20
351.1642447561391
 10
1118.130184174625
 20
351.1642447561391
 10
1118.130184174625
 20
358.444897893929
 10
1119.5296875000001
 20
358.444897893929
 10
1119.5296875000001
 20
349.5948595242155
  0
LWPOLYLINE
  5
70
330
17
100
AcDbEntity
  8
cut
 62
5
420
255
100
AcDbPolyline
 90
4
 70
1
 10
18.00000000000003
 20
783.6000000000001
 10
18.0
 20
448.80000000000007
 42
0.9999999999999999
 10
78.00000000000003
 20
448.8
 10
78.00000000000004
 20
783.6000000000001
 42
0.9999999999999999
  0
CIRCLE
  5
71
330
17
100
AcDbEntity
  8
cut
 62
5
420
255
100
AcDbCircle
 10
48.00000000000003
 20
783.6000000000001
 30
3.0385816786431356e-63
 40
4.4
  0
CIRCLE
  5
72
330
17
100
AcDbEntity
  8
cut
 62
5
420
255
100
AcDbCircle
 10
48.0
 20
448.8
 30
0.0
 40
4.4
  0
LWPOLYLINE
  5
73
330
17
100
AcDbEntity
  8
line engraving
 62
1
420
16711680
100
AcDbPolyline
 90
7
 70
0
 10
53.92968750000003
 20
719.905102106071
 10
42.07031250000003
 20
719.905102106071
 10
42.07031250000003
 20
721.4744873379946
 10
52.53018417462486
 20
721.4744873379946
 10
52.53018417462486
 20
727.3151890774216
 10
53.92968750000003
 20
727.3151890774216
 10
53.92968750000003
 20
719.905102106071
  0
LWPOLYLINE
  5
74
330
17
100
AcDbEntity
  8
line engraving
 62
1
420
16711680
100
AcDbPolyline
 90
5
 70
0
 10
43.7448627216917
 20
729.0059185283084
 10
42.07031250000003
 20
729.0059185283084
 10
42.07031250000003
 20
730.4620491558663
 10
43.7448627216917
 20
730.4620491558663
 10
43.7448627216917
 20
729.0059185283084
  0
LWPOLYLINE
  5
75
330
17
100
AcDbEntity
  8
line engraving
 62
1
420
16711680
100
AcDbPolyline
 90
5
 70
0
 10
53.92968750000003
 20
729.0059185283084
 10
45.33851679740794
 20
729.0059185283084
 10
45.33851679740794
 20
730.4620491558663
 10
53.92968750000003
 20
730.4620491558663
 10
53.92968750000003
 20
729.0059185283084
  0
LWPOLYLINE
  5
76
330
17
100
AcDbEntity
  8
line engraving
 62
1
420
16711680
100
AcDbPolyline
 90
61
 70
0
 10
53.92968750000003
 20
732.6786035555934
 10
45.33851679740794
 20
732.6786035555934
 10
45.33851679740794
 20
733.9891211203957
 10
46.560048601637135
 20
733.9891211203957
 10
46.22824800290973
 20
734.2388879710949
 10
45.94068748401265
 20
734.5149460692361
 10
45.697367044945885
 20
734.8172954148192
 10
45.49828668570944
 20
735.1459360078445
 10
45.343446406303315
 20
735.5008678483117
 10
45.232846206727515
 20
735.8820909362211
 10
45.16648608698203
 20
736.2896052715723
 10
45.144366047066875
 20
736.7234108543656
 10
45.16180927854283
 20
737.1038755409064
 10
45.214138972970694
 20
737.4686665991644
 10
45.30135513035047
 20
737.8177840291397
 10
45.423457750682154
 20
738.1512278308322
 10
45.573874022105244
 20
738.4563579814334
 10
45.74603113275924
 20
738.7205344581344
 10
45.93992908264413
 20
738.9437572609354
 10
46.15556787175992
 20
739.1260263898363
 10
46.39269469965044
 20
739.2756842598909
 10
46.65105676585951
 20
739.4010732861528
 10
46.930654070387135
 20
739.5021934686222
 10
47.231486613233315
 20
739.5790448072988
 10
47.471647046597916
 20
739.6144368711631
 10
47.78764761681449
 20
739.6397169167803
 10
48.17948832388304
 20
739.6548849441508
 10
48.647169167803575
 20
739.6599409532743
 10
53.92968750000003
 20
739.6599409532743
 10
53.92968750000003
 20
738.2038103257163
 10
48.703796469986386
 20
738.2038103257163
 10
48.28692851775668
 20
738.193192706557
 10
47.92618226679743
 20
738.1613398490792
 10
47.62155771710866
 20
738.1082517532828
 10
47.37305486869034
 20
738.0339284191679
 10
47.16373609097888
 20
737.9325554362424
 10
46.97666375341067
 20
737.7983183940144
 10
46.8118378559857
 20
737.6312172924838
 10
46.66925839870398
 20
737.4312521316508
 10
46.55423419114515
 20
737.2055013242881
 10
46.472074042888835
 20
736.9610432831685
 10
46.422777953935054
 20
736.6978780082922
 10
46.40634592428379
 20
736.4160054996589
 10
46.415573140934114
 20
736.1874106871643
 10
46.443254790885085
 20
735.966779089039
 10
46.48939087413671
 20
735.7541107052833
 10
46.553981390688975
 20
735.549405535897
 10
46.637026340541894
 20
735.3526635808802
 10
46.73852572369545
 20
735.1638848402329
 10
46.858479540149666
 20
734.983069313955
 10
46.99688778990453
 20
734.8102170020464
 10
47.161081686189064
 20
734.6519007163679
 10
47.358392442232294
 20
734.5146932687799
 10
47.58882005803422
 20
734.3985946592824
 10
47.852364533594844
 20
734.3036048878753
 10
48.149025868914165
 20
734.2297239545586
 10
48.478804063992186
 20
734.1769518593325
 10
48.8416991188289
 20
734.1452886021967
 10
49.23771103342431
 20
734.1347341831515
 10
53.92968750000003
 20
734.1347341831515
 10
53.92968750000003
 20
732.6786035555934
  0
LWPOLYLINE
  5
77
330
17
100
AcDbEntity
  8
line engraving
 62
1
420
16711680
100
AcDbPolyline
 90
13
 70
0
 10
53.92968750000003
 20
741.9007641967941
 10
42.07031250000003
 20
741.9007641967941
 10
42.07031250000003
 20
743.356894824352
 10
48.8332303035471
 20
743.356894824352
 10
45.33851679740794
 20
746.8030706429059
 10
45.33851679740794
 20
748.6879508441338
 10
48.52582494884041
 20
745.4035673175307
 10
53.92968750000003
 20
749.019625042633
 10
53.92968750000003
 20
747.2237306019782
 10
49.537026773533455
 20
744.3842758782401
 10
50.52395975443386
 20
743.356894824352
 10
53.92968750000003
 20
743.356894824352
 10
53.92968750000003
 20
741.9007641967941
  0
LWPOLYLINE
  5
78
330
17
100
AcDbEntity
  8
line engraving
 62
1
420
16711680
100
AcDbPolyline
 90
13
 70
0
 10
53.92968750000003
 20
750.3948595242156
 10
42.07031250000003
 20
750.3948595242156
 10
42.07031250000003
 20
758.9698509976126
 10
43.4698158253752
 20
758.9698509976126
 10
43.4698158253752
 20
751.9642447561392
 10
47.102052779672604
 20
751.9642447561392
 10
47.102052779672604
 20
758.5249221947477
 10
48.49346649045023
 20
758.5249221947477
 10
48.49346649045023
 20
751.9642447561392
 10
52.53018417462486
 20
751.9642447561392
 10
52.53018417462486
 20
759.2448978939291
 10
53.92968750000003
 20
759.2448978939291
 10
53.92968750000003
 20
750.3948595242156
  0
LWPOLYLINE
  5
79
330
17
100
AcDbEntity
  8
cut
 62
5
420
255
100
AcDbPolyline
 90
4
 70
1
 10
382.80000000000007
 20
144.00000000000003
 10
48.00000000000006
 20
144.00000000000003
 42
0.9999999999999999
 10
47.99999999999997
 20
84.00000000000001
 10
382.80000000000007
 20
84.00000000000001
 42
0.9999999999999999
  0
CIRCLE
  5
7A
330
17
100
AcDbEntity
  8
cut
 62
5
420
255
100
AcDbCircle
 10
382.80000000000007
 20
114.00000000000003
 30
3.0385816786431356e-63
 40
4.4
  0
CIRCLE
  5
7B
330
17
100
AcDbEntity
  8
cut
 62
5
420
255
100
AcDbCircle
 10
47.99999999999997
 20
114.00000000000003
 30
0.0
 40
4.4
  0
LWPOLYLINE
  5
7C
330
17
100
AcDbEntity
  8
line engraving
 62
1
420
16711680
100
AcDbPolyline
 90
7
 70
0
 10
319.10510210607094
 20
108.07031250000003
 10
319.10510210607094
 20
119.92968750000003
 10
320.6744873379945
 20
119.92968750000003
 10
320.6744873379945
 20
109.46981582537519
 10
326.51518907742155
 20
109.46981582537519
 10
326.51518907742155
 20
108.07031250000003
 10
319.10510210607094
 20
108.07031250000003
  0
LWPOLYLINE
  5
7D
330
17
100
AcDbEntity
  8
line engraving
 62
1
420
16711680
100
AcDbPolyline
 90
5
 70
0
 10
328.2059185283083
 20
118.25513727830835
 10
328.2059185283083
 20
119.92968750000003
 10
329.66204915586627
 20
119.92968750000003
 10
329.66204915586627
 20
118.25513727830835
 10
328.2059185283083
 20
118.25513727830835
  0
LWPOLYLINE
  5
7E
330
17
100
AcDbEntity
  8
line engraving
 62
1
420
16711680
100
AcDbPolyline
 90
5
 70
0
 10
328.2059185283083
 20
108.07031250000003
 10
328.2059185283083
 20
116.66148320259211
 10
329.66204915586627
 20
116.66148320259211
 10
329.66204915586627
 20
108.07031250000003
 10
328.2059185283083
 20
108.07031250000003
  0
LWPOLYLINE
  5
7F
330
17
100
AcDbEntity
  8
line engraving
 62
1
420
16711680
100
AcDbPolyline
 90
61
 70
0
 10
331.87860355559343
 20
108.07031250000003
 10
331.87860355559343
 20
116.66148320259211
 10
333.1891211203956
 20
116.66148320259211
 10
333.1891211203956
 20
115.43995139836292
 10
333.4388879710948
 20
115.77175199709032
 10
333.714946069236
 20
116.05931251598741
 10
334.0172954148192
 20
116.30263295505416
 10
334.34593600784444
 20
116.50171331429061
 10
334.7008678483117
 20
116.65655359369673
 10
335.082090936221
 20
116.76715379327254
 10
335.4896052715723
 20
116.83351391301801
 10
335.9234108543656
 20
116.85563395293318
 10
336.30387554090635
 20
116.83819072145722
 10
336.6686665991644
 20
116.78586102702936
 10
337.01778402913965
 20
116.69864486964958
 10
337.35122783083216
 20
116.5765422493179
 10
337.6563579814333
 20
116.42612597789481
 10
337.92053445813434
 20
116.25396886724081
 10
338.14375726093533
 20
116.06007091735593
 10
338.3260263898363
 20
115.84443212824014
 10
338.47568425989084
 20
115.60730530034962
 10
338.60107328615277
 20
115.34894323414055
 10
338.7021934686221
 20
115.06934592961292
 10
338.77904480729876
 20
114.76851338676674
 10
338.814436871163
 20
114.52835295340215
 10
338.83971691678033
 20
114.21235238318556
 10
338.85488494415074
 20
113.82051167611701
 10
338.8599409532742
 20
113.35283083219647
 10
338.8599409532742
 20
108.07031250000003
 10
337.4038103257162
 20
108.07031250000003
 10
337.4038103257162
 20
113.29620353001367
 10
337.39319270655693
 20
113.71307148224338
 10
337.3613398490791
 20
114.07381773320262
 10
337.3082517532827
 20
114.3784422828914
 10
337.2339284191678
 20
114.62694513130971
 10
337.13255543624234
 20
114.83626390902117
 10
336.9983183940143
 20
115.02333624658938
 10
336.8312172924838
 20
115.18816214401436
 10
336.63125213165074
 20
115.33074160129607
 10
336.405501324288
 20
115.4457658088549
 10
336.16104328316845
 20
115.52792595711121
 10
335.8978780082921
 20
115.577222046065
 10
335.6160054996589
 20
115.59365407571626
 10
335.3874106871642
 20
115.58442685906593
 10
335.16677908903904
 20
115.55674520911496
 10
334.95411070528326
 20
115.51060912586334
 10
334.749405535897
 20
115.44601860931107
 10
334.5526635808801
 20
115.36297365945816
 10
334.36388484023274
 20
115.2614742763046
 10
334.18306931395483
 20
115.14152045985038
 10
334.0102170020464
 20
115.00311221009552
 10
333.8519007163679
 20
114.83891831381099
 10
333.7146932687798
 20
114.64160755776776
 10
333.59859465928224
 20
114.41117994196583
 10
333.50360488787516
 20
114.1476354664052
 10
333.4297239545585
 20
113.85097413108589
 10
333.37695185933234
 20
113.52119593600787
 10
333.3452886021966
 20
113.15830088117116
 10
333.3347341831514
 20
112.76228896657574
 10
333.3347341831514
 20
108.07031250000003
 10
331.87860355559343
 20
108.07031250000003
  0
LWPOLYLINE
  5
80
330
17
100
AcDbEntity
  8
line engraving
 62
1
420
16711680
100
AcDbPolyline
 90
13
 70
0
 10
341.100764196794
 20
108.07031250000003
 10
341.100764196794
 20
119.92968750000003
 10
342.55689482435196
 20
119.92968750000003
 10
342.55689482435196
 20
113.16676969645296
 10
346.00307064290587
 20
116.66148320259211
 10
347.8879508441337
 20
116.66148320259211
 10
344.6035673175307
 20
113.47417505115965
 10
348.21962504263297
 20
108.07031250000003
 10
346.42373060197815
 20
108.07031250000003
 10
343.5842758782401
 20
112.4629732264666
 10
342.55689482435196
 20
111.4760402455662
 10
342.55689482435196
 20
108.07031250000003
 10
341.100764196794
 20
108.07031250000003
  0
LWPOLYLINE
  5
81
330
17
100
AcDbEntity
  8
line engraving
 62
1
420
16711680
100
AcDbPolyline
 90
13
 70
0
 10
349.5948595242155
 20
108.07031250000003
 10
349.5948595242155
 20
119.92968750000003
 10
358.1698509976125
 20
119.92968750000003
 10
358.1698509976125
 20
118.53018417462486
 10
351.1642447561391
 20
118.53018417462486
 10
351.1642447561391
 20
114.89794722032745
 10
357.7249221947476
 20
114.89794722032745
 10
357.7249221947476
 20
113.50653350954983
 10
351.1642447561391
 20
113.50653350954983
 10
351.1642447561391
 20
109.46981582537519
 10
358.444897893929
 20
109.46981582537519
 10
358.444897893929
 20
108.07031250000003
 10
349.5948595242155
 20
108.07031250000003
  0
LWPOLYLINE
  5
82
330
17
100
AcDbEntity
  8
cut
 62
5
420
255
100
AcDbPolyline
 90
4
 70
1
 10
783.6000000000001
 20
144.00000000000003
 10
448.8000000000001
 20
144.00000000000003
 42
0.9999999999999999
 10
448.80000000000007
 20
84.00000000000001
 10
783.6000000000001
 20
84.00000000000001
 42
0.9999999999999999
  0
CIRCLE
  5
83
330
17
100
AcDbEntity
  8
cut
 62
5
420
255
100
AcDbCircle
 10
783.6000000000001
 20
114.00000000000003
 30
3.0385816786431356e-63
 40
4.4
  0
CIRCLE
  5
84
330
17
100
AcDbEntity
  8
cut
 62
5
420
255
100
AcDbCircle
 10
448.80000000000007
 20
114.00000000000003
 30
0.0
 40
4.4
  0
LWPOLYLINE
  5
85
330
17
100
AcDbEntity
  8
line engraving
 62
1
420
16711680
100
AcDbPolyline
 90
7
 70
0
 10
719.905102106071
 20
108.07031250000003
 10
719.905102106071
 20
119.92968750000003
 10
721.4744873379946
 20
119.92968750000003
 10
721.4744873379946
 20
109.46981582537519
 10
727.3151890774216
 20
109.46981582537519
 10
727.3151890774216
 20
108.07031250000003
 10
719.905102106071
 20
108.07031250000003
  0
LWPOLYLINE
  5
86
330
17
100
AcDbEntity
  8
line engraving
 62
1
420
16711680
100
AcDbPolyline
 90
5
 70
0
 10
729.0059185283084
 20
118.25513727830835
 10
729.0059185283084
 20
119.92968750000003
 10
730.4620491558663
 20
119.92968750000003
 10
730.4620491558663
 20
118.25513727830835
 10
729.0059185283084
 20
118.25513727830835
  0
LWPOLYLINE
  5
87
330
17
100
AcDbEntity
  8
line engraving
 62
1
420
16711680
100
AcDbPolyline
 90
5
 70
0
 10
729.0059185283084
 20
108.07031250000003
 10
729.0059185283084
 20
116.66148320259211
 10
730.4620491558663
 20
116.66148320259211
 10
730.4620491558663
 20
108.07031250000003
 10
729.0059185283084
 20
108.07031250000003
  0
LWPOLYLINE
  5
88
330
17
100
AcDbEntity
  8
line engraving
 62
1
420
16711680
100
AcDbPolyline
 90
61
 70
0
 10
732.6786035555934
 20
108.07031250000003
 10
732.6786035555934
 20
116.66148320259211
 10
733.9891211203957
 20
116.66148320259211
 10
733.9891211203957
 20
115.43995139836292
 10
734.2388879710949
 20
115.77175199709032
 10
734.5149460692361
 20
116.05931251598741
 10
734.8172954148192
 20
116.30263295505416
 10
735.1459360078445
 20
116.50171331429061
 10
735.5008678483117
 20
116.65655359369673
 10
735.8820909362211
 20
116.76715379327254
 10
736.2896052715723
 20
116.83351391301801
 10
736.7234108543656
 20
116.85563395293318
 10
737.1038755409064
 20
116.83819072145722
 10
737.4686665991644
 20
116.78586102702936
 10
737.8177840291397
 20
116.69864486964958
 10
738.1512278308322
 20
116.5765422493179
 10
738.4563579814334
 20
116.42612597789481
 10
738.7205344581344
 20
116.25396886724081
 10
738.9437572609354
 20
116.06007091735593
 10
739.1260263898363
 20
115.84443212824014
 10
739.2756842598909
 20
115.60730530034962
 10
739.4010732861528
 20
115.34894323414055
 10
739.5021934686222
 20
115.06934592961292
 10
739.5790448072988
 20
114.76851338676674
 10
739.6144368711631
 20
114.52835295340215
 10
739.6397169167803
 20
114.21235238318556
 10
739.6548849441508
 20
113.82051167611701
 10
739.6599409532743
 20
113.35283083219647
 10
739.6599409532743
 20
108.07031250000003
 10
738.2038103257163
 20
108.07031250000003
 10
738.2038103257163
 20
113.29620353001367
 10
738.193192706557
 20
113.71307148224338
 10
738.1613398490792
 20
114.07381773320262
 10
738.1082517532828
 20
114.3784422828914
 10
738.0339284191679
 20
114.62694513130971
 10
737.9325554362424
 20
114.83626390902117
 10
737.7983183940144
 20
115.02333624658938
 10
737.6312172924838
 20
115.18816214401436
 10
737.4312521316508
 20
115.33074160129607
 10
737.2055013242881
 20
115.4457658088549
 10
736.9610432831685
 20
115.52792595711121
 10
736.6978780082922
 20
115.577222046065
 10
736.4160054996589
 20
115.59365407571626
 10
736.1874106871643
 20
115.58442685906593
 10
735.966779089039
 20
115.55674520911496
 10
735.7541107052833
 20
115.51060912586334
 10
735.549405535897
 20
115.44601860931107
 10
735.3526635808802
 20
115.36297365945816
 10
735.1638848402329
 20
115.2614742763046
 10
734.983069313955
 20
115.14152045985038
 10
734.8102170020464
 20
115.00311221009552
 10
734.6519007163679
 20
114.83891831381099
 10
734.5146932687799
 20
114.64160755776776
 10
734.3985946592824
 20
114.41117994196583
 10
734.3036048878753
 20
114.1476354664052
 10
734.2297239545586
 20
113.85097413108589
 10
734.1769518593325
 20
113.52119593600787
 10
734.1452886021967
 20
113.15830088117116
 10
734.1347341831515
 20
112.76228896657574
 10
734.1347341831515
 20
108.07031250000003
 10
732.6786035555934
 20
108.07031250000003
  0
LWPOLYLINE
  5
89
330
17
100
AcDbEntity
  8
line engraving
 62
1
420
16711680
100
AcDbPolyline
 90
13
 70
0
 10
741.9007641967941
 20
108.07031250000003
 10
741.9007641967941
 20
119.92968750000003
 10
743.356894824352
 20
119.92968750000003
 10
743.356894824352
 20
113.16676969645296
 10
746.8030706429059
 20
116.66148320259211
 10
748.6879508441338
 20
116.66148320259211
 10
745.4035673175307
 20
113.47417505115965
 10
749.019625042633
 20
108.07031250000003
 10
747.2237306019782
 20
108.07031250000003
 10
744.3842758782401
 20
112.4629732264666
 10
743.356894824352
 20
111.4760402455662
 10
743.356894824352
 20
108.07031250000003
 10
741.9007641967941
 20
108.07031250000003
  0
LWPOLYLINE
  5
8A
330
17
100
AcDbEntity
  8
line engraving
 62
1
420
16711680
100
AcDbPolyline
 90
13
 70
0
 10
750.3948595242156
 20
108.07031250000003
 10
750.3948595242156
 20
119.92968750000003
 10
758.9698509976126
 20
119.92968750000003
 10
758.9698509976126
 20
118.53018417462486
 10
751.9642447561392
 20
118.53018417462486
 10
751.9642447561392
 20
114.89794722032745
 10
758.5249221947477
 20
114.89794722032745
 10
758.5249221947477
 20
113.50653350954983
 10
751.9642447561392
 20
113.50653350954983
 10
751.9642447561392
 20
109.46981582537519
 10
759.2448978939291
 20
109.46981582537519
 10
759.2448978939291
 20
108.07031250000003
 10
750.3948595242156
 20
108.07031250000003
  0
LWPOLYLINE
  5
8B
330
17
100
AcDbEntity
  8
cut
 62
5
420
255
100
AcDbPolyline
 90
4
 70
1
 10
382.80000000000007
 20
210.00000000000006
 10
48.00000000000006
 20
210.00000000000006
 42
0.9999999999999999
 10
47.99999999999997
 20
150.00000000000003
 10
382.80000000000007
 20
150.00000000000003
 42
0.9999999999999999
  0
CIRCLE
  5
8C
330
17
100
AcDbEntity
  8
cut
 62
5
420
255
100
AcDbCircle
 10
382.80000000000007
 20
180.00000000000006
 30
3.0385816786431356e-63
 40
4.4
  0
CIRCLE
  5
8D
330
17
100
AcDbEntity
  8
cut
 62
5
420
255
100
AcDbCircle
 10
47.99999999999997
 20
180.00000000000006
 30
0.0
 40
4.4
  0
LWPOLYLINE
  5
8E
330
17
100
AcDbEntity
  8
line engraving
 62
1
420
16711680
100
AcDbPolyline
 90
7
 70
0
 10
319.10510210607094
 20
174.07031250000006
 10
319.10510210607094
 20
185.92968750000006
 10
320.6744873379945
 20
185.92968750000006
 10
320.6744873379945
 20
175.46981582537524
 10
326.51518907742155
 20
175.46981582537524
 10
326.51518907742155
 20
174.07031250000006
 10
319.10510210607094
 20
174.07031250000006
  0
LWPOLYLINE
  5
8F
330
17
100
AcDbEntity
  8
line engraving
 62
1
420
16711680
100
AcDbPolyline
 90
5
 70
0
 10
328.2059185283083
 20
184.25513727830838
 10
328.2059185283083
 20
185.92968750000006
 10
329.66204915586627
 20
185.92968750000006
 10
329.66204915586627
 20
184.25513727830838
 10
328.2059185283083
 20
184.25513727830838
  0
LWPOLYLINE
  5
90
330
17
100
AcDbEntity
  8
line engraving
 62
1
420
16711680
100
AcDbPolyline
 90
5
 70
0
 10
328.2059185283083
 20
174.07031250000006
 10
328.2059185283083
 20
182.66148320259214
 10
329.66204915586627
 20
182.66148320259214
 10
329.66204915586627
 20
174.07031250000006
 10
328.2059185283083
 20
174.07031250000006
  0
LWPOLYLINE
  5
91
330
17
100
AcDbEntity
  8
line engraving
 62
1
420
16711680
100
AcDbPolyline
 90
61
 70
0
 10
331.87860355559343
 20
174.07031250000006
 10
331.87860355559343
 20
182.66148320259214
 10
333.1891211203956
 20
182.66148320259214
 10
333.1891211203956
 20
181.43995139836295
 10
333.4388879710948
 20
181.77175199709035
 10
333.714946069236
 20
182.05931251598744
 10
334.0172954148192
 20
182.3026329550542
 10
334.34593600784444
 20
182.50171331429064
 10
334.7008678483117
 20
182.65655359369677
 10
335.082090936221
 20
182.76715379327257
 10
335.4896052715723
 20
182.83351391301804
 10
335.9234108543656
 20
182.8556339529332
 10
336.30387554090635
 20
182.83819072145724
 10
336.6686665991644
 20
182.7858610270294
 10
337.01778402913965
 20
182.6986448696496
 10
337.35122783083216
 20
182.57654224931792
 10
337.6563579814333
 20
182.42612597789483
 10
337.92053445813434
 20
182.25396886724084
 10
338.14375726093533
 20
182.06007091735594
 10
338.3260263898363
 20
181.84443212824016
 10
338.47568425989084
 20
181.60730530034965
 10
338.60107328615277
 20
181.34894323414056
 10
338.7021934686221
 20
181.06934592961295
 10
338.77904480729876
 20
180.76851338676676
 10
338.814436871163
 20
180.52835295340216
 10
338.83971691678033
 20
180.2123523831856
 10
338.85488494415074
 20
179.82051167611704
 10
338.8599409532742
 20
179.3528308321965
 10
338.8599409532742
 20
174.07031250000006
 10
337.4038103257162
 20
174.07031250000006
 10
337.4038103257162
 20
179.2962035300137
 10
337.39319270655693
 20
179.7130714822434
 10
337.3613398490791
 20
180.07381773320265
 10
337.3082517532827
 20
180.37844228289143
 10
337.2339284191678
 20
180.62694513130975
 10
337.13255543624234
 20
180.83626390902123
 10
336.9983183940143
 20
181.02333624658942
 10
336.8312172924838
 20
181.18816214401437
 10
336.63125213165074
 20
181.3307416012961
 10
336.405501324288
 20
181.44576580885493
 10
336.16104328316845
 20
181.52792595711125
 10
335.8978780082921
 20
181.57722204606503
 10
335.6160054996589
 20
181.5936540757163
 10
335.3874106871642
 20
181.58442685906599
 10
335.16677908903904
 20
181.556745209115
 10
334.95411070528326
 20
181.5106091258634
 10
334.749405535897
 20
181.44601860931112
 10
334.5526635808801
 20
181.3629736594582
 10
334.36388484023274
 20
181.26147427630463
 10
334.18306931395483
 20
181.14152045985043
 10
334.0102170020464
 20
181.00311221009557
 10
333.8519007163679
 20
180.83891831381104
 10
333.7146932687798
 20
180.6416075577678
 10
333.59859465928224
 20
180.41117994196588
 10
333.50360488787516
 20
180.14763546640523
 10
333.4297239545585
 20
179.85097413108593
 10
333.37695185933234
 20
179.5211959360079
 10
333.3452886021966
 20
179.1583008811712
 10
333.3347341831514
 20
178.76228896657577
 10
333.3347341831514
 20
174.07031250000006
 10
331.87860355559343
 20
174.07031250000006
  0
LWPOLYLINE
  5
92
330
17
100
AcDbEntity
  8
line engraving
 62
1
420
16711680
100
AcDbPolyline
 90
13
 70
0
 10
341.100764196794
 20
174.07031250000006
 10
341.100764196794
 20
185.92968750000006
 10
342.55689482435196
 20
185.92968750000006
 10
342.55689482435196
 20
179.166769696453
 10
346.00307064290587
 20
182.66148320259214
 10
347.8879508441337
 20
182.66148320259214
 10
344.6035673175307
 20
179.47417505115968
 10
348.21962504263297
 20
174.07031250000006
 10
346.42373060197815
 20
174.07031250000006
 10
343.5842758782401
 20
178.46297322646663
 10
342.55689482435196
 20
177.47604024556622
 10
342.55689482435196
 20
174.07031250000006
 10
341.100764196794
 20
174.07031250000006
  0
LWPOLYLINE
  5
93
330
17
100
AcDbEntity
  8
line engraving
 62
1
420
16711680
100
AcDbPolyline
 90
13
 70
0
 10
349.5948595242155
 20
174.07031250000006
 10
349.5948595242155
 20
185.92968750000006
 10
358.1698509976125
 20
185.92968750000006
 10
358.1698509976125
 20
184.53018417462488
 10
351.1642447561391
 20
184.53018417462488
 10
351.1642447561391
 20
180.89794722032747
 10
357.7249221947476
 20
180.89794722032747
 10
357.7249221947476
 20
179.50653350954985
 10
351.1642447561391
 20
179.50653350954985
 10
351.1642447561391
 20
175.46981582537524
 10
358.444897893929
 20
175.46981582537524
 10
358.444897893929
 20
174.07031250000006
 10
349.5948595242155
 20
174.07031250000006
  0
LWPOLYLINE
  5
94
330
17
100
AcDbEntity
  8
cut
 62
5
420
255
100
AcDbPolyline
 90
4
 70
1
 10
783.6000000000001
 20
210.00000000000006
 10
448.8000000000001
 20
210.00000000000006
 42
0.9999999999999999
 10
448.80000000000007
 20
150.00000000000003
 10
783.6000000000001
 20
150.00000000000003
 42
0.9999999999999999
  0
CIRCLE
  5
95
330
17
100
AcDbEntity
  8
cut
 62
5
420
255
100
AcDbCircle
 10
783.6000000000001
 20
180.00000000000006
 30
3.0385816786431356e-63
 40
4.4
  0
CIRCLE
  5
96
330
17
100
AcDbEntity
  8
cut
 62
5
420
255
100
AcDbCircle
 10
448.80000000000007
 20
180.00000000000006
 30
0.0
 40
4.4
  0
LWPOLYLINE
  5
97
330
17
100
AcDbEntity
  8
line engraving
 62
1
420
16711680
100
AcDbPolyline
 90
7
 70
0
 10
719.905102106071
 20
174.07031250000006
 10
719.905102106071
 20
185.92968750000006
 10
721.4744873379946
 20
185.92968750000006
 10
721.4744873379946
 20
175.46981582537524
 10
727.3151890774216
 20
175.46981582537524
 10
727.3151890774216
 20
174.07031250000006
 10
719.905102106071
 20
174.07031250000006
  0
LWPOLYLINE
  5
98
330
17
100
AcDbEntity
  8
line engraving
 62
1
420
16711680
100
AcDbPolyline
 90
5
 70
0
 10
729.0059185283084
 20
184.25513727830838
 10
729.0059185283084
 20
185.92968750000006
 10
730.4620491558663
 20
185.92968750000006
 10
730.4620491558663
 20
184.25513727830838
 10
729.0059185283084
 20
184.25513727830838
  0
LWPOLYLINE
  5
99
330
17
100
AcDbEntity
  8
line engraving
 62
1
420
16711680
100
AcDbPolyline
 90
5
 70
0
 10
729.0059185283084
 20
174.07031250000006
 10
729.0059185283084
 20
182.66148320259214
 10
730.4620491558663
 20
182.66148320259214
 10
730.4620491558663
 20
174.07031250000006
 10
729.0059185283084
 20
174.07031250000006
  0
LWPOLYLINE
  5
9A
330
17
100
AcDbEntity
  8
line engraving
 62
1
420
16711680
100
AcDbPolyline
 90
61
 70
0
 10
732.6786035555934
 20
174.07031250000006
 10
732.6786035555934
 20
182.66148320259214
 10
733.9891211203957
 20
182.66148320259214
 10
733.9891211203957
 20
181.43995139836295
 10
734.2388879710949
 20
181.77175199709035
 10
734.5149460692361
 20
182.05931251598744
 10
734.8172954148192
 20
182.3026329550542
 10
735.1459360078445
 20
182.50171331429064
 10
735.5008678483117
 20
182.65655359369677
 10
735.8820909362211
 20
182.76715379327257
 10
736.2896052715723
 20
182.83351391301804
 10
736.7234108543656
 20
182.8556339529332
 10
737.1038755409064
 20
182.83819072145724
 10
737.4686665991644
 20
182.7858610270294
 10
737.8177840291397
 20
182.6986448696496
 10
738.1512278308322
 20
182.57654224931792
 10
738.4563579814334
 20
182.42612597789483
 10
738.7205344581344
 20
182.25396886724084
 10
738.9437572609354
 20
182.06007091735594
 10
739.1260263898363
 20
181.84443212824016
 10
739.2756842598909
 20
181.60730530034965
 10
739.4010732861528
 20
181.34894323414056
 10
739.5021934686222
 20
181.06934592961295
 10
739.5790448072988
 20
180.76851338676676
 10
739.6144368711631
 20
180.52835295340216
 10
739.6397169167803
 20
180.2123523831856
 10
739.6548849441508
 20
179.82051167611704
 10
739.6599409532743
 20
179.3528308321965
 10
739.6599409532743
 20
174.07031250000006
 10
738.2038103257163
 20
174.07031250000006
 10
738.2038103257163
 20
179.2962035300137
 10
738.193192706557
 20
179.7130714822434
 10
738.1613398490792
 20
180.07381773320265
 10
738.1082517532828
 20
180.37844228289143
 10
738.0339284191679
 20
180.62694513130975
 10
737.9325554362424
 20
180.83626390902123
 10
737.7983183940144
 20
181.02333624658942
 10
737.6312172924838
 20
181.18816214401437
 10
737.4312521316508
 20
181.3307416012961
 10
737.2055013242881
 20
181.44576580885493
 10
736.9610432831685
 20
181.52792595711125
 10
736.6978780082922
 20
181.57722204606503
 10
736.4160054996589
 20
181.5936540757163
 10
736.1874106871643
 20
181.58442685906599
 10
735.966779089039
 20
181.556745209115
 10
735.7541107052833
 20
181.5106091258634
 10
735.549405535897
 20
181.44601860931112
 10
735.3526635808802
 20
181.3629736594582
 10
735.1638848402329
 20
181.26147427630463
 10
734.983069313955
 20
181.14152045985043
 10
734.8102170020464
 20
181.00311221009557
 10
734.6519007163679
 20
180.83891831381104
 10
734.5146932687799
 20
180.6416075577678
 10
734.3985946592824
 20
180.41117994196588
 10
734.3036048878753
 20
180.14763546640523
 10
734.2297239545586
 20
179.85097413108593
 10
734.1769518593325
 20
179.5211959360079
 10
734.1452886021967
 20
179.1583008811712
 10
734.1347341831515
 20
178.76228896657577
 10
734.1347341831515
 20
174.07031250000006
 10
732.6786035555934
 20
174.07031250000006
  0
LWPOLYLINE
  5
9B
330
17
100
AcDbEntity
  8
line engraving
 62
1
420
16711680
100
AcDbPolyline
 90
13
 70
0
 10
741.9007641967941
 20
174.07031250000006
 10
741.9007641967941
 20
185.92968750000006
 10
743.356894824352
 20
185.92968750000006
 10
743.356894824352
 20
179.166769696453
 10
746.8030706429059
 20
182.66148320259214
 10
748.6879508441338
 20
182.66148320259214
 10
745.4035673175307
 20
179.47417505115968
 10
749.019625042633
 20
174.07031250000006
 10
747.2237306019782
 20
174.07031250000006
 10
744.3842758782401
 20
178.46297322646663
 10
743.356894824352
 20
177.47604024556622
 10
743.356894824352
 20
174.07031250000006
 10
741.9007641967941
 20
174.07031250000006
  0
LWPOLYLINE
  5
9C
330
17
100
AcDbEntity
  8
line engraving
 62
1
420
16711680
100
AcDbPolyline
 90
13
 70
0
 10
750.3948595242156
 20
174.07031250000006
 10
750.3948595242156
 20
185.92968750000006
 10
758.9698509976126
 20
185.92968750000006
 10
758.9698509976126
 20
184.53018417462488
 10
751.9642447561392
 20
184.53018417462488
 10
751.9642447561392
 20
180.89794722032747
 10
758.5249221947477
 20
180.89794722032747
 10
758.5249221947477
 20
179.50653350954985
 10
751.9642447561392
 20
179.50653350954985
 10
751.9642447561392
 20
175.46981582537524
 10
759.2448978939291
 20
175.46981582537524
 10
759.2448978939291
 20
174.07031250000006
 10
750.3948595242156
 20
174.07031250000006
  0
LWPOLYLINE
  5
9D
330
17
100
AcDbEntity
  8
cut
 62
5
420
255
100
AcDbPolyline
 90
4
 70
1
 10
382.80000000000007
 20
276.00000000000006
 10
48.00000000000006
 20
276.00000000000006
 42
0.9999999999999999
 10
47.99999999999997
 20
216.00000000000006
 10
382.80000000000007
 20
216.00000000000006
 42
0.9999999999999999
  0
CIRCLE
  5
9E
330
17
100
AcDbEntity
  8
cut
 62
5
420
255
100
AcDbCircle
 10
382.80000000000007
 20
246.00000000000006
 30
3.0385816786431356e-63
 40
4.4
  0
CIRCLE
  5
9F
330
17
100
AcDbEntity
  8
cut
 62
5
420
255
100
AcDbCircle
 10
47.99999999999997
 20
246.00000000000006
 30
0.0
 40
4.4
  0
LWPOLYLINE
  5
A0
330
17
100
AcDbEntity
  8
line engraving
 62
1
420
16711680
100
AcDbPolyline
 90
7
 70
0
 10
319.10510210607094
 20
240.07031250000006
 10
319.10510210607094
 20
251.92968750000006
 10
320.6744873379945
 20
251.92968750000006
 10
320.6744873379945
 20
241.46981582537524
 10
326.51518907742155
 20
241.46981582537524
 10
326.51518907742155
 20
240.07031250000006
 10
319.10510210607094
 20
240.07031250000006
  0
LWPOLYLINE
  5
A1
330
17
100
AcDbEntity
  8
line engraving
 62
1
420
16711680
100
AcDbPolyline
 90
5
 70
0
 10
328.2059185283083
 20
250.25513727830838
 10
328.2059185283083
 20
251.92968750000006
 10
329.66204915586627
 20
251.92968750000006
 10
329.66204915586627
 20
250.25513727830838
 10
328.2059185283083
 20
250.25513727830838
  0
LWPOLYLINE
  5
A2
330
17
100
AcDbEntity
  8
line engraving
 62
1
420
16711680
100
AcDbPolyline
 90
5
 70
0
 10
328.2059185283083
 20
240.07031250000006
 10
328.2059185283083
 20
248.66148320259214
 10
329.66204915586627
 20
248.66148320259214
 10
329.66204915586627
 20
240.07031250000006
 10
328.2059185283083
 20
240.07031250000006
  0
LWPOLYLINE
  5
A3
330
17
100
AcDbEntity
  8
line engraving
 62
1
420
16711680
100
AcDbPolyline
 90
61
 70
0
 10
331.87860355559343
 20
240.07031250000006
 10
331.87860355559343
 20
248.66148320259214
 10
333.1891211203956
 20
248.66148320259214
 10
333.1891211203956
 20
247.43995139836295
 10
333.4388879710948
 20
247.77175199709035
 10
333.714946069236
 20
248.05931251598744
 10
334.0172954148192
 20
248.3026329550542
 10
334.34593600784444
 20
248.50171331429064
 10
334.7008678483117
 20
248.65655359369677
 10
335.082090936221
 20
248.76715379327257
 10
335.4896052715723
 20
248.83351391301804
 10
335.9234108543656
 20
248.8556339529332
 10
336.30387554090635
 20
248.83819072145724
 10
336.6686665991644
 20
248.7858610270294
 10
337.01778402913965
 20
248.6986448696496
 10
337.35122783083216
 20
248.57654224931792
 10
337.6563579814333
 20
248.42612597789483
 10
337.92053445813434
 20
248.25396886724084
 10
338.14375726093533
 20
248.06007091735594
 10
338.3260263898363
 20
247.84443212824016
 10
338.47568425989084
 20
247.60730530034965
 10
338.60107328615277
 20
247.34894323414056
 10
338.7021934686221
 20
247.06934592961295
 10
338.77904480729876
 20
246.76851338676676
 10
338.814436871163
 20
246.52835295340216
 10
338.83971691678033
 20
246.2123523831856
 10
338.85488494415074
 20
245.82051167611704
 10
338.8599409532742
 20
245.3528308321965
 10
338.8599409532742
 20
240.07031250000006
 10
337.4038103257162
 20
240.07031250000006
 10
337.4038103257162
 20
245.2962035300137
 10
337.39319270655693
 20
245.7130714822434
 10
337.3613398490791
 20
246.07381773320265
 10
337.3082517532827
 20
246.37844228289143
 10
337.2339284191678
 20
246.62694513130975
 10
337.13255543624234
 20
246.83626390902123
 10
336.9983183940143
 20
247.02333624658942
 10
336.8312172924838
 20
247.18816214401437
 10
336.63125213165074
 20
247.3307416012961
 10
336.405501324288
 20
247.44576580885493
 10
336.16104328316845
 20
247.52792595711125
 10
335.8978780082921
 20
247.57722204606503
 10
335.6160054996589
 20
247.5936540757163
 10
335.3874106871642
 20
247.58442685906599
 10
335.16677908903904
 20
247.556745209115
 10
334.95411070528326
 20
247.5106091258634
 10
334.749405535897
 20
247.44601860931112
 10
334.5526635808801
 20
247.3629736594582
 10
334.36388484023274
 20
247.26147427630463
 10
334.18306931395483
 20
247.14152045985043
 10
334.0102170020464
 20
247.00311221009557
 10
333.8519007163679
 20
246.83891831381104
 10
333.7146932687798
 20
246.6416075577678
 10
333.59859465928224
 20
246.41117994196588
 10
333.50360488787516
 20
246.14763546640523
 10
333.4297239545585
 20
245.85097413108593
 10
333.37695185933234
 20
245.5211959360079
 10
333.3452886021966
 20
245.1583008811712
 10
333.3347341831514
 20
244.76228896657577
 10
333.3347341831514
 20
240.07031250000006
 10
331.87860355559343
 20
240.07031250000006
  0
LWPOLYLINE
  5
A4
330
17
100
AcDbEntity
  8
line engraving
 62
1
420
16711680
100
AcDbPolyline
 90
13
 70
0
 10
341.100764196794
 20
240.07031250000006
 10
341.100764196794
 20
251.92968750000006
 10
342.55689482435196
 20
251.92968750000006
 10
342.55689482435196
 20
245.166769696453
 10
346.00307064290587
 20
248.66148320259214
 10
347.8879508441337
 20
248.66148320259214
 10
344.6035673175307
 20
245.47417505115968
 10
348.21962504263297
 20
240.07031250000006
 10
346.42373060197815
 20
240.07031250000006
 10
343.5842758782401
 20
244.46297322646663
 10
342.55689482435196
 20
243.47604024556622
 10
342.55689482435196
 20
240.07031250000006
 10
341.100764196794
 20
240.07031250000006
  0
LWPOLYLINE
  5
A5
330
17
100
AcDbEntity
  8
line engraving
 62
1
420
16711680
100
AcDbPolyline
 90
13
 70
0
 10
349.5948595242155
 20
240.07031250000006
 10
349.5948595242155
 20
251.92968750000006
 10
358.1698509976125
 20
251.92968750000006
 10
358.1698509976125
 20
250.53018417462488
 10
351.1642447561391
 20
250.53018417462488
 10
351.1642447561391
 20
246.89794722032747
 10
357.7249221947476
 20
246.89794722032747
 10
357.7249221947476
 20
245.50653350954985
 10
351.1642447561391
 20
245.50653350954985
 10
351.1642447561391
 20
241.46981582537524
 10
358.444897893929
 20
241.46981582537524
 10
358.444897893929
 20
240.07031250000006
 10
349.5948595242155
 20
240.07031250000006
  0
CIRCLE
  5
A6
330
17
100
AcDbEntity
  8
cut
 62
5
420
255
100
AcDbCircle
 10
48.0
 20
1149.6000000000004
 30
0.0
 40
4.4
  0
CIRCLE
  5
A7
330
17
100
AcDbEntity
  8
cut
 62
5
420
255
100
AcDbCircle
 10
48.0
 20
849.6000000000004
 30
0.0
 40
4.4
  0
LWPOLYLINE
  5
A8
330
17
100
AcDbEntity
  8
cut
 62
5
420
255
100
AcDbPolyline
 90
4
 70
1
 10
18.0
 20
1149.6000000000004
 10
18.0
 20
849.6000000000004
 42
0.9999999999999999
 10
78.0
 20
849.6000000000004
 10
77.99999999999994
 20
1149.6000000000004
 42
0.9999999999999999
  0
LWPOLYLINE
  5
A9
330
17
100
AcDbEntity
  8
line engraving
 62
1
420
16711680
100
AcDbPolyline
 90
7
 70
0
 10
53.9296875
 20
981.5116217598912
 10
42.0703125
 20
981.5116217598912
 10
42.0703125
 20
983.0810069918148
 10
52.53018417462483
 20
983.0810069918148
 10
52.53018417462483
 20
988.9217087312418
 10
53.9296875
 20
988.9217087312418
 10
53.9296875
 20
981.5116217598912
  0
LWPOLYLINE
  5
AA
330
17
100
AcDbEntity
  8
line engraving
 62
1
420
16711680
100
AcDbPolyline
 90
5
 70
0
 10
43.744862721691675
 20
990.6124381821286
 10
42.0703125
 20
990.6124381821286
 10
42.0703125
 20
992.0685688096866
 10
43.744862721691675
 20
992.0685688096866
 10
43.744862721691675
 20
990.6124381821286
  0
LWPOLYLINE
  5
AB
330
17
100
AcDbEntity
  8
line engraving
 62
1
420
16711680
100
AcDbPolyline
 90
5
 70
0
 10
53.9296875
 20
990.6124381821286
 10
45.33851679740791
 20
990.6124381821286
 10
45.33851679740791
 20
992.0685688096866
 10
53.9296875
 20
992.0685688096866
 10
53.9296875
 20
990.6124381821286
  0
LWPOLYLINE
  5
AC
330
17
100
AcDbEntity
  8
line engraving
 62
1
420
16711680
100
AcDbPolyline
 90
61
 70
0
 10
53.9296875
 20
994.2851232094138
 10
45.33851679740791
 20
994.2851232094138
 10
45.33851679740791
 20
995.5956407742159
 10
46.56004860163711
 20
995.5956407742159
 10
46.2282480029097
 20
995.8454076249151
 10
45.94068748401262
 20
996.1214657230563
 10
45.69736704494586
 20
996.4238150686396
 10
45.49828668570941
 20
996.7524556616647
 10
45.343446406303286
 20
997.107387502132
 10
45.23284620672749
 20
997.4886105900413
 10
45.166486086982005
 20
997.8961249253927
 10
45.144366047066846
 20
998.329930508186
 10
45.161809278542805
 20
998.7103951947266
 10
45.214138972970666
 20
999.0751862529846
 10
45.301355130350444
 20
999.4243036829599
 10
45.423457750682125
 20
999.7577474846524
 10
45.573874022105215
 20
1000.0628776352536
 10
45.746031132759214
 20
1000.3270541119547
 10
45.9399290826441
 20
1000.5502769147556
 10
46.15556787175989
 20
1000.7325460436566
 10
46.39269469965041
 20
1000.8822039137111
 10
46.65105676585948
 20
1001.007592939973
 10
46.93065407038711
 20
1001.1087131224424
 10
47.23148661323329
 20
1001.185564461119
 10
47.47164704659789
 20
1001.2209565249833
 10
47.78764761681446
 20
1001.2462365706006
 10
48.179488323883014
 20
1001.261404597971
 10
48.64716916780355
 20
1001.2664606070945
 10
53.9296875
 20
1001.2664606070945
 10
53.9296875
 20
999.8103299795365
 10
48.70379646998636
 20
999.8103299795365
 10
48.28692851775665
 20
999.7997123603773
 10
47.926182266797404
 20
999.7678595028995
 10
47.62155771710863
 20
999.7147714071031
 10
47.37305486869031
 20
999.6404480729881
 10
47.16373609097885
 20
999.5390750900626
 10
46.97666375341064
 20
999.4048380478346
 10
46.81183785598568
 20
999.237736946304
 10
46.66925839870396
 20
999.037771785471
 10
46.55423419114512
 20
998.8120209781083
 10
46.47207404288881
 20
998.5675629369888
 10
46.422777953935025
 20
998.3043976621124
 10
46.40634592428376
 20
998.0225251534793
 10
46.415573140934086
 20
997.7939303409846
 10
46.44325479088506
 20
997.5732987428594
 10
46.48939087413668
 20
997.3606303591035
 10
46.553981390688946
 20
997.1559251897172
 10
46.637026340541865
 20
996.9591832347004
 10
46.738525723695425
 20
996.7704044940531
 10
46.85847954014964
 20
996.5895889677752
 10
46.9968877899045
 20
996.4167366558667
 10
47.161081686189036
 20
996.2584203701881
 10
47.358392442232265
 20
996.1212129226001
 10
47.588820058034194
 20
996.0051143131026
 10
47.852364533594816
 20
995.9101245416955
 10
48.14902586891414
 20
995.8362436083788
 10
48.47880406399216
 20
995.7834715131527
 10
48.84169911882887
 20
995.751808256017
 10
49.23771103342428
 20
995.7412538369717
 10
53.9296875
 20
995.7412538369717
 10
53.9296875
 20
994.2851232094138
  0
LWPOLYLINE
  5
AD
330
17
100
AcDbEntity
  8
line engraving
 62
1
420
16711680
100
AcDbPolyline
 90
13
 70
0
 10
53.9296875
 20
1003.5072838506143
 10
42.0703125
 20
1003.5072838506143
 10
42.0703125
 20
1004.9634144781722
 10
48.83323030354707
 20
1004.9634144781722
 10
45.33851679740791
 20
1008.4095902967262
 10
45.33851679740791
 20
1010.294470497954
 10
48.52582494884038
 20
1007.010086971351
 10
53.9296875
 20
1010.6261446964533
 10
53.9296875
 20
1008.8302502557984
 10
49.53702677353343
 20
1005.9907955320604
 10
50.52395975443383
 20
1004.9634144781722
 10
53.9296875
 20
1004.9634144781722
 10
53.9296875
 20
1003.5072838506143
  0
LWPOLYLINE
  5
AE
330
17
100
AcDbEntity
  8
line engraving
 62
1
420
16711680
100
AcDbPolyline
 90
61
 70
0
 10
50.564407827421554
 20
1011.1681488744888
 10
50.370257077080495
 20
1012.583831429059
 10
50.69662246600017
 20
1012.604181865781
 10
50.99619100656549
 20
1012.6369195248554
 10
51.268962698776434
 20
1012.6820444062823
 10
51.514937542633014
 20
1012.7395565100617
 10
51.734115538135235
 20
1012.8094558361936
 10
51.926496685283084
 20
1012.8917423846781
 10
52.092080984076574
 20
1012.9864161555149
 10
52.23086843451569
 20
1013.0934771487043
 10
52.45029923047408
 20
1013.3417271966664
 10
52.607035513301504
 20
1013.6334589230904
 10
52.70107728299796
 20
1013.9686723279762
 10
52.73242453956344
 20
1014.3473674113237
 10
52.71548690899983
 20
1014.6325263258872
 10
52.664674017309004
 20
1014.8974612039567
 10
52.579985864490965
 20
1015.1421720455324
 10
52.461422450545705
 20
1015.3666588506143
 10
52.31378698414052
 20
1015.5643488073417
 10
52.1418826739427
 20
1015.7286691038544
 10
51.94570951995225
 20
1015.8596197401521
 10
51.72526752216917
 20
1015.957200716235
 10
51.45805743999403
 20
1016.0279848439635
 10
51.121580032827424
 20
1016.0785449351982
 10
50.71583530066934
 20
1016.108880989939
 10
50.240823243519785
 20
1016.118993008186
 10
42.0703125
 20
1016.118993008186
 10
42.0703125
 20
1017.6883782401095
 10
50.151837482946796
 20
1017.6883782401095
 10
50.513468535502646
 20
1017.6827534299597
 10
50.85411715019612
 20
1017.66587899951
 10
51.1737833270272
 20
1017.6377549487607
 10
51.47246706599591
 20
1017.5983812777118
 10
51.75016836710223
 20
1017.5477579863631
 10
52.00688723034618
 20
1017.4858850747147
 10
52.24262365572775
 20
1017.4127625427666
 10
52.45737764324693
 20
1017.3283903905187
 10
52.841634336630285
 20
1017.1221052182814
 10
53.177353342428376
 20
1016.86323755116
 10
53.4645346606412
 20
1016.5517873891546
 10
53.703178291268756
 20
1016.187754732265
 10
53.890756229749314
 20
1015.7804931973699
 10
54.02474047152115
 20
1015.3393564013476
 10
54.105131016584245
 20
1014.864344344198
 10
54.13192786493861
 20
1014.3554570259213
 10
54.117897439621
 20
1013.9765723422316
 10
54.07580616366815
 20
1013.6205660998256
 10
54.00565403708006
 20
1013.2874382987033
 10
53.90744105985675
 20
1012.9771889388646
 10
53.78116723199821
 20
1012.6898180203096
 10
53.626832553504435
 20
1012.4253255430384
 10
53.444437024375425
 20
1012.1837115070508
 10
53.23398064461119
 20
1011.9649759123469
 10
52.99584261489598
 20
1011.771141162576
 10
52.730402135914055
 20
1011.6042296613876
 10
52.43765920766542
 20
1011.4642414087817
 10
52.11761383015007
 20
1011.3511764047582
 10
51.77026600336801
 20
1011.2650346493172
 10
51.39561572731924
 20
1011.2058161424586
 10
50.99366300200375
 20
1011.1735208841825
 10
50.564407827421554
 20
1011.1681488744888
  0
CIRCLE
  5
AF
330
17
100
AcDbEntity
  8
cut
 62
5
420
255
100
AcDbCircle
 10
114.0
 20
1149.6000000000004
 30
0.0
 40
4.4
  0
CIRCLE
  5
B0
330
17
100
AcDbEntity
  8
cut
 62
5
420
255
100
AcDbCircle
 10
114.0
 20
849.6000000000004
 30
0.0
 40
4.4
  0
LWPOLYLINE
  5
B1
330
17
100
AcDbEntity
  8
cut
 62
5
420
255
100
AcDbPolyline
 90
4
 70
1
 10
84.0
 20
1149.6000000000004
 10
84.0
 20
849.6000000000004
 42
0.9999999999999999
 10
144.0
 20
849.6000000000004
 10
143.99999999999994
 20
1149.6000000000004
 42
0.9999999999999999
  0
LWPOLYLINE
  5
B2
330
17
100
AcDbEntity
  8
line engraving
 62
1
420
16711680
100
AcDbPolyline
 90
7
 70
0
 10
119.9296875
 20
981.5116217598912
 10
108.0703125
 20
981.5116217598912
 10
108.0703125
 20
983.0810069918148
 10
118.53018417462482
 20
983.0810069918148
 10
118.53018417462482
 20
988.9217087312418
 10
119.9296875
 20
988.9217087312418
 10
119.9296875
 20
981.5116217598912
  0
LWPOLYLINE
  5
B3
330
17
100
AcDbEntity
  8
line engraving
 62
1
420
16711680
100
AcDbPolyline
 90
5
 70
0
 10
109.74486272169167
 20
990.6124381821286
 10
108.0703125
 20
990.6124381821286
 10
108.0703125
 20
992.0685688096866
 10
109.74486272169167
 20
992.0685688096866
 10
109.74486272169167
 20
990.6124381821286
  0
LWPOLYLINE
  5
B4
330
17
100
AcDbEntity
  8
line engraving
 62
1
420
16711680
100
AcDbPolyline
 90
5
 70
0
 10
119.9296875
 20
990.6124381821286
 10
111.3385167974079
 20
990.6124381821286
 10
111.3385167974079
 20
992.0685688096866
 10
119.9296875
 20
992.0685688096866
 10
119.9296875
 20
990.6124381821286
  0
LWPOLYLINE
  5
B5
330
17
100
AcDbEntity
  8
line engraving
 62
1
420
16711680
100
AcDbPolyline
 90
61
 70
0
 10
119.9296875
 20
994.2851232094138
 10
111.3385167974079
 20
994.2851232094138
 10
111.3385167974079
 20
995.5956407742159
 10
112.5600486016371
 20
995.5956407742159
 10
112.22824800290971
 20
995.8454076249151
 10
111.94068748401261
 20
996.1214657230563
 10
111.69736704494586
 20
996.4238150686396
 10
111.49828668570942
 20
996.7524556616647
 10
111.3434464063033
 20
997.107387502132
 10
111.23284620672749
 20
997.4886105900413
 10
111.16648608698202
 20
997.8961249253927
 10
111.14436604706685
 20
998.329930508186
 10
111.1618092785428
 20
998.7103951947266
 10
111.21413897297067
 20
999.0751862529846
 10
111.30135513035044
 20
999.4243036829599
 10
111.42345775068213
 20
999.7577474846524
 10
111.57387402210522
 20
1000.0628776352536
 10
111.74603113275921
 20
1000.3270541119547
 10
111.9399290826441
 20
1000.5502769147556
 10
112.15556787175989
 20
1000.7325460436566
 10
112.3926946996504
 20
1000.8822039137111
 10
112.65105676585948
 20
1001.007592939973
 10
112.9306540703871
 20
1001.1087131224424
 10
113.23148661323329
 20
1001.185564461119
 10
113.47164704659788
 20
1001.2209565249833
 10
113.78764761681447
 20
1001.2462365706006
 10
114.17948832388302
 20
1001.261404597971
 10
114.64716916780355
 20
1001.2664606070945
 10
119.9296875
 20
1001.2664606070945
 10
119.9296875
 20
999.8103299795365
 10
114.70379646998636
 20
999.8103299795365
 10
114.28692851775665
 20
999.7997123603773
 10
113.92618226679741
 20
999.7678595028995
 10
113.62155771710863
 20
999.7147714071031
 10
113.37305486869032
 20
999.6404480729881
 10
113.16373609097886
 20
999.5390750900626
 10
112.97666375341065
 20
999.4048380478346
 10
112.81183785598567
 20
999.237736946304
 10
112.66925839870396
 20
999.037771785471
 10
112.55423419114513
 20
998.8120209781083
 10
112.47207404288882
 20
998.5675629369888
 10
112.42277795393503
 20
998.3043976621124
 10
112.40634592428377
 20
998.0225251534793
 10
112.4155731409341
 20
997.7939303409846
 10
112.44325479088506
 20
997.5732987428594
 10
112.48939087413669
 20
997.3606303591035
 10
112.55398139068896
 20
997.1559251897172
 10
112.63702634054187
 20
996.9591832347004
 10
112.73852572369543
 20
996.7704044940531
 10
112.85847954014965
 20
996.5895889677752
 10
112.9968877899045
 20
996.4167366558667
 10
113.16108168618904
 20
996.2584203701881
 10
113.35839244223227
 20
996.1212129226001
 10
113.5888200580342
 20
996.0051143131026
 10
113.85236453359482
 20
995.9101245416955
 10
114.14902586891414
 20
995.8362436083788
 10
114.47880406399216
 20
995.7834715131527
 10
114.84169911882887
 20
995.751808256017
 10
115.23771103342429
 20
995.7412538369717
 10
119.9296875
 20
995.7412538369717
 10
119.9296875
 20
994.2851232094138
  0
LWPOLYLINE
  5
B6
330
17
100
AcDbEntity
  8
line engraving
 62
1
420
16711680
100
AcDbPolyline
 90
13
 70
0
 10
119.9296875
 20
1003.5072838506143
 10
108.0703125
 20
1003.5072838506143
 10
108.0703125
 20
1004.9634144781722
 10
114.83323030354707
 20
1004.9634144781722
 10
111.33851679740792
 20
1008.4095902967262
 10
111.33851679740792
 20
1010.294470497954
 10
114.52582494884038
 20
1007.010086971351
 10
119.9296875
 20
1010.6261446964533
 10
119.9296875
 20
1008.8302502557984
 10
115.53702677353343
 20
1005.9907955320604
 10
116.52395975443383
 20
1004.9634144781722
 10
119.9296875
 20
1004.9634144781722
 10
119.9296875
 20
1003.5072838506143
  0
LWPOLYLINE
  5
B7
330
17
100
AcDbEntity
  8
line engraving
 62
1
420
16711680
100
AcDbPolyline
 90
61
 70
0
 10
116.56440782742156
 20
1011.1681488744888
 10
116.3702570770805
 20
1012.583831429059
 10
116.69662246600018
 20
1012.604181865781
 10
116.99619100656548
 20
1012.6369195248554
 10
117.26896269877643
 20
1012.6820444062823
 10
117.51493754263302
 20
1012.7395565100617
 10
117.73411553813523
 20
1012.8094558361936
 10
117.92649668528308
 20
1012.8917423846781
 10
118.09208098407656
 20
1012.9864161555149
 10
118.23086843451568
 20
1013.0934771487043
 10
118.45029923047407
 20
1013.3417271966664
 10
118.6070355133015
 20
1013.6334589230904
 10
118.70107728299796
 20
1013.9686723279762
 10
118.73242453956344
 20
1014.3473674113237
 10
118.71548690899984
 20
1014.6325263258872
 10
118.66467401730901
 20
1014.8974612039567
 10
118.57998586449096
 20
1015.1421720455324
 10
118.4614224505457
 20
1015.3666588506143
 10
118.31378698414052
 20
1015.5643488073417
 10
118.1418826739427
 20
1015.7286691038544
 10
117.94570951995225
 20
1015.8596197401521
 10
117.72526752216916
 20
1015.957200716235
 10
117.45805743999402
 20
1016.0279848439635
 10
117.12158003282742
 20
1016.0785449351982
 10
116.71583530066934
 20
1016.108880989939
 10
116.24082324351978
 20
1016.118993008186
 10
108.0703125
 20
1016.118993008186
 10
108.0703125
 20
1017.6883782401095
 10
116.15183748294679
 20
1017.6883782401095
 10
116.51346853550264
 20
1017.6827534299597
 10
116.8541171501961
 20
1017.66587899951
 10
117.1737833270272
 20
1017.6377549487607
 10
117.4724670659959
 20
1017.5983812777118
 10
117.75016836710223
 20
1017.5477579863631
 10
118.00688723034618
 20
1017.4858850747147
 10
118.24262365572774
 20
1017.4127625427666
 10
118.45737764324693
 20
1017.3283903905187
 10
118.84163433663028
 20
1017.1221052182814
 10
119.17735334242838
 20
1016.86323755116
 10
119.46453466064119
 20
1016.5517873891546
 10
119.70317829126876
 20
1016.187754732265
 10
119.89075622974931
 20
1015.7804931973699
 10
120.02474047152114
 20
1015.3393564013476
 10
120.10513101658424
 20
1014.864344344198
 10
120.1319278649386
 20
1014.3554570259213
 10
120.11789743962099
 20
1013.9765723422316
 10
120.07580616366815
 20
1013.6205660998256
 10
120.00565403708006
 20
1013.2874382987033
 10
119.90744105985675
 20
1012.9771889388646
 10
119.78116723199821
 20
1012.6898180203096
 10
119.62683255350444
 20
1012.4253255430384
 10
119.44443702437543
 20
1012.1837115070508
 10
119.2339806446112
 20
1011.9649759123469
 10
118.99584261489598
 20
1011.771141162576
 10
118.73040213591406
 20
1011.6042296613876
 10
118.43765920766542
 20
1011.4642414087817
 10
118.11761383015008
 20
1011.3511764047582
 10
117.77026600336801
 20
1011.2650346493172
 10
117.39561572731924
 20
1011.2058161424586
 10
116.99366300200376
 20
1011.1735208841825
 10
116.56440782742156
 20
1011.1681488744888
  0
CIRCLE
  5
B8
330
17
100
AcDbEntity
  8
cut
 62
5
420
255
100
AcDbCircle
 10
114.0
 20
748.8000000000002
 30
0.0
 40
4.4
  0
CIRCLE
  5
B9
330
17
100
AcDbEntity
  8
cut
 62
5
420
255
100
AcDbCircle
 10
114.0
 20
448.8000000000002
 30
0.0
 40
4.4
  0
LWPOLYLINE
  5
BA
330
17
100
AcDbEntity
  8
cut
 62
5
420
255
100
AcDbPolyline
 90
4
 70
1
 10
84.0
 20
748.8000000000002
 10
84.0
 20
448.8000000000002
 42
0.9999999999999999
 10
144.0
 20
448.8000000000002
 10
143.99999999999994
 20
748.8000000000002
 42
0.9999999999999999
  0
LWPOLYLINE
  5
BB
330
17
100
AcDbEntity
  8
line engraving
 62
1
420
16711680
100
AcDbPolyline
 90
7
 70
0
 10
119.9296875
 20
580.711621759891
 10
108.0703125
 20
580.711621759891
 10
108.0703125
 20
582.2810069918146
 10
118.53018417462482
 20
582.2810069918146
 10
118.53018417462482
 20
588.1217087312416
 10
119.9296875
 20
588.1217087312416
 10
119.9296875
 20
580.711621759891
  0
LWPOLYLINE
  5
BC
330
17
100
AcDbEntity
  8
line engraving
 62
1
420
16711680
100
AcDbPolyline
 90
5
 70
0
 10
109.74486272169167
 20
589.8124381821284
 10
108.0703125
 20
589.8124381821284
 10
108.0703125
 20
591.2685688096864
 10
109.74486272169167
 20
591.2685688096864
 10
109.74486272169167
 20
589.8124381821284
  0
LWPOLYLINE
  5
BD
330
17
100
AcDbEntity
  8
line engraving
 62
1
420
16711680
100
AcDbPolyline
 90
5
 70
0
 10
119.9296875
 20
589.8124381821284
 10
111.3385167974079
 20
589.8124381821284
 10
111.3385167974079
 20
591.2685688096864
 10
119.9296875
 20
591.2685688096864
 10
119.9296875
 20
589.8124381821284
  0
LWPOLYLINE
  5
BE
330
17
100
AcDbEntity
  8
line engraving
 62
1
420
16711680
100
AcDbPolyline
 90
61
 70
0
 10
119.9296875
 20
593.4851232094136
 10
111.3385167974079
 20
593.4851232094136
 10
111.3385167974079
 20
594.7956407742157
 10
112.5600486016371
 20
594.7956407742157
 10
112.22824800290971
 20
595.0454076249149
 10
111.94068748401261
 20
595.3214657230561
 10
111.69736704494586
 20
595.6238150686394
 10
111.49828668570942
 20
595.9524556616645
 10
111.3434464063033
 20
596.3073875021319
 10
111.23284620672749
 20
596.6886105900411
 10
111.16648608698202
 20
597.0961249253925
 10
111.14436604706685
 20
597.5299305081858
 10
111.1618092785428
 20
597.9103951947264
 10
111.21413897297067
 20
598.2751862529844
 10
111.30135513035044
 20
598.6243036829597
 10
111.42345775068213
 20
598.9577474846523
 10
111.57387402210522
 20
599.2628776352534
 10
111.74603113275921
 20
599.5270541119545
 10
111.9399290826441
 20
599.7502769147554
 10
112.15556787175989
 20
599.9325460436564
 10
112.3926946996504
 20
600.0822039137109
 10
112.65105676585948
 20
600.2075929399729
 10
112.9306540703871
 20
600.3087131224422
 10
113.23148661323329
 20
600.3855644611189
 10
113.47164704659788
 20
600.4209565249831
 10
113.78764761681447
 20
600.4462365706004
 10
114.17948832388302
 20
600.4614045979708
 10
114.64716916780355
 20
600.4664606070943
 10
119.9296875
 20
600.4664606070943
 10
119.9296875
 20
599.0103299795363
 10
114.70379646998636
 20
599.0103299795363
 10
114.28692851775665
 20
598.9997123603771
 10
113.92618226679741
 20
598.9678595028993
 10
113.62155771710863
 20
598.9147714071029
 10
113.37305486869032
 20
598.8404480729879
 10
113.16373609097886
 20
598.7390750900624
 10
112.97666375341065
 20
598.6048380478344
 10
112.81183785598567
 20
598.4377369463039
 10
112.66925839870396
 20
598.2377717854708
 10
112.55423419114513
 20
598.0120209781081
 10
112.47207404288882
 20
597.7675629369886
 10
112.42277795393503
 20
597.5043976621122
 10
112.40634592428377
 20
597.2225251534791
 10
112.4155731409341
 20
596.9939303409844
 10
112.44325479088506
 20
596.7732987428592
 10
112.48939087413669
 20
596.5606303591034
 10
112.55398139068896
 20
596.355925189717
 10
112.63702634054187
 20
596.1591832347002
 10
112.73852572369543
 20
595.9704044940529
 10
112.85847954014965
 20
595.789588967775
 10
112.9968877899045
 20
595.6167366558665
 10
113.16108168618904
 20
595.4584203701879
 10
113.35839244223227
 20
595.3212129225999
 10
113.5888200580342
 20
595.2051143131024
 10
113.85236453359482
 20
595.1101245416953
 10
114.14902586891414
 20
595.0362436083786
 10
114.47880406399216
 20
594.9834715131525
 10
114.84169911882887
 20
594.9518082560168
 10
115.23771103342429
 20
594.9412538369716
 10
119.9296875
 20
594.9412538369716
 10
119.9296875
 20
593.4851232094136
  0
LWPOLYLINE
  5
BF
330
17
100
AcDbEntity
  8
line engraving
 62
1
420
16711680
100
AcDbPolyline
 90
13
 70
0
 10
119.9296875
 20
602.7072838506141
 10
108.0703125
 20
602.7072838506141
 10
108.0703125
 20
604.1634144781721
 10
114.83323030354707
 20
604.1634144781721
 10
111.33851679740792
 20
607.609590296726
 10
111.33851679740792
 20
609.4944704979538
 10
114.52582494884038
 20
606.2100869713508
 10
119.9296875
 20
609.8261446964531
 10
119.9296875
 20
608.0302502557983
 10
115.53702677353343
 20
605.1907955320602
 10
116.52395975443383
 20
604.1634144781721
 10
119.9296875
 20
604.1634144781721
 10
119.9296875
 20
602.7072838506141
  0
LWPOLYLINE
  5
C0
330
17
100
AcDbEntity
  8
line engraving
 62
1
420
16711680
100
AcDbPolyline
 90
61
 70
0
 10
116.56440782742156
 20
610.3681488744886
 10
116.3702570770805
 20
611.7838314290589
 10
116.69662246600018
 20
611.8041818657808
 10
116.99619100656548
 20
611.8369195248553
 10
117.26896269877643
 20
611.8820444062821
 10
117.51493754263302
 20
611.9395565100615
 10
117.73411553813523
 20
612.0094558361934
 10
117.92649668528308
 20
612.0917423846779
 10
118.09208098407656
 20
612.1864161555147
 10
118.23086843451568
 20
612.2934771487041
 10
118.45029923047407
 20
612.5417271966662
 10
118.6070355133015
 20
612.8334589230902
 10
118.70107728299796
 20
613.168672327976
 10
118.73242453956344
 20
613.5473674113235
 10
118.71548690899984
 20
613.832526325887
 10
118.66467401730901
 20
614.0974612039565
 10
118.57998586449096
 20
614.3421720455323
 10
118.4614224505457
 20
614.5666588506141
 10
118.31378698414052
 20
614.7643488073415
 10
118.1418826739427
 20
614.9286691038542
 10
117.94570951995225
 20
615.0596197401519
 10
117.72526752216916
 20
615.1572007162348
 10
117.45805743999402
 20
615.2279848439633
 10
117.12158003282742
 20
615.278544935198
 10
116.71583530066934
 20
615.3088809899389
 10
116.24082324351978
 20
615.3189930081858
 10
108.0703125
 20
615.3189930081858
 10
108.0703125
 20
616.8883782401093
 10
116.15183748294679
 20
616.8883782401093
 10
116.51346853550264
 20
616.8827534299595
 10
116.8541171501961
 20
616.8658789995098
 10
117.1737833270272
 20
616.8377549487606
 10
117.4724670659959
 20
616.7983812777117
 10
117.75016836710223
 20
616.7477579863629
 10
118.00688723034618
 20
616.6858850747145
 10
118.24262365572774
 20
616.6127625427664
 10
118.45737764324693
 20
616.5283903905186
 10
118.84163433663028
 20
616.3221052182812
 10
119.17735334242838
 20
616.0632375511598
 10
119.46453466064119
 20
615.7517873891544
 10
119.70317829126876
 20
615.3877547322649
 10
119.89075622974931
 20
614.9804931973697
 10
120.02474047152114
 20
614.5393564013474
 10
120.10513101658424
 20
614.0643443441978
 10
120.1319278649386
 20
613.5554570259211
 10
120.11789743962099
 20
613.1765723422315
 10
120.07580616366815
 20
612.8205660998254
 10
120.00565403708006
 20
612.4874382987031
 10
119.90744105985675
 20
612.1771889388644
 10
119.78116723199821
 20
611.8898180203095
 10
119.62683255350444
 20
611.6253255430382
 10
119.44443702437543
 20
611.3837115070506
 10
119.2339806446112
 20
611.1649759123467
 10
118.99584261489598
 20
610.9711411625758
 10
118.73040213591406
 20
610.8042296613875
 10
118.43765920766542
 20
610.6642414087815
 10
118.11761383015008
 20
610.551176404758
 10
117.77026600336801
 20
610.465034649317
 10
117.39561572731924
 20
610.4058161424584
 10
116.99366300200376
 20
610.3735208841823
 10
116.56440782742156
 20
610.3681488744886
  0
CIRCLE
  5
C1
330
17
100
AcDbEntity
  8
cut
 62
5
420
255
100
AcDbCircle
 10
448.8000000000002
 20
246.00000000000006
 30
0.0
 40
4.4
  0
CIRCLE
  5
C2
330
17
100
AcDbEntity
  8
cut
 62
5
420
255
100
AcDbCircle
 10
748.8000000000002
 20
246.00000000000006
 30
0.0
 40
4.4
  0
LWPOLYLINE
  5
C3
330
17
100
AcDbEntity
  8
cut
 62
5
420
255
100
AcDbPolyline
 90
4
 70
1
 10
448.8000000000002
 20
216.00000000000006
 10
748.8000000000002
 20
216.00000000000006
 42
0.9999999999999999
 10
748.8000000000002
 20
276.00000000000006
 10
448.8000000000002
 20
276.0
 42
0.9999999999999999
  0
LWPOLYLINE
  5
C4
330
17
100
AcDbEntity
  8
line engraving
 62
1
420
16711680
100
AcDbPolyline
 90
7
 70
0
 10
580.711621759891
 20
240.07031250000006
 10
580.711621759891
 20
251.92968750000006
 10
582.2810069918146
 20
251.92968750000006
 10
582.2810069918146
 20
241.46981582537524
 10
588.1217087312416
 20
241.46981582537524
 10
588.1217087312416
 20
240.07031250000006
 10
580.711621759891
 20
240.07031250000006
  0
LWPOLYLINE
  5
C5
330
17
100
AcDbEntity
  8
line engraving
 62
1
420
16711680
100
AcDbPolyline
 90
5
 70
0
 10
589.8124381821284
 20
250.25513727830838
 10
589.8124381821284
 20
251.92968750000006
 10
591.2685688096864
 20
251.92968750000006
 10
591.2685688096864
 20
250.25513727830838
 10
589.8124381821284
 20
250.25513727830838
  0
LWPOLYLINE
  5
C6
330
17
100
AcDbEntity
  8
line engraving
 62
1
420
16711680
100
AcDbPolyline
 90
5
 70
0
 10
589.8124381821284
 20
240.07031250000006
 10
589.8124381821284
 20
248.66148320259214
 10
591.2685688096864
 20
248.66148320259214
 10
591.2685688096864
 20
240.07031250000006
 10
589.8124381821284
 20
240.07031250000006
  0
LWPOLYLINE
  5
C7
330
17
100
AcDbEntity
  8
line engraving
 62
1
420
16711680
100
AcDbPolyline
 90
61
 70
0
 10
593.4851232094136
 20
240.07031250000006
 10
593.4851232094136
 20
248.66148320259214
 10
594.7956407742157
 20
248.66148320259214
 10
594.7956407742157
 20
247.43995139836295
 10
595.0454076249149
 20
247.77175199709035
 10
595.3214657230561
 20
248.05931251598744
 10
595.6238150686394
 20
248.3026329550542
 10
595.9524556616645
 20
248.50171331429064
 10
596.3073875021319
 20
248.65655359369677
 10
596.6886105900411
 20
248.76715379327257
 10
597.0961249253925
 20
248.83351391301804
 10
597.5299305081858
 20
248.8556339529332
 10
597.9103951947264
 20
248.83819072145724
 10
598.2751862529844
 20
248.7858610270294
 10
598.6243036829597
 20
248.6986448696496
 10
598.9577474846523
 20
248.57654224931792
 10
599.2628776352534
 20
248.42612597789483
 10
599.5270541119545
 20
248.25396886724084
 10
599.7502769147554
 20
248.06007091735594
 10
599.9325460436564
 20
247.84443212824016
 10
600.0822039137109
 20
247.60730530034965
 10
600.2075929399729
 20
247.34894323414056
 10
600.3087131224422
 20
247.06934592961295
 10
600.3855644611189
 20
246.76851338676676
 10
600.4209565249831
 20
246.52835295340216
 10
600.4462365706004
 20
246.2123523831856
 10
600.4614045979708
 20
245.82051167611704
 10
600.4664606070943
 20
245.3528308321965
 10
600.4664606070943
 20
240.07031250000006
 10
599.0103299795363
 20
240.07031250000006
 10
599.0103299795363
 20
245.2962035300137
 10
598.9997123603771
 20
245.7130714822434
 10
598.9678595028993
 20
246.07381773320265
 10
598.9147714071029
 20
246.37844228289143
 10
598.8404480729879
 20
246.62694513130975
 10
598.7390750900624
 20
246.83626390902123
 10
598.6048380478344
 20
247.02333624658942
 10
598.4377369463039
 20
247.18816214401437
 10
598.2377717854708
 20
247.3307416012961
 10
598.0120209781081
 20
247.44576580885493
 10
597.7675629369886
 20
247.52792595711125
 10
597.5043976621122
 20
247.57722204606503
 10
597.2225251534791
 20
247.5936540757163
 10
596.9939303409844
 20
247.58442685906599
 10
596.7732987428592
 20
247.556745209115
 10
596.5606303591034
 20
247.5106091258634
 10
596.355925189717
 20
247.44601860931112
 10
596.1591832347002
 20
247.3629736594582
 10
595.9704044940529
 20
247.26147427630463
 10
595.789588967775
 20
247.14152045985043
 10
595.6167366558665
 20
247.00311221009557
 10
595.4584203701879
 20
246.83891831381104
 10
595.3212129225999
 20
246.6416075577678
 10
595.2051143131024
 20
246.41117994196588
 10
595.1101245416953
 20
246.14763546640523
 10
595.0362436083786
 20
245.85097413108593
 10
594.9834715131525
 20
245.5211959360079
 10
594.9518082560168
 20
245.1583008811712
 10
594.9412538369716
 20
244.76228896657577
 10
594.9412538369716
 20
240.07031250000006
 10
593.4851232094136
 20
240.07031250000006
  0
LWPOLYLINE
  5
C8
330
17
100
AcDbEntity
  8
line engraving
 62
1
420
16711680
100
AcDbPolyline
 90
13
 70
0
 10
602.7072838506141
 20
240.07031250000006
 10
602.7072838506141
 20
251.92968750000006
 10
604.1634144781721
 20
251.92968750000006
 10
604.1634144781721
 20
245.166769696453
 10
607.609590296726
 20
248.66148320259214
 10
609.4944704979538
 20
248.66148320259214
 10
606.2100869713508
 20
245.47417505115968
 10
609.8261446964531
 20
240.07031250000006
 10
608.0302502557983
 20
240.07031250000006
 10
605.1907955320602
 20
244.46297322646663
 10
604.1634144781721
 20
243.47604024556622
 10
604.1634144781721
 20
240.07031250000006
 10
602.7072838506141
 20
240.07031250000006
  0
LWPOLYLINE
  5
C9
330
17
100
AcDbEntity
  8
line engraving
 62
1
420
16711680
100
AcDbPolyline
 90
61
 70
0
 10
610.3681488744886
 20
243.4355921725785
 10
611.7838314290589
 20
243.62974292291958
 10
611.8041818657808
 20
243.3033775339999
 10
611.8369195248553
 20
243.00380899343457
 10
611.8820444062821
 20
242.73103730122364
 10
611.9395565100615
 20
242.48506245736704
 10
612.0094558361934
 20
242.26588446186483
 10
612.0917423846779
 20
242.073503314717
 10
612.1864161555147
 20
241.90791901592348
 10
612.2934771487041
 20
241.76913156548437
 10
612.5417271966662
 20
241.549700769526
 10
612.8334589230902
 20
241.39296448669856
 10
613.168672327976
 20
241.2989227170021
 10
613.5473674113235
 20
241.26757546043663
 10
613.832526325887
 20
241.28451309100024
 10
614.0974612039565
 20
241.33532598269107
 10
614.3421720455323
 20
241.4200141355091
 10
614.5666588506141
 20
241.53857754945435
 10
614.7643488073415
 20
241.68621301585952
 10
614.9286691038542
 20
241.85811732605737
 10
615.0596197401519
 20
242.0542904800478
 10
615.1572007162348
 20
242.2747324778309
 10
615.2279848439633
 20
242.54194256000602
 10
615.278544935198
 20
242.87841996717265
 10
615.3088809899389
 20
243.28416469933074
 10
615.3189930081858
 20
243.7591767564803
 10
615.3189930081858
 20
251.92968750000006
 10
616.8883782401093
 20
251.92968750000006
 10
616.8883782401093
 20
243.84816251705325
 10
616.8827534299595
 20
243.4865314644974
 10
616.8658789995098
 20
243.14588284980394
 10
616.8377549487606
 20
242.82621667297286
 10
616.7983812777117
 20
242.52753293400414
 10
616.7477579863629
 20
242.24983163289784
 10
616.6858850747145
 20
241.9931127696539
 10
616.6127625427664
 20
241.7573763442723
 10
616.5283903905186
 20
241.54262235675313
 10
616.3221052182812
 20
241.15836566336978
 10
616.0632375511598
 20
240.82264665757168
 10
615.7517873891544
 20
240.53546533935886
 10
615.3877547322649
 20
240.2968217087313
 10
614.9804931973697
 20
240.10924377025074
 10
614.5393564013474
 20
239.97525952847892
 10
614.0643443441978
 20
239.89486898341582
 10
613.5554570259211
 20
239.86807213506145
 10
613.1765723422315
 20
239.88210256037908
 10
612.8205660998254
 20
239.9241938363319
 10
612.4874382987031
 20
239.99434596292
 10
612.1771889388644
 20
240.0925589401433
 10
611.8898180203095
 20
240.21883276800185
 10
611.6253255430382
 20
240.37316744649561
 10
611.3837115070506
 20
240.55556297562464
 10
611.1649759123467
 20
240.76601935538886
 10
610.9711411625758
 20
241.00415738510407
 10
610.8042296613875
 20
241.269597864086
 10
610.6642414087815
 20
241.56234079233465
 10
610.551176404758
 20
241.88238616985
 10
610.465034649317
 20
242.22973399663206
 10
610.4058161424584
 20
242.60438427268082
 10
610.3735208841823
 20
243.0063369979963
 10
610.3681488744886
 20
243.4355921725785
  0
CIRCLE
  5
CA
330
17
100
AcDbEntity
  8
cut
 62
5
420
255
100
AcDbCircle
 10
48.0
 20
312.00000000000006
 30
0.0
 40
4.4
  0
CIRCLE
  5
CB
330
17
100
AcDbEntity
  8
cut
 62
5
420
255
100
AcDbCircle
 10
348.0
 20
312.00000000000006
 30
0.0
 40
4.4
  0
LWPOLYLINE
  5
CC
330
17
100
AcDbEntity
  8
cut
 62
5
420
255
100
AcDbPolyline
 90
4
 70
1
 10
48.0
 20
282.00000000000006
 10
348.0
 20
282.00000000000006
 42
0.9999999999999999
 10
348.0
 20
342.00000000000006
 10
48.0
 20
342.0
 42
0.9999999999999999
  0
LWPOLYLINE
  5
CD
330
17
100
AcDbEntity
  8
line engraving
 62
1
420
16711680
100
AcDbPolyline
 90
7
 70
0
 10
179.91162175989086
 20
306.07031250000006
 10
179.91162175989086
 20
317.92968750000006
 10
181.48100699181447
 20
317.92968750000006
 10
181.48100699181447
 20
307.46981582537524
 10
187.32170873124147
 20
307.46981582537524
 10
187.32170873124147
 20
306.07031250000006
 10
179.91162175989086
 20
306.07031250000006
  0
LWPOLYLINE
  5
CE
330
17
100
AcDbEntity
  8
line engraving
 62
1
420
16711680
100
AcDbPolyline
 90
5
 70
0
 10
189.01243818212825
 20
316.2551372783084
 10
189.01243818212825
 20
317.92968750000006
 10
190.46856880968622
 20
317.92968750000006
 10
190.46856880968622
 20
316.2551372783084
 10
189.01243818212825
 20
316.2551372783084
  0
LWPOLYLINE
  5
CF
330
17
100
AcDbEntity
  8
line engraving
 62
1
420
16711680
100
AcDbPolyline
 90
5
 70
0
 10
189.01243818212825
 20
306.07031250000006
 10
189.01243818212825
 20
314.66148320259214
 10
190.46856880968622
 20
314.66148320259214
 10
190.46856880968622
 20
306.07031250000006
 10
189.01243818212825
 20
306.07031250000006
  0
LWPOLYLINE
  5
D0
330
17
100
AcDbEntity
  8
line engraving
 62
1
420
16711680
100
AcDbPolyline
 90
61
 70
0
 10
192.68512320941338
 20
306.07031250000006
 10
192.68512320941338
 20
314.66148320259214
 10
193.99564077421556
 20
314.66148320259214
 10
193.99564077421556
 20
313.43995139836295
 10
194.24540762491475
 20
313.77175199709035
 10
194.52146572305594
 20
314.0593125159874
 10
194.82381506863916
 20
314.3026329550542
 10
195.1524556616644
 20
314.50171331429067
 10
195.50738750213165
 20
314.65655359369674
 10
195.88861059004094
 20
314.76715379327254
 10
196.29612492539223
 20
314.83351391301807
 10
196.72993050818553
 20
314.8556339529332
 10
197.1103951947263
 20
314.83819072145724
 10
197.47518625298432
 20
314.7858610270294
 10
197.82430368295957
 20
314.6986448696496
 10
198.1577474846521
 20
314.5765422493179
 10
198.46287763525325
 20
314.42612597789486
 10
198.7270541119543
 20
314.2539688672408
 10
198.95027691475528
 20
314.060070917356
 10
199.1325460436562
 20
313.84443212824016
 10
199.28220391371076
 20
313.60730530034965
 10
199.4075929399727
 20
313.34894323414056
 10
199.508713122442
 20
313.06934592961295
 10
199.58556446111868
 20
312.76851338676676
 10
199.62095652498294
 20
312.5283529534022
 10
199.64623657060028
 20
312.2123523831856
 10
199.66140459797066
 20
311.820511676117
 10
199.66646060709414
 20
311.3528308321965
 10
199.66646060709414
 20
306.07031250000006
 10
198.21032997953614
 20
306.07031250000006
 10
198.21032997953614
 20
311.2962035300137
 10
198.19971236037685
 20
311.71307148224344
 10
198.16785950289903
 20
312.07381773320265
 10
198.11477140710264
 20
312.37844228289146
 10
198.04044807298772
 20
312.62694513130975
 10
197.93907509006223
 20
312.8362639090212
 10
197.80483804783424
 20
313.0233362465894
 10
197.6377369463037
 20
313.18816214401437
 10
197.43777178547066
 20
313.3307416012961
 10
197.21202097810794
 20
313.44576580885496
 10
196.9675629369884
 20
313.5279259571113
 10
196.70439766211206
 20
313.57722204606506
 10
196.42252515347886
 20
313.5936540757163
 10
196.1939303409842
 20
313.58442685906596
 10
195.97329874285896
 20
313.556745209115
 10
195.7606303591032
 20
313.51060912586337
 10
195.5559251897169
 20
313.4460186093111
 10
195.35918323470005
 20
313.3629736594582
 10
195.1704044940527
 20
313.2614742763046
 10
194.98958896777475
 20
313.1415204598504
 10
194.8167366558663
 20
313.00311221009554
 10
194.6584203701878
 20
312.838918313811
 10
194.52121292259974
 20
312.64160755776777
 10
194.4051143131022
 20
312.4111799419659
 10
194.31012454169507
 20
312.14763546640523
 10
194.23624360837846
 20
311.85097413108593
 10
194.18347151315228
 20
311.5211959360079
 10
194.15180825601658
 20
311.1583008811712
 10
194.14125383697134
 20
310.7622889665758
 10
194.14125383697134
 20
306.07031250000006
 10
192.68512320941338
 20
306.07031250000006
  0
LWPOLYLINE
  5
D1
330
17
100
AcDbEntity
  8
line engraving
 62
1
420
16711680
100
AcDbPolyline
 90
13
 70
0
 10
201.9072838506139
 20
306.07031250000006
 10
201.9072838506139
 20
317.92968750000006
 10
203.3634144781719
 20
317.92968750000006
 10
203.3634144781719
 20
311.166769696453
 10
206.8095902967258
 20
314.66148320259214
 10
208.6944704979536
 20
314.66148320259214
 10
205.4100869713506
 20
311.47417505115965
 10
209.02614469645295
 20
306.07031250000006
 10
207.2302502557981
 20
306.07031250000006
 10
204.39079553206003
 20
310.46297322646666
 10
203.3634144781719
 20
309.4760402455662
 10
203.3634144781719
 20
306.07031250000006
 10
201.9072838506139
 20
306.07031250000006
  0
LWPOLYLINE
  5
D2
330
17
100
AcDbEntity
  8
line engraving
 62
1
420
16711680
100
AcDbPolyline
 90
61
 70
0
 10
209.5681488744884
 20
309.4355921725785
 10
210.98383142905865
 20
309.62974292291955
 10
211.0041818657806
 20
309.3033775339999
 10
211.03691952485505
 20
309.0038089934346
 10
211.08204440628197
 20
308.73103730122364
 10
211.1395565100614
 20
308.48506245736706
 10
211.20945583619329
 20
308.26588446186486
 10
211.2917423846777
 20
308.07350331471696
 10
211.38641615551458
 20
307.9079190159235
 10
211.49347714870396
 20
307.7691315654844
 10
211.7417271966661
 20
307.549700769526
 10
212.03345892309005
 20
307.39296448669853
 10
212.3686723279758
 20
307.2989227170021
 10
212.74736741132332
 20
307.2675754604366
 10
213.03252632588675
 20
307.28451309100024
 10
213.29746120395635
 20
307.3353259826911
 10
213.54217204553206
 20
307.4200141355091
 10
213.7666588506139
 20
307.5385775494544
 10
213.9643488073414
 20
307.68621301585955
 10
214.128669103854
 20
307.85811732605737
 10
214.25961974015178
 20
308.05429048004777
 10
214.35720071623464
 20
308.27473247783087
 10
214.42798484396315
 20
308.541942560006
 10
214.47854493519782
 20
308.87841996717265
 10
214.5088809899386
 20
309.2841646993307
 10
214.51899300818553
 20
309.75917675648026
 10
214.51899300818553
 20
317.92968750000006
 10
216.08837824010914
 20
317.92968750000006
 10
216.08837824010914
 20
309.84816251705325
 10
216.08275342995927
 20
309.4865314644974
 10
216.06587899950972
 20
309.1458828498039
 10
216.03775494876044
 20
308.82621667297286
 10
215.99838127771147
 20
308.5275329340041
 10
215.94775798636277
 20
308.2498316328978
 10
215.88588507471437
 20
307.99311276965386
 10
215.81276254276625
 20
307.7573763442723
 10
215.72839039051843
 20
307.5426223567531
 10
215.52210521828104
 20
307.15836566336975
 10
215.26323755115962
 20
306.8226466575717
 10
214.95178738915416
 20
306.53546533935884
 10
214.58775473226467
 20
306.2968217087313
 10
214.18049319736954
 20
306.1092437702507
 10
213.7393564013472
 20
305.9752595284789
 10
213.26434434419764
 20
305.8948689834158
 10
212.75545702592086
 20
305.8680721350614
 10
212.37657234223119
 20
305.88210256037905
 10
212.0205660998252
 20
305.9241938363319
 10
211.6874382987029
 20
305.99434596291997
 10
211.37718893886426
 20
306.0925589401433
 10
211.0898180203093
 20
306.21883276800185
 10
210.82532554303802
 20
306.37316744649564
 10
210.58371150705042
 20
306.55556297562464
 10
210.36497591234652
 20
306.7660193553889
 10
210.17114116257568
 20
307.0041573851041
 10
210.00422966138728
 20
307.269597864086
 10
209.86424140878134
 20
307.5623407923346
 10
209.75117640475784
 20
307.88238616985
 10
209.6650346493168
 20
308.22973399663204
 10
209.60581614245822
 20
308.6043842726808
 10
209.57352088418207
 20
309.0063369979963
 10
209.5681488744884
 20
309.4355921725785
  0
CIRCLE
  5
D3
330
17
100
AcDbEntity
  8
cut
 62
5
420
255
100
AcDbCircle
 10
48.0
 20
378.00000000000006
 30
0.0
 40
4.4
  0
CIRCLE
  5
D4
330
17
100
AcDbEntity
  8
cut
 62
5
420
255
100
AcDbCircle
 10
348.0
 20
378.00000000000006
 30
0.0
 40
4.4
  0
LWPOLYLINE
  5
D5
330
17
100
AcDbEntity
  8
cut
 62
5
420
255
100
AcDbPolyline
 90
4
 70
1
 10
48.0
 20
348.00000000000006
 10
348.0
 20
348.00000000000006
 42
0.9999999999999999
 10
348.0
 20
408.00000000000006
 10
48.0
 20
408.0
 42
0.9999999999999999
  0
LWPOLYLINE
  5
D6
330
17
100
AcDbEntity
  8
line engraving
 62
1
420
16711680
100
AcDbPolyline
 90
7
 70
0
 10
179.91162175989086
 20
372.07031250000006
 10
179.91162175989086
 20
383.92968750000006
 10
181.48100699181447
 20
383.92968750000006
 10
181.48100699181447
 20
373.46981582537524
 10
187.32170873124147
 20
373.46981582537524
 10
187.32170873124147
 20
372.07031250000006
 10
179.91162175989086
 20
372.07031250000006
  0
LWPOLYLINE
  5
D7
330
17
100
AcDbEntity
  8
line engraving
 62
1
420
16711680
100
AcDbPolyline
 90
5
 70
0
 10
189.01243818212825
 20
382.2551372783084
 10
189.01243818212825
 20
383.92968750000006
 10
190.46856880968622
 20
383.92968750000006
 10
190.46856880968622
 20
382.2551372783084
 10
189.01243818212825
 20
382.2551372783084
  0
LWPOLYLINE
  5
D8
330
17
100
AcDbEntity
  8
line engraving
 62
1
420
16711680
100
AcDbPolyline
 90
5
 70
0
 10
189.01243818212825
 20
372.07031250000006
 10
189.01243818212825
 20
380.66148320259214
 10
190.46856880968622
 20
380.66148320259214
 10
190.46856880968622
 20
372.07031250000006
 10
189.01243818212825
 20
372.07031250000006
  0
LWPOLYLINE
  5
D9
330
17
100
AcDbEntity
  8
line engraving
 62
1
420
16711680
100
AcDbPolyline
 90
61
 70
0
 10
192.68512320941338
 20
372.07031250000006
 10
192.68512320941338
 20
380.66148320259214
 10
193.99564077421556
 20
380.66148320259214
 10
193.99564077421556
 20
379.43995139836295
 10
194.24540762491475
 20
379.77175199709035
 10
194.52146572305594
 20
380.0593125159874
 10
194.82381506863916
 20
380.3026329550542
 10
195.1524556616644
 20
380.50171331429067
 10
195.50738750213165
 20
380.65655359369674
 10
195.88861059004094
 20
380.76715379327254
 10
196.29612492539223
 20
380.83351391301807
 10
196.72993050818553
 20
380.8556339529332
 10
197.1103951947263
 20
380.83819072145724
 10
197.47518625298432
 20
380.7858610270294
 10
197.82430368295957
 20
380.6986448696496
 10
198.1577474846521
 20
380.5765422493179
 10
198.46287763525325
 20
380.42612597789486
 10
198.7270541119543
 20
380.2539688672408
 10
198.95027691475528
 20
380.060070917356
 10
199.1325460436562
 20
379.84443212824016
 10
199.28220391371076
 20
379.60730530034965
 10
199.4075929399727
 20
379.34894323414056
 10
199.508713122442
 20
379.06934592961295
 10
199.58556446111868
 20
378.76851338676676
 10
199.62095652498294
 20
378.5283529534022
 10
199.64623657060028
 20
378.2123523831856
 10
199.66140459797066
 20
377.820511676117
 10
199.66646060709414
 20
377.3528308321965
 10
199.66646060709414
 20
372.07031250000006
 10
198.21032997953614
 20
372.07031250000006
 10
198.21032997953614
 20
377.2962035300137
 10
198.19971236037685
 20
377.71307148224344
 10
198.16785950289903
 20
378.07381773320265
 10
198.11477140710264
 20
378.37844228289146
 10
198.04044807298772
 20
378.62694513130975
 10
197.93907509006223
 20
378.8362639090212
 10
197.80483804783424
 20
379.0233362465894
 10
197.6377369463037
 20
379.18816214401437
 10
197.43777178547066
 20
379.3307416012961
 10
197.21202097810794
 20
379.44576580885496
 10
196.9675629369884
 20
379.5279259571113
 10
196.70439766211206
 20
379.57722204606506
 10
196.42252515347886
 20
379.5936540757163
 10
196.1939303409842
 20
379.58442685906596
 10
195.97329874285896
 20
379.556745209115
 10
195.7606303591032
 20
379.51060912586337
 10
195.5559251897169
 20
379.4460186093111
 10
195.35918323470005
 20
379.3629736594582
 10
195.1704044940527
 20
379.2614742763046
 10
194.98958896777475
 20
379.1415204598504
 10
194.8167366558663
 20
379.00311221009554
 10
194.6584203701878
 20
378.838918313811
 10
194.52121292259974
 20
378.64160755776777
 10
194.4051143131022
 20
378.4111799419659
 10
194.31012454169507
 20
378.14763546640523
 10
194.23624360837846
 20
377.85097413108593
 10
194.18347151315228
 20
377.5211959360079
 10
194.15180825601658
 20
377.1583008811712
 10
194.14125383697134
 20
376.7622889665758
 10
194.14125383697134
 20
372.07031250000006
 10
192.68512320941338
 20
372.07031250000006
  0
LWPOLYLINE
  5
DA
330
17
100
AcDbEntity
  8
line engraving
 62
1
420
16711680
100
AcDbPolyline
 90
13
 70
0
 10
201.9072838506139
 20
372.07031250000006
 10
201.9072838506139
 20
383.92968750000006
 10
203.3634144781719
 20
383.92968750000006
 10
203.3634144781719
 20
377.166769696453
 10
206.8095902967258
 20
380.66148320259214
 10
208.6944704979536
 20
380.66148320259214
 10
205.4100869713506
 20
377.47417505115965
 10
209.02614469645295
 20
372.07031250000006
 10
207.2302502557981
 20
372.07031250000006
 10
204.39079553206003
 20
376.46297322646666
 10
203.3634144781719
 20
375.4760402455662
 10
203.3634144781719
 20
372.07031250000006
 10
201.9072838506139
 20
372.07031250000006
  0
LWPOLYLINE
  5
DB
330
17
100
AcDbEntity
  8
line engraving
 62
1
420
16711680
100
AcDbPolyline
 90
61
 70
0
 10
209.5681488744884
 20
375.4355921725785
 10
210.98383142905865
 20
375.62974292291955
 10
211.0041818657806
 20
375.3033775339999
 10
211.03691952485505
 20
375.0038089934346
 10
211.08204440628197
 20
374.73103730122364
 10
211.1395565100614
 20
374.48506245736706
 10
211.20945583619329
 20
374.26588446186486
 10
211.2917423846777
 20
374.07350331471696
 10
211.38641615551458
 20
373.9079190159235
 10
211.49347714870396
 20
373.7691315654844
 10
211.7417271966661
 20
373.549700769526
 10
212.03345892309005
 20
373.39296448669853
 10
212.3686723279758
 20
373.2989227170021
 10
212.74736741132332
 20
373.2675754604366
 10
213.03252632588675
 20
373.28451309100024
 10
213.29746120395635
 20
373.3353259826911
 10
213.54217204553206
 20
373.4200141355091
 10
213.7666588506139
 20
373.5385775494544
 10
213.9643488073414
 20
373.68621301585955
 10
214.128669103854
 20
373.85811732605737
 10
214.25961974015178
 20
374.05429048004777
 10
214.35720071623464
 20
374.27473247783087
 10
214.42798484396315
 20
374.541942560006
 10
214.47854493519782
 20
374.87841996717265
 10
214.5088809899386
 20
375.2841646993307
 10
214.51899300818553
 20
375.75917675648026
 10
214.51899300818553
 20
383.92968750000006
 10
216.08837824010914
 20
383.92968750000006
 10
216.08837824010914
 20
375.84816251705325
 10
216.08275342995927
 20
375.4865314644974
 10
216.06587899950972
 20
375.1458828498039
 10
216.03775494876044
 20
374.82621667297286
 10
215.99838127771147
 20
374.5275329340041
 10
215.94775798636277
 20
374.2498316328978
 10
215.88588507471437
 20
373.99311276965386
 10
215.81276254276625
 20
373.7573763442723
 10
215.72839039051843
 20
373.5426223567531
 10
215.52210521828104
 20
373.15836566336975
 10
215.26323755115962
 20
372.8226466575717
 10
214.95178738915416
 20
372.53546533935884
 10
214.58775473226467
 20
372.2968217087313
 10
214.18049319736954
 20
372.1092437702507
 10
213.7393564013472
 20
371.9752595284789
 10
213.26434434419764
 20
371.8948689834158
 10
212.75545702592086
 20
371.8680721350614
 10
212.37657234223119
 20
371.88210256037905
 10
212.0205660998252
 20
371.9241938363319
 10
211.6874382987029
 20
371.99434596291997
 10
211.37718893886426
 20
372.0925589401433
 10
211.0898180203093
 20
372.21883276800185
 10
210.82532554303802
 20
372.37316744649564
 10
210.58371150705042
 20
372.55556297562464
 10
210.36497591234652
 20
372.7660193553889
 10
210.17114116257568
 20
373.0041573851041
 10
210.00422966138728
 20
373.269597864086
 10
209.86424140878134
 20
373.5623407923346
 10
209.75117640475784
 20
373.88238616985
 10
209.6650346493168
 20
374.22973399663204
 10
209.60581614245822
 20
374.6043842726808
 10
209.57352088418207
 20
375.0063369979963
 10
209.5681488744884
 20
375.4355921725785
  0
CIRCLE
  5
DC
330
17
100
AcDbEntity
  8
cut
 62
5
420
255
100
AcDbCircle
 10
414.0
 20
312.00000000000006
 30
0.0
 40
4.4
  0
CIRCLE
  5
DD
330
17
100
AcDbEntity
  8
cut
 62
5
420
255
100
AcDbCircle
 10
714.0
 20
312.00000000000006
 30
0.0
 40
4.4
  0
LWPOLYLINE
  5
DE
330
17
100
AcDbEntity
  8
cut
 62
5
420
255
100
AcDbPolyline
 90
4
 70
1
 10
414.0
 20
282.00000000000006
 10
714.0
 20
282.00000000000006
 42
0.9999999999999999
 10
714.0
 20
342.00000000000006
 10
414.0
 20
342.0
 42
0.9999999999999999
  0
LWPOLYLINE
  5
DF
330
17
100
AcDbEntity
  8
line engraving
 62
1
420
16711680
100
AcDbPolyline
 90
7
 70
0
 10
545.9116217598909
 20
306.07031250000006
 10
545.9116217598909
 20
317.92968750000006
 10
547.4810069918144
 20
317.92968750000006
 10
547.4810069918144
 20
307.46981582537524
 10
553.3217087312414
 20
307.46981582537524
 10
553.3217087312414
 20
306.07031250000006
 10
545.9116217598909
 20
306.07031250000006
  0
LWPOLYLINE
  5
E0
330
17
100
AcDbEntity
  8
line engraving
 62
1
420
16711680
100
AcDbPolyline
 90
5
 70
0
 10
555.0124381821282
 20
316.2551372783084
 10
555.0124381821282
 20
317.92968750000006
 10
556.4685688096862
 20
317.92968750000006
 10
556.4685688096862
 20
316.2551372783084
 10
555.0124381821282
 20
316.2551372783084
  0
LWPOLYLINE
  5
E1
330
17
100
AcDbEntity
  8
line engraving
 62
1
420
16711680
100
AcDbPolyline
 90
5
 70
0
 10
555.0124381821282
 20
306.07031250000006
 10
555.0124381821282
 20
314.66148320259214
 10
556.4685688096862
 20
314.66148320259214
 10
556.4685688096862
 20
306.07031250000006
 10
555.0124381821282
 20
306.07031250000006
  0
LWPOLYLINE
  5
E2
330
17
100
AcDbEntity
  8
line engraving
 62
1
420
16711680
100
AcDbPolyline
 90
61
 70
0
 10
558.6851232094134
 20
306.07031250000006
 10
558.6851232094134
 20
314.66148320259214
 10
559.9956407742155
 20
314.66148320259214
 10
559.9956407742155
 20
313.43995139836295
 10
560.2454076249147
 20
313.77175199709035
 10
560.5214657230559
 20
314.0593125159874
 10
560.8238150686392
 20
314.3026329550542
 10
561.1524556616644
 20
314.50171331429067
 10
561.5073875021317
 20
314.65655359369674
 10
561.8886105900409
 20
314.76715379327254
 10
562.2961249253923
 20
314.83351391301807
 10
562.7299305081856
 20
314.8556339529332
 10
563.1103951947263
 20
314.83819072145724
 10
563.4751862529843
 20
314.7858610270294
 10
563.8243036829596
 20
314.6986448696496
 10
564.1577474846521
 20
314.5765422493179
 10
564.4628776352532
 20
314.42612597789486
 10
564.7270541119543
 20
314.2539688672408
 10
564.9502769147552
 20
314.060070917356
 10
565.1325460436562
 20
313.84443212824016
 10
565.2822039137108
 20
313.60730530034965
 10
565.4075929399727
 20
313.34894323414056
 10
565.508713122442
 20
313.06934592961295
 10
565.5855644611187
 20
312.76851338676676
 10
565.620956524983
 20
312.5283529534022
 10
565.6462365706002
 20
312.2123523831856
 10
565.6614045979707
 20
311.820511676117
 10
565.6664606070941
 20
311.3528308321965
 10
565.6664606070941
 20
306.07031250000006
 10
564.2103299795361
 20
306.07031250000006
 10
564.2103299795361
 20
311.2962035300137
 10
564.1997123603769
 20
311.71307148224344
 10
564.1678595028991
 20
312.07381773320265
 10
564.1147714071027
 20
312.37844228289146
 10
564.0404480729877
 20
312.62694513130975
 10
563.9390750900623
 20
312.8362639090212
 10
563.8048380478342
 20
313.0233362465894
 10
563.6377369463037
 20
313.18816214401437
 10
563.4377717854707
 20
313.3307416012961
 10
563.212020978108
 20
313.44576580885496
 10
562.9675629369884
 20
313.5279259571113
 10
562.704397662112
 20
313.57722204606506
 10
562.4225251534789
 20
313.5936540757163
 10
562.1939303409843
 20
313.58442685906596
 10
561.973298742859
 20
313.556745209115
 10
561.7606303591032
 20
313.51060912586337
 10
561.5559251897168
 20
313.4460186093111
 10
561.3591832347
 20
313.3629736594582
 10
561.1704044940527
 20
313.2614742763046
 10
560.9895889677748
 20
313.1415204598504
 10
560.8167366558663
 20
313.00311221009554
 10
560.6584203701877
 20
312.838918313811
 10
560.5212129225997
 20
312.64160755776777
 10
560.4051143131022
 20
312.4111799419659
 10
560.3101245416951
 20
312.14763546640523
 10
560.2362436083785
 20
311.85097413108593
 10
560.1834715131523
 20
311.5211959360079
 10
560.1518082560166
 20
311.1583008811712
 10
560.1412538369714
 20
310.7622889665758
 10
560.1412538369714
 20
306.07031250000006
 10
558.6851232094134
 20
306.07031250000006
  0
LWPOLYLINE
  5
E3
330
17
100
AcDbEntity
  8
line engraving
 62
1
420
16711680
100
AcDbPolyline
 90
13
 70
0
 10
567.9072838506139
 20
306.07031250000006
 10
567.9072838506139
 20
317.92968750000006
 10
569.3634144781719
 20
317.92968750000006
 10
569.3634144781719
 20
311.166769696453
 10
572.8095902967258
 20
314.66148320259214
 10
574.6944704979536
 20
314.66148320259214
 10
571.4100869713507
 20
311.47417505115965
 10
575.0261446964529
 20
306.07031250000006
 10
573.2302502557981
 20
306.07031250000006
 10
570.39079553206
 20
310.46297322646666
 10
569.3634144781719
 20
309.4760402455662
 10
569.3634144781719
 20
306.07031250000006
 10
567.9072838506139
 20
306.07031250000006
  0
LWPOLYLINE
  5
E4
330
17
100
AcDbEntity
  8
line engraving
 62
1
420
16711680
100
AcDbPolyline
 90
61
 70
0
 10
575.5681488744884
 20
309.4355921725785
 10
576.9838314290587
 20
309.62974292291955
 10
577.0041818657807
 20
309.3033775339999
 10
577.0369195248551
 20
309.0038089934346
 10
577.082044406282
 20
308.73103730122364
 10
577.1395565100613
 20
308.48506245736706
 10
577.2094558361932
 20
308.26588446186486
 10
577.2917423846777
 20
308.07350331471696
 10
577.3864161555146
 20
307.9079190159235
 10
577.493477148704
 20
307.7691315654844
 10
577.741727196666
 20
307.549700769526
 10
578.03345892309
 20
307.39296448669853
 10
578.3686723279758
 20
307.2989227170021
 10
578.7473674113234
 20
307.2675754604366
 10
579.0325263258868
 20
307.28451309100024
 10
579.2974612039563
 20
307.3353259826911
 10
579.5421720455321
 20
307.4200141355091
 10
579.7666588506139
 20
307.5385775494544
 10
579.9643488073414
 20
307.68621301585955
 10
580.128669103854
 20
307.85811732605737
 10
580.2596197401517
 20
308.05429048004777
 10
580.3572007162346
 20
308.27473247783087
 10
580.4279848439631
 20
308.541942560006
 10
580.4785449351979
 20
308.87841996717265
 10
580.5088809899387
 20
309.2841646993307
 10
580.5189930081856
 20
309.75917675648026
 10
580.5189930081856
 20
317.92968750000006
 10
582.0883782401091
 20
317.92968750000006
 10
582.0883782401091
 20
309.84816251705325
 10
582.0827534299593
 20
309.4865314644974
 10
582.0658789995097
 20
309.1458828498039
 10
582.0377549487604
 20
308.82621667297286
 10
581.9983812777115
 20
308.5275329340041
 10
581.9477579863627
 20
308.2498316328978
 10
581.8858850747143
 20
307.99311276965386
 10
581.8127625427662
 20
307.7573763442723
 10
581.7283903905184
 20
307.5426223567531
 10
581.522105218281
 20
307.15836566336975
 10
581.2632375511596
 20
306.8226466575717
 10
580.9517873891542
 20
306.53546533935884
 10
580.5877547322647
 20
306.2968217087313
 10
580.1804931973695
 20
306.1092437702507
 10
579.7393564013472
 20
305.9752595284789
 10
579.2643443441976
 20
305.8948689834158
 10
578.7554570259209
 20
305.8680721350614
 10
578.3765723422313
 20
305.88210256037905
 10
578.0205660998253
 20
305.9241938363319
 10
577.6874382987029
 20
305.99434596291997
 10
577.3771889388643
 20
306.0925589401433
 10
577.0898180203093
 20
306.21883276800185
 10
576.825325543038
 20
306.37316744649564
 10
576.5837115070505
 20
306.55556297562464
 10
576.3649759123465
 20
306.7660193553889
 10
576.1711411625756
 20
307.0041573851041
 10
576.0042296613873
 20
307.269597864086
 10
575.8642414087814
 20
307.5623407923346
 10
575.7511764047579
 20
307.88238616985
 10
575.6650346493168
 20
308.22973399663204
 10
575.6058161424583
 20
308.6043842726808
 10
575.5735208841821
 20
309.0063369979963
 10
575.5681488744884
 20
309.4355921725785
  0
CIRCLE
  5
E5
330
17
100
AcDbEntity
  8
cut
 62
5
420
255
100
AcDbCircle
 10
780.0
 20
612.0
 30
0.0
 40
4.4
  0
CIRCLE
  5
E6
330
17
100
AcDbEntity
  8
cut
 62
5
420
255
100
AcDbCircle
 10
780.0
 20
312.0
 30
0.0
 40
4.4
  0
LWPOLYLINE
  5
E7
330
17
100
AcDbEntity
  8
cut
 62
5
420
255
100
AcDbPolyline
 90
4
 70
1
 10
750.0
 20
612.0
 10
750.0
 20
312.0
 42
0.9999999999999999
 10
810.0
 20
312.0
 10
810.0
 20
612.0
 42
0.9999999999999999
  0
LWPOLYLINE
  5
E8
330
17
100
AcDbEntity
  8
line engraving
 62
1
420
16711680
100
AcDbPolyline
 90
7
 70
0
 10
785.9296875
 20
443.91162175989086
 10
774.0703125
 20
443.91162175989086
 10
774.0703125
 20
445.48100699181447
 10
784.5301841746249
 20
445.48100699181447
 10
784.5301841746249
 20
451.3217087312415
 10
785.9296875
 20
451.3217087312415
 10
785.9296875
 20
443.91162175989086
  0
LWPOLYLINE
  5
E9
330
17
100
AcDbEntity
  8
line engraving
 62
1
420
16711680
100
AcDbPolyline
 90
5
 70
0
 10
775.7448627216917
 20
453.0124381821282
 10
774.0703125
 20
453.0124381821282
 10
774.0703125
 20
454.4685688096862
 10
775.7448627216917
 20
454.4685688096862
 10
775.7448627216917
 20
453.0124381821282
  0
LWPOLYLINE
  5
EA
330
17
100
AcDbEntity
  8
line engraving
 62
1
420
16711680
100
AcDbPolyline
 90
5
 70
0
 10
785.9296875
 20
453.0124381821282
 10
777.3385167974079
 20
453.0124381821282
 10
777.3385167974079
 20
454.4685688096862
 10
785.9296875
 20
454.4685688096862
 10
785.9296875
 20
453.0124381821282
  0
LWPOLYLINE
  5
EB
330
17
100
AcDbEntity
  8
line engraving
 62
1
420
16711680
100
AcDbPolyline
 90
61
 70
0
 10
785.9296875
 20
456.68512320941335
 10
777.3385167974079
 20
456.68512320941335
 10
777.3385167974079
 20
457.99564077421553
 10
778.5600486016372
 20
457.99564077421553
 10
778.2282480029097
 20
458.2454076249147
 10
777.9406874840126
 20
458.52146572305594
 10
777.6973670449458
 20
458.82381506863914
 10
777.4982866857094
 20
459.15245566166436
 10
777.3434464063032
 20
459.5073875021316
 10
777.2328462067275
 20
459.8886105900409
 10
777.166486086982
 20
460.29612492539223
 10
777.1443660470668
 20
460.72993050818553
 10
777.1618092785427
 20
461.11039519472627
 10
777.2141389729707
 20
461.4751862529843
 10
777.3013551303504
 20
461.82430368295957
 10
777.4234577506821
 20
462.15774748465213
 10
777.5738740221052
 20
462.4628776352532
 10
777.7460311327592
 20
462.7270541119543
 10
777.9399290826441
 20
462.95027691475525
 10
778.1555678717599
 20
463.1325460436562
 10
778.3926946996504
 20
463.28220391371076
 10
778.6510567658595
 20
463.4075929399727
 10
778.930654070387
 20
463.50871312244203
 10
779.2314866132333
 20
463.5855644611187
 10
779.4716470465979
 20
463.62095652498294
 10
779.7876476168144
 20
463.64623657060025
 10
780.179488323883
 20
463.66140459797066
 10
780.6471691678036
 20
463.6664606070941
 10
785.9296875
 20
463.6664606070941
 10
785.9296875
 20
462.21032997953614
 10
780.7037964699864
 20
462.21032997953614
 10
780.2869285177567
 20
462.19971236037685
 10
779.9261822667975
 20
462.16785950289903
 10
779.6215577171087
 20
462.11477140710264
 10
779.3730548686904
 20
462.0404480729877
 10
779.1637360909789
 20
461.93907509006226
 10
778.9766637534107
 20
461.8048380478342
 10
778.8118378559857
 20
461.63773694630373
 10
778.669258398704
 20
461.43777178547066
 10
778.5542341911452
 20
461.21202097810794
 10
778.4720740428888
 20
460.9675629369884
 10
778.422777953935
 20
460.704397662112
 10
778.4063459242838
 20
460.42252515347883
 10
778.415573140934
 20
460.1939303409842
 10
778.443254790885
 20
459.97329874285896
 10
778.4893908741367
 20
459.76063035910323
 10
778.5539813906889
 20
459.5559251897169
 10
778.6370263405419
 20
459.3591832347001
 10
778.7385257236954
 20
459.1704044940527
 10
778.8584795401496
 20
458.98958896777475
 10
778.9968877899045
 20
458.8167366558663
 10
779.161081686189
 20
458.6584203701878
 10
779.3583924422322
 20
458.5212129225998
 10
779.5888200580342
 20
458.4051143131022
 10
779.8523645335948
 20
458.31012454169513
 10
780.1490258689141
 20
458.23624360837846
 10
780.4788040639921
 20
458.1834715131523
 10
780.8416991188288
 20
458.1518082560166
 10
781.2377110334243
 20
458.1412538369714
 10
785.9296875
 20
458.1412538369714
 10
785.9296875
 20
456.68512320941335
  0
LWPOLYLINE
  5
EC
330
17
100
AcDbEntity
  8
line engraving
 62
1
420
16711680
100
AcDbPolyline
 90
13
 70
0
 10
785.9296875
 20
465.9072838506139
 10
774.0703125
 20
465.9072838506139
 10
774.0703125
 20
467.3634144781719
 10
780.8332303035471
 20
467.3634144781719
 10
777.3385167974079
 20
470.8095902967258
 10
777.3385167974079
 20
472.6944704979536
 10
780.5258249488404
 20
469.4100869713506
 10
785.9296875
 20
473.02614469645295
 10
785.9296875
 20
471.23025025579807
 10
781.5370267735334
 20
468.39079553206
 10
782.5239597544338
 20
467.3634144781719
 10
785.9296875
 20
467.3634144781719
 10
785.9296875
 20
465.9072838506139
  0
LWPOLYLINE
  5
ED
330
17
100
AcDbEntity
  8
line engraving
 62
1
420
16711680
100
AcDbPolyline
 90
61
 70
0
 10
782.5644078274215
 20
473.56814887448843
 10
782.3702570770805
 20
474.9838314290587
 10
782.6966224660002
 20
475.00418186578065
 10
782.9961910065655
 20
475.0369195248551
 10
783.2689626987765
 20
475.08204440628197
 10
783.514937542633
 20
475.1395565100614
 10
783.7341155381353
 20
475.2094558361933
 10
783.9264966852832
 20
475.2917423846777
 10
784.0920809840766
 20
475.3864161555146
 10
784.2308684345157
 20
475.49347714870396
 10
784.4502992304741
 20
475.7417271966661
 10
784.6070355133015
 20
476.03345892309005
 10
784.701077282998
 20
476.3686723279758
 10
784.7324245395635
 20
476.74736741132335
 10
784.7154869089999
 20
477.0325263258868
 10
784.664674017309
 20
477.29746120395635
 10
784.5799858644909
 20
477.5421720455321
 10
784.4614224505457
 20
477.7666588506139
 10
784.3137869841405
 20
477.9643488073414
 10
784.1418826739426
 20
478.128669103854
 10
783.9457095199522
 20
478.2596197401518
 10
783.7252675221691
 20
478.3572007162347
 10
783.458057439994
 20
478.42798484396315
 10
783.1215800328274
 20
478.4785449351978
 10
782.7158353006694
 20
478.5088809899386
 10
782.2408232435198
 20
478.51899300818553
 10
774.0703125
 20
478.51899300818553
 10
774.0703125
 20
480.08837824010914
 10
782.1518374829468
 20
480.08837824010914
 10
782.5134685355026
 20
480.08275342995927
 10
782.8541171501961
 20
480.0658789995097
 10
783.1737833270272
 20
480.03775494876044
 10
783.4724670659959
 20
479.9983812777115
 10
783.7501683671022
 20
479.9477579863628
 10
784.0068872303461
 20
479.88588507471434
 10
784.2426236557277
 20
479.8127625427662
 10
784.4573776432469
 20
479.7283903905184
 10
784.8416343366302
 20
479.52210521828107
 10
785.1773533424283
 20
479.26323755115965
 10
785.4645346606412
 20
478.95178738915416
 10
785.7031782912687
 20
478.58775473226467
 10
785.8907562297493
 20
478.1804931973695
 10
786.0247404715211
 20
477.7393564013472
 10
786.1051310165842
 20
477.26434434419764
 10
786.1319278649386
 20
476.75545702592086
 10
786.117897439621
 20
476.3765723422312
 10
786.0758061636681
 20
476.0205660998252
 10
786.00565403708
 20
475.6874382987029
 10
785.9074410598568
 20
475.37718893886426
 10
785.7811672319982
 20
475.0898180203093
 10
785.6268325535044
 20
474.825325543038
 10
785.4444370243754
 20
474.5837115070504
 10
785.2339806446112
 20
474.3649759123465
 10
784.995842614896
 20
474.1711411625757
 10
784.730402135914
 20
474.0042296613873
 10
784.4376592076654
 20
473.8642414087813
 10
784.11761383015
 20
473.75117640475787
 10
783.770266003368
 20
473.6650346493168
 10
783.3956157273192
 20
473.60581614245825
 10
782.9936630020037
 20
473.57352088418213
 10
782.5644078274215
 20
473.56814887448843
  0
CIRCLE
  5
EE
330
17
100
AcDbEntity
  8
cut
 62
5
420
255
100
AcDbCircle
 10
414.0
 20
378.00000000000006
 30
0.0
 40
4.4
  0
CIRCLE
  5
EF
330
17
100
AcDbEntity
  8
cut
 62
5
420
255
100
AcDbCircle
 10
714.0
 20
378.00000000000006
 30
0.0
 40
4.4
  0
LWPOLYLINE
  5
F0
330
17
100
AcDbEntity
  8
cut
 62
5
420
255
100
AcDbPolyline
 90
4
 70
1
 10
414.0
 20
348.00000000000006
 10
714.0
 20
348.00000000000006
 42
0.9999999999999999
 10
714.0
 20
408.00000000000006
 10
414.0
 20
408.0
 42
0.9999999999999999
  0
LWPOLYLINE
  5
F1
330
17
100
AcDbEntity
  8
line engraving
 62
1
420
16711680
100
AcDbPolyline
 90
7
 70
0
 10
545.9116217598909
 20
372.07031250000006
 10
545.9116217598909
 20
383.92968750000006
 10
547.4810069918144
 20
383.92968750000006
 10
547.4810069918144
 20
373.46981582537524
 10
553.3217087312414
 20
373.46981582537524
 10
553.3217087312414
 20
372.07031250000006
 10
545.9116217598909
 20
372.07031250000006
  0
LWPOLYLINE
  5
F2
330
17
100
AcDbEntity
  8
line engraving
 62
1
420
16711680
100
AcDbPolyline
 90
5
 70
0
 10
555.0124381821282
 20
382.2551372783084
 10
555.0124381821282
 20
383.92968750000006
 10
556.4685688096862
 20
383.92968750000006
 10
556.4685688096862
 20
382.2551372783084
 10
555.0124381821282
 20
382.2551372783084
  0
LWPOLYLINE
  5
F3
330
17
100
AcDbEntity
  8
line engraving
 62
1
420
16711680
100
AcDbPolyline
 90
5
 70
0
 10
555.0124381821282
 20
372.07031250000006
 10
555.0124381821282
 20
380.66148320259214
 10
556.4685688096862
 20
380.66148320259214
 10
556.4685688096862
 20
372.07031250000006
 10
555.0124381821282
 20
372.07031250000006
  0
LWPOLYLINE
  5
F4
330
17
100
AcDbEntity
  8
line engraving
 62
1
420
16711680
100
AcDbPolyline
 90
61
 70
0
 10
558.6851232094134
 20
372.07031250000006
 10
558.6851232094134
 20
380.66148320259214
 10
559.9956407742155
 20
380.66148320259214
 10
559.9956407742155
 20
379.43995139836295
 10
560.2454076249147
 20
379.77175199709035
 10
560.5214657230559
 20
380.0593125159874
 10
560.8238150686392
 20
380.3026329550542
 10
561.1524556616644
 20
380.50171331429067
 10
561.5073875021317
 20
380.65655359369674
 10
561.8886105900409
 20
380.76715379327254
 10
562.2961249253923
 20
380.83351391301807
 10
562.7299305081856
 20
380.8556339529332
 10
563.1103951947263
 20
380.83819072145724
 10
563.4751862529843
 20
380.7858610270294
 10
563.8243036829596
 20
380.6986448696496
 10
564.1577474846521
 20
380.5765422493179
 10
564.4628776352532
 20
380.42612597789486
 10
564.7270541119543
 20
380.2539688672408
 10
564.9502769147552
 20
380.060070917356
 10
565.1325460436562
 20
379.84443212824016
 10
565.2822039137108
 20
379.60730530034965
 10
565.4075929399727
 20
379.34894323414056
 10
565.508713122442
 20
379.06934592961295
 10
565.5855644611187
 20
378.76851338676676
 10
565.620956524983
 20
378.5283529534022
 10
565.6462365706002
 20
378.2123523831856
 10
565.6614045979707
 20
377.820511676117
 10
565.6664606070941
 20
377.3528308321965
 10
565.6664606070941
 20
372.07031250000006
 10
564.2103299795361
 20
372.07031250000006
 10
564.2103299795361
 20
377.2962035300137
 10
564.1997123603769
 20
377.71307148224344
 10
564.1678595028991
 20
378.07381773320265
 10
564.1147714071027
 20
378.37844228289146
 10
564.0404480729877
 20
378.62694513130975
 10
563.9390750900623
 20
378.8362639090212
 10
563.8048380478342
 20
379.0233362465894
 10
563.6377369463037
 20
379.18816214401437
 10
563.4377717854707
 20
379.3307416012961
 10
563.212020978108
 20
379.44576580885496
 10
562.9675629369884
 20
379.5279259571113
 10
562.704397662112
 20
379.57722204606506
 10
562.4225251534789
 20
379.5936540757163
 10
562.1939303409843
 20
379.58442685906596
 10
561.973298742859
 20
379.556745209115
 10
561.7606303591032
 20
379.51060912586337
 10
561.5559251897168
 20
379.4460186093111
 10
561.3591832347
 20
379.3629736594582
 10
561.1704044940527
 20
379.2614742763046
 10
560.9895889677748
 20
379.1415204598504
 10
560.8167366558663
 20
379.00311221009554
 10
560.6584203701877
 20
378.838918313811
 10
560.5212129225997
 20
378.64160755776777
 10
560.4051143131022
 20
378.4111799419659
 10
560.3101245416951
 20
378.14763546640523
 10
560.2362436083785
 20
377.85097413108593
 10
560.1834715131523
 20
377.5211959360079
 10
560.1518082560166
 20
377.1583008811712
 10
560.1412538369714
 20
376.7622889665758
 10
560.1412538369714
 20
372.07031250000006
 10
558.6851232094134
 20
372.07031250000006
  0
LWPOLYLINE
  5
F5
330
17
100
AcDbEntity
  8
line engraving
 62
1
420
16711680
100
AcDbPolyline
 90
13
 70
0
 10
567.9072838506139
 20
372.07031250000006
 10
567.9072838506139
 20
383.92968750000006
 10
569.3634144781719
 20
383.92968750000006
 10
569.3634144781719
 20
377.166769696453
 10
572.8095902967258
 20
380.66148320259214
 10
574.6944704979536
 20
380.66148320259214
 10
571.4100869713507
 20
377.47417505115965
 10
575.0261446964529
 20
372.07031250000006
 10
573.2302502557981
 20
372.07031250000006
 10
570.39079553206
 20
376.46297322646666
 10
569.3634144781719
 20
375.4760402455662
 10
569.3634144781719
 20
372.07031250000006
 10
567.9072838506139
 20
372.07031250000006
  0
LWPOLYLINE
  5
F6
330
17
100
AcDbEntity
  8
line engraving
 62
1
420
16711680
100
AcDbPolyline
 90
61
 70
0
 10
575.5681488744884
 20
375.4355921725785
 10
576.9838314290587
 20
375.62974292291955
 10
577.0041818657807
 20
375.3033775339999
 10
577.0369195248551
 20
375.0038089934346
 10
577.082044406282
 20
374.73103730122364
 10
577.1395565100613
 20
374.48506245736706
 10
577.2094558361932
 20
374.26588446186486
 10
577.2917423846777
 20
374.07350331471696
 10
577.3864161555146
 20
373.9079190159235
 10
577.493477148704
 20
373.7691315654844
 10
577.741727196666
 20
373.549700769526
 10
578.03345892309
 20
373.39296448669853
 10
578.3686723279758
 20
373.2989227170021
 10
578.7473674113234
 20
373.2675754604366
 10
579.0325263258868
 20
373.28451309100024
 10
579.2974612039563
 20
373.3353259826911
 10
579.5421720455321
 20
373.4200141355091
 10
579.7666588506139
 20
373.5385775494544
 10
579.9643488073414
 20
373.68621301585955
 10
580.128669103854
 20
373.85811732605737
 10
580.2596197401517
 20
374.05429048004777
 10
580.3572007162346
 20
374.27473247783087
 10
580.4279848439631
 20
374.541942560006
 10
580.4785449351979
 20
374.87841996717265
 10
580.5088809899387
 20
375.2841646993307
 10
580.5189930081856
 20
375.75917675648026
 10
580.5189930081856
 20
383.92968750000006
 10
582.0883782401091
 20
383.92968750000006
 10
582.0883782401091
 20
375.84816251705325
 10
582.0827534299593
 20
375.4865314644974
 10
582.0658789995097
 20
375.1458828498039
 10
582.0377549487604
 20
374.82621667297286
 10
581.9983812777115
 20
374.5275329340041
 10
581.9477579863627
 20
374.2498316328978
 10
581.8858850747143
 20
373.99311276965386
 10
581.8127625427662
 20
373.7573763442723
 10
581.7283903905184
 20
373.5426223567531
 10
581.522105218281
 20
373.15836566336975
 10
581.2632375511596
 20
372.8226466575717
 10
580.9517873891542
 20
372.53546533935884
 10
580.5877547322647
 20
372.2968217087313
 10
580.1804931973695
 20
372.1092437702507
 10
579.7393564013472
 20
371.9752595284789
 10
579.2643443441976
 20
371.8948689834158
 10
578.7554570259209
 20
371.8680721350614
 10
578.3765723422313
 20
371.88210256037905
 10
578.0205660998253
 20
371.9241938363319
 10
577.6874382987029
 20
371.99434596291997
 10
577.3771889388643
 20
372.0925589401433
 10
577.0898180203093
 20
372.21883276800185
 10
576.825325543038
 20
372.37316744649564
 10
576.5837115070505
 20
372.55556297562464
 10
576.3649759123465
 20
372.7660193553889
 10
576.1711411625756
 20
373.0041573851041
 10
576.0042296613873
 20
373.269597864086
 10
575.8642414087814
 20
373.5623407923346
 10
575.7511764047579
 20
373.88238616985
 10
575.6650346493168
 20
374.22973399663204
 10
575.6058161424583
 20
374.6043842726808
 10
575.5735208841821
 20
375.0063369979963
 10
575.5681488744884
 20
375.4355921725785
  0
CIRCLE
  5
F7
330
17
100
AcDbEntity
  8
cut
 62
5
420
255
100
AcDbCircle
 10
846.0
 20
448.80000000000007
 30
0.0
 40
4.4
  0
CIRCLE
  5
F8
330
17
100
AcDbEntity
  8
cut
 62
5
420
255
100
AcDbCircle
 10
1146.0
 20
448.80000000000007
 30
0.0
 40
4.4
  0
LWPOLYLINE
  5
F9
330
17
100
AcDbEntity
  8
cut
 62
5
420
255
100
AcDbPolyline
 90
4
 70
1
 10
846.0
 20
418.80000000000007
 10
1146.0
 20
418.80000000000007
 42
0.9999999999999999
 10
1146.0
 20
478.80000000000007
 10
846.0
 20
478.8
 42
0.9999999999999999
  0
LWPOLYLINE
  5
FA
330
17
100
AcDbEntity
  8
line engraving
 62
1
420
16711680
100
AcDbPolyline
 90
7
 70
0
 10
977.9116217598909
 20
442.87031250000007
 10
977.9116217598909
 20
454.72968750000007
 10
979.4810069918144
 20
454.72968750000007
 10
979.4810069918144
 20
444.26981582537525
 10
985.3217087312414
 20
444.26981582537525
 10
985.3217087312414
 20
442.87031250000007
 10
977.9116217598909
 20
442.87031250000007
  0
LWPOLYLINE
  5
FB
330
17
100
AcDbEntity
  8
line engraving
 62
1
420
16711680
100
AcDbPolyline
 90
5
 70
0
 10
987.0124381821282
 20
453.0551372783084
 10
987.0124381821282
 20
454.72968750000007
 10
988.4685688096862
 20
454.72968750000007
 10
988.4685688096862
 20
453.0551372783084
 10
987.0124381821282
 20
453.0551372783084
  0
LWPOLYLINE
  5
FC
330
17
100
AcDbEntity
  8
line engraving
 62
1
420
16711680
100
AcDbPolyline
 90
5
 70
0
 10
987.0124381821282
 20
442.87031250000007
 10
987.0124381821282
 20
451.46148320259215
 10
988.4685688096862
 20
451.46148320259215
 10
988.4685688096862
 20
442.87031250000007
 10
987.0124381821282
 20
442.87031250000007
  0
LWPOLYLINE
  5
FD
330
17
100
AcDbEntity
  8
line engraving
 62
1
420
16711680
100
AcDbPolyline
 90
61
 70
0
 10
990.6851232094134
 20
442.87031250000007
 10
990.6851232094134
 20
451.46148320259215
 10
991.9956407742155
 20
451.46148320259215
 10
991.9956407742155
 20
450.23995139836296
 10
992.2454076249147
 20
450.57175199709036
 10
992.5214657230559
 20
450.8593125159874
 10
992.8238150686392
 20
451.1026329550542
 10
993.1524556616644
 20
451.3017133142906
 10
993.5073875021317
 20
451.45655359369675
 10
993.8886105900409
 20
451.56715379327255
 10
994.2961249253923
 20
451.6335139130181
 10
994.7299305081856
 20
451.6556339529332
 10
995.1103951947263
 20
451.63819072145725
 10
995.4751862529843
 20
451.5858610270294
 10
995.8243036829596
 20
451.49864486964964
 10
996.1577474846521
 20
451.37654224931794
 10
996.4628776352532
 20
451.22612597789487
 10
996.7270541119543
 20
451.0539688672409
 10
996.9502769147552
 20
450.860070917356
 10
997.1325460436562
 20
450.64443212824017
 10
997.2822039137108
 20
450.40730530034966
 10
997.4075929399727
 20
450.1489432341406
 10
997.508713122442
 20
449.86934592961296
 10
997.5855644611187
 20
449.56851338676677
 10
997.620956524983
 20
449.32835295340215
 10
997.6462365706002
 20
449.0123523831856
 10
997.6614045979707
 20
448.6205116761171
 10
997.6664606070941
 20
448.1528308321965
 10
997.6664606070941
 20
442.87031250000007
 10
996.2103299795361
 20
442.87031250000007
 10
996.2103299795361
 20
448.0962035300137
 10
996.1997123603769
 20
448.5130714822434
 10
996.1678595028991
 20
448.87381773320266
 10
996.1147714071027
 20
449.1784422828914
 10
996.0404480729877
 20
449.42694513130976
 10
995.9390750900623
 20
449.63626390902124
 10
995.8048380478342
 20
449.8233362465894
 10
995.6377369463037
 20
449.9881621440144
 10
995.4377717854707
 20
450.1307416012961
 10
995.212020978108
 20
450.24576580885497
 10
994.9675629369884
 20
450.32792595711123
 10
994.704397662112
 20
450.37722204606507
 10
994.4225251534789
 20
450.3936540757163
 10
994.1939303409843
 20
450.38442685906597
 10
993.973298742859
 20
450.356745209115
 10
993.7606303591032
 20
450.3106091258634
 10
993.5559251897168
 20
450.24601860931114
 10
993.3591832347
 20
450.1629736594582
 10
993.1704044940527
 20
450.06147427630464
 10
992.9895889677748
 20
449.94152045985044
 10
992.8167366558663
 20
449.80311221009555
 10
992.6584203701877
 20
449.638918313811
 10
992.5212129225997
 20
449.4416075577678
 10
992.4051143131022
 20
449.2111799419659
 10
992.3101245416951
 20
448.94763546640525
 10
992.2362436083785
 20
448.65097413108595
 10
992.1834715131523
 20
448.32119593600794
 10
992.1518082560166
 20
447.9583008811712
 10
992.1412538369714
 20
447.5622889665758
 10
992.1412538369714
 20
442.87031250000007
 10
990.6851232094134
 20
442.87031250000007
  0
LWPOLYLINE
  5
FE
330
17
100
AcDbEntity
  8
line engraving
 62
1
420
16711680
100
AcDbPolyline
 90
13
 70
0
 10
999.9072838506139
 20
442.87031250000007
 10
999.9072838506139
 20
454.72968750000007
 10
1001.3634144781719
 20
454.72968750000007
 10
1001.3634144781719
 20
447.966769696453
 10
1004.8095902967258
 20
451.46148320259215
 10
1006.6944704979536
 20
451.46148320259215
 10
1003.4100869713507
 20
448.27417505115966
 10
1007.0261446964529
 20
442.87031250000007
 10
1005.2302502557981
 20
442.87031250000007
 10
1002.39079553206
 20
447.26297322646667
 10
1001.3634144781719
 20
446.2760402455662
 10
1001.3634144781719
 20
442.87031250000007
 10
999.9072838506139
 20
442.87031250000007
  0
LWPOLYLINE
  5
FF
330
17
100
AcDbEntity
  8
line engraving
 62
1
420
16711680
100
AcDbPolyline
 90
61
 70
0
 10
1007.5681488744884
 20
446.2355921725785
 10
1008.9838314290587
 20
446.42974292291956
 10
1009.0041818657807
 20
446.1033775339999
 10
1009.0369195248551
 20
445.8038089934346
 10
1009.082044406282
 20
445.53103730122365
 10
1009.1395565100613
 20
445.2850624573671
 10
1009.2094558361932
 20
445.06588446186487
 10
1009.2917423846777
 20
444.87350331471697
 10
1009.3864161555146
 20
444.7079190159235
 10
1009.493477148704
 20
444.5691315654844
 10
1009.741727196666
 20
444.349700769526
 10
1010.03345892309
 20
444.19296448669854
 10
1010.3686723279758
 20
444.0989227170021
 10
1010.7473674113234
 20
444.0675754604366
 10
1011.0325263258868
 20
444.08451309100025
 10
1011.2974612039563
 20
444.13532598269103
 10
1011.5421720455321
 20
444.22001413550913
 10
1011.7666588506139
 20
444.3385775494544
 10
1011.9643488073414
 20
444.48621301585956
 10
1012.128669103854
 20
444.6581173260574
 10
1012.2596197401517
 20
444.8542904800478
 10
1012.3572007162346
 20
445.0747324778309
 10
1012.4279848439631
 20
445.34194256000603
 10
1012.4785449351979
 20
445.67841996717266
 10
1012.5088809899387
 20
446.0841646993307
 10
1012.5189930081856
 20
446.55917675648027
 10
1012.5189930081856
 20
454.72968750000007
 10
1014.0883782401091
 20
454.72968750000007
 10
1014.0883782401091
 20
446.64816251705327
 10
1014.0827534299593
 20
446.2865314644974
 10
1014.0658789995097
 20
445.9458828498039
 10
1014.0377549487604
 20
445.6262166729729
 10
1013.9983812777115
 20
445.3275329340041
 10
1013.9477579863627
 20
445.0498316328978
 10
1013.8858850747143
 20
444.7931127696539
 10
1013.8127625427662
 20
444.5573763442723
 10
1013.7283903905184
 20
444.3426223567531
 10
1013.522105218281
 20
443.95836566336976
 10
1013.2632375511596
 20
443.6226466575717
 10
1012.9517873891542
 20
443.33546533935885
 10
1012.5877547322647
 20
443.0968217087313
 10
1012.1804931973695
 20
442.9092437702507
 10
1011.7393564013472
 20
442.7752595284789
 10
1011.2643443441976
 20
442.6948689834158
 10
1010.7554570259209
 20
442.66807213506144
 10
1010.3765723422313
 20
442.68210256037906
 10
1010.0205660998253
 20
442.7241938363319
 10
1009.6874382987029
 20
442.79434596292
 10
1009.3771889388643
 20
442.8925589401433
 10
1009.0898180203093
 20
443.01883276800186
 10
1008.825325543038
 20
443.17316744649565
 10
1008.5837115070505
 20
443.35556297562465
 10
1008.3649759123465
 20
443.5660193553889
 10
1008.1711411625756
 20
443.80415738510413
 10
1008.0042296613873
 20
444.069597864086
 10
1007.8642414087814
 20
444.36234079233463
 10
1007.7511764047579
 20
444.68238616985
 10
1007.6650346493168
 20
445.02973399663205
 10
1007.6058161424583
 20
445.40438427268083
 10
1007.5735208841821
 20
445.8063369979963
 10
1007.5681488744884
 20
446.2355921725785
  0
CIRCLE
  5
100
330
17
100
AcDbEntity
  8
cut
 62
5
420
255
100
AcDbCircle
 10
846.0
 20
514.8000000000001
 30
0.0
 40
4.4
  0
CIRCLE
  5
101
330
17
100
AcDbEntity
  8
cut
 62
5
420
255
100
AcDbCircle
 10
1146.0
 20
514.8000000000001
 30
0.0
 40
4.4
  0
LWPOLYLINE
  5
102
330
17
100
AcDbEntity
  8
cut
 62
5
420
255
100
AcDbPolyline
 90
4
 70
1
 10
846.0
 20
484.80000000000007
 10
1146.0
 20
484.80000000000007
 42
0.9999999999999999
 10
1146.0
 20
544.8000000000001
 10
846.0
 20
544.8
 42
0.9999999999999999
  0
LWPOLYLINE
  5
103
330
17
100
AcDbEntity
  8
line engraving
 62
1
420
16711680
100
AcDbPolyline
 90
7
 70
0
 10
977.9116217598909
 20
508.87031250000007
 10
977.9116217598909
 20
520.7296875000001
 10
979.4810069918144
 20
520.7296875000001
 10
979.4810069918144
 20
510.26981582537525
 10
985.3217087312414
 20
510.26981582537525
 10
985.3217087312414
 20
508.87031250000007
 10
977.9116217598909
 20
508.87031250000007
  0
LWPOLYLINE
  5
104
330
17
100
AcDbEntity
  8
line engraving
 62
1
420
16711680
100
AcDbPolyline
 90
5
 70
0
 10
987.0124381821282
 20
519.0551372783084
 10
987.0124381821282
 20
520.7296875000001
 10
988.4685688096862
 20
520.7296875000001
 10
988.4685688096862
 20
519.0551372783084
 10
987.0124381821282
 20
519.0551372783084
  0
LWPOLYLINE
  5
105
330
17
100
AcDbEntity
  8
line engraving
 62
1
420
16711680
100
AcDbPolyline
 90
5
 70
0
 10
987.0124381821282
 20
508.87031250000007
 10
987.0124381821282
 20
517.4614832025921
 10
988.4685688096862
 20
517.4614832025921
 10
988.4685688096862
 20
508.87031250000007
 10
987.0124381821282
 20
508.87031250000007
  0
LWPOLYLINE
  5
106
330
17
100
AcDbEntity
  8
line engraving
 62
1
420
16711680
100
AcDbPolyline
 90
61
 70
0
 10
990.6851232094134
 20
508.87031250000007
 10
990.6851232094134
 20
517.4614832025921
 10
991.9956407742155
 20
517.4614832025921
 10
991.9956407742155
 20
516.2399513983629
 10
992.2454076249147
 20
516.5717519970904
 10
992.5214657230559
 20
516.8593125159874
 10
992.8238150686392
 20
517.1026329550542
 10
993.1524556616644
 20
517.3017133142907
 10
993.5073875021317
 20
517.4565535936969
 10
993.8886105900409
 20
517.5671537932726
 10
994.2961249253923
 20
517.6335139130181
 10
994.7299305081856
 20
517.6556339529333
 10
995.1103951947263
 20
517.6381907214574
 10
995.4751862529843
 20
517.5858610270294
 10
995.8243036829596
 20
517.4986448696496
 10
996.1577474846521
 20
517.3765422493179
 10
996.4628776352532
 20
517.2261259778949
 10
996.7270541119543
 20
517.0539688672409
 10
996.9502769147552
 20
516.860070917356
 10
997.1325460436562
 20
516.6444321282402
 10
997.2822039137108
 20
516.4073053003497
 10
997.4075929399727
 20
516.1489432341406
 10
997.508713122442
 20
515.869345929613
 10
997.5855644611187
 20
515.5685133867668
 10
997.620956524983
 20
515.3283529534021
 10
997.6462365706002
 20
515.0123523831857
 10
997.6614045979707
 20
514.6205116761171
 10
997.6664606070941
 20
514.1528308321965
 10
997.6664606070941
 20
508.87031250000007
 10
996.2103299795361
 20
508.87031250000007
 10
996.2103299795361
 20
514.0962035300137
 10
996.1997123603769
 20
514.5130714822434
 10
996.1678595028991
 20
514.8738177332027
 10
996.1147714071027
 20
515.1784422828914
 10
996.0404480729877
 20
515.4269451313097
 10
995.9390750900623
 20
515.6362639090212
 10
995.8048380478342
 20
515.8233362465894
 10
995.6377369463037
 20
515.9881621440144
 10
995.4377717854707
 20
516.1307416012961
 10
995.212020978108
 20
516.2457658088549
 10
994.9675629369884
 20
516.3279259571112
 10
994.704397662112
 20
516.3772220460651
 10
994.4225251534789
 20
516.3936540757163
 10
994.1939303409843
 20
516.384426859066
 10
993.973298742859
 20
516.356745209115
 10
993.7606303591032
 20
516.3106091258634
 10
993.5559251897168
 20
516.2460186093111
 10
993.3591832347
 20
516.1629736594582
 10
993.1704044940527
 20
516.0614742763047
 10
992.9895889677748
 20
515.9415204598505
 10
992.8167366558663
 20
515.8031122100956
 10
992.6584203701877
 20
515.638918313811
 10
992.5212129225997
 20
515.4416075577678
 10
992.4051143131022
 20
515.2111799419658
 10
992.3101245416951
 20
514.9476354664052
 10
992.2362436083785
 20
514.650974131086
 10
992.1834715131523
 20
514.3211959360079
 10
992.1518082560166
 20
513.9583008811712
 10
992.1412538369714
 20
513.5622889665758
 10
992.1412538369714
 20
508.87031250000007
 10
990.6851232094134
 20
508.87031250000007
  0
LWPOLYLINE
  5
107
330
17
100
AcDbEntity
  8
line engraving
 62
1
420
16711680
100
AcDbPolyline
 90
13
 70
0
 10
999.9072838506139
 20
508.87031250000007
 10
999.9072838506139
 20
520.7296875000001
 10
1001.3634144781719
 20
520.7296875000001
 10
1001.3634144781719
 20
513.966769696453
 10
1004.8095902967258
 20
517.4614832025921
 10
1006.6944704979536
 20
517.4614832025921
 10
1003.4100869713507
 20
514.2741750511597
 10
1007.0261446964529
 20
508.87031250000007
 10
1005.2302502557981
 20
508.87031250000007
 10
1002.39079553206
 20
513.2629732264667
 10
1001.3634144781719
 20
512.2760402455663
 10
1001.3634144781719
 20
508.87031250000007
 10
999.9072838506139
 20
508.87031250000007
  0
LWPOLYLINE
  5
108
330
17
100
AcDbEntity
  8
line engraving
 62
1
420
16711680
100
AcDbPolyline
 90
61
 70
0
 10
1007.5681488744884
 20
512.2355921725785
 10
1008.9838314290587
 20
512.4297429229196
 10
1009.0041818657807
 20
512.1033775339998
 10
1009.0369195248551
 20
511.8038089934346
 10
1009.082044406282
 20
511.53103730122365
 10
1009.1395565100613
 20
511.2850624573671
 10
1009.2094558361932
 20
511.06588446186487
 10
1009.2917423846777
 20
510.87350331471697
 10
1009.3864161555146
 20
510.7079190159235
 10
1009.493477148704
 20
510.5691315654844
 10
1009.741727196666
 20
510.349700769526
 10
1010.03345892309
 20
510.19296448669854
 10
1010.3686723279758
 20
510.0989227170021
 10
1010.7473674113234
 20
510.0675754604366
 10
1011.0325263258868
 20
510.08451309100025
 10
1011.2974612039563
 20
510.13532598269103
 10
1011.5421720455321
 20
510.22001413550913
 10
1011.7666588506139
 20
510.3385775494544
 10
1011.9643488073414
 20
510.48621301585956
 10
1012.128669103854
 20
510.6581173260574
 10
1012.2596197401517
 20
510.8542904800478
 10
1012.3572007162346
 20
511.0747324778309
 10
1012.4279848439631
 20
511.34194256000603
 10
1012.4785449351979
 20
511.67841996717266
 10
1012.5088809899387
 20
512.0841646993307
 10
1012.5189930081856
 20
512.5591767564803
 10
1012.5189930081856
 20
520.7296875000001
 10
1014.0883782401091
 20
520.7296875000001
 10
1014.0883782401091
 20
512.6481625170533
 10
1014.0827534299593
 20
512.2865314644974
 10
1014.0658789995097
 20
511.9458828498039
 10
1014.0377549487604
 20
511.6262166729729
 10
1013.9983812777115
 20
511.3275329340041
 10
1013.9477579863627
 20
511.0498316328978
 10
1013.8858850747143
 20
510.7931127696539
 10
1013.8127625427662
 20
510.5573763442723
 10
1013.7283903905184
 20
510.3426223567531
 10
1013.522105218281
 20
509.95836566336976
 10
1013.2632375511596
 20
509.6226466575717
 10
1012.9517873891542
 20
509.33546533935885
 10
1012.5877547322647
 20
509.0968217087313
 10
1012.1804931973695
 20
508.9092437702507
 10
1011.7393564013472
 20
508.7752595284789
 10
1011.2643443441976
 20
508.6948689834158
 10
1010.7554570259209
 20
508.66807213506144
 10
1010.3765723422313
 20
508.68210256037906
 10
1010.0205660998253
 20
508.7241938363319
 10
1009.6874382987029
 20
508.79434596292
 10
1009.3771889388643
 20
508.8925589401433
 10
1009.0898180203093
 20
509.01883276800186
 10
1008.825325543038
 20
509.17316744649565
 10
1008.5837115070505
 20
509.35556297562465
 10
1008.3649759123465
 20
509.5660193553889
 10
1008.1711411625756
 20
509.80415738510413
 10
1008.0042296613873
 20
510.06959786408606
 10
1007.8642414087814
 20
510.3623407923347
 10
1007.7511764047579
 20
510.68238616985
 10
1007.6650346493168
 20
511.0297339966321
 10
1007.6058161424583
 20
511.4043842726809
 10
1007.5735208841821
 20
511.80633699799637
 10
1007.5681488744884
 20
512.2355921725785
  0
CIRCLE
  5
109
330
17
100
AcDbEntity
  8
cut
 62
5
420
255
100
AcDbCircle
 10
846.0
 20
580.8000000000001
 30
0.0
 40
4.4
  0
CIRCLE
  5
10A
330
17
100
AcDbEntity
  8
cut
 62
5
420
255
100
AcDbCircle
 10
1146.0
 20
580.8000000000001
 30
0.0
 40
4.4
  0
LWPOLYLINE
  5
10B
330
17
100
AcDbEntity
  8
cut
 62
5
420
255
100
AcDbPolyline
 90
4
 70
1
 10
846.0
 20
550.8000000000001
 10
1146.0
 20
550.8000000000001
 42
0.9999999999999999
 10
1146.0
 20
610.8000000000001
 10
846.0
 20
610.8
 42
0.9999999999999999
  0
LWPOLYLINE
  5
10C
330
17
100
AcDbEntity
  8
line engraving
 62
1
420
16711680
100
AcDbPolyline
 90
7
 70
0
 10
977.9116217598909
 20
574.8703125000001
 10
977.9116217598909
 20
586.7296875000001
 10
979.4810069918144
 20
586.7296875000001
 10
979.4810069918144
 20
576.2698158253752
 10
985.3217087312414
 20
576.2698158253752
 10
985.3217087312414
 20
574.8703125000001
 10
977.9116217598909
 20
574.8703125000001
  0
LWPOLYLINE
  5
10D
330
17
100
AcDbEntity
  8
line engraving
 62
1
420
16711680
100
AcDbPolyline
 90
5
 70
0
 10
987.0124381821282
 20
585.0551372783084
 10
987.0124381821282
 20
586.7296875000001
 10
988.4685688096862
 20
586.7296875000001
 10
988.4685688096862
 20
585.0551372783084
 10
987.0124381821282
 20
585.0551372783084
  0
LWPOLYLINE
  5
10E
330
17
100
AcDbEntity
  8
line engraving
 62
1
420
16711680
100
AcDbPolyline
 90
5
 70
0
 10
987.0124381821282
 20
574.8703125000001
 10
987.0124381821282
 20
583.4614832025921
 10
988.4685688096862
 20
583.4614832025921
 10
988.4685688096862
 20
574.8703125000001
 10
987.0124381821282
 20
574.8703125000001
  0
LWPOLYLINE
  5
10F
330
17
100
AcDbEntity
  8
line engraving
 62
1
420
16711680
100
AcDbPolyline
 90
61
 70
0
 10
990.6851232094134
 20
574.8703125000001
 10
990.6851232094134
 20
583.4614832025921
 10
991.9956407742155
 20
583.4614832025921
 10
991.9956407742155
 20
582.2399513983629
 10
992.2454076249147
 20
582.5717519970904
 10
992.5214657230559
 20
582.8593125159874
 10
992.8238150686392
 20
583.1026329550542
 10
993.1524556616644
 20
583.3017133142907
 10
993.5073875021317
 20
583.4565535936969
 10
993.8886105900409
 20
583.5671537932726
 10
994.2961249253923
 20
583.6335139130181
 10
994.7299305081856
 20
583.6556339529333
 10
995.1103951947263
 20
583.6381907214574
 10
995.4751862529843
 20
583.5858610270294
 10
995.8243036829596
 20
583.4986448696496
 10
996.1577474846521
 20
583.3765422493179
 10
996.4628776352532
 20
583.2261259778949
 10
996.7270541119543
 20
583.0539688672409
 10
996.9502769147552
 20
582.860070917356
 10
997.1325460436562
 20
582.6444321282402
 10
997.2822039137108
 20
582.4073053003497
 10
997.4075929399727
 20
582.1489432341406
 10
997.508713122442
 20
581.869345929613
 10
997.5855644611187
 20
581.5685133867668
 10
997.620956524983
 20
581.3283529534021
 10
997.6462365706002
 20
581.0123523831857
 10
997.6614045979707
 20
580.6205116761171
 10
997.6664606070941
 20
580.1528308321965
 10
997.6664606070941
 20
574.8703125000001
 10
996.2103299795361
 20
574.8703125000001
 10
996.2103299795361
 20
580.0962035300137
 10
996.1997123603769
 20
580.5130714822434
 10
996.1678595028991
 20
580.8738177332027
 10
996.1147714071027
 20
581.1784422828914
 10
996.0404480729877
 20
581.4269451313097
 10
995.9390750900623
 20
581.6362639090212
 10
995.8048380478342
 20
581.8233362465894
 10
995.6377369463037
 20
581.9881621440144
 10
995.4377717854707
 20
582.1307416012961
 10
995.212020978108
 20
582.2457658088549
 10
994.9675629369884
 20
582.3279259571112
 10
994.704397662112
 20
582.3772220460651
 10
994.4225251534789
 20
582.3936540757163
 10
994.1939303409843
 20
582.384426859066
 10
993.973298742859
 20
582.356745209115
 10
993.7606303591032
 20
582.3106091258634
 10
993.5559251897168
 20
582.2460186093111
 10
993.3591832347
 20
582.1629736594582
 10
993.1704044940527
 20
582.0614742763047
 10
992.9895889677748
 20
581.9415204598505
 10
992.8167366558663
 20
581.8031122100956
 10
992.6584203701877
 20
581.638918313811
 10
992.5212129225997
 20
581.4416075577678
 10
992.4051143131022
 20
581.2111799419658
 10
992.3101245416951
 20
580.9476354664052
 10
992.2362436083785
 20
580.650974131086
 10
992.1834715131523
 20
580.3211959360079
 10
992.1518082560166
 20
579.9583008811712
 10
992.1412538369714
 20
579.5622889665758
 10
992.1412538369714
 20
574.8703125000001
 10
990.6851232094134
 20
574.8703125000001
  0
LWPOLYLINE
  5
110
330
17
100
AcDbEntity
  8
line engraving
 62
1
420
16711680
100
AcDbPolyline
 90
13
 70
0
 10
999.9072838506139
 20
574.8703125000001
 10
999.9072838506139
 20
586.7296875000001
 10
1001.3634144781719
 20
586.7296875000001
 10
1001.3634144781719
 20
579.966769696453
 10
1004.8095902967258
 20
583.4614832025921
 10
1006.6944704979536
 20
583.4614832025921
 10
1003.4100869713507
 20
580.2741750511597
 10
1007.0261446964529
 20
574.8703125000001
 10
1005.2302502557981
 20
574.8703125000001
 10
1002.39079553206
 20
579.2629732264667
 10
1001.3634144781719
 20
578.2760402455663
 10
1001.3634144781719
 20
574.8703125000001
 10
999.9072838506139
 20
574.8703125000001
  0
LWPOLYLINE
  5
111
330
17
100
AcDbEntity
  8
line engraving
 62
1
420
16711680
100
AcDbPolyline
 90
61
 70
0
 10
1007.5681488744884
 20
578.2355921725785
 10
1008.9838314290587
 20
578.4297429229196
 10
1009.0041818657807
 20
578.1033775339998
 10
1009.0369195248551
 20
577.8038089934346
 10
1009.082044406282
 20
577.5310373012236
 10
1009.1395565100613
 20
577.2850624573671
 10
1009.2094558361932
 20
577.0658844618648
 10
1009.2917423846777
 20
576.8735033147169
 10
1009.3864161555146
 20
576.7079190159235
 10
1009.493477148704
 20
576.5691315654843
 10
1009.741727196666
 20
576.349700769526
 10
1010.03345892309
 20
576.1929644866985
 10
1010.3686723279758
 20
576.0989227170021
 10
1010.7473674113234
 20
576.0675754604366
 10
1011.0325263258868
 20
576.0845130910002
 10
1011.2974612039563
 20
576.135325982691
 10
1011.5421720455321
 20
576.2200141355091
 10
1011.7666588506139
 20
576.3385775494544
 10
1011.9643488073414
 20
576.4862130158596
 10
1012.128669103854
 20
576.6581173260574
 10
1012.2596197401517
 20
576.8542904800479
 10
1012.3572007162346
 20
577.0747324778309
 10
1012.4279848439631
 20
577.341942560006
 10
1012.4785449351979
 20
577.6784199671727
 10
1012.5088809899387
 20
578.0841646993307
 10
1012.5189930081856
 20
578.5591767564803
 10
1012.5189930081856
 20
586.7296875000001
 10
1014.0883782401091
 20
586.7296875000001
 10
1014.0883782401091
 20
578.6481625170533
 10
1014.0827534299593
 20
578.2865314644974
 10
1014.0658789995097
 20
577.945882849804
 10
1014.0377549487604
 20
577.6262166729729
 10
1013.9983812777115
 20
577.3275329340042
 10
1013.9477579863627
 20
577.0498316328978
 10
1013.8858850747143
 20
576.7931127696539
 10
1013.8127625427662
 20
576.5573763442724
 10
1013.7283903905184
 20
576.3426223567532
 10
1013.522105218281
 20
575.9583656633698
 10
1013.2632375511596
 20
575.6226466575717
 10
1012.9517873891542
 20
575.3354653393588
 10
1012.5877547322647
 20
575.0968217087313
 10
1012.1804931973695
 20
574.9092437702508
 10
1011.7393564013472
 20
574.775259528479
 10
1011.2643443441976
 20
574.6948689834159
 10
1010.7554570259209
 20
574.6680721350615
 10
1010.3765723422313
 20
574.6821025603791
 10
1010.0205660998253
 20
574.724193836332
 10
1009.6874382987029
 20
574.79434596292
 10
1009.3771889388643
 20
574.8925589401433
 10
1009.0898180203093
 20
575.0188327680019
 10
1008.825325543038
 20
575.1731674464957
 10
1008.5837115070505
 20
575.3555629756247
 10
1008.3649759123465
 20
575.5660193553889
 10
1008.1711411625756
 20
575.8041573851041
 10
1008.0042296613873
 20
576.0695978640861
 10
1007.8642414087814
 20
576.3623407923346
 10
1007.7511764047579
 20
576.68238616985
 10
1007.6650346493168
 20
577.0297339966321
 10
1007.6058161424583
 20
577.4043842726809
 10
1007.5735208841821
 20
577.8063369979964
 10
1007.5681488744884
 20
578.2355921725785
  0
CIRCLE
  5
112
330
17
100
AcDbEntity
  8
cut
 62
5
420
255
100
AcDbCircle
 10
846.0
 20
646.8000000000001
 30
0.0
 40
4.4
  0
CIRCLE
  5
113
330
17
100
AcDbEntity
  8
cut
 62
5
420
255
100
AcDbCircle
 10
1146.0
 20
646.8000000000001
 30
0.0
 40
4.4
  0
LWPOLYLINE
  5
114
330
17
100
AcDbEntity
  8
cut
 62
5
420
255
100
AcDbPolyline
 90
4
 70
1
 10
846.0
 20
616.8000000000001
 10
1146.0
 20
616.8000000000001
 42
0.9999999999999999
 10
1146.0
 20
676.8000000000001
 10
846.0
 20
676.8
 42
0.9999999999999999
  0
LWPOLYLINE
  5
115
330
17
100
AcDbEntity
  8
line engraving
 62
1
420
16711680
100
AcDbPolyline
 90
7
 70
0
 10
977.9116217598909
 20
640.8703125000001
 10
977.9116217598909
 20
652.7296875000001
 10
979.4810069918144
 20
652.7296875000001
 10
979.4810069918144
 20
642.2698158253752
 10
985.3217087312414
 20
642.2698158253752
 10
985.3217087312414
 20
640.8703125000001
 10
977.9116217598909
 20
640.8703125000001
  0
LWPOLYLINE
  5
116
330
17
100
AcDbEntity
  8
line engraving
 62
1
420
16711680
100
AcDbPolyline
 90
5
 70
0
 10
987.0124381821282
 20
651.0551372783084
 10
987.0124381821282
 20
652.7296875000001
 10
988.4685688096862
 20
652.7296875000001
 10
988.4685688096862
 20
651.0551372783084
 10
987.0124381821282
 20
651.0551372783084
  0
LWPOLYLINE
  5
117
330
17
100
AcDbEntity
  8
line engraving
 62
1
420
16711680
100
AcDbPolyline
 90
5
 70
0
 10
987.0124381821282
 20
640.8703125000001
 10
987.0124381821282
 20
649.4614832025921
 10
988.4685688096862
 20
649.4614832025921
 10
988.4685688096862
 20
640.8703125000001
 10
987.0124381821282
 20
640.8703125000001
  0
LWPOLYLINE
  5
118
330
17
100
AcDbEntity
  8
line engraving
 62
1
420
16711680
100
AcDbPolyline
 90
61
 70
0
 10
990.6851232094134
 20
640.8703125000001
 10
990.6851232094134
 20
649.4614832025921
 10
991.9956407742155
 20
649.4614832025921
 10
991.9956407742155
 20
648.2399513983629
 10
992.2454076249147
 20
648.5717519970904
 10
992.5214657230559
 20
648.8593125159874
 10
992.8238150686392
 20
649.1026329550542
 10
993.1524556616644
 20
649.3017133142907
 10
993.5073875021317
 20
649.4565535936969
 10
993.8886105900409
 20
649.5671537932726
 10
994.2961249253923
 20
649.6335139130181
 10
994.7299305081856
 20
649.6556339529333
 10
995.1103951947263
 20
649.6381907214574
 10
995.4751862529843
 20
649.5858610270294
 10
995.8243036829596
 20
649.4986448696496
 10
996.1577474846521
 20
649.3765422493179
 10
996.4628776352532
 20
649.2261259778949
 10
996.7270541119543
 20
649.0539688672409
 10
996.9502769147552
 20
648.860070917356
 10
997.1325460436562
 20
648.6444321282402
 10
997.2822039137108
 20
648.4073053003497
 10
997.4075929399727
 20
648.1489432341406
 10
997.508713122442
 20
647.869345929613
 10
997.5855644611187
 20
647.5685133867668
 10
997.620956524983
 20
647.3283529534021
 10
997.6462365706002
 20
647.0123523831857
 10
997.6614045979707
 20
646.6205116761171
 10
997.6664606070941
 20
646.1528308321965
 10
997.6664606070941
 20
640.8703125000001
 10
996.2103299795361
 20
640.8703125000001
 10
996.2103299795361
 20
646.0962035300137
 10
996.1997123603769
 20
646.5130714822434
 10
996.1678595028991
 20
646.8738177332027
 10
996.1147714071027
 20
647.1784422828914
 10
996.0404480729877
 20
647.4269451313097
 10
995.9390750900623
 20
647.6362639090212
 10
995.8048380478342
 20
647.8233362465894
 10
995.6377369463037
 20
647.9881621440144
 10
995.4377717854707
 20
648.1307416012961
 10
995.212020978108
 20
648.2457658088549
 10
994.9675629369884
 20
648.3279259571112
 10
994.704397662112
 20
648.3772220460651
 10
994.4225251534789
 20
648.3936540757163
 10
994.1939303409843
 20
648.384426859066
 10
993.973298742859
 20
648.356745209115
 10
993.7606303591032
 20
648.3106091258634
 10
993.5559251897168
 20
648.2460186093111
 10
993.3591832347
 20
648.1629736594582
 10
993.1704044940527
 20
648.0614742763047
 10
992.9895889677748
 20
647.9415204598505
 10
992.8167366558663
 20
647.8031122100956
 10
992.6584203701877
 20
647.638918313811
 10
992.5212129225997
 20
647.4416075577678
 10
992.4051143131022
 20
647.2111799419658
 10
992.3101245416951
 20
646.9476354664052
 10
992.2362436083785
 20
646.650974131086
 10
992.1834715131523
 20
646.3211959360079
 10
992.1518082560166
 20
645.9583008811712
 10
992.1412538369714
 20
645.5622889665758
 10
992.1412538369714
 20
640.8703125000001
 10
990.6851232094134
 20
640.8703125000001
  0
LWPOLYLINE
  5
119
330
17
100
AcDbEntity
  8
line engraving
 62
1
420
16711680
100
AcDbPolyline
 90
13
 70
0
 10
999.9072838506139
 20
640.8703125000001
 10
999.9072838506139
 20
652.7296875000001
 10
1001.3634144781719
 20
652.7296875000001
 10
1001.3634144781719
 20
645.966769696453
 10
1004.8095902967258
 20
649.4614832025921
 10
1006.6944704979536
 20
649.4614832025921
 10
1003.4100869713507
 20
646.2741750511597
 10
1007.0261446964529
 20
640.8703125000001
 10
1005.2302502557981
 20
640.8703125000001
 10
1002.39079553206
 20
645.2629732264667
 10
1001.3634144781719
 20
644.2760402455663
 10
1001.3634144781719
 20
640.8703125000001
 10
999.9072838506139
 20
640.8703125000001
  0
LWPOLYLINE
  5
11A
330
17
100
AcDbEntity
  8
line engraving
 62
1
420
16711680
100
AcDbPolyline
 90
61
 70
0
 10
1007.5681488744884
 20
644.2355921725785
 10
1008.9838314290587
 20
644.4297429229196
 10
1009.0041818657807
 20
644.1033775339998
 10
1009.0369195248551
 20
643.8038089934346
 10
1009.082044406282
 20
643.5310373012236
 10
1009.1395565100613
 20
643.2850624573671
 10
1009.2094558361932
 20
643.0658844618648
 10
1009.2917423846777
 20
642.8735033147169
 10
1009.3864161555146
 20
642.7079190159235
 10
1009.493477148704
 20
642.5691315654843
 10
1009.741727196666
 20
642.349700769526
 10
1010.03345892309
 20
642.1929644866985
 10
1010.3686723279758
 20
642.0989227170021
 10
1010.7473674113234
 20
642.0675754604366
 10
1011.0325263258868
 20
642.0845130910002
 10
1011.2974612039563
 20
642.135325982691
 10
1011.5421720455321
 20
642.2200141355091
 10
1011.7666588506139
 20
642.3385775494544
 10
1011.9643488073414
 20
642.4862130158596
 10
1012.128669103854
 20
642.6581173260574
 10
1012.2596197401517
 20
642.8542904800479
 10
1012.3572007162346
 20
643.0747324778309
 10
1012.4279848439631
 20
643.341942560006
 10
1012.4785449351979
 20
643.6784199671727
 10
1012.5088809899387
 20
644.0841646993307
 10
1012.5189930081856
 20
644.5591767564803
 10
1012.5189930081856
 20
652.7296875000001
 10
1014.0883782401091
 20
652.7296875000001
 10
1014.0883782401091
 20
644.6481625170533
 10
1014.0827534299593
 20
644.2865314644974
 10
1014.0658789995097
 20
643.945882849804
 10
1014.0377549487604
 20
643.6262166729729
 10
1013.9983812777115
 20
643.3275329340042
 10
1013.9477579863627
 20
643.0498316328978
 10
1013.8858850747143
 20
642.7931127696539
 10
1013.8127625427662
 20
642.5573763442724
 10
1013.7283903905184
 20
642.3426223567532
 10
1013.522105218281
 20
641.9583656633698
 10
1013.2632375511596
 20
641.6226466575717
 10
1012.9517873891542
 20
641.3354653393588
 10
1012.5877547322647
 20
641.0968217087313
 10
1012.1804931973695
 20
640.9092437702508
 10
1011.7393564013472
 20
640.775259528479
 10
1011.2643443441976
 20
640.6948689834159
 10
1010.7554570259209
 20
640.6680721350615
 10
1010.3765723422313
 20
640.6821025603791
 10
1010.0205660998253
 20
640.724193836332
 10
1009.6874382987029
 20
640.79434596292
 10
1009.3771889388643
 20
640.8925589401433
 10
1009.0898180203093
 20
641.0188327680019
 10
1008.825325543038
 20
641.1731674464957
 10
1008.5837115070505
 20
641.3555629756247
 10
1008.3649759123465
 20
641.5660193553889
 10
1008.1711411625756
 20
641.8041573851041
 10
1008.0042296613873
 20
642.0695978640861
 10
1007.8642414087814
 20
642.3623407923346
 10
1007.7511764047579
 20
642.68238616985
 10
1007.6650346493168
 20
643.0297339966321
 10
1007.6058161424583
 20
643.4043842726809
 10
1007.5735208841821
 20
643.8063369979964
 10
1007.5681488744884
 20
644.2355921725785
  0
CIRCLE
  5
11B
330
17
100
AcDbEntity
  8
cut
 62
5
420
255
100
AcDbCircle
 10
180.0
 20
1012.8000000000002
 30
0.0
 40
4.4
  0
CIRCLE
  5
11C
330
17
100
AcDbEntity
  8
cut
 62
5
420
255
100
AcDbCircle
 10
180.0
 20
712.8000000000002
 30
0.0
 40
4.4
  0
LWPOLYLINE
  5
11D
330
17
100
AcDbEntity
  8
cut
 62
5
420
255
100
AcDbPolyline
 90
4
 70
1
 10
150.0
 20
1012.8000000000002
 10
150.0
 20
712.8000000000002
 42
0.9999999999999999
 10
210.0
 20
712.8000000000002
 10
209.99999999999994
 20
1012.8000000000002
 42
0.9999999999999999
  0
LWPOLYLINE
  5
11E
330
17
100
AcDbEntity
  8
line engraving
 62
1
420
16711680
100
AcDbPolyline
 90
7
 70
0
 10
185.9296875
 20
844.711621759891
 10
174.0703125
 20
844.711621759891
 10
174.0703125
 20
846.2810069918146
 10
184.53018417462482
 20
846.2810069918146
 10
184.53018417462482
 20
852.1217087312416
 10
185.9296875
 20
852.1217087312416
 10
185.9296875
 20
844.711621759891
  0
LWPOLYLINE
  5
11F
330
17
100
AcDbEntity
  8
line engraving
 62
1
420
16711680
100
AcDbPolyline
 90
5
 70
0
 10
175.74486272169167
 20
853.8124381821284
 10
174.0703125
 20
853.8124381821284
 10
174.0703125
 20
855.2685688096864
 10
175.74486272169167
 20
855.2685688096864
 10
175.74486272169167
 20
853.8124381821284
  0
LWPOLYLINE
  5
120
330
17
100
AcDbEntity
  8
line engraving
 62
1
420
16711680
100
AcDbPolyline
 90
5
 70
0
 10
185.9296875
 20
853.8124381821284
 10
177.33851679740792
 20
853.8124381821284
 10
177.33851679740792
 20
855.2685688096864
 10
185.9296875
 20
855.2685688096864
 10
185.9296875
 20
853.8124381821284
  0
LWPOLYLINE
  5
121
330
17
100
AcDbEntity
  8
line engraving
 62
1
420
16711680
100
AcDbPolyline
 90
61
 70
0
 10
185.9296875
 20
857.4851232094136
 10
177.33851679740792
 20
857.4851232094136
 10
177.33851679740792
 20
858.7956407742157
 10
178.5600486016371
 20
858.7956407742157
 10
178.2282480029097
 20
859.0454076249149
 10
177.9406874840126
 20
859.3214657230561
 10
177.69736704494585
 20
859.6238150686394
 10
177.49828668570942
 20
859.9524556616645
 10
177.3434464063033
 20
860.3073875021319
 10
177.2328462067275
 20
860.6886105900411
 10
177.16648608698202
 20
861.0961249253925
 10
177.14436604706685
 20
861.5299305081858
 10
177.16180927854282
 20
861.9103951947264
 10
177.21413897297066
 20
862.2751862529844
 10
177.30135513035046
 20
862.6243036829597
 10
177.42345775068213
 20
862.9577474846523
 10
177.57387402210523
 20
863.2628776352534
 10
177.7460311327592
 20
863.5270541119545
 10
177.9399290826441
 20
863.7502769147554
 10
178.1555678717599
 20
863.9325460436564
 10
178.3926946996504
 20
864.0822039137109
 10
178.6510567658595
 20
864.2075929399729
 10
178.9306540703871
 20
864.3087131224422
 10
179.2314866132333
 20
864.3855644611189
 10
179.4716470465979
 20
864.4209565249831
 10
179.78764761681447
 20
864.4462365706004
 10
180.17948832388302
 20
864.4614045979708
 10
180.64716916780355
 20
864.4664606070943
 10
185.9296875
 20
864.4664606070943
 10
185.9296875
 20
863.0103299795363
 10
180.70379646998634
 20
863.0103299795363
 10
180.28692851775665
 20
862.9997123603771
 10
179.9261822667974
 20
862.9678595028993
 10
179.62155771710863
 20
862.9147714071029
 10
179.3730548686903
 20
862.8404480729879
 10
179.16373609097883
 20
862.7390750900624
 10
178.97666375341063
 20
862.6048380478344
 10
178.8118378559857
 20
862.4377369463039
 10
178.66925839870396
 20
862.2377717854708
 10
178.55423419114513
 20
862.0120209781081
 10
178.4720740428888
 20
861.7675629369886
 10
178.42277795393503
 20
861.5043976621122
 10
178.40634592428376
 20
861.2225251534791
 10
178.41557314093407
 20
860.9939303409844
 10
178.44325479088505
 20
860.7732987428592
 10
178.48939087413666
 20
860.5606303591034
 10
178.55398139068893
 20
860.355925189717
 10
178.63702634054187
 20
860.1591832347002
 10
178.73852572369543
 20
859.9704044940529
 10
178.85847954014963
 20
859.789588967775
 10
178.9968877899045
 20
859.6167366558665
 10
179.16108168618902
 20
859.4584203701879
 10
179.35839244223226
 20
859.3212129225999
 10
179.58882005803417
 20
859.2051143131024
 10
179.85236453359482
 20
859.1101245416953
 10
180.14902586891412
 20
859.0362436083786
 10
180.47880406399216
 20
858.9834715131525
 10
180.84169911882887
 20
858.9518082560168
 10
181.2377110334243
 20
858.9412538369716
 10
185.9296875
 20
858.9412538369716
 10
185.9296875
 20
857.4851232094136
  0
LWPOLYLINE
  5
122
330
17
100
AcDbEntity
  8
line engraving
 62
1
420
16711680
100
AcDbPolyline
 90
13
 70
0
 10
185.9296875
 20
866.7072838506141
 10
174.0703125
 20
866.7072838506141
 10
174.0703125
 20
868.1634144781721
 10
180.83323030354705
 20
868.1634144781721
 10
177.33851679740792
 20
871.609590296726
 10
177.33851679740792
 20
873.4944704979538
 10
180.52582494884038
 20
870.2100869713508
 10
185.9296875
 20
873.8261446964531
 10
185.9296875
 20
872.0302502557983
 10
181.53702677353343
 20
869.1907955320602
 10
182.52395975443383
 20
868.1634144781721
 10
185.9296875
 20
868.1634144781721
 10
185.9296875
 20
866.7072838506141
  0
LWPOLYLINE
  5
123
330
17
100
AcDbEntity
  8
line engraving
 62
1
420
16711680
100
AcDbPolyline
 90
61
 70
0
 10
182.56440782742155
 20
874.3681488744886
 10
182.37025707708048
 20
875.7838314290589
 10
182.69662246600015
 20
875.8041818657808
 10
182.99619100656548
 20
875.8369195248553
 10
183.26896269877642
 20
875.8820444062821
 10
183.51493754263302
 20
875.9395565100615
 10
183.73411553813523
 20
876.0094558361934
 10
183.92649668528307
 20
876.0917423846779
 10
184.09208098407657
 20
876.1864161555147
 10
184.23086843451568
 20
876.2934771487041
 10
184.45029923047406
 20
876.5417271966662
 10
184.6070355133015
 20
876.8334589230902
 10
184.70107728299794
 20
877.168672327976
 10
184.73242453956343
 20
877.5473674113235
 10
184.71548690899982
 20
877.832526325887
 10
184.66467401730898
 20
878.0974612039565
 10
184.57998586449096
 20
878.3421720455323
 10
184.4614224505457
 20
878.5666588506141
 10
184.31378698414053
 20
878.7643488073415
 10
184.1418826739427
 20
878.9286691038542
 10
183.94570951995226
 20
879.0596197401519
 10
183.72526752216916
 20
879.1572007162348
 10
183.45805743999404
 20
879.2279848439633
 10
183.1215800328274
 20
879.278544935198
 10
182.71583530066934
 20
879.3088809899389
 10
182.24082324351977
 20
879.3189930081858
 10
174.0703125
 20
879.3189930081858
 10
174.0703125
 20
880.8883782401093
 10
182.1518374829468
 20
880.8883782401093
 10
182.51346853550265
 20
880.8827534299595
 10
182.85411715019612
 20
880.8658789995098
 10
183.1737833270272
 20
880.8377549487606
 10
183.47246706599591
 20
880.7983812777117
 10
183.75016836710222
 20
880.7477579863629
 10
184.00688723034617
 20
880.6858850747145
 10
184.24262365572775
 20
880.6127625427664
 10
184.45737764324693
 20
880.5283903905186
 10
184.84163433663028
 20
880.3221052182812
 10
185.17735334242838
 20
880.0632375511598
 10
185.4645346606412
 20
879.7517873891544
 10
185.70317829126876
 20
879.3877547322649
 10
185.89075622974931
 20
878.9804931973697
 10
186.02474047152114
 20
878.5393564013474
 10
186.10513101658424
 20
878.0643443441978
 10
186.1319278649386
 20
877.5554570259211
 10
186.11789743962098
 20
877.1765723422315
 10
186.07580616366815
 20
876.8205660998254
 10
186.00565403708006
 20
876.4874382987031
 10
185.90744105985675
 20
876.1771889388644
 10
185.7811672319982
 20
875.8898180203095
 10
185.62683255350444
 20
875.6253255430382
 10
185.44443702437542
 20
875.3837115070506
 10
185.2339806446112
 20
875.1649759123467
 10
184.995842614896
 20
874.9711411625758
 10
184.73040213591406
 20
874.8042296613875
 10
184.4376592076654
 20
874.6642414087815
 10
184.11761383015005
 20
874.551176404758
 10
183.770266003368
 20
874.465034649317
 10
183.39561572731924
 20
874.4058161424584
 10
182.99366300200376
 20
874.3735208841823
 10
182.56440782742155
 20
874.3681488744886
  0
CIRCLE
  5
124
330
17
100
AcDbEntity
  8
cut
 62
5
420
255
100
AcDbCircle
 10
180.0
 20
1078.8000000000002
 30
0.0
 40
4.4
  0
CIRCLE
  5
125
330
17
100
AcDbEntity
  8
cut
 62
5
420
255
100
AcDbCircle
 10
480.0
 20
1078.8000000000002
 30
0.0
 40
4.4
  0
LWPOLYLINE
  5
126
330
17
100
AcDbEntity
  8
cut
 62
5
420
255
100
AcDbPolyline
 90
4
 70
1
 10
180.0
 20
1048.8000000000002
 10
480.0
 20
1048.8000000000002
 42
0.9999999999999999
 10
480.0
 20
1108.8000000000002
 10
180.0
 20
1108.8000000000002
 42
0.9999999999999999
  0
LWPOLYLINE
  5
127
330
17
100
AcDbEntity
  8
line engraving
 62
1
420
16711680
100
AcDbPolyline
 90
7
 70
0
 10
311.91162175989086
 20
1072.8703125000002
 10
311.91162175989086
 20
1084.7296875000002
 10
313.48100699181447
 20
1084.7296875000002
 10
313.48100699181447
 20
1074.2698158253754
 10
319.3217087312415
 20
1074.2698158253754
 10
319.3217087312415
 20
1072.8703125000002
 10
311.91162175989086
 20
1072.8703125000002
  0
LWPOLYLINE
  5
128
330
17
100
AcDbEntity
  8
line engraving
 62
1
420
16711680
100
AcDbPolyline
 90
5
 70
0
 10
321.0124381821282
 20
1083.0551372783084
 10
321.0124381821282
 20
1084.7296875000002
 10
322.4685688096862
 20
1084.7296875000002
 10
322.4685688096862
 20
1083.0551372783084
 10
321.0124381821282
 20
1083.0551372783084
  0
LWPOLYLINE
  5
129
330
17
100
AcDbEntity
  8
line engraving
 62
1
420
16711680
100
AcDbPolyline
 90
5
 70
0
 10
321.0124381821282
 20
1072.8703125000002
 10
321.0124381821282
 20
1081.4614832025923
 10
322.4685688096862
 20
1081.4614832025923
 10
322.4685688096862
 20
1072.8703125000002
 10
321.0124381821282
 20
1072.8703125000002
  0
LWPOLYLINE
  5
12A
330
17
100
AcDbEntity
  8
line engraving
 62
1
420
16711680
100
AcDbPolyline
 90
61
 70
0
 10
324.68512320941335
 20
1072.8703125000002
 10
324.68512320941335
 20
1081.4614832025923
 10
325.99564077421553
 20
1081.4614832025923
 10
325.99564077421553
 20
1080.239951398363
 10
326.2454076249147
 20
1080.5717519970904
 10
326.52146572305594
 20
1080.8593125159875
 10
326.82381506863914
 20
1081.1026329550543
 10
327.15245566166436
 20
1081.3017133142907
 10
327.5073875021316
 20
1081.456553593697
 10
327.8886105900409
 20
1081.5671537932728
 10
328.29612492539223
 20
1081.6335139130183
 10
328.72993050818553
 20
1081.6556339529334
 10
329.11039519472627
 20
1081.6381907214575
 10
329.4751862529843
 20
1081.5858610270295
 10
329.82430368295957
 20
1081.4986448696498
 10
330.15774748465213
 20
1081.3765422493182
 10
330.4628776352532
 20
1081.226125977895
 10
330.7270541119543
 20
1081.053968867241
 10
330.95027691475525
 20
1080.860070917356
 10
331.1325460436562
 20
1080.6444321282404
 10
331.28220391371076
 20
1080.40730530035
 10
331.4075929399727
 20
1080.1489432341407
 10
331.50871312244203
 20
1079.869345929613
 10
331.5855644611187
 20
1079.5685133867669
 10
331.62095652498294
 20
1079.3283529534024
 10
331.64623657060025
 20
1079.0123523831858
 10
331.66140459797066
 20
1078.6205116761173
 10
331.6664606070941
 20
1078.1528308321967
 10
331.6664606070941
 20
1072.8703125000002
 10
330.21032997953614
 20
1072.8703125000002
 10
330.21032997953614
 20
1078.0962035300138
 10
330.19971236037685
 20
1078.5130714822435
 10
330.16785950289903
 20
1078.8738177332027
 10
330.11477140710264
 20
1079.1784422828916
 10
330.0404480729877
 20
1079.4269451313098
 10
329.93907509006226
 20
1079.6362639090214
 10
329.8048380478342
 20
1079.8233362465896
 10
329.63773694630373
 20
1079.9881621440145
 10
329.43777178547066
 20
1080.1307416012962
 10
329.21202097810794
 20
1080.245765808855
 10
328.9675629369884
 20
1080.3279259571113
 10
328.704397662112
 20
1080.377222046065
 10
328.42252515347883
 20
1080.3936540757163
 10
328.1939303409842
 20
1080.384426859066
 10
327.97329874285896
 20
1080.356745209115
 10
327.76063035910323
 20
1080.3106091258635
 10
327.5559251897169
 20
1080.2460186093112
 10
327.3591832347001
 20
1080.1629736594582
 10
327.1704044940527
 20
1080.0614742763046
 10
326.98958896777475
 20
1079.9415204598504
 10
326.8167366558663
 20
1079.8031122100956
 10
326.6584203701878
 20
1079.638918313811
 10
326.5212129225998
 20
1079.4416075577678
 10
326.4051143131022
 20
1079.2111799419658
 10
326.31012454169513
 20
1078.9476354664052
 10
326.23624360837846
 20
1078.650974131086
 10
326.1834715131523
 20
1078.321195936008
 10
326.1518082560166
 20
1077.9583008811712
 10
326.1412538369714
 20
1077.5622889665758
 10
326.1412538369714
 20
1072.8703125000002
 10
324.68512320941335
 20
1072.8703125000002
  0
LWPOLYLINE
  5
12B
330
17
100
AcDbEntity
  8
line engraving
 62
1
420
16711680
100
AcDbPolyline
 90
13
 70
0
 10
333.9072838506139
 20
1072.8703125000002
 10
333.9072838506139
 20
1084.7296875000002
 10
335.3634144781719
 20
1084.7296875000002
 10
335.3634144781719
 20
1077.9667696964532
 10
338.8095902967258
 20
1081.4614832025923
 10
340.6944704979536
 20
1081.4614832025923
 10
337.4100869713506
 20
1078.2741750511598
 10
341.02614469645295
 20
1072.8703125000002
 10
339.23025025579807
 20
1072.8703125000002
 10
336.39079553206
 20
1077.2629732264668
 10
335.3634144781719
 20
1076.2760402455663
 10
335.3634144781719
 20
1072.8703125000002
 10
333.9072838506139
 20
1072.8703125000002
  0
LWPOLYLINE
  5
12C
330
17
100
AcDbEntity
  8
line engraving
 62
1
420
16711680
100
AcDbPolyline
 90
61
 70
0
 10
341.56814887448843
 20
1076.2355921725787
 10
342.9838314290587
 20
1076.4297429229198
 10
343.00418186578065
 20
1076.1033775340002
 10
343.0369195248551
 20
1075.8038089934348
 10
343.08204440628197
 20
1075.5310373012237
 10
343.1395565100614
 20
1075.285062457367
 10
343.2094558361933
 20
1075.065884461865
 10
343.2917423846777
 20
1074.873503314717
 10
343.3864161555146
 20
1074.7079190159236
 10
343.49347714870396
 20
1074.5691315654844
 10
343.7417271966661
 20
1074.349700769526
 10
344.03345892309005
 20
1074.1929644866987
 10
344.3686723279758
 20
1074.098922717002
 10
344.74736741132335
 20
1074.0675754604367
 10
345.0325263258868
 20
1074.0845130910004
 10
345.29746120395635
 20
1074.135325982691
 10
345.5421720455321
 20
1074.2200141355092
 10
345.7666588506139
 20
1074.3385775494544
 10
345.9643488073414
 20
1074.4862130158597
 10
346.128669103854
 20
1074.6581173260574
 10
346.2596197401518
 20
1074.854290480048
 10
346.3572007162347
 20
1075.074732477831
 10
346.42798484396315
 20
1075.3419425600061
 10
346.4785449351978
 20
1075.6784199671729
 10
346.5088809899386
 20
1076.0841646993308
 10
346.51899300818553
 20
1076.5591767564804
 10
346.51899300818553
 20
1084.7296875000002
 10
348.08837824010914
 20
1084.7296875000002
 10
348.08837824010914
 20
1076.6481625170534
 10
348.08275342995927
 20
1076.2865314644976
 10
348.0658789995097
 20
1075.945882849804
 10
348.03775494876044
 20
1075.626216672973
 10
347.9983812777115
 20
1075.3275329340042
 10
347.9477579863628
 20
1075.0498316328978
 10
347.88588507471434
 20
1074.793112769654
 10
347.8127625427662
 20
1074.5573763442724
 10
347.7283903905184
 20
1074.3426223567533
 10
347.52210521828107
 20
1073.95836566337
 10
347.26323755115965
 20
1073.6226466575717
 10
346.95178738915416
 20
1073.335465339359
 10
346.58775473226467
 20
1073.0968217087313
 10
346.1804931973695
 20
1072.9092437702507
 10
345.7393564013472
 20
1072.775259528479
 10
345.26434434419764
 20
1072.6948689834157
 10
344.75545702592086
 20
1072.6680721350615
 10
344.3765723422312
 20
1072.682102560379
 10
344.0205660998252
 20
1072.724193836332
 10
343.6874382987029
 20
1072.79434596292
 10
343.37718893886426
 20
1072.8925589401433
 10
343.0898180203093
 20
1073.0188327680019
 10
342.825325543038
 20
1073.1731674464957
 10
342.5837115070504
 20
1073.3555629756247
 10
342.3649759123465
 20
1073.566019355389
 10
342.1711411625757
 20
1073.8041573851042
 10
342.0042296613873
 20
1074.069597864086
 10
341.8642414087813
 20
1074.3623407923346
 10
341.75117640475787
 20
1074.6823861698501
 10
341.6650346493168
 20
1075.029733996632
 10
341.60581614245825
 20
1075.404384272681
 10
341.57352088418213
 20
1075.8063369979964
 10
341.56814887448843
 20
1076.2355921725787
  0
CIRCLE
  5
12D
330
17
100
AcDbEntity
  8
cut
 62
5
420
255
100
AcDbCircle
 10
246.0
 20
1012.8000000000002
 30
0.0
 40
4.4
  0
CIRCLE
  5
12E
330
17
100
AcDbEntity
  8
cut
 62
5
420
255
100
AcDbCircle
 10
246.0
 20
712.8000000000002
 30
0.0
 40
4.4
  0
LWPOLYLINE
  5
12F
330
17
100
AcDbEntity
  8
cut
 62
5
420
255
100
AcDbPolyline
 90
4
 70
1
 10
216.0
 20
1012.8000000000002
 10
216.0
 20
712.8000000000002
 42
0.9999999999999999
 10
276.0
 20
712.8000000000002
 10
275.99999999999994
 20
1012.8000000000002
 42
0.9999999999999999
  0
LWPOLYLINE
  5
130
330
17
100
AcDbEntity
  8
line engraving
 62
1
420
16711680
100
AcDbPolyline
 90
7
 70
0
 10
251.9296875
 20
844.711621759891
 10
240.0703125
 20
844.711621759891
 10
240.0703125
 20
846.2810069918146
 10
250.53018417462482
 20
846.2810069918146
 10
250.53018417462482
 20
852.1217087312416
 10
251.9296875
 20
852.1217087312416
 10
251.9296875
 20
844.711621759891
  0
LWPOLYLINE
  5
131
330
17
100
AcDbEntity
  8
line engraving
 62
1
420
16711680
100
AcDbPolyline
 90
5
 70
0
 10
241.74486272169167
 20
853.8124381821284
 10
240.0703125
 20
853.8124381821284
 10
240.0703125
 20
855.2685688096864
 10
241.74486272169167
 20
855.2685688096864
 10
241.74486272169167
 20
853.8124381821284
  0
LWPOLYLINE
  5
132
330
17
100
AcDbEntity
  8
line engraving
 62
1
420
16711680
100
AcDbPolyline
 90
5
 70
0
 10
251.9296875
 20
853.8124381821284
 10
243.33851679740792
 20
853.8124381821284
 10
243.33851679740792
 20
855.2685688096864
 10
251.9296875
 20
855.2685688096864
 10
251.9296875
 20
853.8124381821284
  0
LWPOLYLINE
  5
133
330
17
100
AcDbEntity
  8
line engraving
 62
1
420
16711680
100
AcDbPolyline
 90
61
 70
0
 10
251.9296875
 20
857.4851232094136
 10
243.33851679740792
 20
857.4851232094136
 10
243.33851679740792
 20
858.7956407742157
 10
244.5600486016371
 20
858.7956407742157
 10
244.2282480029097
 20
859.0454076249149
 10
243.9406874840126
 20
859.3214657230561
 10
243.69736704494585
 20
859.6238150686394
 10
243.49828668570942
 20
859.9524556616645
 10
243.3434464063033
 20
860.3073875021319
 10
243.2328462067275
 20
860.6886105900411
 10
243.16648608698202
 20
861.0961249253925
 10
243.14436604706685
 20
861.5299305081858
 10
243.16180927854282
 20
861.9103951947264
 10
243.21413897297066
 20
862.2751862529844
 10
243.30135513035046
 20
862.6243036829597
 10
243.42345775068213
 20
862.9577474846523
 10
243.57387402210523
 20
863.2628776352534
 10
243.7460311327592
 20
863.5270541119545
 10
243.9399290826441
 20
863.7502769147554
 10
244.1555678717599
 20
863.9325460436564
 10
244.3926946996504
 20
864.0822039137109
 10
244.6510567658595
 20
864.2075929399729
 10
244.9306540703871
 20
864.3087131224422
 10
245.2314866132333
 20
864.3855644611189
 10
245.4716470465979
 20
864.4209565249831
 10
245.78764761681447
 20
864.4462365706004
 10
246.17948832388302
 20
864.4614045979708
 10
246.64716916780355
 20
864.4664606070943
 10
251.9296875
 20
864.4664606070943
 10
251.9296875
 20
863.0103299795363
 10
246.70379646998634
 20
863.0103299795363
 10
246.28692851775665
 20
862.9997123603771
 10
245.9261822667974
 20
862.9678595028993
 10
245.62155771710863
 20
862.9147714071029
 10
245.3730548686903
 20
862.8404480729879
 10
245.16373609097883
 20
862.7390750900624
 10
244.97666375341063
 20
862.6048380478344
 10
244.8118378559857
 20
862.4377369463039
 10
244.66925839870396
 20
862.2377717854708
 10
244.55423419114513
 20
862.0120209781081
 10
244.4720740428888
 20
861.7675629369886
 10
244.42277795393503
 20
861.5043976621122
 10
244.40634592428376
 20
861.2225251534791
 10
244.41557314093407
 20
860.9939303409844
 10
244.44325479088505
 20
860.7732987428592
 10
244.48939087413666
 20
860.5606303591034
 10
244.55398139068893
 20
860.355925189717
 10
244.63702634054187
 20
860.1591832347002
 10
244.73852572369543
 20
859.9704044940529
 10
244.85847954014963
 20
859.789588967775
 10
244.9968877899045
 20
859.6167366558665
 10
245.16108168618902
 20
859.4584203701879
 10
245.35839244223226
 20
859.3212129225999
 10
245.58882005803417
 20
859.2051143131024
 10
245.85236453359482
 20
859.1101245416953
 10
246.14902586891412
 20
859.0362436083786
 10
246.47880406399216
 20
858.9834715131525
 10
246.84169911882887
 20
858.9518082560168
 10
247.2377110334243
 20
858.9412538369716
 10
251.9296875
 20
858.9412538369716
 10
251.9296875
 20
857.4851232094136
  0
LWPOLYLINE
  5
134
330
17
100
AcDbEntity
  8
line engraving
 62
1
420
16711680
100
AcDbPolyline
 90
13
 70
0
 10
251.9296875
 20
866.7072838506141
 10
240.0703125
 20
866.7072838506141
 10
240.0703125
 20
868.1634144781721
 10
246.83323030354705
 20
868.1634144781721
 10
243.33851679740792
 20
871.609590296726
 10
243.33851679740792
 20
873.4944704979538
 10
246.52582494884038
 20
870.2100869713508
 10
251.9296875
 20
873.8261446964531
 10
251.9296875
 20
872.0302502557983
 10
247.53702677353343
 20
869.1907955320602
 10
248.52395975443383
 20
868.1634144781721
 10
251.9296875
 20
868.1634144781721
 10
251.9296875
 20
866.7072838506141
  0
LWPOLYLINE
  5
135
330
17
100
AcDbEntity
  8
line engraving
 62
1
420
16711680
100
AcDbPolyline
 90
61
 70
0
 10
248.56440782742155
 20
874.3681488744886
 10
248.37025707708048
 20
875.7838314290589
 10
248.69662246600015
 20
875.8041818657808
 10
248.99619100656548
 20
875.8369195248553
 10
249.26896269877642
 20
875.8820444062821
 10
249.51493754263302
 20
875.9395565100615
 10
249.73411553813523
 20
876.0094558361934
 10
249.92649668528307
 20
876.0917423846779
 10
250.09208098407657
 20
876.1864161555147
 10
250.23086843451568
 20
876.2934771487041
 10
250.45029923047406
 20
876.5417271966662
 10
250.6070355133015
 20
876.8334589230902
 10
250.70107728299794
 20
877.168672327976
 10
250.73242453956343
 20
877.5473674113235
 10
250.71548690899982
 20
877.832526325887
 10
250.66467401730898
 20
878.0974612039565
 10
250.57998586449096
 20
878.3421720455323
 10
250.4614224505457
 20
878.5666588506141
 10
250.31378698414053
 20
878.7643488073415
 10
250.1418826739427
 20
878.9286691038542
 10
249.94570951995226
 20
879.0596197401519
 10
249.72526752216916
 20
879.1572007162348
 10
249.45805743999404
 20
879.2279848439633
 10
249.1215800328274
 20
879.278544935198
 10
248.71583530066934
 20
879.3088809899389
 10
248.24082324351977
 20
879.3189930081858
 10
240.0703125
 20
879.3189930081858
 10
240.0703125
 20
880.8883782401093
 10
248.1518374829468
 20
880.8883782401093
 10
248.51346853550265
 20
880.8827534299595
 10
248.85411715019612
 20
880.8658789995098
 10
249.1737833270272
 20
880.8377549487606
 10
249.47246706599591
 20
880.7983812777117
 10
249.75016836710222
 20
880.7477579863629
 10
250.00688723034617
 20
880.6858850747145
 10
250.24262365572775
 20
880.6127625427664
 10
250.45737764324693
 20
880.5283903905186
 10
250.84163433663028
 20
880.3221052182812
 10
251.17735334242838
 20
880.0632375511598
 10
251.4645346606412
 20
879.7517873891544
 10
251.70317829126876
 20
879.3877547322649
 10
251.89075622974931
 20
878.9804931973697
 10
252.02474047152114
 20
878.5393564013474
 10
252.10513101658424
 20
878.0643443441978
 10
252.1319278649386
 20
877.5554570259211
 10
252.11789743962098
 20
877.1765723422315
 10
252.07580616366815
 20
876.8205660998254
 10
252.00565403708006
 20
876.4874382987031
 10
251.90744105985675
 20
876.1771889388644
 10
251.7811672319982
 20
875.8898180203095
 10
251.62683255350444
 20
875.6253255430382
 10
251.44443702437542
 20
875.3837115070506
 10
251.2339806446112
 20
875.1649759123467
 10
250.995842614896
 20
874.9711411625758
 10
250.73040213591406
 20
874.8042296613875
 10
250.4376592076654
 20
874.6642414087815
 10
250.11761383015005
 20
874.551176404758
 10
249.770266003368
 20
874.465034649317
 10
249.39561572731924
 20
874.4058161424584
 10
248.99366300200376
 20
874.3735208841823
 10
248.56440782742155
 20
874.3681488744886
  0
CIRCLE
  5
136
330
17
100
AcDbEntity
  8
cut
 62
5
420
255
100
AcDbCircle
 10
312.0
 20
1012.8000000000002
 30
0.0
 40
4.4
  0
CIRCLE
  5
137
330
17
100
AcDbEntity
  8
cut
 62
5
420
255
100
AcDbCircle
 10
312.0
 20
712.8000000000002
 30
0.0
 40
4.4
  0
LWPOLYLINE
  5
138
330
17
100
AcDbEntity
  8
cut
 62
5
420
255
100
AcDbPolyline
 90
4
 70
1
 10
282.0
 20
1012.8000000000002
 10
282.0
 20
712.8000000000002
 42
0.9999999999999999
 10
342.0
 20
712.8000000000002
 10
341.99999999999994
 20
1012.8000000000002
 42
0.9999999999999999
  0
LWPOLYLINE
  5
139
330
17
100
AcDbEntity
  8
line engraving
 62
1
420
16711680
100
AcDbPolyline
 90
7
 70
0
 10
317.9296875
 20
844.711621759891
 10
306.0703125
 20
844.711621759891
 10
306.0703125
 20
846.2810069918146
 10
316.5301841746248
 20
846.2810069918146
 10
316.5301841746248
 20
852.1217087312416
 10
317.9296875
 20
852.1217087312416
 10
317.9296875
 20
844.711621759891
  0
LWPOLYLINE
  5
13A
330
17
100
AcDbEntity
  8
line engraving
 62
1
420
16711680
100
AcDbPolyline
 90
5
 70
0
 10
307.7448627216917
 20
853.8124381821284
 10
306.0703125
 20
853.8124381821284
 10
306.0703125
 20
855.2685688096864
 10
307.7448627216917
 20
855.2685688096864
 10
307.7448627216917
 20
853.8124381821284
  0
LWPOLYLINE
  5
13B
330
17
100
AcDbEntity
  8
line engraving
 62
1
420
16711680
100
AcDbPolyline
 90
5
 70
0
 10
317.9296875
 20
853.8124381821284
 10
309.3385167974079
 20
853.8124381821284
 10
309.3385167974079
 20
855.2685688096864
 10
317.9296875
 20
855.2685688096864
 10
317.9296875
 20
853.8124381821284
  0
LWPOLYLINE
  5
13C
330
17
100
AcDbEntity
  8
line engraving
 62
1
420
16711680
100
AcDbPolyline
 90
61
 70
0
 10
317.9296875
 20
857.4851232094136
 10
309.3385167974079
 20
857.4851232094136
 10
309.3385167974079
 20
858.7956407742157
 10
310.5600486016371
 20
858.7956407742157
 10
310.2282480029097
 20
859.0454076249149
 10
309.94068748401264
 20
859.3214657230561
 10
309.69736704494585
 20
859.6238150686394
 10
309.49828668570945
 20
859.9524556616645
 10
309.3434464063033
 20
860.3073875021319
 10
309.2328462067275
 20
860.6886105900411
 10
309.166486086982
 20
861.0961249253925
 10
309.14436604706685
 20
861.5299305081858
 10
309.1618092785428
 20
861.9103951947264
 10
309.21413897297066
 20
862.2751862529844
 10
309.30135513035043
 20
862.6243036829597
 10
309.42345775068213
 20
862.9577474846523
 10
309.5738740221052
 20
863.2628776352534
 10
309.7460311327592
 20
863.5270541119545
 10
309.9399290826441
 20
863.7502769147554
 10
310.1555678717599
 20
863.9325460436564
 10
310.3926946996504
 20
864.0822039137109
 10
310.6510567658595
 20
864.2075929399729
 10
310.9306540703871
 20
864.3087131224422
 10
311.2314866132333
 20
864.3855644611189
 10
311.4716470465979
 20
864.4209565249831
 10
311.78764761681447
 20
864.4462365706004
 10
312.179488323883
 20
864.4614045979708
 10
312.64716916780355
 20
864.4664606070943
 10
317.9296875
 20
864.4664606070943
 10
317.9296875
 20
863.0103299795363
 10
312.70379646998634
 20
863.0103299795363
 10
312.2869285177567
 20
862.9997123603771
 10
311.9261822667974
 20
862.9678595028993
 10
311.62155771710866
 20
862.9147714071029
 10
311.3730548686903
 20
862.8404480729879
 10
311.16373609097883
 20
862.7390750900624
 10
310.97666375341066
 20
862.6048380478344
 10
310.8118378559857
 20
862.4377369463039
 10
310.66925839870396
 20
862.2377717854708
 10
310.5542341911451
 20
862.0120209781081
 10
310.47207404288883
 20
861.7675629369886
 10
310.422777953935
 20
861.5043976621122
 10
310.40634592428376
 20
861.2225251534791
 10
310.4155731409341
 20
860.9939303409844
 10
310.4432547908851
 20
860.7732987428592
 10
310.4893908741367
 20
860.5606303591034
 10
310.55398139068893
 20
860.355925189717
 10
310.63702634054187
 20
860.1591832347002
 10
310.73852572369543
 20
859.9704044940529
 10
310.85847954014963
 20
859.789588967775
 10
310.9968877899045
 20
859.6167366558665
 10
311.16108168618905
 20
859.4584203701879
 10
311.3583924422323
 20
859.3212129225999
 10
311.5888200580342
 20
859.2051143131024
 10
311.8523645335948
 20
859.1101245416953
 10
312.1490258689141
 20
859.0362436083786
 10
312.47880406399213
 20
858.9834715131525
 10
312.84169911882884
 20
858.9518082560168
 10
313.23771103342426
 20
858.9412538369716
 10
317.9296875
 20
858.9412538369716
 10
317.9296875
 20
857.4851232094136
  0
LWPOLYLINE
  5
13D
330
17
100
AcDbEntity
  8
line engraving
 62
1
420
16711680
100
AcDbPolyline
 90
13
 70
0
 10
317.9296875
 20
866.7072838506141
 10
306.0703125
 20
866.7072838506141
 10
306.0703125
 20
868.1634144781721
 10
312.83323030354705
 20
868.1634144781721
 10
309.3385167974079
 20
871.609590296726
 10
309.3385167974079
 20
873.4944704979538
 10
312.5258249488404
 20
870.2100869713508
 10
317.9296875
 20
873.8261446964531
 10
317.9296875
 20
872.0302502557983
 10
313.5370267735334
 20
869.1907955320602
 10
314.52395975443386
 20
868.1634144781721
 10
317.9296875
 20
868.1634144781721
 10
317.9296875
 20
866.7072838506141
  0
LWPOLYLINE
  5
13E
330
17
100
AcDbEntity
  8
line engraving
 62
1
420
16711680
100
AcDbPolyline
 90
61
 70
0
 10
314.5644078274216
 20
874.3681488744886
 10
314.3702570770805
 20
875.7838314290589
 10
314.6966224660002
 20
875.8041818657808
 10
314.9961910065655
 20
875.8369195248553
 10
315.2689626987764
 20
875.8820444062821
 10
315.514937542633
 20
875.9395565100615
 10
315.7341155381352
 20
876.0094558361934
 10
315.9264966852831
 20
876.0917423846779
 10
316.0920809840766
 20
876.1864161555147
 10
316.2308684345157
 20
876.2934771487041
 10
316.45029923047406
 20
876.5417271966662
 10
316.6070355133015
 20
876.8334589230902
 10
316.70107728299797
 20
877.168672327976
 10
316.73242453956345
 20
877.5473674113235
 10
316.7154869089998
 20
877.832526325887
 10
316.66467401730904
 20
878.0974612039565
 10
316.57998586449094
 20
878.3421720455323
 10
316.4614224505457
 20
878.5666588506141
 10
316.3137869841405
 20
878.7643488073415
 10
316.1418826739427
 20
878.9286691038542
 10
315.9457095199523
 20
879.0596197401519
 10
315.7252675221692
 20
879.1572007162348
 10
315.45805743999404
 20
879.2279848439633
 10
315.1215800328274
 20
879.278544935198
 10
314.71583530066937
 20
879.3088809899389
 10
314.2408232435198
 20
879.3189930081858
 10
306.0703125
 20
879.3189930081858
 10
306.0703125
 20
880.8883782401093
 10
314.1518374829468
 20
880.8883782401093
 10
314.5134685355027
 20
880.8827534299595
 10
314.85411715019615
 20
880.8658789995098
 10
315.1737833270272
 20
880.8377549487606
 10
315.47246706599594
 20
880.7983812777117
 10
315.7501683671023
 20
880.7477579863629
 10
316.0068872303462
 20
880.6858850747145
 10
316.24262365572775
 20
880.6127625427664
 10
316.45737764324696
 20
880.5283903905186
 10
316.8416343366303
 20
880.3221052182812
 10
317.17735334242843
 20
880.0632375511598
 10
317.4645346606412
 20
879.7517873891544
 10
317.7031782912688
 20
879.3877547322649
 10
317.89075622974934
 20
878.9804931973697
 10
318.02474047152117
 20
878.5393564013474
 10
318.10513101658427
 20
878.0643443441978
 10
318.13192786493863
 20
877.5554570259211
 10
318.117897439621
 20
877.1765723422315
 10
318.0758061636682
 20
876.8205660998254
 10
318.0056540370801
 20
876.4874382987031
 10
317.90744105985675
 20
876.1771889388644
 10
317.7811672319982
 20
875.8898180203095
 10
317.6268325535044
 20
875.6253255430382
 10
317.4444370243754
 20
875.3837115070506
 10
317.23398064461117
 20
875.1649759123467
 10
316.99584261489593
 20
874.9711411625758
 10
316.73040213591406
 20
874.8042296613875
 10
316.43765920766543
 20
874.6642414087815
 10
316.11761383015005
 20
874.551176404758
 10
315.770266003368
 20
874.465034649317
 10
315.39561572731924
 20
874.4058161424584
 10
314.99366300200376
 20
874.3735208841823
 10
314.5644078274216
 20
874.3681488744886
  0
CIRCLE
  5
13F
330
17
100
AcDbEntity
  8
cut
 62
5
420
255
100
AcDbCircle
 10
378.0
 20
1012.8000000000002
 30
0.0
 40
4.4
  0
CIRCLE
  5
140
330
17
100
AcDbEntity
  8
cut
 62
5
420
255
100
AcDbCircle
 10
378.0
 20
712.8000000000002
 30
0.0
 40
4.4
  0
LWPOLYLINE
  5
141
330
17
100
AcDbEntity
  8
cut
 62
5
420
255
100
AcDbPolyline
 90
4
 70
1
 10
348.0
 20
1012.8000000000002
 10
348.0
 20
712.8000000000002
 42
0.9999999999999999
 10
408.0
 20
712.8000000000002
 10
407.99999999999994
 20
1012.8000000000002
 42
0.9999999999999999
  0
LWPOLYLINE
  5
142
330
17
100
AcDbEntity
  8
line engraving
 62
1
420
16711680
100
AcDbPolyline
 90
7
 70
0
 10
383.9296875
 20
844.711621759891
 10
372.0703125
 20
844.711621759891
 10
372.0703125
 20
846.2810069918146
 10
382.5301841746248
 20
846.2810069918146
 10
382.5301841746248
 20
852.1217087312416
 10
383.9296875
 20
852.1217087312416
 10
383.9296875
 20
844.711621759891
  0
LWPOLYLINE
  5
143
330
17
100
AcDbEntity
  8
line engraving
 62
1
420
16711680
100
AcDbPolyline
 90
5
 70
0
 10
373.7448627216917
 20
853.8124381821284
 10
372.0703125
 20
853.8124381821284
 10
372.0703125
 20
855.2685688096864
 10
373.7448627216917
 20
855.2685688096864
 10
373.7448627216917
 20
853.8124381821284
  0
LWPOLYLINE
  5
144
330
17
100
AcDbEntity
  8
line engraving
 62
1
420
16711680
100
AcDbPolyline
 90
5
 70
0
 10
383.9296875
 20
853.8124381821284
 10
375.3385167974079
 20
853.8124381821284
 10
375.3385167974079
 20
855.2685688096864
 10
383.9296875
 20
855.2685688096864
 10
383.9296875
 20
853.8124381821284
  0
LWPOLYLINE
  5
145
330
17
100
AcDbEntity
  8
line engraving
 62
1
420
16711680
100
AcDbPolyline
 90
61
 70
0
 10
383.9296875
 20
857.4851232094136
 10
375.3385167974079
 20
857.4851232094136
 10
375.3385167974079
 20
858.7956407742157
 10
376.5600486016371
 20
858.7956407742157
 10
376.2282480029097
 20
859.0454076249149
 10
375.94068748401264
 20
859.3214657230561
 10
375.69736704494585
 20
859.6238150686394
 10
375.49828668570945
 20
859.9524556616645
 10
375.3434464063033
 20
860.3073875021319
 10
375.2328462067275
 20
860.6886105900411
 10
375.166486086982
 20
861.0961249253925
 10
375.14436604706685
 20
861.5299305081858
 10
375.1618092785428
 20
861.9103951947264
 10
375.21413897297066
 20
862.2751862529844
 10
375.30135513035043
 20
862.6243036829597
 10
375.42345775068213
 20
862.9577474846523
 10
375.5738740221052
 20
863.2628776352534
 10
375.7460311327592
 20
863.5270541119545
 10
375.9399290826441
 20
863.7502769147554
 10
376.1555678717599
 20
863.9325460436564
 10
376.3926946996504
 20
864.0822039137109
 10
376.6510567658595
 20
864.2075929399729
 10
376.9306540703871
 20
864.3087131224422
 10
377.2314866132333
 20
864.3855644611189
 10
377.4716470465979
 20
864.4209565249831
 10
377.78764761681447
 20
864.4462365706004
 10
378.179488323883
 20
864.4614045979708
 10
378.64716916780355
 20
864.4664606070943
 10
383.9296875
 20
864.4664606070943
 10
383.9296875
 20
863.0103299795363
 10
378.70379646998634
 20
863.0103299795363
 10
378.2869285177567
 20
862.9997123603771
 10
377.9261822667974
 20
862.9678595028993
 10
377.62155771710866
 20
862.9147714071029
 10
377.3730548686903
 20
862.8404480729879
 10
377.16373609097883
 20
862.7390750900624
 10
376.97666375341066
 20
862.6048380478344
 10
376.8118378559857
 20
862.4377369463039
 10
376.66925839870396
 20
862.2377717854708
 10
376.5542341911451
 20
862.0120209781081
 10
376.47207404288883
 20
861.7675629369886
 10
376.422777953935
 20
861.5043976621122
 10
376.40634592428376
 20
861.2225251534791
 10
376.4155731409341
 20
860.9939303409844
 10
376.4432547908851
 20
860.7732987428592
 10
376.4893908741367
 20
860.5606303591034
 10
376.55398139068893
 20
860.355925189717
 10
376.63702634054187
 20
860.1591832347002
 10
376.73852572369543
 20
859.9704044940529
 10
376.85847954014963
 20
859.789588967775
 10
376.9968877899045
 20
859.6167366558665
 10
377.16108168618905
 20
859.4584203701879
 10
377.3583924422323
 20
859.3212129225999
 10
377.5888200580342
 20
859.2051143131024
 10
377.8523645335948
 20
859.1101245416953
 10
378.1490258689141
 20
859.0362436083786
 10
378.47880406399213
 20
858.9834715131525
 10
378.84169911882884
 20
858.9518082560168
 10
379.23771103342426
 20
858.9412538369716
 10
383.9296875
 20
858.9412538369716
 10
383.9296875
 20
857.4851232094136
  0
LWPOLYLINE
  5
146
330
17
100
AcDbEntity
  8
line engraving
 62
1
420
16711680
100
AcDbPolyline
 90
13
 70
0
 10
383.9296875
 20
866.7072838506141
 10
372.0703125
 20
866.7072838506141
 10
372.0703125
 20
868.1634144781721
 10
378.83323030354705
 20
868.1634144781721
 10
375.3385167974079
 20
871.609590296726
 10
375.3385167974079
 20
873.4944704979538
 10
378.5258249488404
 20
870.2100869713508
 10
383.9296875
 20
873.8261446964531
 10
383.9296875
 20
872.0302502557983
 10
379.5370267735334
 20
869.1907955320602
 10
380.52395975443386
 20
868.1634144781721
 10
383.9296875
 20
868.1634144781721
 10
383.9296875
 20
866.7072838506141
  0
LWPOLYLINE
  5
147
330
17
100
AcDbEntity
  8
line engraving
 62
1
420
16711680
100
AcDbPolyline
 90
61
 70
0
 10
380.5644078274216
 20
874.3681488744886
 10
380.3702570770805
 20
875.7838314290589
 10
380.6966224660002
 20
875.8041818657808
 10
380.9961910065655
 20
875.8369195248553
 10
381.2689626987764
 20
875.8820444062821
 10
381.514937542633
 20
875.9395565100615
 10
381.7341155381352
 20
876.0094558361934
 10
381.9264966852831
 20
876.0917423846779
 10
382.0920809840766
 20
876.1864161555147
 10
382.2308684345157
 20
876.2934771487041
 10
382.45029923047406
 20
876.5417271966662
 10
382.6070355133015
 20
876.8334589230902
 10
382.70107728299797
 20
877.168672327976
 10
382.73242453956345
 20
877.5473674113235
 10
382.7154869089998
 20
877.832526325887
 10
382.66467401730904
 20
878.0974612039565
 10
382.57998586449094
 20
878.3421720455323
 10
382.4614224505457
 20
878.5666588506141
 10
382.3137869841405
 20
878.7643488073415
 10
382.1418826739427
 20
878.9286691038542
 10
381.9457095199523
 20
879.0596197401519
 10
381.7252675221692
 20
879.1572007162348
 10
381.45805743999404
 20
879.2279848439633
 10
381.1215800328274
 20
879.278544935198
 10
380.71583530066937
 20
879.3088809899389
 10
380.2408232435198
 20
879.3189930081858
 10
372.0703125
 20
879.3189930081858
 10
372.0703125
 20
880.8883782401093
 10
380.1518374829468
 20
880.8883782401093
 10
380.5134685355027
 20
880.8827534299595
 10
380.85411715019615
 20
880.8658789995098
 10
381.1737833270272
 20
880.8377549487606
 10
381.47246706599594
 20
880.7983812777117
 10
381.7501683671023
 20
880.7477579863629
 10
382.0068872303462
 20
880.6858850747145
 10
382.24262365572775
 20
880.6127625427664
 10
382.45737764324696
 20
880.5283903905186
 10
382.8416343366303
 20
880.3221052182812
 10
383.17735334242843
 20
880.0632375511598
 10
383.4645346606412
 20
879.7517873891544
 10
383.7031782912688
 20
879.3877547322649
 10
383.89075622974934
 20
878.9804931973697
 10
384.02474047152117
 20
878.5393564013474
 10
384.10513101658427
 20
878.0643443441978
 10
384.13192786493863
 20
877.5554570259211
 10
384.117897439621
 20
877.1765723422315
 10
384.0758061636682
 20
876.8205660998254
 10
384.0056540370801
 20
876.4874382987031
 10
383.90744105985675
 20
876.1771889388644
 10
383.7811672319982
 20
875.8898180203095
 10
383.6268325535044
 20
875.6253255430382
 10
383.4444370243754
 20
875.3837115070506
 10
383.23398064461117
 20
875.1649759123467
 10
382.99584261489593
 20
874.9711411625758
 10
382.73040213591406
 20
874.8042296613875
 10
382.43765920766543
 20
874.6642414087815
 10
382.11761383015005
 20
874.551176404758
 10
381.770266003368
 20
874.465034649317
 10
381.39561572731924
 20
874.4058161424584
 10
380.99366300200376
 20
874.3735208841823
 10
380.5644078274216
 20
874.3681488744886
  0
CIRCLE
  5
148
330
17
100
AcDbEntity
  8
cut
 62
5
420
255
100
AcDbCircle
 10
444.0
 20
1012.8000000000002
 30
0.0
 40
4.4
  0
CIRCLE
  5
149
330
17
100
AcDbEntity
  8
cut
 62
5
420
255
100
AcDbCircle
 10
444.0
 20
712.8000000000002
 30
0.0
 40
4.4
  0
LWPOLYLINE
  5
14A
330
17
100
AcDbEntity
  8
cut
 62
5
420
255
100
AcDbPolyline
 90
4
 70
1
 10
414.0
 20
1012.8000000000002
 10
414.0
 20
712.8000000000002
 42
0.9999999999999999
 10
474.0
 20
712.8000000000002
 10
473.99999999999994
 20
1012.8000000000002
 42
0.9999999999999999
  0
LWPOLYLINE
  5
14B
330
17
100
AcDbEntity
  8
line engraving
 62
1
420
16711680
100
AcDbPolyline
 90
7
 70
0
 10
449.9296875
 20
844.711621759891
 10
438.0703125
 20
844.711621759891
 10
438.0703125
 20
846.2810069918146
 10
448.5301841746248
 20
846.2810069918146
 10
448.5301841746248
 20
852.1217087312416
 10
449.9296875
 20
852.1217087312416
 10
449.9296875
 20
844.711621759891
  0
LWPOLYLINE
  5
14C
330
17
100
AcDbEntity
  8
line engraving
 62
1
420
16711680
100
AcDbPolyline
 90
5
 70
0
 10
439.7448627216917
 20
853.8124381821284
 10
438.0703125
 20
853.8124381821284
 10
438.0703125
 20
855.2685688096864
 10
439.7448627216917
 20
855.2685688096864
 10
439.7448627216917
 20
853.8124381821284
  0
LWPOLYLINE
  5
14D
330
17
100
AcDbEntity
  8
line engraving
 62
1
420
16711680
100
AcDbPolyline
 90
5
 70
0
 10
449.9296875
 20
853.8124381821284
 10
441.3385167974079
 20
853.8124381821284
 10
441.3385167974079
 20
855.2685688096864
 10
449.9296875
 20
855.2685688096864
 10
449.9296875
 20
853.8124381821284
  0
LWPOLYLINE
  5
14E
330
17
100
AcDbEntity
  8
line engraving
 62
1
420
16711680
100
AcDbPolyline
 90
61
 70
0
 10
449.9296875
 20
857.4851232094136
 10
441.3385167974079
 20
857.4851232094136
 10
441.3385167974079
 20
858.7956407742157
 10
442.5600486016371
 20
858.7956407742157
 10
442.2282480029097
 20
859.0454076249149
 10
441.94068748401264
 20
859.3214657230561
 10
441.69736704494585
 20
859.6238150686394
 10
441.49828668570945
 20
859.9524556616645
 10
441.3434464063033
 20
860.3073875021319
 10
441.2328462067275
 20
860.6886105900411
 10
441.166486086982
 20
861.0961249253925
 10
441.14436604706685
 20
861.5299305081858
 10
441.1618092785428
 20
861.9103951947264
 10
441.21413897297066
 20
862.2751862529844
 10
441.30135513035043
 20
862.6243036829597
 10
441.42345775068213
 20
862.9577474846523
 10
441.5738740221052
 20
863.2628776352534
 10
441.7460311327592
 20
863.5270541119545
 10
441.9399290826441
 20
863.7502769147554
 10
442.1555678717599
 20
863.9325460436564
 10
442.3926946996504
 20
864.0822039137109
 10
442.6510567658595
 20
864.2075929399729
 10
442.9306540703871
 20
864.3087131224422
 10
443.2314866132333
 20
864.3855644611189
 10
443.4716470465979
 20
864.4209565249831
 10
443.78764761681447
 20
864.4462365706004
 10
444.179488323883
 20
864.4614045979708
 10
444.64716916780355
 20
864.4664606070943
 10
449.9296875
 20
864.4664606070943
 10
449.9296875
 20
863.0103299795363
 10
444.70379646998634
 20
863.0103299795363
 10
444.2869285177567
 20
862.9997123603771
 10
443.9261822667974
 20
862.9678595028993
 10
443.62155771710866
 20
862.9147714071029
 10
443.3730548686903
 20
862.8404480729879
 10
443.16373609097883
 20
862.7390750900624
 10
442.97666375341066
 20
862.6048380478344
 10
442.8118378559857
 20
862.4377369463039
 10
442.66925839870396
 20
862.2377717854708
 10
442.5542341911451
 20
862.0120209781081
 10
442.47207404288883
 20
861.7675629369886
 10
442.422777953935
 20
861.5043976621122
 10
442.40634592428376
 20
861.2225251534791
 10
442.4155731409341
 20
860.9939303409844
 10
442.4432547908851
 20
860.7732987428592
 10
442.4893908741367
 20
860.5606303591034
 10
442.55398139068893
 20
860.355925189717
 10
442.63702634054187
 20
860.1591832347002
 10
442.73852572369543
 20
859.9704044940529
 10
442.85847954014963
 20
859.789588967775
 10
442.9968877899045
 20
859.6167366558665
 10
443.16108168618905
 20
859.4584203701879
 10
443.3583924422323
 20
859.3212129225999
 10
443.5888200580342
 20
859.2051143131024
 10
443.8523645335948
 20
859.1101245416953
 10
444.1490258689141
 20
859.0362436083786
 10
444.47880406399213
 20
858.9834715131525
 10
444.84169911882884
 20
858.9518082560168
 10
445.23771103342426
 20
858.9412538369716
 10
449.9296875
 20
858.9412538369716
 10
449.9296875
 20
857.4851232094136
  0
LWPOLYLINE
  5
14F
330
17
100
AcDbEntity
  8
line engraving
 62
1
420
16711680
100
AcDbPolyline
 90
13
 70
0
 10
449.9296875
 20
866.7072838506141
 10
438.0703125
 20
866.7072838506141
 10
438.0703125
 20
868.1634144781721
 10
444.83323030354705
 20
868.1634144781721
 10
441.3385167974079
 20
871.609590296726
 10
441.3385167974079
 20
873.4944704979538
 10
444.5258249488404
 20
870.2100869713508
 10
449.9296875
 20
873.8261446964531
 10
449.9296875
 20
872.0302502557983
 10
445.5370267735334
 20
869.1907955320602
 10
446.52395975443386
 20
868.1634144781721
 10
449.9296875
 20
868.1634144781721
 10
449.9296875
 20
866.7072838506141
  0
LWPOLYLINE
  5
150
330
17
100
AcDbEntity
  8
line engraving
 62
1
420
16711680
100
AcDbPolyline
 90
61
 70
0
 10
446.5644078274216
 20
874.3681488744886
 10
446.3702570770805
 20
875.7838314290589
 10
446.6966224660002
 20
875.8041818657808
 10
446.9961910065655
 20
875.8369195248553
 10
447.2689626987764
 20
875.8820444062821
 10
447.514937542633
 20
875.9395565100615
 10
447.7341155381352
 20
876.0094558361934
 10
447.9264966852831
 20
876.0917423846779
 10
448.0920809840766
 20
876.1864161555147
 10
448.2308684345157
 20
876.2934771487041
 10
448.45029923047406
 20
876.5417271966662
 10
448.6070355133015
 20
876.8334589230902
 10
448.70107728299797
 20
877.168672327976
 10
448.73242453956345
 20
877.5473674113235
 10
448.7154869089998
 20
877.832526325887
 10
448.66467401730904
 20
878.0974612039565
 10
448.57998586449094
 20
878.3421720455323
 10
448.4614224505457
 20
878.5666588506141
 10
448.3137869841405
 20
878.7643488073415
 10
448.1418826739427
 20
878.9286691038542
 10
447.9457095199523
 20
879.0596197401519
 10
447.7252675221692
 20
879.1572007162348
 10
447.45805743999404
 20
879.2279848439633
 10
447.1215800328274
 20
879.278544935198
 10
446.71583530066937
 20
879.3088809899389
 10
446.2408232435198
 20
879.3189930081858
 10
438.0703125
 20
879.3189930081858
 10
438.0703125
 20
880.8883782401093
 10
446.1518374829468
 20
880.8883782401093
 10
446.5134685355027
 20
880.8827534299595
 10
446.85411715019615
 20
880.8658789995098
 10
447.1737833270272
 20
880.8377549487606
 10
447.47246706599594
 20
880.7983812777117
 10
447.7501683671023
 20
880.7477579863629
 10
448.0068872303462
 20
880.6858850747145
 10
448.24262365572775
 20
880.6127625427664
 10
448.45737764324696
 20
880.5283903905186
 10
448.8416343366303
 20
880.3221052182812
 10
449.17735334242843
 20
880.0632375511598
 10
449.4645346606412
 20
879.7517873891544
 10
449.7031782912688
 20
879.3877547322649
 10
449.89075622974934
 20
878.9804931973697
 10
450.02474047152117
 20
878.5393564013474
 10
450.10513101658427
 20
878.0643443441978
 10
450.13192786493863
 20
877.5554570259211
 10
450.117897439621
 20
877.1765723422315
 10
450.0758061636682
 20
876.8205660998254
 10
450.0056540370801
 20
876.4874382987031
 10
449.90744105985675
 20
876.1771889388644
 10
449.7811672319982
 20
875.8898180203095
 10
449.6268325535044
 20
875.6253255430382
 10
449.4444370243754
 20
875.3837115070506
 10
449.23398064461117
 20
875.1649759123467
 10
448.99584261489593
 20
874.9711411625758
 10
448.73040213591406
 20
874.8042296613875
 10
448.43765920766543
 20
874.6642414087815
 10
448.11761383015005
 20
874.551176404758
 10
447.770266003368
 20
874.465034649317
 10
447.39561572731924
 20
874.4058161424584
 10
446.99366300200376
 20
874.3735208841823
 10
446.5644078274216
 20
874.3681488744886
  0
CIRCLE
  5
151
330
17
100
AcDbEntity
  8
cut
 62
5
420
255
100
AcDbCircle
 10
510.0
 20
1012.8000000000002
 30
0.0
 40
4.4
  0
CIRCLE
  5
152
330
17
100
AcDbEntity
  8
cut
 62
5
420
255
100
AcDbCircle
 10
510.0
 20
712.8000000000002
 30
0.0
 40
4.4
  0
LWPOLYLINE
  5
153
330
17
100
AcDbEntity
  8
cut
 62
5
420
255
100
AcDbPolyline
 90
4
 70
1
 10
480.0
 20
1012.8000000000002
 10
480.0
 20
712.8000000000002
 42
0.9999999999999999
 10
540.0
 20
712.8000000000002
 10
540.0
 20
1012.8000000000002
 42
0.9999999999999999
  0
LWPOLYLINE
  5
154
330
17
100
AcDbEntity
  8
line engraving
 62
1
420
16711680
100
AcDbPolyline
 90
7
 70
0
 10
515.9296875
 20
844.711621759891
 10
504.0703125
 20
844.711621759891
 10
504.0703125
 20
846.2810069918146
 10
514.5301841746249
 20
846.2810069918146
 10
514.5301841746249
 20
852.1217087312416
 10
515.9296875
 20
852.1217087312416
 10
515.9296875
 20
844.711621759891
  0
LWPOLYLINE
  5
155
330
17
100
AcDbEntity
  8
line engraving
 62
1
420
16711680
100
AcDbPolyline
 90
5
 70
0
 10
505.7448627216917
 20
853.8124381821284
 10
504.0703125
 20
853.8124381821284
 10
504.0703125
 20
855.2685688096864
 10
505.7448627216917
 20
855.2685688096864
 10
505.7448627216917
 20
853.8124381821284
  0
LWPOLYLINE
  5
156
330
17
100
AcDbEntity
  8
line engraving
 62
1
420
16711680
100
AcDbPolyline
 90
5
 70
0
 10
515.9296875
 20
853.8124381821284
 10
507.3385167974079
 20
853.8124381821284
 10
507.3385167974079
 20
855.2685688096864
 10
515.9296875
 20
855.2685688096864
 10
515.9296875
 20
853.8124381821284
  0
LWPOLYLINE
  5
157
330
17
100
AcDbEntity
  8
line engraving
 62
1
420
16711680
100
AcDbPolyline
 90
61
 70
0
 10
515.9296875
 20
857.4851232094136
 10
507.3385167974079
 20
857.4851232094136
 10
507.3385167974079
 20
858.7956407742157
 10
508.5600486016371
 20
858.7956407742157
 10
508.2282480029097
 20
859.0454076249149
 10
507.94068748401264
 20
859.3214657230561
 10
507.69736704494585
 20
859.6238150686394
 10
507.49828668570945
 20
859.9524556616645
 10
507.3434464063033
 20
860.3073875021319
 10
507.2328462067275
 20
860.6886105900411
 10
507.166486086982
 20
861.0961249253925
 10
507.14436604706685
 20
861.5299305081858
 10
507.1618092785428
 20
861.9103951947264
 10
507.21413897297066
 20
862.2751862529844
 10
507.30135513035043
 20
862.6243036829597
 10
507.42345775068213
 20
862.9577474846523
 10
507.5738740221052
 20
863.2628776352534
 10
507.7460311327592
 20
863.5270541119545
 10
507.9399290826441
 20
863.7502769147554
 10
508.1555678717599
 20
863.9325460436564
 10
508.3926946996504
 20
864.0822039137109
 10
508.6510567658595
 20
864.2075929399729
 10
508.9306540703871
 20
864.3087131224422
 10
509.2314866132333
 20
864.3855644611189
 10
509.4716470465979
 20
864.4209565249831
 10
509.78764761681447
 20
864.4462365706004
 10
510.179488323883
 20
864.4614045979708
 10
510.64716916780355
 20
864.4664606070943
 10
515.9296875
 20
864.4664606070943
 10
515.9296875
 20
863.0103299795363
 10
510.70379646998634
 20
863.0103299795363
 10
510.2869285177567
 20
862.9997123603771
 10
509.9261822667974
 20
862.9678595028993
 10
509.62155771710866
 20
862.9147714071029
 10
509.3730548686903
 20
862.8404480729879
 10
509.16373609097883
 20
862.7390750900624
 10
508.97666375341066
 20
862.6048380478344
 10
508.8118378559857
 20
862.4377369463039
 10
508.66925839870396
 20
862.2377717854708
 10
508.5542341911451
 20
862.0120209781081
 10
508.47207404288883
 20
861.7675629369886
 10
508.422777953935
 20
861.5043976621122
 10
508.40634592428376
 20
861.2225251534791
 10
508.4155731409341
 20
860.9939303409844
 10
508.4432547908851
 20
860.7732987428592
 10
508.4893908741367
 20
860.5606303591034
 10
508.55398139068893
 20
860.355925189717
 10
508.63702634054187
 20
860.1591832347002
 10
508.73852572369543
 20
859.9704044940529
 10
508.85847954014963
 20
859.789588967775
 10
508.9968877899045
 20
859.6167366558665
 10
509.16108168618905
 20
859.4584203701879
 10
509.3583924422323
 20
859.3212129225999
 10
509.5888200580342
 20
859.2051143131024
 10
509.8523645335948
 20
859.1101245416953
 10
510.1490258689141
 20
859.0362436083786
 10
510.47880406399213
 20
858.9834715131525
 10
510.84169911882884
 20
858.9518082560168
 10
511.23771103342426
 20
858.9412538369716
 10
515.9296875
 20
858.9412538369716
 10
515.9296875
 20
857.4851232094136
  0
LWPOLYLINE
  5
158
330
17
100
AcDbEntity
  8
line engraving
 62
1
420
16711680
100
AcDbPolyline
 90
13
 70
0
 10
515.9296875
 20
866.7072838506141
 10
504.0703125
 20
866.7072838506141
 10
504.0703125
 20
868.1634144781721
 10
510.83323030354705
 20
868.1634144781721
 10
507.3385167974079
 20
871.609590296726
 10
507.3385167974079
 20
873.4944704979538
 10
510.5258249488404
 20
870.2100869713508
 10
515.9296875
 20
873.8261446964531
 10
515.9296875
 20
872.0302502557983
 10
511.5370267735334
 20
869.1907955320602
 10
512.5239597544338
 20
868.1634144781721
 10
515.9296875
 20
868.1634144781721
 10
515.9296875
 20
866.7072838506141
  0
LWPOLYLINE
  5
159
330
17
100
AcDbEntity
  8
line engraving
 62
1
420
16711680
100
AcDbPolyline
 90
61
 70
0
 10
512.5644078274215
 20
874.3681488744886
 10
512.3702570770805
 20
875.7838314290589
 10
512.6966224660002
 20
875.8041818657808
 10
512.9961910065655
 20
875.8369195248553
 10
513.2689626987765
 20
875.8820444062821
 10
513.514937542633
 20
875.9395565100615
 10
513.7341155381353
 20
876.0094558361934
 10
513.9264966852832
 20
876.0917423846779
 10
514.0920809840766
 20
876.1864161555147
 10
514.2308684345157
 20
876.2934771487041
 10
514.4502992304741
 20
876.5417271966662
 10
514.6070355133015
 20
876.8334589230902
 10
514.701077282998
 20
877.168672327976
 10
514.7324245395635
 20
877.5473674113235
 10
514.7154869089999
 20
877.832526325887
 10
514.664674017309
 20
878.0974612039565
 10
514.5799858644909
 20
878.3421720455323
 10
514.4614224505457
 20
878.5666588506141
 10
514.3137869841405
 20
878.7643488073415
 10
514.1418826739426
 20
878.9286691038542
 10
513.9457095199522
 20
879.0596197401519
 10
513.7252675221691
 20
879.1572007162348
 10
513.458057439994
 20
879.2279848439633
 10
513.1215800328274
 20
879.278544935198
 10
512.7158353006694
 20
879.3088809899389
 10
512.2408232435198
 20
879.3189930081858
 10
504.0703125
 20
879.3189930081858
 10
504.0703125
 20
880.8883782401093
 10
512.1518374829468
 20
880.8883782401093
 10
512.5134685355026
 20
880.8827534299595
 10
512.8541171501961
 20
880.8658789995098
 10
513.1737833270272
 20
880.8377549487606
 10
513.4724670659959
 20
880.7983812777117
 10
513.7501683671022
 20
880.7477579863629
 10
514.0068872303461
 20
880.6858850747145
 10
514.2426236557277
 20
880.6127625427664
 10
514.4573776432469
 20
880.5283903905186
 10
514.8416343366302
 20
880.3221052182812
 10
515.1773533424283
 20
880.0632375511598
 10
515.4645346606412
 20
879.7517873891544
 10
515.7031782912687
 20
879.3877547322649
 10
515.8907562297493
 20
878.9804931973697
 10
516.0247404715211
 20
878.5393564013474
 10
516.1051310165842
 20
878.0643443441978
 10
516.1319278649386
 20
877.5554570259211
 10
516.117897439621
 20
877.1765723422315
 10
516.0758061636681
 20
876.8205660998254
 10
516.00565403708
 20
876.4874382987031
 10
515.9074410598568
 20
876.1771889388644
 10
515.7811672319982
 20
875.8898180203095
 10
515.6268325535044
 20
875.6253255430382
 10
515.4444370243754
 20
875.3837115070506
 10
515.2339806446112
 20
875.1649759123467
 10
514.995842614896
 20
874.9711411625758
 10
514.730402135914
 20
874.8042296613875
 10
514.4376592076654
 20
874.6642414087815
 10
514.11761383015
 20
874.551176404758
 10
513.770266003368
 20
874.465034649317
 10
513.3956157273192
 20
874.4058161424584
 10
512.9936630020037
 20
874.3735208841823
 10
512.5644078274215
 20
874.3681488744886
  0
CIRCLE
  5
15A
330
17
100
AcDbEntity
  8
cut
 62
5
420
255
100
AcDbCircle
 10
180.0
 20
1144.8000000000002
 30
0.0
 40
4.4
  0
CIRCLE
  5
15B
330
17
100
AcDbEntity
  8
cut
 62
5
420
255
100
AcDbCircle
 10
480.0
 20
1144.8000000000002
 30
0.0
 40
4.4
  0
LWPOLYLINE
  5
15C
330
17
100
AcDbEntity
  8
cut
 62
5
420
255
100
AcDbPolyline
 90
4
 70
1
 10
180.0
 20
1114.8000000000002
 10
480.0
 20
1114.8000000000002
 42
0.9999999999999999
 10
480.0
 20
1174.8000000000002
 10
180.0
 20
1174.8000000000002
 42
0.9999999999999999
  0
LWPOLYLINE
  5
15D
330
17
100
AcDbEntity
  8
line engraving
 62
1
420
16711680
100
AcDbPolyline
 90
7
 70
0
 10
311.91162175989086
 20
1138.8703125000002
 10
311.91162175989086
 20
1150.7296875000002
 10
313.48100699181447
 20
1150.7296875000002
 10
313.48100699181447
 20
1140.2698158253754
 10
319.3217087312415
 20
1140.2698158253754
 10
319.3217087312415
 20
1138.8703125000002
 10
311.91162175989086
 20
1138.8703125000002
  0
LWPOLYLINE
  5
15E
330
17
100
AcDbEntity
  8
line engraving
 62
1
420
16711680
100
AcDbPolyline
 90
5
 70
0
 10
321.0124381821282
 20
1149.0551372783084
 10
321.0124381821282
 20
1150.7296875000002
 10
322.4685688096862
 20
1150.7296875000002
 10
322.4685688096862
 20
1149.0551372783084
 10
321.0124381821282
 20
1149.0551372783084
  0
LWPOLYLINE
  5
15F
330
17
100
AcDbEntity
  8
line engraving
 62
1
420
16711680
100
AcDbPolyline
 90
5
 70
0
 10
321.0124381821282
 20
1138.8703125000002
 10
321.0124381821282
 20
1147.4614832025923
 10
322.4685688096862
 20
1147.4614832025923
 10
322.4685688096862
 20
1138.8703125000002
 10
321.0124381821282
 20
1138.8703125000002
  0
LWPOLYLINE
  5
160
330
17
100
AcDbEntity
  8
line engraving
 62
1
420
16711680
100
AcDbPolyline
 90
61
 70
0
 10
324.68512320941335
 20
1138.8703125000002
 10
324.68512320941335
 20
1147.4614832025923
 10
325.99564077421553
 20
1147.4614832025923
 10
325.99564077421553
 20
1146.239951398363
 10
326.2454076249147
 20
1146.5717519970904
 10
326.52146572305594
 20
1146.8593125159875
 10
326.82381506863914
 20
1147.1026329550543
 10
327.15245566166436
 20
1147.3017133142907
 10
327.5073875021316
 20
1147.456553593697
 10
327.8886105900409
 20
1147.5671537932728
 10
328.29612492539223
 20
1147.6335139130183
 10
328.72993050818553
 20
1147.6556339529334
 10
329.11039519472627
 20
1147.6381907214575
 10
329.4751862529843
 20
1147.5858610270295
 10
329.82430368295957
 20
1147.4986448696498
 10
330.15774748465213
 20
1147.3765422493182
 10
330.4628776352532
 20
1147.226125977895
 10
330.7270541119543
 20
1147.053968867241
 10
330.95027691475525
 20
1146.860070917356
 10
331.1325460436562
 20
1146.6444321282404
 10
331.28220391371076
 20
1146.40730530035
 10
331.4075929399727
 20
1146.1489432341407
 10
331.50871312244203
 20
1145.869345929613
 10
331.5855644611187
 20
1145.5685133867669
 10
331.62095652498294
 20
1145.3283529534024
 10
331.64623657060025
 20
1145.0123523831858
 10
331.66140459797066
 20
1144.6205116761173
 10
331.6664606070941
 20
1144.1528308321967
 10
331.6664606070941
 20
1138.8703125000002
 10
330.21032997953614
 20
1138.8703125000002
 10
330.21032997953614
 20
1144.0962035300138
 10
330.19971236037685
 20
1144.5130714822435
 10
330.16785950289903
 20
1144.8738177332027
 10
330.11477140710264
 20
1145.1784422828916
 10
330.0404480729877
 20
1145.4269451313098
 10
329.93907509006226
 20
1145.6362639090214
 10
329.8048380478342
 20
1145.8233362465896
 10
329.63773694630373
 20
1145.9881621440145
 10
329.43777178547066
 20
1146.1307416012962
 10
329.21202097810794
 20
1146.245765808855
 10
328.9675629369884
 20
1146.3279259571113
 10
328.704397662112
 20
1146.377222046065
 10
328.42252515347883
 20
1146.3936540757163
 10
328.1939303409842
 20
1146.384426859066
 10
327.97329874285896
 20
1146.356745209115
 10
327.76063035910323
 20
1146.3106091258635
 10
327.5559251897169
 20
1146.2460186093112
 10
327.3591832347001
 20
1146.1629736594582
 10
327.1704044940527
 20
1146.0614742763046
 10
326.98958896777475
 20
1145.9415204598504
 10
326.8167366558663
 20
1145.8031122100956
 10
326.6584203701878
 20
1145.638918313811
 10
326.5212129225998
 20
1145.4416075577678
 10
326.4051143131022
 20
1145.2111799419658
 10
326.31012454169513
 20
1144.9476354664052
 10
326.23624360837846
 20
1144.650974131086
 10
326.1834715131523
 20
1144.321195936008
 10
326.1518082560166
 20
1143.9583008811712
 10
326.1412538369714
 20
1143.5622889665758
 10
326.1412538369714
 20
1138.8703125000002
 10
324.68512320941335
 20
1138.8703125000002
  0
LWPOLYLINE
  5
161
330
17
100
AcDbEntity
  8
line engraving
 62
1
420
16711680
100
AcDbPolyline
 90
13
 70
0
 10
333.9072838506139
 20
1138.8703125000002
 10
333.9072838506139
 20
1150.7296875000002
 10
335.3634144781719
 20
1150.7296875000002
 10
335.3634144781719
 20
1143.9667696964532
 10
338.8095902967258
 20
1147.4614832025923
 10
340.6944704979536
 20
1147.4614832025923
 10
337.4100869713506
 20
1144.2741750511598
 10
341.02614469645295
 20
1138.8703125000002
 10
339.23025025579807
 20
1138.8703125000002
 10
336.39079553206
 20
1143.2629732264668
 10
335.3634144781719
 20
1142.2760402455663
 10
335.3634144781719
 20
1138.8703125000002
 10
333.9072838506139
 20
1138.8703125000002
  0
LWPOLYLINE
  5
162
330
17
100
AcDbEntity
  8
line engraving
 62
1
420
16711680
100
AcDbPolyline
 90
61
 70
0
 10
341.56814887448843
 20
1142.2355921725787
 10
342.9838314290587
 20
1142.4297429229198
 10
343.00418186578065
 20
1142.1033775340002
 10
343.0369195248551
 20
1141.8038089934348
 10
343.08204440628197
 20
1141.5310373012237
 10
343.1395565100614
 20
1141.285062457367
 10
343.2094558361933
 20
1141.065884461865
 10
343.2917423846777
 20
1140.873503314717
 10
343.3864161555146
 20
1140.7079190159236
 10
343.49347714870396
 20
1140.5691315654844
 10
343.7417271966661
 20
1140.349700769526
 10
344.03345892309005
 20
1140.1929644866987
 10
344.3686723279758
 20
1140.098922717002
 10
344.74736741132335
 20
1140.0675754604367
 10
345.0325263258868
 20
1140.0845130910004
 10
345.29746120395635
 20
1140.135325982691
 10
345.5421720455321
 20
1140.2200141355092
 10
345.7666588506139
 20
1140.3385775494544
 10
345.9643488073414
 20
1140.4862130158597
 10
346.128669103854
 20
1140.6581173260574
 10
346.2596197401518
 20
1140.854290480048
 10
346.3572007162347
 20
1141.074732477831
 10
346.42798484396315
 20
1141.3419425600061
 10
346.4785449351978
 20
1141.6784199671729
 10
346.5088809899386
 20
1142.0841646993308
 10
346.51899300818553
 20
1142.5591767564804
 10
346.51899300818553
 20
1150.7296875000002
 10
348.08837824010914
 20
1150.7296875000002
 10
348.08837824010914
 20
1142.6481625170534
 10
348.08275342995927
 20
1142.2865314644976
 10
348.0658789995097
 20
1141.945882849804
 10
348.03775494876044
 20
1141.626216672973
 10
347.9983812777115
 20
1141.3275329340042
 10
347.9477579863628
 20
1141.0498316328978
 10
347.88588507471434
 20
1140.793112769654
 10
347.8127625427662
 20
1140.5573763442724
 10
347.7283903905184
 20
1140.3426223567533
 10
347.52210521828107
 20
1139.95836566337
 10
347.26323755115965
 20
1139.6226466575717
 10
346.95178738915416
 20
1139.335465339359
 10
346.58775473226467
 20
1139.0968217087313
 10
346.1804931973695
 20
1138.9092437702507
 10
345.7393564013472
 20
1138.775259528479
 10
345.26434434419764
 20
1138.6948689834157
 10
344.75545702592086
 20
1138.6680721350615
 10
344.3765723422312
 20
1138.682102560379
 10
344.0205660998252
 20
1138.724193836332
 10
343.6874382987029
 20
1138.79434596292
 10
343.37718893886426
 20
1138.8925589401433
 10
343.0898180203093
 20
1139.0188327680019
 10
342.825325543038
 20
1139.1731674464957
 10
342.5837115070504
 20
1139.3555629756247
 10
342.3649759123465
 20
1139.566019355389
 10
342.1711411625757
 20
1139.8041573851042
 10
342.0042296613873
 20
1140.069597864086
 10
341.8642414087813
 20
1140.3623407923346
 10
341.75117640475787
 20
1140.6823861698501
 10
341.6650346493168
 20
1141.029733996632
 10
341.60581614245825
 20
1141.404384272681
 10
341.57352088418213
 20
1141.8063369979964
 10
341.56814887448843
 20
1142.2355921725787
  0
CIRCLE
  5
163
330
17
100
AcDbEntity
  8
cut
 62
5
420
255
100
AcDbCircle
 10
546.0
 20
1078.8000000000002
 30
0.0
 40
4.4
  0
CIRCLE
  5
164
330
17
100
AcDbEntity
  8
cut
 62
5
420
255
100
AcDbCircle
 10
846.0
 20
1078.8000000000002
 30
0.0
 40
4.4
  0
LWPOLYLINE
  5
165
330
17
100
AcDbEntity
  8
cut
 62
5
420
255
100
AcDbPolyline
 90
4
 70
1
 10
546.0
 20
1048.8000000000002
 10
846.0
 20
1048.8000000000002
 42
0.9999999999999999
 10
846.0
 20
1108.8000000000002
 10
546.0
 20
1108.8000000000002
 42
0.9999999999999999
  0
LWPOLYLINE
  5
166
330
17
100
AcDbEntity
  8
line engraving
 62
1
420
16711680
100
AcDbPolyline
 90
7
 70
0
 10
677.9116217598909
 20
1072.8703125000002
 10
677.9116217598909
 20
1084.7296875000002
 10
679.4810069918144
 20
1084.7296875000002
 10
679.4810069918144
 20
1074.2698158253754
 10
685.3217087312414
 20
1074.2698158253754
 10
685.3217087312414
 20
1072.8703125000002
 10
677.9116217598909
 20
1072.8703125000002
  0
LWPOLYLINE
  5
167
330
17
100
AcDbEntity
  8
line engraving
 62
1
420
16711680
100
AcDbPolyline
 90
5
 70
0
 10
687.0124381821282
 20
1083.0551372783084
 10
687.0124381821282
 20
1084.7296875000002
 10
688.4685688096862
 20
1084.7296875000002
 10
688.4685688096862
 20
1083.0551372783084
 10
687.0124381821282
 20
1083.0551372783084
  0
LWPOLYLINE
  5
168
330
17
100
AcDbEntity
  8
line engraving
 62
1
420
16711680
100
AcDbPolyline
 90
5
 70
0
 10
687.0124381821282
 20
1072.8703125000002
 10
687.0124381821282
 20
1081.4614832025923
 10
688.4685688096862
 20
1081.4614832025923
 10
688.4685688096862
 20
1072.8703125000002
 10
687.0124381821282
 20
1072.8703125000002
  0
LWPOLYLINE
  5
169
330
17
100
AcDbEntity
  8
line engraving
 62
1
420
16711680
100
AcDbPolyline
 90
61
 70
0
 10
690.6851232094134
 20
1072.8703125000002
 10
690.6851232094134
 20
1081.4614832025923
 10
691.9956407742155
 20
1081.4614832025923
 10
691.9956407742155
 20
1080.239951398363
 10
692.2454076249147
 20
1080.5717519970904
 10
692.5214657230559
 20
1080.8593125159875
 10
692.8238150686392
 20
1081.1026329550543
 10
693.1524556616644
 20
1081.3017133142907
 10
693.5073875021317
 20
1081.456553593697
 10
693.8886105900409
 20
1081.5671537932728
 10
694.2961249253923
 20
1081.6335139130183
 10
694.7299305081856
 20
1081.6556339529334
 10
695.1103951947263
 20
1081.6381907214575
 10
695.4751862529843
 20
1081.5858610270295
 10
695.8243036829596
 20
1081.4986448696498
 10
696.1577474846521
 20
1081.3765422493182
 10
696.4628776352532
 20
1081.226125977895
 10
696.7270541119543
 20
1081.053968867241
 10
696.9502769147552
 20
1080.860070917356
 10
697.1325460436562
 20
1080.6444321282404
 10
697.2822039137108
 20
1080.40730530035
 10
697.4075929399727
 20
1080.1489432341407
 10
697.508713122442
 20
1079.869345929613
 10
697.5855644611187
 20
1079.5685133867669
 10
697.620956524983
 20
1079.3283529534024
 10
697.6462365706002
 20
1079.0123523831858
 10
697.6614045979707
 20
1078.6205116761173
 10
697.6664606070941
 20
1078.1528308321967
 10
697.6664606070941
 20
1072.8703125000002
 10
696.2103299795361
 20
1072.8703125000002
 10
696.2103299795361
 20
1078.0962035300138
 10
696.1997123603769
 20
1078.5130714822435
 10
696.1678595028991
 20
1078.8738177332027
 10
696.1147714071027
 20
1079.1784422828916
 10
696.0404480729877
 20
1079.4269451313098
 10
695.9390750900623
 20
1079.6362639090214
 10
695.8048380478342
 20
1079.8233362465896
 10
695.6377369463037
 20
1079.9881621440145
 10
695.4377717854707
 20
1080.1307416012962
 10
695.212020978108
 20
1080.245765808855
 10
694.9675629369884
 20
1080.3279259571113
 10
694.704397662112
 20
1080.377222046065
 10
694.4225251534789
 20
1080.3936540757163
 10
694.1939303409843
 20
1080.384426859066
 10
693.973298742859
 20
1080.356745209115
 10
693.7606303591032
 20
1080.3106091258635
 10
693.5559251897168
 20
1080.2460186093112
 10
693.3591832347
 20
1080.1629736594582
 10
693.1704044940527
 20
1080.0614742763046
 10
692.9895889677748
 20
1079.9415204598504
 10
692.8167366558663
 20
1079.8031122100956
 10
692.6584203701877
 20
1079.638918313811
 10
692.5212129225997
 20
1079.4416075577678
 10
692.4051143131022
 20
1079.2111799419658
 10
692.3101245416951
 20
1078.9476354664052
 10
692.2362436083785
 20
1078.650974131086
 10
692.1834715131523
 20
1078.321195936008
 10
692.1518082560166
 20
1077.9583008811712
 10
692.1412538369714
 20
1077.5622889665758
 10
692.1412538369714
 20
1072.8703125000002
 10
690.6851232094134
 20
1072.8703125000002
  0
LWPOLYLINE
  5
16A
330
17
100
AcDbEntity
  8
line engraving
 62
1
420
16711680
100
AcDbPolyline
 90
13
 70
0
 10
699.9072838506139
 20
1072.8703125000002
 10
699.9072838506139
 20
1084.7296875000002
 10
701.3634144781719
 20
1084.7296875000002
 10
701.3634144781719
 20
1077.9667696964532
 10
704.8095902967258
 20
1081.4614832025923
 10
706.6944704979536
 20
1081.4614832025923
 10
703.4100869713507
 20
1078.2741750511598
 10
707.0261446964529
 20
1072.8703125000002
 10
705.2302502557981
 20
1072.8703125000002
 10
702.39079553206
 20
1077.2629732264668
 10
701.3634144781719
 20
1076.2760402455663
 10
701.3634144781719
 20
1072.8703125000002
 10
699.9072838506139
 20
1072.8703125000002
  0
LWPOLYLINE
  5
16B
330
17
100
AcDbEntity
  8
line engraving
 62
1
420
16711680
100
AcDbPolyline
 90
61
 70
0
 10
707.5681488744884
 20
1076.2355921725787
 10
708.9838314290587
 20
1076.4297429229198
 10
709.0041818657807
 20
1076.1033775340002
 10
709.0369195248551
 20
1075.8038089934348
 10
709.082044406282
 20
1075.5310373012237
 10
709.1395565100613
 20
1075.285062457367
 10
709.2094558361932
 20
1075.065884461865
 10
709.2917423846777
 20
1074.873503314717
 10
709.3864161555146
 20
1074.7079190159236
 10
709.493477148704
 20
1074.5691315654844
 10
709.741727196666
 20
1074.349700769526
 10
710.03345892309
 20
1074.1929644866987
 10
710.3686723279758
 20
1074.098922717002
 10
710.7473674113234
 20
1074.0675754604367
 10
711.0325263258868
 20
1074.0845130910004
 10
711.2974612039563
 20
1074.135325982691
 10
711.5421720455321
 20
1074.2200141355092
 10
711.7666588506139
 20
1074.3385775494544
 10
711.9643488073414
 20
1074.4862130158597
 10
712.128669103854
 20
1074.6581173260574
 10
712.2596197401517
 20
1074.854290480048
 10
712.3572007162346
 20
1075.074732477831
 10
712.4279848439631
 20
1075.3419425600061
 10
712.4785449351979
 20
1075.6784199671729
 10
712.5088809899387
 20
1076.0841646993308
 10
712.5189930081856
 20
1076.5591767564804
 10
712.5189930081856
 20
1084.7296875000002
 10
714.0883782401091
 20
1084.7296875000002
 10
714.0883782401091
 20
1076.6481625170534
 10
714.0827534299593
 20
1076.2865314644976
 10
714.0658789995097
 20
1075.945882849804
 10
714.0377549487604
 20
1075.626216672973
 10
713.9983812777115
 20
1075.3275329340042
 10
713.9477579863627
 20
1075.0498316328978
 10
713.8858850747143
 20
1074.793112769654
 10
713.8127625427662
 20
1074.5573763442724
 10
713.7283903905184
 20
1074.3426223567533
 10
713.522105218281
 20
1073.95836566337
 10
713.2632375511596
 20
1073.6226466575717
 10
712.9517873891542
 20
1073.335465339359
 10
712.5877547322647
 20
1073.0968217087313
 10
712.1804931973695
 20
1072.9092437702507
 10
711.7393564013472
 20
1072.775259528479
 10
711.2643443441976
 20
1072.6948689834157
 10
710.7554570259209
 20
1072.6680721350615
 10
710.3765723422313
 20
1072.682102560379
 10
710.0205660998253
 20
1072.724193836332
 10
709.6874382987029
 20
1072.79434596292
 10
709.3771889388643
 20
1072.8925589401433
 10
709.0898180203093
 20
1073.0188327680019
 10
708.825325543038
 20
1073.1731674464957
 10
708.5837115070505
 20
1073.3555629756247
 10
708.3649759123465
 20
1073.566019355389
 10
708.1711411625756
 20
1073.8041573851042
 10
708.0042296613873
 20
1074.069597864086
 10
707.8642414087814
 20
1074.3623407923346
 10
707.7511764047579
 20
1074.6823861698501
 10
707.6650346493168
 20
1075.029733996632
 10
707.6058161424583
 20
1075.404384272681
 10
707.5735208841821
 20
1075.8063369979964
 10
707.5681488744884
 20
1076.2355921725787
  0
CIRCLE
  5
16C
330
17
100
AcDbEntity
  8
cut
 62
5
420
255
100
AcDbCircle
 10
576.0
 20
1012.8000000000002
 30
0.0
 40
4.4
  0
CIRCLE
  5
16D
330
17
100
AcDbEntity
  8
cut
 62
5
420
255
100
AcDbCircle
 10
576.0
 20
712.8000000000002
 30
0.0
 40
4.4
  0
LWPOLYLINE
  5
16E
330
17
100
AcDbEntity
  8
cut
 62
5
420
255
100
AcDbPolyline
 90
4
 70
1
 10
546.0
 20
1012.8000000000002
 10
546.0
 20
712.8000000000002
 42
0.9999999999999999
 10
606.0
 20
712.8000000000002
 10
606.0
 20
1012.8000000000002
 42
0.9999999999999999
  0
LWPOLYLINE
  5
16F
330
17
100
AcDbEntity
  8
line engraving
 62
1
420
16711680
100
AcDbPolyline
 90
7
 70
0
 10
581.9296875
 20
844.711621759891
 10
570.0703125
 20
844.711621759891
 10
570.0703125
 20
846.2810069918146
 10
580.5301841746249
 20
846.2810069918146
 10
580.5301841746249
 20
852.1217087312416
 10
581.9296875
 20
852.1217087312416
 10
581.9296875
 20
844.711621759891
  0
LWPOLYLINE
  5
170
330
17
100
AcDbEntity
  8
line engraving
 62
1
420
16711680
100
AcDbPolyline
 90
5
 70
0
 10
571.7448627216917
 20
853.8124381821284
 10
570.0703125
 20
853.8124381821284
 10
570.0703125
 20
855.2685688096864
 10
571.7448627216917
 20
855.2685688096864
 10
571.7448627216917
 20
853.8124381821284
  0
LWPOLYLINE
  5
171
330
17
100
AcDbEntity
  8
line engraving
 62
1
420
16711680
100
AcDbPolyline
 90
5
 70
0
 10
581.9296875
 20
853.8124381821284
 10
573.3385167974079
 20
853.8124381821284
 10
573.3385167974079
 20
855.2685688096864
 10
581.9296875
 20
855.2685688096864
 10
581.9296875
 20
853.8124381821284
  0
LWPOLYLINE
  5
172
330
17
100
AcDbEntity
  8
line engraving
 62
1
420
16711680
100
AcDbPolyline
 90
61
 70
0
 10
581.9296875
 20
857.4851232094136
 10
573.3385167974079
 20
857.4851232094136
 10
573.3385167974079
 20
858.7956407742157
 10
574.5600486016372
 20
858.7956407742157
 10
574.2282480029097
 20
859.0454076249149
 10
573.9406874840126
 20
859.3214657230561
 10
573.6973670449458
 20
859.6238150686394
 10
573.4982866857094
 20
859.9524556616645
 10
573.3434464063032
 20
860.3073875021319
 10
573.2328462067275
 20
860.6886105900411
 10
573.166486086982
 20
861.0961249253925
 10
573.1443660470668
 20
861.5299305081858
 10
573.1618092785427
 20
861.9103951947264
 10
573.2141389729707
 20
862.2751862529844
 10
573.3013551303504
 20
862.6243036829597
 10
573.4234577506821
 20
862.9577474846523
 10
573.5738740221052
 20
863.2628776352534
 10
573.7460311327592
 20
863.5270541119545
 10
573.9399290826441
 20
863.7502769147554
 10
574.1555678717599
 20
863.9325460436564
 10
574.3926946996504
 20
864.0822039137109
 10
574.6510567658595
 20
864.2075929399729
 10
574.930654070387
 20
864.3087131224422
 10
575.2314866132333
 20
864.3855644611189
 10
575.4716470465979
 20
864.4209565249831
 10
575.7876476168144
 20
864.4462365706004
 10
576.179488323883
 20
864.4614045979708
 10
576.6471691678036
 20
864.4664606070943
 10
581.9296875
 20
864.4664606070943
 10
581.9296875
 20
863.0103299795363
 10
576.7037964699864
 20
863.0103299795363
 10
576.2869285177567
 20
862.9997123603771
 10
575.9261822667975
 20
862.9678595028993
 10
575.6215577171087
 20
862.9147714071029
 10
575.3730548686904
 20
862.8404480729879
 10
575.1637360909789
 20
862.7390750900624
 10
574.9766637534107
 20
862.6048380478344
 10
574.8118378559857
 20
862.4377369463039
 10
574.669258398704
 20
862.2377717854708
 10
574.5542341911452
 20
862.0120209781081
 10
574.4720740428888
 20
861.7675629369886
 10
574.422777953935
 20
861.5043976621122
 10
574.4063459242838
 20
861.2225251534791
 10
574.415573140934
 20
860.9939303409844
 10
574.443254790885
 20
860.7732987428592
 10
574.4893908741367
 20
860.5606303591034
 10
574.5539813906889
 20
860.355925189717
 10
574.6370263405419
 20
860.1591832347002
 10
574.7385257236954
 20
859.9704044940529
 10
574.8584795401496
 20
859.789588967775
 10
574.9968877899045
 20
859.6167366558665
 10
575.161081686189
 20
859.4584203701879
 10
575.3583924422322
 20
859.3212129225999
 10
575.5888200580342
 20
859.2051143131024
 10
575.8523645335948
 20
859.1101245416953
 10
576.1490258689141
 20
859.0362436083786
 10
576.4788040639921
 20
858.9834715131525
 10
576.8416991188288
 20
858.9518082560168
 10
577.2377110334243
 20
858.9412538369716
 10
581.9296875
 20
858.9412538369716
 10
581.9296875
 20
857.4851232094136
  0
LWPOLYLINE
  5
173
330
17
100
AcDbEntity
  8
line engraving
 62
1
420
16711680
100
AcDbPolyline
 90
13
 70
0
 10
581.9296875
 20
866.7072838506141
 10
570.0703125
 20
866.7072838506141
 10
570.0703125
 20
868.1634144781721
 10
576.8332303035471
 20
868.1634144781721
 10
573.3385167974079
 20
871.609590296726
 10
573.3385167974079
 20
873.4944704979538
 10
576.5258249488404
 20
870.2100869713508
 10
581.9296875
 20
873.8261446964531
 10
581.9296875
 20
872.0302502557983
 10
577.5370267735334
 20
869.1907955320602
 10
578.5239597544338
 20
868.1634144781721
 10
581.9296875
 20
868.1634144781721
 10
581.9296875
 20
866.7072838506141
  0
LWPOLYLINE
  5
174
330
17
100
AcDbEntity
  8
line engraving
 62
1
420
16711680
100
AcDbPolyline
 90
61
 70
0
 10
578.5644078274215
 20
874.3681488744886
 10
578.3702570770805
 20
875.7838314290589
 10
578.6966224660002
 20
875.8041818657808
 10
578.9961910065655
 20
875.8369195248553
 10
579.2689626987765
 20
875.8820444062821
 10
579.514937542633
 20
875.9395565100615
 10
579.7341155381353
 20
876.0094558361934
 10
579.9264966852832
 20
876.0917423846779
 10
580.0920809840766
 20
876.1864161555147
 10
580.2308684345157
 20
876.2934771487041
 10
580.4502992304741
 20
876.5417271966662
 10
580.6070355133015
 20
876.8334589230902
 10
580.701077282998
 20
877.168672327976
 10
580.7324245395635
 20
877.5473674113235
 10
580.7154869089999
 20
877.832526325887
 10
580.664674017309
 20
878.0974612039565
 10
580.5799858644909
 20
878.3421720455323
 10
580.4614224505457
 20
878.5666588506141
 10
580.3137869841405
 20
878.7643488073415
 10
580.1418826739426
 20
878.9286691038542
 10
579.9457095199522
 20
879.0596197401519
 10
579.7252675221691
 20
879.1572007162348
 10
579.458057439994
 20
879.2279848439633
 10
579.1215800328274
 20
879.278544935198
 10
578.7158353006694
 20
879.3088809899389
 10
578.2408232435198
 20
879.3189930081858
 10
570.0703125
 20
879.3189930081858
 10
570.0703125
 20
880.8883782401093
 10
578.1518374829468
 20
880.8883782401093
 10
578.5134685355026
 20
880.8827534299595
 10
578.8541171501961
 20
880.8658789995098
 10
579.1737833270272
 20
880.8377549487606
 10
579.4724670659959
 20
880.7983812777117
 10
579.7501683671022
 20
880.7477579863629
 10
580.0068872303461
 20
880.6858850747145
 10
580.2426236557277
 20
880.6127625427664
 10
580.4573776432469
 20
880.5283903905186
 10
580.8416343366302
 20
880.3221052182812
 10
581.1773533424283
 20
880.0632375511598
 10
581.4645346606412
 20
879.7517873891544
 10
581.7031782912687
 20
879.3877547322649
 10
581.8907562297493
 20
878.9804931973697
 10
582.0247404715211
 20
878.5393564013474
 10
582.1051310165842
 20
878.0643443441978
 10
582.1319278649386
 20
877.5554570259211
 10
582.117897439621
 20
877.1765723422315
 10
582.0758061636681
 20
876.8205660998254
 10
582.00565403708
 20
876.4874382987031
 10
581.9074410598568
 20
876.1771889388644
 10
581.7811672319982
 20
875.8898180203095
 10
581.6268325535044
 20
875.6253255430382
 10
581.4444370243754
 20
875.3837115070506
 10
581.2339806446112
 20
875.1649759123467
 10
580.995842614896
 20
874.9711411625758
 10
580.730402135914
 20
874.8042296613875
 10
580.4376592076654
 20
874.6642414087815
 10
580.11761383015
 20
874.551176404758
 10
579.770266003368
 20
874.465034649317
 10
579.3956157273192
 20
874.4058161424584
 10
578.9936630020037
 20
874.3735208841823
 10
578.5644078274215
 20
874.3681488744886
  0
CIRCLE
  5
175
330
17
100
AcDbEntity
  8
cut
 62
5
420
255
100
AcDbCircle
 10
642.0
 20
1012.8000000000002
 30
0.0
 40
4.4
  0
CIRCLE
  5
176
330
17
100
AcDbEntity
  8
cut
 62
5
420
255
100
AcDbCircle
 10
642.0
 20
712.8000000000002
 30
0.0
 40
4.4
  0
LWPOLYLINE
  5
177
330
17
100
AcDbEntity
  8
cut
 62
5
420
255
100
AcDbPolyline
 90
4
 70
1
 10
612.0
 20
1012.8000000000002
 10
612.0
 20
712.8000000000002
 42
0.9999999999999999
 10
672.0
 20
712.8000000000002
 10
672.0
 20
1012.8000000000002
 42
0.9999999999999999
  0
LWPOLYLINE
  5
178
330
17
100
AcDbEntity
  8
line engraving
 62
1
420
16711680
100
AcDbPolyline
 90
7
 70
0
 10
647.9296875
 20
844.711621759891
 10
636.0703125
 20
844.711621759891
 10
636.0703125
 20
846.2810069918146
 10
646.5301841746249
 20
846.2810069918146
 10
646.5301841746249
 20
852.1217087312416
 10
647.9296875
 20
852.1217087312416
 10
647.9296875
 20
844.711621759891
  0
LWPOLYLINE
  5
179
330
17
100
AcDbEntity
  8
line engraving
 62
1
420
16711680
100
AcDbPolyline
 90
5
 70
0
 10
637.7448627216917
 20
853.8124381821284
 10
636.0703125
 20
853.8124381821284
 10
636.0703125
 20
855.2685688096864
 10
637.7448627216917
 20
855.2685688096864
 10
637.7448627216917
 20
853.8124381821284
  0
LWPOLYLINE
  5
17A
330
17
100
AcDbEntity
  8
line engraving
 62
1
420
16711680
100
AcDbPolyline
 90
5
 70
0
 10
647.9296875
 20
853.8124381821284
 10
639.3385167974079
 20
853.8124381821284
 10
639.3385167974079
 20
855.2685688096864
 10
647.9296875
 20
855.2685688096864
 10
647.9296875
 20
853.8124381821284
  0
LWPOLYLINE
  5
17B
330
17
100
AcDbEntity
  8
line engraving
 62
1
420
16711680
100
AcDbPolyline
 90
61
 70
0
 10
647.9296875
 20
857.4851232094136
 10
639.3385167974079
 20
857.4851232094136
 10
639.3385167974079
 20
858.7956407742157
 10
640.5600486016372
 20
858.7956407742157
 10
640.2282480029097
 20
859.0454076249149
 10
639.9406874840126
 20
859.3214657230561
 10
639.6973670449458
 20
859.6238150686394
 10
639.4982866857094
 20
859.9524556616645
 10
639.3434464063032
 20
860.3073875021319
 10
639.2328462067275
 20
860.6886105900411
 10
639.166486086982
 20
861.0961249253925
 10
639.1443660470668
 20
861.5299305081858
 10
639.1618092785427
 20
861.9103951947264
 10
639.2141389729707
 20
862.2751862529844
 10
639.3013551303504
 20
862.6243036829597
 10
639.4234577506821
 20
862.9577474846523
 10
639.5738740221052
 20
863.2628776352534
 10
639.7460311327592
 20
863.5270541119545
 10
639.9399290826441
 20
863.7502769147554
 10
640.1555678717599
 20
863.9325460436564
 10
640.3926946996504
 20
864.0822039137109
 10
640.6510567658595
 20
864.2075929399729
 10
640.930654070387
 20
864.3087131224422
 10
641.2314866132333
 20
864.3855644611189
 10
641.4716470465979
 20
864.4209565249831
 10
641.7876476168144
 20
864.4462365706004
 10
642.179488323883
 20
864.4614045979708
 10
642.6471691678036
 20
864.4664606070943
 10
647.9296875
 20
864.4664606070943
 10
647.9296875
 20
863.0103299795363
 10
642.7037964699864
 20
863.0103299795363
 10
642.2869285177567
 20
862.9997123603771
 10
641.9261822667975
 20
862.9678595028993
 10
641.6215577171087
 20
862.9147714071029
 10
641.3730548686904
 20
862.8404480729879
 10
641.1637360909789
 20
862.7390750900624
 10
640.9766637534107
 20
862.6048380478344
 10
640.8118378559857
 20
862.4377369463039
 10
640.669258398704
 20
862.2377717854708
 10
640.5542341911452
 20
862.0120209781081
 10
640.4720740428888
 20
861.7675629369886
 10
640.422777953935
 20
861.5043976621122
 10
640.4063459242838
 20
861.2225251534791
 10
640.415573140934
 20
860.9939303409844
 10
640.443254790885
 20
860.7732987428592
 10
640.4893908741367
 20
860.5606303591034
 10
640.5539813906889
 20
860.355925189717
 10
640.6370263405419
 20
860.1591832347002
 10
640.7385257236954
 20
859.9704044940529
 10
640.8584795401496
 20
859.789588967775
 10
640.9968877899045
 20
859.6167366558665
 10
641.161081686189
 20
859.4584203701879
 10
641.3583924422322
 20
859.3212129225999
 10
641.5888200580342
 20
859.2051143131024
 10
641.8523645335948
 20
859.1101245416953
 10
642.1490258689141
 20
859.0362436083786
 10
642.4788040639921
 20
858.9834715131525
 10
642.8416991188288
 20
858.9518082560168
 10
643.2377110334243
 20
858.9412538369716
 10
647.9296875
 20
858.9412538369716
 10
647.9296875
 20
857.4851232094136
  0
LWPOLYLINE
  5
17C
330
17
100
AcDbEntity
  8
line engraving
 62
1
420
16711680
100
AcDbPolyline
 90
13
 70
0
 10
647.9296875
 20
866.7072838506141
 10
636.0703125
 20
866.7072838506141
 10
636.0703125
 20
868.1634144781721
 10
642.8332303035471
 20
868.1634144781721
 10
639.3385167974079
 20
871.609590296726
 10
639.3385167974079
 20
873.4944704979538
 10
642.5258249488404
 20
870.2100869713508
 10
647.9296875
 20
873.8261446964531
 10
647.9296875
 20
872.0302502557983
 10
643.5370267735334
 20
869.1907955320602
 10
644.5239597544338
 20
868.1634144781721
 10
647.9296875
 20
868.1634144781721
 10
647.9296875
 20
866.7072838506141
  0
LWPOLYLINE
  5
17D
330
17
100
AcDbEntity
  8
line engraving
 62
1
420
16711680
100
AcDbPolyline
 90
61
 70
0
 10
644.5644078274215
 20
874.3681488744886
 10
644.3702570770805
 20
875.7838314290589
 10
644.6966224660002
 20
875.8041818657808
 10
644.9961910065655
 20
875.8369195248553
 10
645.2689626987765
 20
875.8820444062821
 10
645.514937542633
 20
875.9395565100615
 10
645.7341155381353
 20
876.0094558361934
 10
645.9264966852832
 20
876.0917423846779
 10
646.0920809840766
 20
876.1864161555147
 10
646.2308684345157
 20
876.2934771487041
 10
646.4502992304741
 20
876.5417271966662
 10
646.6070355133015
 20
876.8334589230902
 10
646.701077282998
 20
877.168672327976
 10
646.7324245395635
 20
877.5473674113235
 10
646.7154869089999
 20
877.832526325887
 10
646.664674017309
 20
878.0974612039565
 10
646.5799858644909
 20
878.3421720455323
 10
646.4614224505457
 20
878.5666588506141
 10
646.3137869841405
 20
878.7643488073415
 10
646.1418826739426
 20
878.9286691038542
 10
645.9457095199522
 20
879.0596197401519
 10
645.7252675221691
 20
879.1572007162348
 10
645.458057439994
 20
879.2279848439633
 10
645.1215800328274
 20
879.278544935198
 10
644.7158353006694
 20
879.3088809899389
 10
644.2408232435198
 20
879.3189930081858
 10
636.0703125
 20
879.3189930081858
 10
636.0703125
 20
880.8883782401093
 10
644.1518374829468
 20
880.8883782401093
 10
644.5134685355026
 20
880.8827534299595
 10
644.8541171501961
 20
880.8658789995098
 10
645.1737833270272
 20
880.8377549487606
 10
645.4724670659959
 20
880.7983812777117
 10
645.7501683671022
 20
880.7477579863629
 10
646.0068872303461
 20
880.6858850747145
 10
646.2426236557277
 20
880.6127625427664
 10
646.4573776432469
 20
880.5283903905186
 10
646.8416343366302
 20
880.3221052182812
 10
647.1773533424283
 20
880.0632375511598
 10
647.4645346606412
 20
879.7517873891544
 10
647.7031782912687
 20
879.3877547322649
 10
647.8907562297493
 20
878.9804931973697
 10
648.0247404715211
 20
878.5393564013474
 10
648.1051310165842
 20
878.0643443441978
 10
648.1319278649386
 20
877.5554570259211
 10
648.117897439621
 20
877.1765723422315
 10
648.0758061636681
 20
876.8205660998254
 10
648.00565403708
 20
876.4874382987031
 10
647.9074410598568
 20
876.1771889388644
 10
647.7811672319982
 20
875.8898180203095
 10
647.6268325535044
 20
875.6253255430382
 10
647.4444370243754
 20
875.3837115070506
 10
647.2339806446112
 20
875.1649759123467
 10
646.995842614896
 20
874.9711411625758
 10
646.730402135914
 20
874.8042296613875
 10
646.4376592076654
 20
874.6642414087815
 10
646.11761383015
 20
874.551176404758
 10
645.770266003368
 20
874.465034649317
 10
645.3956157273192
 20
874.4058161424584
 10
644.9936630020037
 20
874.3735208841823
 10
644.5644078274215
 20
874.3681488744886
  0
CIRCLE
  5
17E
330
17
100
AcDbEntity
  8
cut
 62
5
420
255
100
AcDbCircle
 10
708.0
 20
1012.8000000000002
 30
0.0
 40
4.4
  0
CIRCLE
  5
17F
330
17
100
AcDbEntity
  8
cut
 62
5
420
255
100
AcDbCircle
 10
708.0
 20
712.8000000000002
 30
0.0
 40
4.4
  0
LWPOLYLINE
  5
180
330
17
100
AcDbEntity
  8
cut
 62
5
420
255
100
AcDbPolyline
 90
4
 70
1
 10
678.0
 20
1012.8000000000002
 10
678.0
 20
712.8000000000002
 42
0.9999999999999999
 10
738.0
 20
712.8000000000002
 10
738.0
 20
1012.8000000000002
 42
0.9999999999999999
  0
LWPOLYLINE
  5
181
330
17
100
AcDbEntity
  8
line engraving
 62
1
420
16711680
100
AcDbPolyline
 90
7
 70
0
 10
713.9296875
 20
844.711621759891
 10
702.0703125
 20
844.711621759891
 10
702.0703125
 20
846.2810069918146
 10
712.5301841746249
 20
846.2810069918146
 10
712.5301841746249
 20
852.1217087312416
 10
713.9296875
 20
852.1217087312416
 10
713.9296875
 20
844.711621759891
  0
LWPOLYLINE
  5
182
330
17
100
AcDbEntity
  8
line engraving
 62
1
420
16711680
100
AcDbPolyline
 90
5
 70
0
 10
703.7448627216917
 20
853.8124381821284
 10
702.0703125
 20
853.8124381821284
 10
702.0703125
 20
855.2685688096864
 10
703.7448627216917
 20
855.2685688096864
 10
703.7448627216917
 20
853.8124381821284
  0
LWPOLYLINE
  5
183
330
17
100
AcDbEntity
  8
line engraving
 62
1
420
16711680
100
AcDbPolyline
 90
5
 70
0
 10
713.9296875
 20
853.8124381821284
 10
705.3385167974079
 20
853.8124381821284
 10
705.3385167974079
 20
855.2685688096864
 10
713.9296875
 20
855.2685688096864
 10
713.9296875
 20
853.8124381821284
  0
LWPOLYLINE
  5
184
330
17
100
AcDbEntity
  8
line engraving
 62
1
420
16711680
100
AcDbPolyline
 90
61
 70
0
 10
713.9296875
 20
857.4851232094136
 10
705.3385167974079
 20
857.4851232094136
 10
705.3385167974079
 20
858.7956407742157
 10
706.5600486016372
 20
858.7956407742157
 10
706.2282480029097
 20
859.0454076249149
 10
705.9406874840126
 20
859.3214657230561
 10
705.6973670449458
 20
859.6238150686394
 10
705.4982866857094
 20
859.9524556616645
 10
705.3434464063032
 20
860.3073875021319
 10
705.2328462067275
 20
860.6886105900411
 10
705.166486086982
 20
861.0961249253925
 10
705.1443660470668
 20
861.5299305081858
 10
705.1618092785427
 20
861.9103951947264
 10
705.2141389729707
 20
862.2751862529844
 10
705.3013551303504
 20
862.6243036829597
 10
705.4234577506821
 20
862.9577474846523
 10
705.5738740221052
 20
863.2628776352534
 10
705.7460311327592
 20
863.5270541119545
 10
705.9399290826441
 20
863.7502769147554
 10
706.1555678717599
 20
863.9325460436564
 10
706.3926946996504
 20
864.0822039137109
 10
706.6510567658595
 20
864.2075929399729
 10
706.930654070387
 20
864.3087131224422
 10
707.2314866132333
 20
864.3855644611189
 10
707.4716470465979
 20
864.4209565249831
 10
707.7876476168144
 20
864.4462365706004
 10
708.179488323883
 20
864.4614045979708
 10
708.6471691678036
 20
864.4664606070943
 10
713.9296875
 20
864.4664606070943
 10
713.9296875
 20
863.0103299795363
 10
708.7037964699864
 20
863.0103299795363
 10
708.2869285177567
 20
862.9997123603771
 10
707.9261822667975
 20
862.9678595028993
 10
707.6215577171087
 20
862.9147714071029
 10
707.3730548686904
 20
862.8404480729879
 10
707.1637360909789
 20
862.7390750900624
 10
706.9766637534107
 20
862.6048380478344
 10
706.8118378559857
 20
862.4377369463039
 10
706.669258398704
 20
862.2377717854708
 10
706.5542341911452
 20
862.0120209781081
 10
706.4720740428888
 20
861.7675629369886
 10
706.422777953935
 20
861.5043976621122
 10
706.4063459242838
 20
861.2225251534791
 10
706.415573140934
 20
860.9939303409844
 10
706.443254790885
 20
860.7732987428592
 10
706.4893908741367
 20
860.5606303591034
 10
706.5539813906889
 20
860.355925189717
 10
706.6370263405419
 20
860.1591832347002
 10
706.7385257236954
 20
859.9704044940529
 10
706.8584795401496
 20
859.789588967775
 10
706.9968877899045
 20
859.6167366558665
 10
707.161081686189
 20
859.4584203701879
 10
707.3583924422322
 20
859.3212129225999
 10
707.5888200580342
 20
859.2051143131024
 10
707.8523645335948
 20
859.1101245416953
 10
708.1490258689141
 20
859.0362436083786
 10
708.4788040639921
 20
858.9834715131525
 10
708.8416991188288
 20
858.9518082560168
 10
709.2377110334243
 20
858.9412538369716
 10
713.9296875
 20
858.9412538369716
 10
713.9296875
 20
857.4851232094136
  0
LWPOLYLINE
  5
185
330
17
100
AcDbEntity
  8
line engraving
 62
1
420
16711680
100
AcDbPolyline
 90
13
 70
0
 10
713.9296875
 20
866.7072838506141
 10
702.0703125
 20
866.7072838506141
 10
702.0703125
 20
868.1634144781721
 10
708.8332303035471
 20
868.1634144781721
 10
705.3385167974079
 20
871.609590296726
 10
705.3385167974079
 20
873.4944704979538
 10
708.5258249488404
 20
870.2100869713508
 10
713.9296875
 20
873.8261446964531
 10
713.9296875
 20
872.0302502557983
 10
709.5370267735334
 20
869.1907955320602
 10
710.5239597544338
 20
868.1634144781721
 10
713.9296875
 20
868.1634144781721
 10
713.9296875
 20
866.7072838506141
  0
LWPOLYLINE
  5
186
330
17
100
AcDbEntity
  8
line engraving
 62
1
420
16711680
100
AcDbPolyline
 90
61
 70
0
 10
710.5644078274215
 20
874.3681488744886
 10
710.3702570770805
 20
875.7838314290589
 10
710.6966224660002
 20
875.8041818657808
 10
710.9961910065655
 20
875.8369195248553
 10
711.2689626987765
 20
875.8820444062821
 10
711.514937542633
 20
875.9395565100615
 10
711.7341155381353
 20
876.0094558361934
 10
711.9264966852832
 20
876.0917423846779
 10
712.0920809840766
 20
876.1864161555147
 10
712.2308684345157
 20
876.2934771487041
 10
712.4502992304741
 20
876.5417271966662
 10
712.6070355133015
 20
876.8334589230902
 10
712.701077282998
 20
877.168672327976
 10
712.7324245395635
 20
877.5473674113235
 10
712.7154869089999
 20
877.832526325887
 10
712.664674017309
 20
878.0974612039565
 10
712.5799858644909
 20
878.3421720455323
 10
712.4614224505457
 20
878.5666588506141
 10
712.3137869841405
 20
878.7643488073415
 10
712.1418826739426
 20
878.9286691038542
 10
711.9457095199522
 20
879.0596197401519
 10
711.7252675221691
 20
879.1572007162348
 10
711.458057439994
 20
879.2279848439633
 10
711.1215800328274
 20
879.278544935198
 10
710.7158353006694
 20
879.3088809899389
 10
710.2408232435198
 20
879.3189930081858
 10
702.0703125
 20
879.3189930081858
 10
702.0703125
 20
880.8883782401093
 10
710.1518374829468
 20
880.8883782401093
 10
710.5134685355026
 20
880.8827534299595
 10
710.8541171501961
 20
880.8658789995098
 10
711.1737833270272
 20
880.8377549487606
 10
711.4724670659959
 20
880.7983812777117
 10
711.7501683671022
 20
880.7477579863629
 10
712.0068872303461
 20
880.6858850747145
 10
712.2426236557277
 20
880.6127625427664
 10
712.4573776432469
 20
880.5283903905186
 10
712.8416343366302
 20
880.3221052182812
 10
713.1773533424283
 20
880.0632375511598
 10
713.4645346606412
 20
879.7517873891544
 10
713.7031782912687
 20
879.3877547322649
 10
713.8907562297493
 20
878.9804931973697
 10
714.0247404715211
 20
878.5393564013474
 10
714.1051310165842
 20
878.0643443441978
 10
714.1319278649386
 20
877.5554570259211
 10
714.117897439621
 20
877.1765723422315
 10
714.0758061636681
 20
876.8205660998254
 10
714.00565403708
 20
876.4874382987031
 10
713.9074410598568
 20
876.1771889388644
 10
713.7811672319982
 20
875.8898180203095
 10
713.6268325535044
 20
875.6253255430382
 10
713.4444370243754
 20
875.3837115070506
 10
713.2339806446112
 20
875.1649759123467
 10
712.995842614896
 20
874.9711411625758
 10
712.730402135914
 20
874.8042296613875
 10
712.4376592076654
 20
874.6642414087815
 10
712.11761383015
 20
874.551176404758
 10
711.770266003368
 20
874.465034649317
 10
711.3956157273192
 20
874.4058161424584
 10
710.9936630020037
 20
874.3735208841823
 10
710.5644078274215
 20
874.3681488744886
  0
CIRCLE
  5
187
330
17
100
AcDbEntity
  8
cut
 62
5
420
255
100
AcDbCircle
 10
774.0
 20
1012.8000000000002
 30
0.0
 40
4.4
  0
CIRCLE
  5
188
330
17
100
AcDbEntity
  8
cut
 62
5
420
255
100
AcDbCircle
 10
774.0
 20
712.8000000000002
 30
0.0
 40
4.4
  0
LWPOLYLINE
  5
189
330
17
100
AcDbEntity
  8
cut
 62
5
420
255
100
AcDbPolyline
 90
4
 70
1
 10
744.0
 20
1012.8000000000002
 10
744.0
 20
712.8000000000002
 42
0.9999999999999999
 10
804.0
 20
712.8000000000002
 10
804.0
 20
1012.8000000000002
 42
0.9999999999999999
  0
LWPOLYLINE
  5
18A
330
17
100
AcDbEntity
  8
line engraving
 62
1
420
16711680
100
AcDbPolyline
 90
7
 70
0
 10
779.9296875
 20
844.711621759891
 10
768.0703125
 20
844.711621759891
 10
768.0703125
 20
846.2810069918146
 10
778.5301841746249
 20
846.2810069918146
 10
778.5301841746249
 20
852.1217087312416
 10
779.9296875
 20
852.1217087312416
 10
779.9296875
 20
844.711621759891
  0
LWPOLYLINE
  5
18B
330
17
100
AcDbEntity
  8
line engraving
 62
1
420
16711680
100
AcDbPolyline
 90
5
 70
0
 10
769.7448627216917
 20
853.8124381821284
 10
768.0703125
 20
853.8124381821284
 10
768.0703125
 20
855.2685688096864
 10
769.7448627216917
 20
855.2685688096864
 10
769.7448627216917
 20
853.8124381821284
  0
LWPOLYLINE
  5
18C
330
17
100
AcDbEntity
  8
line engraving
 62
1
420
16711680
100
AcDbPolyline
 90
5
 70
0
 10
779.9296875
 20
853.8124381821284
 10
771.3385167974079
 20
853.8124381821284
 10
771.3385167974079
 20
855.2685688096864
 10
779.9296875
 20
855.2685688096864
 10
779.9296875
 20
853.8124381821284
  0
LWPOLYLINE
  5
18D
330
17
100
AcDbEntity
  8
line engraving
 62
1
420
16711680
100
AcDbPolyline
 90
61
 70
0
 10
779.9296875
 20
857.4851232094136
 10
771.3385167974079
 20
857.4851232094136
 10
771.3385167974079
 20
858.7956407742157
 10
772.5600486016372
 20
858.7956407742157
 10
772.2282480029097
 20
859.0454076249149
 10
771.9406874840126
 20
859.3214657230561
 10
771.6973670449458
 20
859.6238150686394
 10
771.4982866857094
 20
859.9524556616645
 10
771.3434464063032
 20
860.3073875021319
 10
771.2328462067275
 20
860.6886105900411
 10
771.166486086982
 20
861.0961249253925
 10
771.1443660470668
 20
861.5299305081858
 10
771.1618092785427
 20
861.9103951947264
 10
771.2141389729707
 20
862.2751862529844
 10
771.3013551303504
 20
862.6243036829597
 10
771.4234577506821
 20
862.9577474846523
 10
771.5738740221052
 20
863.2628776352534
 10
771.7460311327592
 20
863.5270541119545
 10
771.9399290826441
 20
863.7502769147554
 10
772.1555678717599
 20
863.9325460436564
 10
772.3926946996504
 20
864.0822039137109
 10
772.6510567658595
 20
864.2075929399729
 10
772.930654070387
 20
864.3087131224422
 10
773.2314866132333
 20
864.3855644611189
 10
773.4716470465979
 20
864.4209565249831
 10
773.7876476168144
 20
864.4462365706004
 10
774.179488323883
 20
864.4614045979708
 10
774.6471691678036
 20
864.4664606070943
 10
779.9296875
 20
864.4664606070943
 10
779.9296875
 20
863.0103299795363
 10
774.7037964699864
 20
863.0103299795363
 10
774.2869285177567
 20
862.9997123603771
 10
773.9261822667975
 20
862.9678595028993
 10
773.6215577171087
 20
862.9147714071029
 10
773.3730548686904
 20
862.8404480729879
 10
773.1637360909789
 20
862.7390750900624
 10
772.9766637534107
 20
862.6048380478344
 10
772.8118378559857
 20
862.4377369463039
 10
772.669258398704
 20
862.2377717854708
 10
772.5542341911452
 20
862.0120209781081
 10
772.4720740428888
 20
861.7675629369886
 10
772.422777953935
 20
861.5043976621122
 10
772.4063459242838
 20
861.2225251534791
 10
772.415573140934
 20
860.9939303409844
 10
772.443254790885
 20
860.7732987428592
 10
772.4893908741367
 20
860.5606303591034
 10
772.5539813906889
 20
860.355925189717
 10
772.6370263405419
 20
860.1591832347002
 10
772.7385257236954
 20
859.9704044940529
 10
772.8584795401496
 20
859.789588967775
 10
772.9968877899045
 20
859.6167366558665
 10
773.161081686189
 20
859.4584203701879
 10
773.3583924422322
 20
859.3212129225999
 10
773.5888200580342
 20
859.2051143131024
 10
773.8523645335948
 20
859.1101245416953
 10
774.1490258689141
 20
859.0362436083786
 10
774.4788040639921
 20
858.9834715131525
 10
774.8416991188288
 20
858.9518082560168
 10
775.2377110334243
 20
858.9412538369716
 10
779.9296875
 20
858.9412538369716
 10
779.9296875
 20
857.4851232094136
  0
LWPOLYLINE
  5
18E
330
17
100
AcDbEntity
  8
line engraving
 62
1
420
16711680
100
AcDbPolyline
 90
13
 70
0
 10
779.9296875
 20
866.7072838506141
 10
768.0703125
 20
866.7072838506141
 10
768.0703125
 20
868.1634144781721
 10
774.8332303035471
 20
868.1634144781721
 10
771.3385167974079
 20
871.609590296726
 10
771.3385167974079
 20
873.4944704979538
 10
774.5258249488404
 20
870.2100869713508
 10
779.9296875
 20
873.8261446964531
 10
779.9296875
 20
872.0302502557983
 10
775.5370267735334
 20
869.1907955320602
 10
776.5239597544338
 20
868.1634144781721
 10
779.9296875
 20
868.1634144781721
 10
779.9296875
 20
866.7072838506141
  0
LWPOLYLINE
  5
18F
330
17
100
AcDbEntity
  8
line engraving
 62
1
420
16711680
100
AcDbPolyline
 90
61
 70
0
 10
776.5644078274215
 20
874.3681488744886
 10
776.3702570770805
 20
875.7838314290589
 10
776.6966224660002
 20
875.8041818657808
 10
776.9961910065655
 20
875.8369195248553
 10
777.2689626987765
 20
875.8820444062821
 10
777.514937542633
 20
875.9395565100615
 10
777.7341155381353
 20
876.0094558361934
 10
777.9264966852832
 20
876.0917423846779
 10
778.0920809840766
 20
876.1864161555147
 10
778.2308684345157
 20
876.2934771487041
 10
778.4502992304741
 20
876.5417271966662
 10
778.6070355133015
 20
876.8334589230902
 10
778.701077282998
 20
877.168672327976
 10
778.7324245395635
 20
877.5473674113235
 10
778.7154869089999
 20
877.832526325887
 10
778.664674017309
 20
878.0974612039565
 10
778.5799858644909
 20
878.3421720455323
 10
778.4614224505457
 20
878.5666588506141
 10
778.3137869841405
 20
878.7643488073415
 10
778.1418826739426
 20
878.9286691038542
 10
777.9457095199522
 20
879.0596197401519
 10
777.7252675221691
 20
879.1572007162348
 10
777.458057439994
 20
879.2279848439633
 10
777.1215800328274
 20
879.278544935198
 10
776.7158353006694
 20
879.3088809899389
 10
776.2408232435198
 20
879.3189930081858
 10
768.0703125
 20
879.3189930081858
 10
768.0703125
 20
880.8883782401093
 10
776.1518374829468
 20
880.8883782401093
 10
776.5134685355026
 20
880.8827534299595
 10
776.8541171501961
 20
880.8658789995098
 10
777.1737833270272
 20
880.8377549487606
 10
777.4724670659959
 20
880.7983812777117
 10
777.7501683671022
 20
880.7477579863629
 10
778.0068872303461
 20
880.6858850747145
 10
778.2426236557277
 20
880.6127625427664
 10
778.4573776432469
 20
880.5283903905186
 10
778.8416343366302
 20
880.3221052182812
 10
779.1773533424283
 20
880.0632375511598
 10
779.4645346606412
 20
879.7517873891544
 10
779.7031782912687
 20
879.3877547322649
 10
779.8907562297493
 20
878.9804931973697
 10
780.0247404715211
 20
878.5393564013474
 10
780.1051310165842
 20
878.0643443441978
 10
780.1319278649386
 20
877.5554570259211
 10
780.117897439621
 20
877.1765723422315
 10
780.0758061636681
 20
876.8205660998254
 10
780.00565403708
 20
876.4874382987031
 10
779.9074410598568
 20
876.1771889388644
 10
779.7811672319982
 20
875.8898180203095
 10
779.6268325535044
 20
875.6253255430382
 10
779.4444370243754
 20
875.3837115070506
 10
779.2339806446112
 20
875.1649759123467
 10
778.995842614896
 20
874.9711411625758
 10
778.730402135914
 20
874.8042296613875
 10
778.4376592076654
 20
874.6642414087815
 10
778.11761383015
 20
874.551176404758
 10
777.770266003368
 20
874.465034649317
 10
777.3956157273192
 20
874.4058161424584
 10
776.9936630020037
 20
874.3735208841823
 10
776.5644078274215
 20
874.3681488744886
  0
CIRCLE
  5
190
330
17
100
AcDbEntity
  8
cut
 62
5
420
255
100
AcDbCircle
 10
840.0
 20
1012.8000000000002
 30
0.0
 40
4.4
  0
CIRCLE
  5
191
330
17
100
AcDbEntity
  8
cut
 62
5
420
255
100
AcDbCircle
 10
840.0
 20
712.8000000000002
 30
0.0
 40
4.4
  0
LWPOLYLINE
  5
192
330
17
100
AcDbEntity
  8
cut
 62
5
420
255
100
AcDbPolyline
 90
4
 70
1
 10
810.0
 20
1012.8000000000002
 10
810.0
 20
712.8000000000002
 42
0.9999999999999999
 10
870.0
 20
712.8000000000002
 10
870.0
 20
1012.8000000000002
 42
0.9999999999999999
  0
LWPOLYLINE
  5
193
330
17
100
AcDbEntity
  8
line engraving
 62
1
420
16711680
100
AcDbPolyline
 90
7
 70
0
 10
845.9296875
 20
844.711621759891
 10
834.0703125
 20
844.711621759891
 10
834.0703125
 20
846.2810069918146
 10
844.5301841746249
 20
846.2810069918146
 10
844.5301841746249
 20
852.1217087312416
 10
845.9296875
 20
852.1217087312416
 10
845.9296875
 20
844.711621759891
  0
LWPOLYLINE
  5
194
330
17
100
AcDbEntity
  8
line engraving
 62
1
420
16711680
100
AcDbPolyline
 90
5
 70
0
 10
835.7448627216917
 20
853.8124381821284
 10
834.0703125
 20
853.8124381821284
 10
834.0703125
 20
855.2685688096864
 10
835.7448627216917
 20
855.2685688096864
 10
835.7448627216917
 20
853.8124381821284
  0
LWPOLYLINE
  5
195
330
17
100
AcDbEntity
  8
line engraving
 62
1
420
16711680
100
AcDbPolyline
 90
5
 70
0
 10
845.9296875
 20
853.8124381821284
 10
837.3385167974079
 20
853.8124381821284
 10
837.3385167974079
 20
855.2685688096864
 10
845.9296875
 20
855.2685688096864
 10
845.9296875
 20
853.8124381821284
  0
LWPOLYLINE
  5
196
330
17
100
AcDbEntity
  8
line engraving
 62
1
420
16711680
100
AcDbPolyline
 90
61
 70
0
 10
845.9296875
 20
857.4851232094136
 10
837.3385167974079
 20
857.4851232094136
 10
837.3385167974079
 20
858.7956407742157
 10
838.5600486016372
 20
858.7956407742157
 10
838.2282480029097
 20
859.0454076249149
 10
837.9406874840126
 20
859.3214657230561
 10
837.6973670449458
 20
859.6238150686394
 10
837.4982866857094
 20
859.9524556616645
 10
837.3434464063032
 20
860.3073875021319
 10
837.2328462067275
 20
860.6886105900411
 10
837.166486086982
 20
861.0961249253925
 10
837.1443660470668
 20
861.5299305081858
 10
837.1618092785427
 20
861.9103951947264
 10
837.2141389729707
 20
862.2751862529844
 10
837.3013551303504
 20
862.6243036829597
 10
837.4234577506821
 20
862.9577474846523
 10
837.5738740221052
 20
863.2628776352534
 10
837.7460311327592
 20
863.5270541119545
 10
837.9399290826441
 20
863.7502769147554
 10
838.1555678717599
 20
863.9325460436564
 10
838.3926946996504
 20
864.0822039137109
 10
838.6510567658595
 20
864.2075929399729
 10
838.930654070387
 20
864.3087131224422
 10
839.2314866132333
 20
864.3855644611189
 10
839.4716470465979
 20
864.4209565249831
 10
839.7876476168144
 20
864.4462365706004
 10
840.179488323883
 20
864.4614045979708
 10
840.6471691678036
 20
864.4664606070943
 10
845.9296875
 20
864.4664606070943
 10
845.9296875
 20
863.0103299795363
 10
840.7037964699864
 20
863.0103299795363
 10
840.2869285177567
 20
862.9997123603771
 10
839.9261822667975
 20
862.9678595028993
 10
839.6215577171087
 20
862.9147714071029
 10
839.3730548686904
 20
862.8404480729879
 10
839.1637360909789
 20
862.7390750900624
 10
838.9766637534107
 20
862.6048380478344
 10
838.8118378559857
 20
862.4377369463039
 10
838.669258398704
 20
862.2377717854708
 10
838.5542341911452
 20
862.0120209781081
 10
838.4720740428888
 20
861.7675629369886
 10
838.422777953935
 20
861.5043976621122
 10
838.4063459242838
 20
861.2225251534791
 10
838.415573140934
 20
860.9939303409844
 10
838.443254790885
 20
860.7732987428592
 10
838.4893908741367
 20
860.5606303591034
 10
838.5539813906889
 20
860.355925189717
 10
838.6370263405419
 20
860.1591832347002
 10
838.7385257236954
 20
859.9704044940529
 10
838.8584795401496
 20
859.789588967775
 10
838.9968877899045
 20
859.6167366558665
 10
839.161081686189
 20
859.4584203701879
 10
839.3583924422322
 20
859.3212129225999
 10
839.5888200580342
 20
859.2051143131024
 10
839.8523645335948
 20
859.1101245416953
 10
840.1490258689141
 20
859.0362436083786
 10
840.4788040639921
 20
858.9834715131525
 10
840.8416991188288
 20
858.9518082560168
 10
841.2377110334243
 20
858.9412538369716
 10
845.9296875
 20
858.9412538369716
 10
845.9296875
 20
857.4851232094136
  0
LWPOLYLINE
  5
197
330
17
100
AcDbEntity
  8
line engraving
 62
1
420
16711680
100
AcDbPolyline
 90
13
 70
0
 10
845.9296875
 20
866.7072838506141
 10
834.0703125
 20
866.7072838506141
 10
834.0703125
 20
868.1634144781721
 10
840.8332303035471
 20
868.1634144781721
 10
837.3385167974079
 20
871.609590296726
 10
837.3385167974079
 20
873.4944704979538
 10
840.5258249488404
 20
870.2100869713508
 10
845.9296875
 20
873.8261446964531
 10
845.9296875
 20
872.0302502557983
 10
841.5370267735334
 20
869.1907955320602
 10
842.5239597544338
 20
868.1634144781721
 10
845.9296875
 20
868.1634144781721
 10
845.9296875
 20
866.7072838506141
  0
LWPOLYLINE
  5
198
330
17
100
AcDbEntity
  8
line engraving
 62
1
420
16711680
100
AcDbPolyline
 90
61
 70
0
 10
842.5644078274215
 20
874.3681488744886
 10
842.3702570770805
 20
875.7838314290589
 10
842.6966224660002
 20
875.8041818657808
 10
842.9961910065655
 20
875.8369195248553
 10
843.2689626987765
 20
875.8820444062821
 10
843.514937542633
 20
875.9395565100615
 10
843.7341155381353
 20
876.0094558361934
 10
843.9264966852832
 20
876.0917423846779
 10
844.0920809840766
 20
876.1864161555147
 10
844.2308684345157
 20
876.2934771487041
 10
844.4502992304741
 20
876.5417271966662
 10
844.6070355133015
 20
876.8334589230902
 10
844.701077282998
 20
877.168672327976
 10
844.7324245395635
 20
877.5473674113235
 10
844.7154869089999
 20
877.832526325887
 10
844.664674017309
 20
878.0974612039565
 10
844.5799858644909
 20
878.3421720455323
 10
844.4614224505457
 20
878.5666588506141
 10
844.3137869841405
 20
878.7643488073415
 10
844.1418826739426
 20
878.9286691038542
 10
843.9457095199522
 20
879.0596197401519
 10
843.7252675221691
 20
879.1572007162348
 10
843.458057439994
 20
879.2279848439633
 10
843.1215800328274
 20
879.278544935198
 10
842.7158353006694
 20
879.3088809899389
 10
842.2408232435198
 20
879.3189930081858
 10
834.0703125
 20
879.3189930081858
 10
834.0703125
 20
880.8883782401093
 10
842.1518374829468
 20
880.8883782401093
 10
842.5134685355026
 20
880.8827534299595
 10
842.8541171501961
 20
880.8658789995098
 10
843.1737833270272
 20
880.8377549487606
 10
843.4724670659959
 20
880.7983812777117
 10
843.7501683671022
 20
880.7477579863629
 10
844.0068872303461
 20
880.6858850747145
 10
844.2426236557277
 20
880.6127625427664
 10
844.4573776432469
 20
880.5283903905186
 10
844.8416343366302
 20
880.3221052182812
 10
845.1773533424283
 20
880.0632375511598
 10
845.4645346606412
 20
879.7517873891544
 10
845.7031782912687
 20
879.3877547322649
 10
845.8907562297493
 20
878.9804931973697
 10
846.0247404715211
 20
878.5393564013474
 10
846.1051310165842
 20
878.0643443441978
 10
846.1319278649386
 20
877.5554570259211
 10
846.117897439621
 20
877.1765723422315
 10
846.0758061636681
 20
876.8205660998254
 10
846.00565403708
 20
876.4874382987031
 10
845.9074410598568
 20
876.1771889388644
 10
845.7811672319982
 20
875.8898180203095
 10
845.6268325535044
 20
875.6253255430382
 10
845.4444370243754
 20
875.3837115070506
 10
845.2339806446112
 20
875.1649759123467
 10
844.995842614896
 20
874.9711411625758
 10
844.730402135914
 20
874.8042296613875
 10
844.4376592076654
 20
874.6642414087815
 10
844.11761383015
 20
874.551176404758
 10
843.770266003368
 20
874.465034649317
 10
843.3956157273192
 20
874.4058161424584
 10
842.9936630020037
 20
874.3735208841823
 10
842.5644078274215
 20
874.3681488744886
  0
CIRCLE
  5
199
330
17
100
AcDbEntity
  8
cut
 62
5
420
255
100
AcDbCircle
 10
906.0
 20
1012.8000000000002
 30
0.0
 40
4.4
  0
CIRCLE
  5
19A
330
17
100
AcDbEntity
  8
cut
 62
5
420
255
100
AcDbCircle
 10
906.0
 20
712.8000000000002
 30
0.0
 40
4.4
  0
LWPOLYLINE
  5
19B
330
17
100
AcDbEntity
  8
cut
 62
5
420
255
100
AcDbPolyline
 90
4
 70
1
 10
876.0
 20
1012.8000000000002
 10
876.0
 20
712.8000000000002
 42
0.9999999999999999
 10
936.0
 20
712.8000000000002
 10
936.0
 20
1012.8000000000002
 42
0.9999999999999999
  0
LWPOLYLINE
  5
19C
330
17
100
AcDbEntity
  8
line engraving
 62
1
420
16711680
100
AcDbPolyline
 90
7
 70
0
 10
911.9296875
 20
844.711621759891
 10
900.0703125
 20
844.711621759891
 10
900.0703125
 20
846.2810069918146
 10
910.5301841746249
 20
846.2810069918146
 10
910.5301841746249
 20
852.1217087312416
 10
911.9296875
 20
852.1217087312416
 10
911.9296875
 20
844.711621759891
  0
LWPOLYLINE
  5
19D
330
17
100
AcDbEntity
  8
line engraving
 62
1
420
16711680
100
AcDbPolyline
 90
5
 70
0
 10
901.7448627216917
 20
853.8124381821284
 10
900.0703125
 20
853.8124381821284
 10
900.0703125
 20
855.2685688096864
 10
901.7448627216917
 20
855.2685688096864
 10
901.7448627216917
 20
853.8124381821284
  0
LWPOLYLINE
  5
19E
330
17
100
AcDbEntity
  8
line engraving
 62
1
420
16711680
100
AcDbPolyline
 90
5
 70
0
 10
911.9296875
 20
853.8124381821284
 10
903.3385167974079
 20
853.8124381821284
 10
903.3385167974079
 20
855.2685688096864
 10
911.9296875
 20
855.2685688096864
 10
911.9296875
 20
853.8124381821284
  0
LWPOLYLINE
  5
19F
330
17
100
AcDbEntity
  8
line engraving
 62
1
420
16711680
100
AcDbPolyline
 90
61
 70
0
 10
911.9296875
 20
857.4851232094136
 10
903.3385167974079
 20
857.4851232094136
 10
903.3385167974079
 20
858.7956407742157
 10
904.5600486016372
 20
858.7956407742157
 10
904.2282480029097
 20
859.0454076249149
 10
903.9406874840126
 20
859.3214657230561
 10
903.6973670449458
 20
859.6238150686394
 10
903.4982866857094
 20
859.9524556616645
 10
903.3434464063032
 20
860.3073875021319
 10
903.2328462067275
 20
860.6886105900411
 10
903.166486086982
 20
861.0961249253925
 10
903.1443660470668
 20
861.5299305081858
 10
903.1618092785427
 20
861.9103951947264
 10
903.2141389729707
 20
862.2751862529844
 10
903.3013551303504
 20
862.6243036829597
 10
903.4234577506821
 20
862.9577474846523
 10
903.5738740221052
 20
863.2628776352534
 10
903.7460311327592
 20
863.5270541119545
 10
903.9399290826441
 20
863.7502769147554
 10
904.1555678717599
 20
863.9325460436564
 10
904.3926946996504
 20
864.0822039137109
 10
904.6510567658595
 20
864.2075929399729
 10
904.930654070387
 20
864.3087131224422
 10
905.2314866132333
 20
864.3855644611189
 10
905.4716470465979
 20
864.4209565249831
 10
905.7876476168144
 20
864.4462365706004
 10
906.179488323883
 20
864.4614045979708
 10
906.6471691678036
 20
864.4664606070943
 10
911.9296875
 20
864.4664606070943
 10
911.9296875
 20
863.0103299795363
 10
906.7037964699864
 20
863.0103299795363
 10
906.2869285177567
 20
862.9997123603771
 10
905.9261822667975
 20
862.9678595028993
 10
905.6215577171087
 20
862.9147714071029
 10
905.3730548686904
 20
862.8404480729879
 10
905.1637360909789
 20
862.7390750900624
 10
904.9766637534107
 20
862.6048380478344
 10
904.8118378559857
 20
862.4377369463039
 10
904.669258398704
 20
862.2377717854708
 10
904.5542341911452
 20
862.0120209781081
 10
904.4720740428888
 20
861.7675629369886
 10
904.422777953935
 20
861.5043976621122
 10
904.4063459242838
 20
861.2225251534791
 10
904.415573140934
 20
860.9939303409844
 10
904.443254790885
 20
860.7732987428592
 10
904.4893908741367
 20
860.5606303591034
 10
904.5539813906889
 20
860.355925189717
 10
904.6370263405419
 20
860.1591832347002
 10
904.7385257236954
 20
859.9704044940529
 10
904.8584795401496
 20
859.789588967775
 10
904.9968877899045
 20
859.6167366558665
 10
905.161081686189
 20
859.4584203701879
 10
905.3583924422322
 20
859.3212129225999
 10
905.5888200580342
 20
859.2051143131024
 10
905.8523645335948
 20
859.1101245416953
 10
906.1490258689141
 20
859.0362436083786
 10
906.4788040639921
 20
858.9834715131525
 10
906.8416991188288
 20
858.9518082560168
 10
907.2377110334243
 20
858.9412538369716
 10
911.9296875
 20
858.9412538369716
 10
911.9296875
 20
857.4851232094136
  0
LWPOLYLINE
  5
1A0
330
17
100
AcDbEntity
  8
line engraving
 62
1
420
16711680
100
AcDbPolyline
 90
13
 70
0
 10
911.9296875
 20
866.7072838506141
 10
900.0703125
 20
866.7072838506141
 10
900.0703125
 20
868.1634144781721
 10
906.8332303035471
 20
868.1634144781721
 10
903.3385167974079
 20
871.609590296726
 10
903.3385167974079
 20
873.4944704979538
 10
906.5258249488404
 20
870.2100869713508
 10
911.9296875
 20
873.8261446964531
 10
911.9296875
 20
872.0302502557983
 10
907.5370267735334
 20
869.1907955320602
 10
908.5239597544338
 20
868.1634144781721
 10
911.9296875
 20
868.1634144781721
 10
911.9296875
 20
866.7072838506141
  0
LWPOLYLINE
  5
1A1
330
17
100
AcDbEntity
  8
line engraving
 62
1
420
16711680
100
AcDbPolyline
 90
61
 70
0
 10
908.5644078274215
 20
874.3681488744886
 10
908.3702570770805
 20
875.7838314290589
 10
908.6966224660002
 20
875.8041818657808
 10
908.9961910065655
 20
875.8369195248553
 10
909.2689626987765
 20
875.8820444062821
 10
909.514937542633
 20
875.9395565100615
 10
909.7341155381353
 20
876.0094558361934
 10
909.9264966852832
 20
876.0917423846779
 10
910.0920809840766
 20
876.1864161555147
 10
910.2308684345157
 20
876.2934771487041
 10
910.4502992304741
 20
876.5417271966662
 10
910.6070355133015
 20
876.8334589230902
 10
910.701077282998
 20
877.168672327976
 10
910.7324245395635
 20
877.5473674113235
 10
910.7154869089999
 20
877.832526325887
 10
910.664674017309
 20
878.0974612039565
 10
910.5799858644909
 20
878.3421720455323
 10
910.4614224505457
 20
878.5666588506141
 10
910.3137869841405
 20
878.7643488073415
 10
910.1418826739426
 20
878.9286691038542
 10
909.9457095199522
 20
879.0596197401519
 10
909.7252675221691
 20
879.1572007162348
 10
909.458057439994
 20
879.2279848439633
 10
909.1215800328274
 20
879.278544935198
 10
908.7158353006694
 20
879.3088809899389
 10
908.2408232435198
 20
879.3189930081858
 10
900.0703125
 20
879.3189930081858
 10
900.0703125
 20
880.8883782401093
 10
908.1518374829468
 20
880.8883782401093
 10
908.5134685355026
 20
880.8827534299595
 10
908.8541171501961
 20
880.8658789995098
 10
909.1737833270272
 20
880.8377549487606
 10
909.4724670659959
 20
880.7983812777117
 10
909.7501683671022
 20
880.7477579863629
 10
910.0068872303461
 20
880.6858850747145
 10
910.2426236557277
 20
880.6127625427664
 10
910.4573776432469
 20
880.5283903905186
 10
910.8416343366302
 20
880.3221052182812
 10
911.1773533424283
 20
880.0632375511598
 10
911.4645346606412
 20
879.7517873891544
 10
911.7031782912687
 20
879.3877547322649
 10
911.8907562297493
 20
878.9804931973697
 10
912.0247404715211
 20
878.5393564013474
 10
912.1051310165842
 20
878.0643443441978
 10
912.1319278649386
 20
877.5554570259211
 10
912.117897439621
 20
877.1765723422315
 10
912.0758061636681
 20
876.8205660998254
 10
912.00565403708
 20
876.4874382987031
 10
911.9074410598568
 20
876.1771889388644
 10
911.7811672319982
 20
875.8898180203095
 10
911.6268325535044
 20
875.6253255430382
 10
911.4444370243754
 20
875.3837115070506
 10
911.2339806446112
 20
875.1649759123467
 10
910.995842614896
 20
874.9711411625758
 10
910.730402135914
 20
874.8042296613875
 10
910.4376592076654
 20
874.6642414087815
 10
910.11761383015
 20
874.551176404758
 10
909.770266003368
 20
874.465034649317
 10
909.3956157273192
 20
874.4058161424584
 10
908.9936630020037
 20
874.3735208841823
 10
908.5644078274215
 20
874.3681488744886
  0
LWPOLYLINE
  5
1A2
330
17
100
AcDbEntity
  8
cut
 62
5
420
255
100
AcDbPolyline
 90
4
 70
1
 10
795.0000000000001
 20
1114.8000000000002
 42
0.9999999999999999
 10
795.0000000000001
 20
1174.8000000000002
 10
546.0
 20
1174.8000000000004
 42
0.9999999999999999
 10
546.0
 20
1114.8000000000004
  0
CIRCLE
  5
1A3
330
17
100
AcDbEntity
  8
cut
 62
5
420
255
100
AcDbCircle
 10
795.0000000000001
 20
1144.8000000000002
 30
-2.7755575615628914e-16
 40
4.4
  0
CIRCLE
  5
1A4
330
17
100
AcDbEntity
  8
cut
 62
5
420
255
100
AcDbCircle
 10
546.0
 20
1144.8000000000004
 30
-2.7755575615628914e-16
 40
4.4
  0
LWPOLYLINE
  5
1A5
330
17
100
AcDbEntity
  8
line engraving
 62
1
420
16711680
100
AcDbPolyline
 90
7
 70
0
 10
670.1385572987722
 20
1138.8703125000002
 10
670.1385572987722
 20
1150.7296875000002
 10
671.7079425306957
 20
1150.7296875000002
 10
671.7079425306957
 20
1140.2698158253754
 10
677.5486442701227
 20
1140.2698158253754
 10
677.5486442701227
 20
1138.8703125000002
 10
670.1385572987722
 20
1138.8703125000002
  0
LWPOLYLINE
  5
1A6
330
17
100
AcDbEntity
  8
line engraving
 62
1
420
16711680
100
AcDbPolyline
 90
5
 70
0
 10
679.2393737210095
 20
1149.0551372783084
 10
679.2393737210095
 20
1150.7296875000002
 10
680.6955043485675
 20
1150.7296875000002
 10
680.6955043485675
 20
1149.0551372783084
 10
679.2393737210095
 20
1149.0551372783084
  0
LWPOLYLINE
  5
1A7
330
17
100
AcDbEntity
  8
line engraving
 62
1
420
16711680
100
AcDbPolyline
 90
5
 70
0
 10
679.2393737210095
 20
1138.8703125000002
 10
679.2393737210095
 20
1147.4614832025923
 10
680.6955043485675
 20
1147.4614832025923
 10
680.6955043485675
 20
1138.8703125000002
 10
679.2393737210095
 20
1138.8703125000002
  0
LWPOLYLINE
  5
1A8
330
17
100
AcDbEntity
  8
line engraving
 62
1
420
16711680
100
AcDbPolyline
 90
61
 70
0
 10
682.9120587482947
 20
1138.8703125000002
 10
682.9120587482947
 20
1147.4614832025923
 10
684.2225763130969
 20
1147.4614832025923
 10
684.2225763130969
 20
1146.239951398363
 10
684.472343163796
 20
1146.5717519970904
 10
684.7484012619373
 20
1146.8593125159875
 10
685.0507506075204
 20
1147.1026329550543
 10
685.3793912005457
 20
1147.3017133142907
 10
685.7343230410129
 20
1147.456553593697
 10
686.1155461289222
 20
1147.5671537932728
 10
686.5230604642735
 20
1147.6335139130183
 10
686.9568660470668
 20
1147.6556339529334
 10
687.3373307336076
 20
1147.6381907214575
 10
687.7021217918656
 20
1147.5858610270295
 10
688.0512392218409
 20
1147.4986448696498
 10
688.3846830235334
 20
1147.3765422493182
 10
688.6898131741345
 20
1147.226125977895
 10
688.9539896508356
 20
1147.053968867241
 10
689.1772124536366
 20
1146.860070917356
 10
689.3594815825376
 20
1146.6444321282404
 10
689.5091394525921
 20
1146.40730530035
 10
689.634528478854
 20
1146.1489432341407
 10
689.7356486613234
 20
1145.869345929613
 10
689.8125
 20
1145.5685133867669
 10
689.8478920638643
 20
1145.3283529534024
 10
689.8731721094816
 20
1145.0123523831858
 10
689.888340136852
 20
1144.6205116761173
 10
689.8933961459754
 20
1144.1528308321967
 10
689.8933961459754
 20
1138.8703125000002
 10
688.4372655184175
 20
1138.8703125000002
 10
688.4372655184175
 20
1144.0962035300138
 10
688.4266478992582
 20
1144.5130714822435
 10
688.3947950417803
 20
1144.8738177332027
 10
688.341706945984
 20
1145.1784422828916
 10
688.267383611869
 20
1145.4269451313098
 10
688.1660106289436
 20
1145.6362639090214
 10
688.0317735867155
 20
1145.8233362465896
 10
687.864672485185
 20
1145.9881621440145
 10
687.664707324352
 20
1146.1307416012962
 10
687.4389565169893
 20
1146.245765808855
 10
687.1944984758698
 20
1146.3279259571113
 10
686.9313332009933
 20
1146.377222046065
 10
686.6494606923602
 20
1146.3936540757163
 10
686.4208658798656
 20
1146.384426859066
 10
686.2002342817403
 20
1146.356745209115
 10
685.9875658979845
 20
1146.3106091258635
 10
685.7828607285983
 20
1146.2460186093112
 10
685.5861187735813
 20
1146.1629736594582
 10
685.397340032934
 20
1146.0614742763046
 10
685.2165245066561
 20
1145.9415204598504
 10
685.0436721947476
 20
1145.8031122100956
 10
684.8853559090691
 20
1145.638918313811
 10
684.748148461481
 20
1145.4416075577678
 10
684.6320498519835
 20
1145.2111799419658
 10
684.5370600805765
 20
1144.9476354664052
 10
684.4631791472598
 20
1144.650974131086
 10
684.4104070520336
 20
1144.321195936008
 10
684.3787437948979
 20
1143.9583008811712
 10
684.3681893758527
 20
1143.5622889665758
 10
684.3681893758527
 20
1138.8703125000002
 10
682.9120587482947
 20
1138.8703125000002
  0
LWPOLYLINE
  5
1A9
330
17
100
AcDbEntity
  8
line engraving
 62
1
420
16711680
100
AcDbPolyline
 90
13
 70
0
 10
692.1342193894952
 20
1138.8703125000002
 10
692.1342193894952
 20
1150.7296875000002
 10
693.5903500170532
 20
1150.7296875000002
 10
693.5903500170532
 20
1143.9667696964532
 10
697.0365258356071
 20
1147.4614832025923
 10
698.9214060368349
 20
1147.4614832025923
 10
695.6370225102319
 20
1144.2741750511598
 10
699.2530802353342
 20
1138.8703125000002
 10
697.4571857946794
 20
1138.8703125000002
 10
694.6177310709413
 20
1143.2629732264668
 10
693.5903500170532
 20
1142.2760402455663
 10
693.5903500170532
 20
1138.8703125000002
 10
692.1342193894952
 20
1138.8703125000002
  0
LWPOLYLINE
  5
1AA
330
17
100
AcDbEntity
  8
line engraving
 62
1
420
16711680
100
AcDbPolyline
 90
60
 70
0
 10
700.5312393417463
 20
1138.8703125000002
 10
700.5312393417463
 20
1150.7296875000002
 10
704.9805273703956
 20
1150.7296875000002
 10
705.3118855683247
 20
1150.7240626898504
 10
705.6264325359183
 20
1150.7071882594007
 10
705.9241682731763
 20
1150.6790642086514
 10
706.2050927800989
 20
1150.6396905376025
 10
706.4692060566858
 20
1150.5890672462538
 10
706.7165081029374
 20
1150.5271943346054
 10
706.9469989188533
 20
1150.4540718026574
 10
707.1606785044338
 20
1150.3696996504095
 10
707.5489800051159
 20
1150.1654368818215
 10
707.8927886255116
 20
1149.912636425648
 10
708.1921043656207
 20
1149.6112982818897
 10
708.4469272254433
 20
1149.261422450546
 10
708.6504315926628
 20
1148.8829801676545
 10
708.7957918549624
 20
1148.4959426692533
 10
708.8830080123422
 20
1148.100309955342
 10
708.9120800648021
 20
1147.696082025921
 10
708.8862944182724
 20
1147.3214317498723
 10
708.8089374786834
 20
1146.9579046938952
 10
708.6800092460351
 20
1146.6055008579897
 10
708.4995097203274
 20
1146.2642202421557
 10
708.266933300648
 20
1145.9446804655527
 10
707.9817743860846
 20
1145.6574991473399
 10
707.6440329766372
 20
1145.4026762875174
 10
707.2537090723056
 20
1145.1802118860849
 10
707.5149151436466
 20
1145.094386131214
 10
707.760573986933
 20
1144.9946563512535
 10
707.9906856021647
 20
1144.8810225462037
 10
708.2052499893417
 20
1144.7534847160643
 10
708.4042671484642
 20
1144.6120428608353
 10
708.587737079532
 20
1144.4566969805169
 10
708.755659782545
 20
1144.287447075109
 10
708.9080352575035
 20
1144.1042931446113
 10
709.0435995021263
 20
1143.9098895938141
 10
709.1610885141329
 20
1143.706890827507
 10
709.260502293523
 20
1143.49529684569
 10
709.3418408402968
 20
1143.275107648363
 10
709.4051041544541
 20
1143.0463232355262
 10
709.450292235995
 20
1142.8089436071796
 10
709.4774050849196
 20
1142.562968763323
 10
709.4864427012278
 20
1142.3083987039565
 10
709.4644490615408
 20
1141.8991147654122
 10
709.3984681424795
 20
1141.5044932533256
 10
709.2884999440441
 20
1141.1245341676972
 10
709.1345444662346
 20
1140.759237508527
 10
708.948230530035
 20
1140.4217488995355
 10
708.7411869564291
 20
1140.1252139644444
 10
708.513413745417
 20
1139.869632703253
 10
708.2649108969987
 20
1139.655005115962
 10
707.989611200226
 20
1139.472735987061
 10
707.6814474441508
 20
1139.3142301010403
 10
707.340419628773
 20
1139.1794874579
 10
706.9665277540928
 20
1139.06850805764
 10
706.5542102100742
 20
1138.9817975011727
 10
706.0979053866814
 20
1138.91986138941
 10
705.5976132839146
 20
1138.8826997223528
 10
705.0533339017735
 20
1138.8703125000002
 10
700.5312393417463
 20
1138.8703125000002
  0
LWPOLYLINE
  5
1AB
330
17
100
AcDbEntity
  8
line engraving
 62
1
420
16711680
100
AcDbPolyline
 90
32
 70
0
 10
702.1006245736698
 20
1145.7464849079129
 10
704.6650324010914
 20
1145.7464849079129
 10
705.1499036760317
 20
1145.7550801234227
 10
705.5609572177694
 20
1145.7808657699525
 10
705.8981930263046
 20
1145.8238418475019
 10
706.1616111016372
 20
1145.884008356071
 10
706.4424724084456
 20
1145.987656543102
 10
706.6864248486529
 20
1146.1206295830493
 10
706.8934684222587
 20
1146.2829274759126
 10
707.0636031292634
 20
1146.474550221692
 10
707.1963233687543
 20
1146.6939810176502
 10
707.2911235398192
 20
1146.9397030610507
 10
707.3480036424581
 20
1147.211716351893
 10
707.3669636766712
 20
1147.5100208901774
 10
707.349267644739
 20
1147.796443807022
 10
707.2961795489426
 20
1148.065170691934
 10
707.2076993892821
 20
1148.316201544914
 10
707.0838271657572
 20
1148.549536365962
 10
706.9270908829297
 20
1148.7563271391118
 10
706.7400185453615
 20
1148.9277258483971
 10
706.5226101530526
 20
1149.0637324938184
 10
706.2748657060027
 20
1149.1643470753754
 10
706.1316542475806
 20
1149.203215145512
 10
705.9649323467343
 20
1149.2369008062972
 10
705.774700003464
 20
1149.2654040577306
 10
705.5609572177694
 20
1149.2887248998127
 10
705.3237039896509
 20
1149.306863332543
 10
705.0629403191081
 20
1149.319819355922
 10
704.7786662061413
 20
1149.3275929699491
 10
704.4708816507504
 20
1149.330184174625
 10
702.1006245736698
 20
1149.330184174625
 10
702.1006245736698
 20
1145.7464849079129
  0
LWPOLYLINE
  5
1AC
330
17
100
AcDbEntity
  8
line engraving
 62
1
420
16711680
100
AcDbPolyline
 90
32
 70
0
 10
702.1006245736698
 20
1140.2698158253754
 10
705.0533339017735
 20
1140.2698158253754
 10
705.4052321367667
 20
1140.2733550317619
 10
705.700503069577
 20
1140.283972650921
 10
705.9391467002047
 20
1140.3016686828532
 10
706.1211630286493
 20
1140.3264431275582
 10
706.3810418975954
 20
1140.3830704297409
 10
706.6186743263984
 20
1140.455876961119
 10
706.834060315058
 20
1140.5448627216917
 10
707.0271998635743
 20
1140.6500277114599
 10
707.2011265774215
 20
1140.7761751390904
 10
707.3588740620737
 20
1140.9281082132507
 10
707.5004423175307
 20
1141.1058269339403
 10
707.6258313437926
 20
1141.3093313011598
 10
707.7284683289989
 20
1141.534070906698
 10
707.8017804612892
 20
1141.7754953423432
 10
707.8457677406634
 20
1142.0336046080963
 10
707.8604301671214
 20
1142.3083987039565
 10
707.8391949288028
 20
1142.6292024828404
 10
707.7754892138472
 20
1142.9282654224933
 10
707.6693130222544
 20
1143.2055875229155
 10
707.5206663540246
 20
1143.4611687841066
 10
707.3343524178249
 20
1143.6876779928377
 10
707.1151744223226
 20
1143.8777839358802
 10
706.8631323675179
 20
1144.0314866132335
 10
706.5782262534107
 20
1144.1487860248978
 10
706.2437712498935
 20
1144.2354965813652
 10
705.8430825268588
 20
1144.2974326931276
 10
705.3761600843068
 20
1144.334594360185
 10
704.8430039222374
 20
1144.3469815825376
 10
702.1006245736698
 20
1144.3469815825376
 10
702.1006245736698
 20
1140.2698158253754
  0
LWPOLYLINE
  5
1AD
330
17
100
AcDbEntity
  8
cut
 62
5
420
255
100
AcDbPolyline
 90
4
 70
1
 10
1110.0
 20
1114.8000000000002
 42
0.9999999999999999
 10
1110.0
 20
1174.8000000000002
 10
861.0
 20
1174.8000000000004
 42
0.9999999999999999
 10
861.0
 20
1114.8000000000004
  0
CIRCLE
  5
1AE
330
17
100
AcDbEntity
  8
cut
 62
5
420
255
100
AcDbCircle
 10
1110.0
 20
1144.8000000000002
 30
-2.7755575615628914e-16
 40
4.4
  0
CIRCLE
  5
1AF
330
17
100
AcDbEntity
  8
cut
 62
5
420
255
100
AcDbCircle
 10
861.0
 20
1144.8000000000004
 30
-2.7755575615628914e-16
 40
4.4
  0
LWPOLYLINE
  5
1B0
330
17
100
AcDbEntity
  8
line engraving
 62
1
420
16711680
100
AcDbPolyline
 90
7
 70
0
 10
985.1385572987722
 20
1138.8703125000002
 10
985.1385572987722
 20
1150.7296875000002
 10
986.7079425306957
 20
1150.7296875000002
 10
986.7079425306957
 20
1140.2698158253754
 10
992.5486442701227
 20
1140.2698158253754
 10
992.5486442701227
 20
1138.8703125000002
 10
985.1385572987722
 20
1138.8703125000002
  0
LWPOLYLINE
  5
1B1
330
17
100
AcDbEntity
  8
line engraving
 62
1
420
16711680
100
AcDbPolyline
 90
5
 70
0
 10
994.2393737210095
 20
1149.0551372783084
 10
994.2393737210095
 20
1150.7296875000002
 10
995.6955043485675
 20
1150.7296875000002
 10
995.6955043485675
 20
1149.0551372783084
 10
994.2393737210095
 20
1149.0551372783084
  0
LWPOLYLINE
  5
1B2
330
17
100
AcDbEntity
  8
line engraving
 62
1
420
16711680
100
AcDbPolyline
 90
5
 70
0
 10
994.2393737210095
 20
1138.8703125000002
 10
994.2393737210095
 20
1147.4614832025923
 10
995.6955043485675
 20
1147.4614832025923
 10
995.6955043485675
 20
1138.8703125000002
 10
994.2393737210095
 20
1138.8703125000002
  0
LWPOLYLINE
  5
1B3
330
17
100
AcDbEntity
  8
line engraving
 62
1
420
16711680
100
AcDbPolyline
 90
61
 70
0
 10
997.9120587482947
 20
1138.8703125000002
 10
997.9120587482947
 20
1147.4614832025923
 10
999.2225763130969
 20
1147.4614832025923
 10
999.2225763130969
 20
1146.239951398363
 10
999.472343163796
 20
1146.5717519970904
 10
999.7484012619373
 20
1146.8593125159875
 10
1000.0507506075204
 20
1147.1026329550543
 10
1000.3793912005457
 20
1147.3017133142907
 10
1000.7343230410129
 20
1147.456553593697
 10
1001.1155461289222
 20
1147.5671537932728
 10
1001.5230604642735
 20
1147.6335139130183
 10
1001.9568660470668
 20
1147.6556339529334
 10
1002.3373307336076
 20
1147.6381907214575
 10
1002.7021217918656
 20
1147.5858610270295
 10
1003.0512392218409
 20
1147.4986448696498
 10
1003.3846830235334
 20
1147.3765422493182
 10
1003.6898131741345
 20
1147.226125977895
 10
1003.9539896508356
 20
1147.053968867241
 10
1004.1772124536366
 20
1146.860070917356
 10
1004.3594815825376
 20
1146.6444321282404
 10
1004.5091394525921
 20
1146.40730530035
 10
1004.634528478854
 20
1146.1489432341407
 10
1004.7356486613234
 20
1145.869345929613
 10
1004.8125
 20
1145.5685133867669
 10
1004.8478920638643
 20
1145.3283529534024
 10
1004.8731721094816
 20
1145.0123523831858
 10
1004.888340136852
 20
1144.6205116761173
 10
1004.8933961459754
 20
1144.1528308321967
 10
1004.8933961459754
 20
1138.8703125000002
 10
1003.4372655184175
 20
1138.8703125000002
 10
1003.4372655184175
 20
1144.0962035300138
 10
1003.4266478992582
 20
1144.5130714822435
 10
1003.3947950417803
 20
1144.8738177332027
 10
1003.341706945984
 20
1145.1784422828916
 10
1003.267383611869
 20
1145.4269451313098
 10
1003.1660106289436
 20
1145.6362639090214
 10
1003.0317735867155
 20
1145.8233362465896
 10
1002.864672485185
 20
1145.9881621440145
 10
1002.664707324352
 20
1146.1307416012962
 10
1002.4389565169893
 20
1146.245765808855
 10
1002.1944984758698
 20
1146.3279259571113
 10
1001.9313332009933
 20
1146.377222046065
 10
1001.6494606923602
 20
1146.3936540757163
 10
1001.4208658798656
 20
1146.384426859066
 10
1001.2002342817403
 20
1146.356745209115
 10
1000.9875658979845
 20
1146.3106091258635
 10
1000.7828607285983
 20
1146.2460186093112
 10
1000.5861187735813
 20
1146.1629736594582
 10
1000.397340032934
 20
1146.0614742763046
 10
1000.2165245066561
 20
1145.9415204598504
 10
1000.0436721947476
 20
1145.8031122100956
 10
999.8853559090691
 20
1145.638918313811
 10
999.748148461481
 20
1145.4416075577678
 10
999.6320498519835
 20
1145.2111799419658
 10
999.5370600805765
 20
1144.9476354664052
 10
999.4631791472598
 20
1144.650974131086
 10
999.4104070520336
 20
1144.321195936008
 10
999.3787437948979
 20
1143.9583008811712
 10
999.3681893758527
 20
1143.5622889665758
 10
999.3681893758527
 20
1138.8703125000002
 10
997.9120587482947
 20
1138.8703125000002
  0
LWPOLYLINE
  5
1B4
330
17
100
AcDbEntity
  8
line engraving
 62
1
420
16711680
100
AcDbPolyline
 90
13
 70
0
 10
1007.1342193894952
 20
1138.8703125000002
 10
1007.1342193894952
 20
1150.7296875000002
 10
1008.5903500170532
 20
1150.7296875000002
 10
1008.5903500170532
 20
1143.9667696964532
 10
1012.0365258356071
 20
1147.4614832025923
 10
1013.9214060368349
 20
1147.4614832025923
 10
1010.6370225102319
 20
1144.2741750511598
 10
1014.2530802353342
 20
1138.8703125000002
 10
1012.4571857946794
 20
1138.8703125000002
 10
1009.6177310709413
 20
1143.2629732264668
 10
1008.5903500170532
 20
1142.2760402455663
 10
1008.5903500170532
 20
1138.8703125000002
 10
1007.1342193894952
 20
1138.8703125000002
  0
LWPOLYLINE
  5
1B5
330
17
100
AcDbEntity
  8
line engraving
 62
1
420
16711680
100
AcDbPolyline
 90
60
 70
0
 10
1015.5312393417463
 20
1138.8703125000002
 10
1015.5312393417463
 20
1150.7296875000002
 10
1019.9805273703956
 20
1150.7296875000002
 10
1020.3118855683247
 20
1150.7240626898504
 10
1020.6264325359183
 20
1150.7071882594007
 10
1020.9241682731763
 20
1150.6790642086514
 10
1021.2050927800989
 20
1150.6396905376025
 10
1021.4692060566858
 20
1150.5890672462538
 10
1021.7165081029374
 20
1150.5271943346054
 10
1021.9469989188533
 20
1150.4540718026574
 10
1022.1606785044338
 20
1150.3696996504095
 10
1022.5489800051159
 20
1150.1654368818215
 10
1022.8927886255116
 20
1149.912636425648
 10
1023.1921043656207
 20
1149.6112982818897
 10
1023.4469272254433
 20
1149.261422450546
 10
1023.6504315926628
 20
1148.8829801676545
 10
1023.7957918549624
 20
1148.4959426692533
 10
1023.8830080123422
 20
1148.100309955342
 10
1023.9120800648021
 20
1147.696082025921
 10
1023.8862944182724
 20
1147.3214317498723
 10
1023.8089374786834
 20
1146.9579046938952
 10
1023.6800092460351
 20
1146.6055008579897
 10
1023.4995097203274
 20
1146.2642202421557
 10
1023.266933300648
 20
1145.9446804655527
 10
1022.9817743860846
 20
1145.6574991473399
 10
1022.6440329766372
 20
1145.4026762875174
 10
1022.2537090723056
 20
1145.1802118860849
 10
1022.5149151436466
 20
1145.094386131214
 10
1022.760573986933
 20
1144.9946563512535
 10
1022.9906856021647
 20
1144.8810225462037
 10
1023.2052499893417
 20
1144.7534847160643
 10
1023.4042671484642
 20
1144.6120428608353
 10
1023.587737079532
 20
1144.4566969805169
 10
1023.755659782545
 20
1144.287447075109
 10
1023.9080352575035
 20
1144.1042931446113
 10
1024.0435995021264
 20
1143.9098895938141
 10
1024.1610885141329
 20
1143.706890827507
 10
1024.260502293523
 20
1143.49529684569
 10
1024.3418408402968
 20
1143.275107648363
 10
1024.405104154454
 20
1143.0463232355262
 10
1024.450292235995
 20
1142.8089436071796
 10
1024.4774050849196
 20
1142.562968763323
 10
1024.4864427012278
 20
1142.3083987039565
 10
1024.4644490615408
 20
1141.8991147654122
 10
1024.3984681424795
 20
1141.5044932533256
 10
1024.2884999440441
 20
1141.1245341676972
 10
1024.1345444662347
 20
1140.759237508527
 10
1023.9482305300351
 20
1140.4217488995355
 10
1023.7411869564291
 20
1140.1252139644444
 10
1023.513413745417
 20
1139.869632703253
 10
1023.2649108969987
 20
1139.655005115962
 10
1022.989611200226
 20
1139.472735987061
 10
1022.6814474441508
 20
1139.3142301010403
 10
1022.340419628773
 20
1139.1794874579
 10
1021.9665277540928
 20
1139.06850805764
 10
1021.5542102100742
 20
1138.9817975011727
 10
1021.0979053866814
 20
1138.91986138941
 10
1020.5976132839146
 20
1138.8826997223528
 10
1020.0533339017735
 20
1138.8703125000002
 10
1015.5312393417463
 20
1138.8703125000002
  0
LWPOLYLINE
  5
1B6
330
17
100
AcDbEntity
  8
line engraving
 62
1
420
16711680
100
AcDbPolyline
 90
32
 70
0
 10
1017.1006245736698
 20
1145.7464849079129
 10
1019.6650324010914
 20
1145.7464849079129
 10
1020.1499036760317
 20
1145.7550801234227
 10
1020.5609572177694
 20
1145.7808657699525
 10
1020.8981930263046
 20
1145.8238418475019
 10
1021.1616111016372
 20
1145.884008356071
 10
1021.4424724084456
 20
1145.987656543102
 10
1021.6864248486529
 20
1146.1206295830493
 10
1021.8934684222587
 20
1146.2829274759126
 10
1022.0636031292634
 20
1146.474550221692
 10
1022.1963233687543
 20
1146.6939810176502
 10
1022.2911235398192
 20
1146.9397030610507
 10
1022.3480036424581
 20
1147.211716351893
 10
1022.3669636766712
 20
1147.5100208901774
 10
1022.349267644739
 20
1147.796443807022
 10
1022.2961795489426
 20
1148.065170691934
 10
1022.2076993892821
 20
1148.316201544914
 10
1022.0838271657572
 20
1148.549536365962
 10
1021.9270908829297
 20
1148.7563271391118
 10
1021.7400185453615
 20
1148.9277258483971
 10
1021.5226101530526
 20
1149.0637324938184
 10
1021.2748657060027
 20
1149.1643470753754
 10
1021.1316542475806
 20
1149.203215145512
 10
1020.9649323467343
 20
1149.2369008062972
 10
1020.774700003464
 20
1149.2654040577306
 10
1020.5609572177694
 20
1149.2887248998127
 10
1020.3237039896509
 20
1149.306863332543
 10
1020.0629403191081
 20
1149.319819355922
 10
1019.7786662061413
 20
1149.3275929699491
 10
1019.4708816507504
 20
1149.330184174625
 10
1017.1006245736698
 20
1149.330184174625
 10
1017.1006245736698
 20
1145.7464849079129
  0
LWPOLYLINE
  5
1B7
330
17
100
AcDbEntity
  8
line engraving
 62
1
420
16711680
100
AcDbPolyline
 90
32
 70
0
 10
1017.1006245736698
 20
1140.2698158253754
 10
1020.0533339017735
 20
1140.2698158253754
 10
1020.4052321367667
 20
1140.2733550317619
 10
1020.700503069577
 20
1140.283972650921
 10
1020.9391467002047
 20
1140.3016686828532
 10
1021.1211630286493
 20
1140.3264431275582
 10
1021.3810418975954
 20
1140.3830704297409
 10
1021.6186743263984
 20
1140.455876961119
 10
1021.834060315058
 20
1140.5448627216917
 10
1022.0271998635743
 20
1140.6500277114599
 10
1022.2011265774215
 20
1140.7761751390904
 10
1022.3588740620737
 20
1140.9281082132507
 10
1022.5004423175307
 20
1141.1058269339403
 10
1022.6258313437926
 20
1141.3093313011598
 10
1022.7284683289989
 20
1141.534070906698
 10
1022.8017804612892
 20
1141.7754953423432
 10
1022.8457677406634
 20
1142.0336046080963
 10
1022.8604301671214
 20
1142.3083987039565
 10
1022.8391949288028
 20
1142.6292024828404
 10
1022.7754892138472
 20
1142.9282654224933
 10
1022.6693130222544
 20
1143.2055875229155
 10
1022.5206663540246
 20
1143.4611687841066
 10
1022.3343524178249
 20
1143.6876779928377
 10
1022.1151744223226
 20
1143.8777839358802
 10
1021.8631323675179
 20
1144.0314866132335
 10
1021.5782262534107
 20
1144.1487860248978
 10
1021.2437712498935
 20
1144.2354965813652
 10
1020.8430825268588
 20
1144.2974326931276
 10
1020.3761600843068
 20
1144.334594360185
 10
1019.8430039222374
 20
1144.3469815825376
 10
1017.1006245736698
 20
1144.3469815825376
 10
1017.1006245736698
 20
1140.2698158253754
  0
LWPOLYLINE
  5
1B8
330
17
100
AcDbEntity
  8
cut
 62
5
420
255
100
AcDbPolyline
 90
4
 70
1
 10
1002.0
 20
961.8
 42
0.9999999999999999
 10
942.0
 20
961.8000000000001
 10
942.0
 20
712.8
 42
0.9999999999999999
 10
1002.0
 20
712.8
  0
CIRCLE
  5
1B9
330
17
100
AcDbEntity
  8
cut
 62
5
420
255
100
AcDbCircle
 10
972.0
 20
961.8
 30
-2.7755575615628914e-16
 40
4.4
  0
CIRCLE
  5
1BA
330
17
100
AcDbEntity
  8
cut
 62
5
420
255
100
AcDbCircle
 10
972.0
 20
712.8
 30
-2.7755575615628914e-16
 40
4.4
  0
LWPOLYLINE
  5
1BB
330
17
100
AcDbEntity
  8
line engraving
 62
1
420
16711680
100
AcDbPolyline
 90
7
 70
0
 10
977.9296875
 20
836.9385572987721
 10
966.0703125
 20
836.9385572987721
 10
966.0703125
 20
838.5079425306957
 10
976.5301841746249
 20
838.5079425306957
 10
976.5301841746249
 20
844.3486442701227
 10
977.9296875
 20
844.3486442701227
 10
977.9296875
 20
836.9385572987721
  0
LWPOLYLINE
  5
1BC
330
17
100
AcDbEntity
  8
line engraving
 62
1
420
16711680
100
AcDbPolyline
 90
5
 70
0
 10
967.7448627216917
 20
846.0393737210095
 10
966.0703125
 20
846.0393737210095
 10
966.0703125
 20
847.4955043485675
 10
967.7448627216917
 20
847.4955043485675
 10
967.7448627216917
 20
846.0393737210095
  0
LWPOLYLINE
  5
1BD
330
17
100
AcDbEntity
  8
line engraving
 62
1
420
16711680
100
AcDbPolyline
 90
5
 70
0
 10
977.9296875
 20
846.0393737210095
 10
969.3385167974079
 20
846.0393737210095
 10
969.3385167974079
 20
847.4955043485675
 10
977.9296875
 20
847.4955043485675
 10
977.9296875
 20
846.0393737210095
  0
LWPOLYLINE
  5
1BE
330
17
100
AcDbEntity
  8
line engraving
 62
1
420
16711680
100
AcDbPolyline
 90
61
 70
0
 10
977.9296875
 20
849.7120587482947
 10
969.3385167974079
 20
849.7120587482947
 10
969.3385167974079
 20
851.0225763130968
 10
970.5600486016372
 20
851.0225763130968
 10
970.2282480029097
 20
851.272343163796
 10
969.9406874840126
 20
851.5484012619372
 10
969.6973670449458
 20
851.8507506075204
 10
969.4982866857094
 20
852.1793912005456
 10
969.3434464063032
 20
852.5343230410128
 10
969.2328462067275
 20
852.9155461289222
 10
969.166486086982
 20
853.3230604642735
 10
969.1443660470668
 20
853.7568660470668
 10
969.1618092785427
 20
854.1373307336075
 10
969.2141389729707
 20
854.5021217918655
 10
969.3013551303504
 20
854.8512392218408
 10
969.4234577506821
 20
855.1846830235334
 10
969.5738740221052
 20
855.4898131741345
 10
969.7460311327592
 20
855.7539896508356
 10
969.9399290826441
 20
855.9772124536365
 10
970.1555678717599
 20
856.1594815825375
 10
970.3926946996504
 20
856.309139452592
 10
970.6510567658595
 20
856.434528478854
 10
970.930654070387
 20
856.5356486613233
 10
971.2314866132333
 20
856.6125
 10
971.4716470465979
 20
856.6478920638642
 10
971.7876476168144
 20
856.6731721094816
 10
972.179488323883
 20
856.6883401368519
 10
972.6471691678036
 20
856.6933961459754
 10
977.9296875
 20
856.6933961459754
 10
977.9296875
 20
855.2372655184174
 10
972.7037964699864
 20
855.2372655184174
 10
972.2869285177567
 20
855.2266478992582
 10
971.9261822667975
 20
855.1947950417803
 10
971.6215577171087
 20
855.141706945984
 10
971.3730548686904
 20
855.067383611869
 10
971.1637360909789
 20
854.9660106289435
 10
970.9766637534107
 20
854.8317735867155
 10
970.8118378559857
 20
854.664672485185
 10
970.669258398704
 20
854.4647073243519
 10
970.5542341911452
 20
854.2389565169892
 10
970.4720740428888
 20
853.9944984758697
 10
970.422777953935
 20
853.7313332009933
 10
970.4063459242838
 20
853.4494606923602
 10
970.415573140934
 20
853.2208658798655
 10
970.443254790885
 20
853.0002342817403
 10
970.4893908741367
 20
852.7875658979845
 10
970.5539813906889
 20
852.5828607285982
 10
970.6370263405419
 20
852.3861187735813
 10
970.7385257236954
 20
852.197340032934
 10
970.8584795401496
 20
852.0165245066561
 10
970.9968877899045
 20
851.8436721947476
 10
971.161081686189
 20
851.685355909069
 10
971.3583924422322
 20
851.548148461481
 10
971.5888200580342
 20
851.4320498519835
 10
971.8523645335948
 20
851.3370600805764
 10
972.1490258689141
 20
851.2631791472597
 10
972.4788040639921
 20
851.2104070520336
 10
972.8416991188288
 20
851.1787437948979
 10
973.2377110334243
 20
851.1681893758526
 10
977.9296875
 20
851.1681893758526
 10
977.9296875
 20
849.7120587482947
  0
LWPOLYLINE
  5
1BF
330
17
100
AcDbEntity
  8
line engraving
 62
1
420
16711680
100
AcDbPolyline
 90
13
 70
0
 10
977.9296875
 20
858.9342193894952
 10
966.0703125
 20
858.9342193894952
 10
966.0703125
 20
860.3903500170532
 10
972.8332303035471
 20
860.3903500170532
 10
969.3385167974079
 20
863.8365258356071
 10
969.3385167974079
 20
865.7214060368349
 10
972.5258249488404
 20
862.4370225102318
 10
977.9296875
 20
866.0530802353342
 10
977.9296875
 20
864.2571857946793
 10
973.5370267735334
 20
861.4177310709413
 10
974.5239597544338
 20
860.3903500170532
 10
977.9296875
 20
860.3903500170532
 10
977.9296875
 20
858.9342193894952
  0
LWPOLYLINE
  5
1C0
330
17
100
AcDbEntity
  8
line engraving
 62
1
420
16711680
100
AcDbPolyline
 90
60
 70
0
 10
977.9296875
 20
867.3312393417463
 10
966.0703125
 20
867.3312393417463
 10
966.0703125
 20
871.7805273703956
 10
966.0759373101498
 20
872.1118855683246
 10
966.0928117405995
 20
872.4264325359183
 10
966.1209357913488
 20
872.7241682731762
 10
966.1603094623977
 20
873.0050927800988
 10
966.2109327537464
 20
873.2692060566858
 10
966.2728056653948
 20
873.5165081029373
 10
966.3459281973429
 20
873.7469989188533
 10
966.4303003495908
 20
873.9606785044338
 10
966.6345631181787
 20
874.3489800051159
 10
966.887363574352
 20
874.6927886255115
 10
967.1887017181105
 20
874.9921043656207
 10
967.5385775494543
 20
875.2469272254433
 10
967.9170198323457
 20
875.4504315926628
 10
968.3040573307469
 20
875.5957918549624
 10
968.699690044658
 20
875.6830080123422
 10
969.1039179740791
 20
875.7120800648021
 10
969.4785682501279
 20
875.6862944182724
 10
969.8420953061051
 20
875.6089374786834
 10
970.1944991420106
 20
875.480009246035
 10
970.5357797578445
 20
875.2995097203274
 10
970.8553195344474
 20
875.066933300648
 10
971.1425008526603
 20
874.7817743860845
 10
971.397323712483
 20
874.4440329766371
 10
971.6197881139154
 20
874.0537090723055
 10
971.7056138687863
 20
874.3149151436465
 10
971.8053436487467
 20
874.5605739869329
 10
971.9189774537965
 20
874.7906856021647
 10
972.046515283936
 20
875.0052499893417
 10
972.1879571391648
 20
875.2042671484642
 10
972.3433030194833
 20
875.3877370795319
 10
972.5125529248913
 20
875.5556597825449
 10
972.6957068553888
 20
875.7080352575034
 10
972.8901104061861
 20
875.8435995021263
 10
973.0931091724932
 20
875.9610885141328
 10
973.3047031543102
 20
876.060502293523
 10
973.5248923516372
 20
876.1418408402967
 10
973.7536767644739
 20
876.205104154454
 10
973.9910563928206
 20
876.250292235995
 10
974.2370312366771
 20
876.2774050849196
 10
974.4916012960437
 20
876.2864427012278
 10
974.9008852345881
 20
876.2644490615407
 10
975.2955067466746
 20
876.1984681424794
 10
975.6754658323031
 20
876.0884999440441
 10
976.0407624914734
 20
875.9345444662346
 10
976.3782511004647
 20
875.7482305300349
 10
976.6747860355559
 20
875.5411869564291
 10
976.930367296747
 20
875.3134137454169
 10
977.1449948840382
 20
875.0649108969986
 10
977.327264012939
 20
874.789611200226
 10
977.4857698989597
 20
874.4814474441507
 10
977.6205125421001
 20
874.140419628773
 10
977.7314919423602
 20
873.7665277540927
 10
977.8182024988276
 20
873.3542102100741
 10
977.88013861059
 20
872.8979053866814
 10
977.9173002776475
 20
872.3976132839146
 10
977.9296875
 20
871.8533339017735
 10
977.9296875
 20
867.3312393417463
  0
LWPOLYLINE
  5
1C1
330
17
100
AcDbEntity
  8
line engraving
 62
1
420
16711680
100
AcDbPolyline
 90
32
 70
0
 10
971.0535150920873
 20
868.9006245736698
 10
971.0535150920873
 20
871.4650324010913
 10
971.0449198765774
 20
871.9499036760317
 10
971.0191342300477
 20
872.3609572177694
 10
970.9761581524983
 20
872.6981930263046
 10
970.915991643929
 20
872.9616111016371
 10
970.812343456898
 20
873.2424724084456
 10
970.6793704169509
 20
873.4864248486529
 10
970.5170725240877
 20
873.6934684222587
 10
970.3254497783083
 20
873.8636031292633
 10
970.10601898235
 20
873.9963233687542
 10
969.8602969389495
 20
874.0911235398191
 10
969.5882836481071
 20
874.1480036424581
 10
969.2899791098226
 20
874.1669636766711
 10
969.0035561929783
 20
874.149267644739
 10
968.7348293080662
 20
874.0961795489426
 10
968.4837984550861
 20
874.007699389282
 10
968.2504636340382
 20
873.8838271657571
 10
968.0436728608885
 20
873.7270908829297
 10
967.872274151603
 20
873.5400185453615
 10
967.7362675061818
 20
873.3226101530526
 10
967.6356529246249
 20
873.0748657060027
 10
967.5967848544882
 20
872.9316542475806
 10
967.5630991937031
 20
872.7649323467342
 10
967.5345959422696
 20
872.5747000034639
 10
967.5112751001875
 20
872.3609572177694
 10
967.4931366674571
 20
872.1237039896508
 10
967.4801806440782
 20
871.862940319108
 10
967.4724070300509
 20
871.5786662061413
 10
967.4698158253751
 20
871.2708816507503
 10
967.4698158253751
 20
868.9006245736698
 10
971.0535150920873
 20
868.9006245736698
  0
LWPOLYLINE
  5
1C2
330
17
100
AcDbEntity
  8
line engraving
 62
1
420
16711680
100
AcDbPolyline
 90
32
 70
0
 10
976.5301841746249
 20
868.9006245736698
 10
976.5301841746249
 20
871.8533339017735
 10
976.5266449682384
 20
872.2052321367667
 10
976.5160273490792
 20
872.500503069577
 10
976.4983313171471
 20
872.7391467002046
 10
976.473556872442
 20
872.9211630286493
 10
976.4169295702592
 20
873.1810418975954
 10
976.3441230388813
 20
873.4186743263983
 10
976.2551372783083
 20
873.6340603150579
 10
976.1499722885402
 20
873.8271998635743
 10
976.0238248609098
 20
874.0011265774215
 10
975.8718917867496
 20
874.1588740620737
 10
975.6941730660599
 20
874.3004423175306
 10
975.4906686988404
 20
874.4258313437925
 10
975.2659290933024
 20
874.5284683289989
 10
975.024504657657
 20
874.6017804612892
 10
974.766395391904
 20
874.6457677406634
 10
974.4916012960437
 20
874.6604301671214
 10
974.1707975171598
 20
874.6391949288028
 10
973.8717345775068
 20
874.5754892138472
 10
973.5944124770847
 20
874.4693130222544
 10
973.3388312158936
 20
874.3206663540245
 10
973.1123220071623
 20
874.1343524178249
 10
972.92221606412
 20
873.9151744223226
 10
972.7685133867667
 20
873.6631323675178
 10
972.6512139751023
 20
873.3782262534106
 10
972.5645034186349
 20
873.0437712498934
 10
972.5025673068724
 20
872.6430825268587
 10
972.4654056398149
 20
872.1761600843067
 10
972.4530184174624
 20
871.6430039222373
 10
972.4530184174624
 20
868.9006245736698
 10
976.5301841746249
 20
868.9006245736698
  0
LWPOLYLINE
  5
1C3
330
17
100
AcDbEntity
  8
cut
 62
5
420
255
100
AcDbPolyline
 90
4
 70
1
 10
1068.0
 20
961.8
 42
0.9999999999999999
 10
1008.0
 20
961.8000000000001
 10
1008.0
 20
712.8
 42
0.9999999999999999
 10
1068.0
 20
712.8
  0
CIRCLE
  5
1C4
330
17
100
AcDbEntity
  8
cut
 62
5
420
255
100
AcDbCircle
 10
1038.0
 20
961.8
 30
-2.7755575615628914e-16
 40
4.4
  0
CIRCLE
  5
1C5
330
17
100
AcDbEntity
  8
cut
 62
5
420
255
100
AcDbCircle
 10
1038.0
 20
712.8
 30
-2.7755575615628914e-16
 40
4.4
  0
LWPOLYLINE
  5
1C6
330
17
100
AcDbEntity
  8
line engraving
 62
1
420
16711680
100
AcDbPolyline
 90
7
 70
0
 10
1043.9296875
 20
836.9385572987721
 10
1032.0703125
 20
836.9385572987721
 10
1032.0703125
 20
838.5079425306957
 10
1042.5301841746248
 20
838.5079425306957
 10
1042.5301841746248
 20
844.3486442701227
 10
1043.9296875
 20
844.3486442701227
 10
1043.9296875
 20
836.9385572987721
  0
LWPOLYLINE
  5
1C7
330
17
100
AcDbEntity
  8
line engraving
 62
1
420
16711680
100
AcDbPolyline
 90
5
 70
0
 10
1033.7448627216918
 20
846.0393737210095
 10
1032.0703125
 20
846.0393737210095
 10
1032.0703125
 20
847.4955043485675
 10
1033.7448627216918
 20
847.4955043485675
 10
1033.7448627216918
 20
846.0393737210095
  0
LWPOLYLINE
  5
1C8
330
17
100
AcDbEntity
  8
line engraving
 62
1
420
16711680
100
AcDbPolyline
 90
5
 70
0
 10
1043.9296875
 20
846.0393737210095
 10
1035.338516797408
 20
846.0393737210095
 10
1035.338516797408
 20
847.4955043485675
 10
1043.9296875
 20
847.4955043485675
 10
1043.9296875
 20
846.0393737210095
  0
LWPOLYLINE
  5
1C9
330
17
100
AcDbEntity
  8
line engraving
 62
1
420
16711680
100
AcDbPolyline
 90
61
 70
0
 10
1043.9296875
 20
849.7120587482947
 10
1035.338516797408
 20
849.7120587482947
 10
1035.338516797408
 20
851.0225763130968
 10
1036.5600486016372
 20
851.0225763130968
 10
1036.2282480029098
 20
851.272343163796
 10
1035.9406874840126
 20
851.5484012619372
 10
1035.6973670449458
 20
851.8507506075204
 10
1035.4982866857094
 20
852.1793912005456
 10
1035.3434464063032
 20
852.5343230410128
 10
1035.2328462067273
 20
852.9155461289222
 10
1035.1664860869819
 20
853.3230604642735
 10
1035.1443660470668
 20
853.7568660470668
 10
1035.1618092785427
 20
854.1373307336075
 10
1035.2141389729707
 20
854.5021217918655
 10
1035.3013551303504
 20
854.8512392218408
 10
1035.423457750682
 20
855.1846830235334
 10
1035.5738740221052
 20
855.4898131741345
 10
1035.746031132759
 20
855.7539896508356
 10
1035.939929082644
 20
855.9772124536365
 10
1036.1555678717598
 20
856.1594815825375
 10
1036.3926946996503
 20
856.309139452592
 10
1036.6510567658595
 20
856.434528478854
 10
1036.9306540703872
 20
856.5356486613233
 10
1037.2314866132333
 20
856.6125
 10
1037.4716470465978
 20
856.6478920638642
 10
1037.7876476168144
 20
856.6731721094816
 10
1038.1794883238829
 20
856.6883401368519
 10
1038.6471691678034
 20
856.6933961459754
 10
1043.9296875
 20
856.6933961459754
 10
1043.9296875
 20
855.2372655184174
 10
1038.7037964699864
 20
855.2372655184174
 10
1038.2869285177567
 20
855.2266478992582
 10
1037.9261822667975
 20
855.1947950417803
 10
1037.6215577171085
 20
855.141706945984
 10
1037.3730548686904
 20
855.067383611869
 10
1037.1637360909788
 20
854.9660106289435
 10
1036.9766637534105
 20
854.8317735867155
 10
1036.8118378559857
 20
854.664672485185
 10
1036.669258398704
 20
854.4647073243519
 10
1036.5542341911453
 20
854.2389565169892
 10
1036.4720740428888
 20
853.9944984758697
 10
1036.422777953935
 20
853.7313332009933
 10
1036.4063459242839
 20
853.4494606923602
 10
1036.4155731409342
 20
853.2208658798655
 10
1036.4432547908852
 20
853.0002342817403
 10
1036.4893908741367
 20
852.7875658979845
 10
1036.553981390689
 20
852.5828607285982
 10
1036.637026340542
 20
852.3861187735813
 10
1036.7385257236956
 20
852.197340032934
 10
1036.8584795401498
 20
852.0165245066561
 10
1036.9968877899046
 20
851.8436721947476
 10
1037.1610816861892
 20
851.685355909069
 10
1037.3583924422323
 20
851.548148461481
 10
1037.5888200580343
 20
851.4320498519835
 10
1037.852364533595
 20
851.3370600805764
 10
1038.1490258689141
 20
851.2631791472597
 10
1038.4788040639921
 20
851.2104070520336
 10
1038.841699118829
 20
851.1787437948979
 10
1039.2377110334244
 20
851.1681893758526
 10
1043.9296875
 20
851.1681893758526
 10
1043.9296875
 20
849.7120587482947
  0
LWPOLYLINE
  5
1CA
330
17
100
AcDbEntity
  8
line engraving
 62
1
420
16711680
100
AcDbPolyline
 90
13
 70
0
 10
1043.9296875
 20
858.9342193894952
 10
1032.0703125
 20
858.9342193894952
 10
1032.0703125
 20
860.3903500170532
 10
1038.833230303547
 20
860.3903500170532
 10
1035.338516797408
 20
863.8365258356071
 10
1035.338516797408
 20
865.7214060368349
 10
1038.5258249488404
 20
862.4370225102318
 10
1043.9296875
 20
866.0530802353342
 10
1043.9296875
 20
864.2571857946793
 10
1039.5370267735334
 20
861.4177310709413
 10
1040.523959754434
 20
860.3903500170532
 10
1043.9296875
 20
860.3903500170532
 10
1043.9296875
 20
858.9342193894952
  0
LWPOLYLINE
  5
1CB
330
17
100
AcDbEntity
  8
line engraving
 62
1
420
16711680
100
AcDbPolyline
 90
60
 70
0
 10
1043.9296875
 20
867.3312393417463
 10
1032.0703125
 20
867.3312393417463
 10
1032.0703125
 20
871.7805273703956
 10
1032.0759373101498
 20
872.1118855683246
 10
1032.0928117405995
 20
872.4264325359183
 10
1032.1209357913488
 20
872.7241682731762
 10
1032.1603094623977
 20
873.0050927800988
 10
1032.2109327537464
 20
873.2692060566858
 10
1032.2728056653948
 20
873.5165081029373
 10
1032.3459281973428
 20
873.7469989188533
 10
1032.4303003495907
 20
873.9606785044338
 10
1032.6345631181787
 20
874.3489800051159
 10
1032.887363574352
 20
874.6927886255115
 10
1033.1887017181105
 20
874.9921043656207
 10
1033.5385775494542
 20
875.2469272254433
 10
1033.9170198323457
 20
875.4504315926628
 10
1034.304057330747
 20
875.5957918549624
 10
1034.6996900446582
 20
875.6830080123422
 10
1035.1039179740792
 20
875.7120800648021
 10
1035.4785682501279
 20
875.6862944182724
 10
1035.842095306105
 20
875.6089374786834
 10
1036.1944991420105
 20
875.480009246035
 10
1036.5357797578445
 20
875.2995097203274
 10
1036.8553195344475
 20
875.066933300648
 10
1037.1425008526603
 20
874.7817743860845
 10
1037.3973237124828
 20
874.4440329766371
 10
1037.6197881139153
 20
874.0537090723055
 10
1037.7056138687863
 20
874.3149151436465
 10
1037.8053436487467
 20
874.5605739869329
 10
1037.9189774537965
 20
874.7906856021647
 10
1038.0465152839358
 20
875.0052499893417
 10
1038.1879571391648
 20
875.2042671484642
 10
1038.3433030194833
 20
875.3877370795319
 10
1038.5125529248912
 20
875.5556597825449
 10
1038.6957068553888
 20
875.7080352575034
 10
1038.890110406186
 20
875.8435995021263
 10
1039.093109172493
 20
875.9610885141328
 10
1039.3047031543101
 20
876.060502293523
 10
1039.5248923516372
 20
876.1418408402967
 10
1039.753676764474
 20
876.205104154454
 10
1039.9910563928206
 20
876.250292235995
 10
1040.2370312366772
 20
876.2774050849196
 10
1040.4916012960437
 20
876.2864427012278
 10
1040.900885234588
 20
876.2644490615407
 10
1041.2955067466746
 20
876.1984681424794
 10
1041.675465832303
 20
876.0884999440441
 10
1042.0407624914733
 20
875.9345444662346
 10
1042.3782511004647
 20
875.7482305300349
 10
1042.6747860355558
 20
875.5411869564291
 10
1042.9303672967471
 20
875.3134137454169
 10
1043.1449948840382
 20
875.0649108969986
 10
1043.3272640129392
 20
874.789611200226
 10
1043.48576989896
 20
874.4814474441507
 10
1043.6205125421002
 20
874.140419628773
 10
1043.7314919423602
 20
873.7665277540927
 10
1043.8182024988275
 20
873.3542102100741
 10
1043.8801386105902
 20
872.8979053866814
 10
1043.9173002776474
 20
872.3976132839146
 10
1043.9296875
 20
871.8533339017735
 10
1043.9296875
 20
867.3312393417463
  0
LWPOLYLINE
  5
1CC
330
17
100
AcDbEntity
  8
line engraving
 62
1
420
16711680
100
AcDbPolyline
 90
32
 70
0
 10
1037.0535150920873
 20
868.9006245736698
 10
1037.0535150920873
 20
871.4650324010913
 10
1037.0449198765775
 20
871.9499036760317
 10
1037.0191342300477
 20
872.3609572177694
 10
1036.9761581524983
 20
872.6981930263046
 10
1036.9159916439291
 20
872.9616111016371
 10
1036.8123434568981
 20
873.2424724084456
 10
1036.6793704169509
 20
873.4864248486529
 10
1036.5170725240876
 20
873.6934684222587
 10
1036.3254497783082
 20
873.8636031292633
 10
1036.10601898235
 20
873.9963233687542
 10
1035.8602969389494
 20
874.0911235398191
 10
1035.588283648107
 20
874.1480036424581
 10
1035.2899791098228
 20
874.1669636766711
 10
1035.0035561929783
 20
874.149267644739
 10
1034.734829308066
 20
874.0961795489426
 10
1034.4837984550861
 20
874.007699389282
 10
1034.2504636340382
 20
873.8838271657571
 10
1034.0436728608884
 20
873.7270908829297
 10
1033.872274151603
 20
873.5400185453615
 10
1033.7362675061818
 20
873.3226101530526
 10
1033.6356529246248
 20
873.0748657060027
 10
1033.596784854488
 20
872.9316542475806
 10
1033.563099193703
 20
872.7649323467342
 10
1033.5345959422696
 20
872.5747000034639
 10
1033.5112751001875
 20
872.3609572177694
 10
1033.4931366674573
 20
872.1237039896508
 10
1033.4801806440782
 20
871.862940319108
 10
1033.472407030051
 20
871.5786662061413
 10
1033.4698158253752
 20
871.2708816507503
 10
1033.4698158253752
 20
868.9006245736698
 10
1037.0535150920873
 20
868.9006245736698
  0
LWPOLYLINE
  5
1CD
330
17
100
AcDbEntity
  8
line engraving
 62
1
420
16711680
100
AcDbPolyline
 90
32
 70
0
 10
1042.5301841746248
 20
868.9006245736698
 10
1042.5301841746248
 20
871.8533339017735
 10
1042.5266449682383
 20
872.2052321367667
 10
1042.5160273490792
 20
872.500503069577
 10
1042.498331317147
 20
872.7391467002046
 10
1042.473556872442
 20
872.9211630286493
 10
1042.4169295702593
 20
873.1810418975954
 10
1042.3441230388812
 20
873.4186743263983
 10
1042.2551372783084
 20
873.6340603150579
 10
1042.1499722885403
 20
873.8271998635743
 10
1042.0238248609098
 20
874.0011265774215
 10
1041.8718917867495
 20
874.1588740620737
 10
1041.6941730660599
 20
874.3004423175306
 10
1041.4906686988404
 20
874.4258313437925
 10
1041.2659290933022
 20
874.5284683289989
 10
1041.024504657657
 20
874.6017804612892
 10
1040.7663953919039
 20
874.6457677406634
 10
1040.4916012960437
 20
874.6604301671214
 10
1040.1707975171598
 20
874.6391949288028
 10
1039.871734577507
 20
874.5754892138472
 10
1039.5944124770847
 20
874.4693130222544
 10
1039.3388312158936
 20
874.3206663540245
 10
1039.1123220071624
 20
874.1343524178249
 10
1038.92221606412
 20
873.9151744223226
 10
1038.7685133867667
 20
873.6631323675178
 10
1038.6512139751023
 20
873.3782262534106
 10
1038.564503418635
 20
873.0437712498934
 10
1038.5025673068726
 20
872.6430825268587
 10
1038.4654056398151
 20
872.1761600843067
 10
1038.4530184174625
 20
871.6430039222373
 10
1038.4530184174625
 20
868.9006245736698
 10
1042.5301841746248
 20
868.9006245736698
  0
LWPOLYLINE
  5
1CE
330
17
100
AcDbEntity
  8
cut
 62
5
420
255
100
AcDbPolyline
 90
4
 70
1
 10
1134.0000000000002
 20
961.8
 42
0.9999999999999999
 10
1074.0000000000002
 20
961.8000000000001
 10
1074.0
 20
712.8
 42
0.9999999999999999
 10
1134.0
 20
712.8
  0
CIRCLE
  5
1CF
330
17
100
AcDbEntity
  8
cut
 62
5
420
255
100
AcDbCircle
 10
1104.0000000000002
 20
961.8
 30
-2.7755575615628914e-16
 40
4.4
  0
CIRCLE
  5
1D0
330
17
100
AcDbEntity
  8
cut
 62
5
420
255
100
AcDbCircle
 10
1104.0
 20
712.8
 30
-2.7755575615628914e-16
 40
4.4
  0
LWPOLYLINE
  5
1D1
330
17
100
AcDbEntity
  8
line engraving
 62
1
420
16711680
100
AcDbPolyline
 90
7
 70
0
 10
1109.9296875000002
 20
836.9385572987721
 10
1098.0703125000002
 20
836.9385572987721
 10
1098.0703125000002
 20
838.5079425306957
 10
1108.530184174625
 20
838.5079425306957
 10
1108.530184174625
 20
844.3486442701227
 10
1109.9296875000002
 20
844.3486442701227
 10
1109.9296875000002
 20
836.9385572987721
  0
LWPOLYLINE
  5
1D2
330
17
100
AcDbEntity
  8
line engraving
 62
1
420
16711680
100
AcDbPolyline
 90
5
 70
0
 10
1099.744862721692
 20
846.0393737210095
 10
1098.0703125000002
 20
846.0393737210095
 10
1098.0703125000002
 20
847.4955043485675
 10
1099.744862721692
 20
847.4955043485675
 10
1099.744862721692
 20
846.0393737210095
  0
LWPOLYLINE
  5
1D3
330
17
100
AcDbEntity
  8
line engraving
 62
1
420
16711680
100
AcDbPolyline
 90
5
 70
0
 10
1109.9296875000002
 20
846.0393737210095
 10
1101.3385167974081
 20
846.0393737210095
 10
1101.3385167974081
 20
847.4955043485675
 10
1109.9296875000002
 20
847.4955043485675
 10
1109.9296875000002
 20
846.0393737210095
  0
LWPOLYLINE
  5
1D4
330
17
100
AcDbEntity
  8
line engraving
 62
1
420
16711680
100
AcDbPolyline
 90
61
 70
0
 10
1109.9296875000002
 20
849.7120587482947
 10
1101.3385167974081
 20
849.7120587482947
 10
1101.3385167974081
 20
851.0225763130968
 10
1102.5600486016374
 20
851.0225763130968
 10
1102.22824800291
 20
851.272343163796
 10
1101.9406874840129
 20
851.5484012619372
 10
1101.697367044946
 20
851.8507506075204
 10
1101.4982866857097
 20
852.1793912005456
 10
1101.3434464063034
 20
852.5343230410128
 10
1101.2328462067276
 20
852.9155461289222
 10
1101.166486086982
 20
853.3230604642735
 10
1101.144366047067
 20
853.7568660470668
 10
1101.161809278543
 20
854.1373307336075
 10
1101.2141389729709
 20
854.5021217918655
 10
1101.3013551303507
 20
854.8512392218408
 10
1101.4234577506822
 20
855.1846830235334
 10
1101.5738740221054
 20
855.4898131741345
 10
1101.7460311327595
 20
855.7539896508356
 10
1101.9399290826443
 20
855.9772124536365
 10
1102.15556787176
 20
856.1594815825375
 10
1102.3926946996505
 20
856.309139452592
 10
1102.6510567658597
 20
856.434528478854
 10
1102.9306540703874
 20
856.5356486613233
 10
1103.2314866132335
 20
856.6125
 10
1103.471647046598
 20
856.6478920638642
 10
1103.7876476168146
 20
856.6731721094816
 10
1104.179488323883
 20
856.6883401368519
 10
1104.6471691678037
 20
856.6933961459754
 10
1109.9296875000002
 20
856.6933961459754
 10
1109.9296875000002
 20
855.2372655184174
 10
1104.7037964699866
 20
855.2372655184174
 10
1104.286928517757
 20
855.2266478992582
 10
1103.9261822667977
 20
855.1947950417803
 10
1103.6215577171088
 20
855.141706945984
 10
1103.3730548686906
 20
855.067383611869
 10
1103.163736090979
 20
854.9660106289435
 10
1102.9766637534108
 20
854.8317735867155
 10
1102.811837855986
 20
854.664672485185
 10
1102.6692583987042
 20
854.4647073243519
 10
1102.5542341911455
 20
854.2389565169892
 10
1102.472074042889
 20
853.9944984758697
 10
1102.4227779539353
 20
853.7313332009933
 10
1102.406345924284
 20
853.4494606923602
 10
1102.4155731409344
 20
853.2208658798655
 10
1102.4432547908855
 20
853.0002342817403
 10
1102.489390874137
 20
852.7875658979845
 10
1102.5539813906894
 20
852.5828607285982
 10
1102.6370263405422
 20
852.3861187735813
 10
1102.7385257236958
 20
852.197340032934
 10
1102.85847954015
 20
852.0165245066561
 10
1102.9968877899048
 20
851.8436721947476
 10
1103.1610816861894
 20
851.685355909069
 10
1103.3583924422326
 20
851.548148461481
 10
1103.5888200580346
 20
851.4320498519835
 10
1103.8523645335952
 20
851.3370600805764
 10
1104.1490258689144
 20
851.2631791472597
 10
1104.4788040639924
 20
851.2104070520336
 10
1104.8416991188292
 20
851.1787437948979
 10
1105.2377110334246
 20
851.1681893758526
 10
1109.9296875000002
 20
851.1681893758526
 10
1109.9296875000002
 20
849.7120587482947
  0
LWPOLYLINE
  5
1D5
330
17
100
AcDbEntity
  8
line engraving
 62
1
420
16711680
100
AcDbPolyline
 90
13
 70
0
 10
1109.9296875000002
 20
858.9342193894952
 10
1098.0703125000002
 20
858.9342193894952
 10
1098.0703125000002
 20
860.3903500170532
 10
1104.8332303035472
 20
860.3903500170532
 10
1101.3385167974081
 20
863.8365258356071
 10
1101.3385167974081
 20
865.7214060368349
 10
1104.5258249488406
 20
862.4370225102318
 10
1109.9296875000002
 20
866.0530802353342
 10
1109.9296875000002
 20
864.2571857946793
 10
1105.5370267735336
 20
861.4177310709413
 10
1106.5239597544341
 20
860.3903500170532
 10
1109.9296875000002
 20
860.3903500170532
 10
1109.9296875000002
 20
858.9342193894952
  0
LWPOLYLINE
  5
1D6
330
17
100
AcDbEntity
  8
line engraving
 62
1
420
16711680
100
AcDbPolyline
 90
60
 70
0
 10
1109.9296875000002
 20
867.3312393417463
 10
1098.0703125000002
 20
867.3312393417463
 10
1098.0703125000002
 20
871.7805273703956
 10
1098.07593731015
 20
872.1118855683246
 10
1098.0928117405997
 20
872.4264325359183
 10
1098.120935791349
 20
872.7241682731762
 10
1098.160309462398
 20
873.0050927800988
 10
1098.2109327537466
 20
873.2692060566858
 10
1098.272805665395
 20
873.5165081029373
 10
1098.345928197343
 20
873.7469989188533
 10
1098.4303003495909
 20
873.9606785044338
 10
1098.634563118179
 20
874.3489800051159
 10
1098.887363574352
 20
874.6927886255115
 10
1099.1887017181107
 20
874.9921043656207
 10
1099.5385775494544
 20
875.2469272254433
 10
1099.9170198323459
 20
875.4504315926628
 10
1100.3040573307471
 20
875.5957918549624
 10
1100.6996900446584
 20
875.6830080123422
 10
1101.1039179740794
 20
875.7120800648021
 10
1101.478568250128
 20
875.6862944182724
 10
1101.8420953061054
 20
875.6089374786834
 10
1102.1944991420107
 20
875.480009246035
 10
1102.5357797578447
 20
875.2995097203274
 10
1102.8553195344477
 20
875.066933300648
 10
1103.1425008526605
 20
874.7817743860845
 10
1103.397323712483
 20
874.4440329766371
 10
1103.6197881139155
 20
874.0537090723055
 10
1103.7056138687865
 20
874.3149151436465
 10
1103.8053436487469
 20
874.5605739869329
 10
1103.9189774537967
 20
874.7906856021647
 10
1104.046515283936
 20
875.0052499893417
 10
1104.187957139165
 20
875.2042671484642
 10
1104.3433030194835
 20
875.3877370795319
 10
1104.5125529248915
 20
875.5556597825449
 10
1104.695706855389
 20
875.7080352575034
 10
1104.8901104061863
 20
875.8435995021263
 10
1105.0931091724933
 20
875.9610885141328
 10
1105.3047031543103
 20
876.060502293523
 10
1105.5248923516374
 20
876.1418408402967
 10
1105.7536767644742
 20
876.205104154454
 10
1105.9910563928208
 20
876.250292235995
 10
1106.2370312366775
 20
876.2774050849196
 10
1106.4916012960439
 20
876.2864427012278
 10
1106.9008852345883
 20
876.2644490615407
 10
1107.2955067466748
 20
876.1984681424794
 10
1107.6754658323032
 20
876.0884999440441
 10
1108.0407624914735
 20
875.9345444662346
 10
1108.378251100465
 20
875.7482305300349
 10
1108.6747860355563
 20
875.5411869564291
 10
1108.9303672967474
 20
875.3134137454169
 10
1109.1449948840384
 20
875.0649108969986
 10
1109.3272640129394
 20
874.789611200226
 10
1109.48576989896
 20
874.4814474441507
 10
1109.6205125421004
 20
874.140419628773
 10
1109.7314919423604
 20
873.7665277540927
 10
1109.8182024988278
 20
873.3542102100741
 10
1109.8801386105902
 20
872.8979053866814
 10
1109.9173002776477
 20
872.3976132839146
 10
1109.9296875000002
 20
871.8533339017735
 10
1109.9296875000002
 20
867.3312393417463
  0
LWPOLYLINE
  5
1D7
330
17
100
AcDbEntity
  8
line engraving
 62
1
420
16711680
100
AcDbPolyline
 90
32
 70
0
 10
1103.0535150920875
 20
868.9006245736698
 10
1103.0535150920875
 20
871.4650324010913
 10
1103.0449198765778
 20
871.9499036760317
 10
1103.019134230048
 20
872.3609572177694
 10
1102.9761581524986
 20
872.6981930263046
 10
1102.9159916439294
 20
872.9616111016371
 10
1102.8123434568984
 20
873.2424724084456
 10
1102.679370416951
 20
873.4864248486529
 10
1102.5170725240878
 20
873.6934684222587
 10
1102.3254497783084
 20
873.8636031292633
 10
1102.1060189823502
 20
873.9963233687542
 10
1101.8602969389497
 20
874.0911235398191
 10
1101.5882836481073
 20
874.1480036424581
 10
1101.289979109823
 20
874.1669636766711
 10
1101.0035561929785
 20
874.149267644739
 10
1100.7348293080663
 20
874.0961795489426
 10
1100.4837984550863
 20
874.007699389282
 10
1100.2504636340384
 20
873.8838271657571
 10
1100.0436728608886
 20
873.7270908829297
 10
1099.8722741516033
 20
873.5400185453615
 10
1099.736267506182
 20
873.3226101530526
 10
1099.635652924625
 20
873.0748657060027
 10
1099.5967848544883
 20
872.9316542475806
 10
1099.5630991937032
 20
872.7649323467342
 10
1099.5345959422698
 20
872.5747000034639
 10
1099.511275100188
 20
872.3609572177694
 10
1099.4931366674575
 20
872.1237039896508
 10
1099.4801806440785
 20
871.862940319108
 10
1099.4724070300513
 20
871.5786662061413
 10
1099.4698158253755
 20
871.2708816507503
 10
1099.4698158253755
 20
868.9006245736698
 10
1103.0535150920875
 20
868.9006245736698
  0
LWPOLYLINE
  5
1D8
330
17
100
AcDbEntity
  8
line engraving
 62
1
420
16711680
100
AcDbPolyline
 90
32
 70
0
 10
1108.530184174625
 20
868.9006245736698
 10
1108.530184174625
 20
871.8533339017735
 10
1108.5266449682385
 20
872.2052321367667
 10
1108.5160273490792
 20
872.500503069577
 10
1108.4983313171472
 20
872.7391467002046
 10
1108.4735568724423
 20
872.9211630286493
 10
1108.4169295702595
 20
873.1810418975954
 10
1108.3441230388817
 20
873.4186743263983
 10
1108.2551372783087
 20
873.6340603150579
 10
1108.1499722885405
 20
873.8271998635743
 10
1108.02382486091
 20
874.0011265774215
 10
1107.87189178675
 20
874.1588740620737
 10
1107.69417306606
 20
874.3004423175306
 10
1107.4906686988406
 20
874.4258313437925
 10
1107.2659290933025
 20
874.5284683289989
 10
1107.024504657657
 20
874.6017804612892
 10
1106.766395391904
 20
874.6457677406634
 10
1106.4916012960439
 20
874.6604301671214
 10
1106.17079751716
 20
874.6391949288028
 10
1105.8717345775071
 20
874.5754892138472
 10
1105.594412477085
 20
874.4693130222544
 10
1105.3388312158938
 20
874.3206663540245
 10
1105.1123220071627
 20
874.1343524178249
 10
1104.9222160641202
 20
873.9151744223226
 10
1104.768513386767
 20
873.6631323675178
 10
1104.6512139751026
 20
873.3782262534106
 10
1104.5645034186352
 20
873.0437712498934
 10
1104.5025673068726
 20
872.6430825268587
 10
1104.4654056398153
 20
872.1761600843067
 10
1104.4530184174628
 20
871.6430039222373
 10
1104.4530184174628
 20
868.9006245736698
 10
1108.530184174625
 20
868.9006245736698
  0
LWPOLYLINE
  5
1D9
330
17
100
AcDbEntity
  8
cut
 62
5
420
255
100
AcDbPolyline
 90
4
 70
1
 10
429.0
 20
414.00000000000006
 42
0.9999999999999999
 10
429.0
 20
474.00000000000006
 10
179.99999999999997
 20
474.0000000000001
 42
0.9999999999999999
 10
180.0
 20
414.0000000000001
  0
CIRCLE
  5
1DA
330
17
100
AcDbEntity
  8
cut
 62
5
420
255
100
AcDbCircle
 10
429.0
 20
444.00000000000006
 30
-2.7755575615628914e-16
 40
4.4
  0
CIRCLE
  5
1DB
330
17
100
AcDbEntity
  8
cut
 62
5
420
255
100
AcDbCircle
 10
180.0
 20
444.0000000000001
 30
-2.7755575615628914e-16
 40
4.4
  0
LWPOLYLINE
  5
1DC
330
17
100
AcDbEntity
  8
line engraving
 62
1
420
16711680
100
AcDbPolyline
 90
7
 70
0
 10
304.1385572987722
 20
438.0703125000001
 10
304.1385572987722
 20
449.9296875000001
 10
305.7079425306958
 20
449.9296875000001
 10
305.7079425306958
 20
439.4698158253753
 10
311.5486442701228
 20
439.4698158253753
 10
311.5486442701228
 20
438.0703125000001
 10
304.1385572987722
 20
438.0703125000001
  0
LWPOLYLINE
  5
1DD
330
17
100
AcDbEntity
  8
line engraving
 62
1
420
16711680
100
AcDbPolyline
 90
5
 70
0
 10
313.23937372100954
 20
448.25513727830844
 10
313.23937372100954
 20
449.9296875000001
 10
314.6955043485675
 20
449.9296875000001
 10
314.6955043485675
 20
448.25513727830844
 10
313.23937372100954
 20
448.25513727830844
  0
LWPOLYLINE
  5
1DE
330
17
100
AcDbEntity
  8
line engraving
 62
1
420
16711680
100
AcDbPolyline
 90
5
 70
0
 10
313.23937372100954
 20
438.0703125000001
 10
313.23937372100954
 20
446.6614832025922
 10
314.6955043485675
 20
446.6614832025922
 10
314.6955043485675
 20
438.0703125000001
 10
313.23937372100954
 20
438.0703125000001
  0
LWPOLYLINE
  5
1DF
330
17
100
AcDbEntity
  8
line engraving
 62
1
420
16711680
100
AcDbPolyline
 90
61
 70
0
 10
316.91205874829467
 20
438.0703125000001
 10
316.91205874829467
 20
446.6614832025922
 10
318.22257631309685
 20
446.6614832025922
 10
318.22257631309685
 20
445.439951398363
 10
318.47234316379604
 20
445.7717519970904
 10
318.74840126193726
 20
446.0593125159875
 10
319.05075060752046
 20
446.30263295505426
 10
319.3793912005457
 20
446.50171331429067
 10
319.73432304101294
 20
446.6565535936968
 10
320.11554612892223
 20
446.7671537932726
 10
320.52306046427356
 20
446.8335139130181
 10
320.95686604706685
 20
446.85563395293326
 10
321.3373307336076
 20
446.8381907214573
 10
321.70212179186564
 20
446.78586102702945
 10
322.0512392218409
 20
446.6986448696497
 10
322.3846830235334
 20
446.576542249318
 10
322.68981317413454
 20
446.4261259778949
 10
322.9539896508356
 20
446.2539688672409
 10
323.17721245363657
 20
446.06007091735603
 10
323.3594815825375
 20
445.8444321282402
 10
323.5091394525921
 20
445.6073053003497
 10
323.634528478854
 20
445.3489432341406
 10
323.73564866132335
 20
445.069345929613
 10
323.8125
 20
444.7685133867668
 10
323.84789206386426
 20
444.5283529534022
 10
323.8731721094816
 20
444.21235238318565
 10
323.888340136852
 20
443.8205116761171
 10
323.89339614597543
 20
443.35283083219656
 10
323.89339614597543
 20
438.0703125000001
 10
322.43726551841746
 20
438.0703125000001
 10
322.43726551841746
 20
443.29620353001377
 10
322.42664789925817
 20
443.71307148224344
 10
322.39479504178036
 20
444.0738177332027
 10
322.34170694598396
 20
444.37844228289146
 10
322.26738361186904
 20
444.6269451313098
 10
322.1660106289436
 20
444.8362639090213
 10
322.03177358671553
 20
445.02333624658945
 10
321.86467248518505
 20
445.1881621440144
 10
321.664707324352
 20
445.33074160129615
 10
321.43895651698926
 20
445.445765808855
 10
321.1944984758697
 20
445.5279259571113
 10
320.9313332009933
 20
445.5772220460651
 10
320.64946069236015
 20
445.59365407571636
 10
320.42086587986546
 20
445.584426859066
 10
320.2002342817403
 20
445.55674520911504
 10
319.9875658979845
 20
445.5106091258634
 10
319.7828607285982
 20
445.4460186093112
 10
319.58611877358135
 20
445.36297365945825
 10
319.397340032934
 20
445.2614742763047
 10
319.21652450665607
 20
445.1415204598505
 10
319.0436721947476
 20
445.0031122100956
 10
318.8853559090691
 20
444.83891831381106
 10
318.74814846148104
 20
444.6416075577678
 10
318.6320498519835
 20
444.41117994196594
 10
318.5370600805764
 20
444.1476354664053
 10
318.4631791472597
 20
443.850974131086
 10
318.4104070520336
 20
443.521195936008
 10
318.37874379489784
 20
443.1583008811713
 10
318.36818937585264
 20
442.76228896657585
 10
318.36818937585264
 20
438.0703125000001
 10
316.91205874829467
 20
438.0703125000001
  0
LWPOLYLINE
  5
1E0
330
17
100
AcDbEntity
  8
line engraving
 62
1
420
16711680
100
AcDbPolyline
 90
13
 70
0
 10
326.13421938949523
 20
438.0703125000001
 10
326.13421938949523
 20
449.9296875000001
 10
327.5903500170532
 20
449.9296875000001
 10
327.5903500170532
 20
443.16676969645306
 10
331.0365258356071
 20
446.6614832025922
 10
332.9214060368349
 20
446.6614832025922
 10
329.63702251023193
 20
443.4741750511597
 10
333.25308023533427
 20
438.0703125000001
 10
331.4571857946794
 20
438.0703125000001
 10
328.6177310709413
 20
442.4629732264667
 10
327.5903500170532
 20
441.47604024556625
 10
327.5903500170532
 20
438.0703125000001
 10
326.13421938949523
 20
438.0703125000001
  0
LWPOLYLINE
  5
1E1
330
17
100
AcDbEntity
  8
line engraving
 62
1
420
16711680
100
AcDbPolyline
 90
60
 70
0
 10
334.53123934174624
 20
438.0703125000001
 10
334.53123934174624
 20
449.9296875000001
 10
338.98052737039563
 20
449.9296875000001
 10
339.3118855683247
 20
449.92406268985025
 10
339.6264325359183
 20
449.9071882594007
 10
339.9241682731764
 20
449.8790642086514
 10
340.20509278009894
 20
449.83969053760245
 10
340.46920605668595
 20
449.78906724625375
 10
340.71650810293744
 20
449.7271943346053
 10
340.9469989188534
 20
449.6540718026572
 10
341.16067850443386
 20
449.5696996504094
 10
341.548980005116
 20
449.36543688182144
 10
341.89278862551157
 20
449.11263642564813
 10
342.19210436562076
 20
448.8112982818896
 10
342.4469272254434
 20
448.4614224505458
 10
342.65043159266287
 20
448.08298016765445
 10
342.7957918549625
 20
447.69594266925316
 10
342.88300801234226
 20
447.300309955342
 10
342.9120800648022
 20
446.896082025921
 10
342.8862944182725
 20
446.5214317498722
 10
342.8089374786835
 20
446.1579046938951
 10
342.6800092460351
 20
445.80550085798956
 10
342.4995097203274
 20
445.46422024215565
 10
342.266933300648
 20
445.14468046555265
 10
341.98177438608457
 20
444.8574991473398
 10
341.6440329766371
 20
444.60267628751717
 10
341.2537090723056
 20
444.3802118860847
 10
341.5149151436466
 20
444.29438613121386
 10
341.76057398693297
 20
444.1946563512535
 10
341.99068560216466
 20
444.08102254620366
 10
342.2052499893417
 20
443.9534847160642
 10
342.40426714846416
 20
443.8120428608353
 10
342.5877370795319
 20
443.6566969805168
 10
342.75565978254497
 20
443.48744707510883
 10
342.9080352575034
 20
443.3042931446113
 10
343.0435995021263
 20
443.10988959381405
 10
343.1610885141328
 20
442.9068908275069
 10
343.26050229352296
 20
442.69529684568994
 10
343.3418408402967
 20
442.475107648363
 10
343.4051041544541
 20
442.24632323552623
 10
343.45029223599505
 20
442.0089436071795
 10
343.4774050849196
 20
441.76296876332293
 10
343.4864427012278
 20
441.50839870395646
 10
343.46444906154073
 20
441.09911476541197
 10
343.39846814247954
 20
440.7044932533255
 10
343.2884999440442
 20
440.3245341676971
 10
343.1345444662347
 20
439.9592375085267
 10
342.94823053003495
 20
439.6217488995354
 10
342.74118695642903
 20
439.3252139644442
 10
342.5134137454169
 20
439.069632703253
 10
342.26491089699863
 20
438.8550051159619
 10
341.98961120022597
 20
438.672735987061
 10
341.68144744415076
 20
438.51423010104037
 10
341.340419628773
 20
438.37948745790004
 10
340.9665277540928
 20
438.26850805763996
 10
340.5542102100742
 20
438.1817975011725
 10
340.0979053866815
 20
438.11986138941006
 10
339.5976132839146
 20
438.08269972235263
 10
339.05333390177356
 20
438.0703125000001
 10
334.53123934174624
 20
438.0703125000001
  0
LWPOLYLINE
  5
1E2
330
17
100
AcDbEntity
  8
line engraving
 62
1
420
16711680
100
AcDbPolyline
 90
32
 70
0
 10
336.10062457366985
 20
444.9464849079128
 10
338.6650324010914
 20
444.9464849079128
 10
339.1499036760317
 20
444.9550801234227
 10
339.56095721776944
 20
444.9808657699524
 10
339.89819302630457
 20
445.02384184750184
 10
340.1616111016371
 20
445.0840083560711
 10
340.4424724084456
 20
445.1876565431021
 10
340.6864248486528
 20
445.32062958304925
 10
340.8934684222587
 20
445.48292747591245
 10
341.0636031292633
 20
445.6745502216918
 10
341.1963233687543
 20
445.89398101765016
 10
341.29112353981924
 20
446.13970306105057
 10
341.34800364245825
 20
446.411716351893
 10
341.3669636766712
 20
446.7100208901775
 10
341.3492676447391
 20
446.99644380702176
 10
341.2961795489427
 20
447.2651706919339
 10
341.2076993892821
 20
447.516201544914
 10
341.08382716575716
 20
447.74953636596194
 10
340.92709088292975
 20
447.9563271391117
 10
340.7400185453615
 20
448.1277258483971
 10
340.52261015305254
 20
448.26373249381834
 10
340.27486570600274
 20
448.3643470753753
 10
340.13165424758057
 20
448.4032151455119
 10
339.9649323467343
 20
448.436900806297
 10
339.7747000034639
 20
448.46540405773055
 10
339.56095721776944
 20
448.4887248998125
 10
339.3237039896508
 20
448.50686333254293
 10
339.0629403191081
 20
448.5198193559218
 10
338.7786662061413
 20
448.5275929699492
 10
338.47088165075036
 20
448.53018417462494
 10
336.10062457366985
 20
448.53018417462494
 10
336.10062457366985
 20
444.9464849079128
  0
LWPOLYLINE
  5
1E3
330
17
100
AcDbEntity
  8
line engraving
 62
1
420
16711680
100
AcDbPolyline
 90
32
 70
0
 10
336.10062457366985
 20
439.4698158253753
 10
339.05333390177356
 20
439.4698158253753
 10
339.4052321367667
 20
439.47335503176174
 10
339.70050306957705
 20
439.483972650921
 10
339.9391467002046
 20
439.5016686828531
 10
340.1211630286494
 20
439.5264431275581
 10
340.38104189759554
 20
439.5830704297409
 10
340.6186743263984
 20
439.6558769611188
 10
340.83406031505797
 20
439.7448627216918
 10
341.02719986357437
 20
439.85002771145986
 10
341.2011265774216
 20
439.97617513909034
 10
341.3588740620737
 20
440.12810821325047
 10
341.5004423175307
 20
440.30582693394024
 10
341.62583134379264
 20
440.5093313011597
 10
341.728468328999
 20
440.73407090669775
 10
341.80178046128924
 20
440.9754953423432
 10
341.84576774066335
 20
441.23360460809613
 10
341.8604301671214
 20
441.50839870395646
 10
341.83919492880284
 20
441.82920248284034
 10
341.7754892138472
 20
442.1282654224933
 10
341.6693130222544
 20
442.40558752291537
 10
341.52066635402457
 20
442.6611687841065
 10
341.3343524178249
 20
442.8876779928378
 10
341.11517442232264
 20
443.07778393588006
 10
340.86313236751795
 20
443.2314866132334
 10
340.57822625341066
 20
443.3487860248978
 10
340.2437712498934
 20
443.4354965813652
 10
339.8430825268588
 20
443.4974326931277
 10
339.3761600843068
 20
443.5345943601851
 10
338.84300392223736
 20
443.5469815825376
 10
336.10062457366985
 20
443.5469815825376
 10
336.10062457366985
 20
439.4698158253753
  0
LWPOLYLINE
  5
1E4
330
17
100
AcDbEntity
  8
cut
 62
5
420
255
100
AcDbPolyline
 90
4
 70
1
 10
429.0
 20
480.00000000000006
 42
0.9999999999999999
 10
429.0
 20
540.0000000000001
 10
179.99999999999997
 20
540.0000000000001
 42
0.9999999999999999
 10
180.0
 20
480.0000000000001
  0
CIRCLE
  5
1E5
330
17
100
AcDbEntity
  8
cut
 62
5
420
255
100
AcDbCircle
 10
429.0
 20
510.00000000000006
 30
-2.7755575615628914e-16
 40
4.4
  0
CIRCLE
  5
1E6
330
17
100
AcDbEntity
  8
cut
 62
5
420
255
100
AcDbCircle
 10
180.0
 20
510.0000000000001
 30
-2.7755575615628914e-16
 40
4.4
  0
LWPOLYLINE
  5
1E7
330
17
100
AcDbEntity
  8
line engraving
 62
1
420
16711680
100
AcDbPolyline
 90
7
 70
0
 10
304.1385572987722
 20
504.0703125000001
 10
304.1385572987722
 20
515.9296875000001
 10
305.7079425306958
 20
515.9296875000001
 10
305.7079425306958
 20
505.4698158253753
 10
311.5486442701228
 20
505.4698158253753
 10
311.5486442701228
 20
504.0703125000001
 10
304.1385572987722
 20
504.0703125000001
  0
LWPOLYLINE
  5
1E8
330
17
100
AcDbEntity
  8
line engraving
 62
1
420
16711680
100
AcDbPolyline
 90
5
 70
0
 10
313.23937372100954
 20
514.2551372783084
 10
313.23937372100954
 20
515.9296875000001
 10
314.6955043485675
 20
515.9296875000001
 10
314.6955043485675
 20
514.2551372783084
 10
313.23937372100954
 20
514.2551372783084
  0
LWPOLYLINE
  5
1E9
330
17
100
AcDbEntity
  8
line engraving
 62
1
420
16711680
100
AcDbPolyline
 90
5
 70
0
 10
313.23937372100954
 20
504.0703125000001
 10
313.23937372100954
 20
512.6614832025922
 10
314.6955043485675
 20
512.6614832025922
 10
314.6955043485675
 20
504.0703125000001
 10
313.23937372100954
 20
504.0703125000001
  0
LWPOLYLINE
  5
1EA
330
17
100
AcDbEntity
  8
line engraving
 62
1
420
16711680
100
AcDbPolyline
 90
61
 70
0
 10
316.91205874829467
 20
504.0703125000001
 10
316.91205874829467
 20
512.6614832025922
 10
318.22257631309685
 20
512.6614832025922
 10
318.22257631309685
 20
511.439951398363
 10
318.47234316379604
 20
511.7717519970904
 10
318.74840126193726
 20
512.0593125159875
 10
319.05075060752046
 20
512.3026329550543
 10
319.3793912005457
 20
512.5017133142908
 10
319.73432304101294
 20
512.6565535936969
 10
320.11554612892223
 20
512.7671537932727
 10
320.52306046427356
 20
512.8335139130181
 10
320.95686604706685
 20
512.8556339529333
 10
321.3373307336076
 20
512.8381907214574
 10
321.70212179186564
 20
512.7858610270295
 10
322.0512392218409
 20
512.6986448696497
 10
322.3846830235334
 20
512.576542249318
 10
322.68981317413454
 20
512.4261259778949
 10
322.9539896508356
 20
512.2539688672409
 10
323.17721245363657
 20
512.060070917356
 10
323.3594815825375
 20
511.8444321282402
 10
323.5091394525921
 20
511.6073053003497
 10
323.634528478854
 20
511.3489432341406
 10
323.73564866132335
 20
511.069345929613
 10
323.8125
 20
510.7685133867668
 10
323.84789206386426
 20
510.5283529534022
 10
323.8731721094816
 20
510.21235238318565
 10
323.888340136852
 20
509.8205116761171
 10
323.89339614597543
 20
509.35283083219656
 10
323.89339614597543
 20
504.0703125000001
 10
322.43726551841746
 20
504.0703125000001
 10
322.43726551841746
 20
509.29620353001377
 10
322.42664789925817
 20
509.71307148224344
 10
322.39479504178036
 20
510.0738177332027
 10
322.34170694598396
 20
510.37844228289146
 10
322.26738361186904
 20
510.6269451313098
 10
322.1660106289436
 20
510.8362639090213
 10
322.03177358671553
 20
511.02333624658945
 10
321.86467248518505
 20
511.1881621440144
 10
321.664707324352
 20
511.33074160129615
 10
321.43895651698926
 20
511.445765808855
 10
321.1944984758697
 20
511.5279259571113
 10
320.9313332009933
 20
511.5772220460651
 10
320.64946069236015
 20
511.59365407571636
 10
320.42086587986546
 20
511.584426859066
 10
320.2002342817403
 20
511.55674520911504
 10
319.9875658979845
 20
511.5106091258634
 10
319.7828607285982
 20
511.4460186093112
 10
319.58611877358135
 20
511.36297365945825
 10
319.397340032934
 20
511.2614742763047
 10
319.21652450665607
 20
511.1415204598505
 10
319.0436721947476
 20
511.0031122100956
 10
318.8853559090691
 20
510.83891831381106
 10
318.74814846148104
 20
510.6416075577678
 10
318.6320498519835
 20
510.41117994196594
 10
318.5370600805764
 20
510.1476354664053
 10
318.4631791472597
 20
509.850974131086
 10
318.4104070520336
 20
509.521195936008
 10
318.37874379489784
 20
509.1583008811713
 10
318.36818937585264
 20
508.76228896657585
 10
318.36818937585264
 20
504.0703125000001
 10
316.91205874829467
 20
504.0703125000001
  0
LWPOLYLINE
  5
1EB
330
17
100
AcDbEntity
  8
line engraving
 62
1
420
16711680
100
AcDbPolyline
 90
13
 70
0
 10
326.13421938949523
 20
504.0703125000001
 10
326.13421938949523
 20
515.9296875000001
 10
327.5903500170532
 20
515.9296875000001
 10
327.5903500170532
 20
509.16676969645306
 10
331.0365258356071
 20
512.6614832025922
 10
332.9214060368349
 20
512.6614832025922
 10
329.63702251023193
 20
509.4741750511597
 10
333.25308023533427
 20
504.0703125000001
 10
331.4571857946794
 20
504.0703125000001
 10
328.6177310709413
 20
508.4629732264667
 10
327.5903500170532
 20
507.47604024556625
 10
327.5903500170532
 20
504.0703125000001
 10
326.13421938949523
 20
504.0703125000001
  0
LWPOLYLINE
  5
1EC
330
17
100
AcDbEntity
  8
line engraving
 62
1
420
16711680
100
AcDbPolyline
 90
60
 70
0
 10
334.53123934174624
 20
504.0703125000001
 10
334.53123934174624
 20
515.9296875000001
 10
338.98052737039563
 20
515.9296875000001
 10
339.3118855683247
 20
515.9240626898503
 10
339.6264325359183
 20
515.9071882594006
 10
339.9241682731764
 20
515.8790642086514
 10
340.20509278009894
 20
515.8396905376025
 10
340.46920605668595
 20
515.7890672462537
 10
340.71650810293744
 20
515.7271943346053
 10
340.9469989188534
 20
515.6540718026572
 10
341.16067850443386
 20
515.5696996504093
 10
341.548980005116
 20
515.3654368818213
 10
341.89278862551157
 20
515.1126364256481
 10
342.19210436562076
 20
514.8112982818895
 10
342.4469272254434
 20
514.4614224505458
 10
342.65043159266287
 20
514.0829801676545
 10
342.7957918549625
 20
513.6959426692532
 10
342.88300801234226
 20
513.3003099553421
 10
342.9120800648022
 20
512.896082025921
 10
342.8862944182725
 20
512.5214317498722
 10
342.8089374786835
 20
512.157904693895
 10
342.6800092460351
 20
511.80550085798956
 10
342.4995097203274
 20
511.46422024215565
 10
342.266933300648
 20
511.14468046555265
 10
341.98177438608457
 20
510.8574991473398
 10
341.6440329766371
 20
510.60267628751717
 10
341.2537090723056
 20
510.3802118860847
 10
341.5149151436466
 20
510.29438613121386
 10
341.76057398693297
 20
510.1946563512535
 10
341.99068560216466
 20
510.08102254620366
 10
342.2052499893417
 20
509.9534847160642
 10
342.40426714846416
 20
509.8120428608353
 10
342.5877370795319
 20
509.6566969805168
 10
342.75565978254497
 20
509.48744707510883
 10
342.9080352575034
 20
509.3042931446113
 10
343.0435995021263
 20
509.10988959381405
 10
343.1610885141328
 20
508.9068908275069
 10
343.26050229352296
 20
508.69529684568994
 10
343.3418408402967
 20
508.475107648363
 10
343.4051041544541
 20
508.24632323552623
 10
343.45029223599505
 20
508.0089436071795
 10
343.4774050849196
 20
507.76296876332293
 10
343.4864427012278
 20
507.50839870395646
 10
343.46444906154073
 20
507.09911476541197
 10
343.39846814247954
 20
506.7044932533255
 10
343.2884999440442
 20
506.3245341676971
 10
343.1345444662347
 20
505.9592375085267
 10
342.94823053003495
 20
505.6217488995354
 10
342.74118695642903
 20
505.3252139644442
 10
342.5134137454169
 20
505.069632703253
 10
342.26491089699863
 20
504.8550051159619
 10
341.98961120022597
 20
504.672735987061
 10
341.68144744415076
 20
504.51423010104037
 10
341.340419628773
 20
504.37948745790004
 10
340.9665277540928
 20
504.26850805763996
 10
340.5542102100742
 20
504.1817975011725
 10
340.0979053866815
 20
504.11986138941006
 10
339.5976132839146
 20
504.08269972235263
 10
339.05333390177356
 20
504.0703125000001
 10
334.53123934174624
 20
504.0703125000001
  0
LWPOLYLINE
  5
1ED
330
17
100
AcDbEntity
  8
line engraving
 62
1
420
16711680
100
AcDbPolyline
 90
32
 70
0
 10
336.10062457366985
 20
510.9464849079128
 10
338.6650324010914
 20
510.9464849079128
 10
339.1499036760317
 20
510.9550801234227
 10
339.56095721776944
 20
510.9808657699524
 10
339.89819302630457
 20
511.02384184750184
 10
340.1616111016371
 20
511.0840083560711
 10
340.4424724084456
 20
511.1876565431021
 10
340.6864248486528
 20
511.32062958304925
 10
340.8934684222587
 20
511.48292747591245
 10
341.0636031292633
 20
511.6745502216918
 10
341.1963233687543
 20
511.89398101765016
 10
341.29112353981924
 20
512.1397030610506
 10
341.34800364245825
 20
512.411716351893
 10
341.3669636766712
 20
512.7100208901775
 10
341.3492676447391
 20
512.9964438070218
 10
341.2961795489427
 20
513.2651706919339
 10
341.2076993892821
 20
513.516201544914
 10
341.08382716575716
 20
513.749536365962
 10
340.92709088292975
 20
513.9563271391116
 10
340.7400185453615
 20
514.1277258483971
 10
340.52261015305254
 20
514.2637324938183
 10
340.27486570600274
 20
514.3643470753752
 10
340.13165424758057
 20
514.4032151455119
 10
339.9649323467343
 20
514.436900806297
 10
339.7747000034639
 20
514.4654040577306
 10
339.56095721776944
 20
514.4887248998125
 10
339.3237039896508
 20
514.506863332543
 10
339.0629403191081
 20
514.5198193559219
 10
338.7786662061413
 20
514.5275929699492
 10
338.47088165075036
 20
514.530184174625
 10
336.10062457366985
 20
514.530184174625
 10
336.10062457366985
 20
510.9464849079128
  0
LWPOLYLINE
  5
1EE
330
17
100
AcDbEntity
  8
line engraving
 62
1
420
16711680
100
AcDbPolyline
 90
32
 70
0
 10
336.10062457366985
 20
505.4698158253753
 10
339.05333390177356
 20
505.4698158253753
 10
339.4052321367667
 20
505.47335503176174
 10
339.70050306957705
 20
505.483972650921
 10
339.9391467002046
 20
505.5016686828531
 10
340.1211630286494
 20
505.5264431275581
 10
340.38104189759554
 20
505.5830704297409
 10
340.6186743263984
 20
505.6558769611188
 10
340.83406031505797
 20
505.7448627216918
 10
341.02719986357437
 20
505.85002771145986
 10
341.2011265774216
 20
505.97617513909034
 10
341.3588740620737
 20
506.12810821325047
 10
341.5004423175307
 20
506.30582693394024
 10
341.62583134379264
 20
506.5093313011597
 10
341.728468328999
 20
506.73407090669775
 10
341.80178046128924
 20
506.9754953423432
 10
341.84576774066335
 20
507.23360460809613
 10
341.8604301671214
 20
507.50839870395646
 10
341.83919492880284
 20
507.82920248284034
 10
341.7754892138472
 20
508.1282654224933
 10
341.6693130222544
 20
508.40558752291537
 10
341.52066635402457
 20
508.6611687841065
 10
341.3343524178249
 20
508.8876779928378
 10
341.11517442232264
 20
509.07778393588006
 10
340.86313236751795
 20
509.2314866132334
 10
340.57822625341066
 20
509.3487860248978
 10
340.2437712498934
 20
509.4354965813652
 10
339.8430825268588
 20
509.4974326931277
 10
339.3761600843068
 20
509.5345943601851
 10
338.84300392223736
 20
509.5469815825376
 10
336.10062457366985
 20
509.5469815825376
 10
336.10062457366985
 20
505.4698158253753
  0
LWPOLYLINE
  5
1EF
330
17
100
AcDbEntity
  8
cut
 62
5
420
255
100
AcDbPolyline
 90
4
 70
1
 10
429.0
 20
546.0000000000002
 42
0.9999999999999999
 10
429.0
 20
606.0000000000002
 10
179.99999999999997
 20
606.0000000000002
 42
0.9999999999999999
 10
180.0
 20
546.0000000000002
  0
CIRCLE
  5
1F0
330
17
100
AcDbEntity
  8
cut
 62
5
420
255
100
AcDbCircle
 10
429.0
 20
576.0000000000002
 30
-2.7755575615628914e-16
 40
4.4
  0
CIRCLE
  5
1F1
330
17
100
AcDbEntity
  8
cut
 62
5
420
255
100
AcDbCircle
 10
180.0
 20
576.0000000000002
 30
-2.7755575615628914e-16
 40
4.4
  0
LWPOLYLINE
  5
1F2
330
17
100
AcDbEntity
  8
line engraving
 62
1
420
16711680
100
AcDbPolyline
 90
7
 70
0
 10
304.1385572987722
 20
570.0703125000002
 10
304.1385572987722
 20
581.9296875000002
 10
305.7079425306958
 20
581.9296875000002
 10
305.7079425306958
 20
571.4698158253753
 10
311.5486442701228
 20
571.4698158253753
 10
311.5486442701228
 20
570.0703125000002
 10
304.1385572987722
 20
570.0703125000002
  0
LWPOLYLINE
  5
1F3
330
17
100
AcDbEntity
  8
line engraving
 62
1
420
16711680
100
AcDbPolyline
 90
5
 70
0
 10
313.23937372100954
 20
580.2551372783086
 10
313.23937372100954
 20
581.9296875000002
 10
314.6955043485675
 20
581.9296875000002
 10
314.6955043485675
 20
580.2551372783086
 10
313.23937372100954
 20
580.2551372783086
  0
LWPOLYLINE
  5
1F4
330
17
100
AcDbEntity
  8
line engraving
 62
1
420
16711680
100
AcDbPolyline
 90
5
 70
0
 10
313.23937372100954
 20
570.0703125000002
 10
313.23937372100954
 20
578.6614832025923
 10
314.6955043485675
 20
578.6614832025923
 10
314.6955043485675
 20
570.0703125000002
 10
313.23937372100954
 20
570.0703125000002
  0
LWPOLYLINE
  5
1F5
330
17
100
AcDbEntity
  8
line engraving
 62
1
420
16711680
100
AcDbPolyline
 90
61
 70
0
 10
316.91205874829467
 20
570.0703125000002
 10
316.91205874829467
 20
578.6614832025923
 10
318.22257631309685
 20
578.6614832025923
 10
318.22257631309685
 20
577.4399513983631
 10
318.47234316379604
 20
577.7717519970905
 10
318.74840126193726
 20
578.0593125159876
 10
319.05075060752046
 20
578.3026329550544
 10
319.3793912005457
 20
578.5017133142908
 10
319.73432304101294
 20
578.656553593697
 10
320.11554612892223
 20
578.7671537932728
 10
320.52306046427356
 20
578.8335139130182
 10
320.95686604706685
 20
578.8556339529334
 10
321.3373307336076
 20
578.8381907214575
 10
321.70212179186564
 20
578.7858610270296
 10
322.0512392218409
 20
578.6986448696498
 10
322.3846830235334
 20
578.5765422493181
 10
322.68981317413454
 20
578.426125977895
 10
322.9539896508356
 20
578.253968867241
 10
323.17721245363657
 20
578.0600709173561
 10
323.3594815825375
 20
577.8444321282403
 10
323.5091394525921
 20
577.6073053003498
 10
323.634528478854
 20
577.3489432341407
 10
323.73564866132335
 20
577.0693459296132
 10
323.8125
 20
576.7685133867669
 10
323.84789206386426
 20
576.5283529534023
 10
323.8731721094816
 20
576.2123523831858
 10
323.888340136852
 20
575.8205116761172
 10
323.89339614597543
 20
575.3528308321967
 10
323.89339614597543
 20
570.0703125000002
 10
322.43726551841746
 20
570.0703125000002
 10
322.43726551841746
 20
575.2962035300138
 10
322.42664789925817
 20
575.7130714822435
 10
322.39479504178036
 20
576.0738177332028
 10
322.34170694598396
 20
576.3784422828916
 10
322.26738361186904
 20
576.6269451313099
 10
322.1660106289436
 20
576.8362639090213
 10
322.03177358671553
 20
577.0233362465896
 10
321.86467248518505
 20
577.1881621440145
 10
321.664707324352
 20
577.3307416012963
 10
321.43895651698926
 20
577.4457658088551
 10
321.1944984758697
 20
577.5279259571114
 10
320.9313332009933
 20
577.5772220460652
 10
320.64946069236015
 20
577.5936540757165
 10
320.42086587986546
 20
577.5844268590662
 10
320.2002342817403
 20
577.5567452091152
 10
319.9875658979845
 20
577.5106091258635
 10
319.7828607285982
 20
577.4460186093113
 10
319.58611877358135
 20
577.3629736594584
 10
319.397340032934
 20
577.2614742763049
 10
319.21652450665607
 20
577.1415204598507
 10
319.0436721947476
 20
577.0031122100958
 10
318.8853559090691
 20
576.8389183138112
 10
318.74814846148104
 20
576.641607557768
 10
318.6320498519835
 20
576.411179941966
 10
318.5370600805764
 20
576.1476354664054
 10
318.4631791472597
 20
575.8509741310861
 10
318.4104070520336
 20
575.5211959360081
 10
318.37874379489784
 20
575.1583008811714
 10
318.36818937585264
 20
574.762288966576
 10
318.36818937585264
 20
570.0703125000002
 10
316.91205874829467
 20
570.0703125000002
  0
LWPOLYLINE
  5
1F6
330
17
100
AcDbEntity
  8
line engraving
 62
1
420
16711680
100
AcDbPolyline
 90
13
 70
0
 10
326.13421938949523
 20
570.0703125000002
 10
326.13421938949523
 20
581.9296875000002
 10
327.5903500170532
 20
581.9296875000002
 10
327.5903500170532
 20
575.1667696964531
 10
331.0365258356071
 20
578.6614832025923
 10
332.9214060368349
 20
578.6614832025923
 10
329.63702251023193
 20
575.4741750511598
 10
333.25308023533427
 20
570.0703125000002
 10
331.4571857946794
 20
570.0703125000002
 10
328.6177310709413
 20
574.4629732264668
 10
327.5903500170532
 20
573.4760402455664
 10
327.5903500170532
 20
570.0703125000002
 10
326.13421938949523
 20
570.0703125000002
  0
LWPOLYLINE
  5
1F7
330
17
100
AcDbEntity
  8
line engraving
 62
1
420
16711680
100
AcDbPolyline
 90
60
 70
0
 10
334.53123934174624
 20
570.0703125000002
 10
334.53123934174624
 20
581.9296875000002
 10
338.98052737039563
 20
581.9296875000002
 10
339.3118855683247
 20
581.9240626898504
 10
339.6264325359183
 20
581.9071882594008
 10
339.9241682731764
 20
581.8790642086515
 10
340.20509278009894
 20
581.8396905376026
 10
340.46920605668595
 20
581.7890672462538
 10
340.71650810293744
 20
581.7271943346054
 10
340.9469989188534
 20
581.6540718026573
 10
341.16067850443386
 20
581.5696996504095
 10
341.548980005116
 20
581.3654368818216
 10
341.89278862551157
 20
581.1126364256482
 10
342.19210436562076
 20
580.8112982818898
 10
342.4469272254434
 20
580.4614224505459
 10
342.65043159266287
 20
580.0829801676546
 10
342.7957918549625
 20
579.6959426692533
 10
342.88300801234226
 20
579.3003099553422
 10
342.9120800648022
 20
578.8960820259211
 10
342.8862944182725
 20
578.5214317498724
 10
342.8089374786835
 20
578.1579046938951
 10
342.6800092460351
 20
577.8055008579896
 10
342.4995097203274
 20
577.4642202421558
 10
342.266933300648
 20
577.1446804655528
 10
341.98177438608457
 20
576.8574991473399
 10
341.6440329766371
 20
576.6026762875173
 10
341.2537090723056
 20
576.3802118860848
 10
341.5149151436466
 20
576.294386131214
 10
341.76057398693297
 20
576.1946563512536
 10
341.99068560216466
 20
576.0810225462037
 10
342.2052499893417
 20
575.9534847160643
 10
342.40426714846416
 20
575.8120428608354
 10
342.5877370795319
 20
575.6566969805169
 10
342.75565978254497
 20
575.4874470751089
 10
342.9080352575034
 20
575.3042931446114
 10
343.0435995021263
 20
575.1098895938142
 10
343.1610885141328
 20
574.906890827507
 10
343.26050229352296
 20
574.69529684569
 10
343.3418408402967
 20
574.4751076483631
 10
343.4051041544541
 20
574.2463232355263
 10
343.45029223599505
 20
574.0089436071796
 10
343.4774050849196
 20
573.7629687633231
 10
343.4864427012278
 20
573.5083987039566
 10
343.46444906154073
 20
573.0991147654121
 10
343.39846814247954
 20
572.7044932533256
 10
343.2884999440442
 20
572.3245341676972
 10
343.1345444662347
 20
571.9592375085268
 10
342.94823053003495
 20
571.6217488995355
 10
342.74118695642903
 20
571.3252139644443
 10
342.5134137454169
 20
571.0696327032532
 10
342.26491089699863
 20
570.8550051159621
 10
341.98961120022597
 20
570.6727359870612
 10
341.68144744415076
 20
570.5142301010405
 10
341.340419628773
 20
570.3794874579002
 10
340.9665277540928
 20
570.26850805764
 10
340.5542102100742
 20
570.1817975011726
 10
340.0979053866815
 20
570.1198613894102
 10
339.5976132839146
 20
570.0826997223527
 10
339.05333390177356
 20
570.0703125000002
 10
334.53123934174624
 20
570.0703125000002
  0
LWPOLYLINE
  5
1F8
330
17
100
AcDbEntity
  8
line engraving
 62
1
420
16711680
100
AcDbPolyline
 90
32
 70
0
 10
336.10062457366985
 20
576.9464849079129
 10
338.6650324010914
 20
576.9464849079129
 10
339.1499036760317
 20
576.9550801234228
 10
339.56095721776944
 20
576.9808657699525
 10
339.89819302630457
 20
577.0238418475019
 10
340.1616111016371
 20
577.0840083560712
 10
340.4424724084456
 20
577.1876565431022
 10
340.6864248486528
 20
577.3206295830494
 10
340.8934684222587
 20
577.4829274759126
 10
341.0636031292633
 20
577.6745502216919
 10
341.1963233687543
 20
577.8939810176503
 10
341.29112353981924
 20
578.1397030610507
 10
341.34800364245825
 20
578.4117163518931
 10
341.3669636766712
 20
578.7100208901776
 10
341.3492676447391
 20
578.9964438070219
 10
341.2961795489427
 20
579.265170691934
 10
341.2076993892821
 20
579.5162015449141
 10
341.08382716575716
 20
579.7495363659621
 10
340.92709088292975
 20
579.9563271391117
 10
340.7400185453615
 20
580.1277258483972
 10
340.52261015305254
 20
580.2637324938185
 10
340.27486570600274
 20
580.3643470753753
 10
340.13165424758057
 20
580.403215145512
 10
339.9649323467343
 20
580.4369008062971
 10
339.7747000034639
 20
580.4654040577307
 10
339.56095721776944
 20
580.4887248998127
 10
339.3237039896508
 20
580.5068633325432
 10
339.0629403191081
 20
580.519819355922
 10
338.7786662061413
 20
580.5275929699493
 10
338.47088165075036
 20
580.5301841746251
 10
336.10062457366985
 20
580.5301841746251
 10
336.10062457366985
 20
576.9464849079129
  0
LWPOLYLINE
  5
1F9
330
17
100
AcDbEntity
  8
line engraving
 62
1
420
16711680
100
AcDbPolyline
 90
32
 70
0
 10
336.10062457366985
 20
571.4698158253753
 10
339.05333390177356
 20
571.4698158253753
 10
339.4052321367667
 20
571.4733550317618
 10
339.70050306957705
 20
571.483972650921
 10
339.9391467002046
 20
571.5016686828532
 10
340.1211630286494
 20
571.5264431275582
 10
340.38104189759554
 20
571.583070429741
 10
340.6186743263984
 20
571.6558769611189
 10
340.83406031505797
 20
571.7448627216919
 10
341.02719986357437
 20
571.85002771146
 10
341.2011265774216
 20
571.9761751390904
 10
341.3588740620737
 20
572.1281082132506
 10
341.5004423175307
 20
572.3058269339404
 10
341.62583134379264
 20
572.5093313011598
 10
341.728468328999
 20
572.7340709066979
 10
341.80178046128924
 20
572.9754953423433
 10
341.84576774066335
 20
573.2336046080962
 10
341.8604301671214
 20
573.5083987039566
 10
341.83919492880284
 20
573.8292024828404
 10
341.7754892138472
 20
574.1282654224934
 10
341.6693130222544
 20
574.4055875229155
 10
341.52066635402457
 20
574.6611687841066
 10
341.3343524178249
 20
574.8876779928379
 10
341.11517442232264
 20
575.0777839358802
 10
340.86313236751795
 20
575.2314866132335
 10
340.57822625341066
 20
575.3487860248979
 10
340.2437712498934
 20
575.4354965813653
 10
339.8430825268588
 20
575.4974326931278
 10
339.3761600843068
 20
575.5345943601853
 10
338.84300392223736
 20
575.5469815825378
 10
336.10062457366985
 20
575.5469815825378
 10
336.10062457366985
 20
571.4698158253753
  0
LWPOLYLINE
  5
1FA
330
17
100
AcDbEntity
  8
cut
 62
5
420
255
100
AcDbPolyline
 90
4
 70
1
 10
429.0
 20
612.0000000000002
 42
0.9999999999999999
 10
429.0
 20
672.0000000000002
 10
179.99999999999997
 20
672.0000000000002
 42
0.9999999999999999
 10
180.0
 20
612.0000000000002
  0
CIRCLE
  5
1FB
330
17
100
AcDbEntity
  8
cut
 62
5
420
255
100
AcDbCircle
 10
429.0
 20
642.0000000000002
 30
-2.7755575615628914e-16
 40
4.4
  0
CIRCLE
  5
1FC
330
17
100
AcDbEntity
  8
cut
 62
5
420
255
100
AcDbCircle
 10
180.0
 20
642.0000000000002
 30
-2.7755575615628914e-16
 40
4.4
  0
LWPOLYLINE
  5
1FD
330
17
100
AcDbEntity
  8
line engraving
 62
1
420
16711680
100
AcDbPolyline
 90
7
 70
0
 10
304.1385572987722
 20
636.0703125000002
 10
304.1385572987722
 20
647.9296875000002
 10
305.7079425306958
 20
647.9296875000002
 10
305.7079425306958
 20
637.4698158253753
 10
311.5486442701228
 20
637.4698158253753
 10
311.5486442701228
 20
636.0703125000002
 10
304.1385572987722
 20
636.0703125000002
  0
LWPOLYLINE
  5
1FE
330
17
100
AcDbEntity
  8
line engraving
 62
1
420
16711680
100
AcDbPolyline
 90
5
 70
0
 10
313.23937372100954
 20
646.2551372783086
 10
313.23937372100954
 20
647.9296875000002
 10
314.6955043485675
 20
647.9296875000002
 10
314.6955043485675
 20
646.2551372783086
 10
313.23937372100954
 20
646.2551372783086
  0
LWPOLYLINE
  5
1FF
330
17
100
AcDbEntity
  8
line engraving
 62
1
420
16711680
100
AcDbPolyline
 90
5
 70
0
 10
313.23937372100954
 20
636.0703125000002
 10
313.23937372100954
 20
644.6614832025923
 10
314.6955043485675
 20
644.6614832025923
 10
314.6955043485675
 20
636.0703125000002
 10
313.23937372100954
 20
636.0703125000002
  0
LWPOLYLINE
  5
200
330
17
100
AcDbEntity
  8
line engraving
 62
1
420
16711680
100
AcDbPolyline
 90
61
 70
0
 10
316.91205874829467
 20
636.0703125000002
 10
316.91205874829467
 20
644.6614832025923
 10
318.22257631309685
 20
644.6614832025923
 10
318.22257631309685
 20
643.4399513983631
 10
318.47234316379604
 20
643.7717519970905
 10
318.74840126193726
 20
644.0593125159876
 10
319.05075060752046
 20
644.3026329550544
 10
319.3793912005457
 20
644.5017133142908
 10
319.73432304101294
 20
644.656553593697
 10
320.11554612892223
 20
644.7671537932728
 10
320.52306046427356
 20
644.8335139130182
 10
320.95686604706685
 20
644.8556339529334
 10
321.3373307336076
 20
644.8381907214575
 10
321.70212179186564
 20
644.7858610270296
 10
322.0512392218409
 20
644.6986448696498
 10
322.3846830235334
 20
644.5765422493181
 10
322.68981317413454
 20
644.426125977895
 10
322.9539896508356
 20
644.253968867241
 10
323.17721245363657
 20
644.0600709173561
 10
323.3594815825375
 20
643.8444321282403
 10
323.5091394525921
 20
643.6073053003498
 10
323.634528478854
 20
643.3489432341407
 10
323.73564866132335
 20
643.0693459296132
 10
323.8125
 20
642.7685133867669
 10
323.84789206386426
 20
642.5283529534023
 10
323.8731721094816
 20
642.2123523831858
 10
323.888340136852
 20
641.8205116761172
 10
323.89339614597543
 20
641.3528308321967
 10
323.89339614597543
 20
636.0703125000002
 10
322.43726551841746
 20
636.0703125000002
 10
322.43726551841746
 20
641.2962035300138
 10
322.42664789925817
 20
641.7130714822435
 10
322.39479504178036
 20
642.0738177332028
 10
322.34170694598396
 20
642.3784422828916
 10
322.26738361186904
 20
642.6269451313099
 10
322.1660106289436
 20
642.8362639090213
 10
322.03177358671553
 20
643.0233362465896
 10
321.86467248518505
 20
643.1881621440145
 10
321.664707324352
 20
643.3307416012963
 10
321.43895651698926
 20
643.4457658088551
 10
321.1944984758697
 20
643.5279259571114
 10
320.9313332009933
 20
643.5772220460652
 10
320.64946069236015
 20
643.5936540757165
 10
320.42086587986546
 20
643.5844268590662
 10
320.2002342817403
 20
643.5567452091152
 10
319.9875658979845
 20
643.5106091258635
 10
319.7828607285982
 20
643.4460186093113
 10
319.58611877358135
 20
643.3629736594584
 10
319.397340032934
 20
643.2614742763049
 10
319.21652450665607
 20
643.1415204598507
 10
319.0436721947476
 20
643.0031122100958
 10
318.8853559090691
 20
642.8389183138112
 10
318.74814846148104
 20
642.641607557768
 10
318.6320498519835
 20
642.411179941966
 10
318.5370600805764
 20
642.1476354664054
 10
318.4631791472597
 20
641.8509741310861
 10
318.4104070520336
 20
641.5211959360081
 10
318.37874379489784
 20
641.1583008811714
 10
318.36818937585264
 20
640.762288966576
 10
318.36818937585264
 20
636.0703125000002
 10
316.91205874829467
 20
636.0703125000002
  0
LWPOLYLINE
  5
201
330
17
100
AcDbEntity
  8
line engraving
 62
1
420
16711680
100
AcDbPolyline
 90
13
 70
0
 10
326.13421938949523
 20
636.0703125000002
 10
326.13421938949523
 20
647.9296875000002
 10
327.5903500170532
 20
647.9296875000002
 10
327.5903500170532
 20
641.1667696964531
 10
331.0365258356071
 20
644.6614832025923
 10
332.9214060368349
 20
644.6614832025923
 10
329.63702251023193
 20
641.4741750511598
 10
333.25308023533427
 20
636.0703125000002
 10
331.4571857946794
 20
636.0703125000002
 10
328.6177310709413
 20
640.4629732264668
 10
327.5903500170532
 20
639.4760402455664
 10
327.5903500170532
 20
636.0703125000002
 10
326.13421938949523
 20
636.0703125000002
  0
LWPOLYLINE
  5
202
330
17
100
AcDbEntity
  8
line engraving
 62
1
420
16711680
100
AcDbPolyline
 90
60
 70
0
 10
334.53123934174624
 20
636.0703125000002
 10
334.53123934174624
 20
647.9296875000002
 10
338.98052737039563
 20
647.9296875000002
 10
339.3118855683247
 20
647.9240626898504
 10
339.6264325359183
 20
647.9071882594008
 10
339.9241682731764
 20
647.8790642086515
 10
340.20509278009894
 20
647.8396905376026
 10
340.46920605668595
 20
647.7890672462538
 10
340.71650810293744
 20
647.7271943346054
 10
340.9469989188534
 20
647.6540718026573
 10
341.16067850443386
 20
647.5696996504095
 10
341.548980005116
 20
647.3654368818216
 10
341.89278862551157
 20
647.1126364256482
 10
342.19210436562076
 20
646.8112982818898
 10
342.4469272254434
 20
646.4614224505459
 10
342.65043159266287
 20
646.0829801676546
 10
342.7957918549625
 20
645.6959426692533
 10
342.88300801234226
 20
645.3003099553422
 10
342.9120800648022
 20
644.8960820259211
 10
342.8862944182725
 20
644.5214317498724
 10
342.8089374786835
 20
644.1579046938951
 10
342.6800092460351
 20
643.8055008579896
 10
342.4995097203274
 20
643.4642202421558
 10
342.266933300648
 20
643.1446804655528
 10
341.98177438608457
 20
642.8574991473399
 10
341.6440329766371
 20
642.6026762875173
 10
341.2537090723056
 20
642.3802118860848
 10
341.5149151436466
 20
642.294386131214
 10
341.76057398693297
 20
642.1946563512536
 10
341.99068560216466
 20
642.0810225462037
 10
342.2052499893417
 20
641.9534847160643
 10
342.40426714846416
 20
641.8120428608354
 10
342.5877370795319
 20
641.6566969805169
 10
342.75565978254497
 20
641.4874470751089
 10
342.9080352575034
 20
641.3042931446114
 10
343.0435995021263
 20
641.1098895938142
 10
343.1610885141328
 20
640.906890827507
 10
343.26050229352296
 20
640.69529684569
 10
343.3418408402967
 20
640.4751076483631
 10
343.4051041544541
 20
640.2463232355263
 10
343.45029223599505
 20
640.0089436071796
 10
343.4774050849196
 20
639.7629687633231
 10
343.4864427012278
 20
639.5083987039566
 10
343.46444906154073
 20
639.0991147654121
 10
343.39846814247954
 20
638.7044932533256
 10
343.2884999440442
 20
638.3245341676972
 10
343.1345444662347
 20
637.9592375085268
 10
342.94823053003495
 20
637.6217488995355
 10
342.74118695642903
 20
637.3252139644443
 10
342.5134137454169
 20
637.0696327032532
 10
342.26491089699863
 20
636.8550051159621
 10
341.98961120022597
 20
636.6727359870612
 10
341.68144744415076
 20
636.5142301010405
 10
341.340419628773
 20
636.3794874579002
 10
340.9665277540928
 20
636.26850805764
 10
340.5542102100742
 20
636.1817975011726
 10
340.0979053866815
 20
636.1198613894102
 10
339.5976132839146
 20
636.0826997223527
 10
339.05333390177356
 20
636.0703125000002
 10
334.53123934174624
 20
636.0703125000002
  0
LWPOLYLINE
  5
203
330
17
100
AcDbEntity
  8
line engraving
 62
1
420
16711680
100
AcDbPolyline
 90
32
 70
0
 10
336.10062457366985
 20
642.9464849079129
 10
338.6650324010914
 20
642.9464849079129
 10
339.1499036760317
 20
642.9550801234228
 10
339.56095721776944
 20
642.9808657699525
 10
339.89819302630457
 20
643.0238418475019
 10
340.1616111016371
 20
643.0840083560712
 10
340.4424724084456
 20
643.1876565431022
 10
340.6864248486528
 20
643.3206295830494
 10
340.8934684222587
 20
643.4829274759126
 10
341.0636031292633
 20
643.6745502216919
 10
341.1963233687543
 20
643.8939810176503
 10
341.29112353981924
 20
644.1397030610507
 10
341.34800364245825
 20
644.4117163518931
 10
341.3669636766712
 20
644.7100208901776
 10
341.3492676447391
 20
644.9964438070219
 10
341.2961795489427
 20
645.265170691934
 10
341.2076993892821
 20
645.5162015449141
 10
341.08382716575716
 20
645.7495363659621
 10
340.92709088292975
 20
645.9563271391117
 10
340.7400185453615
 20
646.1277258483972
 10
340.52261015305254
 20
646.2637324938185
 10
340.27486570600274
 20
646.3643470753753
 10
340.13165424758057
 20
646.403215145512
 10
339.9649323467343
 20
646.4369008062971
 10
339.7747000034639
 20
646.4654040577307
 10
339.56095721776944
 20
646.4887248998127
 10
339.3237039896508
 20
646.5068633325432
 10
339.0629403191081
 20
646.519819355922
 10
338.7786662061413
 20
646.5275929699493
 10
338.47088165075036
 20
646.5301841746251
 10
336.10062457366985
 20
646.5301841746251
 10
336.10062457366985
 20
642.9464849079129
  0
LWPOLYLINE
  5
204
330
17
100
AcDbEntity
  8
line engraving
 62
1
420
16711680
100
AcDbPolyline
 90
32
 70
0
 10
336.10062457366985
 20
637.4698158253753
 10
339.05333390177356
 20
637.4698158253753
 10
339.4052321367667
 20
637.4733550317618
 10
339.70050306957705
 20
637.483972650921
 10
339.9391467002046
 20
637.5016686828532
 10
340.1211630286494
 20
637.5264431275582
 10
340.38104189759554
 20
637.583070429741
 10
340.6186743263984
 20
637.6558769611189
 10
340.83406031505797
 20
637.7448627216919
 10
341.02719986357437
 20
637.85002771146
 10
341.2011265774216
 20
637.9761751390904
 10
341.3588740620737
 20
638.1281082132506
 10
341.5004423175307
 20
638.3058269339404
 10
341.62583134379264
 20
638.5093313011598
 10
341.728468328999
 20
638.7340709066979
 10
341.80178046128924
 20
638.9754953423433
 10
341.84576774066335
 20
639.2336046080962
 10
341.8604301671214
 20
639.5083987039566
 10
341.83919492880284
 20
639.8292024828404
 10
341.7754892138472
 20
640.1282654224934
 10
341.6693130222544
 20
640.4055875229155
 10
341.52066635402457
 20
640.6611687841066
 10
341.3343524178249
 20
640.8876779928379
 10
341.11517442232264
 20
641.0777839358802
 10
340.86313236751795
 20
641.2314866132335
 10
340.57822625341066
 20
641.3487860248979
 10
340.2437712498934
 20
641.4354965813653
 10
339.8430825268588
 20
641.4974326931278
 10
339.3761600843068
 20
641.5345943601853
 10
338.84300392223736
 20
641.5469815825378
 10
336.10062457366985
 20
641.5469815825378
 10
336.10062457366985
 20
637.4698158253753
  0
CIRCLE
  5
205
330
17
100
AcDbEntity
  8
cut
 62
5
420
255
100
AcDbCircle
 10
906.0000036742749
 20
1072.80004626835
 30
0.0
 40
4.4
  0
LWPOLYLINE
  5
206
330
17
100
AcDbEntity
  8
cut
 62
5
420
255
100
AcDbPolyline
 90
4
 70
1
 10
906.0000036742745
 20
1096.8000462683503
 42
1.0157787888818275
 10
906.7513189137894
 20
1048.8118090381804
 10
1143.1252354466046
 20
1048.8118090381804
 42
0.9809821123639358
 10
1142.596253244105
 20
1096.8000466259775
  0
CIRCLE
  5
207
330
17
100
AcDbEntity
  8
cut
 62
5
420
255
100
AcDbCircle
 10
1142.400044980292
 20
1072.8000350924794
 30
0.0
 40
4.4
  0
LWPOLYLINE
  5
208
330
17
100
AcDbEntity
  8
line engraving
 62
1
420
16711680
100
AcDbPolyline
 90
7
 70
0
 10
1093.8055648004192
 20
1066.8703358129887
 10
1093.8055648004192
 20
1078.7297108129887
 10
1095.374950032343
 20
1078.7297108129887
 10
1095.374950032343
 20
1068.269839138364
 10
1101.21565177177
 20
1068.269839138364
 10
1101.21565177177
 20
1066.8703358129887
 10
1093.8055648004192
 20
1066.8703358129887
  0
LWPOLYLINE
  5
209
330
17
100
AcDbEntity
  8
line engraving
 62
1
420
16711680
100
AcDbPolyline
 90
5
 70
0
 10
1102.9063812226566
 20
1077.055160591297
 10
1102.9063812226566
 20
1078.7297108129887
 10
1104.3625118502146
 20
1078.7297108129887
 10
1104.3625118502146
 20
1077.055160591297
 10
1102.9063812226566
 20
1077.055160591297
  0
LWPOLYLINE
  5
20A
330
17
100
AcDbEntity
  8
line engraving
 62
1
420
16711680
100
AcDbPolyline
 90
5
 70
0
 10
1102.9063812226566
 20
1066.8703358129887
 10
1102.9063812226566
 20
1075.4615065155808
 10
1104.3625118502146
 20
1075.4615065155808
 10
1104.3625118502146
 20
1066.8703358129887
 10
1102.9063812226566
 20
1066.8703358129887
  0
LWPOLYLINE
  5
20B
330
17
100
AcDbEntity
  8
line engraving
 62
1
420
16711680
100
AcDbPolyline
 90
61
 70
0
 10
1106.579066249942
 20
1066.8703358129887
 10
1106.579066249942
 20
1075.4615065155808
 10
1107.889583814744
 20
1075.4615065155808
 10
1107.889583814744
 20
1074.2399747113516
 10
1108.139350665443
 20
1074.571775310079
 10
1108.4154087635843
 20
1074.859335828976
 10
1108.7177581091676
 20
1075.102656268043
 10
1109.0463987021928
 20
1075.3017366272793
 10
1109.4013305426602
 20
1075.4565769066855
 10
1109.7825536305693
 20
1075.5671771062614
 10
1110.1900679659207
 20
1075.6335372260069
 10
1110.623873548714
 20
1075.655657265922
 10
1111.0043382352546
 20
1075.638214034446
 10
1111.3691292935127
 20
1075.585884340018
 10
1111.718246723488
 20
1075.4986681826383
 10
1112.0516905251804
 20
1075.3765655623067
 10
1112.3568206757816
 20
1075.2261492908835
 10
1112.6209971524827
 20
1075.0539921802297
 10
1112.8442199552837
 20
1074.8600942303447
 10
1113.0264890841847
 20
1074.644455441229
 10
1113.1761469542394
 20
1074.4073286133384
 10
1113.3015359805013
 20
1074.1489665471292
 10
1113.4026561629705
 20
1073.8693692426016
 10
1113.479507501647
 20
1073.5685366997554
 10
1113.5148995655113
 20
1073.328376266391
 10
1113.5401796111287
 20
1073.0123756961743
 10
1113.555347638499
 20
1072.6205349891059
 10
1113.5604036476225
 20
1072.1528541451853
 10
1113.5604036476225
 20
1066.8703358129887
 10
1112.1042730200645
 20
1066.8703358129887
 10
1112.1042730200645
 20
1072.0962268430023
 10
1112.0936554009052
 20
1072.513094795232
 10
1112.0618025434273
 20
1072.8738410461913
 10
1112.008714447631
 20
1073.1784655958802
 10
1111.934391113516
 20
1073.4269684442984
 10
1111.8330181305905
 20
1073.63628722201
 10
1111.6987810883627
 20
1073.8233595595782
 10
1111.5316799868322
 20
1073.988185457003
 10
1111.3317148259991
 20
1074.1307649142848
 10
1111.1059640186363
 20
1074.2457891218435
 10
1110.8615059775168
 20
1074.3279492701
 10
1110.5983407026404
 20
1074.3772453590536
 10
1110.3164681940073
 20
1074.3936773887049
 10
1110.0878733815125
 20
1074.3844501720546
 10
1109.8672417833873
 20
1074.3567685221035
 10
1109.6545733996315
 20
1074.310632438852
 10
1109.4498682302453
 20
1074.2460419222998
 10
1109.2531262752284
 20
1074.1629969724468
 10
1109.064347534581
 20
1074.0614975892931
 10
1108.883532008303
 20
1073.941543772839
 10
1108.7106796963947
 20
1073.8031355230842
 10
1108.5523634107162
 20
1073.6389416267996
 10
1108.4151559631282
 20
1073.4416308707564
 10
1108.2990573536306
 20
1073.2112032549544
 10
1108.2040675822236
 20
1072.9476587793938
 10
1108.1301866489068
 20
1072.6509974440746
 10
1108.0774145536807
 20
1072.3212192489966
 10
1108.0457512965452
 20
1071.9583241941598
 10
1108.0351968774999
 20
1071.5623122795644
 10
1108.0351968774999
 20
1066.8703358129887
 10
1106.579066249942
 20
1066.8703358129887
  0
LWPOLYLINE
  5
20C
330
17
100
AcDbEntity
  8
line engraving
 62
1
420
16711680
100
AcDbPolyline
 90
13
 70
0
 10
1115.8012268911423
 20
1066.8703358129887
 10
1115.8012268911423
 20
1078.7297108129887
 10
1117.2573575187002
 20
1078.7297108129887
 10
1117.2573575187002
 20
1071.9667930094417
 10
1120.7035333372542
 20
1075.4615065155808
 10
1122.588413538482
 20
1075.4615065155808
 10
1119.3040300118791
 20
1072.2741983641483
 10
1122.9200877369813
 20
1066.8703358129887
 10
1121.1241932963264
 20
1066.8703358129887
 10
1118.2847385725884
 20
1071.2629965394553
 10
1117.2573575187002
 20
1070.2760635585548
 10
1117.2573575187002
 20
1066.8703358129887
 10
1115.8012268911423
 20
1066.8703358129887
  0
LWPOLYLINE
  5
20D
330
17
100
AcDbEntity
  8
line engraving
 62
1
420
16711680
100
AcDbPolyline
 90
11
 70
0
 10
1124.3438599061492
 20
1066.8703358129887
 10
1124.3438599061492
 20
1078.7297108129887
 10
1132.3444887431206
 20
1078.7297108129887
 10
1132.3444887431206
 20
1077.3302074876135
 10
1125.9132451380729
 20
1077.3302074876135
 10
1125.9132451380729
 20
1073.6575224603284
 10
1131.4788999811833
 20
1073.6575224603284
 10
1131.4788999811833
 20
1072.2580191349532
 10
1125.9132451380729
 20
1072.2580191349532
 10
1125.9132451380729
 20
1066.8703358129887
 10
1124.3438599061492
 20
1066.8703358129887
  0
CIRCLE
  5
20E
330
17
100
AcDbEntity
  8
cut
 62
5
420
255
100
AcDbCircle
 10
704.9580000000001
 20
438.00000000000006
 30
0.0
 40
3.9
  0
CIRCLE
  5
20F
330
17
100
AcDbEntity
  8
cut
 62
5
420
255
100
AcDbCircle
 10
489.0
 20
438.00000000000006
 30
0.0
 40
10.9
  0
LWPOLYLINE
  5
210
330
17
100
AcDbEntity
  8
cut
 62
5
420
255
100
AcDbPolyline
 90
4
 70
1
 10
489.0
 20
462.00000000000006
 42
0.9999999999999999
 10
489.0
 20
414.00000000000006
 10
704.9754276326746
 20
414.00000632755047
 42
0.9992741120950986
 10
704.9754276326746
 20
461.9999936724496
  0
LWPOLYLINE
  5
211
330
17
100
AcDbEntity
  8
line engraving
 62
1
420
16711680
100
AcDbPolyline
 90
159
 70
0
 10
506.2676377899044
 20
434.63472032742163
 10
507.7075891882673
 20
434.86122953615285
 10
507.7953109465594
 20
434.4537152008015
 10
507.9371320024726
 20
434.0967609566849
 10
508.1330523560069
 20
433.7903668038029
 10
508.38307200716224
 20
433.5345327421556
 10
508.687696556851
 20
433.3327979781293
 10
509.0474316059856
 20
433.18870171811056
 10
509.46227715456587
 20
433.1022439620993
 10
509.932233202592
 20
433.07342471009554
 10
510.17492164051833
 20
433.0798079216139
 10
510.40143084924955
 20
433.098957556169
 10
510.61176082878575
 20
433.1308736137609
 10
510.8059115791268
 20
433.17555609438955
 10
510.98388310027275
 20
433.2330049980549
 10
511.14567539222367
 20
433.30322032475704
 10
511.29128845497945
 20
433.3862020744959
 10
511.42072228854016
 20
433.4819502472715
 10
511.6330746717257
 20
433.6950610318256
 10
511.78475494542965
 20
433.9258678483118
 10
511.875763109652
 20
434.1743706967301
 10
511.9060991643928
 20
434.44056957708057
 10
511.87930231603843
 20
434.6741571985847
 10
511.79891177097534
 20
434.8814535726467
 10
511.6649275292035
 20
435.0624586992668
 10
511.47734959072295
 20
435.21717257844483
 10
511.3886166306061
 20
435.2673534689952
 10
511.27207562031026
 20
435.32082076547584
 10
511.12772655983537
 20
435.37757446788675
 10
510.9555694491813
 20
435.4376145762279
 10
510.7556042883483
 20
435.5009410904993
 10
510.5278310773362
 20
435.567554010701
 10
510.27224981614506
 20
435.6374533368329
 10
509.98886050477483
 20
435.71063906889503
 10
509.6037822099089
 20
435.8100528482852
 10
509.24941917046806
 20
435.90605382151693
 10
508.9257713864522
 20
435.9986419885904
 10
508.63283885786143
 20
436.08781734950554
 10
508.37062158469575
 20
436.1735799042623
 10
508.13911956695506
 20
436.25592965286074
 10
507.93833280463946
 20
436.3348665953008
 10
507.7682612977489
 20
436.4103907315826
 10
507.47754077314966
 20
436.57218302353346
 10
507.2242347160641
 20
436.76228896657574
 10
507.0083431264921
 20
436.98070856070945
 10
506.82986600443377
 20
437.2274418059346
 10
506.69006735216993
 20
437.49515748902206
 10
506.5902111719815
 20
437.7765243967429
 10
506.5302974638684
 20
438.0715425290971
 10
506.5103262278307
 20
438.3802118860846
 10
506.52675825748196
 20
438.66208439471785
 10
506.57605434643574
 20
438.93333928419173
 10
506.65821449469206
 20
439.1939765545064
 10
506.7732387022509
 20
439.44399620566173
 10
506.91657656090115
 20
439.67834222853435
 10
507.0836776624317
 20
439.8919586140007
 10
507.2745420068425
 20
440.08484536206095
 10
507.4891695941336
 20
440.25700247271493
 10
507.6744723285086
 20
440.3775882903096
 10
507.89061671853676
 20
440.48856769056965
 10
508.137602764218
 20
440.5899406734951
 10
508.41543046555245
 20
440.681707239086
 10
508.713987804293
 20
440.75780017639414
 10
509.02316276219295
 20
440.8121522744714
 10
509.3429553392521
 20
440.84476353331775
 10
509.67336553547057
 20
440.8556339529332
 10
510.16354561999054
 20
440.83743232008874
 10
510.6228840488574
 20
440.78282742155534
 10
511.05138082207105
 20
440.69181925733295
 10
511.4490359396316
 20
440.56440782742163
 10
511.8062429842044
 20
440.405901941401
 10
512.1133955384548
 20
440.22161040885067
 10
512.370493602383
 20
440.0115332297707
 10
512.5775371759889
 20
439.775670404161
 10
512.745396678888
 20
439.50593231742414
 10
512.8849425306956
 20
439.19422935496254
 10
512.9961747314119
 20
438.8405615167761
 10
513.0790932810368
 20
438.444928802865
 10
511.65532111186894
 20
438.2507780525239
 10
511.5837785827719
 20
438.56425061817873
 10
511.4662263706513
 20
438.8413199181447
 10
511.30266447550724
 20
439.0819859524216
 10
511.0930928973396
 20
439.2862487210096
 10
510.83650043432374
 20
439.4490522147852
 10
510.531875884635
 20
439.5653404246249
 10
510.1792192482733
 20
439.63511335052874
 10
509.77853052523864
 20
439.65837099249666
 10
509.5367268889089
 20
439.6531885831451
 10
509.3128720849675
 20
439.63764135509047
 10
509.1069661134144
 20
439.6117293083327
 10
508.91900897424955
 20
439.57545244287184
 10
508.74900066747307
 20
439.52881075870783
 10
508.59694119308483
 20
439.47180425584077
 10
508.46283055108495
 20
439.4044329342706
 10
508.3466687414733
 20
439.3266967939973
 10
508.15909080299275
 20
439.15378128197483
 10
508.0251065612209
 20
438.9667089444066
 10
507.9447160161578
 20
438.7654797812927
 10
507.91791916780346
 20
438.55009379263305
 10
507.9290423878751
 20
438.4120647435625
 10
507.96241204808996
 20
438.2811141072647
 10
508.0180281484481
 20
438.15724188373986
 10
508.09589068894945
 20
438.0404480729878
 10
508.1975164723311
 20
437.92820467044686
 10
508.32442230133006
 20
437.82607328615285
 10
508.47660817594635
 20
437.7340539201058
 10
508.65407409618
 20
437.65214657230564
 10
508.72195101866254
 20
437.62863612988156
 10
508.81637198904326
 20
437.5985528755969
 10
508.9373370073221
 20
437.5618968094518
 10
509.08484607349925
 20
437.5186679314462
 10
509.2588991875745
 20
437.46886624158003
 10
509.45949634954803
 20
437.4124917398534
 10
509.6866375594197
 20
437.3495444262663
 10
509.94032281718955
 20
437.28002430081864
 10
510.3120026878783
 20
437.17922011891955
 10
510.654484105879
 20
437.0830927454597
 10
510.9677670711917
 20
436.991642180439
 10
511.25185158381646
 20
436.9048684238575
 10
511.5067376437531
 20
436.82277147571523
 10
511.7324252510018
 20
436.74535133601216
 10
511.92891440556247
 20
436.6726080047483
 10
512.0962051074351
 20
436.60454148192366
 10
512.3851560288412
 20
436.4581700177993
 10
512.6412428909447
 20
436.2819680998466
 10
512.8644656937456
 20
436.07593572806536
 10
513.0548244372441
 20
435.84007290245574
 10
513.2070103118604
 20
435.5741268225615
 10
513.3157145080149
 20
435.2778446879264
 10
513.3809370257076
 20
434.95122649855057
 10
513.4026778649385
 20
434.5942722544339
 10
513.3761338170403
 20
434.23554840712404
 10
513.2965016733457
 20
433.88744217897346
 10
513.1637814338548
 20
433.5499535699821
 10
512.9779730985674
 20
433.2230825801501
 10
512.7421102729578
 20
432.9197220327422
 10
512.4592265624999
 20
432.65276475102326
 10
512.1293219671937
 20
432.42221073499326
 10
511.75239648703945
 20
432.2280599846522
 10
511.33881494074
 20
432.0741045068427
 10
510.89894214699854
 20
431.9641363084073
 10
510.4327781058151
 20
431.8981553893461
 10
509.94032281718955
 20
431.876161749659
 10
509.53413568423315
 20
431.88703216927445
 10
509.15284939620983
 20
431.9196434281208
 10
508.7964639531196
 20
431.97399552619805
 10
508.4649793549624
 20
432.0500884635062
 10
508.1583956017383
 20
432.14792224004526
 10
507.87671269344725
 20
432.26749685581524
 10
507.61993063008924
 20
432.4088123108161
 10
507.3880494116643
 20
432.5718686050478
 10
507.1785410336107
 20
432.7562865378262
 10
506.98887749136674
 20
432.96168690846696
 10
506.81905878493234
 20
433.1880697169701
 10
506.6690849143075
 20
433.43543496333564
 10
506.53895587949233
 20
433.70378264756357
 10
506.4286716804868
 20
433.99311276965386
 10
506.3382323172908
 20
434.30342532960657
 10
506.2676377899044
 20
434.63472032742163
  0
LWPOLYLINE
  5
212
330
17
100
AcDbEntity
  8
line engraving
 62
1
420
16711680
100
AcDbPolyline
 90
50
 70
0
 10
515.133855388813
 20
428.7778393587995
 10
515.133855388813
 20
440.66148320259214
 10
516.4605521828103
 20
440.66148320259214
 10
516.4605521828103
 20
439.545116388131
 10
516.7027350198242
 20
439.85226894238156
 10
516.9600858842086
 20
440.118467822732
 10
517.2326047759634
 20
440.34371302918237
 10
517.5202916950885
 20
440.52800456173264
 10
517.8312362561817
 20
440.67134242038287
 10
518.1735280738403
 20
440.77372660513305
 10
518.5471671480643
 20
440.8351571159832
 10
518.9521534788539
 20
440.8556339529332
 10
519.4860680422919
 20
440.82024188906894
 10
519.9876241473396
 20
440.71406569747614
 10
520.4568217939972
 20
440.5371053781549
 10
520.8936609822646
 20
440.2893609311051
 10
521.2885352948072
 20
439.9771523677311
 10
521.6318383142905
 20
439.6067996994373
 10
521.9235700407144
 20
439.17830292622364
 10
522.163730474079
 20
438.6916620480901
 10
522.3513084125595
 20
438.16356189514414
 10
522.4852926543314
 20
437.61068729749326
 10
522.5656831993945
 20
437.03303825513734
 10
522.5924800477488
 20
436.43061476807645
 10
522.5629023943766
 20
435.78774320802785
 10
522.4741694342597
 20
435.1777357072818
 10
522.3262811673984
 20
434.6005922658382
 10
522.1192375937925
 20
434.0563128836972
 10
521.9942277682148
 20
433.80009962136563
 10
521.85581951846
 20
433.55930718686056
 10
521.7040128445279
 20
433.33393558018213
 10
521.5388077464187
 20
433.1239848013302
 10
521.3602042241323
 20
432.9294548503049
 10
521.1682022776687
 20
432.75034572710615
 10
520.9628019070279
 20
432.58665743173395
 10
520.74400311221
 20
432.43838996418833
 10
520.2871926879048
 20
432.19241512033176
 10
519.8187534426158
 20
432.0167188032913
 10
519.3386853763428
 20
431.9113010130671
 10
518.8469884890859
 20
431.876161749659
 10
518.4923094490748
 20
431.8953745843282
 10
518.1563376428205
 20
431.95301308833564
 10
517.8390730703231
 20
432.04907726168153
 10
517.5405157315824
 20
432.1835671043657
 10
517.264204832985
 20
432.34738179996594
 10
517.0136795809174
 20
432.5314205320601
 10
516.7889399753793
 20
432.7356833006481
 10
516.589986016371
 20
432.96017010572996
 10
516.589986016371
 20
428.7778393587995
 10
515.133855388813
 20
428.7778393587995
  0
LWPOLYLINE
  5
213
330
17
100
AcDbEntity
  8
line engraving
 62
1
420
16711680
100
AcDbPolyline
 90
65
 70
0
 10
516.4524625682127
 20
436.3173601637108
 10
516.4629537871439
 20
435.91629223999195
 10
516.4944274439374
 20
435.5422739650836
 10
516.5468835385934
 20
435.1953053389858
 10
516.6203220711118
 20
434.8753863616986
 10
516.7147430414925
 20
434.58251703322185
 10
516.8301464497356
 20
434.31669735355564
 10
516.966532295841
 20
434.0779273227
 10
517.123900579809
 20
433.8662069406549
 10
517.296184090691
 20
433.68039860536754
 10
517.4773156175391
 20
433.5193647147852
 10
517.6672951603533
 20
433.3831052689078
 10
517.8661227191336
 20
433.2716202677354
 10
518.0737982938799
 20
433.18490971126795
 10
518.2903218845923
 20
433.1229735995055
 10
518.5156934912708
 20
433.08581193244805
 10
518.7499131139153
 20
433.07342471009554
 10
518.9882407439727
 20
433.0862543332463
 10
519.217846758292
 20
433.1247432026987
 10
519.4387311568734
 20
433.18889131845265
 10
519.6508939397168
 20
433.2786986805082
 10
519.8543351068222
 20
433.39416528886534
 10
520.0490546581897
 20
433.5352911435241
 10
520.2350525938192
 20
433.7020762444844
 10
520.4123289137107
 20
433.8945205917463
 10
520.5744372062318
 20
434.11388818759065
 10
520.71493105975
 20
434.3614430342983
 10
520.8338104742655
 20
434.63718513186933
 10
520.9310754497782
 20
434.9411144803036
 10
521.0067259862881
 20
435.27323107960126
 10
521.0607620837951
 20
435.63353492976216
 10
521.0931837422993
 20
436.02202603078644
 10
521.1039909618007
 20
436.438704382674
 10
521.0934365427555
 20
436.83635950023455
 10
521.0617732856198
 20
437.2082289712654
 10
521.0090011903936
 20
437.5543127957666
 10
520.935120257077
 20
437.87461097373813
 10
520.8401304856699
 20
438.16912350518
 10
520.7240318761724
 20
438.43785039009214
 10
520.5868244285844
 20
438.68079162847465
 10
520.4285081429058
 20
438.89794722032747
 10
520.2555294307692
 20
439.0894435658787
 10
520.074334703807
 20
439.25540706535645
 10
519.8849239620192
 20
439.39583771876073
 10
519.6872972054058
 20
439.5107355260915
 10
519.4814544339667
 20
439.6001004873487
 10
519.267395647702
 20
439.66393260253244
 10
519.0451208466117
 20
439.7022318716427
 10
518.8146300306956
 20
439.71499829467945
 10
518.5854032170605
 20
439.7014102701601
 10
518.362875615514
 20
439.6606461966022
 10
518.1470472260561
 20
439.59270607400566
 10
517.9379180486868
 20
439.49758990237046
 10
517.735488083406
 20
439.3752976816966
 10
517.5397573302139
 20
439.2258294119842
 10
517.3507257891104
 20
439.0491850932331
 10
517.1683934600954
 20
438.84536472544346
 10
517.0005971573104
 20
438.615632310896
 10
516.8551736948967
 20
438.36125185187166
 10
516.7321230728544
 20
438.0822233483704
 10
516.6314452911834
 20
437.7785468003923
 10
516.5531403498837
 20
437.45022220793726
 10
516.4972082489554
 20
437.0972495710053
 10
516.4636489883984
 20
436.7196288895965
 10
516.4524625682127
 20
436.3173601637108
  0
LWPOLYLINE
  5
214
330
17
100
AcDbEntity
  8
line engraving
 62
1
420
16711680
100
AcDbPolyline
 90
128
 70
0
 10
529.9540293315142
 20
433.1300520122784
 10
529.5533406084796
 20
432.81152343750006
 10
529.1602358991302
 20
432.5435549539564
 10
528.7747152034659
 20
432.3261465616474
 10
528.3967785214869
 20
432.15929826057305
 10
528.0158082340338
 20
432.0354260370481
 10
527.6211867219474
 20
431.9469458773875
 10
527.2129139852276
 20
431.8938577815911
 10
526.7909900238744
 20
431.876161749659
 10
526.4473078037068
 20
431.8869689691604
 10
526.1241024204894
 20
431.9193906276646
 10
525.8213738742219
 20
431.97342672517163
 10
525.5391221649045
 20
432.04907726168153
 10
525.277347292537
 20
432.1463422371942
 10
525.0360492571197
 20
432.2652216517096
 10
524.8152280586522
 20
432.40571550522793
 10
524.6148836971349
 20
432.56782379774904
 10
524.4366593755328
 20
432.7467433206057
 10
524.282198296811
 20
432.93767086513054
 10
524.1515004609694
 20
433.1406064313236
 10
524.044565868008
 20
433.35555001918493
 10
523.961394517927
 20
433.58250162871445
 10
523.9019864107264
 20
433.82146125991227
 10
523.8663415464059
 20
434.07242891277826
 10
523.8544599249658
 20
434.3354045873125
 10
523.8724087573542
 20
434.64407394430003
 10
523.926255254519
 20
434.9390920766542
 10
524.0159994164605
 20
435.22045898437506
 10
524.1416412431786
 20
435.48817466746254
 10
524.2963551223567
 20
435.7361719149685
 10
524.473315441678
 20
435.95838351594483
 10
524.6725222011424
 20
436.15480947039146
 10
524.8939754007503
 20
436.3254497783084
 10
525.1338830336587
 20
436.4735908456259
 10
525.3884530930252
 20
436.60251907827427
 10
525.6576855788497
 20
436.71223447625346
 10
525.9415804911323
 20
436.8027370395635
 10
526.1832577272339
 20
436.85885874083397
 10
526.479539861869
 20
436.9139692402797
 10
526.8304268950375
 20
436.9680685379008
 10
527.2359188267393
 20
437.0211566336972
 10
527.6622667960755
 20
437.0750031308621
 10
528.0595427129517
 20
437.13137763258874
 10
528.4277465773681
 20
437.19028013887714
 10
528.7668783893246
 20
437.2517106497272
 10
529.0769381488211
 20
437.31566916513907
 10
529.3579258558577
 20
437.3821556851126
 10
529.6098415104343
 20
437.4511702096479
 10
529.8326851125511
 20
437.52271273874493
 10
529.8362243189375
 20
437.65871938416615
 10
529.8387523234992
 20
437.76742358032067
 10
529.8402691262363
 20
437.84882532720843
 10
529.8407747271486
 20
437.90292462482955
 10
529.8343283155162
 20
438.11717301143636
 10
529.814989080619
 20
438.31498936839193
 10
529.7827570224568
 20
438.49637369569626
 10
529.73763214103
 20
438.6613259933493
 10
529.6796144363382
 20
438.8098462613511
 10
529.6087039083816
 20
438.94193449970163
 10
529.5249005571601
 20
439.0575907084009
 10
529.4282043826738
 20
439.1568148874489
 10
529.2801897155844
 20
439.27247109614814
 10
529.1152374179313
 20
439.37270647702087
 10
528.9333474897146
 20
439.45752103006697
 10
528.7345199309344
 20
439.52691475528655
 10
528.5187547415906
 20
439.5808876526795
 10
528.286051921683
 20
439.61943972224594
 10
528.036411471212
 20
439.6425709639858
 10
527.7698333901773
 20
439.6502813778991
 10
527.521393741873
 20
439.6446565677492
 10
527.2897653239042
 20
439.6277821372997
 10
527.074948136271
 20
439.5996580865504
 10
526.8769421789733
 20
439.5602844155014
 10
526.6957474520111
 20
439.50966112415273
 10
526.5313639553844
 20
439.4477882125043
 10
526.3837916890933
 20
439.3746656805562
 10
526.2530306531377
 20
439.2902935283084
 10
526.024246240301
 20
439.0756659410173
 10
525.8273146849419
 20
438.79177102873473
 10
525.6622359870607
 20
438.43860879146064
 10
525.5290101466575
 20
438.01617922919513
 10
524.1052379774897
 20
438.2103299795362
 10
524.2179869809429
 20
438.6453995646104
 10
524.3620832409617
 20
439.0364818703104
 10
524.537526757546
 20
439.3835768966363
 10
524.7443175306956
 20
439.686684643588
 10
524.9915563768332
 20
439.9516195216576
 10
525.2883441123805
 20
440.184195941337
 10
525.6346807373379
 20
440.38441390262625
 10
526.0305662517052
 20
440.5522734055253
 10
526.4679110408849
 20
440.6849936450162
 10
526.9386254902796
 20
440.7797938160812
 10
527.4427095998891
 20
440.8366739187202
 10
527.9801633697134
 20
440.8556339529332
 10
528.5044715158167
 20
440.83945472373813
 10
528.9772083688607
 20
440.79091703615285
 10
529.3983739288453
 20
440.7100208901774
 10
529.7679681957707
 20
440.5967662858118
 10
530.0890247751107
 20
440.45899003719734
 10
530.3645772723396
 20
440.3045289584755
 10
530.5946256874572
 20
440.13338304964617
 10
530.7791700204638
 20
439.94555231070945
 10
530.9288278905183
 20
439.7364863334542
 10
531.0542169167802
 20
439.50163470966925
 10
531.1553370992496
 20
439.2409974393546
 10
531.2321884379262
 20
438.9545745225103
 10
531.264041295404
 20
438.73109891925316
 10
531.2867933364597
 20
438.4327943809687
 10
531.3004445610931
 20
438.05966090765696
 10
531.3049949693042
 20
437.6116984993179
 10
531.3049949693042
 20
435.67019099590726
 10
531.3064485719271
 20
435.1858885219933
 10
531.3108093797962
 20
434.7482277322434
 10
531.3180773929112
 20
434.3572086266574
 10
531.3282526112721
 20
434.0128312052354
 10
531.3413350348791
 20
433.71509546797733
 10
531.357324663732
 20
433.4640014148832
 10
531.376221497831
 20
433.2595490459531
 10
531.398025537176
 20
433.10173836118696
 10
531.4559168416396
 20
432.83553948083653
 10
531.5365601871588
 20
432.5749022105219
 10
531.6399555737337
 20
432.3198265502431
 10
531.7661030013642
 20
432.07031250000006
 10
530.2452554570258
 20
432.07031250000006
 10
530.1421128709071
 20
432.3064281260659
 10
530.0591943212823
 20
432.56175658680087
 10
529.9964998081514
 20
432.83629788220503
 10
529.9540293315142
 20
433.1300520122784
  0
LWPOLYLINE
  5
215
330
17
100
AcDbEntity
  8
line engraving
 62
1
420
16711680
100
AcDbPolyline
 90
42
 70
0
 10
529.8326851125511
 20
436.3820770804912
 10
529.6221023325587
 20
436.30269773725274
 10
529.3867451078614
 20
436.22635199948843
 10
529.1266134384591
 20
436.1530398671982
 10
528.8417073243519
 20
436.08276134038204
 10
528.5320267655396
 20
436.01551641903995
 10
528.1975717620223
 20
435.95130510317193
 10
527.8383423138001
 20
435.890127392778
 10
527.454338420873
 20
435.8319832878582
 10
527.0382288700118
 20
435.76524396742843
 10
526.6878474377556
 20
435.6944598396999
 10
526.4031941241046
 20
435.61963090467265
 10
526.1842689290586
 20
435.54075716234655
 10
526.0088254124743
 20
435.4505073994927
 10
525.8546171342086
 20
435.34155040288204
 10
525.7216440942615
 20
435.21388617251455
 10
525.6099062926329
 20
435.06751470839026
 10
525.5214261329722
 20
434.90749201963257
 10
525.4582260189289
 20
434.738874115365
 10
525.420305950503
 20
434.56166099558754
 10
525.4076659276943
 20
434.3758526603002
 10
525.4352211774172
 20
434.09676095668493
 10
525.5178869265859
 20
433.8419380968623
 10
525.6556631752003
 20
433.61138408083224
 10
525.8485499232605
 20
433.4050989085949
 10
526.094524767117
 20
433.23521700204645
 10
526.3915653031206
 20
433.11387278308325
 10
526.7396715312713
 20
433.0410662517054
 10
527.1388434515688
 20
433.01679740791275
 10
527.5478745896571
 20
433.0398022494245
 10
527.9336480857776
 20
433.1088167739598
 10
528.29616393993
 20
433.22384098151866
 10
528.6354221521145
 20
433.384874872101
 10
528.9413107040842
 20
433.58585123475876
 10
529.203717577592
 20
433.8207028585437
 10
529.422642772638
 20
434.0894297434559
 10
529.5980862892222
 20
434.3920318894953
 10
529.7007232744286
 20
434.6680899876365
 10
529.7740354067189
 20
435.00279779160985
 10
529.8180226860931
 20
435.3961553014155
 10
529.8326851125511
 20
435.84816251705325
 10
529.8326851125511
 20
436.3820770804912
  0
LWPOLYLINE
  5
216
330
17
100
AcDbEntity
  8
line engraving
 62
1
420
16711680
100
AcDbPolyline
 90
119
 70
0
 10
539.1681003581173
 20
435.21717257844483
 10
540.5999621418825
 20
435.0311114427013
 10
540.5298732154085
 20
434.67106039299654
 10
540.4369058476508
 20
434.3311069795575
 10
540.3210600386094
 20
434.0112512023843
 10
540.1823357882844
 20
433.71149306147686
 10
540.0207330966756
 20
433.43183255683516
 10
539.8362519637832
 20
433.1722696884593
 10
539.628892389607
 20
432.9328044563492
 10
539.3986543741472
 20
432.7134368605048
 10
539.1500883256149
 20
432.51720050640034
 10
538.887744652221
 20
432.3471289995098
 10
538.6116233539658
 20
432.20322233983313
 10
538.3217244308491
 20
432.08548052737046
 10
538.0180478828711
 20
431.99390356212166
 10
537.7005937100315
 20
431.92849144408683
 10
537.3693619123305
 20
431.889244173266
 10
537.024352489768
 20
431.876161749659
 10
536.5942757137033
 20
431.8941737821613
 10
536.1858133766414
 20
431.94820987966835
 10
535.7989654785822
 20
432.0382700421801
 10
535.4337320195259
 20
432.1643542696965
 10
535.0901129994724
 20
432.3264625622176
 10
534.7681084184217
 20
432.5245949197434
 10
534.4677182763738
 20
432.75875134227385
 10
534.1889425733287
 20
433.02893182980904
 10
533.9377221200066
 20
433.33273477801526
 10
533.7199977271273
 20
433.66775858255886
 10
533.535769394691
 20
434.0340032434399
 10
533.3850371226977
 20
434.43146876065833
 10
533.2678009111473
 20
434.86015513421415
 10
533.18406076004
 20
435.32006236410734
 10
533.1338166693755
 20
435.81119045033796
 10
533.117068639154
 20
436.33353939290595
 10
533.1458878911578
 20
437.00750540906387
 10
533.232345647169
 20
437.63798974675996
 10
533.3764419071879
 20
438.22499240599427
 10
533.5781766712141
 20
438.76851338676676
 10
533.7009744928002
 20
439.021250642826
 10
533.8388139415288
 20
439.257682269462
 10
533.9916950173995
 20
439.4778082666749
 10
534.1596177204126
 20
439.6816286344646
 10
534.342582050568
 20
439.8691433728311
 10
534.5405880078657
 20
440.04035248177445
 10
534.7536355923057
 20
440.1952559612946
 10
534.981724803888
 20
440.3338538113916
 10
535.463309672898
 20
440.562132623316
 10
535.9656241793143
 20
440.7251889175478
 10
536.4886683231368
 20
440.82302269408683
 10
537.0324421043655
 20
440.8556339529332
 10
537.3743547213398
 20
440.8445739329756
 10
537.7003409095753
 20
440.8113938731029
 10
538.0104006690718
 20
440.756093773315
 10
538.3045339998293
 20
440.67867363361194
 10
538.5827409018481
 20
440.5791334539937
 10
538.8450213751278
 20
440.45747323446034
 10
539.0913754196687
 20
440.3136929750118
 10
539.3218030354706
 20
440.1477926756481
 10
539.5342818188842
 20
439.96154193956244
 10
539.7267893662602
 20
439.75671036994805
 10
539.8993256775984
 20
439.5332979668049
 10
540.051890752899
 20
439.2913047301331
 10
540.1844845921619
 20
439.0307306599325
 10
540.2971071953871
 20
438.7515757562032
 10
540.3897585625746
 20
438.45384001894513
 10
540.4624386937244
 20
438.13752344815833
 10
539.0467561391541
 20
437.9191038540246
 10
538.9261703215594
 20
438.3251013866389
 10
538.7666532337141
 20
438.67750522254437
 10
538.5682048756181
 20
438.9763153617412
 10
538.3308252472714
 20
439.22153180422924
 10
538.0605815596222
 20
439.41264894909625
 10
537.7635410236186
 20
439.5491611954298
 10
537.4397036392606
 20
439.63106854322996
 10
537.0890694065483
 20
439.65837099249666
 10
536.8204689218643
 20
439.6460469702582
 10
536.564761260445
 20
439.6090749035429
 10
536.3219464222906
 20
439.54745479235066
 10
536.092024407401
 20
439.46118663668153
 10
535.8749952157763
 20
439.3502704365355
 10
535.6708588474164
 20
439.21470619191257
 10
535.4796153023213
 20
439.0544939028128
 10
535.3012645804911
 20
438.8696335692361
 10
535.1401042896806
 20
438.6581027875331
 10
535.0004320376449
 20
438.41787915405445
 10
534.8822478243839
 20
438.14896266880015
 10
534.7855516498976
 20
437.85135333177016
 10
534.7103435141861
 20
437.52505114296457
 10
534.6566234172493
 20
437.1700561023832
 10
534.6243913590872
 20
436.7863682100263
 10
534.6136473396998
 20
436.37398746589366
 10
534.6240121584029
 20
435.95598191161116
 10
534.6551066145122
 20
435.567554010701
 10
534.7069307080277
 20
435.208703763163
 10
534.7794844389495
 20
434.8794311689973
 10
534.8727678072773
 20
434.57973622820396
 10
534.9867808130115
 20
434.3096189407828
 10
535.1215234561519
 20
434.06907930673395
 10
535.2769957366984
 20
433.85811732605737
 10
535.4491528473524
 20
433.6742049941913
 10
535.633949980815
 20
433.51481430657407
 10
535.8313871370864
 20
433.3799452632056
 10
536.0414643161664
 20
433.269597864086
 10
536.264181518055
 20
433.18377210921517
 10
536.4995387427523
 20
433.12246799859315
 10
536.7475359902583
 20
433.08568553221994
 10
537.0081732605729
 20
433.07342471009554
 10
537.4192268023106
 20
433.1062887693981
 10
537.7948882801841
 20
433.20488094730564
 10
538.1351576941934
 20
433.3692012438183
 10
538.4400350443383
 20
433.59924965893595
 10
538.5770528915842
 20
433.7395539121121
 10
538.700925115109
 20
433.89755419722036
 10
538.811651714913
 20
434.0732505142608
 10
538.9092326909959
 20
434.26664286323336
 10
538.9936680433577
 20
434.477731244138
 10
539.0649577719986
 20
434.70651565697483
 10
539.1231018769184
 20
434.95299610174374
 10
539.1681003581173
 20
435.21717257844483
  0
LWPOLYLINE
  5
217
330
17
100
AcDbEntity
  8
line engraving
 62
1
420
16711680
100
AcDbPolyline
 90
95
 70
0
 10
547.7269126023191
 20
434.8369606923602
 10
549.2315809174623
 20
434.6508995566167
 10
549.1331151397828
 20
434.3304749784171
 10
549.0156893278904
 20
434.0285048335181
 10
548.879303481785
 20
433.74498912191984
 10
548.7239576014665
 20
433.47992784362214
 10
548.549651686935
 20
433.2333209986251
 10
548.3563857381905
 20
433.0051685869288
 10
548.1441597552331
 20
432.79547060853304
 10
547.9129737380626
 20
432.604227063438
 10
547.663965288732
 20
432.43358675552105
 10
547.3982720092939
 20
432.28569848865965
 10
547.1158938997484
 20
432.1605622628539
 10
546.8168309600954
 20
432.05817807810377
 10
546.501083190335
 20
431.97854593440917
 10
546.1686505904671
 20
431.92166583177016
 10
545.8195331604919
 20
431.8875377701868
 10
545.4537309004091
 20
431.876161749659
 10
544.9947084721125
 20
431.89430018238943
 10
544.5600812878366
 20
431.94871548058074
 10
544.1498493475815
 20
432.0394076442329
 10
543.7640126513471
 20
432.1663766733459
 10
543.4025711991334
 20
432.3296225679198
 10
543.0655249909404
 20
432.52914532795455
 10
542.7528740267682
 20
432.76494495345014
 10
542.4646183066166
 20
433.0370214444066
 10
542.2058138396092
 20
433.3418355944375
 10
541.9815166348694
 20
433.6758481971564
 10
541.7917266923974
 20
434.0390592525634
 10
541.636444012193
 20
434.4314687606583
 10
541.5156685942562
 20
434.85307672144125
 10
541.4294004385871
 20
435.3038831349122
 10
541.3776395451856
 20
435.7838880010712
 10
541.3603859140518
 20
436.2930913199182
 10
541.3778291455277
 20
436.81992747058325
 10
541.4301588399557
 20
437.31642756650757
 10
541.5173749973354
 20
437.7825916076911
 10
541.6394776176671
 20
438.21841959413376
 10
541.7964667009506
 20
438.6239115258357
 10
541.9883422471862
 20
438.9990674027968
 10
542.2151042563736
 20
439.3438872250171
 10
542.4767527285129
 20
439.65837099249666
 10
542.7662092508313
 20
439.938979498849
 10
543.0763954105558
 20
440.1821735376876
 10
543.4073112076867
 20
440.3879531090127
 10
543.7589566422237
 20
440.55631821282407
 10
544.1313317141669
 20
440.68726884912184
 10
544.5244364235162
 20
440.7808050179059
 10
544.9382707702719
 20
440.8369267191764
 10
545.3728347544337
 20
440.8556339529332
 10
545.7937475139622
 20
440.8373059198606
 10
546.1949418379091
 20
440.78232182064295
 10
546.5764177262746
 20
440.6906816552802
 10
546.9381751790586
 20
440.56238542377224
 10
547.280214196261
 20
440.39743312611915
 10
547.6025347778819
 20
440.195824762321
 10
547.9051369239213
 20
439.95756033237774
 10
548.1880206343792
 20
439.6826398362893
 10
548.4439810962546
 20
439.3744760802141
 10
548.6658134965467
 20
439.0364818703104
 10
548.8535178352553
 20
438.6686572065783
 10
549.0070941123805
 20
438.27100208901777
 10
549.1265423279224
 20
437.8435165176288
 10
549.2118624818809
 20
437.3862004924114
 10
549.2630545742559
 20
436.8990540133655
 10
549.2801186050476
 20
436.3820770804912
 10
549.2796130041353
 20
436.30927054911325
 10
549.2780962013983
 20
436.2202847885403
 10
549.2755681968365
 20
436.1151197987722
 10
549.2720289904502
 20
435.99377557980904
 10
542.865054229195
 20
435.99377557980904
 10
542.8952638837077
 20
435.6502197598696
 10
542.9454447742581
 20
435.32739357733635
 10
543.0155969008462
 20
435.02529703220927
 10
543.105720263472
 20
434.74393012448843
 10
543.2158148621354
 20
434.48329285417384
 10
543.3458806968365
 20
434.2433852212654
 10
543.4959177675754
 20
434.0242072257632
 10
543.6659260743519
 20
433.82575886766716
 10
543.8514816091831
 20
433.64943054948634
 10
544.0481603640858
 20
433.4966126737296
 10
544.2559623390603
 20
433.36730524039695
 10
544.4748875341063
 20
433.26150824948843
 10
544.7049359492239
 20
433.17922170100405
 10
544.9461075844133
 20
433.12044559494376
 10
545.1984024396742
 20
433.0851799313076
 10
545.4618205150067
 20
433.07342471009554
 10
545.8475940111272
 20
433.09971595753757
 10
546.2040426543315
 20
433.1785896998636
 10
546.5311664446197
 20
433.3100459370737
 10
546.8289653819917
 20
433.4940846691679
 10
547.0974394664477
 20
433.7357619052695
 10
547.3365886979876
 20
434.0401336545021
 10
547.5464130766114
 20
434.4071999168657
 10
547.7269126023191
 20
434.8369606923602
  0
LWPOLYLINE
  5
218
330
17
100
AcDbEntity
  8
line engraving
 62
1
420
16711680
100
AcDbPolyline
 90
34
 70
0
 10
542.9459503751705
 20
437.19103854024564
 10
547.7430918315142
 20
437.19103854024564
 10
547.7132613776857
 20
437.45357181398157
 10
547.6723077037857
 20
437.69916745715386
 10
547.620230809814
 20
437.9278254697626
 10
547.5570306957707
 20
438.1395458518077
 10
547.4827073616558
 20
438.3343286032892
 10
547.3972608074693
 20
438.51217372420706
 10
547.300691033211
 20
438.67308121456136
 10
547.1929980388812
 20
438.81705107435204
 10
547.0126249134016
 20
439.01423543016716
 10
546.8193589646571
 20
439.1851285385403
 10
546.6132001926478
 20
439.32973039947143
 10
546.3941485973737
 20
439.4480410129605
 10
546.1622041788347
 20
439.54006037900757
 10
545.9173669370309
 20
439.6057884976126
 10
545.6596368719623
 20
439.64522536877564
 10
545.3890139836288
 20
439.65837099249666
 10
545.1432287401144
 20
439.6478797735655
 10
544.9074291146187
 20
439.6164061167719
 10
544.681615107142
 20
439.56395002211593
 10
544.4657867176841
 20
439.4905114895976
 10
544.259943946245
 20
439.3960905192169
 10
544.0640867928248
 20
439.2806871109738
 10
543.8782152574233
 20
439.1443012648683
 10
543.7023293400408
 20
438.98693298090046
 10
543.5409794488883
 20
438.8119950652286
 10
543.3987159921768
 20
438.62290032401097
 10
543.2755389699063
 20
438.41964875724767
 10
543.171448382077
 20
438.2022403649387
 10
543.0864442286887
 20
437.97067514708397
 10
543.0205265097416
 20
437.72495310368356
 10
542.9736952252355
 20
437.4650742347375
 10
542.9459503751705
 20
437.19103854024564
  0
LWPOLYLINE
  5
219
330
17
100
AcDbEntity
  8
line engraving
 62
1
420
16711680
100
AcDbPolyline
 90
35
 70
0
 10
551.0436545873123
 20
432.07031250000006
 10
551.0436545873123
 20
440.66148320259214
 10
552.3541721521145
 20
440.66148320259214
 10
552.3541721521145
 20
439.3590552523875
 10
552.600146995971
 20
439.7771872068981
 10
552.8365154224931
 20
440.1174566209073
 10
553.0632774316805
 20
440.37986349441513
 10
553.2804330235333
 20
440.56440782742163
 10
553.4980942162985
 20
440.69181925733295
 10
553.726373028223
 20
440.78282742155534
 10
553.9652694593067
 20
440.83743232008874
 10
554.2147835095498
 20
440.8556339529332
 10
554.584377776475
 20
440.8263091000171
 10
554.9570056488744
 20
440.73833454126884
 10
555.3326671267479
 20
440.59171027668833
 10
555.7113622100954
 20
440.38643630627564
 10
555.2098061050476
 20
439.03547066848574
 10
554.9428488233286
 20
439.17349971755635
 10
554.6758915416098
 20
439.2720918954639
 10
554.4089342598908
 20
439.33124720220843
 10
554.1419769781718
 20
439.35096563778995
 10
553.9094005584924
 20
439.33301680540166
 10
553.6889585607094
 20
439.27917030823676
 10
553.4806509848225
 20
439.18942614629526
 10
553.2844778308321
 20
439.06378431957717
 10
553.1080231124232
 20
438.9062896353812
 10
552.9588708432809
 20
438.7209869010062
 10
552.8370210234054
 20
438.50787611645217
 10
552.7424736527967
 20
438.26695728171904
 10
552.6362974612039
 20
437.8695549646147
 10
552.5604573243519
 20
437.45395101466585
 10
552.5149532422406
 20
437.0201454318725
 10
552.4997852148703
 20
436.56813821623473
 10
552.4997852148703
 20
432.07031250000006
 10
551.0436545873123
 20
432.07031250000006
  0
CIRCLE
  5
21A
330
17
100
AcDbEntity
  8
cut
 62
5
420
255
100
AcDbCircle
 10
704.9580000000001
 20
492.00000000000006
 30
0.0
 40
3.9
  0
CIRCLE
  5
21B
330
17
100
AcDbEntity
  8
cut
 62
5
420
255
100
AcDbCircle
 10
489.0
 20
492.00000000000006
 30
0.0
 40
10.9
  0
LWPOLYLINE
  5
21C
330
17
100
AcDbEntity
  8
cut
 62
5
420
255
100
AcDbPolyline
 90
4
 70
1
 10
489.0
 20
516.0
 42
0.9999999999999999
 10
489.0
 20
468.00000000000006
 10
704.9754276326746
 20
468.00000632755047
 42
0.9992741120950986
 10
704.9754276326746
 20
515.9999936724496
  0
LWPOLYLINE
  5
21D
330
17
100
AcDbEntity
  8
line engraving
 62
1
420
16711680
100
AcDbPolyline
 90
159
 70
0
 10
506.2676377899044
 20
488.63472032742163
 10
507.7075891882673
 20
488.86122953615285
 10
507.7953109465594
 20
488.4537152008015
 10
507.9371320024726
 20
488.0967609566849
 10
508.1330523560069
 20
487.7903668038029
 10
508.38307200716224
 20
487.5345327421556
 10
508.687696556851
 20
487.3327979781293
 10
509.0474316059856
 20
487.18870171811056
 10
509.46227715456587
 20
487.1022439620993
 10
509.932233202592
 20
487.07342471009554
 10
510.17492164051833
 20
487.0798079216139
 10
510.40143084924955
 20
487.098957556169
 10
510.61176082878575
 20
487.1308736137609
 10
510.8059115791268
 20
487.17555609438955
 10
510.98388310027275
 20
487.2330049980549
 10
511.14567539222367
 20
487.30322032475704
 10
511.29128845497945
 20
487.3862020744959
 10
511.42072228854016
 20
487.4819502472715
 10
511.6330746717257
 20
487.6950610318256
 10
511.78475494542965
 20
487.9258678483118
 10
511.875763109652
 20
488.1743706967301
 10
511.9060991643928
 20
488.44056957708057
 10
511.87930231603843
 20
488.6741571985847
 10
511.79891177097534
 20
488.8814535726467
 10
511.6649275292035
 20
489.0624586992668
 10
511.47734959072295
 20
489.21717257844483
 10
511.3886166306061
 20
489.2673534689952
 10
511.27207562031026
 20
489.32082076547584
 10
511.12772655983537
 20
489.37757446788675
 10
510.9555694491813
 20
489.4376145762279
 10
510.7556042883483
 20
489.5009410904993
 10
510.5278310773362
 20
489.567554010701
 10
510.27224981614506
 20
489.6374533368329
 10
509.98886050477483
 20
489.71063906889503
 10
509.6037822099089
 20
489.8100528482852
 10
509.24941917046806
 20
489.90605382151693
 10
508.9257713864522
 20
489.9986419885904
 10
508.63283885786143
 20
490.08781734950554
 10
508.37062158469575
 20
490.1735799042623
 10
508.13911956695506
 20
490.25592965286074
 10
507.93833280463946
 20
490.3348665953008
 10
507.7682612977489
 20
490.4103907315826
 10
507.47754077314966
 20
490.57218302353346
 10
507.2242347160641
 20
490.76228896657574
 10
507.0083431264921
 20
490.98070856070945
 10
506.82986600443377
 20
491.2274418059346
 10
506.69006735216993
 20
491.49515748902206
 10
506.5902111719815
 20
491.7765243967429
 10
506.5302974638684
 20
492.0715425290971
 10
506.5103262278307
 20
492.3802118860846
 10
506.52675825748196
 20
492.66208439471785
 10
506.57605434643574
 20
492.93333928419173
 10
506.65821449469206
 20
493.1939765545064
 10
506.7732387022509
 20
493.44399620566173
 10
506.91657656090115
 20
493.67834222853435
 10
507.0836776624317
 20
493.8919586140007
 10
507.2745420068425
 20
494.08484536206095
 10
507.4891695941336
 20
494.25700247271493
 10
507.6744723285086
 20
494.3775882903096
 10
507.89061671853676
 20
494.48856769056965
 10
508.137602764218
 20
494.5899406734951
 10
508.41543046555245
 20
494.681707239086
 10
508.713987804293
 20
494.75780017639414
 10
509.02316276219295
 20
494.8121522744714
 10
509.3429553392521
 20
494.84476353331775
 10
509.67336553547057
 20
494.8556339529332
 10
510.16354561999054
 20
494.83743232008874
 10
510.6228840488574
 20
494.78282742155534
 10
511.05138082207105
 20
494.69181925733295
 10
511.4490359396316
 20
494.56440782742163
 10
511.8062429842044
 20
494.405901941401
 10
512.1133955384548
 20
494.22161040885067
 10
512.370493602383
 20
494.0115332297707
 10
512.5775371759889
 20
493.775670404161
 10
512.745396678888
 20
493.50593231742414
 10
512.8849425306956
 20
493.19422935496254
 10
512.9961747314119
 20
492.8405615167761
 10
513.0790932810368
 20
492.444928802865
 10
511.65532111186894
 20
492.2507780525239
 10
511.5837785827719
 20
492.56425061817873
 10
511.4662263706513
 20
492.8413199181447
 10
511.30266447550724
 20
493.0819859524216
 10
511.0930928973396
 20
493.2862487210096
 10
510.83650043432374
 20
493.4490522147852
 10
510.531875884635
 20
493.5653404246249
 10
510.1792192482733
 20
493.63511335052874
 10
509.77853052523864
 20
493.65837099249666
 10
509.5367268889089
 20
493.6531885831451
 10
509.3128720849675
 20
493.63764135509047
 10
509.1069661134144
 20
493.6117293083327
 10
508.91900897424955
 20
493.57545244287184
 10
508.74900066747307
 20
493.52881075870783
 10
508.59694119308483
 20
493.47180425584077
 10
508.46283055108495
 20
493.4044329342706
 10
508.3466687414733
 20
493.3266967939973
 10
508.15909080299275
 20
493.15378128197483
 10
508.0251065612209
 20
492.9667089444066
 10
507.9447160161578
 20
492.7654797812927
 10
507.91791916780346
 20
492.55009379263305
 10
507.9290423878751
 20
492.4120647435625
 10
507.96241204808996
 20
492.2811141072647
 10
508.0180281484481
 20
492.15724188373986
 10
508.09589068894945
 20
492.0404480729878
 10
508.1975164723311
 20
491.92820467044686
 10
508.32442230133006
 20
491.82607328615285
 10
508.47660817594635
 20
491.7340539201058
 10
508.65407409618
 20
491.65214657230564
 10
508.72195101866254
 20
491.62863612988156
 10
508.81637198904326
 20
491.5985528755969
 10
508.9373370073221
 20
491.5618968094518
 10
509.08484607349925
 20
491.5186679314462
 10
509.2588991875745
 20
491.46886624158003
 10
509.45949634954803
 20
491.4124917398534
 10
509.6866375594197
 20
491.3495444262663
 10
509.94032281718955
 20
491.28002430081864
 10
510.3120026878783
 20
491.17922011891955
 10
510.654484105879
 20
491.0830927454597
 10
510.9677670711917
 20
490.991642180439
 10
511.25185158381646
 20
490.9048684238575
 10
511.5067376437531
 20
490.82277147571523
 10
511.7324252510018
 20
490.74535133601216
 10
511.92891440556247
 20
490.6726080047483
 10
512.0962051074351
 20
490.60454148192366
 10
512.3851560288412
 20
490.4581700177993
 10
512.6412428909447
 20
490.2819680998466
 10
512.8644656937456
 20
490.07593572806536
 10
513.0548244372441
 20
489.84007290245574
 10
513.2070103118604
 20
489.5741268225615
 10
513.3157145080149
 20
489.2778446879264
 10
513.3809370257076
 20
488.95122649855057
 10
513.4026778649385
 20
488.5942722544339
 10
513.3761338170403
 20
488.23554840712404
 10
513.2965016733457
 20
487.88744217897346
 10
513.1637814338548
 20
487.5499535699821
 10
512.9779730985674
 20
487.2230825801501
 10
512.7421102729578
 20
486.9197220327422
 10
512.4592265624999
 20
486.65276475102326
 10
512.1293219671937
 20
486.42221073499326
 10
511.75239648703945
 20
486.2280599846522
 10
511.33881494074
 20
486.0741045068427
 10
510.89894214699854
 20
485.9641363084073
 10
510.4327781058151
 20
485.8981553893461
 10
509.94032281718955
 20
485.876161749659
 10
509.53413568423315
 20
485.88703216927445
 10
509.15284939620983
 20
485.9196434281208
 10
508.7964639531196
 20
485.97399552619805
 10
508.4649793549624
 20
486.0500884635062
 10
508.1583956017383
 20
486.14792224004526
 10
507.87671269344725
 20
486.26749685581524
 10
507.61993063008924
 20
486.4088123108161
 10
507.3880494116643
 20
486.5718686050478
 10
507.1785410336107
 20
486.7562865378262
 10
506.98887749136674
 20
486.96168690846696
 10
506.81905878493234
 20
487.1880697169701
 10
506.6690849143075
 20
487.43543496333564
 10
506.53895587949233
 20
487.70378264756357
 10
506.4286716804868
 20
487.99311276965386
 10
506.3382323172908
 20
488.30342532960657
 10
506.2676377899044
 20
488.63472032742163
  0
LWPOLYLINE
  5
21E
330
17
100
AcDbEntity
  8
line engraving
 62
1
420
16711680
100
AcDbPolyline
 90
50
 70
0
 10
515.133855388813
 20
482.7778393587995
 10
515.133855388813
 20
494.66148320259214
 10
516.4605521828103
 20
494.66148320259214
 10
516.4605521828103
 20
493.545116388131
 10
516.7027350198242
 20
493.85226894238156
 10
516.9600858842086
 20
494.118467822732
 10
517.2326047759634
 20
494.34371302918237
 10
517.5202916950885
 20
494.52800456173264
 10
517.8312362561817
 20
494.67134242038287
 10
518.1735280738403
 20
494.77372660513305
 10
518.5471671480643
 20
494.8351571159832
 10
518.9521534788539
 20
494.8556339529332
 10
519.4860680422919
 20
494.82024188906894
 10
519.9876241473396
 20
494.71406569747614
 10
520.4568217939972
 20
494.5371053781549
 10
520.8936609822646
 20
494.2893609311051
 10
521.2885352948072
 20
493.9771523677311
 10
521.6318383142905
 20
493.6067996994373
 10
521.9235700407144
 20
493.17830292622364
 10
522.163730474079
 20
492.6916620480901
 10
522.3513084125595
 20
492.16356189514414
 10
522.4852926543314
 20
491.61068729749326
 10
522.5656831993945
 20
491.03303825513734
 10
522.5924800477488
 20
490.43061476807645
 10
522.5629023943766
 20
489.78774320802785
 10
522.4741694342597
 20
489.1777357072818
 10
522.3262811673984
 20
488.6005922658382
 10
522.1192375937925
 20
488.0563128836972
 10
521.9942277682148
 20
487.80009962136563
 10
521.85581951846
 20
487.55930718686056
 10
521.7040128445279
 20
487.33393558018213
 10
521.5388077464187
 20
487.1239848013302
 10
521.3602042241323
 20
486.9294548503049
 10
521.1682022776687
 20
486.75034572710615
 10
520.9628019070279
 20
486.58665743173395
 10
520.74400311221
 20
486.43838996418833
 10
520.2871926879048
 20
486.19241512033176
 10
519.8187534426158
 20
486.0167188032913
 10
519.3386853763428
 20
485.9113010130671
 10
518.8469884890859
 20
485.876161749659
 10
518.4923094490748
 20
485.8953745843282
 10
518.1563376428205
 20
485.95301308833564
 10
517.8390730703231
 20
486.04907726168153
 10
517.5405157315824
 20
486.1835671043657
 10
517.264204832985
 20
486.34738179996594
 10
517.0136795809174
 20
486.5314205320601
 10
516.7889399753793
 20
486.7356833006481
 10
516.589986016371
 20
486.96017010572996
 10
516.589986016371
 20
482.7778393587995
 10
515.133855388813
 20
482.7778393587995
  0
LWPOLYLINE
  5
21F
330
17
100
AcDbEntity
  8
line engraving
 62
1
420
16711680
100
AcDbPolyline
 90
65
 70
0
 10
516.4524625682127
 20
490.3173601637108
 10
516.4629537871439
 20
489.91629223999195
 10
516.4944274439374
 20
489.5422739650836
 10
516.5468835385934
 20
489.1953053389858
 10
516.6203220711118
 20
488.8753863616986
 10
516.7147430414925
 20
488.58251703322185
 10
516.8301464497356
 20
488.31669735355564
 10
516.966532295841
 20
488.0779273227
 10
517.123900579809
 20
487.8662069406549
 10
517.296184090691
 20
487.68039860536754
 10
517.4773156175391
 20
487.5193647147852
 10
517.6672951603533
 20
487.3831052689078
 10
517.8661227191336
 20
487.2716202677354
 10
518.0737982938799
 20
487.18490971126795
 10
518.2903218845923
 20
487.1229735995055
 10
518.5156934912708
 20
487.08581193244805
 10
518.7499131139153
 20
487.07342471009554
 10
518.9882407439727
 20
487.0862543332463
 10
519.217846758292
 20
487.1247432026987
 10
519.4387311568734
 20
487.18889131845265
 10
519.6508939397168
 20
487.2786986805082
 10
519.8543351068222
 20
487.39416528886534
 10
520.0490546581897
 20
487.5352911435241
 10
520.2350525938192
 20
487.7020762444844
 10
520.4123289137107
 20
487.8945205917463
 10
520.5744372062318
 20
488.11388818759065
 10
520.71493105975
 20
488.3614430342983
 10
520.8338104742655
 20
488.63718513186933
 10
520.9310754497782
 20
488.9411144803036
 10
521.0067259862881
 20
489.27323107960126
 10
521.0607620837951
 20
489.63353492976216
 10
521.0931837422993
 20
490.02202603078644
 10
521.1039909618007
 20
490.438704382674
 10
521.0934365427555
 20
490.83635950023455
 10
521.0617732856198
 20
491.2082289712654
 10
521.0090011903936
 20
491.5543127957666
 10
520.935120257077
 20
491.87461097373813
 10
520.8401304856699
 20
492.16912350518
 10
520.7240318761724
 20
492.43785039009214
 10
520.5868244285844
 20
492.68079162847465
 10
520.4285081429058
 20
492.89794722032747
 10
520.2555294307692
 20
493.0894435658787
 10
520.074334703807
 20
493.25540706535645
 10
519.8849239620192
 20
493.39583771876073
 10
519.6872972054058
 20
493.5107355260915
 10
519.4814544339667
 20
493.6001004873487
 10
519.267395647702
 20
493.66393260253244
 10
519.0451208466117
 20
493.7022318716427
 10
518.8146300306956
 20
493.71499829467945
 10
518.5854032170605
 20
493.7014102701601
 10
518.362875615514
 20
493.6606461966022
 10
518.1470472260561
 20
493.59270607400566
 10
517.9379180486868
 20
493.49758990237046
 10
517.735488083406
 20
493.3752976816966
 10
517.5397573302139
 20
493.2258294119842
 10
517.3507257891104
 20
493.0491850932331
 10
517.1683934600954
 20
492.84536472544346
 10
517.0005971573104
 20
492.615632310896
 10
516.8551736948967
 20
492.36125185187166
 10
516.7321230728544
 20
492.0822233483704
 10
516.6314452911834
 20
491.7785468003923
 10
516.5531403498837
 20
491.45022220793726
 10
516.4972082489554
 20
491.0972495710053
 10
516.4636489883984
 20
490.7196288895965
 10
516.4524625682127
 20
490.3173601637108
  0
LWPOLYLINE
  5
220
330
17
100
AcDbEntity
  8
line engraving
 62
1
420
16711680
100
AcDbPolyline
 90
128
 70
0
 10
529.9540293315142
 20
487.1300520122784
 10
529.5533406084796
 20
486.81152343750006
 10
529.1602358991302
 20
486.5435549539564
 10
528.7747152034659
 20
486.3261465616474
 10
528.3967785214869
 20
486.15929826057305
 10
528.0158082340338
 20
486.0354260370481
 10
527.6211867219474
 20
485.9469458773875
 10
527.2129139852276
 20
485.8938577815911
 10
526.7909900238744
 20
485.876161749659
 10
526.4473078037068
 20
485.8869689691604
 10
526.1241024204894
 20
485.9193906276646
 10
525.8213738742219
 20
485.97342672517163
 10
525.5391221649045
 20
486.04907726168153
 10
525.277347292537
 20
486.1463422371942
 10
525.0360492571197
 20
486.2652216517096
 10
524.8152280586522
 20
486.40571550522793
 10
524.6148836971349
 20
486.56782379774904
 10
524.4366593755328
 20
486.7467433206057
 10
524.282198296811
 20
486.93767086513054
 10
524.1515004609694
 20
487.1406064313236
 10
524.044565868008
 20
487.35555001918493
 10
523.961394517927
 20
487.58250162871445
 10
523.9019864107264
 20
487.82146125991227
 10
523.8663415464059
 20
488.07242891277826
 10
523.8544599249658
 20
488.3354045873125
 10
523.8724087573542
 20
488.64407394430003
 10
523.926255254519
 20
488.9390920766542
 10
524.0159994164605
 20
489.22045898437506
 10
524.1416412431786
 20
489.48817466746254
 10
524.2963551223567
 20
489.7361719149685
 10
524.473315441678
 20
489.95838351594483
 10
524.6725222011424
 20
490.15480947039146
 10
524.8939754007503
 20
490.3254497783084
 10
525.1338830336587
 20
490.4735908456259
 10
525.3884530930252
 20
490.60251907827427
 10
525.6576855788497
 20
490.71223447625346
 10
525.9415804911323
 20
490.8027370395635
 10
526.1832577272339
 20
490.85885874083397
 10
526.479539861869
 20
490.9139692402797
 10
526.8304268950375
 20
490.9680685379008
 10
527.2359188267393
 20
491.0211566336972
 10
527.6622667960755
 20
491.0750031308621
 10
528.0595427129517
 20
491.13137763258874
 10
528.4277465773681
 20
491.19028013887714
 10
528.7668783893246
 20
491.2517106497272
 10
529.0769381488211
 20
491.31566916513907
 10
529.3579258558577
 20
491.3821556851126
 10
529.6098415104343
 20
491.4511702096479
 10
529.8326851125511
 20
491.52271273874493
 10
529.8362243189375
 20
491.65871938416615
 10
529.8387523234992
 20
491.76742358032067
 10
529.8402691262363
 20
491.84882532720843
 10
529.8407747271486
 20
491.90292462482955
 10
529.8343283155162
 20
492.11717301143636
 10
529.814989080619
 20
492.31498936839193
 10
529.7827570224568
 20
492.49637369569626
 10
529.73763214103
 20
492.6613259933493
 10
529.6796144363382
 20
492.8098462613511
 10
529.6087039083816
 20
492.94193449970163
 10
529.5249005571601
 20
493.0575907084009
 10
529.4282043826738
 20
493.1568148874489
 10
529.2801897155844
 20
493.27247109614814
 10
529.1152374179313
 20
493.37270647702087
 10
528.9333474897146
 20
493.45752103006697
 10
528.7345199309344
 20
493.52691475528655
 10
528.5187547415906
 20
493.5808876526795
 10
528.286051921683
 20
493.61943972224594
 10
528.036411471212
 20
493.6425709639858
 10
527.7698333901773
 20
493.6502813778991
 10
527.521393741873
 20
493.6446565677492
 10
527.2897653239042
 20
493.6277821372997
 10
527.074948136271
 20
493.5996580865504
 10
526.8769421789733
 20
493.5602844155014
 10
526.6957474520111
 20
493.50966112415273
 10
526.5313639553844
 20
493.4477882125043
 10
526.3837916890933
 20
493.3746656805562
 10
526.2530306531377
 20
493.2902935283084
 10
526.024246240301
 20
493.0756659410173
 10
525.8273146849419
 20
492.79177102873473
 10
525.6622359870607
 20
492.43860879146064
 10
525.5290101466575
 20
492.01617922919513
 10
524.1052379774897
 20
492.2103299795362
 10
524.2179869809429
 20
492.6453995646104
 10
524.3620832409617
 20
493.0364818703104
 10
524.537526757546
 20
493.3835768966363
 10
524.7443175306956
 20
493.686684643588
 10
524.9915563768332
 20
493.9516195216576
 10
525.2883441123805
 20
494.184195941337
 10
525.6346807373379
 20
494.38441390262625
 10
526.0305662517052
 20
494.5522734055253
 10
526.4679110408849
 20
494.6849936450162
 10
526.9386254902796
 20
494.7797938160812
 10
527.4427095998891
 20
494.8366739187202
 10
527.9801633697134
 20
494.8556339529332
 10
528.5044715158167
 20
494.83945472373813
 10
528.9772083688607
 20
494.79091703615285
 10
529.3983739288453
 20
494.7100208901774
 10
529.7679681957707
 20
494.5967662858118
 10
530.0890247751107
 20
494.45899003719734
 10
530.3645772723396
 20
494.3045289584755
 10
530.5946256874572
 20
494.13338304964617
 10
530.7791700204638
 20
493.94555231070945
 10
530.9288278905183
 20
493.7364863334542
 10
531.0542169167802
 20
493.50163470966925
 10
531.1553370992496
 20
493.2409974393546
 10
531.2321884379262
 20
492.9545745225103
 10
531.264041295404
 20
492.73109891925316
 10
531.2867933364597
 20
492.4327943809687
 10
531.3004445610931
 20
492.05966090765696
 10
531.3049949693042
 20
491.6116984993179
 10
531.3049949693042
 20
489.67019099590726
 10
531.3064485719271
 20
489.1858885219933
 10
531.3108093797962
 20
488.7482277322434
 10
531.3180773929112
 20
488.3572086266574
 10
531.3282526112721
 20
488.0128312052354
 10
531.3413350348791
 20
487.71509546797733
 10
531.357324663732
 20
487.4640014148832
 10
531.376221497831
 20
487.2595490459531
 10
531.398025537176
 20
487.10173836118696
 10
531.4559168416396
 20
486.83553948083653
 10
531.5365601871588
 20
486.5749022105219
 10
531.6399555737337
 20
486.3198265502431
 10
531.7661030013642
 20
486.07031250000006
 10
530.2452554570258
 20
486.07031250000006
 10
530.1421128709071
 20
486.3064281260659
 10
530.0591943212823
 20
486.56175658680087
 10
529.9964998081514
 20
486.83629788220503
 10
529.9540293315142
 20
487.1300520122784
  0
LWPOLYLINE
  5
221
330
17
100
AcDbEntity
  8
line engraving
 62
1
420
16711680
100
AcDbPolyline
 90
42
 70
0
 10
529.8326851125511
 20
490.3820770804912
 10
529.6221023325587
 20
490.30269773725274
 10
529.3867451078614
 20
490.22635199948843
 10
529.1266134384591
 20
490.1530398671982
 10
528.8417073243519
 20
490.08276134038204
 10
528.5320267655396
 20
490.01551641903995
 10
528.1975717620223
 20
489.95130510317193
 10
527.8383423138001
 20
489.890127392778
 10
527.454338420873
 20
489.8319832878582
 10
527.0382288700118
 20
489.76524396742843
 10
526.6878474377556
 20
489.6944598396999
 10
526.4031941241046
 20
489.61963090467265
 10
526.1842689290586
 20
489.54075716234655
 10
526.0088254124743
 20
489.4505073994927
 10
525.8546171342086
 20
489.34155040288204
 10
525.7216440942615
 20
489.21388617251455
 10
525.6099062926329
 20
489.06751470839026
 10
525.5214261329722
 20
488.90749201963257
 10
525.4582260189289
 20
488.738874115365
 10
525.420305950503
 20
488.56166099558754
 10
525.4076659276943
 20
488.3758526603002
 10
525.4352211774172
 20
488.09676095668493
 10
525.5178869265859
 20
487.8419380968623
 10
525.6556631752003
 20
487.61138408083224
 10
525.8485499232605
 20
487.4050989085949
 10
526.094524767117
 20
487.23521700204645
 10
526.3915653031206
 20
487.11387278308325
 10
526.7396715312713
 20
487.0410662517054
 10
527.1388434515688
 20
487.01679740791275
 10
527.5478745896571
 20
487.0398022494245
 10
527.9336480857776
 20
487.1088167739598
 10
528.29616393993
 20
487.22384098151866
 10
528.6354221521145
 20
487.384874872101
 10
528.9413107040842
 20
487.58585123475876
 10
529.203717577592
 20
487.8207028585437
 10
529.422642772638
 20
488.0894297434559
 10
529.5980862892222
 20
488.3920318894953
 10
529.7007232744286
 20
488.6680899876365
 10
529.7740354067189
 20
489.00279779160985
 10
529.8180226860931
 20
489.3961553014155
 10
529.8326851125511
 20
489.84816251705325
 10
529.8326851125511
 20
490.3820770804912
  0
LWPOLYLINE
  5
222
330
17
100
AcDbEntity
  8
line engraving
 62
1
420
16711680
100
AcDbPolyline
 90
119
 70
0
 10
539.1681003581173
 20
489.21717257844483
 10
540.5999621418825
 20
489.0311114427013
 10
540.5298732154085
 20
488.67106039299654
 10
540.4369058476508
 20
488.3311069795575
 10
540.3210600386094
 20
488.0112512023843
 10
540.1823357882844
 20
487.71149306147686
 10
540.0207330966756
 20
487.43183255683516
 10
539.8362519637832
 20
487.1722696884593
 10
539.628892389607
 20
486.9328044563492
 10
539.3986543741472
 20
486.7134368605048
 10
539.1500883256149
 20
486.51720050640034
 10
538.887744652221
 20
486.3471289995098
 10
538.6116233539658
 20
486.20322233983313
 10
538.3217244308491
 20
486.08548052737046
 10
538.0180478828711
 20
485.99390356212166
 10
537.7005937100315
 20
485.92849144408683
 10
537.3693619123305
 20
485.889244173266
 10
537.024352489768
 20
485.876161749659
 10
536.5942757137033
 20
485.8941737821613
 10
536.1858133766414
 20
485.94820987966835
 10
535.7989654785822
 20
486.0382700421801
 10
535.4337320195259
 20
486.1643542696965
 10
535.0901129994724
 20
486.3264625622176
 10
534.7681084184217
 20
486.5245949197434
 10
534.4677182763738
 20
486.75875134227385
 10
534.1889425733287
 20
487.02893182980904
 10
533.9377221200066
 20
487.33273477801526
 10
533.7199977271273
 20
487.66775858255886
 10
533.535769394691
 20
488.0340032434399
 10
533.3850371226977
 20
488.43146876065833
 10
533.2678009111473
 20
488.86015513421415
 10
533.18406076004
 20
489.32006236410734
 10
533.1338166693755
 20
489.81119045033796
 10
533.117068639154
 20
490.33353939290595
 10
533.1458878911578
 20
491.00750540906387
 10
533.232345647169
 20
491.63798974675996
 10
533.3764419071879
 20
492.22499240599427
 10
533.5781766712141
 20
492.76851338676676
 10
533.7009744928002
 20
493.021250642826
 10
533.8388139415288
 20
493.257682269462
 10
533.9916950173995
 20
493.4778082666749
 10
534.1596177204126
 20
493.6816286344646
 10
534.342582050568
 20
493.8691433728311
 10
534.5405880078657
 20
494.04035248177445
 10
534.7536355923057
 20
494.1952559612946
 10
534.981724803888
 20
494.3338538113916
 10
535.463309672898
 20
494.562132623316
 10
535.9656241793143
 20
494.7251889175478
 10
536.4886683231368
 20
494.82302269408683
 10
537.0324421043655
 20
494.8556339529332
 10
537.3743547213398
 20
494.8445739329756
 10
537.7003409095753
 20
494.8113938731029
 10
538.0104006690718
 20
494.756093773315
 10
538.3045339998293
 20
494.67867363361194
 10
538.5827409018481
 20
494.5791334539937
 10
538.8450213751278
 20
494.45747323446034
 10
539.0913754196687
 20
494.3136929750118
 10
539.3218030354706
 20
494.1477926756481
 10
539.5342818188842
 20
493.96154193956244
 10
539.7267893662602
 20
493.75671036994805
 10
539.8993256775984
 20
493.5332979668049
 10
540.051890752899
 20
493.2913047301331
 10
540.1844845921619
 20
493.0307306599325
 10
540.2971071953871
 20
492.7515757562032
 10
540.3897585625746
 20
492.45384001894513
 10
540.4624386937244
 20
492.13752344815833
 10
539.0467561391541
 20
491.9191038540246
 10
538.9261703215594
 20
492.3251013866389
 10
538.7666532337141
 20
492.67750522254437
 10
538.5682048756181
 20
492.9763153617412
 10
538.3308252472714
 20
493.22153180422924
 10
538.0605815596222
 20
493.41264894909625
 10
537.7635410236186
 20
493.5491611954298
 10
537.4397036392606
 20
493.63106854322996
 10
537.0890694065483
 20
493.65837099249666
 10
536.8204689218643
 20
493.6460469702582
 10
536.564761260445
 20
493.6090749035429
 10
536.3219464222906
 20
493.54745479235066
 10
536.092024407401
 20
493.46118663668153
 10
535.8749952157763
 20
493.3502704365355
 10
535.6708588474164
 20
493.21470619191257
 10
535.4796153023213
 20
493.0544939028128
 10
535.3012645804911
 20
492.8696335692361
 10
535.1401042896806
 20
492.6581027875331
 10
535.0004320376449
 20
492.41787915405445
 10
534.8822478243839
 20
492.14896266880015
 10
534.7855516498976
 20
491.85135333177016
 10
534.7103435141861
 20
491.52505114296457
 10
534.6566234172493
 20
491.1700561023832
 10
534.6243913590872
 20
490.7863682100263
 10
534.6136473396998
 20
490.37398746589366
 10
534.6240121584029
 20
489.95598191161116
 10
534.6551066145122
 20
489.567554010701
 10
534.7069307080277
 20
489.208703763163
 10
534.7794844389495
 20
488.8794311689973
 10
534.8727678072773
 20
488.57973622820396
 10
534.9867808130115
 20
488.3096189407828
 10
535.1215234561519
 20
488.06907930673395
 10
535.2769957366984
 20
487.85811732605737
 10
535.4491528473524
 20
487.6742049941913
 10
535.633949980815
 20
487.51481430657407
 10
535.8313871370864
 20
487.3799452632056
 10
536.0414643161664
 20
487.269597864086
 10
536.264181518055
 20
487.18377210921517
 10
536.4995387427523
 20
487.12246799859315
 10
536.7475359902583
 20
487.08568553221994
 10
537.0081732605729
 20
487.07342471009554
 10
537.4192268023106
 20
487.1062887693981
 10
537.7948882801841
 20
487.20488094730564
 10
538.1351576941934
 20
487.3692012438183
 10
538.4400350443383
 20
487.59924965893595
 10
538.5770528915842
 20
487.7395539121121
 10
538.700925115109
 20
487.89755419722036
 10
538.811651714913
 20
488.0732505142608
 10
538.9092326909959
 20
488.26664286323336
 10
538.9936680433577
 20
488.477731244138
 10
539.0649577719986
 20
488.70651565697483
 10
539.1231018769184
 20
488.95299610174374
 10
539.1681003581173
 20
489.21717257844483
  0
LWPOLYLINE
  5
223
330
17
100
AcDbEntity
  8
line engraving
 62
1
420
16711680
100
AcDbPolyline
 90
95
 70
0
 10
547.7269126023191
 20
488.8369606923602
 10
549.2315809174623
 20
488.6508995566167
 10
549.1331151397828
 20
488.3304749784171
 10
549.0156893278904
 20
488.0285048335181
 10
548.879303481785
 20
487.74498912191984
 10
548.7239576014665
 20
487.47992784362214
 10
548.549651686935
 20
487.2333209986251
 10
548.3563857381905
 20
487.0051685869288
 10
548.1441597552331
 20
486.79547060853304
 10
547.9129737380626
 20
486.604227063438
 10
547.663965288732
 20
486.43358675552105
 10
547.3982720092939
 20
486.28569848865965
 10
547.1158938997484
 20
486.1605622628539
 10
546.8168309600954
 20
486.05817807810377
 10
546.501083190335
 20
485.97854593440917
 10
546.1686505904671
 20
485.92166583177016
 10
545.8195331604919
 20
485.8875377701868
 10
545.4537309004091
 20
485.876161749659
 10
544.9947084721125
 20
485.89430018238943
 10
544.5600812878366
 20
485.94871548058074
 10
544.1498493475815
 20
486.0394076442329
 10
543.7640126513471
 20
486.1663766733459
 10
543.4025711991334
 20
486.3296225679198
 10
543.0655249909404
 20
486.52914532795455
 10
542.7528740267682
 20
486.76494495345014
 10
542.4646183066166
 20
487.0370214444066
 10
542.2058138396092
 20
487.3418355944375
 10
541.9815166348694
 20
487.6758481971564
 10
541.7917266923974
 20
488.0390592525634
 10
541.636444012193
 20
488.4314687606583
 10
541.5156685942562
 20
488.85307672144125
 10
541.4294004385871
 20
489.3038831349122
 10
541.3776395451856
 20
489.7838880010712
 10
541.3603859140518
 20
490.2930913199182
 10
541.3778291455277
 20
490.81992747058325
 10
541.4301588399557
 20
491.31642756650757
 10
541.5173749973354
 20
491.7825916076911
 10
541.6394776176671
 20
492.21841959413376
 10
541.7964667009506
 20
492.6239115258357
 10
541.9883422471862
 20
492.9990674027968
 10
542.2151042563736
 20
493.3438872250171
 10
542.4767527285129
 20
493.65837099249666
 10
542.7662092508313
 20
493.938979498849
 10
543.0763954105558
 20
494.1821735376876
 10
543.4073112076867
 20
494.3879531090127
 10
543.7589566422237
 20
494.55631821282407
 10
544.1313317141669
 20
494.68726884912184
 10
544.5244364235162
 20
494.7808050179059
 10
544.9382707702719
 20
494.8369267191764
 10
545.3728347544337
 20
494.8556339529332
 10
545.7937475139622
 20
494.8373059198606
 10
546.1949418379091
 20
494.78232182064295
 10
546.5764177262746
 20
494.6906816552802
 10
546.9381751790586
 20
494.56238542377224
 10
547.280214196261
 20
494.39743312611915
 10
547.6025347778819
 20
494.195824762321
 10
547.9051369239213
 20
493.95756033237774
 10
548.1880206343792
 20
493.6826398362893
 10
548.4439810962546
 20
493.3744760802141
 10
548.6658134965467
 20
493.0364818703104
 10
548.8535178352553
 20
492.6686572065783
 10
549.0070941123805
 20
492.27100208901777
 10
549.1265423279224
 20
491.8435165176288
 10
549.2118624818809
 20
491.3862004924114
 10
549.2630545742559
 20
490.8990540133655
 10
549.2801186050476
 20
490.3820770804912
 10
549.2796130041353
 20
490.30927054911325
 10
549.2780962013983
 20
490.2202847885403
 10
549.2755681968365
 20
490.1151197987722
 10
549.2720289904502
 20
489.99377557980904
 10
542.865054229195
 20
489.99377557980904
 10
542.8952638837077
 20
489.6502197598696
 10
542.9454447742581
 20
489.32739357733635
 10
543.0155969008462
 20
489.02529703220927
 10
543.105720263472
 20
488.74393012448843
 10
543.2158148621354
 20
488.48329285417384
 10
543.3458806968365
 20
488.2433852212654
 10
543.4959177675754
 20
488.0242072257632
 10
543.6659260743519
 20
487.82575886766716
 10
543.8514816091831
 20
487.64943054948634
 10
544.0481603640858
 20
487.4966126737296
 10
544.2559623390603
 20
487.36730524039695
 10
544.4748875341063
 20
487.26150824948843
 10
544.7049359492239
 20
487.17922170100405
 10
544.9461075844133
 20
487.12044559494376
 10
545.1984024396742
 20
487.0851799313076
 10
545.4618205150067
 20
487.07342471009554
 10
545.8475940111272
 20
487.09971595753757
 10
546.2040426543315
 20
487.1785896998636
 10
546.5311664446197
 20
487.3100459370737
 10
546.8289653819917
 20
487.4940846691679
 10
547.0974394664477
 20
487.7357619052695
 10
547.3365886979876
 20
488.0401336545021
 10
547.5464130766114
 20
488.4071999168657
 10
547.7269126023191
 20
488.8369606923602
  0
LWPOLYLINE
  5
224
330
17
100
AcDbEntity
  8
line engraving
 62
1
420
16711680
100
AcDbPolyline
 90
34
 70
0
 10
542.9459503751705
 20
491.19103854024564
 10
547.7430918315142
 20
491.19103854024564
 10
547.7132613776857
 20
491.45357181398157
 10
547.6723077037857
 20
491.69916745715386
 10
547.620230809814
 20
491.9278254697626
 10
547.5570306957707
 20
492.1395458518077
 10
547.4827073616558
 20
492.3343286032892
 10
547.3972608074693
 20
492.51217372420706
 10
547.300691033211
 20
492.67308121456136
 10
547.1929980388812
 20
492.81705107435204
 10
547.0126249134016
 20
493.01423543016716
 10
546.8193589646571
 20
493.1851285385403
 10
546.6132001926478
 20
493.32973039947143
 10
546.3941485973737
 20
493.4480410129605
 10
546.1622041788347
 20
493.54006037900757
 10
545.9173669370309
 20
493.6057884976126
 10
545.6596368719623
 20
493.64522536877564
 10
545.3890139836288
 20
493.65837099249666
 10
545.1432287401144
 20
493.6478797735655
 10
544.9074291146187
 20
493.6164061167719
 10
544.681615107142
 20
493.56395002211593
 10
544.4657867176841
 20
493.4905114895976
 10
544.259943946245
 20
493.3960905192169
 10
544.0640867928248
 20
493.2806871109738
 10
543.8782152574233
 20
493.1443012648683
 10
543.7023293400408
 20
492.98693298090046
 10
543.5409794488883
 20
492.8119950652286
 10
543.3987159921768
 20
492.62290032401097
 10
543.2755389699063
 20
492.41964875724767
 10
543.171448382077
 20
492.2022403649387
 10
543.0864442286887
 20
491.97067514708397
 10
543.0205265097416
 20
491.72495310368356
 10
542.9736952252355
 20
491.4650742347375
 10
542.9459503751705
 20
491.19103854024564
  0
LWPOLYLINE
  5
225
330
17
100
AcDbEntity
  8
line engraving
 62
1
420
16711680
100
AcDbPolyline
 90
35
 70
0
 10
551.0436545873123
 20
486.07031250000006
 10
551.0436545873123
 20
494.66148320259214
 10
552.3541721521145
 20
494.66148320259214
 10
552.3541721521145
 20
493.3590552523875
 10
552.600146995971
 20
493.7771872068981
 10
552.8365154224931
 20
494.1174566209073
 10
553.0632774316805
 20
494.37986349441513
 10
553.2804330235333
 20
494.56440782742163
 10
553.4980942162985
 20
494.69181925733295
 10
553.726373028223
 20
494.78282742155534
 10
553.9652694593067
 20
494.83743232008874
 10
554.2147835095498
 20
494.8556339529332
 10
554.584377776475
 20
494.8263091000171
 10
554.9570056488744
 20
494.73833454126884
 10
555.3326671267479
 20
494.59171027668833
 10
555.7113622100954
 20
494.38643630627564
 10
555.2098061050476
 20
493.03547066848574
 10
554.9428488233286
 20
493.17349971755635
 10
554.6758915416098
 20
493.2720918954639
 10
554.4089342598908
 20
493.33124720220843
 10
554.1419769781718
 20
493.35096563778995
 10
553.9094005584924
 20
493.33301680540166
 10
553.6889585607094
 20
493.27917030823676
 10
553.4806509848225
 20
493.18942614629526
 10
553.2844778308321
 20
493.06378431957717
 10
553.1080231124232
 20
492.9062896353812
 10
552.9588708432809
 20
492.7209869010062
 10
552.8370210234054
 20
492.50787611645217
 10
552.7424736527967
 20
492.26695728171904
 10
552.6362974612039
 20
491.8695549646147
 10
552.5604573243519
 20
491.45395101466585
 10
552.5149532422406
 20
491.0201454318725
 10
552.4997852148703
 20
490.56813821623473
 10
552.4997852148703
 20
486.07031250000006
 10
551.0436545873123
 20
486.07031250000006
  0
CIRCLE
  5
226
330
17
100
AcDbEntity
  8
cut
 62
5
420
255
100
AcDbCircle
 10
704.9580000000001
 20
546.0
 30
0.0
 40
3.9
  0
CIRCLE
  5
227
330
17
100
AcDbEntity
  8
cut
 62
5
420
255
100
AcDbCircle
 10
489.0
 20
546.0
 30
0.0
 40
10.9
  0
LWPOLYLINE
  5
228
330
17
100
AcDbEntity
  8
cut
 62
5
420
255
100
AcDbPolyline
 90
4
 70
1
 10
489.0
 20
570.0
 42
0.9999999999999999
 10
489.0
 20
522.0
 10
704.9754276326746
 20
522.0000063275504
 42
0.9992741120950986
 10
704.9754276326746
 20
569.9999936724496
  0
LWPOLYLINE
  5
229
330
17
100
AcDbEntity
  8
line engraving
 62
1
420
16711680
100
AcDbPolyline
 90
159
 70
0
 10
506.2676377899044
 20
542.6347203274215
 10
507.7075891882673
 20
542.8612295361528
 10
507.7953109465594
 20
542.4537152008015
 10
507.9371320024726
 20
542.0967609566849
 10
508.1330523560069
 20
541.7903668038028
 10
508.38307200716224
 20
541.5345327421555
 10
508.687696556851
 20
541.3327979781293
 10
509.0474316059856
 20
541.1887017181106
 10
509.46227715456587
 20
541.1022439620992
 10
509.932233202592
 20
541.0734247100955
 10
510.17492164051833
 20
541.0798079216139
 10
510.40143084924955
 20
541.098957556169
 10
510.61176082878575
 20
541.1308736137609
 10
510.8059115791268
 20
541.1755560943895
 10
510.98388310027275
 20
541.2330049980549
 10
511.14567539222367
 20
541.303220324757
 10
511.29128845497945
 20
541.3862020744958
 10
511.42072228854016
 20
541.4819502472715
 10
511.6330746717257
 20
541.6950610318255
 10
511.78475494542965
 20
541.9258678483118
 10
511.875763109652
 20
542.1743706967301
 10
511.9060991643928
 20
542.4405695770805
 10
511.87930231603843
 20
542.6741571985846
 10
511.79891177097534
 20
542.8814535726467
 10
511.6649275292035
 20
543.0624586992667
 10
511.47734959072295
 20
543.2171725784448
 10
511.3886166306061
 20
543.2673534689951
 10
511.27207562031026
 20
543.3208207654758
 10
511.12772655983537
 20
543.3775744678867
 10
510.9555694491813
 20
543.4376145762278
 10
510.7556042883483
 20
543.5009410904992
 10
510.5278310773362
 20
543.5675540107009
 10
510.27224981614506
 20
543.6374533368328
 10
509.98886050477483
 20
543.7106390688949
 10
509.6037822099089
 20
543.8100528482851
 10
509.24941917046806
 20
543.9060538215168
 10
508.9257713864522
 20
543.9986419885903
 10
508.63283885786143
 20
544.0878173495055
 10
508.37062158469575
 20
544.1735799042623
 10
508.13911956695506
 20
544.2559296528607
 10
507.93833280463946
 20
544.3348665953008
 10
507.7682612977489
 20
544.4103907315825
 10
507.47754077314966
 20
544.5721830235334
 10
507.2242347160641
 20
544.7622889665757
 10
507.0083431264921
 20
544.9807085607094
 10
506.82986600443377
 20
545.2274418059345
 10
506.69006735216993
 20
545.495157489022
 10
506.5902111719815
 20
545.7765243967428
 10
506.5302974638684
 20
546.0715425290971
 10
506.5103262278307
 20
546.3802118860846
 10
506.52675825748196
 20
546.6620843947178
 10
506.57605434643574
 20
546.9333392841917
 10
506.65821449469206
 20
547.1939765545063
 10
506.7732387022509
 20
547.4439962056616
 10
506.91657656090115
 20
547.6783422285342
 10
507.0836776624317
 20
547.8919586140007
 10
507.2745420068425
 20
548.0848453620608
 10
507.4891695941336
 20
548.2570024727148
 10
507.6744723285086
 20
548.3775882903095
 10
507.89061671853676
 20
548.4885676905697
 10
508.137602764218
 20
548.5899406734951
 10
508.41543046555245
 20
548.681707239086
 10
508.713987804293
 20
548.7578001763942
 10
509.02316276219295
 20
548.8121522744714
 10
509.3429553392521
 20
548.8447635333177
 10
509.67336553547057
 20
548.8556339529332
 10
510.16354561999054
 20
548.8374323200887
 10
510.6228840488574
 20
548.7828274215553
 10
511.05138082207105
 20
548.6918192573329
 10
511.4490359396316
 20
548.5644078274215
 10
511.8062429842044
 20
548.4059019414009
 10
512.1133955384548
 20
548.2216104088507
 10
512.370493602383
 20
548.0115332297706
 10
512.5775371759889
 20
547.775670404161
 10
512.745396678888
 20
547.5059323174241
 10
512.8849425306956
 20
547.1942293549625
 10
512.9961747314119
 20
546.8405615167761
 10
513.0790932810368
 20
546.444928802865
 10
511.65532111186894
 20
546.2507780525239
 10
511.5837785827719
 20
546.5642506181787
 10
511.4662263706513
 20
546.8413199181446
 10
511.30266447550724
 20
547.0819859524215
 10
511.0930928973396
 20
547.2862487210095
 10
510.83650043432374
 20
547.4490522147851
 10
510.531875884635
 20
547.5653404246248
 10
510.1792192482733
 20
547.6351133505286
 10
509.77853052523864
 20
547.6583709924965
 10
509.5367268889089
 20
547.653188583145
 10
509.3128720849675
 20
547.6376413550903
 10
509.1069661134144
 20
547.6117293083325
 10
508.91900897424955
 20
547.5754524428717
 10
508.74900066747307
 20
547.5288107587078
 10
508.59694119308483
 20
547.4718042558407
 10
508.46283055108495
 20
547.4044329342705
 10
508.3466687414733
 20
547.3266967939973
 10
508.15909080299275
 20
547.1537812819747
 10
508.0251065612209
 20
546.9667089444065
 10
507.9447160161578
 20
546.7654797812926
 10
507.91791916780346
 20
546.550093792633
 10
507.9290423878751
 20
546.4120647435624
 10
507.96241204808996
 20
546.2811141072647
 10
508.0180281484481
 20
546.1572418837397
 10
508.09589068894945
 20
546.0404480729877
 10
508.1975164723311
 20
545.9282046704468
 10
508.32442230133006
 20
545.8260732861528
 10
508.47660817594635
 20
545.7340539201058
 10
508.65407409618
 20
545.6521465723056
 10
508.72195101866254
 20
545.6286361298814
 10
508.81637198904326
 20
545.5985528755969
 10
508.9373370073221
 20
545.5618968094517
 10
509.08484607349925
 20
545.5186679314461
 10
509.2588991875745
 20
545.46886624158
 10
509.45949634954803
 20
545.4124917398534
 10
509.6866375594197
 20
545.3495444262662
 10
509.94032281718955
 20
545.2800243008186
 10
510.3120026878783
 20
545.1792201189195
 10
510.654484105879
 20
545.0830927454596
 10
510.9677670711917
 20
544.9916421804389
 10
511.25185158381646
 20
544.9048684238574
 10
511.5067376437531
 20
544.8227714757152
 10
511.7324252510018
 20
544.745351336012
 10
511.92891440556247
 20
544.6726080047482
 10
512.0962051074351
 20
544.6045414819235
 10
512.3851560288412
 20
544.4581700177993
 10
512.6412428909447
 20
544.2819680998465
 10
512.8644656937456
 20
544.0759357280654
 10
513.0548244372441
 20
543.8400729024556
 10
513.2070103118604
 20
543.5741268225614
 10
513.3157145080149
 20
543.2778446879263
 10
513.3809370257076
 20
542.9512264985505
 10
513.4026778649385
 20
542.5942722544338
 10
513.3761338170403
 20
542.2355484071239
 10
513.2965016733457
 20
541.8874421789734
 10
513.1637814338548
 20
541.5499535699821
 10
512.9779730985674
 20
541.22308258015
 10
512.7421102729578
 20
540.9197220327421
 10
512.4592265624999
 20
540.6527647510231
 10
512.1293219671937
 20
540.4222107349932
 10
511.75239648703945
 20
540.2280599846521
 10
511.33881494074
 20
540.0741045068426
 10
510.89894214699854
 20
539.9641363084072
 10
510.4327781058151
 20
539.898155389346
 10
509.94032281718955
 20
539.876161749659
 10
509.53413568423315
 20
539.8870321692744
 10
509.15284939620983
 20
539.9196434281208
 10
508.7964639531196
 20
539.973995526198
 10
508.4649793549624
 20
540.0500884635062
 10
508.1583956017383
 20
540.1479222400452
 10
507.87671269344725
 20
540.2674968558151
 10
507.61993063008924
 20
540.408812310816
 10
507.3880494116643
 20
540.5718686050477
 10
507.1785410336107
 20
540.7562865378261
 10
506.98887749136674
 20
540.9616869084668
 10
506.81905878493234
 20
541.1880697169701
 10
506.6690849143075
 20
541.4354349633356
 10
506.53895587949233
 20
541.7037826475635
 10
506.4286716804868
 20
541.9931127696537
 10
506.3382323172908
 20
542.3034253296065
 10
506.2676377899044
 20
542.6347203274215
  0
LWPOLYLINE
  5
22A
330
17
100
AcDbEntity
  8
line engraving
 62
1
420
16711680
100
AcDbPolyline
 90
50
 70
0
 10
515.133855388813
 20
536.7778393587995
 10
515.133855388813
 20
548.6614832025921
 10
516.4605521828103
 20
548.6614832025921
 10
516.4605521828103
 20
547.545116388131
 10
516.7027350198242
 20
547.8522689423814
 10
516.9600858842086
 20
548.1184678227319
 10
517.2326047759634
 20
548.3437130291823
 10
517.5202916950885
 20
548.5280045617326
 10
517.8312362561817
 20
548.6713424203829
 10
518.1735280738403
 20
548.7737266051331
 10
518.5471671480643
 20
548.8351571159832
 10
518.9521534788539
 20
548.8556339529332
 10
519.4860680422919
 20
548.8202418890689
 10
519.9876241473396
 20
548.7140656974761
 10
520.4568217939972
 20
548.5371053781549
 10
520.8936609822646
 20
548.2893609311051
 10
521.2885352948072
 20
547.9771523677312
 10
521.6318383142905
 20
547.6067996994373
 10
521.9235700407144
 20
547.1783029262235
 10
522.163730474079
 20
546.69166204809
 10
522.3513084125595
 20
546.1635618951441
 10
522.4852926543314
 20
545.6106872974932
 10
522.5656831993945
 20
545.0330382551373
 10
522.5924800477488
 20
544.4306147680765
 10
522.5629023943766
 20
543.7877432080278
 10
522.4741694342597
 20
543.1777357072817
 10
522.3262811673984
 20
542.6005922658381
 10
522.1192375937925
 20
542.0563128836972
 10
521.9942277682148
 20
541.8000996213656
 10
521.85581951846
 20
541.5593071868605
 10
521.7040128445279
 20
541.333935580182
 10
521.5388077464187
 20
541.1239848013302
 10
521.3602042241323
 20
540.9294548503048
 10
521.1682022776687
 20
540.750345727106
 10
520.9628019070279
 20
540.5866574317338
 10
520.74400311221
 20
540.4383899641882
 10
520.2871926879048
 20
540.1924151203317
 10
519.8187534426158
 20
540.0167188032913
 10
519.3386853763428
 20
539.911301013067
 10
518.8469884890859
 20
539.876161749659
 10
518.4923094490748
 20
539.8953745843281
 10
518.1563376428205
 20
539.9530130883356
 10
517.8390730703231
 20
540.0490772616814
 10
517.5405157315824
 20
540.1835671043656
 10
517.264204832985
 20
540.3473817999659
 10
517.0136795809174
 20
540.53142053206
 10
516.7889399753793
 20
540.735683300648
 10
516.589986016371
 20
540.9601701057298
 10
516.589986016371
 20
536.7778393587995
 10
515.133855388813
 20
536.7778393587995
  0
LWPOLYLINE
  5
22B
330
17
100
AcDbEntity
  8
line engraving
 62
1
420
16711680
100
AcDbPolyline
 90
65
 70
0
 10
516.4524625682127
 20
544.3173601637108
 10
516.4629537871439
 20
543.9162922399919
 10
516.4944274439374
 20
543.5422739650836
 10
516.5468835385934
 20
543.1953053389858
 10
516.6203220711118
 20
542.8753863616985
 10
516.7147430414925
 20
542.5825170332217
 10
516.8301464497356
 20
542.3166973535556
 10
516.966532295841
 20
542.0779273226999
 10
517.123900579809
 20
541.8662069406548
 10
517.296184090691
 20
541.6803986053675
 10
517.4773156175391
 20
541.5193647147852
 10
517.6672951603533
 20
541.3831052689078
 10
517.8661227191336
 20
541.2716202677353
 10
518.0737982938799
 20
541.1849097112679
 10
518.2903218845923
 20
541.1229735995055
 10
518.5156934912708
 20
541.085811932448
 10
518.7499131139153
 20
541.0734247100955
 10
518.9882407439727
 20
541.0862543332463
 10
519.217846758292
 20
541.1247432026987
 10
519.4387311568734
 20
541.1888913184526
 10
519.6508939397168
 20
541.2786986805082
 10
519.8543351068222
 20
541.3941652888653
 10
520.0490546581897
 20
541.5352911435241
 10
520.2350525938192
 20
541.7020762444844
 10
520.4123289137107
 20
541.8945205917463
 10
520.5744372062318
 20
542.1138881875906
 10
520.71493105975
 20
542.3614430342983
 10
520.8338104742655
 20
542.6371851318693
 10
520.9310754497782
 20
542.9411144803036
 10
521.0067259862881
 20
543.2732310796011
 10
521.0607620837951
 20
543.633534929762
 10
521.0931837422993
 20
544.0220260307864
 10
521.1039909618007
 20
544.4387043826739
 10
521.0934365427555
 20
544.8363595002345
 10
521.0617732856198
 20
545.2082289712653
 10
521.0090011903936
 20
545.5543127957665
 10
520.935120257077
 20
545.8746109737381
 10
520.8401304856699
 20
546.1691235051799
 10
520.7240318761724
 20
546.4378503900921
 10
520.5868244285844
 20
546.6807916284746
 10
520.4285081429058
 20
546.8979472203274
 10
520.2555294307692
 20
547.0894435658787
 10
520.074334703807
 20
547.2554070653564
 10
519.8849239620192
 20
547.3958377187606
 10
519.6872972054058
 20
547.5107355260914
 10
519.4814544339667
 20
547.6001004873486
 10
519.267395647702
 20
547.6639326025324
 10
519.0451208466117
 20
547.7022318716427
 10
518.8146300306956
 20
547.7149982946794
 10
518.5854032170605
 20
547.7014102701601
 10
518.362875615514
 20
547.6606461966021
 10
518.1470472260561
 20
547.5927060740056
 10
517.9379180486868
 20
547.4975899023704
 10
517.735488083406
 20
547.3752976816966
 10
517.5397573302139
 20
547.2258294119841
 10
517.3507257891104
 20
547.0491850932331
 10
517.1683934600954
 20
546.8453647254433
 10
517.0005971573104
 20
546.6156323108959
 10
516.8551736948967
 20
546.3612518518715
 10
516.7321230728544
 20
546.0822233483703
 10
516.6314452911834
 20
545.7785468003922
 10
516.5531403498837
 20
545.4502222079373
 10
516.4972082489554
 20
545.0972495710052
 10
516.4636489883984
 20
544.7196288895965
 10
516.4524625682127
 20
544.3173601637108
  0
LWPOLYLINE
  5
22C
330
17
100
AcDbEntity
  8
line engraving
 62
1
420
16711680
100
AcDbPolyline
 90
128
 70
0
 10
529.9540293315142
 20
541.1300520122783
 10
529.5533406084796
 20
540.8115234375
 10
529.1602358991302
 20
540.5435549539563
 10
528.7747152034659
 20
540.3261465616473
 10
528.3967785214869
 20
540.159298260573
 10
528.0158082340338
 20
540.0354260370481
 10
527.6211867219474
 20
539.9469458773875
 10
527.2129139852276
 20
539.8938577815911
 10
526.7909900238744
 20
539.876161749659
 10
526.4473078037068
 20
539.8869689691604
 10
526.1241024204894
 20
539.9193906276646
 10
525.8213738742219
 20
539.9734267251716
 10
525.5391221649045
 20
540.0490772616815
 10
525.277347292537
 20
540.1463422371942
 10
525.0360492571197
 20
540.2652216517096
 10
524.8152280586522
 20
540.4057155052278
 10
524.6148836971349
 20
540.5678237977489
 10
524.4366593755328
 20
540.7467433206056
 10
524.282198296811
 20
540.9376708651304
 10
524.1515004609694
 20
541.1406064313235
 10
524.044565868008
 20
541.3555500191849
 10
523.961394517927
 20
541.5825016287143
 10
523.9019864107264
 20
541.8214612599121
 10
523.8663415464059
 20
542.0724289127782
 10
523.8544599249658
 20
542.3354045873124
 10
523.8724087573542
 20
542.6440739443
 10
523.926255254519
 20
542.9390920766541
 10
524.0159994164605
 20
543.220458984375
 10
524.1416412431786
 20
543.4881746674624
 10
524.2963551223567
 20
543.7361719149684
 10
524.473315441678
 20
543.9583835159447
 10
524.6725222011424
 20
544.1548094703913
 10
524.8939754007503
 20
544.3254497783083
 10
525.1338830336587
 20
544.4735908456258
 10
525.3884530930252
 20
544.6025190782742
 10
525.6576855788497
 20
544.7122344762535
 10
525.9415804911323
 20
544.8027370395635
 10
526.1832577272339
 20
544.8588587408339
 10
526.479539861869
 20
544.9139692402797
 10
526.8304268950375
 20
544.9680685379008
 10
527.2359188267393
 20
545.0211566336972
 10
527.6622667960755
 20
545.0750031308621
 10
528.0595427129517
 20
545.1313776325887
 10
528.4277465773681
 20
545.190280138877
 10
528.7668783893246
 20
545.2517106497271
 10
529.0769381488211
 20
545.315669165139
 10
529.3579258558577
 20
545.3821556851126
 10
529.6098415104343
 20
545.4511702096479
 10
529.8326851125511
 20
545.5227127387449
 10
529.8362243189375
 20
545.658719384166
 10
529.8387523234992
 20
545.7674235803206
 10
529.8402691262363
 20
545.8488253272084
 10
529.8407747271486
 20
545.9029246248294
 10
529.8343283155162
 20
546.1171730114363
 10
529.814989080619
 20
546.3149893683919
 10
529.7827570224568
 20
546.4963736956962
 10
529.73763214103
 20
546.6613259933492
 10
529.6796144363382
 20
546.809846261351
 10
529.6087039083816
 20
546.9419344997016
 10
529.5249005571601
 20
547.0575907084009
 10
529.4282043826738
 20
547.1568148874488
 10
529.2801897155844
 20
547.2724710961481
 10
529.1152374179313
 20
547.3727064770209
 10
528.9333474897146
 20
547.4575210300669
 10
528.7345199309344
 20
547.5269147552865
 10
528.5187547415906
 20
547.5808876526795
 10
528.286051921683
 20
547.6194397222459
 10
528.036411471212
 20
547.6425709639858
 10
527.7698333901773
 20
547.6502813778991
 10
527.521393741873
 20
547.6446565677493
 10
527.2897653239042
 20
547.6277821372996
 10
527.074948136271
 20
547.5996580865503
 10
526.8769421789733
 20
547.5602844155014
 10
526.6957474520111
 20
547.5096611241527
 10
526.5313639553844
 20
547.4477882125043
 10
526.3837916890933
 20
547.3746656805562
 10
526.2530306531377
 20
547.2902935283083
 10
526.024246240301
 20
547.0756659410172
 10
525.8273146849419
 20
546.7917710287346
 10
525.6622359870607
 20
546.4386087914606
 10
525.5290101466575
 20
546.0161792291951
 10
524.1052379774897
 20
546.2103299795361
 10
524.2179869809429
 20
546.6453995646103
 10
524.3620832409617
 20
547.0364818703104
 10
524.537526757546
 20
547.3835768966363
 10
524.7443175306956
 20
547.686684643588
 10
524.9915563768332
 20
547.9516195216576
 10
525.2883441123805
 20
548.1841959413371
 10
525.6346807373379
 20
548.3844139026262
 10
526.0305662517052
 20
548.5522734055253
 10
526.4679110408849
 20
548.6849936450162
 10
526.9386254902796
 20
548.7797938160812
 10
527.4427095998891
 20
548.8366739187202
 10
527.9801633697134
 20
548.8556339529332
 10
528.5044715158167
 20
548.8394547237381
 10
528.9772083688607
 20
548.7909170361529
 10
529.3983739288453
 20
548.7100208901774
 10
529.7679681957707
 20
548.5967662858118
 10
530.0890247751107
 20
548.4589900371974
 10
530.3645772723396
 20
548.3045289584754
 10
530.5946256874572
 20
548.1333830496462
 10
530.7791700204638
 20
547.9455523107094
 10
530.9288278905183
 20
547.7364863334542
 10
531.0542169167802
 20
547.5016347096691
 10
531.1553370992496
 20
547.2409974393546
 10
531.2321884379262
 20
546.9545745225103
 10
531.264041295404
 20
546.7310989192531
 10
531.2867933364597
 20
546.4327943809686
 10
531.3004445610931
 20
546.0596609076568
 10
531.3049949693042
 20
545.6116984993179
 10
531.3049949693042
 20
543.6701909959072
 10
531.3064485719271
 20
543.1858885219933
 10
531.3108093797962
 20
542.7482277322433
 10
531.3180773929112
 20
542.3572086266573
 10
531.3282526112721
 20
542.0128312052353
 10
531.3413350348791
 20
541.7150954679772
 10
531.357324663732
 20
541.4640014148831
 10
531.376221497831
 20
541.259549045953
 10
531.398025537176
 20
541.1017383611869
 10
531.4559168416396
 20
540.8355394808365
 10
531.5365601871588
 20
540.5749022105218
 10
531.6399555737337
 20
540.3198265502431
 10
531.7661030013642
 20
540.0703125
 10
530.2452554570258
 20
540.0703125
 10
530.1421128709071
 20
540.3064281260658
 10
530.0591943212823
 20
540.5617565868008
 10
529.9964998081514
 20
540.8362978822049
 10
529.9540293315142
 20
541.1300520122783
  0
LWPOLYLINE
  5
22D
330
17
100
AcDbEntity
  8
line engraving
 62
1
420
16711680
100
AcDbPolyline
 90
42
 70
0
 10
529.8326851125511
 20
544.3820770804912
 10
529.6221023325587
 20
544.3026977372527
 10
529.3867451078614
 20
544.2263519994884
 10
529.1266134384591
 20
544.1530398671981
 10
528.8417073243519
 20
544.0827613403819
 10
528.5320267655396
 20
544.0155164190398
 10
528.1975717620223
 20
543.9513051031719
 10
527.8383423138001
 20
543.8901273927779
 10
527.454338420873
 20
543.8319832878581
 10
527.0382288700118
 20
543.7652439674283
 10
526.6878474377556
 20
543.6944598396998
 10
526.4031941241046
 20
543.6196309046726
 10
526.1842689290586
 20
543.5407571623465
 10
526.0088254124743
 20
543.4505073994926
 10
525.8546171342086
 20
543.3415504028819
 10
525.7216440942615
 20
543.2138861725144
 10
525.6099062926329
 20
543.0675147083901
 10
525.5214261329722
 20
542.9074920196325
 10
525.4582260189289
 20
542.7388741153649
 10
525.420305950503
 20
542.5616609955874
 10
525.4076659276943
 20
542.3758526603001
 10
525.4352211774172
 20
542.0967609566849
 10
525.5178869265859
 20
541.8419380968622
 10
525.6556631752003
 20
541.6113840808322
 10
525.8485499232605
 20
541.4050989085948
 10
526.094524767117
 20
541.2352170020464
 10
526.3915653031206
 20
541.1138727830833
 10
526.7396715312713
 20
541.0410662517053
 10
527.1388434515688
 20
541.0167974079127
 10
527.5478745896571
 20
541.0398022494245
 10
527.9336480857776
 20
541.1088167739597
 10
528.29616393993
 20
541.2238409815186
 10
528.6354221521145
 20
541.3848748721009
 10
528.9413107040842
 20
541.5858512347587
 10
529.203717577592
 20
541.8207028585437
 10
529.422642772638
 20
542.0894297434559
 10
529.5980862892222
 20
542.3920318894952
 10
529.7007232744286
 20
542.6680899876364
 10
529.7740354067189
 20
543.0027977916097
 10
529.8180226860931
 20
543.3961553014154
 10
529.8326851125511
 20
543.8481625170532
 10
529.8326851125511
 20
544.3820770804912
  0
LWPOLYLINE
  5
22E
330
17
100
AcDbEntity
  8
line engraving
 62
1
420
16711680
100
AcDbPolyline
 90
119
 70
0
 10
539.1681003581173
 20
543.2171725784448
 10
540.5999621418825
 20
543.0311114427012
 10
540.5298732154085
 20
542.6710603929964
 10
540.4369058476508
 20
542.3311069795575
 10
540.3210600386094
 20
542.0112512023843
 10
540.1823357882844
 20
541.7114930614769
 10
540.0207330966756
 20
541.4318325568352
 10
539.8362519637832
 20
541.1722696884592
 10
539.628892389607
 20
540.9328044563491
 10
539.3986543741472
 20
540.7134368605048
 10
539.1500883256149
 20
540.5172005064003
 10
538.887744652221
 20
540.3471289995098
 10
538.6116233539658
 20
540.2032223398331
 10
538.3217244308491
 20
540.0854805273705
 10
538.0180478828711
 20
539.9939035621217
 10
537.7005937100315
 20
539.9284914440868
 10
537.3693619123305
 20
539.889244173266
 10
537.024352489768
 20
539.876161749659
 10
536.5942757137033
 20
539.8941737821614
 10
536.1858133766414
 20
539.9482098796684
 10
535.7989654785822
 20
540.0382700421801
 10
535.4337320195259
 20
540.1643542696966
 10
535.0901129994724
 20
540.3264625622176
 10
534.7681084184217
 20
540.5245949197434
 10
534.4677182763738
 20
540.7587513422739
 10
534.1889425733287
 20
541.028931829809
 10
533.9377221200066
 20
541.3327347780153
 10
533.7199977271273
 20
541.6677585825589
 10
533.535769394691
 20
542.0340032434399
 10
533.3850371226977
 20
542.4314687606583
 10
533.2678009111473
 20
542.8601551342141
 10
533.18406076004
 20
543.3200623641073
 10
533.1338166693755
 20
543.8111904503379
 10
533.117068639154
 20
544.3335393929059
 10
533.1458878911578
 20
545.0075054090638
 10
533.232345647169
 20
545.6379897467599
 10
533.3764419071879
 20
546.2249924059942
 10
533.5781766712141
 20
546.7685133867667
 10
533.7009744928002
 20
547.021250642826
 10
533.8388139415288
 20
547.257682269462
 10
533.9916950173995
 20
547.4778082666749
 10
534.1596177204126
 20
547.6816286344646
 10
534.342582050568
 20
547.8691433728311
 10
534.5405880078657
 20
548.0403524817744
 10
534.7536355923057
 20
548.1952559612946
 10
534.981724803888
 20
548.3338538113916
 10
535.463309672898
 20
548.5621326233161
 10
535.9656241793143
 20
548.7251889175478
 10
536.4886683231368
 20
548.8230226940868
 10
537.0324421043655
 20
548.8556339529332
 10
537.3743547213398
 20
548.8445739329757
 10
537.7003409095753
 20
548.8113938731029
 10
538.0104006690718
 20
548.756093773315
 10
538.3045339998293
 20
548.6786736336119
 10
538.5827409018481
 20
548.5791334539937
 10
538.8450213751278
 20
548.4574732344603
 10
539.0913754196687
 20
548.3136929750117
 10
539.3218030354706
 20
548.147792675648
 10
539.5342818188842
 20
547.9615419395624
 10
539.7267893662602
 20
547.756710369948
 10
539.8993256775984
 20
547.5332979668049
 10
540.051890752899
 20
547.291304730133
 10
540.1844845921619
 20
547.0307306599324
 10
540.2971071953871
 20
546.7515757562031
 10
540.3897585625746
 20
546.453840018945
 10
540.4624386937244
 20
546.1375234481583
 10
539.0467561391541
 20
545.9191038540246
 10
538.9261703215594
 20
546.3251013866388
 10
538.7666532337141
 20
546.6775052225444
 10
538.5682048756181
 20
546.9763153617412
 10
538.3308252472714
 20
547.2215318042292
 10
538.0605815596222
 20
547.4126489490961
 10
537.7635410236186
 20
547.5491611954297
 10
537.4397036392606
 20
547.6310685432298
 10
537.0890694065483
 20
547.6583709924965
 10
536.8204689218643
 20
547.6460469702581
 10
536.564761260445
 20
547.6090749035427
 10
536.3219464222906
 20
547.5474547923505
 10
536.092024407401
 20
547.4611866366814
 10
535.8749952157763
 20
547.3502704365354
 10
535.6708588474164
 20
547.2147061919125
 10
535.4796153023213
 20
547.0544939028127
 10
535.3012645804911
 20
546.869633569236
 10
535.1401042896806
 20
546.658102787533
 10
535.0004320376449
 20
546.4178791540544
 10
534.8822478243839
 20
546.1489626688001
 10
534.7855516498976
 20
545.8513533317702
 10
534.7103435141861
 20
545.5250511429645
 10
534.6566234172493
 20
545.1700561023832
 10
534.6243913590872
 20
544.7863682100262
 10
534.6136473396998
 20
544.3739874658936
 10
534.6240121584029
 20
543.9559819116112
 10
534.6551066145122
 20
543.5675540107009
 10
534.7069307080277
 20
543.2087037631629
 10
534.7794844389495
 20
542.8794311689973
 10
534.8727678072773
 20
542.5797362282038
 10
534.9867808130115
 20
542.3096189407827
 10
535.1215234561519
 20
542.0690793067339
 10
535.2769957366984
 20
541.8581173260573
 10
535.4491528473524
 20
541.6742049941912
 10
535.633949980815
 20
541.514814306574
 10
535.8313871370864
 20
541.3799452632056
 10
536.0414643161664
 20
541.269597864086
 10
536.264181518055
 20
541.1837721092152
 10
536.4995387427523
 20
541.1224679985932
 10
536.7475359902583
 20
541.0856855322199
 10
537.0081732605729
 20
541.0734247100955
 10
537.4192268023106
 20
541.106288769398
 10
537.7948882801841
 20
541.2048809473056
 10
538.1351576941934
 20
541.3692012438182
 10
538.4400350443383
 20
541.5992496589358
 10
538.5770528915842
 20
541.739553912112
 10
538.700925115109
 20
541.8975541972203
 10
538.811651714913
 20
542.0732505142607
 10
538.9092326909959
 20
542.2666428632333
 10
538.9936680433577
 20
542.477731244138
 10
539.0649577719986
 20
542.7065156569747
 10
539.1231018769184
 20
542.9529961017437
 10
539.1681003581173
 20
543.2171725784448
  0
LWPOLYLINE
  5
22F
330
17
100
AcDbEntity
  8
line engraving
 62
1
420
16711680
100
AcDbPolyline
 90
95
 70
0
 10
547.7269126023191
 20
542.8369606923602
 10
549.2315809174623
 20
542.6508995566167
 10
549.1331151397828
 20
542.3304749784171
 10
549.0156893278904
 20
542.0285048335181
 10
548.879303481785
 20
541.7449891219198
 10
548.7239576014665
 20
541.4799278436221
 10
548.549651686935
 20
541.2333209986251
 10
548.3563857381905
 20
541.0051685869288
 10
548.1441597552331
 20
540.795470608533
 10
547.9129737380626
 20
540.604227063438
 10
547.663965288732
 20
540.433586755521
 10
547.3982720092939
 20
540.2856984886597
 10
547.1158938997484
 20
540.1605622628539
 10
546.8168309600954
 20
540.0581780781038
 10
546.501083190335
 20
539.9785459344091
 10
546.1686505904671
 20
539.9216658317702
 10
545.8195331604919
 20
539.8875377701868
 10
545.4537309004091
 20
539.876161749659
 10
544.9947084721125
 20
539.8943001823894
 10
544.5600812878366
 20
539.9487154805807
 10
544.1498493475815
 20
540.0394076442328
 10
543.7640126513471
 20
540.1663766733459
 10
543.4025711991334
 20
540.3296225679197
 10
543.0655249909404
 20
540.5291453279544
 10
542.7528740267682
 20
540.76494495345
 10
542.4646183066166
 20
541.0370214444065
 10
542.2058138396092
 20
541.3418355944374
 10
541.9815166348694
 20
541.6758481971564
 10
541.7917266923974
 20
542.0390592525632
 10
541.636444012193
 20
542.4314687606582
 10
541.5156685942562
 20
542.8530767214412
 10
541.4294004385871
 20
543.3038831349122
 10
541.3776395451856
 20
543.7838880010712
 10
541.3603859140518
 20
544.2930913199182
 10
541.3778291455277
 20
544.8199274705833
 10
541.4301588399557
 20
545.3164275665075
 10
541.5173749973354
 20
545.782591607691
 10
541.6394776176671
 20
546.2184195941337
 10
541.7964667009506
 20
546.6239115258355
 10
541.9883422471862
 20
546.9990674027966
 10
542.2151042563736
 20
547.343887225017
 10
542.4767527285129
 20
547.6583709924965
 10
542.7662092508313
 20
547.9389794988489
 10
543.0763954105558
 20
548.1821735376876
 10
543.4073112076867
 20
548.3879531090126
 10
543.7589566422237
 20
548.5563182128241
 10
544.1313317141669
 20
548.6872688491218
 10
544.5244364235162
 20
548.7808050179059
 10
544.9382707702719
 20
548.8369267191764
 10
545.3728347544337
 20
548.8556339529332
 10
545.7937475139622
 20
548.8373059198607
 10
546.1949418379091
 20
548.782321820643
 10
546.5764177262746
 20
548.6906816552802
 10
546.9381751790586
 20
548.5623854237722
 10
547.280214196261
 20
548.3974331261192
 10
547.6025347778819
 20
548.195824762321
 10
547.9051369239213
 20
547.9575603323776
 10
548.1880206343792
 20
547.6826398362892
 10
548.4439810962546
 20
547.374476080214
 10
548.6658134965467
 20
547.0364818703104
 10
548.8535178352553
 20
546.6686572065782
 10
549.0070941123805
 20
546.2710020890178
 10
549.1265423279224
 20
545.8435165176288
 10
549.2118624818809
 20
545.3862004924114
 10
549.2630545742559
 20
544.8990540133655
 10
549.2801186050476
 20
544.3820770804912
 10
549.2796130041353
 20
544.3092705491133
 10
549.2780962013983
 20
544.2202847885403
 10
549.2755681968365
 20
544.1151197987722
 10
549.2720289904502
 20
543.993775579809
 10
542.865054229195
 20
543.993775579809
 10
542.8952638837077
 20
543.6502197598696
 10
542.9454447742581
 20
543.3273935773364
 10
543.0155969008462
 20
543.0252970322093
 10
543.105720263472
 20
542.7439301244884
 10
543.2158148621354
 20
542.4832928541738
 10
543.3458806968365
 20
542.2433852212654
 10
543.4959177675754
 20
542.0242072257631
 10
543.6659260743519
 20
541.8257588676671
 10
543.8514816091831
 20
541.6494305494863
 10
544.0481603640858
 20
541.4966126737295
 10
544.2559623390603
 20
541.367305240397
 10
544.4748875341063
 20
541.2615082494884
 10
544.7049359492239
 20
541.179221701004
 10
544.9461075844133
 20
541.1204455949437
 10
545.1984024396742
 20
541.0851799313076
 10
545.4618205150067
 20
541.0734247100955
 10
545.8475940111272
 20
541.0997159575376
 10
546.2040426543315
 20
541.1785896998636
 10
546.5311664446197
 20
541.3100459370737
 10
546.8289653819917
 20
541.4940846691678
 10
547.0974394664477
 20
541.7357619052694
 10
547.3365886979876
 20
542.040133654502
 10
547.5464130766114
 20
542.4071999168657
 10
547.7269126023191
 20
542.8369606923602
  0
LWPOLYLINE
  5
230
330
17
100
AcDbEntity
  8
line engraving
 62
1
420
16711680
100
AcDbPolyline
 90
34
 70
0
 10
542.9459503751705
 20
545.1910385402456
 10
547.7430918315142
 20
545.1910385402456
 10
547.7132613776857
 20
545.4535718139815
 10
547.6723077037857
 20
545.6991674571539
 10
547.620230809814
 20
545.9278254697625
 10
547.5570306957707
 20
546.1395458518077
 10
547.4827073616558
 20
546.3343286032891
 10
547.3972608074693
 20
546.5121737242071
 10
547.300691033211
 20
546.6730812145613
 10
547.1929980388812
 20
546.817051074352
 10
547.0126249134016
 20
547.0142354301671
 10
546.8193589646571
 20
547.1851285385402
 10
546.6132001926478
 20
547.3297303994714
 10
546.3941485973737
 20
547.4480410129604
 10
546.1622041788347
 20
547.5400603790075
 10
545.9173669370309
 20
547.6057884976125
 10
545.6596368719623
 20
547.6452253687755
 10
545.3890139836288
 20
547.6583709924965
 10
545.1432287401144
 20
547.6478797735654
 10
544.9074291146187
 20
547.6164061167718
 10
544.681615107142
 20
547.5639500221158
 10
544.4657867176841
 20
547.4905114895976
 10
544.259943946245
 20
547.3960905192168
 10
544.0640867928248
 20
547.2806871109738
 10
543.8782152574233
 20
547.1443012648682
 10
543.7023293400408
 20
546.9869329809004
 10
543.5409794488883
 20
546.8119950652285
 10
543.3987159921768
 20
546.622900324011
 10
543.2755389699063
 20
546.4196487572476
 10
543.171448382077
 20
546.2022403649387
 10
543.0864442286887
 20
545.970675147084
 10
543.0205265097416
 20
545.7249531036836
 10
542.9736952252355
 20
545.4650742347374
 10
542.9459503751705
 20
545.1910385402456
  0
LWPOLYLINE
  5
231
330
17
100
AcDbEntity
  8
line engraving
 62
1
420
16711680
100
AcDbPolyline
 90
35
 70
0
 10
551.0436545873123
 20
540.0703125
 10
551.0436545873123
 20
548.6614832025921
 10
552.3541721521145
 20
548.6614832025921
 10
552.3541721521145
 20
547.3590552523874
 10
552.600146995971
 20
547.777187206898
 10
552.8365154224931
 20
548.1174566209072
 10
553.0632774316805
 20
548.3798634944151
 10
553.2804330235333
 20
548.5644078274215
 10
553.4980942162985
 20
548.6918192573329
 10
553.726373028223
 20
548.7828274215553
 10
553.9652694593067
 20
548.8374323200887
 10
554.2147835095498
 20
548.8556339529332
 10
554.584377776475
 20
548.826309100017
 10
554.9570056488744
 20
548.7383345412688
 10
555.3326671267479
 20
548.5917102766882
 10
555.7113622100954
 20
548.3864363062755
 10
555.2098061050476
 20
547.0354706684857
 10
554.9428488233286
 20
547.1734997175563
 10
554.6758915416098
 20
547.2720918954639
 10
554.4089342598908
 20
547.3312472022085
 10
554.1419769781718
 20
547.35096563779
 10
553.9094005584924
 20
547.3330168054016
 10
553.6889585607094
 20
547.2791703082368
 10
553.4806509848225
 20
547.1894261462952
 10
553.2844778308321
 20
547.063784319577
 10
553.1080231124232
 20
546.9062896353811
 10
552.9588708432809
 20
546.7209869010062
 10
552.8370210234054
 20
546.507876116452
 10
552.7424736527967
 20
546.266957281719
 10
552.6362974612039
 20
545.8695549646146
 10
552.5604573243519
 20
545.4539510146658
 10
552.5149532422406
 20
545.0201454318724
 10
552.4997852148703
 20
544.5681382162346
 10
552.4997852148703
 20
540.0703125
 10
551.0436545873123
 20
540.0703125
  0
CIRCLE
  5
232
330
17
100
AcDbEntity
  8
cut
 62
5
420
255
100
AcDbCircle
 10
704.9580000000001
 20
600.0
 30
0.0
 40
3.9
  0
CIRCLE
  5
233
330
17
100
AcDbEntity
  8
cut
 62
5
420
255
100
AcDbCircle
 10
489.0
 20
600.0
 30
0.0
 40
10.9
  0
LWPOLYLINE
  5
234
330
17
100
AcDbEntity
  8
cut
 62
5
420
255
100
AcDbPolyline
 90
4
 70
1
 10
489.0
 20
624.0
 42
0.9999999999999999
 10
489.0
 20
576.0
 10
704.9754276326746
 20
576.0000063275504
 42
0.9992741120950986
 10
704.9754276326746
 20
623.9999936724496
  0
LWPOLYLINE
  5
235
330
17
100
AcDbEntity
  8
line engraving
 62
1
420
16711680
100
AcDbPolyline
 90
159
 70
0
 10
506.2676377899044
 20
596.6347203274215
 10
507.7075891882673
 20
596.8612295361528
 10
507.7953109465594
 20
596.4537152008015
 10
507.9371320024726
 20
596.0967609566849
 10
508.1330523560069
 20
595.7903668038028
 10
508.38307200716224
 20
595.5345327421555
 10
508.687696556851
 20
595.3327979781293
 10
509.0474316059856
 20
595.1887017181106
 10
509.46227715456587
 20
595.1022439620992
 10
509.932233202592
 20
595.0734247100955
 10
510.17492164051833
 20
595.0798079216139
 10
510.40143084924955
 20
595.098957556169
 10
510.61176082878575
 20
595.1308736137609
 10
510.8059115791268
 20
595.1755560943895
 10
510.98388310027275
 20
595.2330049980549
 10
511.14567539222367
 20
595.303220324757
 10
511.29128845497945
 20
595.3862020744958
 10
511.42072228854016
 20
595.4819502472715
 10
511.6330746717257
 20
595.6950610318255
 10
511.78475494542965
 20
595.9258678483118
 10
511.875763109652
 20
596.1743706967301
 10
511.9060991643928
 20
596.4405695770805
 10
511.87930231603843
 20
596.6741571985846
 10
511.79891177097534
 20
596.8814535726467
 10
511.6649275292035
 20
597.0624586992667
 10
511.47734959072295
 20
597.2171725784448
 10
511.3886166306061
 20
597.2673534689951
 10
511.27207562031026
 20
597.3208207654758
 10
511.12772655983537
 20
597.3775744678867
 10
510.9555694491813
 20
597.4376145762278
 10
510.7556042883483
 20
597.5009410904992
 10
510.5278310773362
 20
597.5675540107009
 10
510.27224981614506
 20
597.6374533368328
 10
509.98886050477483
 20
597.7106390688949
 10
509.6037822099089
 20
597.8100528482851
 10
509.24941917046806
 20
597.9060538215168
 10
508.9257713864522
 20
597.9986419885903
 10
508.63283885786143
 20
598.0878173495055
 10
508.37062158469575
 20
598.1735799042623
 10
508.13911956695506
 20
598.2559296528607
 10
507.93833280463946
 20
598.3348665953008
 10
507.7682612977489
 20
598.4103907315825
 10
507.47754077314966
 20
598.5721830235334
 10
507.2242347160641
 20
598.7622889665757
 10
507.0083431264921
 20
598.9807085607094
 10
506.82986600443377
 20
599.2274418059345
 10
506.69006735216993
 20
599.495157489022
 10
506.5902111719815
 20
599.7765243967428
 10
506.5302974638684
 20
600.0715425290971
 10
506.5103262278307
 20
600.3802118860846
 10
506.52675825748196
 20
600.6620843947178
 10
506.57605434643574
 20
600.9333392841917
 10
506.65821449469206
 20
601.1939765545063
 10
506.7732387022509
 20
601.4439962056616
 10
506.91657656090115
 20
601.6783422285342
 10
507.0836776624317
 20
601.8919586140007
 10
507.2745420068425
 20
602.0848453620608
 10
507.4891695941336
 20
602.2570024727148
 10
507.6744723285086
 20
602.3775882903095
 10
507.89061671853676
 20
602.4885676905697
 10
508.137602764218
 20
602.5899406734951
 10
508.41543046555245
 20
602.681707239086
 10
508.713987804293
 20
602.7578001763942
 10
509.02316276219295
 20
602.8121522744714
 10
509.3429553392521
 20
602.8447635333177
 10
509.67336553547057
 20
602.8556339529332
 10
510.16354561999054
 20
602.8374323200887
 10
510.6228840488574
 20
602.7828274215553
 10
511.05138082207105
 20
602.6918192573329
 10
511.4490359396316
 20
602.5644078274215
 10
511.8062429842044
 20
602.4059019414009
 10
512.1133955384548
 20
602.2216104088507
 10
512.370493602383
 20
602.0115332297706
 10
512.5775371759889
 20
601.775670404161
 10
512.745396678888
 20
601.5059323174241
 10
512.8849425306956
 20
601.1942293549625
 10
512.9961747314119
 20
600.8405615167761
 10
513.0790932810368
 20
600.444928802865
 10
511.65532111186894
 20
600.2507780525239
 10
511.5837785827719
 20
600.5642506181787
 10
511.4662263706513
 20
600.8413199181446
 10
511.30266447550724
 20
601.0819859524215
 10
511.0930928973396
 20
601.2862487210095
 10
510.83650043432374
 20
601.4490522147851
 10
510.531875884635
 20
601.5653404246248
 10
510.1792192482733
 20
601.6351133505286
 10
509.77853052523864
 20
601.6583709924965
 10
509.5367268889089
 20
601.653188583145
 10
509.3128720849675
 20
601.6376413550903
 10
509.1069661134144
 20
601.6117293083325
 10
508.91900897424955
 20
601.5754524428717
 10
508.74900066747307
 20
601.5288107587078
 10
508.59694119308483
 20
601.4718042558407
 10
508.46283055108495
 20
601.4044329342705
 10
508.3466687414733
 20
601.3266967939973
 10
508.15909080299275
 20
601.1537812819747
 10
508.0251065612209
 20
600.9667089444065
 10
507.9447160161578
 20
600.7654797812926
 10
507.91791916780346
 20
600.550093792633
 10
507.9290423878751
 20
600.4120647435624
 10
507.96241204808996
 20
600.2811141072647
 10
508.0180281484481
 20
600.1572418837397
 10
508.09589068894945
 20
600.0404480729877
 10
508.1975164723311
 20
599.9282046704468
 10
508.32442230133006
 20
599.8260732861528
 10
508.47660817594635
 20
599.7340539201058
 10
508.65407409618
 20
599.6521465723056
 10
508.72195101866254
 20
599.6286361298814
 10
508.81637198904326
 20
599.5985528755969
 10
508.9373370073221
 20
599.5618968094517
 10
509.08484607349925
 20
599.5186679314461
 10
509.2588991875745
 20
599.46886624158
 10
509.45949634954803
 20
599.4124917398534
 10
509.6866375594197
 20
599.3495444262662
 10
509.94032281718955
 20
599.2800243008186
 10
510.3120026878783
 20
599.1792201189195
 10
510.654484105879
 20
599.0830927454596
 10
510.9677670711917
 20
598.9916421804389
 10
511.25185158381646
 20
598.9048684238574
 10
511.5067376437531
 20
598.8227714757152
 10
511.7324252510018
 20
598.745351336012
 10
511.92891440556247
 20
598.6726080047482
 10
512.0962051074351
 20
598.6045414819235
 10
512.3851560288412
 20
598.4581700177993
 10
512.6412428909447
 20
598.2819680998465
 10
512.8644656937456
 20
598.0759357280654
 10
513.0548244372441
 20
597.8400729024556
 10
513.2070103118604
 20
597.5741268225614
 10
513.3157145080149
 20
597.2778446879263
 10
513.3809370257076
 20
596.9512264985505
 10
513.4026778649385
 20
596.5942722544338
 10
513.3761338170403
 20
596.2355484071239
 10
513.2965016733457
 20
595.8874421789734
 10
513.1637814338548
 20
595.5499535699821
 10
512.9779730985674
 20
595.22308258015
 10
512.7421102729578
 20
594.9197220327421
 10
512.4592265624999
 20
594.6527647510231
 10
512.1293219671937
 20
594.4222107349932
 10
511.75239648703945
 20
594.2280599846521
 10
511.33881494074
 20
594.0741045068426
 10
510.89894214699854
 20
593.9641363084072
 10
510.4327781058151
 20
593.898155389346
 10
509.94032281718955
 20
593.876161749659
 10
509.53413568423315
 20
593.8870321692744
 10
509.15284939620983
 20
593.9196434281208
 10
508.7964639531196
 20
593.973995526198
 10
508.4649793549624
 20
594.0500884635062
 10
508.1583956017383
 20
594.1479222400452
 10
507.87671269344725
 20
594.2674968558151
 10
507.61993063008924
 20
594.408812310816
 10
507.3880494116643
 20
594.5718686050477
 10
507.1785410336107
 20
594.7562865378261
 10
506.98887749136674
 20
594.9616869084668
 10
506.81905878493234
 20
595.1880697169701
 10
506.6690849143075
 20
595.4354349633356
 10
506.53895587949233
 20
595.7037826475635
 10
506.4286716804868
 20
595.9931127696537
 10
506.3382323172908
 20
596.3034253296065
 10
506.2676377899044
 20
596.6347203274215
  0
LWPOLYLINE
  5
236
330
17
100
AcDbEntity
  8
line engraving
 62
1
420
16711680
100
AcDbPolyline
 90
50
 70
0
 10
515.133855388813
 20
590.7778393587995
 10
515.133855388813
 20
602.6614832025921
 10
516.4605521828103
 20
602.6614832025921
 10
516.4605521828103
 20
601.545116388131
 10
516.7027350198242
 20
601.8522689423814
 10
516.9600858842086
 20
602.1184678227319
 10
517.2326047759634
 20
602.3437130291823
 10
517.5202916950885
 20
602.5280045617326
 10
517.8312362561817
 20
602.6713424203829
 10
518.1735280738403
 20
602.7737266051331
 10
518.5471671480643
 20
602.8351571159832
 10
518.9521534788539
 20
602.8556339529332
 10
519.4860680422919
 20
602.8202418890689
 10
519.9876241473396
 20
602.7140656974761
 10
520.4568217939972
 20
602.5371053781549
 10
520.8936609822646
 20
602.2893609311051
 10
521.2885352948072
 20
601.9771523677312
 10
521.6318383142905
 20
601.6067996994373
 10
521.9235700407144
 20
601.1783029262235
 10
522.163730474079
 20
600.69166204809
 10
522.3513084125595
 20
600.1635618951441
 10
522.4852926543314
 20
599.6106872974932
 10
522.5656831993945
 20
599.0330382551373
 10
522.5924800477488
 20
598.4306147680765
 10
522.5629023943766
 20
597.7877432080278
 10
522.4741694342597
 20
597.1777357072817
 10
522.3262811673984
 20
596.6005922658381
 10
522.1192375937925
 20
596.0563128836972
 10
521.9942277682148
 20
595.8000996213656
 10
521.85581951846
 20
595.5593071868605
 10
521.7040128445279
 20
595.333935580182
 10
521.5388077464187
 20
595.1239848013302
 10
521.3602042241323
 20
594.9294548503048
 10
521.1682022776687
 20
594.750345727106
 10
520.9628019070279
 20
594.5866574317338
 10
520.74400311221
 20
594.4383899641882
 10
520.2871926879048
 20
594.1924151203317
 10
519.8187534426158
 20
594.0167188032913
 10
519.3386853763428
 20
593.911301013067
 10
518.8469884890859
 20
593.876161749659
 10
518.4923094490748
 20
593.8953745843281
 10
518.1563376428205
 20
593.9530130883356
 10
517.8390730703231
 20
594.0490772616814
 10
517.5405157315824
 20
594.1835671043656
 10
517.264204832985
 20
594.3473817999659
 10
517.0136795809174
 20
594.53142053206
 10
516.7889399753793
 20
594.735683300648
 10
516.589986016371
 20
594.9601701057298
 10
516.589986016371
 20
590.7778393587995
 10
515.133855388813
 20
590.7778393587995
  0
LWPOLYLINE
  5
237
330
17
100
AcDbEntity
  8
line engraving
 62
1
420
16711680
100
AcDbPolyline
 90
65
 70
0
 10
516.4524625682127
 20
598.3173601637108
 10
516.4629537871439
 20
597.9162922399919
 10
516.4944274439374
 20
597.5422739650836
 10
516.5468835385934
 20
597.1953053389858
 10
516.6203220711118
 20
596.8753863616985
 10
516.7147430414925
 20
596.5825170332217
 10
516.8301464497356
 20
596.3166973535556
 10
516.966532295841
 20
596.0779273226999
 10
517.123900579809
 20
595.8662069406548
 10
517.296184090691
 20
595.6803986053675
 10
517.4773156175391
 20
595.5193647147852
 10
517.6672951603533
 20
595.3831052689078
 10
517.8661227191336
 20
595.2716202677353
 10
518.0737982938799
 20
595.1849097112679
 10
518.2903218845923
 20
595.1229735995055
 10
518.5156934912708
 20
595.085811932448
 10
518.7499131139153
 20
595.0734247100955
 10
518.9882407439727
 20
595.0862543332463
 10
519.217846758292
 20
595.1247432026987
 10
519.4387311568734
 20
595.1888913184526
 10
519.6508939397168
 20
595.2786986805082
 10
519.8543351068222
 20
595.3941652888653
 10
520.0490546581897
 20
595.5352911435241
 10
520.2350525938192
 20
595.7020762444844
 10
520.4123289137107
 20
595.8945205917463
 10
520.5744372062318
 20
596.1138881875906
 10
520.71493105975
 20
596.3614430342983
 10
520.8338104742655
 20
596.6371851318693
 10
520.9310754497782
 20
596.9411144803036
 10
521.0067259862881
 20
597.2732310796011
 10
521.0607620837951
 20
597.633534929762
 10
521.0931837422993
 20
598.0220260307864
 10
521.1039909618007
 20
598.4387043826739
 10
521.0934365427555
 20
598.8363595002345
 10
521.0617732856198
 20
599.2082289712653
 10
521.0090011903936
 20
599.5543127957665
 10
520.935120257077
 20
599.8746109737381
 10
520.8401304856699
 20
600.1691235051799
 10
520.7240318761724
 20
600.4378503900921
 10
520.5868244285844
 20
600.6807916284746
 10
520.4285081429058
 20
600.8979472203274
 10
520.2555294307692
 20
601.0894435658787
 10
520.074334703807
 20
601.2554070653564
 10
519.8849239620192
 20
601.3958377187606
 10
519.6872972054058
 20
601.5107355260914
 10
519.4814544339667
 20
601.6001004873486
 10
519.267395647702
 20
601.6639326025324
 10
519.0451208466117
 20
601.7022318716427
 10
518.8146300306956
 20
601.7149982946794
 10
518.5854032170605
 20
601.7014102701601
 10
518.362875615514
 20
601.6606461966021
 10
518.1470472260561
 20
601.5927060740056
 10
517.9379180486868
 20
601.4975899023704
 10
517.735488083406
 20
601.3752976816966
 10
517.5397573302139
 20
601.2258294119841
 10
517.3507257891104
 20
601.0491850932331
 10
517.1683934600954
 20
600.8453647254433
 10
517.0005971573104
 20
600.6156323108959
 10
516.8551736948967
 20
600.3612518518715
 10
516.7321230728544
 20
600.0822233483703
 10
516.6314452911834
 20
599.7785468003922
 10
516.5531403498837
 20
599.4502222079373
 10
516.4972082489554
 20
599.0972495710052
 10
516.4636489883984
 20
598.7196288895965
 10
516.4524625682127
 20
598.3173601637108
  0
LWPOLYLINE
  5
238
330
17
100
AcDbEntity
  8
line engraving
 62
1
420
16711680
100
AcDbPolyline
 90
128
 70
0
 10
529.9540293315142
 20
595.1300520122783
 10
529.5533406084796
 20
594.8115234375
 10
529.1602358991302
 20
594.5435549539563
 10
528.7747152034659
 20
594.3261465616473
 10
528.3967785214869
 20
594.159298260573
 10
528.0158082340338
 20
594.0354260370481
 10
527.6211867219474
 20
593.9469458773875
 10
527.2129139852276
 20
593.8938577815911
 10
526.7909900238744
 20
593.876161749659
 10
526.4473078037068
 20
593.8869689691604
 10
526.1241024204894
 20
593.9193906276646
 10
525.8213738742219
 20
593.9734267251716
 10
525.5391221649045
 20
594.0490772616815
 10
525.277347292537
 20
594.1463422371942
 10
525.0360492571197
 20
594.2652216517096
 10
524.8152280586522
 20
594.4057155052278
 10
524.6148836971349
 20
594.5678237977489
 10
524.4366593755328
 20
594.7467433206056
 10
524.282198296811
 20
594.9376708651304
 10
524.1515004609694
 20
595.1406064313235
 10
524.044565868008
 20
595.3555500191849
 10
523.961394517927
 20
595.5825016287143
 10
523.9019864107264
 20
595.8214612599121
 10
523.8663415464059
 20
596.0724289127782
 10
523.8544599249658
 20
596.3354045873124
 10
523.8724087573542
 20
596.6440739443
 10
523.926255254519
 20
596.9390920766541
 10
524.0159994164605
 20
597.220458984375
 10
524.1416412431786
 20
597.4881746674624
 10
524.2963551223567
 20
597.7361719149684
 10
524.473315441678
 20
597.9583835159447
 10
524.6725222011424
 20
598.1548094703913
 10
524.8939754007503
 20
598.3254497783083
 10
525.1338830336587
 20
598.4735908456258
 10
525.3884530930252
 20
598.6025190782742
 10
525.6576855788497
 20
598.7122344762535
 10
525.9415804911323
 20
598.8027370395635
 10
526.1832577272339
 20
598.8588587408339
 10
526.479539861869
 20
598.9139692402797
 10
526.8304268950375
 20
598.9680685379008
 10
527.2359188267393
 20
599.0211566336972
 10
527.6622667960755
 20
599.0750031308621
 10
528.0595427129517
 20
599.1313776325887
 10
528.4277465773681
 20
599.190280138877
 10
528.7668783893246
 20
599.2517106497271
 10
529.0769381488211
 20
599.315669165139
 10
529.3579258558577
 20
599.3821556851126
 10
529.6098415104343
 20
599.4511702096479
 10
529.8326851125511
 20
599.5227127387449
 10
529.8362243189375
 20
599.658719384166
 10
529.8387523234992
 20
599.7674235803206
 10
529.8402691262363
 20
599.8488253272084
 10
529.8407747271486
 20
599.9029246248294
 10
529.8343283155162
 20
600.1171730114363
 10
529.814989080619
 20
600.3149893683919
 10
529.7827570224568
 20
600.4963736956962
 10
529.73763214103
 20
600.6613259933492
 10
529.6796144363382
 20
600.809846261351
 10
529.6087039083816
 20
600.9419344997016
 10
529.5249005571601
 20
601.0575907084009
 10
529.4282043826738
 20
601.1568148874488
 10
529.2801897155844
 20
601.2724710961481
 10
529.1152374179313
 20
601.3727064770209
 10
528.9333474897146
 20
601.4575210300669
 10
528.7345199309344
 20
601.5269147552865
 10
528.5187547415906
 20
601.5808876526795
 10
528.286051921683
 20
601.6194397222459
 10
528.036411471212
 20
601.6425709639858
 10
527.7698333901773
 20
601.6502813778991
 10
527.521393741873
 20
601.6446565677493
 10
527.2897653239042
 20
601.6277821372996
 10
527.074948136271
 20
601.5996580865503
 10
526.8769421789733
 20
601.5602844155014
 10
526.6957474520111
 20
601.5096611241527
 10
526.5313639553844
 20
601.4477882125043
 10
526.3837916890933
 20
601.3746656805562
 10
526.2530306531377
 20
601.2902935283083
 10
526.024246240301
 20
601.0756659410172
 10
525.8273146849419
 20
600.7917710287346
 10
525.6622359870607
 20
600.4386087914606
 10
525.5290101466575
 20
600.0161792291951
 10
524.1052379774897
 20
600.2103299795361
 10
524.2179869809429
 20
600.6453995646103
 10
524.3620832409617
 20
601.0364818703104
 10
524.537526757546
 20
601.3835768966363
 10
524.7443175306956
 20
601.686684643588
 10
524.9915563768332
 20
601.9516195216576
 10
525.2883441123805
 20
602.1841959413371
 10
525.6346807373379
 20
602.3844139026262
 10
526.0305662517052
 20
602.5522734055253
 10
526.4679110408849
 20
602.6849936450162
 10
526.9386254902796
 20
602.7797938160812
 10
527.4427095998891
 20
602.8366739187202
 10
527.9801633697134
 20
602.8556339529332
 10
528.5044715158167
 20
602.8394547237381
 10
528.9772083688607
 20
602.7909170361529
 10
529.3983739288453
 20
602.7100208901774
 10
529.7679681957707
 20
602.5967662858118
 10
530.0890247751107
 20
602.4589900371974
 10
530.3645772723396
 20
602.3045289584754
 10
530.5946256874572
 20
602.1333830496462
 10
530.7791700204638
 20
601.9455523107094
 10
530.9288278905183
 20
601.7364863334542
 10
531.0542169167802
 20
601.5016347096691
 10
531.1553370992496
 20
601.2409974393546
 10
531.2321884379262
 20
600.9545745225103
 10
531.264041295404
 20
600.7310989192531
 10
531.2867933364597
 20
600.4327943809686
 10
531.3004445610931
 20
600.0596609076568
 10
531.3049949693042
 20
599.6116984993179
 10
531.3049949693042
 20
597.6701909959072
 10
531.3064485719271
 20
597.1858885219933
 10
531.3108093797962
 20
596.7482277322433
 10
531.3180773929112
 20
596.3572086266573
 10
531.3282526112721
 20
596.0128312052353
 10
531.3413350348791
 20
595.7150954679772
 10
531.357324663732
 20
595.4640014148831
 10
531.376221497831
 20
595.259549045953
 10
531.398025537176
 20
595.1017383611869
 10
531.4559168416396
 20
594.8355394808365
 10
531.5365601871588
 20
594.5749022105218
 10
531.6399555737337
 20
594.3198265502431
 10
531.7661030013642
 20
594.0703125
 10
530.2452554570258
 20
594.0703125
 10
530.1421128709071
 20
594.3064281260658
 10
530.0591943212823
 20
594.5617565868008
 10
529.9964998081514
 20
594.8362978822049
 10
529.9540293315142
 20
595.1300520122783
  0
LWPOLYLINE
  5
239
330
17
100
AcDbEntity
  8
line engraving
 62
1
420
16711680
100
AcDbPolyline
 90
42
 70
0
 10
529.8326851125511
 20
598.3820770804912
 10
529.6221023325587
 20
598.3026977372527
 10
529.3867451078614
 20
598.2263519994884
 10
529.1266134384591
 20
598.1530398671981
 10
528.8417073243519
 20
598.0827613403819
 10
528.5320267655396
 20
598.0155164190398
 10
528.1975717620223
 20
597.9513051031719
 10
527.8383423138001
 20
597.8901273927779
 10
527.454338420873
 20
597.8319832878581
 10
527.0382288700118
 20
597.7652439674283
 10
526.6878474377556
 20
597.6944598396998
 10
526.4031941241046
 20
597.6196309046726
 10
526.1842689290586
 20
597.5407571623465
 10
526.0088254124743
 20
597.4505073994926
 10
525.8546171342086
 20
597.3415504028819
 10
525.7216440942615
 20
597.2138861725144
 10
525.6099062926329
 20
597.0675147083901
 10
525.5214261329722
 20
596.9074920196325
 10
525.4582260189289
 20
596.7388741153649
 10
525.420305950503
 20
596.5616609955874
 10
525.4076659276943
 20
596.3758526603001
 10
525.4352211774172
 20
596.0967609566849
 10
525.5178869265859
 20
595.8419380968622
 10
525.6556631752003
 20
595.6113840808322
 10
525.8485499232605
 20
595.4050989085948
 10
526.094524767117
 20
595.2352170020464
 10
526.3915653031206
 20
595.1138727830833
 10
526.7396715312713
 20
595.0410662517053
 10
527.1388434515688
 20
595.0167974079127
 10
527.5478745896571
 20
595.0398022494245
 10
527.9336480857776
 20
595.1088167739597
 10
528.29616393993
 20
595.2238409815186
 10
528.6354221521145
 20
595.3848748721009
 10
528.9413107040842
 20
595.5858512347587
 10
529.203717577592
 20
595.8207028585437
 10
529.422642772638
 20
596.0894297434559
 10
529.5980862892222
 20
596.3920318894952
 10
529.7007232744286
 20
596.6680899876364
 10
529.7740354067189
 20
597.0027977916097
 10
529.8180226860931
 20
597.3961553014154
 10
529.8326851125511
 20
597.8481625170532
 10
529.8326851125511
 20
598.3820770804912
  0
LWPOLYLINE
  5
23A
330
17
100
AcDbEntity
  8
line engraving
 62
1
420
16711680
100
AcDbPolyline
 90
119
 70
0
 10
539.1681003581173
 20
597.2171725784448
 10
540.5999621418825
 20
597.0311114427012
 10
540.5298732154085
 20
596.6710603929964
 10
540.4369058476508
 20
596.3311069795575
 10
540.3210600386094
 20
596.0112512023843
 10
540.1823357882844
 20
595.7114930614769
 10
540.0207330966756
 20
595.4318325568352
 10
539.8362519637832
 20
595.1722696884592
 10
539.628892389607
 20
594.9328044563491
 10
539.3986543741472
 20
594.7134368605048
 10
539.1500883256149
 20
594.5172005064003
 10
538.887744652221
 20
594.3471289995098
 10
538.6116233539658
 20
594.2032223398331
 10
538.3217244308491
 20
594.0854805273705
 10
538.0180478828711
 20
593.9939035621217
 10
537.7005937100315
 20
593.9284914440868
 10
537.3693619123305
 20
593.889244173266
 10
537.024352489768
 20
593.876161749659
 10
536.5942757137033
 20
593.8941737821614
 10
536.1858133766414
 20
593.9482098796684
 10
535.7989654785822
 20
594.0382700421801
 10
535.4337320195259
 20
594.1643542696966
 10
535.0901129994724
 20
594.3264625622176
 10
534.7681084184217
 20
594.5245949197434
 10
534.4677182763738
 20
594.7587513422739
 10
534.1889425733287
 20
595.028931829809
 10
533.9377221200066
 20
595.3327347780153
 10
533.7199977271273
 20
595.6677585825589
 10
533.535769394691
 20
596.0340032434399
 10
533.3850371226977
 20
596.4314687606583
 10
533.2678009111473
 20
596.8601551342141
 10
533.18406076004
 20
597.3200623641073
 10
533.1338166693755
 20
597.8111904503379
 10
533.117068639154
 20
598.3335393929059
 10
533.1458878911578
 20
599.0075054090638
 10
533.232345647169
 20
599.6379897467599
 10
533.3764419071879
 20
600.2249924059942
 10
533.5781766712141
 20
600.7685133867667
 10
533.7009744928002
 20
601.021250642826
 10
533.8388139415288
 20
601.257682269462
 10
533.9916950173995
 20
601.4778082666749
 10
534.1596177204126
 20
601.6816286344646
 10
534.342582050568
 20
601.8691433728311
 10
534.5405880078657
 20
602.0403524817744
 10
534.7536355923057
 20
602.1952559612946
 10
534.981724803888
 20
602.3338538113916
 10
535.463309672898
 20
602.5621326233161
 10
535.9656241793143
 20
602.7251889175478
 10
536.4886683231368
 20
602.8230226940868
 10
537.0324421043655
 20
602.8556339529332
 10
537.3743547213398
 20
602.8445739329757
 10
537.7003409095753
 20
602.8113938731029
 10
538.0104006690718
 20
602.756093773315
 10
538.3045339998293
 20
602.6786736336119
 10
538.5827409018481
 20
602.5791334539937
 10
538.8450213751278
 20
602.4574732344603
 10
539.0913754196687
 20
602.3136929750117
 10
539.3218030354706
 20
602.147792675648
 10
539.5342818188842
 20
601.9615419395624
 10
539.7267893662602
 20
601.756710369948
 10
539.8993256775984
 20
601.5332979668049
 10
540.051890752899
 20
601.291304730133
 10
540.1844845921619
 20
601.0307306599324
 10
540.2971071953871
 20
600.7515757562031
 10
540.3897585625746
 20
600.453840018945
 10
540.4624386937244
 20
600.1375234481583
 10
539.0467561391541
 20
599.9191038540246
 10
538.9261703215594
 20
600.3251013866388
 10
538.7666532337141
 20
600.6775052225444
 10
538.5682048756181
 20
600.9763153617412
 10
538.3308252472714
 20
601.2215318042292
 10
538.0605815596222
 20
601.4126489490961
 10
537.7635410236186
 20
601.5491611954297
 10
537.4397036392606
 20
601.6310685432298
 10
537.0890694065483
 20
601.6583709924965
 10
536.8204689218643
 20
601.6460469702581
 10
536.564761260445
 20
601.6090749035427
 10
536.3219464222906
 20
601.5474547923505
 10
536.092024407401
 20
601.4611866366814
 10
535.8749952157763
 20
601.3502704365354
 10
535.6708588474164
 20
601.2147061919125
 10
535.4796153023213
 20
601.0544939028127
 10
535.3012645804911
 20
600.869633569236
 10
535.1401042896806
 20
600.658102787533
 10
535.0004320376449
 20
600.4178791540544
 10
534.8822478243839
 20
600.1489626688001
 10
534.7855516498976
 20
599.8513533317702
 10
534.7103435141861
 20
599.5250511429645
 10
534.6566234172493
 20
599.1700561023832
 10
534.6243913590872
 20
598.7863682100262
 10
534.6136473396998
 20
598.3739874658936
 10
534.6240121584029
 20
597.9559819116112
 10
534.6551066145122
 20
597.5675540107009
 10
534.7069307080277
 20
597.2087037631629
 10
534.7794844389495
 20
596.8794311689973
 10
534.8727678072773
 20
596.5797362282038
 10
534.9867808130115
 20
596.3096189407827
 10
535.1215234561519
 20
596.0690793067339
 10
535.2769957366984
 20
595.8581173260573
 10
535.4491528473524
 20
595.6742049941912
 10
535.633949980815
 20
595.514814306574
 10
535.8313871370864
 20
595.3799452632056
 10
536.0414643161664
 20
595.269597864086
 10
536.264181518055
 20
595.1837721092152
 10
536.4995387427523
 20
595.1224679985932
 10
536.7475359902583
 20
595.0856855322199
 10
537.0081732605729
 20
595.0734247100955
 10
537.4192268023106
 20
595.106288769398
 10
537.7948882801841
 20
595.2048809473056
 10
538.1351576941934
 20
595.3692012438182
 10
538.4400350443383
 20
595.5992496589358
 10
538.5770528915842
 20
595.739553912112
 10
538.700925115109
 20
595.8975541972203
 10
538.811651714913
 20
596.0732505142607
 10
538.9092326909959
 20
596.2666428632333
 10
538.9936680433577
 20
596.477731244138
 10
539.0649577719986
 20
596.7065156569747
 10
539.1231018769184
 20
596.9529961017437
 10
539.1681003581173
 20
597.2171725784448
  0
LWPOLYLINE
  5
23B
330
17
100
AcDbEntity
  8
line engraving
 62
1
420
16711680
100
AcDbPolyline
 90
95
 70
0
 10
547.7269126023191
 20
596.8369606923602
 10
549.2315809174623
 20
596.6508995566167
 10
549.1331151397828
 20
596.3304749784171
 10
549.0156893278904
 20
596.0285048335181
 10
548.879303481785
 20
595.7449891219198
 10
548.7239576014665
 20
595.4799278436221
 10
548.549651686935
 20
595.2333209986251
 10
548.3563857381905
 20
595.0051685869288
 10
548.1441597552331
 20
594.795470608533
 10
547.9129737380626
 20
594.604227063438
 10
547.663965288732
 20
594.433586755521
 10
547.3982720092939
 20
594.2856984886597
 10
547.1158938997484
 20
594.1605622628539
 10
546.8168309600954
 20
594.0581780781038
 10
546.501083190335
 20
593.9785459344091
 10
546.1686505904671
 20
593.9216658317702
 10
545.8195331604919
 20
593.8875377701868
 10
545.4537309004091
 20
593.876161749659
 10
544.9947084721125
 20
593.8943001823894
 10
544.5600812878366
 20
593.9487154805807
 10
544.1498493475815
 20
594.0394076442328
 10
543.7640126513471
 20
594.1663766733459
 10
543.4025711991334
 20
594.3296225679197
 10
543.0655249909404
 20
594.5291453279544
 10
542.7528740267682
 20
594.76494495345
 10
542.4646183066166
 20
595.0370214444065
 10
542.2058138396092
 20
595.3418355944374
 10
541.9815166348694
 20
595.6758481971564
 10
541.7917266923974
 20
596.0390592525632
 10
541.636444012193
 20
596.4314687606582
 10
541.5156685942562
 20
596.8530767214412
 10
541.4294004385871
 20
597.3038831349122
 10
541.3776395451856
 20
597.7838880010712
 10
541.3603859140518
 20
598.2930913199182
 10
541.3778291455277
 20
598.8199274705833
 10
541.4301588399557
 20
599.3164275665075
 10
541.5173749973354
 20
599.782591607691
 10
541.6394776176671
 20
600.2184195941337
 10
541.7964667009506
 20
600.6239115258355
 10
541.9883422471862
 20
600.9990674027966
 10
542.2151042563736
 20
601.343887225017
 10
542.4767527285129
 20
601.6583709924965
 10
542.7662092508313
 20
601.9389794988489
 10
543.0763954105558
 20
602.1821735376876
 10
543.4073112076867
 20
602.3879531090126
 10
543.7589566422237
 20
602.5563182128241
 10
544.1313317141669
 20
602.6872688491218
 10
544.5244364235162
 20
602.7808050179059
 10
544.9382707702719
 20
602.8369267191764
 10
545.3728347544337
 20
602.8556339529332
 10
545.7937475139622
 20
602.8373059198607
 10
546.1949418379091
 20
602.782321820643
 10
546.5764177262746
 20
602.6906816552802
 10
546.9381751790586
 20
602.5623854237722
 10
547.280214196261
 20
602.3974331261192
 10
547.6025347778819
 20
602.195824762321
 10
547.9051369239213
 20
601.9575603323776
 10
548.1880206343792
 20
601.6826398362892
 10
548.4439810962546
 20
601.374476080214
 10
548.6658134965467
 20
601.0364818703104
 10
548.8535178352553
 20
600.6686572065782
 10
549.0070941123805
 20
600.2710020890178
 10
549.1265423279224
 20
599.8435165176288
 10
549.2118624818809
 20
599.3862004924114
 10
549.2630545742559
 20
598.8990540133655
 10
549.2801186050476
 20
598.3820770804912
 10
549.2796130041353
 20
598.3092705491133
 10
549.2780962013983
 20
598.2202847885403
 10
549.2755681968365
 20
598.1151197987722
 10
549.2720289904502
 20
597.993775579809
 10
542.865054229195
 20
597.993775579809
 10
542.8952638837077
 20
597.6502197598696
 10
542.9454447742581
 20
597.3273935773364
 10
543.0155969008462
 20
597.0252970322093
 10
543.105720263472
 20
596.7439301244884
 10
543.2158148621354
 20
596.4832928541738
 10
543.3458806968365
 20
596.2433852212654
 10
543.4959177675754
 20
596.0242072257631
 10
543.6659260743519
 20
595.8257588676671
 10
543.8514816091831
 20
595.6494305494863
 10
544.0481603640858
 20
595.4966126737295
 10
544.2559623390603
 20
595.367305240397
 10
544.4748875341063
 20
595.2615082494884
 10
544.7049359492239
 20
595.179221701004
 10
544.9461075844133
 20
595.1204455949437
 10
545.1984024396742
 20
595.0851799313076
 10
545.4618205150067
 20
595.0734247100955
 10
545.8475940111272
 20
595.0997159575376
 10
546.2040426543315
 20
595.1785896998636
 10
546.5311664446197
 20
595.3100459370737
 10
546.8289653819917
 20
595.4940846691678
 10
547.0974394664477
 20
595.7357619052694
 10
547.3365886979876
 20
596.040133654502
 10
547.5464130766114
 20
596.4071999168657
 10
547.7269126023191
 20
596.8369606923602
  0
LWPOLYLINE
  5
23C
330
17
100
AcDbEntity
  8
line engraving
 62
1
420
16711680
100
AcDbPolyline
 90
34
 70
0
 10
542.9459503751705
 20
599.1910385402456
 10
547.7430918315142
 20
599.1910385402456
 10
547.7132613776857
 20
599.4535718139815
 10
547.6723077037857
 20
599.6991674571539
 10
547.620230809814
 20
599.9278254697625
 10
547.5570306957707
 20
600.1395458518077
 10
547.4827073616558
 20
600.3343286032891
 10
547.3972608074693
 20
600.5121737242071
 10
547.300691033211
 20
600.6730812145613
 10
547.1929980388812
 20
600.817051074352
 10
547.0126249134016
 20
601.0142354301671
 10
546.8193589646571
 20
601.1851285385402
 10
546.6132001926478
 20
601.3297303994714
 10
546.3941485973737
 20
601.4480410129604
 10
546.1622041788347
 20
601.5400603790075
 10
545.9173669370309
 20
601.6057884976125
 10
545.6596368719623
 20
601.6452253687755
 10
545.3890139836288
 20
601.6583709924965
 10
545.1432287401144
 20
601.6478797735654
 10
544.9074291146187
 20
601.6164061167718
 10
544.681615107142
 20
601.5639500221158
 10
544.4657867176841
 20
601.4905114895976
 10
544.259943946245
 20
601.3960905192168
 10
544.0640867928248
 20
601.2806871109738
 10
543.8782152574233
 20
601.1443012648682
 10
543.7023293400408
 20
600.9869329809004
 10
543.5409794488883
 20
600.8119950652285
 10
543.3987159921768
 20
600.622900324011
 10
543.2755389699063
 20
600.4196487572476
 10
543.171448382077
 20
600.2022403649387
 10
543.0864442286887
 20
599.970675147084
 10
543.0205265097416
 20
599.7249531036836
 10
542.9736952252355
 20
599.4650742347374
 10
542.9459503751705
 20
599.1910385402456
  0
LWPOLYLINE
  5
23D
330
17
100
AcDbEntity
  8
line engraving
 62
1
420
16711680
100
AcDbPolyline
 90
35
 70
0
 10
551.0436545873123
 20
594.0703125
 10
551.0436545873123
 20
602.6614832025921
 10
552.3541721521145
 20
602.6614832025921
 10
552.3541721521145
 20
601.3590552523874
 10
552.600146995971
 20
601.777187206898
 10
552.8365154224931
 20
602.1174566209072
 10
553.0632774316805
 20
602.3798634944151
 10
553.2804330235333
 20
602.5644078274215
 10
553.4980942162985
 20
602.6918192573329
 10
553.726373028223
 20
602.7828274215553
 10
553.9652694593067
 20
602.8374323200887
 10
554.2147835095498
 20
602.8556339529332
 10
554.584377776475
 20
602.826309100017
 10
554.9570056488744
 20
602.7383345412688
 10
555.3326671267479
 20
602.5917102766882
 10
555.7113622100954
 20
602.3864363062755
 10
555.2098061050476
 20
601.0354706684857
 10
554.9428488233286
 20
601.1734997175563
 10
554.6758915416098
 20
601.2720918954639
 10
554.4089342598908
 20
601.3312472022085
 10
554.1419769781718
 20
601.35096563779
 10
553.9094005584924
 20
601.3330168054016
 10
553.6889585607094
 20
601.2791703082368
 10
553.4806509848225
 20
601.1894261462952
 10
553.2844778308321
 20
601.063784319577
 10
553.1080231124232
 20
600.9062896353811
 10
552.9588708432809
 20
600.7209869010062
 10
552.8370210234054
 20
600.507876116452
 10
552.7424736527967
 20
600.266957281719
 10
552.6362974612039
 20
599.8695549646146
 10
552.5604573243519
 20
599.4539510146658
 10
552.5149532422406
 20
599.0201454318724
 10
552.4997852148703
 20
598.5681382162346
 10
552.4997852148703
 20
594.0703125
 10
551.0436545873123
 20
594.0703125
  0
ENDSEC
  0
SECTION
  2
OBJECTS
  0
DICTIONARY
  5
A
330
0
100
AcDbDictionary
281
1
  3
ACAD_COLOR
350
B
  3
ACAD_GROUP
350
C
  3
ACAD_LAYOUT
350
D
  3
ACAD_MATERIAL
350
E
  3
ACAD_MLEADERSTYLE
350
F
  3
ACAD_MLINESTYLE
350
10
  3
ACAD_PLOTSETTINGS
350
11
  3
ACAD_PLOTSTYLENAME
350
12
  3
ACAD_SCALELIST
350
14
  3
ACAD_TABLESTYLE
350
15
  3
ACAD_VISUALSTYLE
350
16
  3
EZDXF_META
350
2D
  0
DICTIONARY
  5
B
330
A
100
AcDbDictionary
281
1
  0
DICTIONARY
  5
C
330
A
100
AcDbDictionary
281
1
  0
DICTIONARY
  5
D
330
A
100
AcDbDictionary
281
1
  3
Model
350
1A
  3
Layout1
350
1E
  0
DICTIONARY
  5
E
330
A
100
AcDbDictionary
281
1
  3
ByBlock
350
1F
  3
ByLayer
350
20
  3
Global
350
21
  0
DICTIONARY
  5
F
330
A
100
AcDbDictionary
281
1
  3
Standard
350
2C
  0
DICTIONARY
  5
10
330
A
100
AcDbDictionary
281
1
  3
Standard
350
22
  0
DICTIONARY
  5
11
330
A
100
AcDbDictionary
281
1
  0
ACDBDICTIONARYWDFLT
  5
12
330
A
100
AcDbDictionary
281
1
  3
Normal
350
13
100
AcDbDictionaryWithDefault
340
13
  0
ACDBPLACEHOLDER
  5
13
330
12
  0
DICTIONARY
  5
14
330
A
100
AcDbDictionary
281
1
  0
DICTIONARY
  5
15
330
A
100
AcDbDictionary
281
1
  0
DICTIONARY
  5
16
330
A
100
AcDbDictionary
281
1
  0
LAYOUT
  5
1A
330
D
100
AcDbPlotSettings
  1

  4
A3
  6

 40
7.5
 41
20.0
 42
7.5
 43
20.0
 44
420.0
 45
297.0
 46
0.0
 47
0.0
 48
0.0
 49
0.0
140
0.0
141
0.0
142
1.0
143
1.0
 70
1024
 72
1
 73
0
 74
5
  7

 75
16
 76
0
 77
2
 78
300
147
1.0
148
0.0
149
0.0
100
AcDbLayout
  1
Model
 70
1
 71
0
 10
0.0
 20
0.0
 11
420.0
 21
297.0
 12
0.0
 22
0.0
 32
0.0
 14
1e+20
 24
1e+20
 34
1e+20
 15
-1e+20
 25
-1e+20
 35
-1e+20
146
0.0
 13
0.0
 23
0.0
 33
0.0
 16
1.0
 26
0.0
 36
0.0
 17
0.0
 27
1.0
 37
0.0
 76
1
330
17
  0
LAYOUT
  5
1E
330
D
100
AcDbPlotSettings
  1

  4
A3
  6

 40
7.5
 41
20.0
 42
7.5
 43
20.0
 44
420.0
 45
297.0
 46
0.0
 47
0.0
 48
0.0
 49
0.0
140
0.0
141
0.0
142
1.0
143
1.0
 70
0
 72
1
 73
0
 74
5
  7

 75
16
 76
0
 77
2
 78
300
147
1.0
148
0.0
149
0.0
100
AcDbLayout
  1
Layout1
 70
1
 71
1
 10
0.0
 20
0.0
 11
420.0
 21
297.0
 12
0.0
 22
0.0
 32
0.0
 14
1e+20
 24
1e+20
 34
1e+20
 15
-1e+20
 25
-1e+20
 35
-1e+20
146
0.0
 13
0.0
 23
0.0
 33
0.0
 16
1.0
 26
0.0
 36
0.0
 17
0.0
 27
1.0
 37
0.0
 76
1
330
1B
  0
MATERIAL
  5
1F
102
{ACAD_REACTORS
330
E
102
}
330
E
100
AcDbMaterial
  1
ByBlock
  2

 70
0
 40
1.0
 71
1
 41
1.0
 91
-1023410177
 42
1.0
 72
1
  3

 73
1
 74
1
 75
1
 44
0.5
 73
0
 45
1.0
 46
1.0
 77
1
  4

 78
1
 79
1
170
1
 48
1.0
171
1
  6

172
1
173
1
174
1
140
1.0
141
1.0
175
1
  7

176
1
177
1
178
1
143
1.0
179
1
  8

270
1
271
1
272
1
145
1.0
146
1.0
273
1
  9

274
1
275
1
276
1
 42
1.0
 72
1
  3

 73
1
 74
1
 75
1
 94
63
  0
MATERIAL
  5
20
102
{ACAD_REACTORS
330
E
102
}
330
E
100
AcDbMaterial
  1
ByLayer
  2

 70
0
 40
1.0
 71
1
 41
1.0
 91
-1023410177
 42
1.0
 72
1
  3

 73
1
 74
1
 75
1
 44
0.5
 73
0
 45
1.0
 46
1.0
 77
1
  4

 78
1
 79
1
170
1
 48
1.0
171
1
  6

172
1
173
1
174
1
140
1.0
141
1.0
175
1
  7

176
1
177
1
178
1
143
1.0
179
1
  8

270
1
271
1
272
1
145
1.0
146
1.0
273
1
  9

274
1
275
1
276
1
 42
1.0
 72
1
  3

 73
1
 74
1
 75
1
 94
63
  0
MATERIAL
  5
21
102
{ACAD_REACTORS
330
E
102
}
330
E
100
AcDbMaterial
  1
Global
  2

 70
0
 40
1.0
 71
1
 41
1.0
 91
-1023410177
 42
1.0
 72
1
  3

 73
1
 74
1
 75
1
 44
0.5
 73
0
 45
1.0
 46
1.0
 77
1
  4

 78
1
 79
1
170
1
 48
1.0
171
1
  6

172
1
173
1
174
1
140
1.0
141
1.0
175
1
  7

176
1
177
1
178
1
143
1.0
179
1
  8

270
1
271
1
272
1
145
1.0
146
1.0
273
1
  9

274
1
275
1
276
1
 42
1.0
 72
1
  3

 73
1
 74
1
 75
1
 94
63
  0
MLINESTYLE
  5
22
102
{ACAD_REACTORS
330
10
102
}
330
10
100
AcDbMlineStyle
  2
Standard
 70
0
  3

 62
256
 51
90.0
 52
90.0
 71
2
 49
0.5
 62
256
  6
BYLAYER
 49
-0.5
 62
256
  6
BYLAYER
  0
MLEADERSTYLE
  5
2C
102
{ACAD_REACTORS
330
F
102
}
330
F
100
AcDbMLeaderStyle
179
2
170
2
171
1
172
0
 90
2
 40
0.0
 41
0.0
173
1
 91
-1056964608
 92
-2
290
1
 42
2.0
291
1
 43
8.0
  3
Standard
 44
4.0
300

342
29
174
1
175
1
176
0
178
1
 93
-1056964608
 45
4.0
292
0
297
0
 46
4.0
 94
-1056964608
 47
1.0
 49
1.0
140
1.0
294
1
141
0.0
177
0
142
1.0
295
0
296
0
143
3.75
271
0
272
9
273
9
  0
DICTIONARY
  5
2D
330
A
100
AcDbDictionary
280
1
281
1
  3
CREATED_BY_EZDXF
350
2E
  3
WRITTEN_BY_EZDXF
350
240
  0
DICTIONARYVAR
  5
2E
330
2D
100
DictionaryVariables
280
0
  1
1.4.4 @ 2026-08-08T02:14:43.410345+00:00
  0
DICTIONARYVAR
  5
240
330
2D
100
DictionaryVariables
280
0
  1
1.4.4 @ 2026-08-08T02:14:44.049543+00:00
  0
ENDSEC
  0
EOF
