  0
SECTION
  2
HEADER
  9
$ACADVER
  1
AC1018
  9
$ACADMAINTVER
 70
0
  9
$DWGCODEPAGE
  3
ANSI_1252
  9
$LASTSAVEDBY
  1
ezdxf
  9
$INSBASE
 10
0.0
 20
0.0
 30
0.0
  9
$EXTMIN
 10
1e+20
 20
1e+20
 30
1e+20
  9
$EXTMAX
 10
-1e+20
 20
-1e+20
 30
-1e+20
  9
$LIMMIN
 10
0.0
 20
0.0
  9
$LIMMAX
 10
420.0
 20
297.0
  9
$ORTHOMODE
 70
0
  9
$REGENMODE
 70
1
  9
$FILLMODE
 70
1
  9
$QTEXTMODE
 70
0
  9
$MIRRTEXT
 70
1
  9
$LTSCALE
 40
1.0
  9
$ATTMODE
 70
1
  9
$TEXTSIZE
 40
2.5
  9
$TRACEWID
 40
1.0
  9
$TEXTSTYLE
  7
Standard
  9
$CLAYER
  8
0
  9
$CELTYPE
  6
ByLayer
  9
$CECOLOR
 62
256
  9
$CELTSCALE
 40
1.0
  9
$DISPSILH
 70
0
  9
$DIMSCALE
 40
1.0
  9
$DIMASZ
 40
2.5
  9
$DIMEXO
 40
0.625
  9
$DIMDLI
 40
3.75
  9
$DIMRND
 40
0.0
  9
$DIMDLE
 40
0.0
  9
$DIMEXE
 40
1.25
  9
$DIMTP
 40
0.0
  9
$DIMTM
 40
0.0
  9
$DIMTXT
 40
2.5
  9
$DIMCEN
 40
2.5
  9
$DIMTSZ
 40
0.0
  9
$DIMTOL
 70
0
  9
$DIMLIM
 70
0
  9
$DIMTIH
 70
0
  9
$DIMTOH
 70
0
  9
$DIMSE1
 70
0
  9
$DIMSE2
 70
0
  9
$DIMTAD
 70
1
  9
$DIMZIN
 70
8
  9
$DIMBLK
  1

  9
$DIMASO
 70
1
  9
$DIMSHO
 70
1
  9
$DIMPOST
  1

  9
$DIMAPOST
  1

  9
$DIMALT
 70
0
  9
$DIMALTD
 70
3
  9
$DIMALTF
 40
0.03937007874
  9
$DIMLFAC
 40
1.0
  9
$DIMTOFL
 70
1
  9
$DIMTVP
 40
0.0
  9
$DIMTIX
 70
0
  9
$DIMSOXD
 70
0
  9
$DIMSAH
 70
0
  9
$DIMBLK1
  1

  9
$DIMBLK2
  1

  9
$DIMSTYLE
  2
ISO-25
  9
$DIMCLRD
 70
0
  9
$DIMCLRE
 70
0
  9
$DIMCLRT
 70
0
  9
$DIMTFAC
 40
1.0
  9
$DIMGAP
 40
0.625
  9
$DIMJUST
 70
0
  9
$DIMSD1
 70
0
  9
$DIMSD2
 70
0
  9
$DIMTOLJ
 70
0
  9
$DIMTZIN
 70
8
  9
$DIMALTZ
 70
0
  9
$DIMALTTZ
 70
0
  9
$DIMUPT
 70
0
  9
$DIMDEC
 70
2
  9
$DIMTDEC
 70
2
  9
$DIMALTU
 70
2
  9
$DIMALTTD
 70
3
  9
$DIMTXSTY
  7
Standard
  9
$DIMAUNIT
 70
0
  9
$DIMADEC
 70
0
  9
$DIMALTRND
 40
0.0
  9
$DIMAZIN
 70
0
  9
$DIMDSEP
 70
44
  9
$DIMATFIT
 70
3
  9
$DIMFRAC
 70
0
  9
$DIMLDRBLK
  1

  9
$DIMLUNIT
 70
2
  9
$DIMLWD
 70
-2
  9
$DIMLWE
 70
-2
  9
$DIMTMOVE
 70
0
  9
$LUNITS
 70
2
  9
$LUPREC
 70
4
  9
$SKETCHINC
 40
1.0
  9
$FILLETRAD
 40
10.0
  9
$AUNITS
 70
0
  9
$AUPREC
 70
2
  9
$MENU
  1
.
  9
$ELEVATION
 40
0.0
  9
$PELEVATION
 40
0.0
  9
$THICKNESS
 40
0.0
  9
$LIMCHECK
 70
0
  9
$CHAMFERA
 40
0.0
  9
$CHAMFERB
 40
0.0
  9
$CHAMFERC
 40
0.0
  9
$CHAMFERD
 40
0.0
  9
$SKPOLY
 70
0
  9
$TDCREATE
 40
2461260.990092593
  9
$TDUCREATE
 40
2458532.153996898
  9
$TDUPDATE
 40
2461260.990104167
  9
$TDUUPDATE
 40
2458532.1544311
  9
$TDINDWG
 40
0.0
  9
$TDUSRTIMER
 40
0.0
  9
$USRTIMER
 70
1
  9
$ANGBASE
 50
0.0
  9
$ANGDIR
 70
0
  9
$PDMODE
 70
0
  9
$PDSIZE
 40
0.0
  9
$PLINEWID
 40
0.0
  9
$SPLFRAME
 70
0
  9
$SPLINETYPE
 70
6
  9
$SPLINESEGS
 70
8
  9
$HANDSEED
  5
DF
  9
$SURFTAB1
 70
6
  9
$SURFTAB2
 70
6
  9
$SURFTYPE
 70
6
  9
$SURFU
 70
6
  9
$SURFV
 70
6
  9
$UCSBASE
  2

  9
$UCSNAME
  2

  9
$UCSORG
 10
0.0
 20
0.0
 30
0.0
  9
$UCSXDIR
 10
1.0
 20
0.0
 30
0.0
  9
$UCSYDIR
 10
0.0
 20
1.0
 30
0.0
  9
$UCSORTHOREF
  2

  9
$UCSORTHOVIEW
 70
0
  9
$UCSORGTOP
 10
0.0
 20
0.0
 30
0.0
  9
$UCSORGBOTTOM
 10
0.0
 20
0.0
 30
0.0
  9
$UCSORGLEFT
 10
0.0
 20
0.0
 30
0.0
  9
$UCSORGRIGHT
 10
0.0
 20
0.0
 30
0.0
  9
$UCSORGFRONT
 10
0.0
 20
0.0
 30
0.0
  9
$UCSORGBACK
 10
0.0
 20
0.0
 30
0.0
  9
$PUCSBASE
  2

  9
$PUCSNAME
  2

  9
$PUCSORG
 10
0.0
 20
0.0
 30
0.0
  9
$PUCSXDIR
 10
1.0
 20
0.0
 30
0.0
  9
$PUCSYDIR
 10
0.0
 20
1.0
 30
0.0
  9
$PUCSORTHOREF
  2

  9
$PUCSORTHOVIEW
 70
0
  9
$PUCSORGTOP
 10
0.0
 20
0.0
 30
0.0
  9
$PUCSORGBOTTOM
 10
0.0
 20
0.0
 30
0.0
  9
$PUCSORGLEFT
 10
0.0
 20
0.0
 30
0.0
  9
$PUCSORGRIGHT
 10
0.0
 20
0.0
 30
0.0
  9
$PUCSORGFRONT
 10
0.0
 20
0.0
 30
0.0
  9
$PUCSORGBACK
 10
0.0
 20
0.0
 30
0.0
  9
$USERI1
 70
0
  9
$USERI2
 70
0
  9
$USERI3
 70
0
  9
$USERI4
 70
0
  9
$USERI5
 70
0
  9
$USERR1
 40
0.0
  9
$USERR2
 40
0.0
  9
$USERR3
 40
0.0
  9
$USERR4
 40
0.0
  9
$USERR5
 40
0.0
  9
$WORLDVIEW
 70
1
  9
$SHADEDGE
 70
3
  9
$SHADEDIF
 70
70
  9
$TILEMODE
 70
1
  9
$MAXACTVP
 70
64
  9
$PINSBASE
 10
0.0
 20
0.0
 30
0.0
  9
$PLIMCHECK
 70
0
  9
$PEXTMIN
 10
1e+20
 20
1e+20
 30
1e+20
  9
$PEXTMAX
 10
-1e+20
 20
-1e+20
 30
-1e+20
  9
$PLIMMIN
 10
0.0
 20
0.0
  9
$PLIMMAX
 10
420.0
 20
297.0
  9
$UNITMODE
 70
0
  9
$VISRETAIN
 70
1
  9
$PLINEGEN
 70
0
  9
$PSLTSCALE
 70
1
  9
$TREEDEPTH
 70
3020
  9
$CMLSTYLE
  2
Standard
  9
$CMLJUST
 70
0
  9
$CMLSCALE
 40
20.0
  9
$PROXYGRAPHICS
 70
1
  9
$MEASUREMENT
 70
1
  9
$CELWEIGHT
370
-1
  9
$ENDCAPS
280
0
  9
$JOINSTYLE
280
0
  9
$LWDISPLAY
290
0
  9
$INSUNITS
 70
4
  9
$HYPERLINKBASE
  1

  9
$STYLESHEET
  1

  9
$XEDIT
290
1
  9
$CEPSNTYPE
380
0
  9
$PSTYLEMODE
290
1
  9
$FINGERPRINTGUID
  2
{9EFF6AA1-BD43-41B3-A00D-D7C51E4F9F1C}
  9
$VERSIONGUID
  2
{5409B935-6D31-4FD1-9A6F-2FB2D3F5D6BC}
  9
$EXTNAMES
290
1
  9
$PSVPSCALE
 40
0.0
  9
$OLESTARTUP
290
0
  9
$SORTENTS
280
127
  9
$INDEXCTL
280
0
  9
$HIDETEXT
280
1
  9
$XCLIPFRAME
290
1
  9
$HALOGAP
280
0
  9
$OBSCOLOR
 70
257
  9
$OBSLTYPE
280
0
  9
$INTERSECTIONDISPLAY
280
0
  9
$INTERSECTIONCOLOR
 70
257
  9
$DIMASSOC
280
2
  9
$PROJECTNAME
  1

  0
ENDSEC
  0
SECTION
  2
CLASSES
  0
CLASS
  1
ACDBDICTIONARYWDFLT
  2
AcDbDictionaryWithDefault
  3
ObjectDBX Classes
 90
0
 91
0
280
0
281
0
  0
CLASS
  1
SUN
  2
AcDbSun
  3
SCENEOE
 90
1153
 91
0
280
0
281
0
  0
CLASS
  1
VISUALSTYLE
  2
AcDbVisualStyle
  3
ObjectDBX Classes
 90
4095
 91
0
280
0
281
0
  0
CLASS
  1
MATERIAL
  2
AcDbMaterial
  3
ObjectDBX Classes
 90
1153
 91
0
280
0
281
0
  0
CLASS
  1
SCALE
  2
AcDbScale
  3
ObjectDBX Classes
 90
1153
 91
0
280
0
281
0
  0
CLASS
  1
TABLESTYLE
  2
AcDbTableStyle
  3
ObjectDBX Classes
 90
4095
 91
0
280
0
281
0
  0
CLASS
  1
MLEADERSTYLE
  2
AcDbMLeaderStyle
  3
ACDB_MLEADERSTYLE_CLASS
 90
4095
 91
0
280
0
281
0
  0
CLASS
  1
DICTIONARYVAR
  2
AcDbDictionaryVar
  3
ObjectDBX Classes
 90
0
 91
0
280
0
281
0
  0
CLASS
  1
CELLSTYLEMAP
  2
AcDbCellStyleMap
  3
ObjectDBX Classes
 90
1152
 91
0
280
0
281
0
  0
CLASS
  1
MENTALRAYRENDERSETTINGS
  2
AcDbMentalRayRenderSettings
  3
SCENEOE
 90
1024
 91
0
280
0
281
0
  0
CLASS
  1
ACDBDETAILVIEWSTYLE
  2
AcDbDetailViewStyle
  3
ObjectDBX Classes
 90
1025
 91
0
280
0
281
0
  0
CLASS
  1
ACDBSECTIONVIEWSTYLE
  2
AcDbSectionViewStyle
  3
ObjectDBX Classes
 90
1025
 91
0
280
0
281
0
  0
CLASS
  1
RASTERVARIABLES
  2
AcDbRasterVariables
  3
ISM
 90
0
 91
0
280
0
281
0
  0
CLASS
  1
LAYOUT
  2
AcDbLayout
  3
ObjectDBX Classes
 90
0
 91
0
280
0
281
0
  0
CLASS
  1
ACDBPLACEHOLDER
  2
AcDbPlaceHolder
  3
ObjectDBX Classes
 90
0
 91
0
280
0
281
0
  0
ENDSEC
  0
SECTION
  2
TABLES
  0
TABLE
  2
VPORT
  5
8
330
0
100
AcDbSymbolTable
 70
1
  0
VPORT
  5
23
330
8
100
AcDbSymbolTableRecord
100
AcDbViewportTableRecord
  2
*Active
 70
0
 10
0.0
 20
0.0
 11
1.0
 21
1.0
 12
0.0
 22
0.0
 13
0.0
 23
0.0
 14
0.5
 24
0.5
 15
0.5
 25
0.5
 16
0.0
 26
0.0
 36
1.0
 17
0.0
 27
0.0
 37
0.0
 40
1000.0
 41
1.34
 42
50.0
 43
0.0
 44
0.0
 50
0.0
 51
0.0
 71
0
 72
1000
 73
1
 74
3
 75
0
 76
0
 77
0
 78
0
281
0
 65
0
146
0.0
  0
ENDTAB
  0
TABLE
  2
LTYPE
  5
2
330
0
100
AcDbSymbolTable
 70
3
  0
LTYPE
  5
24
330
2
100
AcDbSymbolTableRecord
100
AcDbLinetypeTableRecord
  2
ByBlock
 70
0
  3

 72
65
 73
0
 40
0.0
  0
LTYPE
  5
25
330
2
100
AcDbSymbolTableRecord
100
AcDbLinetypeTableRecord
  2
ByLayer
 70
0
  3

 72
65
 73
0
 40
0.0
  0
LTYPE
  5
26
330
2
100
AcDbSymbolTableRecord
100
AcDbLinetypeTableRecord
  2
Continuous
 70
0
  3

 72
65
 73
0
 40
0.0
  0
ENDTAB
  0
TABLE
  2
LAYER
  5
1
330
0
100
AcDbSymbolTable
 70
4
  0
LAYER
  5
27
330
1
100
AcDbSymbolTableRecord
100
AcDbLayerTableRecord
  2
0
 70
0
 62
7
  6
Continuous
370
-3
390
13
  0
LAYER
  5
28
330
1
100
AcDbSymbolTableRecord
100
AcDbLayerTableRecord
  2
Defpoints
 70
0
 62
7
  6
Continuous
290
0
370
-3
390
13
  0
LAYER
  5
2F
330
1
100
AcDbSymbolTableRecord
100
AcDbLayerTableRecord
  2
cut
 70
0
 62
5
420
255
  6
Continuous
370
-3
390
13
  0
LAYER
  5
30
330
1
100
AcDbSymbolTableRecord
100
AcDbLayerTableRecord
  2
line engraving
 70
0
 62
1
420
16711680
  6
Continuous
370
-3
390
13
  0
ENDTAB
  0
TABLE
  2
STYLE
  5
5
330
0
100
AcDbSymbolTable
 70
1
  0
STYLE
  5
29
330
5
100
AcDbSymbolTableRecord
100
AcDbTextStyleTableRecord
  2
Standard
 70
0
 40
0.0
 41
1.0
 50
0.0
 71
0
 42
2.5
  3
txt
  4

  0
ENDTAB
  0
TABLE
  2
VIEW
  5
7
330
0
100
AcDbSymbolTable
 70
0
  0
ENDTAB
  0
TABLE
  2
UCS
  5
6
330
0
100
AcDbSymbolTable
 70
0
  0
ENDTAB
  0
TABLE
  2
APPID
  5
3
330
0
100
AcDbSymbolTable
 70
3
  0
APPID
  5
2A
330
3
100
AcDbSymbolTableRecord
100
AcDbRegAppTableRecord
  2
ACAD
 70
0
  0
APPID
  5
DC
330
3
100
AcDbSymbolTableRecord
100
AcDbRegAppTableRecord
  2
HATCHBACKGROUNDCOLOR
 70
0
  0
APPID
  5
DD
330
3
100
AcDbSymbolTableRecord
100
AcDbRegAppTableRecord
  2
EZDXF
 70
0
  0
ENDTAB
  0
TABLE
  2
DIMSTYLE
  5
4
330
0
100
AcDbSymbolTable
 70
1
100
AcDbDimStyleTable
  0
DIMSTYLE
105
2B
330
4
100
AcDbSymbolTableRecord
100
AcDbDimStyleTableRecord
  2
Standard
 70
0
  3

  4

 40
1.0
 41
2.5
 42
0.625
 43
3.75
 44
1.25
 45
0.0
 46
0.0
 47
0.0
 48
0.0
140
2.5
141
2.5
142
0.0
143
0.03937007874
144
1.0
145
0.0
146
1.0
147
0.625
148
0.0
 71
0
 72
0
 73
0
 74
0
 75
0
 76
0
 77
1
 78
8
 79
3
170
0
171
3
172
1
173
0
174
0
175
0
176
0
177
0
178
0
179
2
271
2
272
2
273
2
274
3
275
0
276
0
277
2
278
44
279
0
280
0
281
0
282
0
283
0
284
8
285
0
286
0
288
0
289
3
371
-2
372
-2
  0
ENDTAB
  0
TABLE
  2
BLOCK_RECORD
  5
9
330
0
100
AcDbSymbolTable
 70
2
  0
BLOCK_RECORD
  5
17
330
9
100
AcDbSymbolTableRecord
100
AcDbBlockTableRecord
  2
*Model_Space
340
1A
  0
BLOCK_RECORD
  5
1B
330
9
100
AcDbSymbolTableRecord
100
AcDbBlockTableRecord
  2
*Paper_Space
340
1E
  0
ENDTAB
  0
ENDSEC
  0
SECTION
  2
BLOCKS
  0
BLOCK
  5
18
330
17
100
AcDbEntity
  8
0
100
AcDbBlockBegin
  2
*Model_Space
 70
0
 10
0.0
 20
0.0
 30
0.0
  3
*Model_Space
  1

  0
ENDBLK
  5
19
330
17
100
AcDbEntity
  8
0
100
AcDbBlockEnd
  0
BLOCK
  5
1C
330
1B
100
AcDbEntity
  8
0
100
AcDbBlockBegin
  2
*Paper_Space
 70
0
 10
0.0
 20
0.0
 30
0.0
  3
*Paper_Space
  1

  0
ENDBLK
  5
1D
330
1B
100
AcDbEntity
  8
0
100
AcDbBlockEnd
  0
ENDSEC
  0
SECTION
  2
ENTITIES
  0
CIRCLE
  5
31
330
17
100
AcDbEntity
  8
cut
 62
5
420
255
100
AcDbCircle
 10
44.832816129837596
 20
44.83451819725819
 30
0.0
 40
3.9
  0
CIRCLE
  5
32
330
17
100
AcDbEntity
  8
cut
 62
5
420
255
100
AcDbCircle
 10
500.8328161298376
 20
44.83451819725819
 30
0.0
 40
3.9
  0
LWPOLYLINE
  5
33
330
17
100
AcDbEntity
  8
cut
 62
5
420
255
100
AcDbPolyline
 90
10
 70
1
 10
296.8328197061163
 20
110.83451837607215
 10
296.8328197061163
 20
294.43451375942146
 42
1.6953422501885593
 10
248.88860478529492
 20
294.33357718136864
 10
248.88860478529497
 20
122.8345183760721
 42
-0.4142135623730962
 10
194.88860478529503
 20
68.83451837607211
 10
56.832816666279456
 20
68.83451837607211
 42
1.618034015706349
 10
56.83281666627935
 20
20.834518018444236
 10
488.8328093349081
 20
20.834518018444257
 42
1.6180343930967274
 10
488.83280933490823
 20
68.83451837607214
 10
338.8328197061164
 20
68.83451837607214
 42
-0.4142135623730954
  0
CIRCLE
  5
34
330
17
100
AcDbEntity
  8
cut
 62
5
420
255
100
AcDbCircle
 10
272.8328161298376
 20
307.63451819725816
 30
0.0
 40
10.9
  0
LWPOLYLINE
  5
35
330
17
100
AcDbEntity
  8
line engraving
 62
1
420
16711680
100
AcDbPolyline
 90
41
 70
0
 10
225.7431709569728
 20
51.69844162518392
 10
225.7431709569728
 20
59.1570662841198
 10
224.45692223596325
 20
59.1570662841198
 10
224.45692223596325
 20
60.289612327776005
 10
225.7431709569728
 20
60.289612327776005
 10
225.7431709569728
 20
61.20373877729852
 10
225.75277737430739
 20
61.60872510808808
 10
225.7815966263111
 20
61.95809533851953
 10
225.82962871298406
 20
62.25184946859285
 10
225.89687363432614
 20
62.48998749830807
 10
226.0220098601319
 20
62.75972558504493
 10
226.18708855801304
 20
63.00266682342744
 10
226.39210972796954
 20
63.21881121345558
 10
226.63707337000142
 20
63.40815875512935
 10
226.92855229596918
 20
63.56211423293887
 10
227.27311931773335
 20
63.672082431374236
 10
227.67077443529388
 20
63.73806335043545
 10
228.1215176486508
 20
63.76005699012253
 10
228.43701261795505
 20
63.75095617370029
 10
228.76868681645436
 20
63.723653724433575
 10
229.11654024414878
 20
63.67814964232239
 10
229.48057290103827
 20
63.61444392736673
 10
229.26215330690457
 20
62.34437443555227
 10
229.0386777036474
 20
62.379766499416526
 10
228.8212693113384
 20
62.405046545033855
 10
228.60992812997756
 20
62.42021457240425
 10
228.40465415956487
 20
62.42527058152771
 10
228.0972488048582
 20
62.40757454959559
 10
227.83838113773677
 20
62.3544864537992
 10
227.6280511582006
 20
62.266006294138556
 10
227.46625886624972
 20
62.14213407061366
 10
227.34592584911124
 20
61.96972415950349
 10
227.25997369401233
 20
61.73563093708706
 10
227.208402400953
 20
61.43985440336434
 10
227.19121196993322
 20
61.08239455833535
 10
227.19121196993322
 20
60.289612327776005
 10
228.8657621916249
 20
60.289612327776005
 10
228.8657621916249
 20
59.1570662841198
 10
227.19121196993322
 20
59.1570662841198
 10
227.19121196993322
 20
51.69844162518392
 10
225.7431709569728
 20
51.69844162518392
  0
LWPOLYLINE
  5
36
330
17
100
AcDbEntity
  8
line engraving
 62
1
420
16711680
100
AcDbPolyline
 90
35
 70
0
 10
229.982129006086
 20
51.69844162518392
 10
229.982129006086
 20
60.289612327776005
 10
231.2926465708882
 20
60.289612327776005
 10
231.2926465708882
 20
58.98718437757137
 10
231.53862141474477
 20
59.40531633208194
 10
231.77498984126677
 20
59.74558574609115
 10
232.00175185045418
 20
60.007992619598994
 10
232.21890744230703
 20
60.19253695260547
 10
232.4365686350722
 20
60.3199483825168
 10
232.66484744699667
 20
60.41095654673917
 10
232.9037438780804
 20
60.4655614452726
 10
233.1532579283234
 20
60.48376307811707
 10
233.5228521952487
 20
60.454438225200974
 10
233.8954800676481
 20
60.36646366645268
 10
234.27114154552154
 20
60.219839401872186
 10
234.64983662886908
 20
60.0145654314595
 10
234.14828052382134
 20
58.66359979366959
 10
233.88132324210238
 20
58.80162884274019
 10
233.61436596038342
 20
58.90022102064776
 10
233.34740867866446
 20
58.959376327392306
 10
233.0804513969455
 20
58.97909476297382
 10
232.8478749772661
 20
58.96114593058552
 10
232.62743297948302
 20
58.90729943342062
 10
232.41912540359624
 20
58.81755527147911
 10
232.22295224960578
 20
58.691913444761
 10
232.04649753119685
 20
58.53441876056506
 10
231.89734526205464
 20
58.34911602619006
 10
231.77549544217914
 20
58.136005241636
 10
231.68094807157033
 20
57.895086406902884
 10
231.57477187997756
 20
57.49768408979852
 10
231.49893174312558
 20
57.08208013984968
 10
231.45342766101442
 20
56.64827455705636
 10
231.438259633644
 20
56.19626734141857
 10
231.438259633644
 20
51.69844162518392
 10
229.982129006086
 20
51.69844162518392
  0
LWPOLYLINE
  5
37
330
17
100
AcDbEntity
  8
line engraving
 62
1
420
16711680
100
AcDbPolyline
 90
128
 70
0
 10
241.12152830690457
 20
52.75818113746222
 10
240.72083958386995
 20
52.43965256268392
 10
240.32773487452053
 20
52.17168407914026
 10
239.94221417885632
 20
51.95427568683126
 10
239.56427749687728
 20
51.78742738575691
 10
239.18330720942419
 20
51.66355516223201
 10
238.7886856973377
 20
51.57507500257137
 10
238.3804129606179
 20
51.52198690677498
 10
237.95848899926472
 20
51.50429087484285
 10
237.61480677909717
 20
51.51509809434426
 10
237.29160139587967
 20
51.54751975284848
 10
236.9888728496122
 20
51.60155585035552
 10
236.70662114029474
 20
51.677206386865365
 10
236.44484626792732
 20
51.77447136237802
 10
236.20354823250995
 20
51.8933507768935
 10
235.9827270340426
 20
52.03384463041179
 10
235.7823826725253
 20
52.1959529229329
 10
235.60415835092314
 20
52.37487244578952
 10
235.4496972722013
 20
52.565799990314375
 10
235.31899943635972
 20
52.76873555650746
 10
235.21206484339842
 20
52.98367914436878
 10
235.12889349331743
 20
53.21063075389832
 10
235.06948538611672
 20
53.449590385096094
 10
235.0338405217963
 20
53.700558037962104
 10
235.02195890035614
 20
53.963533712496336
 10
235.03990773274444
 20
54.272203069483886
 10
235.09375422990934
 20
54.56722120183808
 10
235.18349839185086
 20
54.84858810955892
 10
235.30914021856896
 20
55.1163037926464
 10
235.463854097747
 20
55.36430104015237
 10
235.64081441706827
 20
55.586512641128664
 10
235.8400211765328
 20
55.78293859557529
 10
236.06147437614058
 20
55.95357890349224
 10
236.301382009049
 20
56.101719970809775
 10
236.55595206841548
 20
56.23064820345813
 10
236.82518455424002
 20
56.34036360143733
 10
237.1090794665226
 20
56.43086616474736
 10
237.3507567026242
 20
56.48698786601782
 10
237.6470388372593
 20
56.54209836546359
 10
237.99792587042776
 20
56.596197663084666
 10
238.40341780212967
 20
56.64928575888105
 10
238.82976577146587
 20
56.703132256045954
 10
239.22704168834215
 20
56.75950675777259
 10
239.5952455527585
 20
56.81840926406096
 10
239.93437736471492
 20
56.87983977491106
 10
240.24443712421143
 20
56.9437982903229
 10
240.52542483124802
 20
57.01028481029647
 10
240.77734048582465
 20
57.079299334831774
 10
241.0001840879414
 20
57.150841863928804
 10
241.0037232943278
 20
57.286848509350015
 10
241.00625129888957
 20
57.395552705504514
 10
241.0077681016266
 20
57.476954452392306
 10
241.00827370253896
 20
57.531053750013385
 10
241.00182729090653
 20
57.745302136620225
 10
240.9824880560093
 20
57.9431184935758
 10
240.9502559978472
 20
58.12450282088012
 10
240.90513111642025
 20
58.28945511853317
 10
240.8471134117285
 20
58.43797538653496
 10
240.7762028837719
 20
58.570063624885485
 10
240.69239953255047
 20
58.685719833584756
 10
240.59570335806418
 20
58.78494401263276
 10
240.44768869097473
 20
58.90060022133203
 10
240.2827363933217
 20
59.000835602204724
 10
240.10084646510504
 20
59.08565015525085
 10
239.90201890632477
 20
59.155043880470416
 10
239.6862537169809
 20
59.209016777863404
 10
239.4535508970734
 20
59.247568847429825
 10
239.20391044660232
 20
59.27070008916968
 10
238.9373323655676
 20
59.278410503082966
 10
238.68889271726334
 20
59.27278569293311
 10
238.4572642992946
 20
59.255911262483544
 10
238.24244711166136
 20
59.227787211734274
 10
238.04444115436365
 20
59.18841354068529
 10
237.86324642740146
 20
59.13779024933659
 10
237.6988629307748
 20
59.07591733768818
 10
237.55129066448364
 20
59.002794805740066
 10
237.42052962852802
 20
58.91842265349224
 10
237.1917452156912
 20
58.703795066201145
 10
236.99481366033226
 20
58.419900153918576
 10
236.8297349624511
 20
58.06673791664453
 10
236.69650912204781
 20
57.64430835437901
 10
235.27273695288
 20
57.83845910472007
 10
235.38548595633327
 20
58.273528689794254
 10
235.52958221635203
 20
58.664610995494286
 10
235.7050257329363
 20
59.011706021820174
 10
235.911816506086
 20
59.31481376877191
 10
236.15905535222348
 20
59.579748646841495
 10
236.45584308777086
 20
59.81232506652089
 10
236.80217971272825
 20
60.01254302781011
 10
237.19806522709555
 20
60.18040253070916
 10
237.6354100162753
 20
60.313122770200124
 10
238.10612446566992
 20
60.40792294126509
 10
238.6102085752794
 20
60.46480304390408
 10
239.14766234510375
 20
60.48376307811707
 10
239.6719704912071
 20
60.46758384892198
 10
240.1447073442511
 20
60.419046161336716
 10
240.56587290423573
 20
60.33815001536127
 10
240.93546717116104
 20
60.22489541099565
 10
241.2565237505011
 20
60.08711916238123
 10
241.53207624772995
 20
59.93265808365936
 10
241.7621246628476
 20
59.76151217483007
 10
241.94666899585408
 20
59.573681435893334
 10
242.09632686590865
 20
59.36461545863805
 10
242.2217158921706
 20
59.12976383485309
 10
242.3228360746399
 20
58.869126564538455
 10
242.39968741331657
 20
58.58270364769415
 10
242.4315402707944
 20
58.35922804443699
 10
242.45429231185
 20
58.06092350615254
 10
242.46794353648335
 20
57.68779003284081
 10
242.47249394469446
 20
57.23982762450179
 10
242.47249394469446
 20
55.29832012109115
 10
242.47394754731747
 20
54.81401764717723
 10
242.47830835518644
 20
54.37635685742727
 10
242.48557636830142
 20
53.98533775184128
 10
242.4957515866624
 20
53.640960330419254
 10
242.50883401026937
 20
53.343224593161196
 10
242.52482363912233
 20
53.0921305400671
 10
242.5437204732213
 20
52.88767817113698
 10
242.56552451256624
 20
52.72986748637082
 10
242.62341581702992
 20
52.46366860602038
 10
242.70405916254919
 20
52.203031335705745
 10
242.80745454912406
 20
51.947955675426925
 10
242.93360197675452
 20
51.69844162518392
 10
241.41275443241616
 20
51.69844162518392
 10
241.30961184629749
 20
51.93455725124974
 10
241.22669329667264
 20
52.189885711984736
 10
241.16399878354167
 20
52.46442700738889
 10
241.12152830690457
 20
52.75818113746222
  0
LWPOLYLINE
  5
38
330
17
100
AcDbEntity
  8
line engraving
 62
1
420
16711680
100
AcDbPolyline
 90
42
 70
0
 10
241.0001840879414
 20
56.01020620567505
 10
240.78960130794906
 20
55.930826862436646
 10
240.55424408325177
 20
55.85448112467232
 10
240.2941124138495
 20
55.78116899238208
 10
240.00920629974223
 20
55.71089046556591
 10
239.69952574092997
 20
55.64364554422382
 10
239.36507073741276
 20
55.579434228355815
 10
239.00584128919056
 20
55.51825651796188
 10
238.62183739626337
 20
55.46011241304203
 10
238.20572784540218
 20
55.39337309261229
 10
237.85534641314604
 20
55.322588964883785
 10
237.57069309949495
 20
55.2477600298565
 10
237.3517679044489
 20
55.16888628753044
 10
237.17632438786467
 20
55.07863652467658
 10
237.02211610959898
 20
54.96967952806591
 10
236.88914306965182
 20
54.84201529769841
 10
236.77740526802324
 20
54.695643833574096
 10
236.6889251083626
 20
54.535621144816425
 10
236.62572499431928
 20
54.367003240548854
 10
236.5878049258933
 20
54.189790120771406
 10
236.57516490308464
 20
54.00398178548406
 10
236.60272015280754
 20
53.72489008186878
 10
236.6853859019762
 20
53.470067222046126
 10
236.8231621505906
 20
53.23951320601611
 10
237.0160488986508
 20
53.033228033778734
 10
237.26202374250738
 20
52.8633461272303
 10
237.55906427851096
 20
52.74200190826714
 10
237.90717050666154
 20
52.66919537688924
 10
238.30634242695913
 20
52.64492653309661
 10
238.71537356504749
 20
52.66793137460837
 10
239.10114706116786
 20
52.73694589914368
 10
239.46366291532033
 20
52.8519701067025
 10
239.80292112750485
 20
53.01300399728487
 10
240.1088096794745
 20
53.21398035994262
 10
240.37121655298233
 20
53.44883198372757
 10
240.59014174802837
 20
53.717558868639756
 10
240.7655852646126
 20
54.02016101467915
 10
240.86822224981896
 20
54.296219112820346
 10
240.94153438210918
 20
54.63092691679374
 10
240.98552166148335
 20
55.02428442659934
 10
241.0001840879414
 20
55.47629164223712
 10
241.0001840879414
 20
56.01020620567505
  0
LWPOLYLINE
  5
39
330
17
100
AcDbEntity
  8
line engraving
 62
1
420
16711680
100
AcDbPolyline
 90
104
 70
0
 10
244.72949641740934
 20
51.69844162518392
 10
244.72949641740934
 20
60.289612327776005
 10
246.03192436761398
 20
60.289612327776005
 10
246.03192436761398
 20
59.0842597527419
 10
246.25084956266002
 20
59.38433389421956
 10
246.50314441792094
 20
59.65356638004408
 10
246.78880893339672
 20
59.891957210215466
 10
247.10784310908738
 20
60.099506384733715
 10
247.45519093586944
 20
60.26761868808893
 10
247.82579640461944
 20
60.387698904771234
 10
248.21965951533736
 20
60.45974703478061
 10
248.63678026802324
 20
60.48376307811707
 10
249.09257949050365
 20
60.45898863341209
 10
249.5054026354346
 20
60.384665299297154
 10
249.87524970281606
 20
60.260793075772256
 10
250.2021206926481
 20
60.087371962837395
 10
250.48500440310596
 20
59.86945796961604
 10
250.722889632365
 20
59.612107105231665
 10
250.9157763804252
 20
59.31531936968426
 10
251.06366464728654
 20
58.97909476297382
 10
251.32809392444378
 20
59.33175139933552
 10
251.61173603627017
 20
59.637387150848994
 10
251.91459098276576
 20
59.89600201751424
 10
252.2366587639305
 20
60.10759599933126
 10
252.5779393797644
 20
60.272169096300054
 10
252.93843283026746
 20
60.38972130842062
 10
253.31813911543972
 20
60.46025263569296
 10
253.71705823528112
 20
60.48376307811707
 10
254.0273707952338
 20
60.47270305815949
 10
254.3192289218858
 20
60.43952299828675
 10
254.5926326152372
 20
60.38422289849885
 10
254.84758187528791
 20
60.30680275879579
 10
255.084076702038
 20
60.207262579177566
 10
255.30211709548743
 20
60.085602359644184
 10
255.50170305563623
 20
59.941822100195644
 10
255.68283458248436
 20
59.77592180083194
 10
255.8439948732948
 20
59.58701665995647
 10
255.98366712533056
 20
59.37422187597263
 10
256.10185133859153
 20
59.137537448880416
 10
256.1985475130778
 20
58.876963378679825
 10
256.27375564878935
 20
58.592499665370866
 10
256.3274757457262
 20
58.28414630895353
 10
256.3597078038883
 20
57.95190330942782
 10
256.37045182327563
 20
57.59577066679374
 10
256.37045182327563
 20
51.69844162518392
 10
254.9224108103152
 20
51.69844162518392
 10
254.9224108103152
 20
57.11039379094108
 10
254.91356279434913
 20
57.51664412401151
 10
254.88701874645093
 20
57.86171674668801
 10
254.84277866662063
 20
58.14561165897058
 10
254.78084255485817
 20
58.36832886085922
 10
254.6956488011278
 20
58.55110359067249
 10
254.58163579539365
 20
58.71517108672894
 10
254.43880353765576
 20
58.86053134902856
 10
254.2671520279141
 20
58.98718437757137
 10
254.07300127757304
 20
59.08982136277771
 10
253.8626712980369
 20
59.16313349506796
 10
253.63616208930566
 20
59.2071207744421
 10
253.39347365137934
 20
59.221783200900155
 10
253.17176765131538
 20
59.2123663839077
 10
252.959668068586
 20
59.18411593293034
 10
252.75717490319124
 20
59.13703184796807
 10
252.56428815513104
 20
59.07111412902089
 10
252.38100782440543
 20
58.986362776088804
 10
252.2073339110144
 20
58.88277778917181
 10
252.04326641495794
 20
58.76035916826991
 10
251.8888053362361
 20
58.6191069133831
 10
251.74850108305992
 20
58.457125021090086
 10
251.6269040636406
 20
58.27251748796956
 10
251.52401427797807
 20
58.06528431402153
 10
251.43983172607238
 20
57.83542549924599
 10
251.3743564079235
 20
57.582941043642954
 10
251.32758832353147
 20
57.3078309472124
 10
251.29952747289622
 20
57.01009520995434
 10
251.29017385601782
 20
56.68973383186878
 10
251.29017385601782
 20
51.69844162518392
 10
249.83404322845982
 20
51.69844162518392
 10
249.83404322845982
 20
57.280275697489515
 10
249.81179678831657
 20
57.73531651860138
 10
249.74505746788682
 20
58.129685230231665
 10
249.6338252671706
 20
58.46338183238037
 10
249.47810018616786
 20
58.73640632504749
 10
249.38203601282203
 20
58.85016653032546
 10
249.27181501393048
 20
58.94875870823303
 10
249.14743718949325
 20
59.032182858770206
 10
249.0089025395103
 20
59.10043898193699
 10
248.85621106398165
 20
59.15352707773337
 10
248.6893627629073
 20
59.19144714615936
 10
248.50835763628726
 20
59.21419918721496
 10
248.3131956841215
 20
59.221783200900155
 10
248.0116047399068
 20
59.20155916440629
 10
247.72164261667606
 20
59.14088705492471
 10
247.44330931442929
 20
59.0397668724554
 10
247.1766048331665
 20
58.89819861699838
 10
246.933663594784
 20
58.71769909129067
 10
246.7266200211781
 20
58.499785098069324
 10
246.5554741123488
 20
58.24445663733433
 10
246.42022586829611
 20
57.951713709085695
 10
246.31758888308977
 20
57.605882685040676
 10
246.24427675079954
 20
57.191289936916526
 10
246.20028947142538
 20
56.70793546471325
 10
246.18562704496733
 20
56.15581926843085
 10
246.18562704496733
 20
51.69844162518392
 10
244.72949641740934
 20
51.69844162518392
  0
LWPOLYLINE
  5
3A
330
17
100
AcDbEntity
  8
line engraving
 62
1
420
16711680
100
AcDbPolyline
 90
95
 70
0
 10
264.4115287332347
 20
54.46508981754408
 10
265.91619704837797
 20
54.27902868180056
 10
265.81773127069846
 20
53.958604103600955
 10
265.700305458806
 20
53.656633958701995
 10
265.56391961270054
 20
53.37311824710368
 10
265.4085737323821
 20
53.10805696880602
 10
265.2342678178506
 20
52.861450123809
 10
265.04100186910614
 20
52.633297712112636
 10
264.82877588614866
 20
52.42359973371691
 10
264.5975898689782
 20
52.23235618862184
 10
264.3485814196476
 20
52.061715880704895
 10
264.0828881402095
 20
51.91382761384354
 10
263.80051003066393
 20
51.78869138803777
 10
263.50144709101096
 20
51.6863072032876
 10
263.1856993212506
 20
51.60667505959302
 10
262.85326672138274
 20
51.54979495695404
 10
262.5041492914075
 20
51.51566689537065
 10
262.13834703132477
 20
51.50429087484285
 10
261.6793246030282
 20
51.52242930757328
 10
261.2446974187523
 20
51.57684460576458
 10
260.8344654784971
 20
51.667536769416735
 10
260.4486287822627
 20
51.794505798529755
 10
260.087187330049
 20
51.95775169310364
 10
259.75014112185596
 20
52.157274453138385
 10
259.43749015768367
 20
52.393074078633994
 10
259.14923443753213
 20
52.665150569590466
 10
258.89042997052474
 20
52.96996471962137
 10
258.666132765785
 20
53.303977322340295
 10
258.47634282331296
 20
53.66718837774723
 10
258.3210601431085
 20
54.05959788584217
 10
258.20028472517174
 20
54.48120584662513
 10
258.1140165695026
 20
54.932012260096094
 10
258.06225567610113
 20
55.41201712625507
 10
258.0450020449673
 20
55.921220445102065
 10
258.06244527644327
 20
56.44805659576714
 10
258.1147749708711
 20
56.944556691691425
 10
258.2019911282509
 20
57.410720732874914
 10
258.3240937485826
 20
57.84654871931761
 10
258.48108283186616
 20
58.25204065101952
 10
258.67295837810167
 20
58.627196527980644
 10
258.8997203872891
 20
58.97201635020097
 10
259.1613688594284
 20
59.286500117680504
 10
259.4508253817468
 20
59.56710862403283
 10
259.7610115414714
 20
59.8103026628715
 10
260.0919273386022
 20
60.01608223419654
 10
260.4435727731392
 20
60.18444733800793
 10
260.8159478450824
 20
60.31539797430568
 10
261.2090525544319
 20
60.40893414308979
 10
261.6228869011875
 20
60.46505584436025
 10
262.05745088534934
 20
60.48376307811707
 10
262.4783636448778
 20
60.46543504504451
 10
262.87955796882477
 20
60.410450945826824
 10
263.2610338571902
 20
60.31881078046402
 10
263.62279130997416
 20
60.19051454895609
 10
263.96483032717657
 20
60.025562251303036
 10
264.28715090879746
 20
59.823953887504864
 10
264.5897530548369
 20
59.585689457561564
 10
264.87263676529477
 20
59.310768961473144
 10
265.1285972271702
 20
59.00260520539794
 10
265.35042962746223
 20
58.664610995494286
 10
265.53813396617085
 20
58.29678633176219
 10
265.69171024329614
 20
57.89913121420165
 10
265.811158458838
 20
57.47164564281267
 10
265.89647861279644
 20
57.01432961759524
 10
265.94767070517156
 20
56.52718313854937
 10
265.96473473596325
 20
56.01020620567505
 10
265.9642291350509
 20
55.93739967429715
 10
265.96271233231386
 20
55.848413913724166
 10
265.96018432775213
 20
55.74324892395609
 10
265.9566451213657
 20
55.62190470499292
 10
259.54967036011055
 20
55.62190470499292
 10
259.57988001462326
 20
55.27834888505346
 10
259.63006090517365
 20
54.955522702520206
 10
259.70021303176173
 20
54.65342615739316
 10
259.7903363943875
 20
54.37205924967232
 10
259.900430993051
 20
54.11142197935769
 10
260.03049682775213
 20
53.87151434644927
 10
260.1805338984909
 20
53.652336350947046
 10
260.35054220526746
 20
53.45388799285104
 10
260.5360977400986
 20
53.27755967467019
 10
260.7327764950014
 20
53.12474179891345
 10
260.9405784699759
 20
52.99543436558083
 10
261.15950366502193
 20
52.88963737467232
 10
261.3895520801396
 20
52.80735082618792
 10
261.6307237153289
 20
52.748574720127635
 10
261.8830185705898
 20
52.71330905649147
 10
262.14643664592234
 20
52.70155383527941
 10
262.5322101420427
 20
52.72784508272143
 10
262.888658785247
 20
52.80671882504749
 10
263.2157825755352
 20
52.938175062257585
 10
263.5135815129073
 20
53.12221379435172
 10
263.7820555973633
 20
53.36389103045336
 10
264.02120482890325
 20
53.66826277968596
 10
264.231029207527
 20
54.03532904204954
 10
264.4115287332347
 20
54.46508981754408
  0
LWPOLYLINE
  5
3B
330
17
100
AcDbEntity
  8
line engraving
 62
1
420
16711680
100
AcDbPolyline
 90
34
 70
0
 10
259.63056650608604
 20
56.81916766542948
 10
264.4277079624298
 20
56.81916766542948
 10
264.39787750860137
 20
57.081700939165415
 10
264.3569238347013
 20
57.32729658233774
 10
264.3048469407296
 20
57.555954594946456
 10
264.2416468266863
 20
57.76767497699156
 10
264.16732349257137
 20
57.962457728473055
 10
264.08187693838477
 20
58.14030284939095
 10
263.9853071641266
 20
58.301210339745225
 10
263.8776141697968
 20
58.4451801995359
 10
263.6972410443172
 20
58.64236455535104
 10
263.50397509557274
 20
58.813257663724166
 10
263.29781632356344
 20
58.95785952465527
 10
263.0787647282893
 20
59.07617013814435
 10
262.84682030975034
 20
59.16818950419142
 10
262.60198306794655
 20
59.23391762279647
 10
262.3442530028779
 20
59.273354493959495
 10
262.0736301145444
 20
59.286500117680504
 10
261.82784487103
 20
59.27600889874931
 10
261.59204524553434
 20
59.244535241955745
 10
261.3662312380576
 20
59.19207914729979
 10
261.1504028485997
 20
59.11864061478146
 10
260.9445600771606
 20
59.02421964440075
 10
260.7487029237403
 20
58.908816236157655
 10
260.56283138833896
 20
58.772430390052186
 10
260.3869454709564
 20
58.61506210608433
 10
260.22559557980384
 20
58.44012419041243
 10
260.0833321230923
 20
58.25102944919483
 10
259.9601551008219
 20
58.04777788243153
 10
259.8560645129926
 20
57.83036949012253
 10
259.7710603596043
 20
57.59880427226782
 10
259.70514264065713
 20
57.35308222886741
 10
259.65831135615105
 20
57.0932033599213
 10
259.63056650608604
 20
56.81916766542948
  0
LWPOLYLINE
  5
3C
330
17
100
AcDbEntity
  8
line engraving
 62
1
420
16711680
100
AcDbPolyline
 90
159
 70
0
 10
271.76498840240254
 20
54.26284945260547
 10
273.20493980076543
 20
54.489358661336716
 10
273.29266155905754
 20
54.08184432598542
 10
273.43448261497076
 20
53.72489008186878
 10
273.630402968505
 20
53.418495928986786
 10
273.88042261966035
 20
53.162661867339445
 10
274.18504716934916
 20
52.96092710331318
 10
274.5447822184837
 20
52.81683084329442
 10
274.95962776706403
 20
52.73037308728316
 10
275.4295838150901
 20
52.70155383527941
 10
275.67227225301644
 20
52.70793704679779
 10
275.89878146174766
 20
52.727086681352915
 10
276.1091114412838
 20
52.75900273894479
 10
276.30326219162487
 20
52.80368521957341
 10
276.48123371277086
 20
52.861134123238784
 10
276.6430260047218
 20
52.93134944994091
 10
276.78863906747756
 20
53.01433119967978
 10
276.9180729010383
 20
53.1100793724554
 10
277.1304252842238
 20
53.32319015700946
 10
277.28210555792776
 20
53.55399697349565
 10
277.3731137221501
 20
53.80249982191396
 10
277.4034497768909
 20
54.068698702264406
 10
277.37665292853654
 20
54.3022863237685
 10
277.29626238347345
 20
54.509582697830574
 10
277.1622781417016
 20
54.69058782445063
 10
276.97470020322106
 20
54.845301703628664
 10
276.88596724310423
 20
54.89548259417906
 10
276.76942623280837
 20
54.948949890659705
 10
276.6250771723335
 20
55.0057035930706
 10
276.4529200616795
 20
55.06574370141175
 10
276.2529549008464
 20
55.12907021568315
 10
276.0251816898343
 20
55.195683135884806
 10
275.7696004286432
 20
55.26558246201671
 10
275.48621111727294
 20
55.33876819407887
 10
275.101132822407
 20
55.438181973469
 10
274.74676978296617
 20
55.534182946700795
 10
274.4231219989503
 20
55.626771113774254
 10
274.13018947035954
 20
55.715946474689375
 10
273.86797219719386
 20
55.80170902944615
 10
273.63647017945317
 20
55.88405877804459
 10
273.43568341713757
 20
55.96299572048469
 10
273.265611910247
 20
56.038519856766456
 10
272.97489138564777
 20
56.200312148717344
 10
272.7215853285621
 20
56.390418091759635
 10
272.5056937389902
 20
56.608837685893334
 10
272.3272166169319
 20
56.855570931118436
 10
272.18741796466804
 20
57.12328661420592
 10
272.0875617844796
 20
57.404653521926754
 10
272.0276480763665
 20
57.69967165428095
 10
272.0076768403288
 20
58.0083410112685
 10
272.02410886998007
 20
58.290213519901684
 10
272.0734049589339
 20
58.56146840937559
 10
272.15556510719017
 20
58.822105679690225
 10
272.27058931474903
 20
59.07212533084558
 10
272.41392717339926
 20
59.306471353718194
 10
272.5810282749298
 20
59.5200877391846
 10
272.77189261934063
 20
59.7129744872448
 10
272.9865202066317
 20
59.88513159789879
 10
273.1718229410067
 20
60.005717415493436
 10
273.3879673310349
 20
60.1166968157535
 10
273.6349533767161
 20
60.218069798678975
 10
273.91278107805056
 20
60.30983636426987
 10
274.21133841679114
 20
60.385929301578024
 10
274.52051337469106
 20
60.44028139965527
 10
274.8403059517502
 20
60.47289265850162
 10
275.1707161479687
 20
60.48376307811707
 10
275.66089623248865
 20
60.4655614452726
 10
276.1202346613554
 20
60.41095654673917
 10
276.54873143456916
 20
60.3199483825168
 10
276.9463865521297
 20
60.19253695260547
 10
277.3035935967025
 20
60.03403106658484
 10
277.610746150953
 20
59.84973953403453
 10
277.8678442148812
 20
59.63966235495455
 10
278.0748877884871
 20
59.4037995293449
 10
278.24274729138614
 20
59.13406144260803
 10
278.3822931431938
 20
58.8223584801464
 10
278.49352534391005
 20
58.46869064196001
 10
278.5764438935349
 20
58.073057928048854
 10
277.15267172436705
 20
57.878907177707795
 10
277.08112919527
 20
58.192379743362636
 10
276.96357698314944
 20
58.46944904332853
 10
276.80001508800535
 20
58.71011507760547
 10
276.5904435098377
 20
58.91437784619347
 10
276.33385104682185
 20
59.077181339969044
 10
276.0292264971331
 20
59.193469549808746
 10
275.6765698607714
 20
59.263242475712566
 10
275.27588113773675
 20
59.286500117680504
 10
275.034077501407
 20
59.28131770832895
 10
274.81022269746563
 20
59.2657704802743
 10
274.6043167259125
 20
59.23985843351654
 10
274.41635958674766
 20
59.203581568055675
 10
274.2463512799712
 20
59.15693988389171
 10
274.09429180558294
 20
59.09993338102464
 10
273.96018116358306
 20
59.03256205945446
 10
273.8440193539714
 20
58.95482591918119
 10
273.65644141549086
 20
58.78191040715868
 10
273.52245717371903
 20
58.594838069590466
 10
273.44206662865594
 20
58.39360890647655
 10
273.41526978030157
 20
58.17822291781693
 10
273.4263930003732
 20
58.040193868746336
 10
273.45976266058807
 20
57.90924323244859
 10
273.5153787609462
 20
57.78537100892369
 10
273.59324130144756
 20
57.66857719817164
 10
273.6948670848292
 20
57.556333795630714
 10
273.82177291382817
 20
57.454202411336716
 10
273.97395878844446
 20
57.36218304528965
 10
274.1514247086781
 20
57.280275697489515
 10
274.21930163116065
 20
57.2567652550654
 10
274.3137226015413
 20
57.226682000780784
 10
274.43468761982024
 20
57.190025934635656
 10
274.58219668599736
 20
57.146797056630035
 10
274.7562498000726
 20
57.0969953667639
 10
274.9568469620461
 20
57.04062086503726
 10
275.1839881719178
 20
56.97767355145012
 10
275.43767342968766
 20
56.90815342600247
 10
275.8093533003764
 20
56.807349244103385
 10
276.15183471837713
 20
56.7112218706435
 10
276.4651176836898
 20
56.61977130562283
 10
276.7492021963145
 20
56.532997549041355
 10
277.00408825625124
 20
56.45090060089909
 10
277.22977586349987
 20
56.373480461196024
 10
277.4262650180605
 20
56.30073712993217
 10
277.5935557199332
 20
56.23267060710752
 10
277.88250664133926
 20
56.08629914298321
 10
278.13859350344273
 20
55.91009722503044
 10
278.3618163062438
 20
55.704064853249236
 10
278.55217504974223
 20
55.46820202763958
 10
278.7043609243585
 20
55.20225594774531
 10
278.81306512051304
 20
54.90597381311025
 10
278.87828763820573
 20
54.57935562373439
 10
278.90002847743665
 20
54.22240137961775
 10
278.87348442953845
 20
53.8636775323079
 10
278.79385228584385
 20
53.51557130415731
 10
278.6611320463529
 20
53.17808269516601
 10
278.4753237110656
 20
52.85121170533399
 10
278.2394608854559
 20
52.547851157926075
 10
277.956577174998
 20
52.28089387620711
 10
277.6266725796919
 20
52.0503398601771
 10
277.24974709953756
 20
51.85618910983603
 10
276.8361655532381
 20
51.70223363202651
 10
276.39629275949665
 20
51.592265433591145
 10
275.9301287183132
 20
51.52628451452993
 10
275.43767342968766
 20
51.50429087484285
 10
275.03148629673126
 20
51.5151612944583
 10
274.65020000870794
 20
51.547772553304654
 10
274.2938145656177
 20
51.60212465138191
 10
273.9623299674605
 20
51.67821758869005
 10
273.6557462142364
 20
51.77605136522911
 10
273.37406330594536
 20
51.89562598099906
 10
273.11728124258735
 20
52.036941435999914
 10
272.88540002416244
 20
52.199997730231665
 10
272.6758916461088
 20
52.38441566301006
 10
272.48622810386485
 20
52.589816033650834
 10
272.31640939743045
 20
52.81619884215399
 10
272.1664355268057
 20
53.06356408851953
 10
272.03630649199044
 20
53.33191177274744
 10
271.9260222929849
 20
53.62124189483774
 10
271.8355829297889
 20
53.931554454790415
 10
271.76498840240254
 20
54.26284945260547
  0
LWPOLYLINE
  5
3D
330
17
100
AcDbEntity
  8
line engraving
 62
1
420
16711680
100
AcDbPolyline
 90
50
 70
0
 10
280.6312060013111
 20
48.40596848398337
 10
280.6312060013111
 20
60.289612327776005
 10
281.95790279530837
 20
60.289612327776005
 10
281.95790279530837
 20
59.17324551331489
 10
282.2000856323224
 20
59.4803980675654
 10
282.45743649670675
 20
59.74659694791585
 10
282.7299553884615
 20
59.97184215436622
 10
283.0176423075867
 20
60.156133686916526
 10
283.3285868686798
 20
60.29947154556677
 10
283.67087868633837
 20
60.40185573031694
 10
284.0445177605625
 20
60.46328624116704
 10
284.449504091352
 20
60.48376307811707
 10
284.98341865478994
 20
60.448371014252814
 10
285.4849747598377
 20
60.34219482266005
 10
285.9541724064953
 20
60.165234503338766
 10
286.3910115947627
 20
59.91749005628897
 10
286.7858859073053
 20
59.60528149291499
 10
287.12918892678863
 20
59.234928824621164
 10
287.42092065321253
 20
58.806432051407484
 10
287.66108108657716
 20
58.319791173273956
 10
287.8486590250577
 20
57.79169102032802
 10
287.98264326682954
 20
57.2388164226771
 10
288.06303381189264
 20
56.661167380321196
 10
288.089830660247
 20
56.05874389326031
 10
288.06025300687475
 20
55.41587233321171
 10
287.9715200467579
 20
54.80586483246563
 10
287.8236317798966
 20
54.22872139102208
 10
287.61658820629066
 20
53.68444200888105
 10
287.491578380713
 20
53.42822874654945
 10
287.3531701309581
 20
53.18743631204442
 10
287.2013634570261
 20
52.96206470536596
 10
287.03615835891685
 20
52.75211392651407
 10
286.85755483663047
 20
52.55758397548875
 10
286.66555289016685
 20
52.37847485228999
 10
286.4601525195261
 20
52.2147865569178
 10
286.2413537247081
 20
52.066519089372186
 10
285.784543300403
 20
51.8205442455156
 10
285.316104055114
 20
51.64484792847519
 10
284.83603598884093
 20
51.539430138250935
 10
284.34433910158396
 20
51.50429087484285
 10
283.98966006157286
 20
51.52350370951202
 10
283.6536882553186
 20
51.58114221351953
 10
283.3364236828212
 20
51.677206386865365
 10
283.03786634408056
 20
51.81169622954954
 10
282.76155544548317
 20
51.97551092514981
 10
282.5110301934155
 20
52.15954965724394
 10
282.28629058787743
 20
52.36381242583194
 10
282.0873366288691
 20
52.5882992309138
 10
282.0873366288691
 20
48.40596848398337
 10
280.6312060013111
 20
48.40596848398337
  0
LWPOLYLINE
  5
3E
330
17
100
AcDbEntity
  8
line engraving
 62
1
420
16711680
100
AcDbPolyline
 90
65
 70
0
 10
281.94981318071086
 20
55.9454892888947
 10
281.96030439964204
 20
55.54442136517582
 10
281.99177805643563
 20
55.17040309026748
 10
282.0442341510916
 20
54.82343446416968
 10
282.1176726836099
 20
54.50351548688242
 10
282.2120936539906
 20
54.210646158405694
 10
282.3274970622337
 20
53.94482647873951
 10
282.46388290833914
 20
53.70605644788387
 10
282.621251192307
 20
53.49433606583876
 10
282.7935347031891
 20
53.30852773055141
 10
282.9746662300372
 20
53.147493839969044
 10
283.16464577285143
 20
53.01123439409166
 10
283.3634733316317
 20
52.89974939291925
 10
283.571148906378
 20
52.813038836451824
 10
283.78767249709045
 20
52.751102724689375
 10
284.0130441037689
 20
52.7139410576319
 10
284.24726372641345
 20
52.70155383527941
 10
284.4855913564708
 20
52.714383458430206
 10
284.7151973707902
 20
52.752872327882585
 10
284.9360817693715
 20
52.81702044363655
 10
285.1482445522149
 20
52.9068278056921
 10
285.35168571932036
 20
53.02229441404924
 10
285.54640527068784
 20
53.16342026870796
 10
285.7324032063173
 20
53.33020536966827
 10
285.9096795262088
 20
53.52264971693017
 10
286.0717878187299
 20
53.742017312774514
 10
286.2122816722482
 20
53.98957215948218
 10
286.33116108676364
 20
54.26531425705316
 10
286.42842606227634
 20
54.569243605487465
 10
286.5040765987862
 20
54.901360204785085
 10
286.5581126962932
 20
55.261664054946024
 10
286.5905343547974
 20
55.65015515597028
 10
286.60134157429883
 20
56.06683350785786
 10
286.5907871552536
 20
56.4644886254184
 10
286.5591238981179
 20
56.83635809644927
 10
286.50635180289174
 20
57.18244192095046
 10
286.4324708695751
 20
57.50274009892198
 10
286.337481098168
 20
57.79725263036383
 10
286.22138248867043
 20
58.065979515276005
 10
286.0841750410824
 20
58.30892075365851
 10
285.9258587554039
 20
58.52607634551134
 10
285.75288004326734
 20
58.717572691062585
 10
285.57168531630515
 20
58.88353619054033
 10
285.38227457451734
 20
59.02396684394458
 10
285.1846478179039
 20
59.13886465127533
 10
284.9788050464648
 20
59.22822961253257
 10
284.7647462602001
 20
59.29206172771632
 10
284.5424714591098
 20
59.33036099682657
 10
284.3119806431938
 20
59.34312741986332
 10
284.08275382955867
 20
59.32953939534401
 10
283.86022622801215
 20
59.28877532178607
 10
283.64439783855426
 20
59.22083519918951
 10
283.4352686611849
 20
59.12571902755432
 10
283.2328386959042
 20
59.0034268068805
 10
283.03710794271205
 20
58.85395853716806
 10
282.84807640160847
 20
58.677314218416996
 10
282.6657440725935
 20
58.4734938506273
 10
282.4979477698085
 20
58.24376143607985
 10
282.35252430739484
 20
57.989380977055504
 10
282.2294736853525
 20
57.71035247355427
 10
282.1287959036815
 20
57.40667592557614
 10
282.05049096238184
 20
57.07835133312112
 10
281.9945588614535
 20
56.7253786961892
 10
281.9609996008965
 20
56.347758014780396
 10
281.94981318071086
 20
55.9454892888947
  0
LWPOLYLINE
  5
3F
330
17
100
AcDbEntity
  8
line engraving
 62
1
420
16711680
100
AcDbPolyline
 90
128
 70
0
 10
295.45137994401233
 20
52.75818113746222
 10
295.05069122097774
 20
52.43965256268392
 10
294.6575865116283
 20
52.17168407914026
 10
294.2720658159641
 20
51.95427568683126
 10
293.8941291339851
 20
51.78742738575691
 10
293.51315884653195
 20
51.66355516223201
 10
293.1185373344455
 20
51.57507500257137
 10
292.71026459772565
 20
51.52198690677498
 10
292.2883406363725
 20
51.50429087484285
 10
291.94465841620496
 20
51.51509809434426
 10
291.6214530329874
 20
51.54751975284848
 10
291.31872448671993
 20
51.60155585035552
 10
291.03647277740254
 20
51.677206386865365
 10
290.7746979050351
 20
51.77447136237802
 10
290.5333998696177
 20
51.8933507768935
 10
290.3125786711504
 20
52.03384463041179
 10
290.1122343096331
 20
52.1959529229329
 10
289.93400998803094
 20
52.37487244578952
 10
289.7795489093091
 20
52.565799990314375
 10
289.6488510734675
 20
52.76873555650746
 10
289.5419164805062
 20
52.98367914436878
 10
289.4587451304252
 20
53.21063075389832
 10
289.39933702322446
 20
53.449590385096094
 10
289.36369215890403
 20
53.700558037962104
 10
289.3518105374639
 20
53.963533712496336
 10
289.3697593698522
 20
54.272203069483886
 10
289.4236058670171
 20
54.56722120183808
 10
289.51335002895866
 20
54.84858810955892
 10
289.63899185567675
 20
55.1163037926464
 10
289.79370573485477
 20
55.36430104015237
 10
289.97066605417604
 20
55.586512641128664
 10
290.1698728136406
 20
55.78293859557529
 10
290.3913260132484
 20
55.95357890349224
 10
290.6312336461568
 20
56.101719970809775
 10
290.88580370552324
 20
56.23064820345813
 10
291.1550361913478
 20
56.34036360143733
 10
291.43893110363035
 20
56.43086616474736
 10
291.680608339732
 20
56.48698786601782
 10
291.97689047436705
 20
56.54209836546359
 10
292.32777750753553
 20
56.596197663084666
 10
292.73326943923746
 20
56.64928575888105
 10
293.15961740857364
 20
56.703132256045954
 10
293.55689332544995
 20
56.75950675777259
 10
293.9250971898663
 20
56.81840926406096
 10
294.26422900182274
 20
56.87983977491106
 10
294.5742887613192
 20
56.9437982903229
 10
294.8552764683558
 20
57.01028481029647
 10
295.1071921229325
 20
57.079299334831774
 10
295.3300357250492
 20
57.150841863928804
 10
295.3335749314356
 20
57.286848509350015
 10
295.3361029359973
 20
57.395552705504514
 10
295.33761973873436
 20
57.476954452392306
 10
295.3381253396467
 20
57.531053750013385
 10
295.3316789280143
 20
57.745302136620225
 10
295.312339693117
 20
57.9431184935758
 10
295.28010763495496
 20
58.12450282088012
 10
295.234982753528
 20
58.28945511853317
 10
295.1769650488363
 20
58.43797538653496
 10
295.10605452087964
 20
58.570063624885485
 10
295.02225116965826
 20
58.685719833584756
 10
294.925554995172
 20
58.78494401263276
 10
294.7775403280825
 20
58.90060022133203
 10
294.6125880304295
 20
59.000835602204724
 10
294.43069810221283
 20
59.08565015525085
 10
294.23187054343254
 20
59.155043880470416
 10
294.01610535408867
 20
59.209016777863404
 10
293.78340253418116
 20
59.247568847429825
 10
293.5337620837101
 20
59.27070008916968
 10
293.2671840026754
 20
59.278410503082966
 10
293.0187443543711
 20
59.27278569293311
 10
292.78711593640236
 20
59.255911262483544
 10
292.57229874876913
 20
59.227787211734274
 10
292.3742927914714
 20
59.18841354068529
 10
292.19309806450923
 20
59.13779024933659
 10
292.02871456788256
 20
59.07591733768818
 10
291.8811423015914
 20
59.002794805740066
 10
291.7503812656358
 20
58.91842265349224
 10
291.521596852799
 20
58.703795066201145
 10
291.32466529744
 20
58.419900153918576
 10
291.1595865995589
 20
58.06673791664453
 10
291.0263607591556
 20
57.64430835437901
 10
289.60258858998776
 20
57.83845910472007
 10
289.71533759344106
 20
58.273528689794254
 10
289.8594338534598
 20
58.664610995494286
 10
290.03487737004406
 20
59.011706021820174
 10
290.2416681431938
 20
59.31481376877191
 10
290.48890698933127
 20
59.579748646841495
 10
290.7856947248787
 20
59.81232506652089
 10
291.13203134983604
 20
60.01254302781011
 10
291.52791686420335
 20
60.18040253070916
 10
291.9652616533831
 20
60.313122770200124
 10
292.4359761027777
 20
60.40792294126509
 10
292.94006021238715
 20
60.46480304390408
 10
293.4775139822115
 20
60.48376307811707
 10
294.00182212831487
 20
60.46758384892198
 10
294.4745589813589
 20
60.419046161336716
 10
294.8957245413435
 20
60.33815001536127
 10
295.26531880826883
 20
60.22489541099565
 10
295.5863753876089
 20
60.08711916238123
 10
295.8619278848377
 20
59.93265808365936
 10
296.0919762999554
 20
59.76151217483007
 10
296.2765206329619
 20
59.573681435893334
 10
296.42617850301644
 20
59.36461545863805
 10
296.5515675292784
 20
59.12976383485309
 10
296.6526877117477
 20
58.869126564538455
 10
296.72953905042436
 20
58.58270364769415
 10
296.7613919079022
 20
58.35922804443699
 10
296.78414394895776
 20
58.06092350615254
 10
296.7977951735911
 20
57.68779003284081
 10
296.80234558180223
 20
57.23982762450179
 10
296.80234558180223
 20
55.29832012109115
 10
296.8037991844252
 20
54.81401764717723
 10
296.80815999229424
 20
54.37635685742727
 10
296.8154280054092
 20
53.98533775184128
 10
296.82560322377014
 20
53.640960330419254
 10
296.83868564737713
 20
53.343224593161196
 10
296.8546752762301
 20
53.0921305400671
 10
296.87357211032906
 20
52.88767817113698
 10
296.895376149674
 20
52.72986748637082
 10
296.9532674541377
 20
52.46366860602038
 10
297.03391079965695
 20
52.203031335705745
 10
297.13730618623185
 20
51.947955675426925
 10
297.2634536138623
 20
51.69844162518392
 10
295.74260606952396
 20
51.69844162518392
 10
295.6394634834053
 20
51.93455725124974
 10
295.5565449337804
 20
52.189885711984736
 10
295.49385042064944
 20
52.46442700738889
 10
295.45137994401233
 20
52.75818113746222
  0
LWPOLYLINE
  5
40
330
17
100
AcDbEntity
  8
line engraving
 62
1
420
16711680
100
AcDbPolyline
 90
42
 70
0
 10
295.3300357250492
 20
56.01020620567505
 10
295.1194529450569
 20
55.930826862436646
 10
294.88409572035954
 20
55.85448112467232
 10
294.6239640509573
 20
55.78116899238208
 10
294.33905793685
 20
55.71089046556591
 10
294.02937737803774
 20
55.64364554422382
 10
293.6949223745205
 20
55.579434228355815
 10
293.3356929262983
 20
55.51825651796188
 10
292.9516890333711
 20
55.46011241304203
 10
292.53557948250995
 20
55.39337309261229
 10
292.1851980502538
 20
55.322588964883785
 10
291.90054473660274
 20
55.2477600298565
 10
291.6816195415567
 20
55.16888628753044
 10
291.50617602497243
 20
55.07863652467658
 10
291.35196774670675
 20
54.96967952806591
 10
291.2189947067596
 20
54.84201529769841
 10
291.107256905131
 20
54.695643833574096
 10
291.0187767454704
 20
54.535621144816425
 10
290.9555766314271
 20
54.367003240548854
 10
290.9176565630011
 20
54.189790120771406
 10
290.90501654019243
 20
54.00398178548406
 10
290.9325717899153
 20
53.72489008186878
 10
291.01523753908396
 20
53.470067222046126
 10
291.1530137876984
 20
53.23951320601611
 10
291.3459005357586
 20
53.033228033778734
 10
291.59187537961515
 20
52.8633461272303
 10
291.8889159156188
 20
52.74200190826714
 10
292.2370221437693
 20
52.66919537688924
 10
292.6361940640669
 20
52.64492653309661
 10
293.0452252021552
 20
52.66793137460837
 10
293.43099869827563
 20
52.73694589914368
 10
293.79351455242806
 20
52.8519701067025
 10
294.1327727646126
 20
53.01300399728487
 10
294.4386613165822
 20
53.21398035994262
 10
294.7010681900901
 20
53.44883198372757
 10
294.91999338513614
 20
53.717558868639756
 10
295.0954369017204
 20
54.02016101467915
 10
295.19807388692675
 20
54.296219112820346
 10
295.271386019217
 20
54.63092691679374
 10
295.3153732985911
 20
55.02428442659934
 10
295.3300357250492
 20
55.47629164223712
 10
295.3300357250492
 20
56.01020620567505
  0
LWPOLYLINE
  5
41
330
17
100
AcDbEntity
  8
line engraving
 62
1
420
16711680
100
AcDbPolyline
 90
119
 70
0
 10
304.6654509706153
 20
54.845301703628664
 10
306.09731275438065
 20
54.65924056788515
 10
306.0272238279066
 20
54.299189518180384
 10
305.9342564601489
 20
53.95923610474139
 10
305.8184106511075
 20
53.63938032756817
 10
305.67968640078243
 20
53.339622186660726
 10
305.51808370917365
 20
53.05996168201906
 10
305.33360257628124
 20
52.800398813643156
 10
305.1262430021051
 20
52.560933581533035
 10
304.8960049866453
 20
52.34156598568869
 10
304.64743893811294
 20
52.1453296315842
 10
304.38509526471915
 20
51.97525812469364
 10
304.1089739664639
 20
51.83135146501701
 10
303.81907504334725
 20
51.71360965255431
 10
303.51539849536914
 20
51.62203268730555
 10
303.19794432252957
 20
51.55662056927072
 10
302.86671252482853
 20
51.51737329844982
 10
302.5217031022661
 20
51.50429087484285
 10
302.0916263262013
 20
51.5223029073452
 10
301.68316398913936
 20
51.57633900485223
 10
301.29631609108026
 20
51.666399167363956
 10
300.93108263202396
 20
51.79248339488037
 10
300.5874636119704
 20
51.954591687401475
 10
300.2654590309197
 20
52.15272404492727
 10
299.9650688888719
 20
52.38688046745775
 10
299.6862931858268
 20
52.65706095499292
 10
299.43507273250464
 20
52.96086390319914
 10
299.2173483396254
 20
53.29588770774275
 10
299.03312000718915
 20
53.662132368623766
 10
298.88238773519583
 20
54.05959788584217
 10
298.7651515236455
 20
54.48828425939798
 10
298.6814113725381
 20
54.94819148929118
 10
298.6311672818737
 20
55.439319575521786
 10
298.6144192516522
 20
55.96166851808979
 10
298.64323850365594
 20
56.6356345342477
 10
298.7296962596672
 20
57.26611887194381
 10
298.87379251968594
 20
57.85312153117812
 10
299.0755272837122
 20
58.39664251195063
 10
299.19832510529835
 20
58.64937976800985
 10
299.3361645540268
 20
58.88581139464589
 10
299.4890456298976
 20
59.10593739185875
 10
299.6569683329107
 20
59.30975775964845
 10
299.83993266306607
 20
59.497272498014965
 10
300.0379386203638
 20
59.6684816069583
 10
300.25098620480384
 20
59.82338508647847
 10
300.47907541638614
 20
59.96198293657546
 10
300.9606602853962
 20
60.190261748499914
 10
301.4629747918125
 20
60.35331804273167
 10
301.98601893563495
 20
60.45115181927072
 10
302.52979271686365
 20
60.48376307811707
 10
302.87170533383795
 20
60.47270305815949
 10
303.1976915220734
 20
60.43952299828675
 10
303.5077512815699
 20
60.38422289849885
 10
303.80188461232746
 20
60.30680275879579
 10
304.0800915143461
 20
60.207262579177566
 10
304.3423719876259
 20
60.085602359644184
 10
304.58872603216673
 20
59.941822100195644
 10
304.8191536479687
 20
59.77592180083194
 10
305.0316324313823
 20
59.58967106474629
 10
305.2241399787583
 20
59.38483949513191
 10
305.3966762900965
 20
59.161427091988784
 10
305.54924136539705
 20
58.91943385531693
 10
305.68183520465993
 20
58.65885978511635
 10
305.7944578078851
 20
58.37970488138702
 10
305.8871091750726
 20
58.08196914412896
 10
305.95978930622243
 20
57.76565257334217
 10
304.5441067516522
 20
57.547232979208474
 10
304.42352093405754
 20
57.95323051182273
 10
304.2640038462122
 20
58.30563434772826
 10
304.06555548811616
 20
58.60444448692505
 10
303.8281758597695
 20
58.84966092941311
 10
303.5579321721203
 20
59.0407780742801
 10
303.2608916361167
 20
59.17729032061366
 10
302.93705425175875
 20
59.25919766841379
 10
302.58642001904644
 20
59.286500117680504
 10
302.31781953436234
 20
59.27417609544206
 10
302.0621118729431
 20
59.237204028726715
 10
301.8192970347887
 20
59.17558391753449
 10
301.5893750198991
 20
59.089315761865365
 10
301.3723458282744
 20
58.97839956171934
 10
301.16820945991446
 20
58.84283531709643
 10
300.97696591481935
 20
58.68262302799663
 10
300.79861519298913
 20
58.49776269441993
 10
300.63745490217866
 20
58.28623191271696
 10
300.49778265014294
 20
58.046008279238315
 10
300.37959843688196
 20
57.77709179398401
 10
300.2829022623957
 20
57.479482456954045
 10
300.20769412668415
 20
57.153180268148404
 10
300.1539740297473
 20
56.7981852275671
 10
300.1217419715852
 20
56.41449733521014
 10
300.11099795219786
 20
56.00211659107751
 10
300.121362770901
 20
55.58411103679502
 10
300.1524572270103
 20
55.195683135884806
 10
300.2042813205258
 20
54.83683288834686
 10
300.2768350514475
 20
54.50756029418119
 10
300.37011841977545
 20
54.20786535338779
 10
300.4841314255096
 20
53.93774806596666
 10
300.6188740686499
 20
53.6972084319178
 10
300.7743463491965
 20
53.486246451241215
 10
300.9465034598505
 20
53.30233411937517
 10
301.13130059331314
 20
53.14294343175793
 10
301.32873774958443
 20
53.00807438838949
 10
301.53881492866446
 20
52.89772698926986
 10
301.76153213055306
 20
52.81190123439904
 10
301.9968893552504
 20
52.75059712377703
 10
302.24488660275637
 20
52.713814657403816
 10
302.505523873071
 20
52.70155383527941
 10
302.9165774148087
 20
52.73441789458194
 10
303.2922388926822
 20
52.83301007248951
 10
303.6325083066914
 20
52.99733036900213
 10
303.93738565683634
 20
53.2273787841198
 10
304.0744035040822
 20
53.36768303729596
 10
304.19827572760715
 20
53.52568332240425
 10
304.309002327411
 20
53.70137963944466
 10
304.4065833034939
 20
53.894771988417205
 10
304.4910186558558
 20
54.10586036932188
 10
304.56230838449665
 20
54.334644782158676
 10
304.6204524894165
 20
54.581125226927604
 10
304.6654509706153
 20
54.845301703628664
  0
LWPOLYLINE
  5
42
330
17
100
AcDbEntity
  8
line engraving
 62
1
420
16711680
100
AcDbPolyline
 90
95
 70
0
 10
313.22426321481726
 20
54.46508981754408
 10
314.7289315299605
 20
54.27902868180056
 10
314.630465752281
 20
53.958604103600955
 10
314.5130399403885
 20
53.656633958701995
 10
314.376654094283
 20
53.37311824710368
 10
314.22130821396456
 20
53.10805696880602
 10
314.04700229943313
 20
52.861450123809
 10
313.8537363506887
 20
52.633297712112636
 10
313.6415103677312
 20
52.42359973371691
 10
313.41032435056076
 20
52.23235618862184
 10
313.1613159012301
 20
52.061715880704895
 10
312.89562262179203
 20
51.91382761384354
 10
312.61324451224647
 20
51.78869138803777
 10
312.3141815725935
 20
51.6863072032876
 10
311.9984338028331
 20
51.60667505959302
 10
311.6660012029653
 20
51.54979495695404
 10
311.31688377299
 20
51.51566689537065
 10
310.9510815129073
 20
51.50429087484285
 10
310.4920590846107
 20
51.52242930757328
 10
310.0574319003348
 20
51.57684460576458
 10
309.64719996007966
 20
51.667536769416735
 10
309.2613632638452
 20
51.794505798529755
 10
308.8999218116315
 20
51.95775169310364
 10
308.5628756034385
 20
52.157274453138385
 10
308.2502246392662
 20
52.393074078633994
 10
307.96196891911467
 20
52.665150569590466
 10
307.7031644521073
 20
52.96996471962137
 10
307.47886724736753
 20
53.303977322340295
 10
307.2890773048955
 20
53.66718837774723
 10
307.13379462469106
 20
54.05959788584217
 10
307.0130192067543
 20
54.48120584662513
 10
306.92675105108515
 20
54.932012260096094
 10
306.87499015768367
 20
55.41201712625507
 10
306.85773652654984
 20
55.921220445102065
 10
306.8751797580258
 20
56.44805659576714
 10
306.92750945245365
 20
56.944556691691425
 10
307.0147256098334
 20
57.410720732874914
 10
307.1368282301651
 20
57.84654871931761
 10
307.2938173134487
 20
58.25204065101952
 10
307.4856928596842
 20
58.627196527980644
 10
307.71245486887165
 20
58.97201635020097
 10
307.97410334101096
 20
59.286500117680504
 10
308.26355986332936
 20
59.56710862403283
 10
308.57374602305396
 20
59.8103026628715
 10
308.90466182018474
 20
60.01608223419654
 10
309.2563072547217
 20
60.18444733800793
 10
309.62868232666494
 20
60.31539797430568
 10
310.02178703601436
 20
60.40893414308979
 10
310.43562138276997
 20
60.46505584436025
 10
310.8701853669318
 20
60.48376307811707
 10
311.2910981264603
 20
60.46543504504451
 10
311.69229245040725
 20
60.410450945826824
 10
312.0737683387727
 20
60.31881078046402
 10
312.43552579155664
 20
60.19051454895609
 10
312.77756480875905
 20
60.025562251303036
 10
313.09988539038
 20
59.823953887504864
 10
313.40248753641936
 20
59.585689457561564
 10
313.68537124687725
 20
59.310768961473144
 10
313.94133170875267
 20
59.00260520539794
 10
314.1631641090447
 20
58.664610995494286
 10
314.3508684477534
 20
58.29678633176219
 10
314.5044447248787
 20
57.89913121420165
 10
314.62389294042055
 20
57.47164564281267
 10
314.709213094379
 20
57.01432961759524
 10
314.7604051867541
 20
56.52718313854937
 10
314.7774692175458
 20
56.01020620567505
 10
314.77696361663345
 20
55.93739967429715
 10
314.7754468138964
 20
55.848413913724166
 10
314.77291880933467
 20
55.74324892395609
 10
314.7693796029482
 20
55.62190470499292
 10
308.3624048416931
 20
55.62190470499292
 10
308.3926144962058
 20
55.27834888505346
 10
308.4427953867562
 20
54.955522702520206
 10
308.5129475133443
 20
54.65342615739316
 10
308.60307087597005
 20
54.37205924967232
 10
308.7131654746335
 20
54.11142197935769
 10
308.8432313093346
 20
53.87151434644927
 10
308.99326838007346
 20
53.652336350947046
 10
309.16327668685
 20
53.45388799285104
 10
309.34883222168116
 20
53.27755967467019
 10
309.54551097658396
 20
53.12474179891345
 10
309.75331295155837
 20
52.99543436558083
 10
309.9722381466044
 20
52.88963737467232
 10
310.2022865617221
 20
52.80735082618792
 10
310.44345819691137
 20
52.748574720127635
 10
310.6957530521723
 20
52.71330905649147
 10
310.9591711275048
 20
52.70155383527941
 10
311.3449446236252
 20
52.72784508272143
 10
311.70139326682954
 20
52.80671882504749
 10
312.0285170571177
 20
52.938175062257585
 10
312.32631599448985
 20
53.12221379435172
 10
312.59479007894583
 20
53.36389103045336
 10
312.83393931048573
 20
53.66826277968596
 10
313.04376368910954
 20
54.03532904204954
 10
313.22426321481726
 20
54.46508981754408
  0
LWPOLYLINE
  5
43
330
17
100
AcDbEntity
  8
line engraving
 62
1
420
16711680
100
AcDbPolyline
 90
34
 70
0
 10
308.4433009876685
 20
56.81916766542948
 10
313.24044244401233
 20
56.81916766542948
 10
313.2106119901839
 20
57.081700939165415
 10
313.16965831628386
 20
57.32729658233774
 10
313.1175814223121
 20
57.555954594946456
 10
313.05438130826883
 20
57.76767497699156
 10
312.9800579741539
 20
57.962457728473055
 10
312.8946114199673
 20
58.14030284939095
 10
312.79804164570913
 20
58.301210339745225
 10
312.69034865137934
 20
58.4451801995359
 10
312.50997552589973
 20
58.64236455535104
 10
312.3167095771553
 20
58.813257663724166
 10
312.110550805146
 20
58.95785952465527
 10
311.8914992098718
 20
59.07617013814435
 10
311.6595547913329
 20
59.16818950419142
 10
311.4147175495291
 20
59.23391762279647
 10
311.15698748446044
 20
59.273354493959495
 10
310.88636459612695
 20
59.286500117680504
 10
310.64057935261246
 20
59.27600889874931
 10
310.4047797271169
 20
59.244535241955745
 10
310.17896571964013
 20
59.19207914729979
 10
309.9631373301822
 20
59.11864061478146
 10
309.75729455874307
 20
59.02421964440075
 10
309.56143740532286
 20
58.908816236157655
 10
309.3755658699215
 20
58.772430390052186
 10
309.19967995253893
 20
58.61506210608433
 10
309.0383300613864
 20
58.44012419041243
 10
308.89606660467484
 20
58.25102944919483
 10
308.77288958240445
 20
58.04777788243153
 10
308.66879899457507
 20
57.83036949012253
 10
308.58379484118683
 20
57.59880427226782
 10
308.51787712223967
 20
57.35308222886741
 10
308.4710458377335
 20
57.0932033599213
 10
308.4433009876685
 20
56.81916766542948
  0
LWPOLYLINE
  5
44
330
17
100
AcDbEntity
  8
line engraving
 62
1
420
16711680
100
AcDbPolyline
 90
35
 70
0
 10
316.5410051998104
 20
51.69844162518392
 10
316.5410051998104
 20
60.289612327776005
 10
317.8515227646126
 20
60.289612327776005
 10
317.8515227646126
 20
58.98718437757137
 10
318.09749760846915
 20
59.40531633208194
 10
318.33386603499116
 20
59.74558574609115
 10
318.5606280441786
 20
60.007992619598994
 10
318.7777836360314
 20
60.19253695260547
 10
318.99544482879656
 20
60.3199483825168
 10
319.22372364072106
 20
60.41095654673917
 10
319.4626200718048
 20
60.4655614452726
 10
319.7121341220478
 20
60.48376307811707
 10
320.0817283889731
 20
60.454438225200974
 10
320.4543562613725
 20
60.36646366645268
 10
320.83001773924593
 20
60.219839401872186
 10
321.2087128225935
 20
60.0145654314595
 10
320.70715671754573
 20
58.66359979366959
 10
320.4401994358268
 20
58.80162884274019
 10
320.1732421541078
 20
58.90022102064776
 10
319.9062848723888
 20
58.959376327392306
 10
319.6393275906699
 20
58.97909476297382
 10
319.4067511709905
 20
58.96114593058552
 10
319.1863091732074
 20
58.90729943342062
 10
318.97800159732066
 20
58.81755527147911
 10
318.7818284433302
 20
58.691913444761
 10
318.60537372492126
 20
58.53441876056506
 10
318.45622145577903
 20
58.34911602619006
 10
318.33437163590355
 20
58.136005241636
 10
318.2398242652947
 20
57.895086406902884
 10
318.133648073702
 20
57.49768408979852
 10
318.05780793685
 20
57.08208013984968
 10
318.01230385473883
 20
56.64827455705636
 10
317.9971358273684
 20
56.19626734141857
 10
317.9971358273684
 20
51.69844162518392
 10
316.5410051998104
 20
51.69844162518392
  0
CIRCLE
  5
45
330
17
100
AcDbEntity
  8
cut
 62
5
420
255
100
AcDbCircle
 10
560.4984511883944
 20
44.83451819725819
 30
0.0
 40
3.9
  0
CIRCLE
  5
46
330
17
100
AcDbEntity
  8
cut
 62
5
420
255
100
AcDbCircle
 10
1016.4984511883944
 20
44.83451819725819
 30
0.0
 40
3.9
  0
LWPOLYLINE
  5
47
330
17
100
AcDbEntity
  8
cut
 62
5
420
255
100
AcDbPolyline
 90
10
 70
1
 10
812.498454764673
 20
110.83451837607215
 10
812.498454764673
 20
294.43451375942146
 42
1.6953422501885593
 10
764.5542398438517
 20
294.33357718136864
 10
764.5542398438517
 20
122.8345183760721
 42
-0.4142135623730962
 10
710.5542398438517
 20
68.83451837607211
 10
572.4984517248363
 20
68.83451837607211
 42
1.618034015706349
 10
572.4984517248362
 20
20.834518018444236
 10
1004.4984443934649
 20
20.834518018444257
 42
1.6180343930967274
 10
1004.498444393465
 20
68.83451837607214
 10
854.4984547646732
 20
68.83451837607214
 42
-0.4142135623730954
  0
CIRCLE
  5
48
330
17
100
AcDbEntity
  8
cut
 62
5
420
255
100
AcDbCircle
 10
788.4984511883944
 20
307.63451819725816
 30
0.0
 40
10.9
  0
LWPOLYLINE
  5
49
330
17
100
AcDbEntity
  8
line engraving
 62
1
420
16711680
100
AcDbPolyline
 90
41
 70
0
 10
741.4088060155295
 20
51.69844162518392
 10
741.4088060155295
 20
59.1570662841198
 10
740.12255729452
 20
59.1570662841198
 10
740.12255729452
 20
60.289612327776005
 10
741.4088060155295
 20
60.289612327776005
 10
741.4088060155295
 20
61.20373877729852
 10
741.4184124328641
 20
61.60872510808808
 10
741.4472316848678
 20
61.95809533851953
 10
741.4952637715407
 20
62.25184946859285
 10
741.5625086928828
 20
62.48998749830807
 10
741.6876449186886
 20
62.75972558504493
 10
741.8527236165697
 20
63.00266682342744
 10
742.0577447865262
 20
63.21881121345558
 10
742.3027084285582
 20
63.40815875512935
 10
742.594187354526
 20
63.56211423293887
 10
742.9387543762901
 20
63.672082431374236
 10
743.3364094938506
 20
63.73806335043545
 10
743.7871527072076
 20
63.76005699012253
 10
744.1026476765118
 20
63.75095617370029
 10
744.4343218750112
 20
63.723653724433575
 10
744.7821753027055
 20
63.67814964232239
 10
745.146207959595
 20
63.61444392736673
 10
744.9277883654613
 20
62.34437443555227
 10
744.7043127622042
 20
62.379766499416526
 10
744.4869043698952
 20
62.405046545033855
 10
744.2755631885343
 20
62.42021457240425
 10
744.0702892181216
 20
62.42527058152771
 10
743.7628838634149
 20
62.40757454959559
 10
743.5040161962935
 20
62.3544864537992
 10
743.2936862167574
 20
62.266006294138556
 10
743.1318939248065
 20
62.14213407061366
 10
743.011560907668
 20
61.96972415950349
 10
742.9256087525691
 20
61.73563093708706
 10
742.8740374595097
 20
61.43985440336434
 10
742.8568470284899
 20
61.08239455833535
 10
742.8568470284899
 20
60.289612327776005
 10
744.5313972501816
 20
60.289612327776005
 10
744.5313972501816
 20
59.1570662841198
 10
742.8568470284899
 20
59.1570662841198
 10
742.8568470284899
 20
51.69844162518392
 10
741.4088060155295
 20
51.69844162518392
  0
LWPOLYLINE
  5
4A
330
17
100
AcDbEntity
  8
line engraving
 62
1
420
16711680
100
AcDbPolyline
 90
35
 70
0
 10
745.6477640646427
 20
51.69844162518392
 10
745.6477640646427
 20
60.289612327776005
 10
746.958281629445
 20
60.289612327776005
 10
746.958281629445
 20
58.98718437757137
 10
747.2042564733015
 20
59.40531633208194
 10
747.4406248998235
 20
59.74558574609115
 10
747.6673869090109
 20
60.007992619598994
 10
747.8845425008637
 20
60.19253695260547
 10
748.1022036936289
 20
60.3199483825168
 10
748.3304825055534
 20
60.41095654673917
 10
748.5693789366371
 20
60.4655614452726
 10
748.8188929868802
 20
60.48376307811707
 10
749.1884872538054
 20
60.454438225200974
 10
749.5611151262049
 20
60.36646366645268
 10
749.9367766040783
 20
60.219839401872186
 10
750.3154716874259
 20
60.0145654314595
 10
749.8139155823781
 20
58.66359979366959
 10
749.5469583006591
 20
58.80162884274019
 10
749.2800010189402
 20
58.90022102064776
 10
749.0130437372212
 20
58.959376327392306
 10
748.7460864555022
 20
58.97909476297382
 10
748.5135100358228
 20
58.96114593058552
 10
748.2930680380398
 20
58.90729943342062
 10
748.084760462153
 20
58.81755527147911
 10
747.8885873081625
 20
58.691913444761
 10
747.7121325897537
 20
58.53441876056506
 10
747.5629803206114
 20
58.34911602619006
 10
747.4411305007359
 20
58.136005241636
 10
747.3465831301271
 20
57.895086406902884
 10
747.2404069385343
 20
57.49768408979852
 10
747.1645668016823
 20
57.08208013984968
 10
747.119062719571
 20
56.64827455705636
 10
747.1038946922007
 20
56.19626734141857
 10
747.1038946922007
 20
51.69844162518392
 10
745.6477640646427
 20
51.69844162518392
  0
LWPOLYLINE
  5
4B
330
17
100
AcDbEntity
  8
line engraving
 62
1
420
16711680
100
AcDbPolyline
 90
128
 70
0
 10
756.7871633654613
 20
52.75818113746222
 10
756.3864746424267
 20
52.43965256268392
 10
755.9933699330772
 20
52.17168407914026
 10
755.607849237413
 20
51.95427568683126
 10
755.229912555434
 20
51.78742738575691
 10
754.8489422679809
 20
51.66355516223201
 10
754.4543207558945
 20
51.57507500257137
 10
754.0460480191747
 20
51.52198690677498
 10
753.6241240578215
 20
51.50429087484285
 10
753.2804418376539
 20
51.51509809434426
 10
752.9572364544365
 20
51.54751975284848
 10
752.654507908169
 20
51.60155585035552
 10
752.3722561988516
 20
51.677206386865365
 10
752.1104813264841
 20
51.77447136237802
 10
751.8691832910667
 20
51.8933507768935
 10
751.6483620925993
 20
52.03384463041179
 10
751.448017731082
 20
52.1959529229329
 10
751.2697934094799
 20
52.37487244578952
 10
751.1153323307581
 20
52.565799990314375
 10
750.9846344949165
 20
52.76873555650746
 10
750.8776999019551
 20
52.98367914436878
 10
750.7945285518741
 20
53.21063075389832
 10
750.7351204446735
 20
53.449590385096094
 10
750.699475580353
 20
53.700558037962104
 10
750.6875939589129
 20
53.963533712496336
 10
750.7055427913012
 20
54.272203069483886
 10
750.7593892884661
 20
54.56722120183808
 10
750.8491334504076
 20
54.84858810955892
 10
750.9747752771257
 20
55.1163037926464
 10
751.1294891563037
 20
55.36430104015237
 10
751.3064494756251
 20
55.586512641128664
 10
751.5056562350895
 20
55.78293859557529
 10
751.7271094346974
 20
55.95357890349224
 10
751.9670170676058
 20
56.101719970809775
 10
752.2215871269723
 20
56.23064820345813
 10
752.4908196127967
 20
56.34036360143733
 10
752.7747145250793
 20
56.43086616474736
 10
753.0163917611809
 20
56.48698786601782
 10
753.312673895816
 20
56.54209836546359
 10
753.6635609289845
 20
56.596197663084666
 10
754.0690528606864
 20
56.64928575888105
 10
754.4954008300226
 20
56.703132256045954
 10
754.8926767468988
 20
56.75950675777259
 10
755.2608806113152
 20
56.81840926406096
 10
755.6000124232717
 20
56.87983977491106
 10
755.9100721827682
 20
56.9437982903229
 10
756.1910598898048
 20
57.01028481029647
 10
756.4429755443814
 20
57.079299334831774
 10
756.6658191464982
 20
57.150841863928804
 10
756.6693583528846
 20
57.286848509350015
 10
756.6718863574463
 20
57.395552705504514
 10
756.6734031601834
 20
57.476954452392306
 10
756.6739087610957
 20
57.531053750013385
 10
756.6674623494633
 20
57.745302136620225
 10
756.648123114566
 20
57.9431184935758
 10
756.6158910564039
 20
58.12450282088012
 10
756.570766174977
 20
58.28945511853317
 10
756.5127484702853
 20
58.43797538653496
 10
756.4418379423287
 20
58.570063624885485
 10
756.3580345911072
 20
58.685719833584756
 10
756.2613384166209
 20
58.78494401263276
 10
756.1133237495314
 20
58.90060022133203
 10
755.9483714518784
 20
59.000835602204724
 10
755.7664815236617
 20
59.08565015525085
 10
755.5676539648815
 20
59.155043880470416
 10
755.3518887755376
 20
59.209016777863404
 10
755.1191859556301
 20
59.247568847429825
 10
754.8695455051591
 20
59.27070008916968
 10
754.6029674241244
 20
59.278410503082966
 10
754.3545277758201
 20
59.27278569293311
 10
754.1228993578513
 20
59.255911262483544
 10
753.9080821702181
 20
59.227787211734274
 10
753.7100762129204
 20
59.18841354068529
 10
753.5288814859582
 20
59.13779024933659
 10
753.3644979893315
 20
59.07591733768818
 10
753.2169257230404
 20
59.002794805740066
 10
753.0861646870848
 20
58.91842265349224
 10
752.857380274248
 20
58.703795066201145
 10
752.660448718889
 20
58.419900153918576
 10
752.4953700210078
 20
58.06673791664453
 10
752.3621441806046
 20
57.64430835437901
 10
750.9383720114367
 20
57.83845910472007
 10
751.05112101489
 20
58.273528689794254
 10
751.1952172749088
 20
58.664610995494286
 10
751.370660791493
 20
59.011706021820174
 10
751.5774515646427
 20
59.31481376877191
 10
751.8246904107802
 20
59.579748646841495
 10
752.1214781463276
 20
59.81232506652089
 10
752.467814771285
 20
60.01254302781011
 10
752.8637002856523
 20
60.18040253070916
 10
753.301045074832
 20
60.313122770200124
 10
753.7717595242267
 20
60.40792294126509
 10
754.2758436338362
 20
60.46480304390408
 10
754.8132974036605
 20
60.48376307811707
 10
755.3376055497638
 20
60.46758384892198
 10
755.8103424028078
 20
60.419046161336716
 10
756.2315079627924
 20
60.33815001536127
 10
756.6011022297178
 20
60.22489541099565
 10
756.9221588090578
 20
60.08711916238123
 10
757.1977113062867
 20
59.93265808365936
 10
757.4277597214043
 20
59.76151217483007
 10
757.6123040544109
 20
59.573681435893334
 10
757.7619619244654
 20
59.36461545863805
 10
757.8873509507273
 20
59.12976383485309
 10
757.9884711331966
 20
58.869126564538455
 10
758.0653224718733
 20
58.58270364769415
 10
758.0971753293511
 20
58.35922804443699
 10
758.1199273704068
 20
58.06092350615254
 10
758.1335785950401
 20
57.68779003284081
 10
758.1381290032513
 20
57.23982762450179
 10
758.1381290032513
 20
55.29832012109115
 10
758.1395826058742
 20
54.81401764717723
 10
758.1439434137433
 20
54.37635685742727
 10
758.1512114268583
 20
53.98533775184128
 10
758.1613866452192
 20
53.640960330419254
 10
758.1744690688262
 20
53.343224593161196
 10
758.1904586976791
 20
53.0921305400671
 10
758.209355531778
 20
52.88767817113698
 10
758.2311595711229
 20
52.72986748637082
 10
758.2890508755867
 20
52.46366860602038
 10
758.3696942211059
 20
52.203031335705745
 10
758.4730896076808
 20
51.947955675426925
 10
758.5992370353113
 20
51.69844162518392
 10
757.0783894909729
 20
51.69844162518392
 10
756.9752469048542
 20
51.93455725124974
 10
756.8923283552293
 20
52.189885711984736
 10
756.8296338420984
 20
52.46442700738889
 10
756.7871633654613
 20
52.75818113746222
  0
LWPOLYLINE
  5
4C
330
17
100
AcDbEntity
  8
line engraving
 62
1
420
16711680
100
AcDbPolyline
 90
42
 70
0
 10
756.6658191464982
 20
56.01020620567505
 10
756.4552363665058
 20
55.930826862436646
 10
756.2198791418085
 20
55.85448112467232
 10
755.9597474724062
 20
55.78116899238208
 10
755.674841358299
 20
55.71089046556591
 10
755.3651607994867
 20
55.64364554422382
 10
755.0307057959694
 20
55.579434228355815
 10
754.6714763477472
 20
55.51825651796188
 10
754.2874724548201
 20
55.46011241304203
 10
753.8713629039589
 20
55.39337309261229
 10
753.5209814717027
 20
55.322588964883785
 10
753.2363281580517
 20
55.2477600298565
 10
753.0174029630057
 20
55.16888628753044
 10
752.8419594464214
 20
55.07863652467658
 10
752.6877511681557
 20
54.96967952806591
 10
752.5547781282086
 20
54.84201529769841
 10
752.44304032658
 20
54.695643833574096
 10
752.3545601669193
 20
54.535621144816425
 10
752.291360052876
 20
54.367003240548854
 10
752.2534399844501
 20
54.189790120771406
 10
752.2407999616414
 20
54.00398178548406
 10
752.2683552113643
 20
53.72489008186878
 10
752.351020960533
 20
53.470067222046126
 10
752.4887972091474
 20
53.23951320601611
 10
752.6816839572076
 20
53.033228033778734
 10
752.9276588010641
 20
52.8633461272303
 10
753.2246993370677
 20
52.74200190826714
 10
753.5728055652183
 20
52.66919537688924
 10
753.9719774855159
 20
52.64492653309661
 10
754.3810086236042
 20
52.66793137460837
 10
754.7667821197247
 20
52.73694589914368
 10
755.1292979738771
 20
52.8519701067025
 10
755.4685561860616
 20
53.01300399728487
 10
755.7744447380313
 20
53.21398035994262
 10
756.0368516115391
 20
53.44883198372757
 10
756.2557768065851
 20
53.717558868639756
 10
756.4312203231693
 20
54.02016101467915
 10
756.5338573083757
 20
54.296219112820346
 10
756.607169440666
 20
54.63092691679374
 10
756.6511567200401
 20
55.02428442659934
 10
756.6658191464982
 20
55.47629164223712
 10
756.6658191464982
 20
56.01020620567505
  0
LWPOLYLINE
  5
4D
330
17
100
AcDbEntity
  8
line engraving
 62
1
420
16711680
100
AcDbPolyline
 90
104
 70
0
 10
760.3951314759661
 20
51.69844162518392
 10
760.3951314759661
 20
60.289612327776005
 10
761.6975594261708
 20
60.289612327776005
 10
761.6975594261708
 20
59.0842597527419
 10
761.9164846212168
 20
59.38433389421956
 10
762.1687794764777
 20
59.65356638004408
 10
762.4544439919534
 20
59.891957210215466
 10
762.7734781676442
 20
60.099506384733715
 10
763.1208259944262
 20
60.26761868808893
 10
763.4914314631762
 20
60.387698904771234
 10
763.8852945738942
 20
60.45974703478061
 10
764.30241532658
 20
60.48376307811707
 10
764.7582145490604
 20
60.45898863341209
 10
765.1710376939914
 20
60.384665299297154
 10
765.5408847613728
 20
60.260793075772256
 10
765.8677557512049
 20
60.087371962837395
 10
766.1506394616628
 20
59.86945796961604
 10
766.3885246909217
 20
59.612107105231665
 10
766.581411438982
 20
59.31531936968426
 10
766.7292997058433
 20
58.97909476297382
 10
766.9937289830006
 20
59.33175139933552
 10
767.277371094827
 20
59.637387150848994
 10
767.5802260413225
 20
59.89600201751424
 10
767.9022938224873
 20
60.10759599933126
 10
768.2435744383212
 20
60.272169096300054
 10
768.6040678888243
 20
60.38972130842062
 10
768.9837741739965
 20
60.46025263569296
 10
769.3826932938379
 20
60.48376307811707
 10
769.6930058537905
 20
60.47270305815949
 10
769.9848639804426
 20
60.43952299828675
 10
770.258267673794
 20
60.38422289849885
 10
770.5132169338447
 20
60.30680275879579
 10
770.7497117605948
 20
60.207262579177566
 10
770.9677521540442
 20
60.085602359644184
 10
771.167338114193
 20
59.941822100195644
 10
771.3484696410411
 20
59.77592180083194
 10
771.5096299318516
 20
59.58701665995647
 10
771.6493021838872
 20
59.37422187597263
 10
771.7674863971483
 20
59.137537448880416
 10
771.8641825716345
 20
58.876963378679825
 10
771.9393907073461
 20
58.592499665370866
 10
771.9931108042829
 20
58.28414630895353
 10
772.025342862445
 20
57.95190330942782
 10
772.0360868818324
 20
57.59577066679374
 10
772.0360868818324
 20
51.69844162518392
 10
770.588045868872
 20
51.69844162518392
 10
770.588045868872
 20
57.11039379094108
 10
770.579197852906
 20
57.51664412401151
 10
770.5526538050077
 20
57.86171674668801
 10
770.5084137251774
 20
58.14561165897058
 10
770.4464776134149
 20
58.36832886085922
 10
770.3612838596845
 20
58.55110359067249
 10
770.2472708539503
 20
58.71517108672894
 10
770.1044385962125
 20
58.86053134902856
 10
769.9327870864709
 20
58.98718437757137
 10
769.7386363361298
 20
59.08982136277771
 10
769.5283063565937
 20
59.16313349506796
 10
769.3017971478624
 20
59.2071207744421
 10
769.059108709936
 20
59.221783200900155
 10
768.8374027098721
 20
59.2123663839077
 10
768.6253031271427
 20
59.18411593293034
 10
768.4228099617479
 20
59.13703184796807
 10
768.2299232136878
 20
59.07111412902089
 10
768.0466428829621
 20
58.986362776088804
 10
767.8729689695712
 20
58.88277778917181
 10
767.7089014735146
 20
58.76035916826991
 10
767.5544403947928
 20
58.6191069133831
 10
767.4141361416166
 20
58.457125021090086
 10
767.2925391221972
 20
58.27251748796956
 10
767.1896493365348
 20
58.06528431402153
 10
767.105466784629
 20
57.83542549924599
 10
767.0399914664802
 20
57.582941043642954
 10
766.9932233820881
 20
57.3078309472124
 10
766.965162531453
 20
57.01009520995434
 10
766.9558089145745
 20
56.68973383186878
 10
766.9558089145745
 20
51.69844162518392
 10
765.4996782870165
 20
51.69844162518392
 10
765.4996782870165
 20
57.280275697489515
 10
765.4774318468733
 20
57.73531651860138
 10
765.4106925264435
 20
58.129685230231665
 10
765.2994603257274
 20
58.46338183238037
 10
765.1437352447247
 20
58.73640632504749
 10
765.0476710713788
 20
58.85016653032546
 10
764.9374500724873
 20
58.94875870823303
 10
764.81307224805
 20
59.032182858770206
 10
764.6745375980671
 20
59.10043898193699
 10
764.5218461225385
 20
59.15352707773337
 10
764.354997821464
 20
59.19144714615936
 10
764.1739926948441
 20
59.21419918721496
 10
763.9788307426783
 20
59.221783200900155
 10
763.6772397984636
 20
59.20155916440629
 10
763.3872776752328
 20
59.14088705492471
 10
763.108944372986
 20
59.0397668724554
 10
762.8422398917232
 20
58.89819861699838
 10
762.5992986533407
 20
58.71769909129067
 10
762.3922550797348
 20
58.499785098069324
 10
762.2211091709056
 20
58.24445663733433
 10
762.0858609268529
 20
57.951713709085695
 10
761.9832239416465
 20
57.605882685040676
 10
761.9099118093562
 20
57.191289936916526
 10
761.8659245299821
 20
56.70793546471325
 10
761.851262103524
 20
56.15581926843085
 10
761.851262103524
 20
51.69844162518392
 10
760.3951314759661
 20
51.69844162518392
  0
LWPOLYLINE
  5
4E
330
17
100
AcDbEntity
  8
line engraving
 62
1
420
16711680
100
AcDbPolyline
 90
95
 70
0
 10
780.0771637917915
 20
54.46508981754408
 10
781.5818321069347
 20
54.27902868180056
 10
781.4833663292552
 20
53.958604103600955
 10
781.3659405173628
 20
53.656633958701995
 10
781.2295546712572
 20
53.37311824710368
 10
781.0742087909388
 20
53.10805696880602
 10
780.8999028764074
 20
52.861450123809
 10
780.7066369276629
 20
52.633297712112636
 10
780.4944109447055
 20
52.42359973371691
 10
780.263224927535
 20
52.23235618862184
 10
780.0142164782044
 20
52.061715880704895
 10
779.7485231987663
 20
51.91382761384354
 10
779.4661450892207
 20
51.78869138803777
 10
779.1670821495677
 20
51.6863072032876
 10
778.8513343798073
 20
51.60667505959302
 10
778.5189017799395
 20
51.54979495695404
 10
778.1697843499642
 20
51.51566689537065
 10
777.8039820898815
 20
51.50429087484285
 10
777.3449596615849
 20
51.52242930757328
 10
776.910332477309
 20
51.57684460576458
 10
776.5001005370539
 20
51.667536769416735
 10
776.1142638408195
 20
51.794505798529755
 10
775.7528223886058
 20
51.95775169310364
 10
775.4157761804128
 20
52.157274453138385
 10
775.1031252162405
 20
52.393074078633994
 10
774.8148694960889
 20
52.665150569590466
 10
774.5560650290815
 20
52.96996471962137
 10
774.3317678243418
 20
53.303977322340295
 10
774.1419778818697
 20
53.66718837774723
 10
773.9866952016653
 20
54.05959788584217
 10
773.8659197837285
 20
54.48120584662513
 10
773.7796516280594
 20
54.932012260096094
 10
773.7278907346579
 20
55.41201712625507
 10
773.710637103524
 20
55.921220445102065
 10
773.728080335
 20
56.44805659576714
 10
773.7804100294279
 20
56.944556691691425
 10
773.8676261868077
 20
57.410720732874914
 10
773.9897288071393
 20
57.84654871931761
 10
774.1467178904229
 20
58.25204065101952
 10
774.3385934366585
 20
58.627196527980644
 10
774.5653554458459
 20
58.97201635020097
 10
774.8270039179852
 20
59.286500117680504
 10
775.1164604403035
 20
59.56710862403283
 10
775.4266466000281
 20
59.8103026628715
 10
775.757562397159
 20
60.01608223419654
 10
776.1092078316959
 20
60.18444733800793
 10
776.4815829036392
 20
60.31539797430568
 10
776.8746876129886
 20
60.40893414308979
 10
777.2885219597442
 20
60.46505584436025
 10
777.7230859439061
 20
60.48376307811707
 10
778.1439987034346
 20
60.46543504504451
 10
778.5451930273815
 20
60.410450945826824
 10
778.926668915747
 20
60.31881078046402
 10
779.288426368531
 20
60.19051454895609
 10
779.6304653857334
 20
60.025562251303036
 10
779.9527859673542
 20
59.823953887504864
 10
780.2553881133936
 20
59.585689457561564
 10
780.5382718238515
 20
59.310768961473144
 10
780.7942322857269
 20
59.00260520539794
 10
781.0160646860189
 20
58.664610995494286
 10
781.2037690247276
 20
58.29678633176219
 10
781.3573453018529
 20
57.89913121420165
 10
781.4767935173948
 20
57.47164564281267
 10
781.5621136713532
 20
57.01432961759524
 10
781.6133057637282
 20
56.52718313854937
 10
781.63036979452
 20
56.01020620567505
 10
781.6298641936077
 20
55.93739967429715
 10
781.6283473908707
 20
55.848413913724166
 10
781.6258193863089
 20
55.74324892395609
 10
781.6222801799224
 20
55.62190470499292
 10
775.2153054186673
 20
55.62190470499292
 10
775.2455150731801
 20
55.27834888505346
 10
775.2956959637304
 20
54.955522702520206
 10
775.3658480903184
 20
54.65342615739316
 10
775.4559714529443
 20
54.37205924967232
 10
775.5660660516078
 20
54.11142197935769
 10
775.6961318863089
 20
53.87151434644927
 10
775.8461689570477
 20
53.652336350947046
 10
776.0161772638243
 20
53.45388799285104
 10
776.2017327986555
 20
53.27755967467019
 10
776.3984115535582
 20
53.12474179891345
 10
776.6062135285326
 20
52.99543436558083
 10
776.8251387235787
 20
52.88963737467232
 10
777.0551871386963
 20
52.80735082618792
 10
777.2963587738857
 20
52.748574720127635
 10
777.5486536291465
 20
52.71330905649147
 10
777.8120717044791
 20
52.70155383527941
 10
778.1978452005994
 20
52.72784508272143
 10
778.5542938438037
 20
52.80671882504749
 10
778.8814176340919
 20
52.938175062257585
 10
779.179216571464
 20
53.12221379435172
 10
779.44769065592
 20
53.36389103045336
 10
779.68683988746
 20
53.66826277968596
 10
779.8966642660838
 20
54.03532904204954
 10
780.0771637917915
 20
54.46508981754408
  0
LWPOLYLINE
  5
4F
330
17
100
AcDbEntity
  8
line engraving
 62
1
420
16711680
100
AcDbPolyline
 90
34
 70
0
 10
775.2962015646427
 20
56.81916766542948
 10
780.0933430209866
 20
56.81916766542948
 10
780.0635125671581
 20
57.081700939165415
 10
780.0225588932581
 20
57.32729658233774
 10
779.9704819992863
 20
57.555954594946456
 10
779.907281885243
 20
57.76767497699156
 10
779.8329585511281
 20
57.962457728473055
 10
779.7475119969415
 20
58.14030284939095
 10
779.6509422226833
 20
58.301210339745225
 10
779.5432492283535
 20
58.4451801995359
 10
779.3628761028739
 20
58.64236455535104
 10
779.1696101541295
 20
58.813257663724166
 10
778.9634513821202
 20
58.95785952465527
 10
778.7443997868461
 20
59.07617013814435
 10
778.5124553683071
 20
59.16818950419142
 10
778.2676181265033
 20
59.23391762279647
 10
778.0098880614346
 20
59.273354493959495
 10
777.7392651731011
 20
59.286500117680504
 10
777.4934799295867
 20
59.27600889874931
 10
777.2576803040911
 20
59.244535241955745
 10
777.0318662966143
 20
59.19207914729979
 10
776.8160379071564
 20
59.11864061478146
 10
776.6101951357174
 20
59.02421964440075
 10
776.4143379822971
 20
58.908816236157655
 10
776.2284664468957
 20
58.772430390052186
 10
776.0525805295132
 20
58.61506210608433
 10
775.8912306383606
 20
58.44012419041243
 10
775.748967181649
 20
58.25102944919483
 10
775.6257901593787
 20
58.04777788243153
 10
775.5216995715493
 20
57.83036949012253
 10
775.4366954181611
 20
57.59880427226782
 10
775.3707776992139
 20
57.35308222886741
 10
775.3239464147077
 20
57.0932033599213
 10
775.2962015646427
 20
56.81916766542948
  0
LWPOLYLINE
  5
50
330
17
100
AcDbEntity
  8
line engraving
 62
1
420
16711680
100
AcDbPolyline
 90
159
 70
0
 10
787.4306234609593
 20
54.26284945260547
 10
788.8705748593221
 20
54.489358661336716
 10
788.9582966176142
 20
54.08184432598542
 10
789.1001176735275
 20
53.72489008186878
 10
789.2960380270617
 20
53.418495928986786
 10
789.5460576782172
 20
53.162661867339445
 10
789.850682227906
 20
52.96092710331318
 10
790.2104172770405
 20
52.81683084329442
 10
790.6252628256208
 20
52.73037308728316
 10
791.0952188736469
 20
52.70155383527941
 10
791.3379073115732
 20
52.70793704679779
 10
791.5644165203045
 20
52.727086681352915
 10
791.7747464998406
 20
52.75900273894479
 10
791.9688972501816
 20
52.80368521957341
 10
792.1468687713276
 20
52.861134123238784
 10
792.3086610632785
 20
52.93134944994091
 10
792.4542741260343
 20
53.01433119967978
 10
792.583707959595
 20
53.1100793724554
 10
792.7960603427806
 20
53.32319015700946
 10
792.9477406164846
 20
53.55399697349565
 10
793.0387487807069
 20
53.80249982191396
 10
793.0690848354477
 20
54.068698702264406
 10
793.0422879870933
 20
54.3022863237685
 10
792.9618974420302
 20
54.509582697830574
 10
792.8279132002584
 20
54.69058782445063
 10
792.6403352617779
 20
54.845301703628664
 10
792.5516023016611
 20
54.89548259417906
 10
792.4350612913652
 20
54.948949890659705
 10
792.2907122308902
 20
55.0057035930706
 10
792.1185551202362
 20
55.06574370141175
 10
791.9185899594032
 20
55.12907021568315
 10
791.6908167483911
 20
55.195683135884806
 10
791.4352354871999
 20
55.26558246201671
 10
791.1518461758296
 20
55.33876819407887
 10
790.7667678809637
 20
55.438181973469
 10
790.4124048415229
 20
55.534182946700795
 10
790.0887570575071
 20
55.626771113774254
 10
789.7958245289163
 20
55.715946474689375
 10
789.5336072557506
 20
55.80170902944615
 10
789.30210523801
 20
55.88405877804459
 10
789.1013184756944
 20
55.96299572048469
 10
788.9312469688037
 20
56.038519856766456
 10
788.6405264442045
 20
56.200312148717344
 10
788.3872203871189
 20
56.390418091759635
 10
788.171328797547
 20
56.608837685893334
 10
787.9928516754886
 20
56.855570931118436
 10
787.8530530232248
 20
57.12328661420592
 10
787.7531968430363
 20
57.404653521926754
 10
787.6932831349233
 20
57.69967165428095
 10
787.6733118988856
 20
58.0083410112685
 10
787.6897439285368
 20
58.290213519901684
 10
787.7390400174907
 20
58.56146840937559
 10
787.821200165747
 20
58.822105679690225
 10
787.9362243733058
 20
59.07212533084558
 10
788.0795622319561
 20
59.306471353718194
 10
788.2466633334866
 20
59.5200877391846
 10
788.4375276778974
 20
59.7129744872448
 10
788.6521552651884
 20
59.88513159789879
 10
788.8374579995634
 20
60.005717415493436
 10
789.0536023895916
 20
60.1166968157535
 10
789.3005884352729
 20
60.218069798678975
 10
789.5784161366073
 20
60.30983636426987
 10
789.8769734753479
 20
60.385929301578024
 10
790.1861484332478
 20
60.44028139965527
 10
790.505941010307
 20
60.47289265850162
 10
790.8363512065255
 20
60.48376307811707
 10
791.3265312910454
 20
60.4655614452726
 10
791.7858697199122
 20
60.41095654673917
 10
792.2143664931259
 20
60.3199483825168
 10
792.6120216106864
 20
60.19253695260547
 10
792.9692286552591
 20
60.03403106658484
 10
793.2763812095097
 20
59.84973953403453
 10
793.5334792734379
 20
59.63966235495455
 10
793.7405228470438
 20
59.4037995293449
 10
793.9083823499429
 20
59.13406144260803
 10
794.0479282017506
 20
58.8223584801464
 10
794.1591604024668
 20
58.46869064196001
 10
794.2420789520916
 20
58.073057928048854
 10
792.8183067829239
 20
57.878907177707795
 10
792.7467642538268
 20
58.192379743362636
 10
792.6292120417063
 20
58.46944904332853
 10
792.4656501465621
 20
58.71011507760547
 10
792.2560785683945
 20
58.91437784619347
 10
791.9994861053787
 20
59.077181339969044
 10
791.6948615556898
 20
59.193469549808746
 10
791.3422049193281
 20
59.263242475712566
 10
790.9415161962935
 20
59.286500117680504
 10
790.6997125599638
 20
59.28131770832895
 10
790.4758577560224
 20
59.2657704802743
 10
790.2699517844692
 20
59.23985843351654
 10
790.0819946453043
 20
59.203581568055675
 10
789.9119863385279
 20
59.15693988389171
 10
789.7599268641396
 20
59.09993338102464
 10
789.6258162221397
 20
59.03256205945446
 10
789.5096544125281
 20
58.95482591918119
 10
789.3220764740475
 20
58.78191040715868
 10
789.1880922322757
 20
58.594838069590466
 10
789.1077016872126
 20
58.39360890647655
 10
789.0809048388583
 20
58.17822291781693
 10
789.0920280589298
 20
58.040193868746336
 10
789.1253977191448
 20
57.90924323244859
 10
789.1810138195028
 20
57.78537100892369
 10
789.2588763600043
 20
57.66857719817164
 10
789.3605021433859
 20
57.556333795630714
 10
789.4874079723849
 20
57.454202411336716
 10
789.6395938470012
 20
57.36218304528965
 10
789.8170597672348
 20
57.280275697489515
 10
789.8849366897173
 20
57.2567652550654
 10
789.979357660098
 20
57.226682000780784
 10
790.100322678377
 20
57.190025934635656
 10
790.2478317445541
 20
57.146797056630035
 10
790.4218848586294
 20
57.0969953667639
 10
790.6224820206028
 20
57.04062086503726
 10
790.8496232304744
 20
56.97767355145012
 10
791.1033084882444
 20
56.90815342600247
 10
791.474988358933
 20
56.807349244103385
 10
791.8174697769338
 20
56.7112218706435
 10
792.1307527422465
 20
56.61977130562283
 10
792.4148372548713
 20
56.532997549041355
 10
792.6697233148079
 20
56.45090060089909
 10
792.8954109220566
 20
56.373480461196024
 10
793.0919000766173
 20
56.30073712993217
 10
793.2591907784899
 20
56.23267060710752
 10
793.548141699896
 20
56.08629914298321
 10
793.8042285619995
 20
55.91009722503044
 10
794.0274513648005
 20
55.704064853249236
 10
794.217810108299
 20
55.46820202763958
 10
794.3699959829153
 20
55.20225594774531
 10
794.4787001790698
 20
54.90597381311025
 10
794.5439226967625
 20
54.57935562373439
 10
794.5656635359934
 20
54.22240137961775
 10
794.5391194880953
 20
53.8636775323079
 10
794.4594873444006
 20
53.51557130415731
 10
794.3267671049097
 20
53.17808269516601
 10
794.1409587696223
 20
52.85121170533399
 10
793.9050959440127
 20
52.547851157926075
 10
793.6222122335548
 20
52.28089387620711
 10
793.2923076382486
 20
52.0503398601771
 10
792.9153821580943
 20
51.85618910983603
 10
792.5018006117948
 20
51.70223363202651
 10
792.0619278180534
 20
51.592265433591145
 10
791.59576377687
 20
51.52628451452993
 10
791.1033084882444
 20
51.50429087484285
 10
790.697121355288
 20
51.5151612944583
 10
790.3158350672646
 20
51.547772553304654
 10
789.9594496241745
 20
51.60212465138191
 10
789.6279650260173
 20
51.67821758869005
 10
789.3213812727931
 20
51.77605136522911
 10
789.0396983645021
 20
51.89562598099906
 10
788.782916301144
 20
52.036941435999914
 10
788.5510350827192
 20
52.199997730231665
 10
788.3415267046656
 20
52.38441566301006
 10
788.1518631624216
 20
52.589816033650834
 10
787.9820444559872
 20
52.81619884215399
 10
787.8320705853624
 20
53.06356408851953
 10
787.7019415505472
 20
53.33191177274744
 10
787.5916573515416
 20
53.62124189483774
 10
787.5012179883456
 20
53.931554454790415
 10
787.4306234609593
 20
54.26284945260547
  0
LWPOLYLINE
  5
51
330
17
100
AcDbEntity
  8
line engraving
 62
1
420
16711680
100
AcDbPolyline
 90
50
 70
0
 10
796.2968410598678
 20
48.40596848398337
 10
796.2968410598678
 20
60.289612327776005
 10
797.6235378538652
 20
60.289612327776005
 10
797.6235378538652
 20
59.17324551331489
 10
797.8657206908791
 20
59.4803980675654
 10
798.1230715552636
 20
59.74659694791585
 10
798.3955904470183
 20
59.97184215436622
 10
798.6832773661434
 20
60.156133686916526
 10
798.9942219272366
 20
60.29947154556677
 10
799.3365137448951
 20
60.40185573031694
 10
799.7101528191192
 20
60.46328624116704
 10
800.1151391499088
 20
60.48376307811707
 10
800.6490537133467
 20
60.448371014252814
 10
801.1506098183945
 20
60.34219482266005
 10
801.619807465052
 20
60.165234503338766
 10
802.0566466533194
 20
59.91749005628897
 10
802.4515209658621
 20
59.60528149291499
 10
802.7948239853454
 20
59.234928824621164
 10
803.0865557117693
 20
58.806432051407484
 10
803.3267161451339
 20
58.319791173273956
 10
803.5142940836145
 20
57.79169102032802
 10
803.6482783253863
 20
57.2388164226771
 10
803.7286688704494
 20
56.661167380321196
 10
803.7554657188037
 20
56.05874389326031
 10
803.7258880654315
 20
55.41587233321171
 10
803.6371551053146
 20
54.80586483246563
 10
803.4892668384533
 20
54.22872139102208
 10
803.2822232648474
 20
53.68444200888105
 10
803.1572134392698
 20
53.42822874654945
 10
803.0188051895149
 20
53.18743631204442
 10
802.8669985155828
 20
52.96206470536596
 10
802.7017934174736
 20
52.75211392651407
 10
802.5231898951872
 20
52.55758397548875
 10
802.3311879487236
 20
52.37847485228999
 10
802.1257875780828
 20
52.2147865569178
 10
801.9069887832649
 20
52.066519089372186
 10
801.4501783589598
 20
51.8205442455156
 10
800.9817391136708
 20
51.64484792847519
 10
800.5016710473977
 20
51.539430138250935
 10
800.0099741601407
 20
51.50429087484285
 10
799.6552951201296
 20
51.52350370951202
 10
799.3193233138754
 20
51.58114221351953
 10
799.0020587413779
 20
51.677206386865365
 10
798.7035014026374
 20
51.81169622954954
 10
798.4271905040399
 20
51.97551092514981
 10
798.1766652519723
 20
52.15954965724394
 10
797.9519256464342
 20
52.36381242583194
 10
797.7529716874259
 20
52.5882992309138
 10
797.7529716874259
 20
48.40596848398337
 10
796.2968410598678
 20
48.40596848398337
  0
LWPOLYLINE
  5
52
330
17
100
AcDbEntity
  8
line engraving
 62
1
420
16711680
100
AcDbPolyline
 90
65
 70
0
 10
797.6154482392676
 20
55.9454892888947
 10
797.6259394581988
 20
55.54442136517582
 10
797.6574131149923
 20
55.17040309026748
 10
797.7098692096483
 20
54.82343446416968
 10
797.7833077421667
 20
54.50351548688242
 10
797.8777287125473
 20
54.210646158405694
 10
797.9931321207904
 20
53.94482647873951
 10
798.129517966896
 20
53.70605644788387
 10
798.2868862508637
 20
53.49433606583876
 10
798.4591697617458
 20
53.30852773055141
 10
798.640301288594
 20
53.147493839969044
 10
798.8302808314082
 20
53.01123439409166
 10
799.0291083901884
 20
52.89974939291925
 10
799.2367839649348
 20
52.813038836451824
 10
799.4533075556471
 20
52.751102724689375
 10
799.6786791623256
 20
52.7139410576319
 10
799.9128987849701
 20
52.70155383527941
 10
800.1512264150275
 20
52.714383458430206
 10
800.3808324293469
 20
52.752872327882585
 10
800.6017168279283
 20
52.81702044363655
 10
800.8138796107717
 20
52.9068278056921
 10
801.0173207778771
 20
53.02229441404924
 10
801.2120403292446
 20
53.16342026870796
 10
801.3980382648741
 20
53.33020536966827
 10
801.5753145847656
 20
53.52264971693017
 10
801.7374228772867
 20
53.742017312774514
 10
801.8779167308049
 20
53.98957215948218
 10
801.9967961453204
 20
54.26531425705316
 10
802.0940611208331
 20
54.569243605487465
 10
802.169711657343
 20
54.901360204785085
 10
802.22374775485
 20
55.261664054946024
 10
802.2561694133542
 20
55.65015515597028
 10
802.2669766328556
 20
56.06683350785786
 10
802.2564222138104
 20
56.4644886254184
 10
802.2247589566747
 20
56.83635809644927
 10
802.1719868614485
 20
57.18244192095046
 10
802.0981059281319
 20
57.50274009892198
 10
802.0031161567248
 20
57.79725263036383
 10
801.8870175472272
 20
58.065979515276005
 10
801.7498100996391
 20
58.30892075365851
 10
801.5914938139606
 20
58.52607634551134
 10
801.418515101824
 20
58.717572691062585
 10
801.2373203748618
 20
58.88353619054033
 10
801.047909633074
 20
59.02396684394458
 10
800.8502828764606
 20
59.13886465127533
 10
800.6444401050215
 20
59.22822961253257
 10
800.4303813187569
 20
59.29206172771632
 10
800.2081065176665
 20
59.33036099682657
 10
799.9776157017506
 20
59.34312741986332
 10
799.7483888881154
 20
59.32953939534401
 10
799.5258612865689
 20
59.28877532178607
 10
799.310032897111
 20
59.22083519918951
 10
799.1009037197416
 20
59.12571902755432
 10
798.898473754461
 20
59.0034268068805
 10
798.7027430012688
 20
58.85395853716806
 10
798.5137114601652
 20
58.677314218416996
 10
798.3313791311502
 20
58.4734938506273
 10
798.1635828283653
 20
58.24376143607985
 10
798.0181593659515
 20
57.989380977055504
 10
797.8951087439093
 20
57.71035247355427
 10
797.7944309622383
 20
57.40667592557614
 10
797.7161260209386
 20
57.07835133312112
 10
797.6601939200102
 20
56.7253786961892
 10
797.6266346594533
 20
56.347758014780396
 10
797.6154482392676
 20
55.9454892888947
  0
LWPOLYLINE
  5
53
330
17
100
AcDbEntity
  8
line engraving
 62
1
420
16711680
100
AcDbPolyline
 90
128
 70
0
 10
811.1170150025691
 20
52.75818113746222
 10
810.7163262795344
 20
52.43965256268392
 10
810.3232215701851
 20
52.17168407914026
 10
809.9377008745208
 20
51.95427568683126
 10
809.5597641925418
 20
51.78742738575691
 10
809.1787939050887
 20
51.66355516223201
 10
808.7841723930022
 20
51.57507500257137
 10
808.3758996562824
 20
51.52198690677498
 10
807.9539756949292
 20
51.50429087484285
 10
807.6102934747616
 20
51.51509809434426
 10
807.2870880915442
 20
51.54751975284848
 10
806.9843595452767
 20
51.60155585035552
 10
806.7021078359593
 20
51.677206386865365
 10
806.4403329635918
 20
51.77447136237802
 10
806.1990349281745
 20
51.8933507768935
 10
805.9782137297071
 20
52.03384463041179
 10
805.7778693681898
 20
52.1959529229329
 10
805.5996450465877
 20
52.37487244578952
 10
805.4451839678659
 20
52.565799990314375
 10
805.3144861320243
 20
52.76873555650746
 10
805.2075515390629
 20
52.98367914436878
 10
805.124380188982
 20
53.21063075389832
 10
805.0649720817813
 20
53.449590385096094
 10
805.0293272174608
 20
53.700558037962104
 10
805.0174455960207
 20
53.963533712496336
 10
805.0353944284091
 20
54.272203069483886
 10
805.0892409255739
 20
54.56722120183808
 10
805.1789850875155
 20
54.84858810955892
 10
805.3046269142335
 20
55.1163037926464
 10
805.4593407934115
 20
55.36430104015237
 10
805.6363011127328
 20
55.586512641128664
 10
805.8355078721972
 20
55.78293859557529
 10
806.0569610718051
 20
55.95357890349224
 10
806.2968687047135
 20
56.101719970809775
 10
806.55143876408
 20
56.23064820345813
 10
806.8206712499045
 20
56.34036360143733
 10
807.1045661621871
 20
56.43086616474736
 10
807.3462433982887
 20
56.48698786601782
 10
807.6425255329239
 20
56.54209836546359
 10
807.9934125660923
 20
56.596197663084666
 10
808.3989044977942
 20
56.64928575888105
 10
808.8252524671304
 20
56.703132256045954
 10
809.2225283840066
 20
56.75950675777259
 10
809.590732248423
 20
56.81840926406096
 10
809.9298640603795
 20
56.87983977491106
 10
810.2399238198759
 20
56.9437982903229
 10
810.5209115269125
 20
57.01028481029647
 10
810.7728271814891
 20
57.079299334831774
 10
810.9956707836059
 20
57.150841863928804
 10
810.9992099899923
 20
57.286848509350015
 10
811.0017379945541
 20
57.395552705504514
 10
811.0032547972911
 20
57.476954452392306
 10
811.0037603982034
 20
57.531053750013385
 10
810.997313986571
 20
57.745302136620225
 10
810.9779747516737
 20
57.9431184935758
 10
810.9457426935116
 20
58.12450282088012
 10
810.9006178120848
 20
58.28945511853317
 10
810.842600107393
 20
58.43797538653496
 10
810.7716895794364
 20
58.570063624885485
 10
810.687886228215
 20
58.685719833584756
 10
810.5911900537287
 20
58.78494401263276
 10
810.4431753866393
 20
58.90060022133203
 10
810.2782230889862
 20
59.000835602204724
 10
810.0963331607695
 20
59.08565015525085
 10
809.8975056019892
 20
59.155043880470416
 10
809.6817404126454
 20
59.209016777863404
 10
809.4490375927379
 20
59.247568847429825
 10
809.1993971422668
 20
59.27070008916968
 10
808.9328190612321
 20
59.278410503082966
 10
808.6843794129278
 20
59.27278569293311
 10
808.452750994959
 20
59.255911262483544
 10
808.2379338073258
 20
59.227787211734274
 10
808.0399278500281
 20
59.18841354068529
 10
807.8587331230659
 20
59.13779024933659
 10
807.6943496264394
 20
59.07591733768818
 10
807.5467773601482
 20
59.002794805740066
 10
807.4160163241926
 20
58.91842265349224
 10
807.1872319113558
 20
58.703795066201145
 10
806.9903003559969
 20
58.419900153918576
 10
806.8252216581157
 20
58.06673791664453
 10
806.6919958177124
 20
57.64430835437901
 10
805.2682236485446
 20
57.83845910472007
 10
805.3809726519978
 20
58.273528689794254
 10
805.5250689120165
 20
58.664610995494286
 10
805.7005124286009
 20
59.011706021820174
 10
805.9073032017506
 20
59.31481376877191
 10
806.154542047888
 20
59.579748646841495
 10
806.4513297834353
 20
59.81232506652089
 10
806.7976664083927
 20
60.01254302781011
 10
807.1935519227601
 20
60.18040253070916
 10
807.6308967119398
 20
60.313122770200124
 10
808.1016111613344
 20
60.40792294126509
 10
808.6056952709439
 20
60.46480304390408
 10
809.1431490407682
 20
60.48376307811707
 10
809.6674571868716
 20
60.46758384892198
 10
810.1401940399156
 20
60.419046161336716
 10
810.5613595999002
 20
60.33815001536127
 10
810.9309538668256
 20
60.22489541099565
 10
811.2520104461656
 20
60.08711916238123
 10
811.5275629433945
 20
59.93265808365936
 10
811.7576113585121
 20
59.76151217483007
 10
811.9421556915186
 20
59.573681435893334
 10
812.0918135615732
 20
59.36461545863805
 10
812.2172025878351
 20
59.12976383485309
 10
812.3183227703045
 20
58.869126564538455
 10
812.3951741089811
 20
58.58270364769415
 10
812.4270269664589
 20
58.35922804443699
 10
812.4497790075145
 20
58.06092350615254
 10
812.4634302321479
 20
57.68779003284081
 10
812.467980640359
 20
57.23982762450179
 10
812.467980640359
 20
55.29832012109115
 10
812.469434242982
 20
54.81401764717723
 10
812.473795050851
 20
54.37635685742727
 10
812.481063063966
 20
53.98533775184128
 10
812.4912382823269
 20
53.640960330419254
 10
812.5043207059339
 20
53.343224593161196
 10
812.5203103347868
 20
53.0921305400671
 10
812.5392071688858
 20
52.88767817113698
 10
812.5610112082308
 20
52.72986748637082
 10
812.6189025126944
 20
52.46366860602038
 10
812.6995458582137
 20
52.203031335705745
 10
812.8029412447886
 20
51.947955675426925
 10
812.929088672419
 20
51.69844162518392
 10
811.4082411280807
 20
51.69844162518392
 10
811.305098541962
 20
51.93455725124974
 10
811.2221799923371
 20
52.189885711984736
 10
811.1594854792062
 20
52.46442700738889
 10
811.1170150025691
 20
52.75818113746222
  0
LWPOLYLINE
  5
54
330
17
100
AcDbEntity
  8
line engraving
 62
1
420
16711680
100
AcDbPolyline
 90
42
 70
0
 10
810.9956707836059
 20
56.01020620567505
 10
810.7850880036135
 20
55.930826862436646
 10
810.5497307789162
 20
55.85448112467232
 10
810.289599109514
 20
55.78116899238208
 10
810.0046929954067
 20
55.71089046556591
 10
809.6950124365945
 20
55.64364554422382
 10
809.3605574330772
 20
55.579434228355815
 10
809.001327984855
 20
55.51825651796188
 10
808.6173240919279
 20
55.46011241304203
 10
808.2012145410667
 20
55.39337309261229
 10
807.8508331088105
 20
55.322588964883785
 10
807.5661797951594
 20
55.2477600298565
 10
807.3472546001134
 20
55.16888628753044
 10
807.1718110835292
 20
55.07863652467658
 10
807.0176028052636
 20
54.96967952806591
 10
806.8846297653164
 20
54.84201529769841
 10
806.7728919636878
 20
54.695643833574096
 10
806.6844118040271
 20
54.535621144816425
 10
806.6212116899837
 20
54.367003240548854
 10
806.5832916215578
 20
54.189790120771406
 10
806.5706515987491
 20
54.00398178548406
 10
806.598206848472
 20
53.72489008186878
 10
806.6808725976407
 20
53.470067222046126
 10
806.8186488462551
 20
53.23951320601611
 10
807.0115355943153
 20
53.033228033778734
 10
807.257510438172
 20
52.8633461272303
 10
807.5545509741755
 20
52.74200190826714
 10
807.902657202326
 20
52.66919537688924
 10
808.3018291226236
 20
52.64492653309661
 10
808.7108602607119
 20
52.66793137460837
 10
809.0966337568324
 20
52.73694589914368
 10
809.4591496109848
 20
52.8519701067025
 10
809.7984078231693
 20
53.01300399728487
 10
810.104296375139
 20
53.21398035994262
 10
810.3667032486469
 20
53.44883198372757
 10
810.5856284436929
 20
53.717558868639756
 10
810.7610719602771
 20
54.02016101467915
 10
810.8637089454835
 20
54.296219112820346
 10
810.9370210777737
 20
54.63092691679374
 10
810.9810083571479
 20
55.02428442659934
 10
810.9956707836059
 20
55.47629164223712
 10
810.9956707836059
 20
56.01020620567505
  0
LWPOLYLINE
  5
55
330
17
100
AcDbEntity
  8
line engraving
 62
1
420
16711680
100
AcDbPolyline
 90
119
 70
0
 10
820.3310860291721
 20
54.845301703628664
 10
821.7629478129375
 20
54.65924056788515
 10
821.6928588864635
 20
54.299189518180384
 10
821.5998915187057
 20
53.95923610474139
 10
821.4840457096643
 20
53.63938032756817
 10
821.3453214593392
 20
53.339622186660726
 10
821.1837187677304
 20
53.05996168201906
 10
820.999237634838
 20
52.800398813643156
 10
820.7918780606619
 20
52.560933581533035
 10
820.5616400452021
 20
52.34156598568869
 10
820.3130739966698
 20
52.1453296315842
 10
820.050730323276
 20
51.97525812469364
 10
819.7746090250207
 20
51.83135146501701
 10
819.484710101904
 20
51.71360965255431
 10
819.1810335539259
 20
51.62203268730555
 10
818.8635793810863
 20
51.55662056927072
 10
818.5323475833853
 20
51.51737329844982
 10
818.1873381608228
 20
51.50429087484285
 10
817.7572613847581
 20
51.5223029073452
 10
817.3487990476962
 20
51.57633900485223
 10
816.961951149637
 20
51.666399167363956
 10
816.5967176905807
 20
51.79248339488037
 10
816.2530986705272
 20
51.954591687401475
 10
815.9310940894765
 20
52.15272404492727
 10
815.6307039474286
 20
52.38688046745775
 10
815.3519282443835
 20
52.65706095499292
 10
815.1007077910614
 20
52.96086390319914
 10
814.8829833981822
 20
53.29588770774275
 10
814.6987550657459
 20
53.662132368623766
 10
814.5480227937526
 20
54.05959788584217
 10
814.4307865822022
 20
54.48828425939798
 10
814.3470464310949
 20
54.94819148929118
 10
814.2968023404304
 20
55.439319575521786
 10
814.2800543102089
 20
55.96166851808979
 10
814.3088735622126
 20
56.6356345342477
 10
814.395331318224
 20
57.26611887194381
 10
814.5394275782427
 20
57.85312153117812
 10
814.7411623422689
 20
58.39664251195063
 10
814.863960163855
 20
58.64937976800985
 10
815.0017996125836
 20
58.88581139464589
 10
815.1546806884543
 20
59.10593739185875
 10
815.3226033914674
 20
59.30975775964845
 10
815.5055677216228
 20
59.497272498014965
 10
815.7035736789205
 20
59.6684816069583
 10
815.9166212633605
 20
59.82338508647847
 10
816.1447104749428
 20
59.96198293657546
 10
816.626295343953
 20
60.190261748499914
 10
817.1286098503692
 20
60.35331804273167
 10
817.6516539941917
 20
60.45115181927072
 10
818.1954277754204
 20
60.48376307811707
 10
818.5373403923948
 20
60.47270305815949
 10
818.8633265806301
 20
60.43952299828675
 10
819.1733863401266
 20
60.38422289849885
 10
819.4675196708843
 20
60.30680275879579
 10
819.7457265729029
 20
60.207262579177566
 10
820.0080070461826
 20
60.085602359644184
 10
820.2543610907235
 20
59.941822100195644
 10
820.4847887065254
 20
59.77592180083194
 10
820.697267489939
 20
59.58967106474629
 10
820.889775037315
 20
59.38483949513191
 10
821.0623113486532
 20
59.161427091988784
 10
821.2148764239538
 20
58.91943385531693
 10
821.3474702632167
 20
58.65885978511635
 10
821.4600928664419
 20
58.37970488138702
 10
821.5527442336294
 20
58.08196914412896
 10
821.6254243647792
 20
57.76565257334217
 10
820.2097418102089
 20
57.547232979208474
 10
820.0891559926143
 20
57.95323051182273
 10
819.929638904769
 20
58.30563434772826
 10
819.731190546673
 20
58.60444448692505
 10
819.4938109183263
 20
58.84966092941311
 10
819.2235672306771
 20
59.0407780742801
 10
818.9265266946734
 20
59.17729032061366
 10
818.6026893103154
 20
59.25919766841379
 10
818.2520550776031
 20
59.286500117680504
 10
817.9834545929191
 20
59.27417609544206
 10
817.7277469314998
 20
59.237204028726715
 10
817.4849320933454
 20
59.17558391753449
 10
817.2550100784558
 20
59.089315761865365
 10
817.0379808868311
 20
58.97839956171934
 10
816.8338445184712
 20
58.84283531709643
 10
816.6426009733761
 20
58.68262302799663
 10
816.4642502515459
 20
58.49776269441993
 10
816.3030899607354
 20
58.28623191271696
 10
816.1634177086997
 20
58.046008279238315
 10
816.0452334954387
 20
57.77709179398401
 10
815.9485373209525
 20
57.479482456954045
 10
815.8733291852409
 20
57.153180268148404
 10
815.8196090883041
 20
56.7981852275671
 10
815.787377030142
 20
56.41449733521014
 10
815.7766330107546
 20
56.00211659107751
 10
815.7869978294577
 20
55.58411103679502
 10
815.818092285567
 20
55.195683135884806
 10
815.8699163790825
 20
54.83683288834686
 10
815.9424701100043
 20
54.50756029418119
 10
816.0357534783323
 20
54.20786535338779
 10
816.1497664840664
 20
53.93774806596666
 10
816.2845091272068
 20
53.6972084319178
 10
816.4399814077533
 20
53.486246451241215
 10
816.6121385184073
 20
53.30233411937517
 10
816.79693565187
 20
53.14294343175793
 10
816.9943728081412
 20
53.00807438838949
 10
817.2044499872212
 20
52.89772698926986
 10
817.4271671891098
 20
52.81190123439904
 10
817.6625244138071
 20
52.75059712377703
 10
817.910521661313
 20
52.713814657403816
 10
818.1711589316277
 20
52.70155383527941
 10
818.5822124733654
 20
52.73441789458194
 10
818.9578739512389
 20
52.83301007248951
 10
819.2981433652482
 20
52.99733036900213
 10
819.6030207153931
 20
53.2273787841198
 10
819.740038562639
 20
53.36768303729596
 10
819.863910786164
 20
53.52568332240425
 10
819.9746373859678
 20
53.70137963944466
 10
820.0722183620506
 20
53.894771988417205
 10
820.1566537144125
 20
54.10586036932188
 10
820.2279434430534
 20
54.334644782158676
 10
820.2860875479732
 20
54.581125226927604
 10
820.3310860291721
 20
54.845301703628664
  0
LWPOLYLINE
  5
56
330
17
100
AcDbEntity
  8
line engraving
 62
1
420
16711680
100
AcDbPolyline
 90
95
 70
0
 10
828.889898273374
 20
54.46508981754408
 10
830.3945665885173
 20
54.27902868180056
 10
830.2961008108377
 20
53.958604103600955
 10
830.1786749989453
 20
53.656633958701995
 10
830.0422891528398
 20
53.37311824710368
 10
829.8869432725213
 20
53.10805696880602
 10
829.7126373579899
 20
52.861450123809
 10
829.5193714092454
 20
52.633297712112636
 10
829.307145426288
 20
52.42359973371691
 10
829.0759594091176
 20
52.23235618862184
 10
828.8269509597869
 20
52.061715880704895
 10
828.5612576803488
 20
51.91382761384354
 10
828.2788795708033
 20
51.78869138803777
 10
827.9798166311502
 20
51.6863072032876
 10
827.6640688613899
 20
51.60667505959302
 10
827.331636261522
 20
51.54979495695404
 10
826.9825188315467
 20
51.51566689537065
 10
826.616716571464
 20
51.50429087484285
 10
826.1576941431674
 20
51.52242930757328
 10
825.7230669588915
 20
51.57684460576458
 10
825.3128350186364
 20
51.667536769416735
 10
824.9269983224019
 20
51.794505798529755
 10
824.5655568701883
 20
51.95775169310364
 10
824.2285106619952
 20
52.157274453138385
 10
823.915859697823
 20
52.393074078633994
 10
823.6276039776714
 20
52.665150569590466
 10
823.368799510664
 20
52.96996471962137
 10
823.1445023059242
 20
53.303977322340295
 10
822.9547123634522
 20
53.66718837774723
 10
822.7994296832478
 20
54.05959788584217
 10
822.678654265311
 20
54.48120584662513
 10
822.5923861096419
 20
54.932012260096094
 10
822.5406252162404
 20
55.41201712625507
 10
822.5233715851066
 20
55.921220445102065
 10
822.5408148165825
 20
56.44805659576714
 10
822.5931445110105
 20
56.944556691691425
 10
822.6803606683902
 20
57.410720732874914
 10
822.8024632887218
 20
57.84654871931761
 10
822.9594523720054
 20
58.25204065101952
 10
823.151327918241
 20
58.627196527980644
 10
823.3780899274284
 20
58.97201635020097
 10
823.6397383995677
 20
59.286500117680504
 10
823.929194921886
 20
59.56710862403283
 10
824.2393810816106
 20
59.8103026628715
 10
824.5702968787415
 20
60.01608223419654
 10
824.9219423132785
 20
60.18444733800793
 10
825.2943173852217
 20
60.31539797430568
 10
825.6874220945712
 20
60.40893414308979
 10
826.1012564413268
 20
60.46505584436025
 10
826.5358204254886
 20
60.48376307811707
 10
826.9567331850171
 20
60.46543504504451
 10
827.357927508964
 20
60.410450945826824
 10
827.7394033973295
 20
60.31881078046402
 10
828.1011608501135
 20
60.19051454895609
 10
828.4431998673159
 20
60.025562251303036
 10
828.7655204489367
 20
59.823953887504864
 10
829.0681225949761
 20
59.585689457561564
 10
829.351006305434
 20
59.310768961473144
 10
829.6069667673095
 20
59.00260520539794
 10
829.8287991676015
 20
58.664610995494286
 10
830.0165035063102
 20
58.29678633176219
 10
830.1700797834354
 20
57.89913121420165
 10
830.2895279989773
 20
57.47164564281267
 10
830.3748481529358
 20
57.01432961759524
 10
830.4260402453108
 20
56.52718313854937
 10
830.4431042761025
 20
56.01020620567505
 10
830.4425986751902
 20
55.93739967429715
 10
830.4410818724532
 20
55.848413913724166
 10
830.4385538678914
 20
55.74324892395609
 10
830.435014661505
 20
55.62190470499292
 10
824.0280399002498
 20
55.62190470499292
 10
824.0582495547625
 20
55.27834888505346
 10
824.1084304453129
 20
54.955522702520206
 10
824.178582571901
 20
54.65342615739316
 10
824.2687059345268
 20
54.37205924967232
 10
824.3788005331902
 20
54.11142197935769
 10
824.5088663678913
 20
53.87151434644927
 10
824.6589034386302
 20
53.652336350947046
 10
824.8289117454067
 20
53.45388799285104
 10
825.0144672802379
 20
53.27755967467019
 10
825.2111460351407
 20
53.12474179891345
 10
825.4189480101152
 20
52.99543436558083
 10
825.6378732051612
 20
52.88963737467232
 10
825.8679216202788
 20
52.80735082618792
 10
826.1090932554681
 20
52.748574720127635
 10
826.3613881107291
 20
52.71330905649147
 10
826.6248061860616
 20
52.70155383527941
 10
827.010579682182
 20
52.72784508272143
 10
827.3670283253863
 20
52.80671882504749
 10
827.6941521156745
 20
52.938175062257585
 10
827.9919510530466
 20
53.12221379435172
 10
828.2604251375026
 20
53.36389103045336
 10
828.4995743690425
 20
53.66826277968596
 10
828.7093987476663
 20
54.03532904204954
 10
828.889898273374
 20
54.46508981754408
  0
LWPOLYLINE
  5
57
330
17
100
AcDbEntity
  8
line engraving
 62
1
420
16711680
100
AcDbPolyline
 90
34
 70
0
 10
824.1089360462253
 20
56.81916766542948
 10
828.9060775025691
 20
56.81916766542948
 10
828.8762470487407
 20
57.081700939165415
 10
828.8352933748406
 20
57.32729658233774
 10
828.7832164808689
 20
57.555954594946456
 10
828.7200163668256
 20
57.76767497699156
 10
828.6456930327106
 20
57.962457728473055
 10
828.560246478524
 20
58.14030284939095
 10
828.4636767042658
 20
58.301210339745225
 10
828.355983709936
 20
58.4451801995359
 10
828.1756105844564
 20
58.64236455535104
 10
827.982344635712
 20
58.813257663724166
 10
827.7761858637027
 20
58.95785952465527
 10
827.5571342684286
 20
59.07617013814435
 10
827.3251898498896
 20
59.16818950419142
 10
827.0803526080858
 20
59.23391762279647
 10
826.8226225430171
 20
59.273354493959495
 10
826.5519996546836
 20
59.286500117680504
 10
826.3062144111692
 20
59.27600889874931
 10
826.0704147856736
 20
59.244535241955745
 10
825.8446007781969
 20
59.19207914729979
 10
825.628772388739
 20
59.11864061478146
 10
825.4229296172999
 20
59.02421964440075
 10
825.2270724638796
 20
58.908816236157655
 10
825.0412009284782
 20
58.772430390052186
 10
824.8653150110957
 20
58.61506210608433
 10
824.7039651199432
 20
58.44012419041243
 10
824.5617016632316
 20
58.25102944919483
 10
824.4385246409612
 20
58.04777788243153
 10
824.3344340531319
 20
57.83036949012253
 10
824.2494298997435
 20
57.59880427226782
 10
824.1835121807964
 20
57.35308222886741
 10
824.1366808962903
 20
57.0932033599213
 10
824.1089360462253
 20
56.81916766542948
  0
LWPOLYLINE
  5
58
330
17
100
AcDbEntity
  8
line engraving
 62
1
420
16711680
100
AcDbPolyline
 90
35
 70
0
 10
832.2066402583672
 20
51.69844162518392
 10
832.2066402583672
 20
60.289612327776005
 10
833.5171578231693
 20
60.289612327776005
 10
833.5171578231693
 20
58.98718437757137
 10
833.763132667026
 20
59.40531633208194
 10
833.9995010935479
 20
59.74558574609115
 10
834.2262631027354
 20
60.007992619598994
 10
834.4434186945882
 20
60.19253695260547
 10
834.6610798873534
 20
60.3199483825168
 10
834.8893586992779
 20
60.41095654673917
 10
835.1282551303616
 20
60.4655614452726
 10
835.3777691806046
 20
60.48376307811707
 10
835.7473634475299
 20
60.454438225200974
 10
836.1199913199292
 20
60.36646366645268
 10
836.4956527978027
 20
60.219839401872186
 10
836.8743478811502
 20
60.0145654314595
 10
836.3727917761025
 20
58.66359979366959
 10
836.1058344943835
 20
58.80162884274019
 10
835.8388772126646
 20
58.90022102064776
 10
835.5719199309457
 20
58.959376327392306
 10
835.3049626492267
 20
58.97909476297382
 10
835.0723862295473
 20
58.96114593058552
 10
834.8519442317642
 20
58.90729943342062
 10
834.6436366558773
 20
58.81755527147911
 10
834.4474635018869
 20
58.691913444761
 10
834.271008783478
 20
58.53441876056506
 10
834.1218565143357
 20
58.34911602619006
 10
834.0000066944602
 20
58.136005241636
 10
833.9054593238515
 20
57.895086406902884
 10
833.7992831322587
 20
57.49768408979852
 10
833.7234429954067
 20
57.08208013984968
 10
833.6779389132955
 20
56.64827455705636
 10
833.6627708859252
 20
56.19626734141857
 10
833.6627708859252
 20
51.69844162518392
 10
832.2066402583672
 20
51.69844162518392
  0
CIRCLE
  5
59
330
17
100
AcDbEntity
  8
cut
 62
5
420
255
100
AcDbCircle
 10
308.19051480421314
 20
367.85784913130897
 30
0.0
 40
3.9
  0
CIRCLE
  5
5A
330
17
100
AcDbEntity
  8
cut
 62
5
420
255
100
AcDbCircle
 10
308.19051480421314
 20
823.857849131309
 30
0.0
 40
3.9
  0
LWPOLYLINE
  5
5B
330
17
100
AcDbEntity
  8
cut
 62
5
420
255
100
AcDbPolyline
 90
10
 70
1
 10
242.1905146253992
 20
619.8578527075877
 10
58.59051924204988
 20
619.8578527075877
 42
1.6953422501885593
 10
58.691455820102675
 20
571.9136377867663
 10
230.19051462539926
 20
571.9136377867663
 42
-0.4142135623730962
 10
284.1905146253992
 20
517.9136377867665
 10
284.1905146253992
 20
379.8578496677508
 42
1.618034015706349
 10
332.1905149830271
 20
379.8578496677507
 10
332.19051498302713
 20
811.8578423363795
 42
1.6180343930967274
 10
284.1905146253992
 20
811.8578423363796
 10
284.1905146253992
 20
661.8578527075878
 42
-0.4142135623730954
  0
CIRCLE
  5
5C
330
17
100
AcDbEntity
  8
cut
 62
5
420
255
100
AcDbCircle
 10
45.39051480421318
 20
595.857849131309
 30
0.0
 40
10.9
  0
LWPOLYLINE
  5
5D
330
17
100
AcDbEntity
  8
line engraving
 62
1
420
16711680
100
AcDbPolyline
 90
41
 70
0
 10
301.3265913762874
 20
548.7682039584441
 10
293.8679667173515
 20
548.7682039584441
 10
293.8679667173515
 20
547.4819552374346
 10
292.73542067369533
 20
547.4819552374346
 10
292.73542067369533
 20
548.7682039584441
 10
291.8212942241728
 20
548.7682039584441
 10
291.41630789338325
 20
548.7778103757787
 10
291.0669376629518
 20
548.8066296277825
 10
290.7731835328785
 20
548.8546617144553
 10
290.53504550316325
 20
548.9219066357974
 10
290.26530741642637
 20
549.0470428616031
 10
290.0223661780439
 20
549.2121215594843
 10
289.80622178801576
 20
549.4171427294409
 10
289.616874246342
 20
549.6621063714728
 10
289.46291876853246
 20
549.9535852974406
 10
289.35295057009705
 20
550.2981523192047
 10
289.28696965103586
 20
550.6958074367652
 10
289.2649760113488
 20
551.1465506501222
 10
289.274076827771
 20
551.4620456194264
 10
289.30137927703777
 20
551.7937198179256
 10
289.34688335914893
 20
552.1415732456201
 10
289.4105890741046
 20
552.5056059025096
 10
290.68065856591903
 20
552.2871863083759
 10
290.64526650205477
 20
552.0637107051188
 10
290.61998645643746
 20
551.8463023128097
 10
290.60481842906705
 20
551.6349611314489
 10
290.5997624199436
 20
551.4296871610362
 10
290.61745845187573
 20
551.1222818063295
 10
290.67054654767213
 20
550.8634141392081
 10
290.75902670733274
 20
550.653084159672
 10
290.88289893085766
 20
550.4912918677211
 10
291.0553088419678
 20
550.3709588505826
 10
291.28940206438426
 20
550.2850066954836
 10
291.585178598107
 20
550.2334354024243
 10
291.942638443136
 20
550.2162449714045
 10
292.73542067369533
 20
550.2162449714045
 10
292.73542067369533
 20
551.8907951930962
 10
293.8679667173515
 20
551.8907951930962
 10
293.8679667173515
 20
550.2162449714045
 10
301.3265913762874
 20
550.2162449714045
 10
301.3265913762874
 20
548.7682039584441
  0
LWPOLYLINE
  5
5E
330
17
100
AcDbEntity
  8
line engraving
 62
1
420
16711680
100
AcDbPolyline
 90
35
 70
0
 10
301.3265913762874
 20
553.0071620075573
 10
292.73542067369533
 20
553.0071620075573
 10
292.73542067369533
 20
554.3176795723596
 10
294.03784862389995
 20
554.3176795723596
 10
293.6197166693894
 20
554.5636544162161
 10
293.2794472553802
 20
554.8000228427381
 10
293.01704038187233
 20
555.0267848519255
 10
292.83249604886583
 20
555.2439404437783
 10
292.7050846189545
 20
555.4616016365435
 10
292.6140764547322
 20
555.689880448468
 10
292.55947155619873
 20
555.9287768795517
 10
292.54126992335426
 20
556.1782909297947
 10
292.57059477627035
 20
556.54788519672
 10
292.6585693350187
 20
556.9205130691194
 10
292.80519359959914
 20
557.2961745469929
 10
293.0104675700118
 20
557.6748696303405
 10
294.3614332078017
 20
557.1733135252927
 10
294.2234041587311
 20
556.9063562435737
 10
294.12481198082355
 20
556.6393989618548
 10
294.06565667407904
 20
556.3724416801358
 10
294.0459382384975
 20
556.1054843984168
 10
294.0638870708858
 20
555.8729079787374
 10
294.1177335680507
 20
555.6524659809543
 10
294.2074777299922
 20
555.4441584050676
 10
294.3331195567103
 20
555.2479852510771
 10
294.49061424090627
 20
555.0715305326682
 10
294.67591697528127
 20
554.922378263526
 10
294.8890277598353
 20
554.8005284436505
 10
295.1299465945684
 20
554.7059810730417
 10
295.5273489116728
 20
554.5998048814489
 10
295.9429528616216
 20
554.5239647445969
 10
296.376758444415
 20
554.4784606624856
 10
296.82876566005274
 20
554.4632926351153
 10
301.3265913762874
 20
554.4632926351153
 10
301.3265913762874
 20
553.0071620075573
  0
LWPOLYLINE
  5
5F
330
17
100
AcDbEntity
  8
line engraving
 62
1
420
16711680
100
AcDbPolyline
 90
128
 70
0
 10
300.2668518640091
 20
564.1465613083759
 10
300.5853804387874
 20
563.7458725853413
 10
300.85334892233107
 20
563.3527678759918
 10
301.07075731464005
 20
562.9672471803276
 10
301.2376056157144
 20
562.5893104983486
 10
301.36147783923934
 20
562.2083402108955
 10
301.44995799889995
 20
561.8137186988091
 10
301.50304609469634
 20
561.4054459620893
 10
301.5207421266285
 20
560.9835220007361
 10
301.50993490712705
 20
560.6398397805685
 10
301.47751324862287
 20
560.3166343973511
 10
301.42347715111583
 20
560.0139058510836
 10
301.347826614606
 20
559.7316541417661
 10
301.2505616390933
 20
559.4698792693987
 10
301.13168222457784
 20
559.2285812339813
 10
300.99118837105954
 20
559.0077600355139
 10
300.8290800785384
 20
558.8074156739966
 10
300.6501605556818
 20
558.6291913523945
 10
300.4592330111569
 20
558.4747302736727
 10
300.2562974449639
 20
558.3440324378311
 10
300.04135385710254
 20
558.2370978448698
 10
299.814402247573
 20
558.1539264947887
 10
299.5754426163752
 20
558.0945183875881
 10
299.3244749635092
 20
558.0588735232676
 10
299.06149928897497
 20
558.0469919018275
 10
298.75282993198743
 20
558.0649407342157
 10
298.45781179963325
 20
558.1187872313807
 10
298.1764448919124
 20
558.2085313933221
 10
297.9087292088249
 20
558.3341732200403
 10
297.66073196131896
 20
558.4888870992183
 10
297.43852036034264
 20
558.6658474185397
 10
297.242094405896
 20
558.8650541780041
 10
297.0714540979791
 20
559.086507377612
 10
296.9233130306616
 20
559.3264150105203
 10
296.7943847980132
 20
559.5809850698868
 10
296.684669400034
 20
559.8502175557113
 10
296.59416683672396
 20
560.1341124679939
 10
296.5380451354535
 20
560.3757897040955
 10
296.4829346360077
 20
560.6720718387305
 10
296.42883533838665
 20
561.022958871899
 10
296.37574724259025
 20
561.428450803601
 10
296.32190074542535
 20
561.8547987729372
 10
296.26552624369873
 20
562.2520746898135
 10
296.2066237374103
 20
562.6202785542298
 10
296.14519322656025
 20
562.9594103661863
 10
296.0812347111484
 20
563.2694701256828
 10
296.0147481911749
 20
563.5504578327193
 10
295.94573366663957
 20
563.802373487296
 10
295.87419113754254
 20
564.0252170894128
 10
295.7381844921213
 20
564.0287562957992
 10
295.6294802959668
 20
564.031284300361
 10
295.54807854907904
 20
564.032801103098
 10
295.4939792514579
 20
564.0333067040103
 10
295.2797308648511
 20
564.0268602923779
 10
295.08191450789553
 20
564.0075210574806
 10
294.9005301805912
 20
563.9752889993185
 10
294.7355778829382
 20
563.9301641178916
 10
294.5870576149364
 20
563.8721464131999
 10
294.45496937658584
 20
563.8012358852433
 10
294.3393131678866
 20
563.7174325340218
 10
294.2400889888386
 20
563.6207363595355
 10
294.12443278013933
 20
563.472721692446
 10
294.0241973992666
 20
563.307769394793
 10
293.9393828462205
 20
563.1258794665763
 10
293.8699891210009
 20
562.9270519077961
 10
293.81601622360796
 20
562.7112867184522
 10
293.7774641540415
 20
562.4785838985447
 10
293.75433291230166
 20
562.2289434480737
 10
293.7466224983884
 20
561.962365367039
 10
293.75224730853824
 20
561.7139257187347
 10
293.7691217389878
 20
561.4822973007659
 10
293.7972457897371
 20
561.2674801131327
 10
293.83661946078604
 20
561.069474155835
 10
293.88724275213474
 20
560.8882794288728
 10
293.9491156637832
 20
560.7238959322461
 10
294.0222381957313
 20
560.576323665955
 10
294.1066103479791
 20
560.4455626299994
 10
294.3212379352702
 20
560.2167782171625
 10
294.60513284755274
 20
560.0198466618036
 10
294.95829508482683
 20
559.8547679639225
 10
295.38072464709234
 20
559.7215421235192
 10
295.18657389675127
 20
558.2977699543513
 10
294.7515043116771
 20
558.4105189578046
 10
294.36042200597706
 20
558.5546152178234
 10
294.01332697965114
 20
558.7300587344076
 10
293.7102192326994
 20
558.9368495075573
 10
293.44528435462985
 20
559.1840883536947
 10
293.21270793495046
 20
559.4808760892422
 10
293.0124899736612
 20
559.8272127141995
 10
292.8446304707622
 20
560.2230982285669
 10
292.7119102312712
 20
560.6604430177466
 10
292.61711006020624
 20
561.1311574671413
 10
292.56022995756723
 20
561.6352415767508
 10
292.54126992335426
 20
562.1726953465751
 10
292.55744915254934
 20
562.6970034926784
 10
292.6059868401346
 20
563.1697403457224
 10
292.68688298611005
 20
563.590905905707
 10
292.8001375904757
 20
563.9605001726324
 10
292.93791383909013
 20
564.2815567519724
 10
293.092374917812
 20
564.5571092492013
 10
293.2635208266413
 20
564.7871576643189
 10
293.451351565578
 20
564.9717019973255
 10
293.6604175428333
 20
565.12135986738
 10
293.8952691666182
 20
565.2467488936419
 10
294.15590643693287
 20
565.3478690761112
 10
294.44232935377715
 20
565.4247204147879
 10
294.6658049570343
 20
565.4565732722657
 10
294.9641094953188
 20
565.4793253133214
 10
295.3372429686305
 20
565.4929765379547
 10
295.78520537696954
 20
565.4975269461659
 10
297.7267128803802
 20
565.4975269461659
 10
298.21101535429415
 20
565.4989805487888
 10
298.6486761440441
 20
565.5033413566579
 10
299.0396952496301
 20
565.5106093697729
 10
299.3840726710521
 20
565.5207845881338
 10
299.68180840831013
 20
565.5338670117408
 10
299.93290246140424
 20
565.5498566405937
 10
300.13735483033435
 20
565.5687534746926
 10
300.2951655151005
 20
565.5905575140375
 10
300.56136439545094
 20
565.6484488185013
 10
300.8220016657656
 20
565.7290921640205
 10
301.0770773260444
 20
565.8324875505954
 10
301.3265913762874
 20
565.9586349782259
 10
301.3265913762874
 20
564.4377874338875
 10
301.0904757502216
 20
564.3346448477688
 10
300.8351472894866
 20
564.251726298144
 10
300.56060599408244
 20
564.1890317850131
 10
300.2668518640091
 20
564.1465613083759
  0
LWPOLYLINE
  5
60
330
17
100
AcDbEntity
  8
line engraving
 62
1
420
16711680
100
AcDbPolyline
 90
42
 70
0
 10
297.0148267957963
 20
564.0252170894128
 10
297.0942061390347
 20
563.8146343094204
 10
297.17055187679904
 20
563.5792770847231
 10
297.2438640090893
 20
563.3191454153208
 10
297.31414253590543
 20
563.0342393012136
 10
297.3813874572475
 20
562.7245587424013
 10
297.44559877311553
 20
562.390103738884
 10
297.50677648350944
 20
562.0308742906618
 10
297.5649205884293
 20
561.6468703977347
 10
297.63165990885904
 20
561.2307608468735
 10
297.7024440365875
 20
560.8803794146174
 10
297.7772729716148
 20
560.5957261009663
 10
297.85614671394086
 20
560.3768009059203
 10
297.94639647679475
 20
560.201357389336
 10
298.0553534734054
 20
560.0471491110703
 10
298.1830177037729
 20
559.9141760711232
 10
298.3293891678972
 20
559.8024382694946
 10
298.4894118566549
 20
559.7139581098339
 10
298.65802976092243
 20
559.6507579957906
 10
298.8352428806999
 20
559.6128379273647
 10
299.02105121598726
 20
559.600197904556
 10
299.30014291960254
 20
559.6277531542789
 10
299.5549657794252
 20
559.7104189034476
 10
299.78551979545523
 20
559.848195152062
 10
299.9918049676926
 20
560.0410819001222
 10
300.161686874241
 20
560.2870567439787
 10
300.28303109320416
 20
560.5840972799823
 10
300.3558376245821
 20
560.9322035081328
 10
300.3801064683747
 20
561.3313754284304
 10
300.35710162686297
 20
561.7404065665188
 10
300.28808710232767
 20
562.1261800626392
 10
300.1730628947688
 20
562.4886959167917
 10
300.01202900418645
 20
562.8279541289762
 10
299.8110526415287
 20
563.1338426809458
 10
299.57620101774376
 20
563.3962495544537
 10
299.30747413283154
 20
563.6151747494997
 10
299.0048719867922
 20
563.7906182660839
 10
298.72881388865096
 20
563.8932552512903
 10
298.39410608467756
 20
563.9665673835806
 10
298.000748574872
 20
564.0105546629547
 10
297.5487413592342
 20
564.0252170894128
 10
297.0148267957963
 20
564.0252170894128
  0
LWPOLYLINE
  5
61
330
17
100
AcDbEntity
  8
line engraving
 62
1
420
16711680
100
AcDbPolyline
 90
104
 70
0
 10
301.3265913762874
 20
567.7545294188807
 10
292.73542067369533
 20
567.7545294188807
 10
292.73542067369533
 20
569.0569573690854
 10
293.94077324872944
 20
569.0569573690854
 10
293.64069910725175
 20
569.2758825641314
 10
293.37146662142726
 20
569.5281774193923
 10
293.13307579125586
 20
569.813841934868
 10
292.9255266167376
 20
570.1328761105588
 10
292.7574143133824
 20
570.4802239373408
 10
292.6373340967001
 20
570.8508294060907
 10
292.56528596669074
 20
571.2446925168088
 10
292.54126992335426
 20
571.6618132694946
 10
292.56604436805924
 20
572.117612491975
 10
292.64036770217416
 20
572.530435636906
 10
292.7642399256991
 20
572.9002827042874
 10
292.9376610386339
 20
573.2271536941195
 10
293.1555750318553
 20
573.5100374045774
 10
293.41292589623964
 20
573.7479226338363
 10
293.70971363178705
 20
573.9408093818965
 10
294.0459382384975
 20
574.088697648758
 10
293.6932816021358
 20
574.3531269259151
 10
293.38764585062233
 20
574.6367690377416
 10
293.1290309839571
 20
574.9396239842371
 10
292.9174370021401
 20
575.2616917654018
 10
292.7528639051713
 20
575.6029723812358
 10
292.6353116930507
 20
575.9634658317389
 10
292.5647803657784
 20
576.3431721169111
 10
292.54126992335426
 20
576.7420912367525
 10
292.55232994331186
 20
577.0524037967051
 10
292.5855100031846
 20
577.3442619233572
 10
292.64081010297247
 20
577.6176656167086
 10
292.71823024267553
 20
577.8726148767593
 10
292.8177704222938
 20
578.1091097035094
 10
292.93943064182713
 20
578.3271500969588
 10
293.08321090127566
 20
578.5267360571075
 10
293.2491112006394
 20
578.7078675839557
 10
293.43801634151487
 20
578.8690278747662
 10
293.6508111254987
 20
579.0087001268018
 10
293.8874955525909
 20
579.1268843400629
 10
294.14806962279147
 20
579.2235805145492
 10
294.43253333610045
 20
579.2987886502607
 10
294.7408866925178
 20
579.3525087471975
 10
295.0731296920435
 20
579.3847408053596
 10
295.42926233467756
 20
579.395484824747
 10
301.3265913762874
 20
579.395484824747
 10
301.3265913762874
 20
577.9474438117866
 10
295.91463921053025
 20
577.9474438117866
 10
295.5083888774598
 20
577.9385957958204
 10
295.16331625478335
 20
577.9120517479223
 10
294.87942134250073
 20
577.8678116680919
 10
294.6567041406121
 20
577.8058755563295
 10
294.4739294107988
 20
577.7206818025991
 10
294.3098619147424
 20
577.6066687968649
 10
294.16450165244277
 20
577.4638365391271
 10
294.03784862389995
 20
577.2921850293855
 10
293.9352116386936
 20
577.0980342790444
 10
293.86189950640335
 20
576.8877042995082
 10
293.81791222702924
 20
576.661195090777
 10
293.80324980057117
 20
576.4185066528506
 10
293.8126666175636
 20
576.1968006527867
 10
293.840917068541
 20
575.9847010700573
 10
293.88800115350324
 20
575.7822079046625
 10
293.95391887245046
 20
575.5893211566023
 10
294.03867022538253
 20
575.4060408258767
 10
294.1422552122995
 20
575.2323669124856
 10
294.2646738332014
 20
575.0682994164292
 10
294.4059260880882
 20
574.9138383377074
 10
294.5679079803812
 20
574.7735340845312
 10
294.75251551350175
 20
574.6519370651118
 10
294.9597486874498
 20
574.5490472794494
 10
295.18960750222533
 20
574.4648647275437
 10
295.4420919578284
 20
574.3993894093948
 10
295.7172020542589
 20
574.3526213250027
 10
296.01493779151696
 20
574.3245604743676
 10
296.33529916960254
 20
574.3152068574891
 10
301.3265913762874
 20
574.3152068574891
 10
301.3265913762874
 20
572.8590762299311
 10
295.7447573039818
 20
572.8590762299311
 10
295.28971648286995
 20
572.8368297897879
 10
294.8953477712397
 20
572.7700904693581
 10
294.56165116909096
 20
572.658858268642
 10
294.28862667642386
 20
572.5031331876393
 10
294.1748664711459
 20
572.4070690142934
 10
294.0762742932383
 20
572.2968480154019
 10
293.9928501427011
 20
572.1724701909646
 10
293.9245940195343
 20
572.0339355409817
 10
293.87150592373797
 20
571.8812440654531
 10
293.833585855312
 20
571.7143957643787
 10
293.81083381425634
 20
571.5333906377587
 10
293.80324980057117
 20
571.3382286855929
 10
293.823473837065
 20
571.0366377413782
 10
293.8841459465466
 20
570.7466756181474
 10
293.98526612901594
 20
570.4683423159006
 10
294.12683438447294
 20
570.2016378346378
 10
294.30733391018066
 20
569.9586965962553
 10
294.52524790340203
 20
569.7516530226494
 10
294.780576364137
 20
569.5805071138202
 10
295.07331929238563
 20
569.4452588697675
 10
295.41915031643066
 20
569.3426218845611
 10
295.8337430645548
 20
569.2693097522708
 10
296.31709753675807
 20
569.2253224728967
 10
296.86921373304045
 20
569.2106600464386
 10
301.3265913762874
 20
569.2106600464386
 10
301.3265913762874
 20
567.7545294188807
  0
LWPOLYLINE
  5
62
330
17
100
AcDbEntity
  8
line engraving
 62
1
420
16711680
100
AcDbPolyline
 90
95
 70
0
 10
298.55994318392726
 20
587.4365617347061
 10
298.74600431967076
 20
588.9412300498493
 10
299.06642889787037
 20
588.8427642721698
 10
299.36839904276934
 20
588.7253384602774
 10
299.6519147543676
 20
588.5889526141718
 10
299.91697603266533
 20
588.4336067338534
 10
300.16358287766235
 20
588.259300819322
 10
300.3917352893587
 20
588.0660348705775
 10
300.60143326775443
 20
587.8538088876201
 10
300.7926768128495
 20
587.6226228704496
 10
300.9633171207664
 20
587.373614421119
 10
301.1112053876278
 20
587.1079211416809
 10
301.2363416134336
 20
586.8255430321353
 10
301.33872579818376
 20
586.5264800924823
 10
301.4183579418783
 20
586.2107323227219
 10
301.4752380445173
 20
585.8782997228541
 10
301.5093661061007
 20
585.5291822928788
 10
301.5207421266285
 20
585.1633800327961
 10
301.50260369389804
 20
584.7043576044995
 10
301.4481883957068
 20
584.2697304202236
 10
301.3574962320546
 20
583.8594984799685
 10
301.2305272029416
 20
583.4736617837341
 10
301.0672813083677
 20
583.1122203315203
 10
300.867758548333
 20
582.7751741233272
 10
300.6319589228373
 20
582.462523159155
 10
300.35988243188086
 20
582.1742674390034
 10
300.05506828184997
 20
581.915462971996
 10
299.72105567913104
 20
581.6911657672563
 10
299.3578446237241
 20
581.5013758247843
 10
298.96543511562913
 20
581.3460931445799
 10
298.5438271548462
 20
581.2253177266431
 10
298.09302074137526
 20
581.139049570974
 10
297.61301587521626
 20
581.0872886775725
 10
297.1038125563693
 20
581.0700350464386
 10
296.5769764057042
 20
581.0874782779146
 10
296.0804763097799
 20
581.1398079723425
 10
295.6143122685964
 20
581.2270241297223
 10
295.1784842821537
 20
581.349126750054
 10
294.7729923504518
 20
581.5061158333375
 10
294.39783647349066
 20
581.6979913795731
 10
294.05301665127035
 20
581.9247533887605
 10
293.7385328837908
 20
582.1864018608998
 10
293.4579243774385
 20
582.4758583832181
 10
293.2147303385998
 20
582.7860445429427
 10
293.00895076727477
 20
583.1169603400735
 10
292.8405856634634
 20
583.4686057746105
 10
292.70963502716563
 20
583.8409808465537
 10
292.6160988583815
 20
584.2340855559032
 10
292.55997715711106
 20
584.6479199026588
 10
292.54126992335426
 20
585.0824838868207
 10
292.55959795642684
 20
585.5033966463492
 10
292.6145820556445
 20
585.9045909702961
 10
292.7062222210073
 20
586.2860668586616
 10
292.8345184525152
 20
586.6478243114454
 10
292.9994707501683
 20
586.989863328648
 10
293.20107911396644
 20
587.3121839102688
 10
293.43934354390973
 20
587.6147860563082
 10
293.71426403999817
 20
587.8976697667661
 10
294.0224277960734
 20
588.1536302286415
 10
294.36042200597706
 20
588.3754626289335
 10
294.72824666970916
 20
588.5631669676422
 10
295.1259017872697
 20
588.7167432447675
 10
295.55338735865865
 20
588.8361914603094
 10
296.0107033838761
 20
588.9215116142678
 10
296.49784986292195
 20
588.9727037066428
 10
297.0148267957963
 20
588.9897677374346
 10
297.0876333271742
 20
588.9892621365223
 10
297.1766190877472
 20
588.9877453337851
 10
297.2817840775153
 20
588.9852173292235
 10
297.4031282964784
 20
588.981678122837
 10
297.4031282964784
 20
582.5747033615819
 10
297.7466841164179
 20
582.6049130160945
 10
298.0695102989511
 20
582.655093906645
 10
298.3716068440782
 20
582.7252460332331
 10
298.65297375179904
 20
582.8153693958589
 10
298.9136110221136
 20
582.9254639945223
 10
299.1535186550221
 20
583.0555298292235
 10
299.3726966505243
 20
583.2055668999624
 10
299.5711450086203
 20
583.3755752067389
 10
299.7474733268011
 20
583.56113074157
 10
299.90029120255787
 20
583.7578094964729
 10
300.0295986358905
 20
583.9656114714472
 10
300.13539562679904
 20
584.1845366664933
 10
300.2176821752834
 20
584.414585081611
 10
300.2764582813437
 20
584.6557567168002
 10
300.31172394497986
 20
584.9080515720611
 10
300.32347916619193
 20
585.1714696473937
 10
300.2971879187499
 20
585.557243143514
 10
300.21831417642386
 20
585.9136917867183
 10
300.08685793921376
 20
586.2408155770065
 10
299.9028192071196
 20
586.5386145143787
 10
299.66114197101797
 20
586.8070885988346
 10
299.3567702217854
 20
587.0462378303746
 10
298.9897039594218
 20
587.2560622089984
 10
298.55994318392726
 20
587.4365617347061
  0
LWPOLYLINE
  5
63
330
17
100
AcDbEntity
  8
line engraving
 62
1
420
16711680
100
AcDbPolyline
 90
34
 70
0
 10
296.2058653360418
 20
582.6555995075573
 10
296.2058653360418
 20
587.4527409639012
 10
295.9433320623059
 20
587.4229105100727
 10
295.6977364191336
 20
587.3819568361727
 10
295.4690784065249
 20
587.3298799422009
 10
295.2573580244798
 20
587.2666798281576
 10
295.0625752729983
 20
587.1923564940427
 10
294.8847301520804
 20
587.1069099398561
 10
294.7238226617261
 20
587.0103401655979
 10
294.57985280193543
 20
586.9026471712681
 10
294.3826684461203
 20
586.7222740457885
 10
294.21177533774716
 20
586.5290080970441
 10
294.06717347681604
 20
586.3228493250348
 10
293.94886286332695
 20
586.1037977297606
 10
293.8568434972799
 20
585.8718533112217
 10
293.7911153786749
 20
585.6270160694179
 10
293.7516785075118
 20
585.3692860043492
 10
293.7385328837908
 20
585.0986631160157
 10
293.749024102722
 20
584.8528778725013
 10
293.7804977595156
 20
584.6170782470057
 10
293.83295385417154
 20
584.3912642395289
 10
293.90639238668984
 20
584.175435850071
 10
294.00081335707057
 20
583.969593078632
 10
294.11621676531365
 20
583.7737359252117
 10
294.25260261141915
 20
583.5878643898103
 10
294.409970895387
 20
583.4119784724278
 10
294.5849088110589
 20
583.2506285812752
 10
294.7740035522765
 20
583.1083651245638
 10
294.9772551190398
 20
582.9851881022933
 10
295.19466351134884
 20
582.8810975144639
 10
295.4262287292035
 20
582.7960933610757
 10
295.6719507726039
 20
582.7301756421284
 10
295.93182964155
 20
582.6833443576223
 10
296.2058653360418
 20
582.6555995075573
  0
LWPOLYLINE
  5
64
330
17
100
AcDbEntity
  8
line engraving
 62
1
420
16711680
100
AcDbPolyline
 90
159
 70
0
 10
298.76218354886583
 20
594.7900214038739
 10
298.5356743401346
 20
596.2299728022367
 10
298.94318867548594
 20
596.3176945605289
 10
299.30014291960254
 20
596.4595156164421
 10
299.60653707248457
 20
596.6554359699765
 10
299.8623711341319
 20
596.9054556211318
 10
300.0641058981582
 20
597.2100801708206
 10
300.2082021581769
 20
597.5698152199551
 10
300.2946599141882
 20
597.9846607685354
 10
300.32347916619193
 20
598.4546168165615
 10
300.31709595467356
 20
598.6973052544878
 10
300.29794632011846
 20
598.9238144632191
 10
300.26603026252656
 20
599.1341444427552
 10
300.2213477818979
 20
599.3282951930962
 10
300.16389887823254
 20
599.5062667142422
 10
300.09368355153043
 20
599.6680590061931
 10
300.0107018017916
 20
599.8136720689489
 10
299.91495362901594
 20
599.9431059025096
 10
299.7018428444619
 20
600.1554582856952
 10
299.4710360279757
 20
600.3071385593992
 10
299.22253317955733
 20
600.3981467236215
 10
298.9563342992069
 20
600.4284827783623
 10
298.7227466777028
 20
600.401685930008
 10
298.5154503036407
 20
600.3212953849448
 10
298.33444517702065
 20
600.187311143173
 10
298.17973129784264
 20
599.9997332046925
 10
298.12955040729224
 20
599.9110002445757
 10
298.0760831108116
 20
599.7944592342798
 10
298.0193294084007
 20
599.6501101738048
 10
297.9592893000596
 20
599.4779530631508
 10
297.8959627857882
 20
599.2779879023178
 10
297.8293498655865
 20
599.0502146913057
 10
297.7594505394546
 20
598.7946334301145
 10
297.68626480739243
 20
598.5112441187442
 10
297.5868510280023
 20
598.1261658238783
 10
297.49085005477053
 20
597.7718027844375
 10
297.39826188769706
 20
597.4481550004217
 10
297.3090865267819
 20
597.1552224718309
 10
297.2233239720252
 20
596.8930051986652
 10
297.1409742234267
 20
596.6615031809246
 10
297.06203728098666
 20
596.460716418609
 10
296.9865131447049
 20
596.2906449117183
 10
296.824720852754
 20
595.9999243871191
 10
296.6346149097117
 20
595.7466183300335
 10
296.416195315578
 20
595.5307267404615
 10
296.1694620703529
 20
595.3522496184032
 10
295.9017463872654
 20
595.2124509661394
 10
295.62037947954457
 20
595.1125947859509
 10
295.3253613471904
 20
595.0526810778379
 10
295.01669199020284
 20
595.0327098418002
 10
294.7348194815696
 20
595.0491418714514
 10
294.46356459209574
 20
595.0984379604052
 10
294.2029273217811
 20
595.1805981086616
 10
293.95290767062573
 20
595.2956223162204
 10
293.7185616477531
 20
595.4389601748707
 10
293.5049452622867
 20
595.6060612764011
 10
293.3120585142265
 20
595.796925620812
 10
293.13990140357254
 20
596.011553208103
 10
293.0193155859779
 20
596.196855942478
 10
292.90833618571787
 20
596.4130003325063
 10
292.80696320279236
 20
596.6599863781875
 10
292.7151966372015
 20
596.9378140795219
 10
292.6391036998933
 20
597.2363714182625
 10
292.58475160181604
 20
597.5455463761624
 10
292.5521403429697
 20
597.8653389532216
 10
292.54126992335426
 20
598.1957491494401
 10
292.55947155619873
 20
598.68592923396
 10
292.6140764547322
 20
599.1452676628268
 10
292.7050846189545
 20
599.5737644360405
 10
292.83249604886583
 20
599.971419553601
 10
292.99100193488647
 20
600.3286265981739
 10
293.1752934674368
 20
600.6357791524243
 10
293.3853706465168
 20
600.8928772163525
 10
293.62123347212645
 20
601.0999207899584
 10
293.89097155886327
 20
601.2677802928575
 10
294.2026745213249
 20
601.4073261446651
 10
294.5563423595113
 20
601.5185583453814
 10
294.9519750734225
 20
601.6014768950062
 10
295.14612582376355
 20
600.1777047258383
 10
294.83265325810873
 20
600.1061621967414
 10
294.55558395814285
 20
599.9886099846208
 10
294.3149179238659
 20
599.8250480894767
 10
294.11065515527787
 20
599.6154765113091
 10
293.9478516615023
 20
599.3588840482932
 10
293.8315634516626
 20
599.0542594986044
 10
293.7617905257587
 20
598.7016028622427
 10
293.7385328837908
 20
598.3009141392081
 10
293.7437152931424
 20
598.0591105028784
 10
293.759262521197
 20
597.835255698937
 10
293.78517456795475
 20
597.6293497273839
 10
293.82145143341563
 20
597.4413925882191
 10
293.86809311757963
 20
597.2713842814426
 10
293.9250996204467
 20
597.1193248070543
 10
293.9924709420169
 20
596.9852141650545
 10
294.07020708229015
 20
596.8690523554428
 10
294.24312259431264
 20
596.6814744169623
 10
294.43019493188086
 20
596.5474901751904
 10
294.63142409499477
 20
596.4670996301273
 10
294.8468100836544
 20
596.440302781773
 10
294.984839132725
 20
596.4514260018445
 10
295.11578976902274
 20
596.4847956620595
 10
295.23966199254767
 20
596.5404117624175
 10
295.3564558032997
 20
596.6182743029188
 10
295.4686992058406
 20
596.7199000863005
 10
295.5708305901346
 20
596.8468059152995
 10
295.6628499561817
 20
596.9989917899157
 10
295.7447573039818
 20
597.1764577101494
 10
295.7682677464059
 20
597.2443346326319
 10
295.79835100069056
 20
597.3387556030126
 10
295.83500706683566
 20
597.4597206212916
 10
295.8782359448413
 20
597.6072296874686
 10
295.92803763470744
 20
597.781282801544
 10
295.98441213643406
 20
597.9818799635174
 10
296.0473594500212
 20
598.209021173389
 10
296.11687957546883
 20
598.462706431159
 10
296.2176837573679
 20
598.8343863018476
 10
296.3138111308278
 20
599.1768677198484
 10
296.4052616958485
 20
599.4901506851611
 10
296.49203545242995
 20
599.7742351977859
 10
296.57413240057224
 20
600.0291212577225
 10
296.6515525402753
 20
600.2548088649712
 10
296.72429587153914
 20
600.4512980195319
 10
296.7923623943638
 20
600.6185887214045
 10
296.93873385848815
 20
600.9075396428105
 10
297.1149357764409
 20
601.1636265049141
 10
297.3209681482221
 20
601.3868493077151
 10
297.5568309738317
 20
601.5772080512136
 10
297.822777053726
 20
601.7293939258299
 10
298.11905918836106
 20
601.8380981219843
 10
298.4456773777369
 20
601.9033206396771
 10
298.80263162185355
 20
601.925061478908
 10
299.1613554691634
 20
601.8985174310099
 10
299.509461697314
 20
601.8188852873152
 10
299.84695030630536
 20
601.6861650478243
 10
300.17382129613736
 20
601.5003567125369
 10
300.4771818435453
 20
601.2644938869273
 10
300.7441391252642
 20
600.9816101764694
 10
300.9746931412942
 20
600.6517055811632
 10
301.1688438916353
 20
600.2747801010089
 10
301.3227993694448
 20
599.8611985547095
 10
301.4327675678802
 20
599.421325760968
 10
301.4987484869414
 20
598.9551617197844
 10
301.5207421266285
 20
598.462706431159
 10
301.509871707013
 20
598.0565192982026
 10
301.4772604481667
 20
597.6752330101792
 10
301.4229083500894
 20
597.318847567089
 10
301.34681541278127
 20
596.9873629689318
 10
301.2489816362422
 20
596.6807792157077
 10
301.1294070204723
 20
596.3990963074167
 10
300.9880915654714
 20
596.1423142440586
 10
300.82503527123964
 20
595.9104330256338
 10
300.64061733846125
 20
595.7009246475802
 10
300.4352169678205
 20
595.5112611053362
 10
300.20883415931735
 20
595.3414423989018
 10
299.9614689129518
 20
595.191468528277
 10
299.6931212287239
 20
595.0613394934618
 10
299.4037911066336
 20
594.9510552944562
 10
299.0934785466809
 20
594.8606159312602
 10
298.76218354886583
 20
594.7900214038739
  0
LWPOLYLINE
  5
65
330
17
100
AcDbEntity
  8
line engraving
 62
1
420
16711680
100
AcDbPolyline
 90
50
 70
0
 10
304.61906451748797
 20
603.6562390027824
 10
292.73542067369533
 20
603.6562390027825
 10
292.73542067369533
 20
604.9829357967798
 10
293.85178748815645
 20
604.9829357967798
 10
293.5446349339059
 20
605.2251186337937
 10
293.2784360535555
 20
605.4824694981781
 10
293.0531908471051
 20
605.7549883899329
 10
292.8688993145548
 20
606.042675309058
 10
292.7255614559046
 20
606.3536198701512
 10
292.6231772711544
 20
606.6959116878097
 10
292.5617467603043
 20
607.0695507620338
 10
292.54126992335426
 20
607.4745370928234
 10
292.57666198721853
 20
608.0084516562613
 10
292.68283817881127
 20
608.5100077613091
 10
292.8597984981326
 20
608.9792054079667
 10
293.1075429451824
 20
609.4160445962341
 10
293.4197515085564
 20
609.8109189087767
 10
293.79010417685015
 20
610.15422192826
 10
294.21860095006383
 20
610.4459536546839
 10
294.70524182819736
 20
610.6861140880485
 10
295.2333419811433
 20
610.873692026529
 10
295.7862165787942
 20
611.0076762683009
 10
296.3638656211501
 20
611.088066813364
 10
296.966289108211
 20
611.1148636617183
 10
297.6091606682596
 20
611.0852860083461
 10
298.2191681690057
 20
610.9965530482293
 10
298.79631161044927
 20
610.8486647813679
 10
299.34059099259025
 20
610.641621207762
 10
299.59680425492184
 20
610.5166113821844
 10
299.8375966894269
 20
610.3782031324295
 10
300.06296829610534
 20
610.2263964584974
 10
300.27291907495726
 20
610.0611913603882
 10
300.46744902598255
 20
609.8825878381018
 10
300.6465581491813
 20
609.6905858916382
 10
300.8102464445535
 20
609.4851855209974
 10
300.95851391209914
 20
609.2663867261795
 10
301.2044887559557
 20
608.8095763018744
 10
301.38018507299614
 20
608.3411370565854
 10
301.4856028632204
 20
607.8610689903123
 10
301.5207421266285
 20
607.3693721030553
 10
301.5015292919593
 20
607.0146930630442
 10
301.4438907879518
 20
606.6787212567899
 10
301.34782661460594
 20
606.3614566842925
 10
301.2133367719218
 20
606.0628993455518
 10
301.0495220763215
 20
605.7865884469545
 10
300.8654833442274
 20
605.5360631948868
 10
300.6612205756394
 20
605.3113235893488
 10
300.4367337705575
 20
605.1123696303405
 10
304.61906451748797
 20
605.1123696303405
 10
304.61906451748797
 20
603.6562390027824
  0
LWPOLYLINE
  5
66
330
17
100
AcDbEntity
  8
line engraving
 62
1
420
16711680
100
AcDbPolyline
 90
65
 70
0
 10
297.07954371257665
 20
604.9748461821822
 10
297.4806116362955
 20
604.9853374011134
 10
297.85462991120386
 20
605.0168110579069
 10
298.20159853730166
 20
605.0692671525629
 10
298.52151751458894
 20
605.1427056850812
 10
298.8143868430656
 20
605.2371266554619
 10
299.0802065227318
 20
605.352530063705
 10
299.31897655358745
 20
605.4889159098105
 10
299.5306969356326
 20
605.6462841937783
 10
299.7165052709199
 20
605.8185677046604
 10
299.8775391615023
 20
605.9996992315085
 10
300.01379860737967
 20
606.1896787743228
 10
300.1252836085521
 20
606.3885063331031
 10
300.2119941650195
 20
606.5961819078494
 10
300.273930276782
 20
606.8127054985617
 10
300.3110919438394
 20
607.0380771052402
 10
300.32347916619193
 20
607.2722967278847
 10
300.3106495430411
 20
607.5106243579421
 10
300.27216067358876
 20
607.7402303722615
 10
300.20801255783476
 20
607.9611147708429
 10
300.11820519577924
 20
608.1732775536863
 10
300.0027385874221
 20
608.3767187207917
 10
299.8616127327634
 20
608.5714382721592
 10
299.69482763180304
 20
608.7574362077887
 10
299.50238328454117
 20
608.9347125276802
 10
299.2830156886968
 20
609.0968208202013
 10
299.03546084198916
 20
609.2373146737195
 10
298.75971874441814
 20
609.356194088235
 10
298.45578939598386
 20
609.4534590637477
 10
298.1236727966862
 20
609.5291096002576
 10
297.7633689465253
 20
609.5831456977646
 10
297.37487784550103
 20
609.6155673562688
 10
296.95819949361345
 20
609.6263745757702
 10
296.5605443760529
 20
609.615820156725
 10
296.1886749050221
 20
609.5841568995893
 10
295.8425910805209
 20
609.5313848043631
 10
295.52229290254934
 20
609.4575038710465
 10
295.2277803711075
 20
609.3625140996394
 10
294.95905348619533
 20
609.2464154901418
 10
294.7161122478128
 20
609.1092080425537
 10
294.49895665596
 20
608.9508917568752
 10
294.30746031040877
 20
608.7779130447386
 10
294.141496810931
 20
608.5967183177764
 10
294.00106615752674
 20
608.4073075759886
 10
293.88616835019604
 20
608.2096808193752
 10
293.79680338893877
 20
608.0038380479361
 10
293.732971273755
 20
607.7897792616715
 10
293.69467200464476
 20
607.5675044605811
 10
293.681905581608
 20
607.3370136446651
 10
293.69549360612734
 20
607.10778683103
 10
293.73625767968525
 20
606.8852592294835
 10
293.8041978022818
 20
606.6694308400256
 10
293.899313973917
 20
606.4603016626563
 10
294.02160619459085
 20
606.2578716973755
 10
294.1710744643033
 20
606.0621409441834
 10
294.34771878305435
 20
605.8731094030799
 10
294.551539150844
 20
605.6907770740648
 10
294.7812715653915
 20
605.5229807712799
 10
295.0356520244158
 20
605.3775573088662
 10
295.31468052791706
 20
605.2545066868239
 10
295.6183570758952
 20
605.1538289051529
 10
295.9466816683502
 20
605.0755239638532
 10
296.29965430528216
 20
605.0195918629249
 10
296.677274986691
 20
604.9860326023679
 10
297.07954371257665
 20
604.9748461821822
  0
LWPOLYLINE
  5
67
330
17
100
AcDbEntity
  8
line engraving
 62
1
420
16711680
100
AcDbPolyline
 90
128
 70
0
 10
300.2668518640091
 20
618.4764129454837
 10
300.5853804387874
 20
618.075724222449
 10
300.85334892233107
 20
617.6826195130997
 10
301.07075731464005
 20
617.2970988174354
 10
301.2376056157144
 20
616.9191621354564
 10
301.36147783923934
 20
616.5381918480033
 10
301.44995799889995
 20
616.1435703359168
 10
301.50304609469634
 20
615.735297599197
 10
301.5207421266285
 20
615.3133736378438
 10
301.50993490712705
 20
614.9696914176762
 10
301.47751324862287
 20
614.6464860344588
 10
301.42347715111583
 20
614.3437574881913
 10
301.347826614606
 20
614.0615057788739
 10
301.2505616390933
 20
613.7997309065064
 10
301.13168222457784
 20
613.558432871089
 10
300.99118837105954
 20
613.3376116726217
 10
300.8290800785384
 20
613.1372673111044
 10
300.6501605556818
 20
612.9590429895023
 10
300.4592330111569
 20
612.8045819107805
 10
300.2562974449639
 20
612.6738840749389
 10
300.04135385710254
 20
612.5669494819776
 10
299.814402247573
 20
612.4837781318965
 10
299.5754426163752
 20
612.4243700246959
 10
299.3244749635092
 20
612.3887251603754
 10
299.06149928897497
 20
612.3768435389353
 10
298.75282993198743
 20
612.3947923713235
 10
298.45781179963325
 20
612.4486388684885
 10
298.1764448919124
 20
612.5383830304299
 10
297.9087292088249
 20
612.6640248571481
 10
297.66073196131896
 20
612.8187387363262
 10
297.43852036034264
 20
612.9956990556474
 10
297.242094405896
 20
613.194905815112
 10
297.0714540979791
 20
613.4163590147197
 10
296.9233130306616
 20
613.6562666476281
 10
296.7943847980132
 20
613.9108367069946
 10
296.684669400034
 20
614.1800691928191
 10
296.59416683672396
 20
614.4639641051017
 10
296.5380451354535
 20
614.7056413412033
 10
296.4829346360077
 20
615.0019234758383
 10
296.42883533838665
 20
615.3528105090069
 10
296.37574724259025
 20
615.7583024407088
 10
296.32190074542535
 20
616.184650410045
 10
296.26552624369873
 20
616.5819263269212
 10
296.2066237374103
 20
616.9501301913376
 10
296.14519322656025
 20
617.2892620032941
 10
296.0812347111484
 20
617.5993217627905
 10
296.0147481911749
 20
617.8803094698271
 10
295.94573366663957
 20
618.1322251244037
 10
295.87419113754254
 20
618.3550687265205
 10
295.7381844921213
 20
618.3586079329069
 10
295.6294802959668
 20
618.3611359374686
 10
295.54807854907904
 20
618.3626527402057
 10
295.4939792514579
 20
618.363158341118
 10
295.2797308648511
 20
618.3567119294856
 10
295.08191450789553
 20
618.3373726945883
 10
294.9005301805912
 20
618.3051406364262
 10
294.7355778829382
 20
618.2600157549994
 10
294.5870576149364
 20
618.2019980503076
 10
294.45496937658584
 20
618.131087522351
 10
294.3393131678866
 20
618.0472841711296
 10
294.2400889888386
 20
617.9505879966433
 10
294.12443278013933
 20
617.8025733295539
 10
294.0241973992666
 20
617.6376210319008
 10
293.9393828462205
 20
617.4557311036841
 10
293.8699891210009
 20
617.2569035449039
 10
293.81601622360796
 20
617.04113835556
 10
293.7774641540415
 20
616.8084355356525
 10
293.75433291230166
 20
616.5587950851814
 10
293.7466224983884
 20
616.2922170041467
 10
293.75224730853824
 20
616.0437773558424
 10
293.7691217389878
 20
615.8121489378736
 10
293.7972457897371
 20
615.5973317502404
 10
293.83661946078604
 20
615.3993257929427
 10
293.88724275213474
 20
615.2181310659805
 10
293.9491156637832
 20
615.053747569354
 10
294.0222381957313
 20
614.9061753030628
 10
294.1066103479791
 20
614.7754142671072
 10
294.3212379352702
 20
614.5466298542703
 10
294.60513284755274
 20
614.3496982989113
 10
294.95829508482683
 20
614.1846196010302
 10
295.38072464709234
 20
614.051393760627
 10
295.18657389675127
 20
612.6276215914592
 10
294.7515043116771
 20
612.7403705949124
 10
294.36042200597706
 20
612.8844668549311
 10
294.01332697965114
 20
613.0599103715155
 10
293.71021923269944
 20
613.2667011446651
 10
293.44528435462985
 20
613.5139399908026
 10
293.21270793495046
 20
613.81072772635
 10
293.0124899736612
 20
614.1570643513073
 10
292.8446304707622
 20
614.5529498656747
 10
292.7119102312712
 20
614.9902946548544
 10
292.61711006020624
 20
615.461009104249
 10
292.56022995756723
 20
615.9650932138585
 10
292.54126992335426
 20
616.5025469836828
 10
292.55744915254934
 20
617.0268551297862
 10
292.6059868401346
 20
617.4995919828302
 10
292.68688298611005
 20
617.9207575428148
 10
292.8001375904757
 20
618.2903518097402
 10
292.93791383909013
 20
618.6114083890802
 10
293.092374917812
 20
618.886960886309
 10
293.2635208266413
 20
619.1170093014267
 10
293.451351565578
 20
619.3015536344332
 10
293.6604175428333
 20
619.4512115044878
 10
293.8952691666182
 20
619.5766005307497
 10
294.15590643693287
 20
619.6777207132191
 10
294.44232935377715
 20
619.7545720518957
 10
294.6658049570343
 20
619.7864249093735
 10
294.9641094953188
 20
619.8091769504291
 10
295.3372429686305
 20
619.8228281750625
 10
295.78520537696954
 20
619.8273785832736
 10
297.7267128803802
 20
619.8273785832736
 10
298.21101535429415
 20
619.8288321858965
 10
298.6486761440441
 20
619.8331929937656
 10
299.0396952496301
 20
619.8404610068806
 10
299.3840726710521
 20
619.8506362252415
 10
299.68180840831013
 20
619.8637186488485
 10
299.93290246140424
 20
619.8797082777014
 10
300.13735483033435
 20
619.8986051118004
 10
300.2951655151005
 20
619.9204091511453
 10
300.56136439545094
 20
619.9783004556091
 10
300.8220016657656
 20
620.0589438011283
 10
301.0770773260444
 20
620.1623391877031
 10
301.3265913762874
 20
620.2884866153336
 10
301.3265913762874
 20
618.7676390709953
 10
301.0904757502216
 20
618.6644964848766
 10
300.8351472894866
 20
618.5815779352517
 10
300.56060599408244
 20
618.5188834221208
 10
300.2668518640091
 20
618.4764129454837
  0
LWPOLYLINE
  5
68
330
17
100
AcDbEntity
  8
line engraving
 62
1
420
16711680
100
AcDbPolyline
 90
42
 70
0
 10
297.0148267957963
 20
618.3550687265205
 10
297.0942061390347
 20
618.1444859465281
 10
297.17055187679904
 20
617.9091287218308
 10
297.2438640090893
 20
617.6489970524286
 10
297.31414253590543
 20
617.3640909383214
 10
297.3813874572475
 20
617.0544103795091
 10
297.44559877311553
 20
616.7199553759918
 10
297.50677648350944
 20
616.3607259277696
 10
297.5649205884293
 20
615.9767220348425
 10
297.63165990885904
 20
615.5606124839813
 10
297.70244403658756
 20
615.2102310517251
 10
297.7772729716148
 20
614.925577738074
 10
297.8561467139409
 20
614.706652543028
 10
297.94639647679475
 20
614.5312090264438
 10
298.05535347340543
 20
614.377000748178
 10
298.1830177037729
 20
614.244027708231
 10
298.32938916789726
 20
614.1322899066024
 10
298.4894118566549
 20
614.0438097469417
 10
298.6580297609225
 20
613.9806096328984
 10
298.8352428806999
 20
613.9426895644724
 10
299.02105121598726
 20
613.9300495416637
 10
299.30014291960254
 20
613.9576047913866
 10
299.5549657794252
 20
614.0402705405553
 10
299.78551979545523
 20
614.1780467891697
 10
299.9918049676926
 20
614.3709335372299
 10
300.161686874241
 20
614.6169083810865
 10
300.28303109320416
 20
614.9139489170901
 10
300.3558376245821
 20
615.2620551452407
 10
300.3801064683747
 20
615.6612270655382
 10
300.35710162686297
 20
616.0702582036265
 10
300.28808710232767
 20
616.456031699747
 10
300.1730628947688
 20
616.8185475538994
 10
300.01202900418645
 20
617.1578057660839
 10
299.8110526415287
 20
617.4636943180536
 10
299.57620101774376
 20
617.7261011915614
 10
299.30747413283154
 20
617.9450263866075
 10
299.0048719867922
 20
618.1204699031917
 10
298.72881388865096
 20
618.2231068883981
 10
298.39410608467756
 20
618.2964190206883
 10
298.000748574872
 20
618.3404063000625
 10
297.5487413592342
 20
618.3550687265205
 10
297.0148267957963
 20
618.3550687265205
  0
LWPOLYLINE
  5
69
330
17
100
AcDbEntity
  8
line engraving
 62
1
420
16711680
100
AcDbPolyline
 90
119
 70
0
 10
298.17973129784264
 20
627.6904839720867
 10
298.3657924335862
 20
629.122345755852
 10
298.725843483291
 20
629.052256829378
 10
299.0657968967299
 20
628.9592894616203
 10
299.38565267390317
 20
628.8434436525789
 10
299.6854108148106
 20
628.7047194022538
 10
299.96507131945225
 20
628.543116710645
 10
300.2246341878282
 20
628.3586355777526
 10
300.4640994199383
 20
628.1512760035765
 10
300.68346701578264
 20
627.9210379881167
 10
300.8797033698871
 20
627.6724719395844
 10
301.0497748767777
 20
627.4101282661906
 10
301.19368153645433
 20
627.1340069679353
 10
301.311423348917
 20
626.8441080448185
 10
301.4030003141658
 20
626.5404314968405
 10
301.46841243220064
 20
626.2229773240009
 10
301.5076597030215
 20
625.8917455262999
 10
301.5207421266285
 20
625.5467361037374
 10
301.50273009412615
 20
625.1166593276727
 10
301.4486939966191
 20
624.7081969906108
 10
301.35863383410737
 20
624.3213490925516
 10
301.23254960659096
 20
623.9561156334953
 10
301.07044131406985
 20
623.6124966134417
 10
300.8723089565441
 20
623.2904920323911
 10
300.6381525340136
 20
622.9901018903432
 10
300.3679720464784
 20
622.7113261872981
 10
300.0641690982722
 20
622.460105733976
 10
299.7291452937286
 20
622.2423813410967
 10
299.3629006328476
 20
622.0581530086605
 10
298.96543511562913
 20
621.9074207366672
 10
298.5367487420733
 20
621.7901845251168
 10
298.0768415121801
 20
621.7064443740094
 10
297.5857134259495
 20
621.656200283345
 10
297.0633644833815
 20
621.6394522531235
 10
296.3893984672236
 20
621.6682715051272
 10
295.7589141295275
 20
621.7547292611386
 10
295.1719114702932
 20
621.8988255211573
 10
294.6283904895207
 20
622.1005602851835
 10
294.3756532334615
 20
622.2233581067696
 10
294.13922160682546
 20
622.3611975554982
 10
293.91909560961255
 20
622.5140786313689
 10
293.7152752418229
 20
622.682001334382
 10
293.52776050345636
 20
622.8649656645374
 10
293.356551394513
 20
623.0629716218351
 10
293.20164791499286
 20
623.2760192062751
 10
293.0630500648959
 20
623.5041084178574
 10
292.83477125297145
 20
623.9856932868676
 10
292.6717149587397
 20
624.4880077932838
 10
292.57388118220064
 20
625.0110519371063
 10
292.54126992335426
 20
625.554825718335
 10
292.55232994331186
 20
625.8967383353094
 10
292.5855100031846
 20
626.2227245235447
 10
292.64081010297247
 20
626.5327842830412
 10
292.71823024267553
 20
626.8269176137987
 10
292.8177704222938
 20
627.1051245158175
 10
292.93943064182713
 20
627.3674049890972
 10
293.08321090127566
 20
627.6137590336381
 10
293.2491112006394
 20
627.84418664944
 10
293.43536193672503
 20
628.0566654328536
 10
293.6401935063394
 20
628.2491729802296
 10
293.86360590948254
 20
628.4217092915678
 10
294.1055991461544
 20
628.5742743668684
 10
294.366173216355
 20
628.7068682061313
 10
294.6453281200843
 20
628.8194908093565
 10
294.94306385734234
 20
628.912142176544
 10
295.25938042812913
 20
628.9848223076938
 10
295.47780002226284
 20
627.5691397531235
 10
295.0718024896486
 20
627.4485539355289
 10
294.7193986537431
 20
627.2890368476835
 10
294.4205885145463
 20
627.0905884895876
 10
294.1753720720582
 20
626.8532088612409
 10
293.9842549271912
 20
626.5829651735917
 10
293.84774268085766
 20
626.285924637588
 10
293.7658353330575
 20
625.96208725323
 10
293.7385328837908
 20
625.6114530205177
 10
293.75085690602924
 20
625.3428525358337
 10
293.7878289727446
 20
625.0871448744144
 10
293.8494490839368
 20
624.84433003626
 10
293.93571723960594
 20
624.6144080213704
 10
294.046633439752
 20
624.3973788297457
 10
294.1821976843749
 20
624.1932424613858
 10
294.3424099734747
 20
624.0019989162907
 10
294.52727030705137
 20
623.8236481944605
 10
294.73880108875437
 20
623.66248790365
 10
294.979024722233
 20
623.5228156516143
 10
295.2479412074873
 20
623.4046314383532
 10
295.54555054451725
 20
623.307935263867
 10
295.8718527333229
 20
623.2327271281555
 10
296.22684777390424
 20
623.1790070312187
 10
296.61053566626117
 20
623.1467749730566
 10
297.0229164103938
 20
623.1360309536692
 10
297.4409219646763
 20
623.1463957723723
 10
297.8293498655865
 20
623.1774902284816
 10
298.1882001131245
 20
623.2293143219971
 10
298.51747270729015
 20
623.3018680529188
 10
298.8171676480835
 20
623.3951514212469
 10
299.08728493550467
 20
623.509164426981
 10
299.3278245695535
 20
623.6439070701214
 10
299.5387865502301
 20
623.7993793506679
 10
299.72269888209615
 20
623.9715364613219
 10
299.8820895697134
 20
624.1563335947845
 10
300.01695861308184
 20
624.3537707510558
 10
300.1273060122015
 20
624.5638479301358
 10
300.2131317670723
 20
624.7865651320244
 10
300.2744358776943
 20
625.0219223567217
 10
300.3112183440675
 20
625.2699196042277
 10
300.32347916619193
 20
625.5305568745423
 10
300.2906151068894
 20
625.94161041628
 10
300.1920229289818
 20
626.3172718941535
 10
300.0277026324692
 20
626.6575413081628
 10
299.7976542173515
 20
626.9624186583077
 10
299.65734996417535
 20
627.0994365055536
 10
299.4993496790671
 20
627.2233087290786
 10
299.3236533620267
 20
627.3340353288824
 10
299.1302610130541
 20
627.4316163049652
 10
298.91917263214947
 20
627.5160516573271
 10
298.69038821931264
 20
627.587341385968
 10
298.44390777454373
 20
627.6454854908878
 10
298.17973129784264
 20
627.6904839720867
  0
LWPOLYLINE
  5
6A
330
17
100
AcDbEntity
  8
line engraving
 62
1
420
16711680
100
AcDbPolyline
 90
95
 70
0
 10
298.55994318392726
 20
636.2492962162886
 10
298.74600431967076
 20
637.7539645314318
 10
299.06642889787037
 20
637.6554987537523
 10
299.36839904276934
 20
637.5380729418599
 10
299.6519147543676
 20
637.4016870957544
 10
299.91697603266533
 20
637.2463412154359
 10
300.16358287766235
 20
637.0720353009045
 10
300.3917352893587
 20
636.87876935216
 10
300.60143326775443
 20
636.6665433692026
 10
300.7926768128495
 20
636.4353573520322
 10
300.9633171207664
 20
636.1863489027015
 10
301.1112053876278
 20
635.9206556232634
 10
301.2363416134336
 20
635.6382775137179
 10
301.33872579818376
 20
635.3392145740648
 10
301.4183579418783
 20
635.0234668043045
 10
301.4752380445173
 20
634.6910342044366
 10
301.5093661061007
 20
634.3419167744613
 10
301.5207421266285
 20
633.9761145143787
 10
301.50260369389804
 20
633.517092086082
 10
301.4481883957068
 20
633.0824649018061
 10
301.3574962320546
 20
632.672232961551
 10
301.2305272029416
 20
632.2863962653166
 10
301.0672813083677
 20
631.9249548131029
 10
300.867758548333
 20
631.5879086049098
 10
300.6319589228373
 20
631.2752576407375
 10
300.35988243188086
 20
630.987001920586
 10
300.05506828184997
 20
630.7281974535786
 10
299.72105567913104
 20
630.5039002488388
 10
299.3578446237241
 20
630.3141103063668
 10
298.96543511562913
 20
630.1588276261624
 10
298.5438271548462
 20
630.0380522082256
 10
298.09302074137526
 20
629.9517840525565
 10
297.61301587521626
 20
629.900023159155
 10
297.1038125563693
 20
629.8827695280212
 10
296.5769764057042
 20
629.9002127594971
 10
296.0804763097799
 20
629.952542453925
 10
295.6143122685964
 20
630.0397586113048
 10
295.1784842821537
 20
630.1618612316365
 10
294.7729923504518
 20
630.31885031492
 10
294.39783647349066
 20
630.5107258611556
 10
294.05301665127035
 20
630.737487870343
 10
293.7385328837908
 20
630.9991363424823
 10
293.4579243774385
 20
631.2885928648006
 10
293.2147303385998
 20
631.5987790245252
 10
293.00895076727477
 20
631.9296948216561
 10
292.8405856634634
 20
632.2813402561931
 10
292.70963502716563
 20
632.6537153281363
 10
292.6160988583815
 20
633.0468200374858
 10
292.55997715711106
 20
633.4606543842414
 10
292.54126992335426
 20
633.8952183684032
 10
292.55959795642684
 20
634.3161311279317
 10
292.6145820556445
 20
634.7173254518787
 10
292.7062222210073
 20
635.0988013402441
 10
292.8345184525152
 20
635.460558793028
 10
292.9994707501683
 20
635.8025978102305
 10
293.20107911396644
 20
636.1249183918513
 10
293.43934354390973
 20
636.4275205378907
 10
293.71426403999817
 20
636.7104042483486
 10
294.0224277960734
 20
636.9663647102241
 10
294.36042200597706
 20
637.1881971105161
 10
294.72824666970916
 20
637.3759014492248
 10
295.1259017872697
 20
637.52947772635
 10
295.55338735865865
 20
637.6489259418919
 10
296.0107033838761
 20
637.7342460958504
 10
296.49784986292195
 20
637.7854381882254
 10
297.0148267957963
 20
637.8025022190171
 10
297.0876333271742
 20
637.8019966181048
 10
297.1766190877472
 20
637.8004798153677
 10
297.2817840775153
 20
637.797951810806
 10
297.4031282964784
 20
637.7944126044196
 10
297.4031282964784
 20
631.3874378431644
 10
297.7466841164179
 20
631.4176474976771
 10
298.0695102989511
 20
631.4678283882275
 10
298.3716068440782
 20
631.5379805148156
 10
298.65297375179904
 20
631.6281038774414
 10
298.9136110221136
 20
631.7381984761048
 10
299.1535186550221
 20
631.8682643108059
 10
299.3726966505243
 20
632.0183013815448
 10
299.5711450086203
 20
632.1883096883213
 10
299.7474733268011
 20
632.3738652231525
 10
299.90029120255787
 20
632.5705439780553
 10
300.0295986358905
 20
632.7783459530298
 10
300.13539562679904
 20
632.9972711480758
 10
300.2176821752834
 20
633.2273195631934
 10
300.2764582813437
 20
633.4684911983827
 10
300.31172394497986
 20
633.7207860536437
 10
300.32347916619193
 20
633.9842041289762
 10
300.2971879187499
 20
634.3699776250966
 10
300.21831417642386
 20
634.7264262683009
 10
300.08685793921376
 20
635.053550058589
 10
299.9028192071196
 20
635.3513489959612
 10
299.66114197101797
 20
635.6198230804172
 10
299.3567702217854
 20
635.8589723119571
 10
298.9897039594218
 20
636.0687966905809
 10
298.55994318392726
 20
636.2492962162886
  0
LWPOLYLINE
  5
6B
330
17
100
AcDbEntity
  8
line engraving
 62
1
420
16711680
100
AcDbPolyline
 90
34
 70
0
 10
296.2058653360418
 20
631.4683339891399
 10
296.2058653360418
 20
636.2654754454837
 10
295.9433320623059
 20
636.2356449916552
 10
295.6977364191336
 20
636.1946913177552
 10
295.4690784065249
 20
636.1426144237835
 10
295.2573580244798
 20
636.0794143097402
 10
295.0625752729983
 20
636.0050909756252
 10
294.8847301520804
 20
635.9196444214386
 10
294.7238226617261
 20
635.8230746471804
 10
294.57985280193543
 20
635.7153816528506
 10
294.3826684461203
 20
635.535008527371
 10
294.21177533774716
 20
635.3417425786266
 10
294.06717347681604
 20
635.1355838066173
 10
293.94886286332695
 20
634.9165322113431
 10
293.8568434972799
 20
634.6845877928042
 10
293.7911153786749
 20
634.4397505510004
 10
293.7516785075118
 20
634.1820204859317
 10
293.7385328837908
 20
633.9113975975982
 10
293.749024102722
 20
633.6656123540838
 10
293.7804977595156
 20
633.4298127285882
 10
293.83295385417154
 20
633.2039987211115
 10
293.90639238668984
 20
632.9881703316536
 10
294.00081335707057
 20
632.7823275602145
 10
294.11621676531365
 20
632.5864704067942
 10
294.25260261141915
 20
632.4005988713928
 10
294.409970895387
 20
632.2247129540103
 10
294.5849088110589
 20
632.0633630628578
 10
294.7740035522765
 20
631.9210996061462
 10
294.9772551190398
 20
631.7979225838758
 10
295.19466351134884
 20
631.6938319960464
 10
295.4262287292035
 20
631.6088278426581
 10
295.6719507726039
 20
631.542910123711
 10
295.93182964155
 20
631.4960788392049
 10
296.2058653360418
 20
631.4683339891399
  0
LWPOLYLINE
  5
6C
330
17
100
AcDbEntity
  8
line engraving
 62
1
420
16711680
100
AcDbPolyline
 90
35
 70
0
 10
301.3265913762874
 20
639.5660382012818
 10
292.73542067369533
 20
639.5660382012818
 10
292.73542067369533
 20
640.8765557660839
 10
294.03784862389995
 20
640.8765557660839
 10
293.6197166693894
 20
641.1225306099404
 10
293.2794472553802
 20
641.3588990364625
 10
293.01704038187233
 20
641.5856610456499
 10
292.83249604886583
 20
641.8028166375028
 10
292.7050846189545
 20
642.020477830268
 10
292.6140764547322
 20
642.2487566421925
 10
292.55947155619873
 20
642.4876530732762
 10
292.54126992335426
 20
642.7371671235192
 10
292.57059477627035
 20
643.1067613904445
 10
292.6585693350187
 20
643.4793892628438
 10
292.80519359959914
 20
643.8550507407173
 10
293.0104675700118
 20
644.2337458240648
 10
294.3614332078017
 20
643.7321897190171
 10
294.2234041587311
 20
643.4652324372981
 10
294.12481198082355
 20
643.1982751555792
 10
294.06565667407904
 20
642.9313178738603
 10
294.0459382384975
 20
642.6643605921413
 10
294.0638870708858
 20
642.4317841724619
 10
294.1177335680507
 20
642.2113421746787
 10
294.20747772999226
 20
642.0030345987919
 10
294.33311955671036
 20
641.8068614448015
 10
294.49061424090627
 20
641.6304067263926
 10
294.67591697528127
 20
641.4812544572503
 10
294.8890277598353
 20
641.3594046373748
 10
295.1299465945684
 20
641.2648572667661
 10
295.5273489116728
 20
641.1586810751733
 10
295.9429528616216
 20
641.0828409383214
 10
296.376758444415
 20
641.0373368562101
 10
296.82876566005274
 20
641.0221688288398
 10
301.3265913762874
 20
641.0221688288398
 10
301.3265913762874
 20
639.5660382012818
  0
CIRCLE
  5
6D
330
17
100
AcDbEntity
  8
cut
 62
5
420
255
100
AcDbCircle
 10
44.832816129837596
 20
883.5251862572862
 30
0.0
 40
3.9
  0
CIRCLE
  5
6E
330
17
100
AcDbEntity
  8
cut
 62
5
420
255
100
AcDbCircle
 10
500.8328161298376
 20
883.5251862572862
 30
0.0
 40
3.9
  0
LWPOLYLINE
  5
6F
330
17
100
AcDbEntity
  8
cut
 62
5
420
255
100
AcDbPolyline
 90
10
 70
1
 10
296.8328197061163
 20
949.5251864361002
 10
296.8328197061163
 20
1133.1251818194496
 42
1.6953422501885593
 10
248.88860478529492
 20
1133.0242452413968
 10
248.88860478529497
 20
961.5251864361002
 42
-0.4142135623730962
 10
194.88860478529503
 20
907.5251864361002
 10
56.832816666279456
 20
907.5251864361002
 42
1.618034015706349
 10
56.83281666627935
 20
859.5251860784723
 10
488.8328093349081
 20
859.5251860784723
 42
1.6180343930967274
 10
488.83280933490823
 20
907.5251864361002
 10
338.8328197061164
 20
907.5251864361002
 42
-0.4142135623730954
  0
CIRCLE
  5
70
330
17
100
AcDbEntity
  8
cut
 62
5
420
255
100
AcDbCircle
 10
272.8328161298376
 20
1146.325186257286
 30
0.0
 40
10.9
  0
LWPOLYLINE
  5
71
330
17
100
AcDbEntity
  8
line engraving
 62
1
420
16711680
100
AcDbPolyline
 90
41
 70
0
 10
225.7431709569728
 20
890.3891096852119
 10
225.7431709569728
 20
897.8477343441477
 10
224.45692223596325
 20
897.8477343441477
 10
224.45692223596325
 20
898.980280387804
 10
225.7431709569728
 20
898.980280387804
 10
225.7431709569728
 20
899.8944068373265
 10
225.75277737430739
 20
900.2993931681161
 10
225.7815966263111
 20
900.6487633985475
 10
225.82962871298406
 20
900.9425175286209
 10
225.89687363432614
 20
901.1806555583361
 10
226.0220098601319
 20
901.450393645073
 10
226.18708855801304
 20
901.6933348834555
 10
226.39210972796954
 20
901.9094792734835
 10
226.63707337000142
 20
902.0988268151573
 10
226.92855229596918
 20
902.2527822929668
 10
227.27311931773335
 20
902.3627504914022
 10
227.67077443529388
 20
902.4287314104635
 10
228.1215176486508
 20
902.4507250501505
 10
228.43701261795505
 20
902.4416242337282
 10
228.76868681645436
 20
902.4143217844615
 10
229.11654024414878
 20
902.3688177023504
 10
229.48057290103827
 20
902.3051119873948
 10
229.26215330690457
 20
901.0350424955802
 10
229.0386777036474
 20
901.0704345594445
 10
228.8212693113384
 20
901.0957146050619
 10
228.60992812997756
 20
901.1108826324322
 10
228.40465415956487
 20
901.1159386415557
 10
228.0972488048582
 20
901.0982426096235
 10
227.83838113773677
 20
901.0451545138271
 10
227.6280511582006
 20
900.9566743541666
 10
227.46625886624972
 20
900.8328021306417
 10
227.34592584911124
 20
900.6603922195316
 10
227.25997369401233
 20
900.426298997115
 10
227.208402400953
 20
900.1305224633924
 10
227.19121196993322
 20
899.7730626183634
 10
227.19121196993322
 20
898.980280387804
 10
228.8657621916249
 20
898.980280387804
 10
228.8657621916249
 20
897.8477343441477
 10
227.19121196993322
 20
897.8477343441477
 10
227.19121196993322
 20
890.3891096852119
 10
225.7431709569728
 20
890.3891096852119
  0
LWPOLYLINE
  5
72
330
17
100
AcDbEntity
  8
line engraving
 62
1
420
16711680
100
AcDbPolyline
 90
35
 70
0
 10
229.982129006086
 20
890.3891096852119
 10
229.982129006086
 20
898.980280387804
 10
231.2926465708882
 20
898.980280387804
 10
231.2926465708882
 20
897.6778524375993
 10
231.53862141474477
 20
898.0959843921099
 10
231.77498984126677
 20
898.4362538061191
 10
232.00175185045418
 20
898.698660679627
 10
232.21890744230703
 20
898.8832050126334
 10
232.4365686350722
 20
899.0106164425448
 10
232.66484744699667
 20
899.1016246067672
 10
232.9037438780804
 20
899.1562295053006
 10
233.1532579283234
 20
899.1744311381451
 10
233.5228521952487
 20
899.145106285229
 10
233.8954800676481
 20
899.0571317264807
 10
234.27114154552154
 20
898.9105074619001
 10
234.64983662886908
 20
898.7052334914874
 10
234.14828052382134
 20
897.3542678536976
 10
233.88132324210238
 20
897.4922969027682
 10
233.61436596038342
 20
897.5908890806758
 10
233.34740867866446
 20
897.6500443874204
 10
233.0804513969455
 20
897.6697628230019
 10
232.8478749772661
 20
897.6518139906135
 10
232.62743297948302
 20
897.5979674934487
 10
232.41912540359624
 20
897.5082233315071
 10
232.22295224960578
 20
897.382581504789
 10
232.04649753119685
 20
897.225086820593
 10
231.89734526205464
 20
897.0397840862181
 10
231.77549544217914
 20
896.826673301664
 10
231.68094807157033
 20
896.5857544669309
 10
231.57477187997756
 20
896.1883521498265
 10
231.49893174312558
 20
895.7727481998777
 10
231.45342766101442
 20
895.3389426170843
 10
231.438259633644
 20
894.8869354014465
 10
231.438259633644
 20
890.3891096852119
 10
229.982129006086
 20
890.3891096852119
  0
LWPOLYLINE
  5
73
330
17
100
AcDbEntity
  8
line engraving
 62
1
420
16711680
100
AcDbPolyline
 90
128
 70
0
 10
241.12152830690457
 20
891.4488491974902
 10
240.72083958386995
 20
891.1303206227119
 10
240.32773487452053
 20
890.8623521391683
 10
239.94221417885632
 20
890.6449437468592
 10
239.56427749687728
 20
890.4780954457849
 10
239.18330720942419
 20
890.35422322226
 10
238.7886856973377
 20
890.2657430625994
 10
238.3804129606179
 20
890.212654966803
 10
237.95848899926472
 20
890.1949589348709
 10
237.61480677909717
 20
890.2057661543723
 10
237.29160139587967
 20
890.2381878128765
 10
236.9888728496122
 20
890.2922239103835
 10
236.70662114029474
 20
890.3678744468934
 10
236.44484626792732
 20
890.4651394224061
 10
236.20354823250995
 20
890.5840188369215
 10
235.9827270340426
 20
890.7245126904397
 10
235.7823826725253
 20
890.8866209829608
 10
235.60415835092314
 20
891.0655405058175
 10
235.4496972722013
 20
891.2564680503423
 10
235.31899943635972
 20
891.4594036165354
 10
235.21206484339842
 20
891.6743472043968
 10
235.12889349331743
 20
891.9012988139262
 10
235.06948538611672
 20
892.140258445124
 10
235.0338405217963
 20
892.39122609799
 10
235.02195890035614
 20
892.6542017725243
 10
235.03990773274444
 20
892.9628711295119
 10
235.09375422990934
 20
893.257889261866
 10
235.18349839185086
 20
893.5392561695869
 10
235.30914021856896
 20
893.8069718526743
 10
235.463854097747
 20
894.0549691001803
 10
235.64081441706827
 20
894.2771807011566
 10
235.8400211765328
 20
894.4736066556032
 10
236.06147437614058
 20
894.6442469635202
 10
236.301382009049
 20
894.7923880308377
 10
236.55595206841548
 20
894.9213162634861
 10
236.82518455424002
 20
895.0310316614654
 10
237.1090794665226
 20
895.1215342247754
 10
237.3507567026242
 20
895.1776559260458
 10
237.6470388372593
 20
895.2327664254916
 10
237.99792587042776
 20
895.2868657231127
 10
238.40341780212967
 20
895.3399538189091
 10
238.82976577146587
 20
895.393800316074
 10
239.22704168834215
 20
895.4501748178006
 10
239.5952455527585
 20
895.5090773240889
 10
239.93437736471492
 20
895.570507834939
 10
240.24443712421143
 20
895.6344663503509
 10
240.52542483124802
 20
895.7009528703245
 10
240.77734048582465
 20
895.7699673948598
 10
241.0001840879414
 20
895.8415099239568
 10
241.0037232943278
 20
895.9775165693779
 10
241.00625129888957
 20
896.0862207655325
 10
241.0077681016266
 20
896.1676225124203
 10
241.00827370253896
 20
896.2217218100413
 10
241.00182729090653
 20
896.4359701966482
 10
240.9824880560093
 20
896.6337865536038
 10
240.9502559978472
 20
896.8151708809081
 10
240.90513111642025
 20
896.9801231785611
 10
240.8471134117285
 20
897.1286434465629
 10
240.7762028837719
 20
897.2607316849135
 10
240.69239953255047
 20
897.3763878936128
 10
240.59570335806418
 20
897.4756120726607
 10
240.44768869097473
 20
897.59126828136
 10
240.2827363933217
 20
897.6915036622328
 10
240.10084646510504
 20
897.7763182152788
 10
239.90201890632477
 20
897.8457119404984
 10
239.6862537169809
 20
897.8996848378914
 10
239.4535508970734
 20
897.9382369074578
 10
239.20391044660232
 20
897.9613681491977
 10
238.9373323655676
 20
897.969078563111
 10
238.68889271726334
 20
897.9634537529612
 10
238.4572642992946
 20
897.9465793225115
 10
238.24244711166136
 20
897.9184552717622
 10
238.04444115436365
 20
897.8790816007133
 10
237.86324642740146
 20
897.8284583093646
 10
237.6988629307748
 20
897.7665853977162
 10
237.55129066448364
 20
897.6934628657681
 10
237.42052962852802
 20
897.6090907135202
 10
237.1917452156912
 20
897.3944631262291
 10
236.99481366033226
 20
897.1105682139465
 10
236.8297349624511
 20
896.7574059766725
 10
236.69650912204781
 20
896.334976414407
 10
235.27273695288
 20
896.529127164748
 10
235.38548595633327
 20
896.9641967498222
 10
235.52958221635203
 20
897.3552790555223
 10
235.7050257329363
 20
897.7023740818482
 10
235.911816506086
 20
898.0054818287999
 10
236.15905535222348
 20
898.2704167068695
 10
236.45584308777086
 20
898.502993126549
 10
236.80217971272825
 20
898.7032110878381
 10
237.19806522709555
 20
898.8710705907372
 10
237.6354100162753
 20
899.0037908302281
 10
238.10612446566992
 20
899.0985910012931
 10
238.6102085752794
 20
899.1554711039321
 10
239.14766234510375
 20
899.1744311381451
 10
239.6719704912071
 20
899.15825190895
 10
240.1447073442511
 20
899.1097142213648
 10
240.56587290423573
 20
899.0288180753893
 10
240.93546717116104
 20
898.9155634710237
 10
241.2565237505011
 20
898.7777872224093
 10
241.53207624772995
 20
898.6233261436873
 10
241.7621246628476
 20
898.4521802348581
 10
241.94666899585408
 20
898.2643494959214
 10
242.09632686590865
 20
898.0552835186661
 10
242.2217158921706
 20
897.820431894881
 10
242.3228360746399
 20
897.5597946245665
 10
242.39968741331657
 20
897.2733717077222
 10
242.4315402707944
 20
897.049896104465
 10
242.45429231185
 20
896.7515915661805
 10
242.46794353648335
 20
896.3784580928688
 10
242.47249394469446
 20
895.9304956845298
 10
242.47249394469446
 20
893.9889881811191
 10
242.47394754731747
 20
893.5046857072052
 10
242.47830835518644
 20
893.0670249174552
 10
242.48557636830142
 20
892.6760058118692
 10
242.4957515866624
 20
892.3316283904472
 10
242.50883401026937
 20
892.0338926531891
 10
242.52482363912233
 20
891.782798600095
 10
242.5437204732213
 20
891.5783462311649
 10
242.56552451256624
 20
891.4205355463988
 10
242.62341581702992
 20
891.1543366660484
 10
242.70405916254919
 20
890.8936993957337
 10
242.80745454912406
 20
890.638623735455
 10
242.93360197675452
 20
890.3891096852119
 10
241.41275443241616
 20
890.3891096852119
 10
241.30961184629749
 20
890.6252253112777
 10
241.22669329667264
 20
890.8805537720127
 10
241.16399878354167
 20
891.1550950674168
 10
241.12152830690457
 20
891.4488491974902
  0
LWPOLYLINE
  5
74
330
17
100
AcDbEntity
  8
line engraving
 62
1
420
16711680
100
AcDbPolyline
 90
42
 70
0
 10
241.0001840879414
 20
894.7008742657031
 10
240.78960130794906
 20
894.6214949224646
 10
240.55424408325177
 20
894.5451491847003
 10
240.2941124138495
 20
894.47183705241
 10
240.00920629974223
 20
894.4015585255938
 10
239.69952574092997
 20
894.3343136042517
 10
239.36507073741276
 20
894.2701022883838
 10
239.00584128919056
 20
894.2089245779898
 10
238.62183739626337
 20
894.15078047307
 10
238.20572784540218
 20
894.0840411526402
 10
237.85534641314604
 20
894.0132570249117
 10
237.57069309949495
 20
893.9384280898845
 10
237.3517679044489
 20
893.8595543475584
 10
237.17632438786467
 20
893.7693045847045
 10
237.02211610959898
 20
893.6603475880938
 10
236.88914306965182
 20
893.5326833577263
 10
236.77740526802324
 20
893.386311893602
 10
236.6889251083626
 20
893.2262892048444
 10
236.62572499431928
 20
893.0576713005768
 10
236.5878049258933
 20
892.8804581807993
 10
236.57516490308464
 20
892.694649845512
 10
236.60272015280754
 20
892.4155581418968
 10
236.6853859019762
 20
892.1607352820741
 10
236.8231621505906
 20
891.9301812660441
 10
237.0160488986508
 20
891.7238960938067
 10
237.26202374250738
 20
891.5540141872583
 10
237.55906427851096
 20
891.4326699682952
 10
237.90717050666154
 20
891.3598634369172
 10
238.30634242695913
 20
891.3355945931246
 10
238.71537356504749
 20
891.3585994346364
 10
239.10114706116786
 20
891.4276139591716
 10
239.46366291532033
 20
891.5426381667305
 10
239.80292112750485
 20
891.7036720573128
 10
240.1088096794745
 20
891.9046484199706
 10
240.37121655298233
 20
892.1395000437556
 10
240.59014174802837
 20
892.4082269286678
 10
240.7655852646126
 20
892.7108290747071
 10
240.86822224981896
 20
892.9868871728484
 10
240.94153438210918
 20
893.3215949768216
 10
240.98552166148335
 20
893.7149524866273
 10
241.0001840879414
 20
894.1669597022651
 10
241.0001840879414
 20
894.7008742657031
  0
LWPOLYLINE
  5
75
330
17
100
AcDbEntity
  8
line engraving
 62
1
420
16711680
100
AcDbPolyline
 90
104
 70
0
 10
244.72949641740934
 20
890.3891096852119
 10
244.72949641740934
 20
898.980280387804
 10
246.03192436761398
 20
898.980280387804
 10
246.03192436761398
 20
897.7749278127699
 10
246.25084956266002
 20
898.0750019542476
 10
246.50314441792094
 20
898.344234440072
 10
246.78880893339672
 20
898.5826252702434
 10
247.10784310908738
 20
898.7901744447616
 10
247.45519093586944
 20
898.958286748117
 10
247.82579640461944
 20
899.0783669647992
 10
248.21965951533736
 20
899.1504150948086
 10
248.63678026802324
 20
899.1744311381451
 10
249.09257949050365
 20
899.1496566934401
 10
249.5054026354346
 20
899.0753333593252
 10
249.87524970281606
 20
898.9514611358003
 10
250.2021206926481
 20
898.7780400228654
 10
250.48500440310596
 20
898.560126029644
 10
250.722889632365
 20
898.3027751652596
 10
250.9157763804252
 20
898.0059874297123
 10
251.06366464728654
 20
897.6697628230019
 10
251.32809392444378
 20
898.0224194593635
 10
251.61173603627017
 20
898.328055210877
 10
251.91459098276576
 20
898.5866700775423
 10
252.2366587639305
 20
898.7982640593593
 10
252.5779393797644
 20
898.9628371563281
 10
252.93843283026746
 20
899.0803893684487
 10
253.31813911543972
 20
899.150920695721
 10
253.71705823528112
 20
899.1744311381451
 10
254.0273707952338
 20
899.1633711181876
 10
254.3192289218858
 20
899.1301910583148
 10
254.5926326152372
 20
899.0748909585269
 10
254.84758187528791
 20
898.9974708188238
 10
255.084076702038
 20
898.8979306392056
 10
255.30211709548743
 20
898.7762704196722
 10
255.50170305563623
 20
898.6324901602236
 10
255.68283458248436
 20
898.4665898608599
 10
255.8439948732948
 20
898.2776847199844
 10
255.98366712533056
 20
898.0648899360006
 10
256.10185133859153
 20
897.8282055089084
 10
256.1985475130778
 20
897.5676314387078
 10
256.27375564878935
 20
897.2831677253988
 10
256.3274757457262
 20
896.9748143689815
 10
256.3597078038883
 20
896.6425713694558
 10
256.37045182327563
 20
896.2864387268218
 10
256.37045182327563
 20
890.3891096852119
 10
254.9224108103152
 20
890.3891096852119
 10
254.9224108103152
 20
895.8010618509691
 10
254.91356279434913
 20
896.2073121840396
 10
254.88701874645093
 20
896.552384806716
 10
254.84277866662063
 20
896.8362797189986
 10
254.78084255485817
 20
897.0589969208872
 10
254.6956488011278
 20
897.2417716507005
 10
254.58163579539365
 20
897.405839146757
 10
254.43880353765576
 20
897.5511994090565
 10
254.2671520279141
 20
897.6778524375993
 10
254.07300127757304
 20
897.7804894228057
 10
253.8626712980369
 20
897.853801555096
 10
253.63616208930566
 20
897.8977888344701
 10
253.39347365137934
 20
897.9124512609282
 10
253.17176765131538
 20
897.9030344439357
 10
252.959668068586
 20
897.8747839929583
 10
252.75717490319124
 20
897.827699907996
 10
252.56428815513104
 20
897.7617821890489
 10
252.38100782440543
 20
897.6770308361168
 10
252.2073339110144
 20
897.5734458491999
 10
252.04326641495794
 20
897.4510272282979
 10
251.8888053362361
 20
897.3097749734111
 10
251.74850108305992
 20
897.147793081118
 10
251.6269040636406
 20
896.9631855479976
 10
251.52401427797807
 20
896.7559523740496
 10
251.43983172607238
 20
896.5260935592739
 10
251.3743564079235
 20
896.273609103671
 10
251.32758832353147
 20
895.9984990072404
 10
251.29952747289622
 20
895.7007632699823
 10
251.29017385601782
 20
895.3804018918968
 10
251.29017385601782
 20
890.3891096852119
 10
249.83404322845982
 20
890.3891096852119
 10
249.83404322845982
 20
895.9709437575175
 10
249.81179678831657
 20
896.4259845786294
 10
249.74505746788682
 20
896.8203532902596
 10
249.6338252671706
 20
897.1540498924084
 10
249.47810018616786
 20
897.4270743850755
 10
249.38203601282203
 20
897.5408345903535
 10
249.27181501393048
 20
897.639426768261
 10
249.14743718949325
 20
897.7228509187981
 10
249.0089025395103
 20
897.791107041965
 10
248.85621106398165
 20
897.8441951377614
 10
248.6893627629073
 20
897.8821152061873
 10
248.50835763628726
 20
897.9048672472429
 10
248.3131956841215
 20
897.9124512609282
 10
248.0116047399068
 20
897.8922272244342
 10
247.72164261667606
 20
897.8315551149527
 10
247.44330931442929
 20
897.7304349324834
 10
247.1766048331665
 20
897.5888666770263
 10
246.933663594784
 20
897.4083671513187
 10
246.7266200211781
 20
897.1904531580973
 10
246.5554741123488
 20
896.9351246973623
 10
246.42022586829611
 20
896.6423817691136
 10
246.31758888308977
 20
896.2965507450687
 10
246.24427675079954
 20
895.8819579969445
 10
246.20028947142538
 20
895.3986035247412
 10
246.18562704496733
 20
894.8464873284588
 10
246.18562704496733
 20
890.3891096852119
 10
244.72949641740934
 20
890.3891096852119
  0
LWPOLYLINE
  5
76
330
17
100
AcDbEntity
  8
line engraving
 62
1
420
16711680
100
AcDbPolyline
 90
95
 70
0
 10
264.4115287332347
 20
893.1557578775721
 10
265.91619704837797
 20
892.9696967418286
 10
265.81773127069846
 20
892.649272163629
 10
265.700305458806
 20
892.34730201873
 10
265.56391961270054
 20
892.0637863071317
 10
265.4085737323821
 20
891.798725028834
 10
265.2342678178506
 20
891.552118183837
 10
265.04100186910614
 20
891.3239657721407
 10
264.82877588614866
 20
891.114267793745
 10
264.5975898689782
 20
890.9230242486499
 10
264.3485814196476
 20
890.7523839407329
 10
264.0828881402095
 20
890.6044956738716
 10
263.80051003066393
 20
890.4793594480658
 10
263.50144709101096
 20
890.3769752633157
 10
263.1856993212506
 20
890.297343119621
 10
262.85326672138274
 20
890.2404630169821
 10
262.5041492914075
 20
890.2063349553987
 10
262.13834703132477
 20
890.1949589348709
 10
261.6793246030282
 20
890.2130973676013
 10
261.2446974187523
 20
890.2675126657927
 10
260.8344654784971
 20
890.3582048294447
 10
260.4486287822627
 20
890.4851738585578
 10
260.087187330049
 20
890.6484197531316
 10
259.75014112185596
 20
890.8479425131663
 10
259.43749015768367
 20
891.0837421386619
 10
259.14923443753213
 20
891.3558186296184
 10
258.89042997052474
 20
891.6606327796493
 10
258.666132765785
 20
891.9946453823683
 10
258.47634282331296
 20
892.3578564377751
 10
258.3210601431085
 20
892.7502659458701
 10
258.20028472517174
 20
893.1718739066531
 10
258.1140165695026
 20
893.6226803201241
 10
258.06225567610113
 20
894.1026851862831
 10
258.0450020449673
 20
894.6118885051301
 10
258.06244527644327
 20
895.1387246557952
 10
258.1147749708711
 20
895.6352247517194
 10
258.2019911282509
 20
896.1013887929029
 10
258.3240937485826
 20
896.5372167793456
 10
258.48108283186616
 20
896.9427087110474
 10
258.67295837810167
 20
897.3178645880085
 10
258.8997203872891
 20
897.662684410229
 10
259.1613688594284
 20
897.9771681777084
 10
259.4508253817468
 20
898.2577766840608
 10
259.7610115414714
 20
898.5009707228995
 10
260.0919273386022
 20
898.7067502942245
 10
260.4435727731392
 20
898.875115398036
 10
260.8159478450824
 20
899.0060660343337
 10
261.2090525544319
 20
899.0996022031178
 10
261.6228869011875
 20
899.1557239043883
 10
262.05745088534934
 20
899.1744311381451
 10
262.4783636448778
 20
899.1561031050726
 10
262.87955796882477
 20
899.1011190058549
 10
263.2610338571902
 20
899.0094788404921
 10
263.62279130997416
 20
898.8811826089841
 10
263.96483032717657
 20
898.7162303113311
 10
264.28715090879746
 20
898.5146219475329
 10
264.5897530548369
 20
898.2763575175895
 10
264.87263676529477
 20
898.0014370215011
 10
265.1285972271702
 20
897.6932732654259
 10
265.35042962746223
 20
897.3552790555223
 10
265.53813396617085
 20
896.9874543917902
 10
265.69171024329614
 20
896.5897992742297
 10
265.811158458838
 20
896.1623137028407
 10
265.89647861279644
 20
895.7049976776233
 10
265.94767070517156
 20
895.2178511985774
 10
265.96473473596325
 20
894.7008742657031
 10
265.9642291350509
 20
894.6280677343252
 10
265.96271233231386
 20
894.5390819737522
 10
265.96018432775213
 20
894.4339169839841
 10
265.9566451213657
 20
894.312572765021
 10
259.54967036011055
 20
894.312572765021
 10
259.57988001462326
 20
893.9690169450815
 10
259.63006090517365
 20
893.6461907625483
 10
259.70021303176173
 20
893.3440942174212
 10
259.7903363943875
 20
893.0627273097003
 10
259.900430993051
 20
892.8020900393857
 10
260.03049682775213
 20
892.5621824064773
 10
260.1805338984909
 20
892.343004410975
 10
260.35054220526746
 20
892.144556052879
 10
260.5360977400986
 20
891.9682277346982
 10
260.7327764950014
 20
891.8154098589414
 10
260.9405784699759
 20
891.6861024256089
 10
261.15950366502193
 20
891.5803054347003
 10
261.3895520801396
 20
891.498018886216
 10
261.6307237153289
 20
891.4392427801556
 10
261.8830185705898
 20
891.4039771165195
 10
262.14643664592234
 20
891.3922218953074
 10
262.5322101420427
 20
891.4185131427495
 10
262.888658785247
 20
891.4973868850755
 10
263.2157825755352
 20
891.6288431222856
 10
263.5135815129073
 20
891.8128818543797
 10
263.7820555973633
 20
892.0545590904813
 10
264.02120482890325
 20
892.3589308397139
 10
264.231029207527
 20
892.7259971020776
 10
264.4115287332347
 20
893.1557578775721
  0
LWPOLYLINE
  5
77
330
17
100
AcDbEntity
  8
line engraving
 62
1
420
16711680
100
AcDbPolyline
 90
34
 70
0
 10
259.63056650608604
 20
895.5098357254575
 10
264.4277079624298
 20
895.5098357254575
 10
264.39787750860137
 20
895.7723689991934
 10
264.3569238347013
 20
896.0179646423658
 10
264.3048469407296
 20
896.2466226549744
 10
264.2416468266863
 20
896.4583430370196
 10
264.16732349257137
 20
896.653125788501
 10
264.08187693838477
 20
896.830970909419
 10
263.9853071641266
 20
896.9918783997732
 10
263.8776141697968
 20
897.1358482595639
 10
263.6972410443172
 20
897.333032615379
 10
263.50397509557274
 20
897.5039257237521
 10
263.29781632356344
 20
897.6485275846833
 10
263.0787647282893
 20
897.7668381981723
 10
262.84682030975034
 20
897.8588575642194
 10
262.60198306794655
 20
897.9245856828244
 10
262.3442530028779
 20
897.9640225539874
 10
262.0736301145444
 20
897.9771681777084
 10
261.82784487103
 20
897.9666769587773
 10
261.59204524553434
 20
897.9352033019837
 10
261.3662312380576
 20
897.8827472073277
 10
261.1504028485997
 20
897.8093086748095
 10
260.9445600771606
 20
897.7148877044287
 10
260.7487029237403
 20
897.5994842961857
 10
260.56283138833896
 20
897.4630984500801
 10
260.3869454709564
 20
897.3057301661123
 10
260.22559557980384
 20
897.1307922504404
 10
260.0833321230923
 20
896.9416975092229
 10
259.9601551008219
 20
896.7384459424595
 10
259.8560645129926
 20
896.5210375501506
 10
259.7710603596043
 20
896.2894723322959
 10
259.70514264065713
 20
896.0437502888955
 10
259.65831135615105
 20
895.7838714199493
 10
259.63056650608604
 20
895.5098357254575
  0
LWPOLYLINE
  5
78
330
17
100
AcDbEntity
  8
line engraving
 62
1
420
16711680
100
AcDbPolyline
 90
159
 70
0
 10
271.76498840240254
 20
892.9535175126334
 10
273.20493980076543
 20
893.1800267213647
 10
273.29266155905754
 20
892.7725123860134
 10
273.43448261497076
 20
892.4155581418968
 10
273.630402968505
 20
892.1091639890147
 10
273.88042261966035
 20
891.8533299273674
 10
274.18504716934916
 20
891.6515951633412
 10
274.5447822184837
 20
891.5074989033225
 10
274.95962776706403
 20
891.4210411473111
 10
275.4295838150901
 20
891.3922218953074
 10
275.67227225301644
 20
891.3986051068258
 10
275.89878146174766
 20
891.4177547413809
 10
276.1091114412838
 20
891.4496707989728
 10
276.30326219162487
 20
891.4943532796015
 10
276.48123371277086
 20
891.5518021832668
 10
276.6430260047218
 20
891.6220175099689
 10
276.78863906747756
 20
891.7049992597077
 10
276.9180729010383
 20
891.8007474324834
 10
277.1304252842238
 20
892.0138582170374
 10
277.28210555792776
 20
892.2446650335237
 10
277.3731137221501
 20
892.493167881942
 10
277.4034497768909
 20
892.7593667622924
 10
277.37665292853654
 20
892.9929543837965
 10
277.29626238347345
 20
893.2002507578586
 10
277.1622781417016
 20
893.3812558844786
 10
276.97470020322106
 20
893.5359697636567
 10
276.88596724310423
 20
893.586150654207
 10
276.76942623280837
 20
893.6396179506877
 10
276.6250771723335
 20
893.6963716530986
 10
276.4529200616795
 20
893.7564117614397
 10
276.2529549008464
 20
893.8197382757111
 10
276.0251816898343
 20
893.8863511959128
 10
275.7696004286432
 20
893.9562505220447
 10
275.48621111727294
 20
894.0294362541068
 10
275.101132822407
 20
894.128850033497
 10
274.74676978296617
 20
894.2248510067287
 10
274.4231219989503
 20
894.3174391738022
 10
274.13018947035954
 20
894.4066145347174
 10
273.86797219719386
 20
894.4923770894742
 10
273.63647017945317
 20
894.5747268380726
 10
273.43568341713757
 20
894.6536637805127
 10
273.265611910247
 20
894.7291879167944
 10
272.97489138564777
 20
894.8909802087453
 10
272.7215853285621
 20
895.0810861517876
 10
272.5056937389902
 20
895.2995057459214
 10
272.3272166169319
 20
895.5462389911464
 10
272.18741796466804
 20
895.8139546742339
 10
272.0875617844796
 20
896.0953215819547
 10
272.0276480763665
 20
896.390339714309
 10
272.0076768403288
 20
896.6990090712965
 10
272.02410886998007
 20
896.9808815799297
 10
272.0734049589339
 20
897.2521364694036
 10
272.15556510719017
 20
897.5127737397182
 10
272.27058931474903
 20
897.7627933908735
 10
272.41392717339926
 20
897.9971394137461
 10
272.5810282749298
 20
898.2107557992126
 10
272.77189261934063
 20
898.4036425472727
 10
272.9865202066317
 20
898.5757996579267
 10
273.1718229410067
 20
898.6963854755214
 10
273.3879673310349
 20
898.8073648757816
 10
273.6349533767161
 20
898.908737858707
 10
273.91278107805056
 20
899.0005044242979
 10
274.21133841679114
 20
899.0765973616061
 10
274.52051337469106
 20
899.1309494596833
 10
274.8403059517502
 20
899.1635607185297
 10
275.1707161479687
 20
899.1744311381451
 10
275.66089623248865
 20
899.1562295053006
 10
276.1202346613554
 20
899.1016246067672
 10
276.54873143456916
 20
899.0106164425448
 10
276.9463865521297
 20
898.8832050126334
 10
277.3035935967025
 20
898.7246991266128
 10
277.610746150953
 20
898.5404075940626
 10
277.8678442148812
 20
898.3303304149825
 10
278.0748877884871
 20
898.0944675893729
 10
278.24274729138614
 20
897.824729502636
 10
278.3822931431938
 20
897.5130265401745
 10
278.49352534391005
 20
897.159358701988
 10
278.5764438935349
 20
896.7637259880769
 10
277.15267172436705
 20
896.5695752377358
 10
277.08112919527
 20
896.8830478033906
 10
276.96357698314944
 20
897.1601171033565
 10
276.80001508800535
 20
897.4007831376334
 10
276.5904435098377
 20
897.6050459062214
 10
276.33385104682185
 20
897.767849399997
 10
276.0292264971331
 20
897.8841376098367
 10
275.6765698607714
 20
897.9539105357405
 10
275.27588113773675
 20
897.9771681777084
 10
275.034077501407
 20
897.971985768357
 10
274.81022269746563
 20
897.9564385403022
 10
274.6043167259125
 20
897.9305264935444
 10
274.41635958674766
 20
897.8942496280836
 10
274.2463512799712
 20
897.8476079439197
 10
274.09429180558294
 20
897.7906014410526
 10
273.96018116358306
 20
897.7232301194824
 10
273.8440193539714
 20
897.6454939792092
 10
273.65644141549086
 20
897.4725784671866
 10
273.52245717371903
 20
897.2855061296184
 10
273.44206662865594
 20
897.0842769665045
 10
273.41526978030157
 20
896.8688909778449
 10
273.4263930003732
 20
896.7308619287743
 10
273.45976266058807
 20
896.5999112924766
 10
273.5153787609462
 20
896.4760390689516
 10
273.59324130144756
 20
896.3592452581996
 10
273.6948670848292
 20
896.2470018556587
 10
273.82177291382817
 20
896.1448704713647
 10
273.97395878844446
 20
896.0528511053177
 10
274.1514247086781
 20
895.9709437575175
 10
274.21930163116065
 20
895.9474333150933
 10
274.3137226015413
 20
895.9173500608088
 10
274.43468761982024
 20
895.8806939946636
 10
274.58219668599736
 20
895.837465116658
 10
274.7562498000726
 20
895.7876634267919
 10
274.9568469620461
 20
895.7312889250653
 10
275.1839881719178
 20
895.6683416114781
 10
275.43767342968766
 20
895.5988214860305
 10
275.8093533003764
 20
895.4980173041314
 10
276.15183471837713
 20
895.4018899306715
 10
276.4651176836898
 20
895.3104393656508
 10
276.7492021963145
 20
895.2236656090693
 10
277.00408825625124
 20
895.1415686609271
 10
277.22977586349987
 20
895.064148521224
 10
277.4262650180605
 20
894.9914051899601
 10
277.5935557199332
 20
894.9233386671355
 10
277.88250664133926
 20
894.7769672030112
 10
278.13859350344273
 20
894.6007652850584
 10
278.3618163062438
 20
894.3947329132773
 10
278.55217504974223
 20
894.1588700876675
 10
278.7043609243585
 20
893.8929240077733
 10
278.81306512051304
 20
893.5966418731382
 10
278.87828763820573
 20
893.2700236837624
 10
278.90002847743665
 20
892.9130694396457
 10
278.87348442953845
 20
892.5543455923358
 10
278.79385228584385
 20
892.2062393641853
 10
278.6611320463529
 20
891.868750755194
 10
278.4753237110656
 20
891.541879765362
 10
278.2394608854559
 20
891.238519217954
 10
277.956577174998
 20
890.971561936235
 10
277.6266725796919
 20
890.7410079202051
 10
277.24974709953756
 20
890.546857169864
 10
276.8361655532381
 20
890.3929016920545
 10
276.39629275949665
 20
890.2829334936191
 10
275.9301287183132
 20
890.2169525745579
 10
275.43767342968766
 20
890.1949589348709
 10
275.03148629673126
 20
890.2058293544864
 10
274.65020000870794
 20
890.2384406133327
 10
274.2938145656177
 20
890.2927927114099
 10
273.9623299674605
 20
890.3688856487181
 10
273.6557462142364
 20
890.4667194252571
 10
273.37406330594536
 20
890.586294041027
 10
273.11728124258735
 20
890.7276094960279
 10
272.88540002416244
 20
890.8906657902596
 10
272.6758916461088
 20
891.075083723038
 10
272.48622810386485
 20
891.2804840936788
 10
272.31640939743045
 20
891.506866902182
 10
272.1664355268057
 20
891.7542321485475
 10
272.03630649199044
 20
892.0225798327754
 10
271.9260222929849
 20
892.3119099548657
 10
271.8355829297889
 20
892.6222225148184
 10
271.76498840240254
 20
892.9535175126334
  0
LWPOLYLINE
  5
79
330
17
100
AcDbEntity
  8
line engraving
 62
1
420
16711680
100
AcDbPolyline
 90
50
 70
0
 10
280.6312060013111
 20
887.0966365440114
 10
280.6312060013111
 20
898.980280387804
 10
281.95790279530837
 20
898.980280387804
 10
281.95790279530837
 20
897.8639135733429
 10
282.2000856323224
 20
898.1710661275933
 10
282.45743649670675
 20
898.4372650079438
 10
282.7299553884615
 20
898.6625102143942
 10
283.0176423075867
 20
898.8468017469445
 10
283.3285868686798
 20
898.9901396055948
 10
283.67087868633837
 20
899.092523790345
 10
284.0445177605625
 20
899.1539543011951
 10
284.449504091352
 20
899.1744311381451
 10
284.98341865478994
 20
899.1390390742808
 10
285.4849747598377
 20
899.032862882688
 10
285.9541724064953
 20
898.8559025633668
 10
286.3910115947627
 20
898.608158116317
 10
286.7858859073053
 20
898.2959495529431
 10
287.12918892678863
 20
897.9255968846492
 10
287.42092065321253
 20
897.4971001114354
 10
287.66108108657716
 20
897.010459233302
 10
287.8486590250577
 20
896.482359080356
 10
287.98264326682954
 20
895.9294844827051
 10
288.06303381189264
 20
895.3518354403492
 10
288.089830660247
 20
894.7494119532884
 10
288.06025300687475
 20
894.1065403932397
 10
287.9715200467579
 20
893.4965328924936
 10
287.8236317798966
 20
892.91938945105
 10
287.61658820629066
 20
892.3751100689091
 10
287.491578380713
 20
892.1188968065775
 10
287.3531701309581
 20
891.8781043720724
 10
287.2013634570261
 20
891.6527327653939
 10
287.03615835891685
 20
891.4427819865421
 10
286.85755483663047
 20
891.2482520355167
 10
286.66555289016685
 20
891.069142912318
 10
286.4601525195261
 20
890.9054546169457
 10
286.2413537247081
 20
890.7571871494001
 10
285.784543300403
 20
890.5112123055436
 10
285.316104055114
 20
890.3355159885032
 10
284.83603598884093
 20
890.2300981982789
 10
284.34433910158396
 20
890.1949589348709
 10
283.98966006157286
 20
890.21417176954
 10
283.6536882553186
 20
890.2718102735475
 10
283.3364236828212
 20
890.3678744468933
 10
283.03786634408056
 20
890.5023642895775
 10
282.76155544548317
 20
890.6661789851778
 10
282.5110301934155
 20
890.8502177172719
 10
282.28629058787743
 20
891.0544804858599
 10
282.0873366288691
 20
891.2789672909418
 10
282.0873366288691
 20
887.0966365440114
 10
280.6312060013111
 20
887.0966365440114
  0
LWPOLYLINE
  5
7A
330
17
100
AcDbEntity
  8
line engraving
 62
1
420
16711680
100
AcDbPolyline
 90
65
 70
0
 10
281.94981318071086
 20
894.6361573489227
 10
281.96030439964204
 20
894.2350894252038
 10
281.99177805643563
 20
893.8610711502955
 10
282.0442341510916
 20
893.5141025241977
 10
282.1176726836099
 20
893.1941835469104
 10
282.2120936539906
 20
892.9013142184336
 10
282.3274970622337
 20
892.6354945387675
 10
282.46388290833914
 20
892.3967245079118
 10
282.621251192307
 20
892.1850041258667
 10
282.7935347031891
 20
891.9991957905794
 10
282.9746662300372
 20
891.8381618999971
 10
283.16464577285143
 20
891.7019024541197
 10
283.3634733316317
 20
891.5904174529472
 10
283.571148906378
 20
891.5037068964798
 10
283.78767249709045
 20
891.4417707847174
 10
284.0130441037689
 20
891.4046091176599
 10
284.24726372641345
 20
891.3922218953074
 10
284.4855913564708
 20
891.4050515184582
 10
284.7151973707902
 20
891.4435403879106
 10
284.9360817693715
 20
891.5076885036646
 10
285.1482445522149
 20
891.5974958657201
 10
285.35168571932036
 20
891.7129624740772
 10
285.54640527068784
 20
891.854088328736
 10
285.7324032063173
 20
892.0208734296963
 10
285.9096795262088
 20
892.2133177769582
 10
286.0717878187299
 20
892.4326853728026
 10
286.2122816722482
 20
892.6802402195102
 10
286.33116108676364
 20
892.9559823170812
 10
286.42842606227634
 20
893.2599116655155
 10
286.5040765987862
 20
893.592028264813
 10
286.5581126962932
 20
893.952332114974
 10
286.5905343547974
 20
894.3408232159983
 10
286.60134157429883
 20
894.7575015678858
 10
286.5907871552536
 20
895.1551566854464
 10
286.5591238981179
 20
895.5270261564772
 10
286.50635180289174
 20
895.8731099809784
 10
286.4324708695751
 20
896.19340815895
 10
286.337481098168
 20
896.4879206903918
 10
286.22138248867043
 20
896.756647575304
 10
286.0841750410824
 20
896.9995888136865
 10
285.9258587554039
 20
897.2167444055393
 10
285.75288004326734
 20
897.4082407510906
 10
285.57168531630515
 20
897.5742042505683
 10
285.38227457451734
 20
897.7146349039725
 10
285.1846478179039
 20
897.8295327113033
 10
284.9788050464648
 20
897.9188976725605
 10
284.7647462602001
 20
897.9827297877443
 10
284.5424714591098
 20
898.0210290568546
 10
284.3119806431938
 20
898.0337954798913
 10
284.08275382955867
 20
898.020207455372
 10
283.86022622801215
 20
897.979443381814
 10
283.64439783855426
 20
897.9115032592175
 10
283.4352686611849
 20
897.8163870875823
 10
283.2328386959042
 20
897.6940948669085
 10
283.03710794271205
 20
897.544626597196
 10
282.84807640160847
 20
897.367982278445
 10
282.6657440725935
 20
897.1641619106553
 10
282.4979477698085
 20
896.9344294961078
 10
282.35252430739484
 20
896.6800490370834
 10
282.2294736853525
 20
896.4010205335823
 10
282.1287959036815
 20
896.0973439856041
 10
282.05049096238184
 20
895.7690193931492
 10
281.9945588614535
 20
895.4160467562172
 10
281.9609996008965
 20
895.0384260748084
 10
281.94981318071086
 20
894.6361573489227
  0
LWPOLYLINE
  5
7B
330
17
100
AcDbEntity
  8
line engraving
 62
1
420
16711680
100
AcDbPolyline
 90
128
 70
0
 10
295.45137994401233
 20
891.4488491974902
 10
295.05069122097774
 20
891.1303206227119
 10
294.6575865116283
 20
890.8623521391683
 10
294.2720658159641
 20
890.6449437468592
 10
293.8941291339851
 20
890.4780954457849
 10
293.51315884653195
 20
890.35422322226
 10
293.1185373344455
 20
890.2657430625994
 10
292.71026459772565
 20
890.212654966803
 10
292.2883406363725
 20
890.1949589348709
 10
291.94465841620496
 20
890.2057661543723
 10
291.6214530329874
 20
890.2381878128765
 10
291.31872448671993
 20
890.2922239103835
 10
291.03647277740254
 20
890.3678744468934
 10
290.7746979050351
 20
890.4651394224061
 10
290.5333998696177
 20
890.5840188369215
 10
290.3125786711504
 20
890.7245126904397
 10
290.1122343096331
 20
890.8866209829608
 10
289.93400998803094
 20
891.0655405058175
 10
289.7795489093091
 20
891.2564680503423
 10
289.6488510734675
 20
891.4594036165354
 10
289.5419164805062
 20
891.6743472043968
 10
289.4587451304252
 20
891.9012988139262
 10
289.39933702322446
 20
892.140258445124
 10
289.36369215890403
 20
892.39122609799
 10
289.3518105374639
 20
892.6542017725243
 10
289.3697593698522
 20
892.9628711295119
 10
289.4236058670171
 20
893.257889261866
 10
289.51335002895866
 20
893.5392561695869
 10
289.63899185567675
 20
893.8069718526743
 10
289.79370573485477
 20
894.0549691001803
 10
289.97066605417604
 20
894.2771807011566
 10
290.1698728136406
 20
894.4736066556032
 10
290.3913260132484
 20
894.6442469635202
 10
290.6312336461568
 20
894.7923880308377
 10
290.88580370552324
 20
894.9213162634861
 10
291.1550361913478
 20
895.0310316614654
 10
291.43893110363035
 20
895.1215342247754
 10
291.680608339732
 20
895.1776559260458
 10
291.97689047436705
 20
895.2327664254916
 10
292.32777750753553
 20
895.2868657231127
 10
292.73326943923746
 20
895.3399538189091
 10
293.15961740857364
 20
895.393800316074
 10
293.55689332544995
 20
895.4501748178006
 10
293.9250971898663
 20
895.5090773240889
 10
294.26422900182274
 20
895.570507834939
 10
294.5742887613192
 20
895.6344663503509
 10
294.8552764683558
 20
895.7009528703245
 10
295.1071921229325
 20
895.7699673948598
 10
295.3300357250492
 20
895.8415099239568
 10
295.3335749314356
 20
895.9775165693779
 10
295.3361029359973
 20
896.0862207655325
 10
295.33761973873436
 20
896.1676225124203
 10
295.3381253396467
 20
896.2217218100413
 10
295.3316789280143
 20
896.4359701966482
 10
295.312339693117
 20
896.6337865536038
 10
295.28010763495496
 20
896.8151708809081
 10
295.234982753528
 20
896.9801231785611
 10
295.1769650488363
 20
897.1286434465629
 10
295.10605452087964
 20
897.2607316849135
 10
295.02225116965826
 20
897.3763878936128
 10
294.925554995172
 20
897.4756120726607
 10
294.7775403280825
 20
897.59126828136
 10
294.6125880304295
 20
897.6915036622328
 10
294.43069810221283
 20
897.7763182152788
 10
294.23187054343254
 20
897.8457119404984
 10
294.01610535408867
 20
897.8996848378914
 10
293.78340253418116
 20
897.9382369074578
 10
293.5337620837101
 20
897.9613681491977
 10
293.2671840026754
 20
897.969078563111
 10
293.0187443543711
 20
897.9634537529612
 10
292.78711593640236
 20
897.9465793225115
 10
292.57229874876913
 20
897.9184552717622
 10
292.3742927914714
 20
897.8790816007133
 10
292.19309806450923
 20
897.8284583093646
 10
292.02871456788256
 20
897.7665853977162
 10
291.8811423015914
 20
897.6934628657681
 10
291.7503812656358
 20
897.6090907135202
 10
291.521596852799
 20
897.3944631262291
 10
291.32466529744
 20
897.1105682139465
 10
291.1595865995589
 20
896.7574059766725
 10
291.0263607591556
 20
896.334976414407
 10
289.60258858998776
 20
896.529127164748
 10
289.71533759344106
 20
896.9641967498222
 10
289.8594338534598
 20
897.3552790555223
 10
290.03487737004406
 20
897.7023740818482
 10
290.2416681431938
 20
898.0054818287999
 10
290.48890698933127
 20
898.2704167068695
 10
290.7856947248787
 20
898.502993126549
 10
291.13203134983604
 20
898.7032110878381
 10
291.52791686420335
 20
898.8710705907372
 10
291.9652616533831
 20
899.0037908302281
 10
292.4359761027777
 20
899.0985910012931
 10
292.94006021238715
 20
899.1554711039321
 10
293.4775139822115
 20
899.1744311381451
 10
294.00182212831487
 20
899.15825190895
 10
294.4745589813589
 20
899.1097142213648
 10
294.8957245413435
 20
899.0288180753893
 10
295.26531880826883
 20
898.9155634710237
 10
295.5863753876089
 20
898.7777872224093
 10
295.8619278848377
 20
898.6233261436873
 10
296.0919762999554
 20
898.4521802348581
 10
296.2765206329619
 20
898.2643494959214
 10
296.42617850301644
 20
898.0552835186661
 10
296.5515675292784
 20
897.820431894881
 10
296.6526877117477
 20
897.5597946245665
 10
296.72953905042436
 20
897.2733717077222
 10
296.7613919079022
 20
897.049896104465
 10
296.78414394895776
 20
896.7515915661805
 10
296.7977951735911
 20
896.3784580928688
 10
296.80234558180223
 20
895.9304956845298
 10
296.80234558180223
 20
893.9889881811191
 10
296.8037991844252
 20
893.5046857072052
 10
296.80815999229424
 20
893.0670249174552
 10
296.8154280054092
 20
892.6760058118692
 10
296.82560322377014
 20
892.3316283904472
 10
296.83868564737713
 20
892.0338926531891
 10
296.8546752762301
 20
891.782798600095
 10
296.87357211032906
 20
891.5783462311649
 10
296.895376149674
 20
891.4205355463988
 10
296.9532674541377
 20
891.1543366660484
 10
297.03391079965695
 20
890.8936993957337
 10
297.13730618623185
 20
890.638623735455
 10
297.2634536138623
 20
890.3891096852119
 10
295.74260606952396
 20
890.3891096852119
 10
295.6394634834053
 20
890.6252253112777
 10
295.5565449337804
 20
890.8805537720127
 10
295.49385042064944
 20
891.1550950674168
 10
295.45137994401233
 20
891.4488491974902
  0
LWPOLYLINE
  5
7C
330
17
100
AcDbEntity
  8
line engraving
 62
1
420
16711680
100
AcDbPolyline
 90
42
 70
0
 10
295.3300357250492
 20
894.7008742657031
 10
295.1194529450569
 20
894.6214949224646
 10
294.88409572035954
 20
894.5451491847003
 10
294.6239640509573
 20
894.47183705241
 10
294.33905793685
 20
894.4015585255938
 10
294.02937737803774
 20
894.3343136042517
 10
293.6949223745205
 20
894.2701022883838
 10
293.3356929262983
 20
894.2089245779898
 10
292.9516890333711
 20
894.15078047307
 10
292.53557948250995
 20
894.0840411526402
 10
292.1851980502538
 20
894.0132570249117
 10
291.90054473660274
 20
893.9384280898845
 10
291.6816195415567
 20
893.8595543475584
 10
291.50617602497243
 20
893.7693045847045
 10
291.35196774670675
 20
893.6603475880938
 10
291.2189947067596
 20
893.5326833577263
 10
291.107256905131
 20
893.386311893602
 10
291.0187767454704
 20
893.2262892048444
 10
290.9555766314271
 20
893.0576713005768
 10
290.9176565630011
 20
892.8804581807993
 10
290.90501654019243
 20
892.694649845512
 10
290.9325717899153
 20
892.4155581418968
 10
291.01523753908396
 20
892.1607352820741
 10
291.1530137876984
 20
891.9301812660441
 10
291.3459005357586
 20
891.7238960938067
 10
291.59187537961515
 20
891.5540141872583
 10
291.8889159156188
 20
891.4326699682952
 10
292.2370221437693
 20
891.3598634369172
 10
292.6361940640669
 20
891.3355945931246
 10
293.0452252021552
 20
891.3585994346364
 10
293.43099869827563
 20
891.4276139591716
 10
293.79351455242806
 20
891.5426381667305
 10
294.1327727646126
 20
891.7036720573128
 10
294.4386613165822
 20
891.9046484199706
 10
294.7010681900901
 20
892.1395000437556
 10
294.91999338513614
 20
892.4082269286678
 10
295.0954369017204
 20
892.7108290747071
 10
295.19807388692675
 20
892.9868871728484
 10
295.271386019217
 20
893.3215949768216
 10
295.3153732985911
 20
893.7149524866273
 10
295.3300357250492
 20
894.1669597022651
 10
295.3300357250492
 20
894.7008742657031
  0
LWPOLYLINE
  5
7D
330
17
100
AcDbEntity
  8
line engraving
 62
1
420
16711680
100
AcDbPolyline
 90
119
 70
0
 10
304.6654509706153
 20
893.5359697636567
 10
306.09731275438065
 20
893.3499086279131
 10
306.0272238279066
 20
892.9898575782083
 10
305.9342564601489
 20
892.6499041647694
 10
305.8184106511075
 20
892.3300483875962
 10
305.67968640078243
 20
892.0302902466888
 10
305.51808370917365
 20
891.7506297420471
 10
305.33360257628124
 20
891.4910668736711
 10
305.1262430021051
 20
891.251601641561
 10
304.8960049866453
 20
891.0322340457167
 10
304.64743893811294
 20
890.8359976916122
 10
304.38509526471915
 20
890.6659261847217
 10
304.1089739664639
 20
890.522019525045
 10
303.81907504334725
 20
890.4042777125824
 10
303.51539849536914
 20
890.3127007473336
 10
303.19794432252957
 20
890.2472886292987
 10
302.86671252482853
 20
890.2080413584779
 10
302.5217031022661
 20
890.1949589348709
 10
302.0916263262013
 20
890.2129709673733
 10
301.68316398913936
 20
890.2670070648803
 10
301.29631609108026
 20
890.357067227392
 10
300.93108263202396
 20
890.4831514549085
 10
300.5874636119704
 20
890.6452597474295
 10
300.2654590309197
 20
890.8433921049553
 10
299.9650688888719
 20
891.0775485274858
 10
299.6862931858268
 20
891.347729015021
 10
299.43507273250464
 20
891.6515319632272
 10
299.2173483396254
 20
891.9865557677708
 10
299.03312000718915
 20
892.3528004286518
 10
298.88238773519583
 20
892.7502659458702
 10
298.7651515236455
 20
893.178952319426
 10
298.6814113725381
 20
893.6388595493192
 10
298.6311672818737
 20
894.1299876355498
 10
298.6144192516522
 20
894.6523365781178
 10
298.64323850365594
 20
895.3263025942757
 10
298.7296962596672
 20
895.9567869319718
 10
298.87379251968594
 20
896.5437895912061
 10
299.0755272837122
 20
897.0873105719786
 10
299.19832510529835
 20
897.3400478280379
 10
299.3361645540268
 20
897.5764794546739
 10
299.4890456298976
 20
897.7966054518868
 10
299.6569683329107
 20
898.0004258196765
 10
299.83993266306607
 20
898.187940558043
 10
300.0379386203638
 20
898.3591496669864
 10
300.25098620480384
 20
898.5140531465065
 10
300.47907541638614
 20
898.6526509966035
 10
300.9606602853962
 20
898.880929808528
 10
301.4629747918125
 20
899.0439861027597
 10
301.98601893563495
 20
899.1418198792987
 10
302.52979271686365
 20
899.1744311381451
 10
302.87170533383795
 20
899.1633711181876
 10
303.1976915220734
 20
899.1301910583148
 10
303.5077512815699
 20
899.0748909585269
 10
303.80188461232746
 20
898.9974708188238
 10
304.0800915143461
 20
898.8979306392056
 10
304.3423719876259
 20
898.7762704196722
 10
304.58872603216673
 20
898.6324901602236
 10
304.8191536479687
 20
898.4665898608599
 10
305.0316324313823
 20
898.2803391247743
 10
305.2241399787583
 20
898.0755075551599
 10
305.3966762900965
 20
897.8520951520168
 10
305.54924136539705
 20
897.6101019153449
 10
305.68183520465993
 20
897.3495278451443
 10
305.7944578078851
 20
897.070372941415
 10
305.8871091750726
 20
896.7726372041569
 10
305.95978930622243
 20
896.4563206333702
 10
304.5441067516522
 20
896.2379010392365
 10
304.42352093405754
 20
896.6438985718507
 10
304.2640038462122
 20
896.9963024077563
 10
304.06555548811616
 20
897.2951125469531
 10
303.8281758597695
 20
897.5403289894412
 10
303.5579321721203
 20
897.731446134308
 10
303.2608916361167
 20
897.8679583806417
 10
302.93705425175875
 20
897.9498657284418
 10
302.58642001904644
 20
897.9771681777084
 10
302.31781953436234
 20
897.96484415547
 10
302.0621118729431
 20
897.9278720887546
 10
301.8192970347887
 20
897.8662519775625
 10
301.5893750198991
 20
897.7799838218933
 10
301.3723458282744
 20
897.6690676217473
 10
301.16820945991446
 20
897.5335033771244
 10
300.97696591481935
 20
897.3732910880246
 10
300.79861519298913
 20
897.188430754448
 10
300.63745490217866
 20
896.976899972745
 10
300.49778265014294
 20
896.7366763392663
 10
300.37959843688196
 20
896.467759854012
 10
300.2829022623957
 20
896.1701505169821
 10
300.20769412668415
 20
895.8438483281764
 10
300.1539740297473
 20
895.4888532875951
 10
300.1217419715852
 20
895.1051653952381
 10
300.11099795219786
 20
894.6927846511055
 10
300.121362770901
 20
894.2747790968231
 10
300.1524572270103
 20
893.8863511959128
 10
300.2042813205258
 20
893.5275009483748
 10
300.2768350514475
 20
893.1982283542092
 10
300.37011841977545
 20
892.8985334134157
 10
300.4841314255096
 20
892.6284161259946
 10
300.6188740686499
 20
892.3878764919458
 10
300.7743463491965
 20
892.1769145112692
 10
300.9465034598505
 20
891.9930021794031
 10
301.13130059331314
 20
891.8336114917859
 10
301.32873774958443
 20
891.6987424484175
 10
301.53881492866446
 20
891.5883950492979
 10
301.76153213055306
 20
891.5025692944271
 10
301.9968893552504
 20
891.4412651838051
 10
302.24488660275637
 20
891.4044827174318
 10
302.505523873071
 20
891.3922218953074
 10
302.9165774148087
 20
891.4250859546099
 10
303.2922388926822
 20
891.5236781325175
 10
303.6325083066914
 20
891.6879984290301
 10
303.93738565683634
 20
891.9180468441477
 10
304.0744035040822
 20
892.0583510973239
 10
304.19827572760715
 20
892.2163513824322
 10
304.309002327411
 20
892.3920476994726
 10
304.4065833034939
 20
892.5854400484452
 10
304.4910186558558
 20
892.7965284293499
 10
304.56230838449665
 20
893.0253128421866
 10
304.6204524894165
 20
893.2717932869556
 10
304.6654509706153
 20
893.5359697636567
  0
LWPOLYLINE
  5
7E
330
17
100
AcDbEntity
  8
line engraving
 62
1
420
16711680
100
AcDbPolyline
 90
95
 70
0
 10
313.22426321481726
 20
893.1557578775721
 10
314.7289315299605
 20
892.9696967418286
 10
314.630465752281
 20
892.649272163629
 10
314.5130399403885
 20
892.34730201873
 10
314.376654094283
 20
892.0637863071317
 10
314.22130821396456
 20
891.798725028834
 10
314.04700229943313
 20
891.552118183837
 10
313.8537363506887
 20
891.3239657721407
 10
313.6415103677312
 20
891.114267793745
 10
313.41032435056076
 20
890.9230242486499
 10
313.1613159012301
 20
890.7523839407329
 10
312.89562262179203
 20
890.6044956738716
 10
312.61324451224647
 20
890.4793594480658
 10
312.3141815725935
 20
890.3769752633157
 10
311.9984338028331
 20
890.297343119621
 10
311.6660012029653
 20
890.2404630169821
 10
311.31688377299
 20
890.2063349553987
 10
310.9510815129073
 20
890.1949589348709
 10
310.4920590846107
 20
890.2130973676013
 10
310.0574319003348
 20
890.2675126657927
 10
309.64719996007966
 20
890.3582048294447
 10
309.2613632638452
 20
890.4851738585578
 10
308.8999218116315
 20
890.6484197531316
 10
308.5628756034385
 20
890.8479425131663
 10
308.2502246392662
 20
891.0837421386619
 10
307.96196891911467
 20
891.3558186296184
 10
307.7031644521073
 20
891.6606327796493
 10
307.47886724736753
 20
891.9946453823683
 10
307.2890773048955
 20
892.3578564377751
 10
307.13379462469106
 20
892.7502659458701
 10
307.0130192067543
 20
893.1718739066531
 10
306.92675105108515
 20
893.6226803201241
 10
306.87499015768367
 20
894.1026851862831
 10
306.85773652654984
 20
894.6118885051301
 10
306.8751797580258
 20
895.1387246557952
 10
306.92750945245365
 20
895.6352247517194
 10
307.0147256098334
 20
896.1013887929029
 10
307.1368282301651
 20
896.5372167793456
 10
307.2938173134487
 20
896.9427087110474
 10
307.4856928596842
 20
897.3178645880085
 10
307.71245486887165
 20
897.662684410229
 10
307.97410334101096
 20
897.9771681777084
 10
308.26355986332936
 20
898.2577766840608
 10
308.57374602305396
 20
898.5009707228995
 10
308.90466182018474
 20
898.7067502942245
 10
309.2563072547217
 20
898.875115398036
 10
309.62868232666494
 20
899.0060660343337
 10
310.02178703601436
 20
899.0996022031178
 10
310.43562138276997
 20
899.1557239043883
 10
310.8701853669318
 20
899.1744311381451
 10
311.2910981264603
 20
899.1561031050726
 10
311.69229245040725
 20
899.1011190058549
 10
312.0737683387727
 20
899.0094788404921
 10
312.43552579155664
 20
898.8811826089841
 10
312.77756480875905
 20
898.7162303113311
 10
313.09988539038
 20
898.5146219475329
 10
313.40248753641936
 20
898.2763575175895
 10
313.68537124687725
 20
898.0014370215011
 10
313.94133170875267
 20
897.6932732654259
 10
314.1631641090447
 20
897.3552790555223
 10
314.3508684477534
 20
896.9874543917902
 10
314.5044447248787
 20
896.5897992742297
 10
314.62389294042055
 20
896.1623137028407
 10
314.709213094379
 20
895.7049976776233
 10
314.7604051867541
 20
895.2178511985774
 10
314.7774692175458
 20
894.7008742657031
 10
314.77696361663345
 20
894.6280677343252
 10
314.7754468138964
 20
894.5390819737522
 10
314.77291880933467
 20
894.4339169839841
 10
314.7693796029482
 20
894.312572765021
 10
308.3624048416931
 20
894.312572765021
 10
308.3926144962058
 20
893.9690169450815
 10
308.4427953867562
 20
893.6461907625483
 10
308.5129475133443
 20
893.3440942174212
 10
308.60307087597005
 20
893.0627273097003
 10
308.7131654746335
 20
892.8020900393857
 10
308.8432313093346
 20
892.5621824064773
 10
308.99326838007346
 20
892.343004410975
 10
309.16327668685
 20
892.144556052879
 10
309.34883222168116
 20
891.9682277346982
 10
309.54551097658396
 20
891.8154098589414
 10
309.75331295155837
 20
891.6861024256089
 10
309.9722381466044
 20
891.5803054347003
 10
310.2022865617221
 20
891.498018886216
 10
310.44345819691137
 20
891.4392427801556
 10
310.6957530521723
 20
891.4039771165195
 10
310.9591711275048
 20
891.3922218953074
 10
311.3449446236252
 20
891.4185131427495
 10
311.70139326682954
 20
891.4973868850755
 10
312.0285170571177
 20
891.6288431222856
 10
312.32631599448985
 20
891.8128818543797
 10
312.59479007894583
 20
892.0545590904813
 10
312.83393931048573
 20
892.3589308397139
 10
313.04376368910954
 20
892.7259971020776
 10
313.22426321481726
 20
893.1557578775721
  0
LWPOLYLINE
  5
7F
330
17
100
AcDbEntity
  8
line engraving
 62
1
420
16711680
100
AcDbPolyline
 90
34
 70
0
 10
308.4433009876685
 20
895.5098357254575
 10
313.24044244401233
 20
895.5098357254575
 10
313.2106119901839
 20
895.7723689991934
 10
313.16965831628386
 20
896.0179646423658
 10
313.1175814223121
 20
896.2466226549744
 10
313.05438130826883
 20
896.4583430370196
 10
312.9800579741539
 20
896.653125788501
 10
312.8946114199673
 20
896.830970909419
 10
312.79804164570913
 20
896.9918783997732
 10
312.69034865137934
 20
897.1358482595639
 10
312.50997552589973
 20
897.333032615379
 10
312.3167095771553
 20
897.5039257237521
 10
312.110550805146
 20
897.6485275846833
 10
311.8914992098718
 20
897.7668381981723
 10
311.6595547913329
 20
897.8588575642194
 10
311.4147175495291
 20
897.9245856828244
 10
311.15698748446044
 20
897.9640225539874
 10
310.88636459612695
 20
897.9771681777084
 10
310.64057935261246
 20
897.9666769587773
 10
310.4047797271169
 20
897.9352033019837
 10
310.17896571964013
 20
897.8827472073277
 10
309.9631373301822
 20
897.8093086748095
 10
309.75729455874307
 20
897.7148877044287
 10
309.56143740532286
 20
897.5994842961857
 10
309.3755658699215
 20
897.4630984500801
 10
309.19967995253893
 20
897.3057301661123
 10
309.0383300613864
 20
897.1307922504404
 10
308.89606660467484
 20
896.9416975092229
 10
308.77288958240445
 20
896.7384459424595
 10
308.66879899457507
 20
896.5210375501506
 10
308.58379484118683
 20
896.2894723322959
 10
308.51787712223967
 20
896.0437502888955
 10
308.4710458377335
 20
895.7838714199493
 10
308.4433009876685
 20
895.5098357254575
  0
LWPOLYLINE
  5
80
330
17
100
AcDbEntity
  8
line engraving
 62
1
420
16711680
100
AcDbPolyline
 90
35
 70
0
 10
316.5410051998104
 20
890.3891096852119
 10
316.5410051998104
 20
898.980280387804
 10
317.8515227646126
 20
898.980280387804
 10
317.8515227646126
 20
897.6778524375993
 10
318.09749760846915
 20
898.0959843921099
 10
318.33386603499116
 20
898.4362538061191
 10
318.5606280441786
 20
898.698660679627
 10
318.7777836360314
 20
898.8832050126334
 10
318.99544482879656
 20
899.0106164425448
 10
319.22372364072106
 20
899.1016246067672
 10
319.4626200718048
 20
899.1562295053006
 10
319.7121341220478
 20
899.1744311381451
 10
320.0817283889731
 20
899.145106285229
 10
320.4543562613725
 20
899.0571317264807
 10
320.83001773924593
 20
898.9105074619001
 10
321.2087128225935
 20
898.7052334914874
 10
320.70715671754573
 20
897.3542678536976
 10
320.4401994358268
 20
897.4922969027682
 10
320.1732421541078
 20
897.5908890806758
 10
319.9062848723888
 20
897.6500443874204
 10
319.6393275906699
 20
897.6697628230019
 10
319.4067511709905
 20
897.6518139906135
 10
319.1863091732074
 20
897.5979674934487
 10
318.97800159732066
 20
897.5082233315071
 10
318.7818284433302
 20
897.382581504789
 10
318.60537372492126
 20
897.225086820593
 10
318.45622145577903
 20
897.0397840862181
 10
318.33437163590355
 20
896.826673301664
 10
318.2398242652947
 20
896.5857544669309
 10
318.133648073702
 20
896.1883521498265
 10
318.05780793685
 20
895.7727481998777
 10
318.01230385473883
 20
895.3389426170843
 10
317.9971358273684
 20
894.8869354014465
 10
317.9971358273684
 20
890.3891096852119
 10
316.5410051998104
 20
890.3891096852119
  0
CIRCLE
  5
81
330
17
100
AcDbEntity
  8
cut
 62
5
420
255
100
AcDbCircle
 10
631.2155478056845
 20
367.85784913130897
 30
0.0
 40
3.9
  0
CIRCLE
  5
82
330
17
100
AcDbEntity
  8
cut
 62
5
420
255
100
AcDbCircle
 10
631.2155478056845
 20
823.857849131309
 30
0.0
 40
3.9
  0
LWPOLYLINE
  5
83
330
17
100
AcDbEntity
  8
cut
 62
5
420
255
100
AcDbPolyline
 90
10
 70
1
 10
565.2155476268706
 20
619.8578527075877
 10
381.6155522435213
 20
619.8578527075877
 42
1.6953422501885593
 10
381.7164888215741
 20
571.9136377867663
 10
553.2155476268706
 20
571.9136377867663
 42
-0.4142135623730962
 10
607.2155476268706
 20
517.9136377867665
 10
607.2155476268706
 20
379.8578496677508
 42
1.618034015706349
 10
655.2155479844985
 20
379.8578496677507
 10
655.2155479844985
 20
811.8578423363795
 42
1.6180343930967274
 10
607.2155476268706
 20
811.8578423363796
 10
607.2155476268706
 20
661.8578527075878
 42
-0.4142135623730954
  0
CIRCLE
  5
84
330
17
100
AcDbEntity
  8
cut
 62
5
420
255
100
AcDbCircle
 10
368.4155478056846
 20
595.857849131309
 30
0.0
 40
10.9
  0
LWPOLYLINE
  5
85
330
17
100
AcDbEntity
  8
line engraving
 62
1
420
16711680
100
AcDbPolyline
 90
41
 70
0
 10
624.3516243777589
 20
548.7682039584441
 10
616.892999718823
 20
548.7682039584441
 10
616.892999718823
 20
547.4819552374346
 10
615.7604536751668
 20
547.4819552374346
 10
615.7604536751668
 20
548.7682039584441
 10
614.8463272256442
 20
548.7682039584441
 10
614.4413408948546
 20
548.7778103757787
 10
614.0919706644232
 20
548.8066296277825
 10
613.7982165343499
 20
548.8546617144553
 10
613.5600785046347
 20
548.9219066357974
 10
613.2903404178978
 20
549.0470428616031
 10
613.0473991795153
 20
549.2121215594843
 10
612.8312547894872
 20
549.4171427294409
 10
612.6419072478134
 20
549.6621063714728
 10
612.4879517700039
 20
549.9535852974406
 10
612.3779835715686
 20
550.2981523192047
 10
612.3120026525073
 20
550.6958074367652
 10
612.2900090128203
 20
551.1465506501222
 10
612.2991098292425
 20
551.4620456194264
 10
612.3264122785092
 20
551.7937198179256
 10
612.3719163606204
 20
552.1415732456201
 10
612.435622075576
 20
552.5056059025096
 10
613.7056915673905
 20
552.2871863083759
 10
613.6702995035263
 20
552.0637107051188
 10
613.645019457909
 20
551.8463023128097
 10
613.6298514305386
 20
551.6349611314489
 10
613.6247954214151
 20
551.4296871610362
 10
613.6424914533472
 20
551.1222818063295
 10
613.6955795491436
 20
550.8634141392081
 10
613.7840597088042
 20
550.653084159672
 10
613.9079319323291
 20
550.4912918677211
 10
614.0803418434392
 20
550.3709588505826
 10
614.3144350658557
 20
550.2850066954836
 10
614.6102115995784
 20
550.2334354024243
 10
614.9676714446074
 20
550.2162449714045
 10
615.7604536751668
 20
550.2162449714045
 10
615.7604536751668
 20
551.8907951930962
 10
616.892999718823
 20
551.8907951930962
 10
616.892999718823
 20
550.2162449714045
 10
624.3516243777589
 20
550.2162449714045
 10
624.3516243777589
 20
548.7682039584441
  0
LWPOLYLINE
  5
86
330
17
100
AcDbEntity
  8
line engraving
 62
1
420
16711680
100
AcDbPolyline
 90
35
 70
0
 10
624.3516243777589
 20
553.0071620075573
 10
615.7604536751668
 20
553.0071620075573
 10
615.7604536751668
 20
554.3176795723596
 10
617.0628816253715
 20
554.3176795723596
 10
616.6447496708608
 20
554.5636544162161
 10
616.3044802568517
 20
554.8000228427381
 10
616.0420733833438
 20
555.0267848519255
 10
615.8575290503373
 20
555.2439404437783
 10
615.730117620426
 20
555.4616016365435
 10
615.6391094562036
 20
555.689880448468
 10
615.5845045576701
 20
555.9287768795517
 10
615.5663029248257
 20
556.1782909297947
 10
615.5956277777418
 20
556.54788519672
 10
615.6836023364901
 20
556.9205130691194
 10
615.8302266010706
 20
557.2961745469929
 10
616.0355005714833
 20
557.6748696303405
 10
617.3864662092732
 20
557.1733135252927
 10
617.2484371602026
 20
556.9063562435737
 10
617.149844982295
 20
556.6393989618548
 10
617.0906896755504
 20
556.3724416801358
 10
617.0709712399689
 20
556.1054843984168
 10
617.0889200723573
 20
555.8729079787374
 10
617.1427665695221
 20
555.6524659809543
 10
617.2325107314637
 20
555.4441584050676
 10
617.3581525581818
 20
555.2479852510771
 10
617.5156472423778
 20
555.0715305326682
 10
617.7009499767528
 20
554.922378263526
 10
617.9140607613068
 20
554.8005284436505
 10
618.1549795960399
 20
554.7059810730417
 10
618.5523819131442
 20
554.5998048814489
 10
618.9679858630931
 20
554.5239647445969
 10
619.4017914458865
 20
554.4784606624856
 10
619.8537986615243
 20
554.4632926351153
 10
624.3516243777589
 20
554.4632926351153
 10
624.3516243777589
 20
553.0071620075573
  0
LWPOLYLINE
  5
87
330
17
100
AcDbEntity
  8
line engraving
 62
1
420
16711680
100
AcDbPolyline
 90
128
 70
0
 10
623.2918848654806
 20
564.1465613083759
 10
623.6104134402589
 20
563.7458725853413
 10
623.8783819238025
 20
563.3527678759918
 10
624.0957903161116
 20
562.9672471803276
 10
624.2626386171859
 20
562.5893104983486
 10
624.3865108407108
 20
562.2083402108955
 10
624.4749910003713
 20
561.8137186988091
 10
624.5280790961677
 20
561.4054459620893
 10
624.5457751280999
 20
560.9835220007361
 10
624.5349679085984
 20
560.6398397805685
 10
624.5025462500943
 20
560.3166343973511
 10
624.4485101525872
 20
560.0139058510836
 10
624.3728596160774
 20
559.7316541417661
 10
624.2755946405647
 20
559.4698792693987
 10
624.1567152260493
 20
559.2285812339813
 10
624.016221372531
 20
559.0077600355139
 10
623.8541130800099
 20
558.8074156739966
 10
623.6751935571533
 20
558.6291913523945
 10
623.4842660126285
 20
558.4747302736727
 10
623.2813304464354
 20
558.3440324378311
 10
623.0663868585741
 20
558.2370978448698
 10
622.8394352490445
 20
558.1539264947887
 10
622.6004756178468
 20
558.0945183875881
 10
622.3495079649807
 20
558.0588735232676
 10
622.0865322904465
 20
558.0469919018275
 10
621.7778629334589
 20
558.0649407342157
 10
621.4828448011046
 20
558.1187872313807
 10
621.2014778933839
 20
558.2085313933221
 10
620.9337622102964
 20
558.3341732200403
 10
620.6857649627905
 20
558.4888870992183
 10
620.4635533618141
 20
558.6658474185397
 10
620.2671274073675
 20
558.8650541780041
 10
620.0964870994505
 20
559.086507377612
 10
619.948346032133
 20
559.3264150105203
 10
619.8194177994847
 20
559.5809850698868
 10
619.7097024015054
 20
559.8502175557113
 10
619.6191998381954
 20
560.1341124679939
 10
619.563078136925
 20
560.3757897040955
 10
619.5079676374792
 20
560.6720718387305
 10
619.4538683398581
 20
561.022958871899
 10
619.4007802440617
 20
561.428450803601
 10
619.3469337468968
 20
561.8547987729372
 10
619.2905592451701
 20
562.2520746898135
 10
619.2316567388818
 20
562.6202785542298
 10
619.1702262280317
 20
562.9594103661863
 10
619.1062677126199
 20
563.2694701256828
 10
619.0397811926463
 20
563.5504578327193
 10
618.970766668111
 20
563.802373487296
 10
618.899224139014
 20
564.0252170894128
 10
618.7632174935928
 20
564.0287562957992
 10
618.6545132974383
 20
564.031284300361
 10
618.5731115505505
 20
564.032801103098
 10
618.5190122529294
 20
564.0333067040103
 10
618.3047638663226
 20
564.0268602923779
 10
618.1069475093669
 20
564.0075210574806
 10
617.9255631820627
 20
563.9752889993185
 10
617.7606108844096
 20
563.9301641178916
 10
617.6120906164078
 20
563.8721464131999
 10
617.4800023780573
 20
563.8012358852433
 10
617.364346169358
 20
563.7174325340218
 10
617.26512199031
 20
563.6207363595355
 10
617.1494657816107
 20
563.472721692446
 10
617.049230400738
 20
563.307769394793
 10
616.964415847692
 20
563.1258794665763
 10
616.8950221224724
 20
562.9270519077961
 10
616.8410492250794
 20
562.7112867184522
 10
616.8024971555129
 20
562.4785838985447
 10
616.7793659137731
 20
562.2289434480737
 10
616.7716554998598
 20
561.962365367039
 10
616.7772803100096
 20
561.7139257187347
 10
616.7941547404592
 20
561.4822973007659
 10
616.8222787912085
 20
561.2674801131327
 10
616.8616524622574
 20
561.069474155835
 10
616.9122757536062
 20
560.8882794288728
 10
616.9741486652546
 20
560.7238959322461
 10
617.0472711972027
 20
560.576323665955
 10
617.1316433494505
 20
560.4455626299994
 10
617.3462709367417
 20
560.2167782171625
 10
617.6301658490243
 20
560.0198466618036
 10
617.9833280862982
 20
559.8547679639225
 10
618.4057576485637
 20
559.7215421235192
 10
618.2116068982227
 20
558.2977699543513
 10
617.7765373131485
 20
558.4105189578046
 10
617.3854550074485
 20
558.5546152178234
 10
617.0383599811225
 20
558.7300587344076
 10
616.7352522341708
 20
558.9368495075573
 10
616.4703173561013
 20
559.1840883536947
 10
616.2377409364219
 20
559.4808760892422
 10
616.0375229751327
 20
559.8272127141995
 10
615.8696634722336
 20
560.2230982285669
 10
615.7369432327426
 20
560.6604430177466
 10
615.6421430616776
 20
561.1311574671413
 10
615.5852629590387
 20
561.6352415767508
 10
615.5663029248257
 20
562.1726953465751
 10
615.5824821540208
 20
562.6970034926784
 10
615.6310198416061
 20
563.1697403457224
 10
615.7119159875815
 20
563.590905905707
 10
615.8251705919471
 20
563.9605001726324
 10
615.9629468405615
 20
564.2815567519724
 10
616.1174079192833
 20
564.5571092492013
 10
616.2885538281126
 20
564.7871576643189
 10
616.4763845670494
 20
564.9717019973255
 10
616.6854505443047
 20
565.12135986738
 10
616.9203021680896
 20
565.2467488936419
 10
617.1809394384043
 20
565.3478690761112
 10
617.4673623552486
 20
565.4247204147879
 10
617.6908379585058
 20
565.4565732722657
 10
617.9891424967902
 20
565.4793253133214
 10
618.362275970102
 20
565.4929765379547
 10
618.810238378441
 20
565.4975269461659
 10
620.7517458818517
 20
565.4975269461659
 10
621.2360483557655
 20
565.4989805487888
 10
621.6737091455155
 20
565.5033413566579
 10
622.0647282511015
 20
565.5106093697729
 10
622.4091056725235
 20
565.5207845881338
 10
622.7068414097816
 20
565.5338670117408
 10
622.9579354628758
 20
565.5498566405937
 10
623.1623878318059
 20
565.5687534746926
 10
623.320198516572
 20
565.5905575140375
 10
623.5863973969224
 20
565.6484488185013
 10
623.847034667237
 20
565.7290921640205
 10
624.1021103275158
 20
565.8324875505954
 10
624.3516243777589
 20
565.9586349782259
 10
624.3516243777589
 20
564.4377874338875
 10
624.115508751693
 20
564.3346448477688
 10
623.860180290958
 20
564.251726298144
 10
623.585638995554
 20
564.1890317850131
 10
623.2918848654806
 20
564.1465613083759
  0
LWPOLYLINE
  5
88
330
17
100
AcDbEntity
  8
line engraving
 62
1
420
16711680
100
AcDbPolyline
 90
42
 70
0
 10
620.0398597972677
 20
564.0252170894128
 10
620.1192391405061
 20
563.8146343094204
 10
620.1955848782704
 20
563.5792770847231
 10
620.2688970105607
 20
563.3191454153208
 10
620.3391755373768
 20
563.0342393012136
 10
620.406420458719
 20
562.7245587424013
 10
620.470631774587
 20
562.390103738884
 10
620.531809484981
 20
562.0308742906618
 10
620.5899535899008
 20
561.6468703977347
 10
620.6566929103305
 20
561.2307608468735
 10
620.7274770380591
 20
560.8803794146174
 10
620.8023059730863
 20
560.5957261009663
 10
620.8811797154124
 20
560.3768009059203
 10
620.9714294782663
 20
560.201357389336
 10
621.0803864748768
 20
560.0471491110703
 10
621.2080507052444
 20
559.9141760711232
 10
621.3544221693687
 20
559.8024382694946
 10
621.5144448581264
 20
559.7139581098339
 10
621.6830627623939
 20
559.6507579957906
 10
621.8602758821714
 20
559.6128379273647
 10
622.0460842174588
 20
559.600197904556
 10
622.325175921074
 20
559.6277531542789
 10
622.5799987808966
 20
559.7104189034476
 10
622.8105527969267
 20
559.848195152062
 10
623.016837969164
 20
560.0410819001222
 10
623.1867198757125
 20
560.2870567439787
 10
623.3080640946756
 20
560.5840972799823
 10
623.3808706260536
 20
560.9322035081328
 10
623.4051394698462
 20
561.3313754284304
 10
623.3821346283344
 20
561.7404065665188
 10
623.3131201037991
 20
562.1261800626392
 10
623.1980958962403
 20
562.4886959167917
 10
623.037062005658
 20
562.8279541289762
 10
622.8360856430002
 20
563.1338426809458
 10
622.6012340192152
 20
563.3962495544537
 10
622.332507134303
 20
563.6151747494997
 10
622.0299049882636
 20
563.7906182660839
 10
621.7538468901224
 20
563.8932552512903
 10
621.419139086149
 20
563.9665673835806
 10
621.0257815763434
 20
564.0105546629547
 10
620.5737743607057
 20
564.0252170894128
 10
620.0398597972677
 20
564.0252170894128
  0
LWPOLYLINE
  5
89
330
17
100
AcDbEntity
  8
line engraving
 62
1
420
16711680
100
AcDbPolyline
 90
104
 70
0
 10
624.3516243777589
 20
567.7545294188807
 10
615.7604536751668
 20
567.7545294188807
 10
615.7604536751668
 20
569.0569573690854
 10
616.9658062502009
 20
569.0569573690854
 10
616.6657321087232
 20
569.2758825641314
 10
616.3964996228988
 20
569.5281774193923
 10
616.1581087927274
 20
569.813841934868
 10
615.9505596182091
 20
570.1328761105588
 10
615.7824473148538
 20
570.4802239373408
 10
615.6623670981716
 20
570.8508294060907
 10
615.5903189681621
 20
571.2446925168088
 10
615.5663029248257
 20
571.6618132694946
 10
615.5910773695307
 20
572.117612491975
 10
615.6654007036456
 20
572.530435636906
 10
615.7892729271705
 20
572.9002827042874
 10
615.9626940401054
 20
573.2271536941195
 10
616.1806080333267
 20
573.5100374045774
 10
616.437958897711
 20
573.7479226338363
 10
616.7347466332585
 20
573.9408093818965
 10
617.0709712399689
 20
574.088697648758
 10
616.7183146036073
 20
574.3531269259151
 10
616.4126788520938
 20
574.6367690377416
 10
616.1540639854285
 20
574.9396239842371
 10
615.9424700036114
 20
575.2616917654018
 10
615.7778969066427
 20
575.6029723812358
 10
615.6603446945221
 20
575.9634658317389
 10
615.5898133672498
 20
576.3431721169111
 10
615.5663029248257
 20
576.7420912367525
 10
615.5773629447832
 20
577.0524037967051
 10
615.6105430046559
 20
577.3442619233572
 10
615.6658431044439
 20
577.6176656167086
 10
615.743263244147
 20
577.8726148767593
 10
615.8428034237652
 20
578.1091097035094
 10
615.9644636432986
 20
578.3271500969588
 10
616.1082439027472
 20
578.5267360571075
 10
616.2741442021108
 20
578.7078675839557
 10
616.4630493429863
 20
578.8690278747662
 10
616.6758441269701
 20
579.0087001268018
 10
616.9125285540623
 20
579.1268843400629
 10
617.1731026242629
 20
579.2235805145492
 10
617.4575663375718
 20
579.2987886502607
 10
617.7659196939892
 20
579.3525087471975
 10
618.098162693515
 20
579.3847408053596
 10
618.454295336149
 20
579.395484824747
 10
624.3516243777589
 20
579.395484824747
 10
624.3516243777589
 20
577.9474438117866
 10
618.9396722120017
 20
577.9474438117866
 10
618.5334218789312
 20
577.9385957958204
 10
618.1883492562547
 20
577.9120517479223
 10
617.9044543439721
 20
577.8678116680919
 10
617.6817371420835
 20
577.8058755563295
 10
617.4989624122703
 20
577.7206818025991
 10
617.3348949162139
 20
577.6066687968649
 10
617.1895346539143
 20
577.4638365391271
 10
617.0628816253715
 20
577.2921850293855
 10
616.9602446401651
 20
577.0980342790444
 10
616.8869325078748
 20
576.8877042995082
 10
616.8429452285006
 20
576.661195090777
 10
616.8282828020426
 20
576.4185066528506
 10
616.8376996190351
 20
576.1968006527867
 10
616.8659500700124
 20
575.9847010700573
 10
616.9130341549748
 20
575.7822079046625
 10
616.9789518739219
 20
575.5893211566023
 10
617.0637032268539
 20
575.4060408258767
 10
617.1672882137709
 20
575.2323669124856
 10
617.2897068346729
 20
575.0682994164292
 10
617.4309590895597
 20
574.9138383377074
 10
617.5929409818527
 20
574.7735340845312
 10
617.7775485149732
 20
574.6519370651118
 10
617.9847816889212
 20
574.5490472794494
 10
618.2146405036967
 20
574.4648647275437
 10
618.4671249592998
 20
574.3993894093948
 10
618.7422350557304
 20
574.3526213250027
 10
619.0399707929885
 20
574.3245604743676
 10
619.360332171074
 20
574.3152068574891
 10
624.3516243777589
 20
574.3152068574891
 10
624.3516243777589
 20
572.8590762299311
 10
618.7697903054533
 20
572.8590762299311
 10
618.3147494843414
 20
572.8368297897879
 10
617.920380772711
 20
572.7700904693581
 10
617.5866841705624
 20
572.658858268642
 10
617.3136596778953
 20
572.5031331876393
 10
617.1998994726173
 20
572.4070690142934
 10
617.1013072947097
 20
572.2968480154019
 10
617.0178831441726
 20
572.1724701909646
 10
616.9496270210058
 20
572.0339355409817
 10
616.8965389252094
 20
571.8812440654531
 10
616.8586188567834
 20
571.7143957643787
 10
616.8358668157279
 20
571.5333906377587
 10
616.8282828020426
 20
571.3382286855929
 10
616.8485068385365
 20
571.0366377413782
 10
616.909178948018
 20
570.7466756181474
 10
617.0102991304874
 20
570.4683423159006
 10
617.1518673859445
 20
570.2016378346378
 10
617.3323669116521
 20
569.9586965962553
 10
617.5502809048735
 20
569.7516530226494
 10
617.8056093656085
 20
569.5805071138202
 10
618.0983522938571
 20
569.4452588697675
 10
618.4441833179021
 20
569.3426218845611
 10
618.8587760660263
 20
569.2693097522708
 10
619.3421305382295
 20
569.2253224728967
 10
619.894246734512
 20
569.2106600464386
 10
624.3516243777589
 20
569.2106600464386
 10
624.3516243777589
 20
567.7545294188807
  0
LWPOLYLINE
  5
8A
330
17
100
AcDbEntity
  8
line engraving
 62
1
420
16711680
100
AcDbPolyline
 90
95
 70
0
 10
621.5849761853987
 20
587.4365617347061
 10
621.7710373211422
 20
588.9412300498493
 10
622.0914618993418
 20
588.8427642721698
 10
622.3934320442407
 20
588.7253384602774
 10
622.676947755839
 20
588.5889526141718
 10
622.9420090341367
 20
588.4336067338534
 10
623.1886158791337
 20
588.259300819322
 10
623.4167682908301
 20
588.0660348705775
 10
623.6264662692258
 20
587.8538088876201
 10
623.8177098143209
 20
587.6226228704496
 10
623.9883501222379
 20
587.373614421119
 10
624.1362383890992
 20
587.1079211416809
 10
624.261374614905
 20
586.8255430321353
 10
624.3637587996551
 20
586.5264800924823
 10
624.4433909433498
 20
586.2107323227219
 10
624.5002710459887
 20
585.8782997228541
 10
624.5343991075721
 20
585.5291822928788
 10
624.5457751280999
 20
585.1633800327961
 10
624.5276366953694
 20
584.7043576044995
 10
624.4732213971781
 20
584.2697304202236
 10
624.382529233526
 20
583.8594984799685
 10
624.255560204413
 20
583.4736617837341
 10
624.0923143098391
 20
583.1122203315203
 10
623.8927915498043
 20
582.7751741233272
 10
623.6569919243087
 20
582.462523159155
 10
623.3849154333523
 20
582.1742674390034
 10
623.0801012833214
 20
581.915462971996
 10
622.7460886806025
 20
581.6911657672563
 10
622.3828776251955
 20
581.5013758247843
 10
621.9904681171006
 20
581.3460931445799
 10
621.5688601563177
 20
581.2253177266431
 10
621.1180537428467
 20
581.139049570974
 10
620.6380488766877
 20
581.0872886775725
 10
620.1288455578407
 20
581.0700350464386
 10
619.6020094071756
 20
581.0874782779146
 10
619.1055093112514
 20
581.1398079723425
 10
618.6393452700679
 20
581.2270241297223
 10
618.2035172836252
 20
581.349126750054
 10
617.7980253519233
 20
581.5061158333375
 10
617.4228694749622
 20
581.6979913795731
 10
617.0780496527418
 20
581.9247533887605
 10
616.7635658852623
 20
582.1864018608998
 10
616.48295737891
 20
582.4758583832181
 10
616.2397633400712
 20
582.7860445429427
 10
616.0339837687462
 20
583.1169603400735
 10
615.8656186649348
 20
583.4686057746105
 10
615.7346680286371
 20
583.8409808465537
 10
615.641131859853
 20
584.2340855559032
 10
615.5850101585825
 20
584.6479199026588
 10
615.5663029248257
 20
585.0824838868207
 10
615.5846309578982
 20
585.5033966463492
 10
615.6396150571159
 20
585.9045909702961
 10
615.7312552224787
 20
586.2860668586616
 10
615.8595514539867
 20
586.6478243114454
 10
616.0245037516397
 20
586.989863328648
 10
616.2261121154379
 20
587.3121839102688
 10
616.4643765453812
 20
587.6147860563082
 10
616.7392970414696
 20
587.8976697667661
 10
617.0474607975449
 20
588.1536302286415
 10
617.3854550074485
 20
588.3754626289335
 10
617.7532796711806
 20
588.5631669676422
 10
618.1509347887411
 20
588.7167432447675
 10
618.57842036013
 20
588.8361914603094
 10
619.0357363853475
 20
588.9215116142678
 10
619.5228828643934
 20
588.9727037066428
 10
620.0398597972677
 20
588.9897677374346
 10
620.1126663286456
 20
588.9892621365223
 10
620.2016520892186
 20
588.9877453337851
 10
620.3068170789867
 20
588.9852173292235
 10
620.4281612979498
 20
588.981678122837
 10
620.4281612979498
 20
582.5747033615819
 10
620.7717171178892
 20
582.6049130160945
 10
621.0945433004225
 20
582.655093906645
 10
621.3966398455495
 20
582.7252460332331
 10
621.6780067532704
 20
582.8153693958589
 10
621.9386440235851
 20
582.9254639945223
 10
622.1785516564935
 20
583.0555298292235
 10
622.3977296519957
 20
583.2055668999624
 10
622.5961780100918
 20
583.3755752067389
 10
622.7725063282726
 20
583.56113074157
 10
622.9253242040293
 20
583.7578094964729
 10
623.0546316373619
 20
583.9656114714472
 10
623.1604286282704
 20
584.1845366664933
 10
623.2427151767548
 20
584.414585081611
 10
623.301491282815
 20
584.6557567168002
 10
623.3367569464513
 20
584.9080515720611
 10
623.3485121676633
 20
585.1714696473937
 10
623.3222209202213
 20
585.557243143514
 10
623.2433471778952
 20
585.9136917867183
 10
623.1118909406852
 20
586.2408155770065
 10
622.927852208591
 20
586.5386145143787
 10
622.6861749724894
 20
586.8070885988346
 10
622.3818032232568
 20
587.0462378303746
 10
622.0147369608932
 20
587.2560622089984
 10
621.5849761853987
 20
587.4365617347061
  0
LWPOLYLINE
  5
8B
330
17
100
AcDbEntity
  8
line engraving
 62
1
420
16711680
100
AcDbPolyline
 90
34
 70
0
 10
619.2308983375133
 20
582.6555995075573
 10
619.2308983375133
 20
587.4527409639012
 10
618.9683650637774
 20
587.4229105100727
 10
618.722769420605
 20
587.3819568361727
 10
618.4941114079963
 20
587.3298799422009
 10
618.2823910259513
 20
587.2666798281576
 10
618.0876082744697
 20
587.1923564940427
 10
617.9097631535518
 20
587.1069099398561
 10
617.7488556631976
 20
587.0103401655979
 10
617.6048858034069
 20
586.9026471712681
 10
617.4077014475918
 20
586.7222740457885
 10
617.2368083392187
 20
586.5290080970441
 10
617.0922064782875
 20
586.3228493250348
 10
616.9738958647985
 20
586.1037977297606
 10
616.8818764987514
 20
585.8718533112217
 10
616.8161483801464
 20
585.6270160694179
 10
616.7767115089833
 20
585.3692860043492
 10
616.7635658852623
 20
585.0986631160157
 10
616.7740571041935
 20
584.8528778725013
 10
616.805530760987
 20
584.6170782470057
 10
616.857986855643
 20
584.3912642395289
 10
616.9314253881614
 20
584.175435850071
 10
617.025846358542
 20
583.969593078632
 10
617.1412497667851
 20
583.7737359252117
 10
617.2776356128907
 20
583.5878643898103
 10
617.4350038968585
 20
583.4119784724278
 10
617.6099418125303
 20
583.2506285812752
 10
617.7990365537479
 20
583.1083651245638
 10
618.0022881205113
 20
582.9851881022933
 10
618.2196965128203
 20
582.8810975144639
 10
618.4512617306749
 20
582.7960933610757
 10
618.6969837740753
 20
582.7301756421284
 10
618.9568626430215
 20
582.6833443576223
 10
619.2308983375133
 20
582.6555995075573
  0
LWPOLYLINE
  5
8C
330
17
100
AcDbEntity
  8
line engraving
 62
1
420
16711680
100
AcDbPolyline
 90
159
 70
0
 10
621.7872165503373
 20
594.7900214038739
 10
621.5607073416061
 20
596.2299728022367
 10
621.9682216769573
 20
596.3176945605289
 10
622.325175921074
 20
596.4595156164421
 10
622.631570073956
 20
596.6554359699765
 10
622.8874041356033
 20
596.9054556211318
 10
623.0891388996296
 20
597.2100801708206
 10
623.2332351596483
 20
597.5698152199551
 10
623.3196929156596
 20
597.9846607685354
 10
623.3485121676633
 20
598.4546168165615
 10
623.342128956145
 20
598.6973052544878
 10
623.3229793215899
 20
598.9238144632191
 10
623.291063263998
 20
599.1341444427552
 10
623.2463807833693
 20
599.3282951930962
 10
623.188931879704
 20
599.5062667142422
 10
623.1187165530018
 20
599.6680590061931
 10
623.035734803263
 20
599.8136720689489
 10
622.9399866304874
 20
599.9431059025096
 10
622.7268758459334
 20
600.1554582856952
 10
622.4960690294471
 20
600.3071385593992
 10
622.2475661810288
 20
600.3981467236215
 10
621.9813673006784
 20
600.4284827783623
 10
621.7477796791743
 20
600.401685930008
 10
621.5404833051123
 20
600.3212953849448
 10
621.3594781784922
 20
600.187311143173
 10
621.2047642993141
 20
599.9997332046925
 10
621.1545834087638
 20
599.9110002445757
 10
621.1011161122831
 20
599.7944592342798
 10
621.0443624098722
 20
599.6501101738048
 10
620.984322301531
 20
599.4779530631508
 10
620.9209957872597
 20
599.2779879023178
 10
620.854382867058
 20
599.0502146913057
 10
620.7844835409261
 20
598.7946334301145
 10
620.711297808864
 20
598.5112441187442
 10
620.6118840294738
 20
598.1261658238783
 10
620.515883056242
 20
597.7718027844375
 10
620.4232948891686
 20
597.4481550004217
 10
620.3341195282534
 20
597.1552224718309
 10
620.2483569734966
 20
596.8930051986652
 10
620.1660072248982
 20
596.6615031809246
 10
620.0870702824581
 20
596.460716418609
 10
620.0115461461763
 20
596.2906449117183
 10
619.8497538542255
 20
595.9999243871191
 10
619.6596479111831
 20
595.7466183300335
 10
619.4412283170494
 20
595.5307267404615
 10
619.1944950718243
 20
595.3522496184032
 10
618.9267793887368
 20
595.2124509661394
 10
618.645412481016
 20
595.1125947859509
 10
618.3503943486619
 20
595.0526810778379
 10
618.0417249916743
 20
595.0327098418002
 10
617.7598524830411
 20
595.0491418714514
 10
617.4885975935672
 20
595.0984379604052
 10
617.2279603232525
 20
595.1805981086616
 10
616.9779406720972
 20
595.2956223162204
 10
616.7435946492246
 20
595.4389601748707
 10
616.5299782637583
 20
595.6060612764011
 10
616.337091515698
 20
595.796925620812
 10
616.164934405044
 20
596.011553208103
 10
616.0443485874493
 20
596.196855942478
 10
615.9333691871893
 20
596.4130003325063
 10
615.8319962042638
 20
596.6599863781875
 10
615.7402296386729
 20
596.9378140795219
 10
615.6641367013647
 20
597.2363714182625
 10
615.6097846032875
 20
597.5455463761624
 10
615.5771733444411
 20
597.8653389532216
 10
615.5663029248257
 20
598.1957491494401
 10
615.5845045576701
 20
598.68592923396
 10
615.6391094562036
 20
599.1452676628268
 10
615.730117620426
 20
599.5737644360405
 10
615.8575290503373
 20
599.971419553601
 10
616.016034936358
 20
600.3286265981739
 10
616.2003264689083
 20
600.6357791524243
 10
616.4104036479882
 20
600.8928772163525
 10
616.6462664735978
 20
601.0999207899584
 10
616.9160045603347
 20
601.2677802928575
 10
617.2277075227964
 20
601.4073261446651
 10
617.5813753609827
 20
601.5185583453814
 10
617.9770080748939
 20
601.6014768950062
 10
618.171158825235
 20
600.1777047258383
 10
617.8576862595802
 20
600.1061621967414
 10
617.5806169596142
 20
599.9886099846208
 10
617.3399509253373
 20
599.8250480894767
 10
617.1356881567493
 20
599.6154765113091
 10
616.9728846629738
 20
599.3588840482932
 10
616.8565964531341
 20
599.0542594986044
 10
616.7868235272302
 20
598.7016028622427
 10
616.7635658852623
 20
598.3009141392081
 10
616.7687482946138
 20
598.0591105028784
 10
616.7842955226686
 20
597.835255698937
 10
616.8102075694263
 20
597.6293497273839
 10
616.8464844348871
 20
597.4413925882191
 10
616.8931261190511
 20
597.2713842814426
 10
616.9501326219182
 20
597.1193248070543
 10
617.0175039434884
 20
596.9852141650545
 10
617.0952400837616
 20
596.8690523554428
 10
617.2681555957842
 20
596.6814744169623
 10
617.4552279333523
 20
596.5474901751904
 10
617.6564570964663
 20
596.4670996301273
 10
617.8718430851259
 20
596.440302781773
 10
618.0098721341965
 20
596.4514260018445
 10
618.1408227704942
 20
596.4847956620595
 10
618.2646949940191
 20
596.5404117624175
 10
618.3814888047712
 20
596.6182743029188
 10
618.4937322073121
 20
596.7199000863005
 10
618.5958635916061
 20
596.8468059152995
 10
618.6878829576531
 20
596.9989917899157
 10
618.7697903054533
 20
597.1764577101494
 10
618.7933007478774
 20
597.2443346326319
 10
618.823384002162
 20
597.3387556030126
 10
618.8600400683072
 20
597.4597206212916
 10
618.9032689463128
 20
597.6072296874686
 10
618.9530706361788
 20
597.781282801544
 10
619.0094451379055
 20
597.9818799635174
 10
619.0723924514926
 20
598.209021173389
 10
619.1419125769403
 20
598.462706431159
 10
619.2427167588394
 20
598.8343863018476
 10
619.3388441322993
 20
599.1768677198484
 10
619.4302946973199
 20
599.4901506851611
 10
619.5170684539014
 20
599.7742351977859
 10
619.5991654020437
 20
600.0291212577225
 10
619.6765855417468
 20
600.2548088649712
 10
619.7493288730107
 20
600.4512980195319
 10
619.8173953958353
 20
600.6185887214045
 10
619.9637668599596
 20
600.9075396428105
 10
620.1399687779124
 20
601.1636265049141
 10
620.3460011496935
 20
601.3868493077151
 10
620.5818639753032
 20
601.5772080512136
 10
620.8478100551974
 20
601.7293939258299
 10
621.1440921898326
 20
601.8380981219843
 10
621.4707103792084
 20
601.9033206396771
 10
621.8276646233251
 20
601.925061478908
 10
622.1863884706349
 20
601.8985174310099
 10
622.5344946987855
 20
601.8188852873152
 10
622.8719833077768
 20
601.6861650478243
 10
623.1988542976088
 20
601.5003567125369
 10
623.5022148450167
 20
601.2644938869273
 10
623.7691721267357
 20
600.9816101764694
 10
623.9997261427657
 20
600.6517055811632
 10
624.1938768931068
 20
600.2747801010089
 10
624.3478323709163
 20
599.8611985547095
 10
624.4578005693515
 20
599.421325760968
 10
624.5237814884129
 20
598.9551617197844
 10
624.5457751280999
 20
598.462706431159
 10
624.5349047084844
 20
598.0565192982026
 10
624.502293449638
 20
597.6752330101792
 10
624.4479413515609
 20
597.318847567089
 10
624.3718484142527
 20
596.9873629689318
 10
624.2740146377137
 20
596.6807792157077
 10
624.1544400219437
 20
596.3990963074167
 10
624.0131245669429
 20
596.1423142440586
 10
623.8500682727112
 20
595.9104330256338
 10
623.6656503399328
 20
595.7009246475802
 10
623.460249969292
 20
595.5112611053362
 10
623.2338671607888
 20
595.3414423989018
 10
622.9865019144233
 20
595.191468528277
 10
622.7181542301954
 20
595.0613394934618
 10
622.4288241081051
 20
594.9510552944562
 10
622.1185115481524
 20
594.8606159312602
 10
621.7872165503373
 20
594.7900214038739
  0
LWPOLYLINE
  5
8D
330
17
100
AcDbEntity
  8
line engraving
 62
1
420
16711680
100
AcDbPolyline
 90
50
 70
0
 10
627.6440975189594
 20
603.6562390027824
 10
615.7604536751668
 20
603.6562390027825
 10
615.7604536751668
 20
604.9829357967798
 10
616.8768204896279
 20
604.9829357967798
 10
616.5696679353774
 20
605.2251186337937
 10
616.3034690550269
 20
605.4824694981781
 10
616.0782238485766
 20
605.7549883899329
 10
615.8939323160263
 20
606.042675309058
 10
615.750594457376
 20
606.3536198701512
 10
615.6482102726259
 20
606.6959116878097
 10
615.5867797617757
 20
607.0695507620338
 10
615.5663029248257
 20
607.4745370928234
 10
615.6016949886899
 20
608.0084516562613
 10
615.7078711802827
 20
608.5100077613091
 10
615.8848314996039
 20
608.9792054079667
 10
616.1325759466538
 20
609.4160445962341
 10
616.4447845100278
 20
609.8109189087767
 10
616.8151371783216
 20
610.15422192826
 10
617.2436339515352
 20
610.4459536546839
 10
617.7302748296688
 20
610.6861140880485
 10
618.2583749826148
 20
610.873692026529
 10
618.8112495802657
 20
611.0076762683009
 10
619.3888986226216
 20
611.088066813364
 10
619.9913221096824
 20
611.1148636617183
 10
620.6341936697311
 20
611.0852860083461
 10
621.2442011704771
 20
610.9965530482293
 10
621.8213446119207
 20
610.8486647813679
 10
622.3656239940617
 20
610.641621207762
 10
622.6218372563933
 20
610.5166113821844
 10
622.8626296908984
 20
610.3782031324295
 10
623.0880012975769
 20
610.2263964584974
 10
623.2979520764287
 20
610.0611913603882
 10
623.4924820274541
 20
609.8825878381018
 10
623.6715911506528
 20
609.6905858916382
 10
623.8352794460251
 20
609.4851855209974
 10
623.9835469135706
 20
609.2663867261795
 10
624.2295217574272
 20
608.8095763018744
 10
624.4052180744676
 20
608.3411370565854
 10
624.5106358646918
 20
607.8610689903123
 10
624.5457751280999
 20
607.3693721030553
 10
624.5265622934307
 20
607.0146930630442
 10
624.4689237894232
 20
606.6787212567899
 10
624.3728596160774
 20
606.3614566842925
 10
624.2383697733933
 20
606.0628993455518
 10
624.074555077793
 20
605.7865884469545
 10
623.8905163456989
 20
605.5360631948868
 10
623.6862535771108
 20
605.3113235893488
 10
623.461766772029
 20
605.1123696303405
 10
627.6440975189594
 20
605.1123696303405
 10
627.6440975189594
 20
603.6562390027824
  0
LWPOLYLINE
  5
8E
330
17
100
AcDbEntity
  8
line engraving
 62
1
420
16711680
100
AcDbPolyline
 90
65
 70
0
 10
620.1045767140481
 20
604.9748461821822
 10
620.505644637767
 20
604.9853374011134
 10
620.8796629126753
 20
605.0168110579069
 10
621.2266315387731
 20
605.0692671525629
 10
621.5465505160604
 20
605.1427056850812
 10
621.8394198445371
 20
605.2371266554619
 10
622.1052395242033
 20
605.352530063705
 10
622.344009555059
 20
605.4889159098105
 10
622.555729937104
 20
605.6462841937783
 10
622.7415382723914
 20
605.8185677046604
 10
622.9025721629737
 20
605.9996992315085
 10
623.0388316088511
 20
606.1896787743228
 10
623.1503166100235
 20
606.3885063331031
 10
623.237027166491
 20
606.5961819078494
 10
623.2989632782534
 20
606.8127054985617
 10
623.3361249453109
 20
607.0380771052402
 10
623.3485121676633
 20
607.2722967278847
 10
623.3356825445126
 20
607.5106243579421
 10
623.2971936750602
 20
607.7402303722615
 10
623.2330455593062
 20
607.9611147708429
 10
623.1432381972506
 20
608.1732775536863
 10
623.0277715888935
 20
608.3767187207917
 10
622.8866457342348
 20
608.5714382721592
 10
622.7198606332745
 20
608.7574362077887
 10
622.5274162860126
 20
608.9347125276802
 10
622.3080486901682
 20
609.0968208202013
 10
622.0604938434606
 20
609.2373146737195
 10
621.7847517458896
 20
609.356194088235
 10
621.4808223974553
 20
609.4534590637477
 10
621.1487057981577
 20
609.5291096002576
 10
620.7884019479968
 20
609.5831456977646
 10
620.3999108469725
 20
609.6155673562688
 10
619.983232495085
 20
609.6263745757702
 10
619.5855773775244
 20
609.615820156725
 10
619.2137079064936
 20
609.5841568995893
 10
618.8676240819924
 20
609.5313848043631
 10
618.5473259040208
 20
609.4575038710465
 10
618.252813372579
 20
609.3625140996394
 10
617.9840864876668
 20
609.2464154901418
 10
617.7411452492843
 20
609.1092080425537
 10
617.5239896574315
 20
608.9508917568752
 10
617.3324933118802
 20
608.7779130447386
 10
617.1665298124025
 20
608.5967183177764
 10
617.0260991589982
 20
608.4073075759886
 10
616.9112013516675
 20
608.2096808193752
 10
616.8218363904102
 20
608.0038380479361
 10
616.7580042752264
 20
607.7897792616715
 10
616.7197050061162
 20
607.5675044605811
 10
616.7069385830795
 20
607.3370136446651
 10
616.7205266075988
 20
607.10778683103
 10
616.7612906811568
 20
606.8852592294835
 10
616.8292308037533
 20
606.6694308400256
 10
616.9243469753885
 20
606.4603016626563
 10
617.0466391960623
 20
606.2578716973755
 10
617.1961074657747
 20
606.0621409441834
 10
617.3727517845258
 20
605.8731094030799
 10
617.5765721523155
 20
605.6907770740648
 10
617.806304566863
 20
605.5229807712799
 10
618.0606850258873
 20
605.3775573088662
 10
618.3397135293885
 20
605.2545066868239
 10
618.6433900773666
 20
605.1538289051529
 10
618.9717146698216
 20
605.0755239638532
 10
619.3246873067536
 20
605.0195918629249
 10
619.7023079881624
 20
604.9860326023679
 10
620.1045767140481
 20
604.9748461821822
  0
LWPOLYLINE
  5
8F
330
17
100
AcDbEntity
  8
line engraving
 62
1
420
16711680
100
AcDbPolyline
 90
128
 70
0
 10
623.2918848654806
 20
618.4764129454837
 10
623.6104134402589
 20
618.075724222449
 10
623.8783819238025
 20
617.6826195130997
 10
624.0957903161116
 20
617.2970988174354
 10
624.2626386171859
 20
616.9191621354564
 10
624.3865108407108
 20
616.5381918480033
 10
624.4749910003713
 20
616.1435703359168
 10
624.5280790961677
 20
615.735297599197
 10
624.5457751280999
 20
615.3133736378438
 10
624.5349679085984
 20
614.9696914176762
 10
624.5025462500943
 20
614.6464860344588
 10
624.4485101525872
 20
614.3437574881913
 10
624.3728596160774
 20
614.0615057788739
 10
624.2755946405647
 20
613.7997309065064
 10
624.1567152260493
 20
613.558432871089
 10
624.016221372531
 20
613.3376116726217
 10
623.8541130800099
 20
613.1372673111044
 10
623.6751935571533
 20
612.9590429895023
 10
623.4842660126285
 20
612.8045819107805
 10
623.2813304464354
 20
612.6738840749389
 10
623.0663868585741
 20
612.5669494819776
 10
622.8394352490445
 20
612.4837781318965
 10
622.6004756178468
 20
612.4243700246959
 10
622.3495079649807
 20
612.3887251603754
 10
622.0865322904465
 20
612.3768435389353
 10
621.7778629334589
 20
612.3947923713235
 10
621.4828448011046
 20
612.4486388684885
 10
621.2014778933839
 20
612.5383830304299
 10
620.9337622102964
 20
612.6640248571481
 10
620.6857649627905
 20
612.8187387363262
 10
620.4635533618141
 20
612.9956990556474
 10
620.2671274073675
 20
613.194905815112
 10
620.0964870994505
 20
613.4163590147197
 10
619.948346032133
 20
613.6562666476281
 10
619.8194177994847
 20
613.9108367069946
 10
619.7097024015054
 20
614.1800691928191
 10
619.6191998381954
 20
614.4639641051017
 10
619.563078136925
 20
614.7056413412033
 10
619.5079676374792
 20
615.0019234758383
 10
619.4538683398581
 20
615.3528105090069
 10
619.4007802440617
 20
615.7583024407088
 10
619.3469337468968
 20
616.184650410045
 10
619.2905592451701
 20
616.5819263269212
 10
619.2316567388818
 20
616.9501301913376
 10
619.1702262280317
 20
617.2892620032941
 10
619.1062677126199
 20
617.5993217627905
 10
619.0397811926463
 20
617.8803094698271
 10
618.970766668111
 20
618.1322251244037
 10
618.899224139014
 20
618.3550687265205
 10
618.7632174935928
 20
618.3586079329069
 10
618.6545132974383
 20
618.3611359374686
 10
618.5731115505505
 20
618.3626527402057
 10
618.5190122529294
 20
618.363158341118
 10
618.3047638663226
 20
618.3567119294856
 10
618.1069475093669
 20
618.3373726945883
 10
617.9255631820627
 20
618.3051406364262
 10
617.7606108844096
 20
618.2600157549994
 10
617.6120906164078
 20
618.2019980503076
 10
617.4800023780573
 20
618.131087522351
 10
617.364346169358
 20
618.0472841711296
 10
617.26512199031
 20
617.9505879966433
 10
617.1494657816107
 20
617.8025733295539
 10
617.049230400738
 20
617.6376210319008
 10
616.964415847692
 20
617.4557311036841
 10
616.8950221224724
 20
617.2569035449039
 10
616.8410492250794
 20
617.04113835556
 10
616.8024971555129
 20
616.8084355356525
 10
616.7793659137731
 20
616.5587950851814
 10
616.7716554998598
 20
616.2922170041467
 10
616.7772803100096
 20
616.0437773558424
 10
616.7941547404592
 20
615.8121489378736
 10
616.8222787912085
 20
615.5973317502404
 10
616.8616524622574
 20
615.3993257929427
 10
616.9122757536062
 20
615.2181310659805
 10
616.9741486652546
 20
615.053747569354
 10
617.0472711972027
 20
614.9061753030628
 10
617.1316433494505
 20
614.7754142671072
 10
617.3462709367417
 20
614.5466298542703
 10
617.6301658490243
 20
614.3496982989113
 10
617.9833280862982
 20
614.1846196010302
 10
618.4057576485637
 20
614.051393760627
 10
618.2116068982227
 20
612.6276215914592
 10
617.7765373131485
 20
612.7403705949124
 10
617.3854550074485
 20
612.8844668549311
 10
617.0383599811225
 20
613.0599103715155
 10
616.7352522341708
 20
613.2667011446651
 10
616.4703173561013
 20
613.5139399908026
 10
616.2377409364219
 20
613.81072772635
 10
616.0375229751327
 20
614.1570643513073
 10
615.8696634722336
 20
614.5529498656747
 10
615.7369432327426
 20
614.9902946548544
 10
615.6421430616776
 20
615.461009104249
 10
615.5852629590387
 20
615.9650932138585
 10
615.5663029248257
 20
616.5025469836828
 10
615.5824821540208
 20
617.0268551297862
 10
615.6310198416061
 20
617.4995919828302
 10
615.7119159875815
 20
617.9207575428148
 10
615.8251705919471
 20
618.2903518097402
 10
615.9629468405615
 20
618.6114083890802
 10
616.1174079192833
 20
618.886960886309
 10
616.2885538281126
 20
619.1170093014267
 10
616.4763845670494
 20
619.3015536344332
 10
616.6854505443047
 20
619.4512115044878
 10
616.9203021680896
 20
619.5766005307497
 10
617.1809394384043
 20
619.6777207132191
 10
617.4673623552486
 20
619.7545720518957
 10
617.6908379585058
 20
619.7864249093735
 10
617.9891424967902
 20
619.8091769504291
 10
618.362275970102
 20
619.8228281750625
 10
618.810238378441
 20
619.8273785832736
 10
620.7517458818517
 20
619.8273785832736
 10
621.2360483557655
 20
619.8288321858965
 10
621.6737091455155
 20
619.8331929937656
 10
622.0647282511015
 20
619.8404610068806
 10
622.4091056725235
 20
619.8506362252415
 10
622.7068414097816
 20
619.8637186488485
 10
622.9579354628758
 20
619.8797082777014
 10
623.1623878318059
 20
619.8986051118004
 10
623.320198516572
 20
619.9204091511453
 10
623.5863973969224
 20
619.9783004556091
 10
623.847034667237
 20
620.0589438011283
 10
624.1021103275158
 20
620.1623391877031
 10
624.3516243777589
 20
620.2884866153336
 10
624.3516243777589
 20
618.7676390709953
 10
624.115508751693
 20
618.6644964848766
 10
623.860180290958
 20
618.5815779352517
 10
623.585638995554
 20
618.5188834221208
 10
623.2918848654806
 20
618.4764129454837
  0
LWPOLYLINE
  5
90
330
17
100
AcDbEntity
  8
line engraving
 62
1
420
16711680
100
AcDbPolyline
 90
42
 70
0
 10
620.0398597972677
 20
618.3550687265205
 10
620.1192391405061
 20
618.1444859465281
 10
620.1955848782704
 20
617.9091287218308
 10
620.2688970105607
 20
617.6489970524286
 10
620.3391755373768
 20
617.3640909383214
 10
620.406420458719
 20
617.0544103795091
 10
620.470631774587
 20
616.7199553759918
 10
620.531809484981
 20
616.3607259277696
 10
620.5899535899008
 20
615.9767220348425
 10
620.6566929103305
 20
615.5606124839813
 10
620.7274770380591
 20
615.2102310517251
 10
620.8023059730863
 20
614.925577738074
 10
620.8811797154124
 20
614.706652543028
 10
620.9714294782663
 20
614.5312090264438
 10
621.0803864748768
 20
614.377000748178
 10
621.2080507052444
 20
614.244027708231
 10
621.3544221693687
 20
614.1322899066024
 10
621.5144448581264
 20
614.0438097469417
 10
621.683062762394
 20
613.9806096328984
 10
621.8602758821714
 20
613.9426895644724
 10
622.0460842174588
 20
613.9300495416637
 10
622.325175921074
 20
613.9576047913866
 10
622.5799987808966
 20
614.0402705405553
 10
622.8105527969267
 20
614.1780467891697
 10
623.016837969164
 20
614.3709335372299
 10
623.1867198757125
 20
614.6169083810865
 10
623.3080640946756
 20
614.9139489170901
 10
623.3808706260536
 20
615.2620551452407
 10
623.4051394698462
 20
615.6612270655382
 10
623.3821346283344
 20
616.0702582036265
 10
623.3131201037991
 20
616.456031699747
 10
623.1980958962403
 20
616.8185475538994
 10
623.037062005658
 20
617.1578057660839
 10
622.8360856430002
 20
617.4636943180536
 10
622.6012340192152
 20
617.7261011915614
 10
622.332507134303
 20
617.9450263866075
 10
622.0299049882636
 20
618.1204699031917
 10
621.7538468901224
 20
618.2231068883981
 10
621.419139086149
 20
618.2964190206883
 10
621.0257815763434
 20
618.3404063000625
 10
620.5737743607057
 20
618.3550687265205
 10
620.0398597972677
 20
618.3550687265205
  0
LWPOLYLINE
  5
91
330
17
100
AcDbEntity
  8
line engraving
 62
1
420
16711680
100
AcDbPolyline
 90
119
 70
0
 10
621.2047642993141
 20
627.6904839720867
 10
621.3908254350576
 20
629.122345755852
 10
621.7508764847624
 20
629.052256829378
 10
622.0908298982014
 20
628.9592894616203
 10
622.4106856753746
 20
628.8434436525789
 10
622.710443816282
 20
628.7047194022538
 10
622.9901043209237
 20
628.543116710645
 10
623.2496671892997
 20
628.3586355777526
 10
623.4891324214097
 20
628.1512760035765
 10
623.7085000172541
 20
627.9210379881167
 10
623.9047363713586
 20
627.6724719395844
 10
624.0748078782491
 20
627.4101282661906
 10
624.2187145379257
 20
627.1340069679353
 10
624.3364563503884
 20
626.8441080448185
 10
624.4280333156372
 20
626.5404314968405
 10
624.493445433672
 20
626.2229773240009
 10
624.5326927044929
 20
625.8917455262999
 10
624.5457751280999
 20
625.5467361037374
 10
624.5277630955975
 20
625.1166593276727
 10
624.4737269980905
 20
624.7081969906108
 10
624.3836668355788
 20
624.3213490925516
 10
624.2575826080624
 20
623.9561156334953
 10
624.0954743155413
 20
623.6124966134417
 10
623.8973419580154
 20
623.2904920323911
 10
623.663185535485
 20
622.9901018903432
 10
623.3930050479498
 20
622.7113261872981
 10
623.0892020997436
 20
622.460105733976
 10
622.7541782952001
 20
622.2423813410967
 10
622.387933634319
 20
622.0581530086605
 10
621.9904681171006
 20
621.9074207366672
 10
621.5617817435448
 20
621.7901845251168
 10
621.1018745136516
 20
621.7064443740094
 10
620.610746427421
 20
621.656200283345
 10
620.088397484853
 20
621.6394522531235
 10
619.414431468695
 20
621.6682715051272
 10
618.783947130999
 20
621.7547292611386
 10
618.1969444717647
 20
621.8988255211573
 10
617.6534234909922
 20
622.1005602851835
 10
617.4006862349329
 20
622.2233581067696
 10
617.1642546082969
 20
622.3611975554982
 10
616.944128611084
 20
622.5140786313689
 10
616.7403082432943
 20
622.682001334382
 10
616.5527935049278
 20
622.8649656645374
 10
616.3815843959844
 20
623.0629716218351
 10
616.2266809164643
 20
623.2760192062751
 10
616.0880830663673
 20
623.5041084178574
 10
615.8598042544428
 20
623.9856932868676
 10
615.696747960211
 20
624.4880077932838
 10
615.598914183672
 20
625.0110519371063
 10
615.5663029248257
 20
625.554825718335
 10
615.5773629447832
 20
625.8967383353094
 10
615.6105430046559
 20
626.2227245235447
 10
615.6658431044439
 20
626.5327842830412
 10
615.743263244147
 20
626.8269176137987
 10
615.8428034237652
 20
627.1051245158175
 10
615.9644636432986
 20
627.3674049890972
 10
616.1082439027472
 20
627.6137590336381
 10
616.2741442021108
 20
627.84418664944
 10
616.4603949381965
 20
628.0566654328536
 10
616.6652265078109
 20
628.2491729802296
 10
616.888638910954
 20
628.4217092915678
 10
617.1306321476259
 20
628.5742743668684
 10
617.3912062178265
 20
628.7068682061313
 10
617.6703611215557
 20
628.8194908093565
 10
617.9680968588139
 20
628.912142176544
 10
618.2844134296006
 20
628.9848223076938
 10
618.5028330237343
 20
627.5691397531235
 10
618.09683549112
 20
627.4485539355289
 10
617.7444316552145
 20
627.2890368476835
 10
617.4456215160177
 20
627.0905884895876
 10
617.2004050735296
 20
626.8532088612409
 10
617.0092879286627
 20
626.5829651735917
 10
616.8727756823291
 20
626.285924637588
 10
616.790868334529
 20
625.96208725323
 10
616.7635658852623
 20
625.6114530205177
 10
616.7758899075008
 20
625.3428525358337
 10
616.812861974216
 20
625.0871448744144
 10
616.8744820854083
 20
624.84433003626
 10
616.9607502410774
 20
624.6144080213704
 10
617.0716664412234
 20
624.3973788297457
 10
617.2072306858463
 20
624.1932424613858
 10
617.3674429749461
 20
624.0019989162907
 10
617.5523033085228
 20
623.8236481944605
 10
617.7638340902258
 20
623.66248790365
 10
618.0040577237045
 20
623.5228156516143
 10
618.2729742089588
 20
623.4046314383532
 10
618.5705835459887
 20
623.307935263867
 10
618.8968857347944
 20
623.2327271281555
 10
619.2518807753756
 20
623.1790070312187
 10
619.6355686677326
 20
623.1467749730566
 10
620.0479494118653
 20
623.1360309536692
 10
620.4659549661477
 20
623.1463957723723
 10
620.854382867058
 20
623.1774902284816
 10
621.2132331145959
 20
623.2293143219971
 10
621.5425057087616
 20
623.3018680529188
 10
621.842200649555
 20
623.3951514212469
 10
622.1123179369762
 20
623.509164426981
 10
622.352857571025
 20
623.6439070701214
 10
622.5638195517016
 20
623.7993793506679
 10
622.7477318835677
 20
623.9715364613219
 10
622.9071225711849
 20
624.1563335947845
 10
623.0419916145532
 20
624.3537707510558
 10
623.1523390136729
 20
624.5638479301358
 10
623.2381647685437
 20
624.7865651320244
 10
623.2994688791657
 20
625.0219223567217
 10
623.3362513455389
 20
625.2699196042277
 10
623.3485121676633
 20
625.5305568745423
 10
623.3156481083608
 20
625.94161041628
 10
623.2170559304533
 20
626.3172718941535
 10
623.0527356339406
 20
626.6575413081628
 10
622.822687218823
 20
626.9624186583077
 10
622.6823829656469
 20
627.0994365055536
 10
622.5243826805386
 20
627.2233087290786
 10
622.3486863634981
 20
627.3340353288824
 10
622.1552940145256
 20
627.4316163049652
 10
621.9442056336209
 20
627.5160516573271
 10
621.7154212207842
 20
627.587341385968
 10
621.4689407760152
 20
627.6454854908878
 10
621.2047642993141
 20
627.6904839720867
  0
LWPOLYLINE
  5
92
330
17
100
AcDbEntity
  8
line engraving
 62
1
420
16711680
100
AcDbPolyline
 90
95
 70
0
 10
621.5849761853987
 20
636.2492962162886
 10
621.7710373211422
 20
637.7539645314318
 10
622.0914618993418
 20
637.6554987537523
 10
622.3934320442407
 20
637.5380729418599
 10
622.676947755839
 20
637.4016870957544
 10
622.9420090341367
 20
637.2463412154359
 10
623.1886158791337
 20
637.0720353009045
 10
623.4167682908301
 20
636.87876935216
 10
623.6264662692258
 20
636.6665433692026
 10
623.8177098143209
 20
636.4353573520322
 10
623.9883501222379
 20
636.1863489027015
 10
624.1362383890993
 20
635.9206556232634
 10
624.261374614905
 20
635.6382775137179
 10
624.3637587996552
 20
635.3392145740648
 10
624.4433909433498
 20
635.0234668043045
 10
624.5002710459888
 20
634.6910342044366
 10
624.5343991075722
 20
634.3419167744613
 10
624.5457751281
 20
633.9761145143787
 10
624.5276366953696
 20
633.517092086082
 10
624.4732213971782
 20
633.0824649018061
 10
624.382529233526
 20
632.672232961551
 10
624.2555602044131
 20
632.2863962653166
 10
624.0923143098391
 20
631.9249548131029
 10
623.8927915498044
 20
631.5879086049098
 10
623.6569919243088
 20
631.2752576407375
 10
623.3849154333524
 20
630.987001920586
 10
623.0801012833215
 20
630.7281974535786
 10
622.7460886806025
 20
630.5039002488388
 10
622.3828776251956
 20
630.3141103063668
 10
621.9904681171006
 20
630.1588276261624
 10
621.5688601563177
 20
630.0380522082256
 10
621.1180537428467
 20
629.9517840525565
 10
620.6380488766877
 20
629.900023159155
 10
620.1288455578407
 20
629.8827695280212
 10
619.6020094071756
 20
629.9002127594971
 10
619.1055093112514
 20
629.952542453925
 10
618.6393452700679
 20
630.0397586113048
 10
618.2035172836252
 20
630.1618612316365
 10
617.7980253519233
 20
630.31885031492
 10
617.4228694749622
 20
630.5107258611556
 10
617.0780496527418
 20
630.737487870343
 10
616.7635658852623
 20
630.9991363424823
 10
616.48295737891
 20
631.2885928648006
 10
616.2397633400712
 20
631.5987790245252
 10
616.0339837687462
 20
631.9296948216561
 10
615.8656186649348
 20
632.2813402561931
 10
615.7346680286371
 20
632.6537153281363
 10
615.641131859853
 20
633.0468200374858
 10
615.5850101585825
 20
633.4606543842414
 10
615.5663029248257
 20
633.8952183684032
 10
615.5846309578982
 20
634.3161311279317
 10
615.6396150571159
 20
634.7173254518787
 10
615.7312552224787
 20
635.0988013402441
 10
615.8595514539867
 20
635.460558793028
 10
616.0245037516397
 20
635.8025978102305
 10
616.2261121154379
 20
636.1249183918513
 10
616.4643765453812
 20
636.4275205378907
 10
616.7392970414696
 20
636.7104042483486
 10
617.0474607975449
 20
636.9663647102241
 10
617.3854550074485
 20
637.1881971105161
 10
617.7532796711806
 20
637.3759014492248
 10
618.1509347887411
 20
637.52947772635
 10
618.57842036013
 20
637.6489259418919
 10
619.0357363853475
 20
637.7342460958504
 10
619.5228828643934
 20
637.7854381882254
 10
620.0398597972677
 20
637.8025022190171
 10
620.1126663286456
 20
637.8019966181048
 10
620.2016520892186
 20
637.8004798153677
 10
620.3068170789867
 20
637.797951810806
 10
620.4281612979498
 20
637.7944126044196
 10
620.4281612979498
 20
631.3874378431644
 10
620.7717171178892
 20
631.4176474976771
 10
621.0945433004225
 20
631.4678283882275
 10
621.3966398455495
 20
631.5379805148156
 10
621.6780067532704
 20
631.6281038774414
 10
621.9386440235851
 20
631.7381984761048
 10
622.1785516564935
 20
631.8682643108059
 10
622.3977296519957
 20
632.0183013815448
 10
622.5961780100918
 20
632.1883096883213
 10
622.7725063282726
 20
632.3738652231525
 10
622.9253242040293
 20
632.5705439780553
 10
623.0546316373619
 20
632.7783459530298
 10
623.1604286282704
 20
632.9972711480758
 10
623.2427151767548
 20
633.2273195631934
 10
623.301491282815
 20
633.4684911983827
 10
623.3367569464513
 20
633.7207860536437
 10
623.3485121676633
 20
633.9842041289762
 10
623.3222209202213
 20
634.3699776250966
 10
623.2433471778952
 20
634.7264262683009
 10
623.1118909406852
 20
635.053550058589
 10
622.927852208591
 20
635.3513489959612
 10
622.6861749724894
 20
635.6198230804172
 10
622.3818032232568
 20
635.8589723119571
 10
622.0147369608932
 20
636.0687966905809
 10
621.5849761853987
 20
636.2492962162886
  0
LWPOLYLINE
  5
93
330
17
100
AcDbEntity
  8
line engraving
 62
1
420
16711680
100
AcDbPolyline
 90
34
 70
0
 10
619.2308983375133
 20
631.4683339891399
 10
619.2308983375133
 20
636.2654754454837
 10
618.9683650637774
 20
636.2356449916552
 10
618.722769420605
 20
636.1946913177552
 10
618.4941114079963
 20
636.1426144237835
 10
618.2823910259513
 20
636.0794143097402
 10
618.0876082744697
 20
636.0050909756252
 10
617.9097631535518
 20
635.9196444214386
 10
617.7488556631976
 20
635.8230746471804
 10
617.6048858034069
 20
635.7153816528506
 10
617.4077014475918
 20
635.535008527371
 10
617.2368083392187
 20
635.3417425786266
 10
617.0922064782875
 20
635.1355838066173
 10
616.9738958647985
 20
634.9165322113431
 10
616.8818764987514
 20
634.6845877928042
 10
616.8161483801464
 20
634.4397505510004
 10
616.7767115089833
 20
634.1820204859317
 10
616.7635658852623
 20
633.9113975975982
 10
616.7740571041935
 20
633.6656123540838
 10
616.805530760987
 20
633.4298127285882
 10
616.857986855643
 20
633.2039987211115
 10
616.9314253881614
 20
632.9881703316536
 10
617.025846358542
 20
632.7823275602145
 10
617.1412497667851
 20
632.5864704067942
 10
617.2776356128907
 20
632.4005988713928
 10
617.4350038968585
 20
632.2247129540103
 10
617.6099418125303
 20
632.0633630628578
 10
617.7990365537479
 20
631.9210996061462
 10
618.0022881205113
 20
631.7979225838758
 10
618.2196965128203
 20
631.6938319960464
 10
618.4512617306749
 20
631.6088278426581
 10
618.6969837740753
 20
631.542910123711
 10
618.9568626430215
 20
631.4960788392049
 10
619.2308983375133
 20
631.4683339891399
  0
LWPOLYLINE
  5
94
330
17
100
AcDbEntity
  8
line engraving
 62
1
420
16711680
100
AcDbPolyline
 90
35
 70
0
 10
624.3516243777589
 20
639.5660382012818
 10
615.7604536751668
 20
639.5660382012818
 10
615.7604536751668
 20
640.8765557660839
 10
617.0628816253715
 20
640.8765557660839
 10
616.6447496708608
 20
641.1225306099404
 10
616.3044802568517
 20
641.3588990364625
 10
616.0420733833438
 20
641.5856610456499
 10
615.8575290503373
 20
641.8028166375028
 10
615.730117620426
 20
642.020477830268
 10
615.6391094562036
 20
642.2487566421925
 10
615.5845045576701
 20
642.4876530732762
 10
615.5663029248257
 20
642.7371671235192
 10
615.5956277777418
 20
643.1067613904445
 10
615.6836023364901
 20
643.4793892628438
 10
615.8302266010706
 20
643.8550507407173
 10
616.0355005714833
 20
644.2337458240648
 10
617.3864662092732
 20
643.7321897190171
 10
617.2484371602026
 20
643.4652324372981
 10
617.149844982295
 20
643.1982751555792
 10
617.0906896755504
 20
642.9313178738603
 10
617.0709712399689
 20
642.6643605921413
 10
617.0889200723573
 20
642.4317841724619
 10
617.1427665695221
 20
642.2113421746787
 10
617.2325107314637
 20
642.0030345987919
 10
617.3581525581818
 20
641.8068614448015
 10
617.5156472423778
 20
641.6304067263926
 10
617.7009499767528
 20
641.4812544572503
 10
617.9140607613068
 20
641.3594046373748
 10
618.1549795960399
 20
641.2648572667661
 10
618.5523819131442
 20
641.1586810751733
 10
618.9679858630931
 20
641.0828409383214
 10
619.4017914458865
 20
641.0373368562101
 10
619.8537986615243
 20
641.0221688288398
 10
624.3516243777589
 20
641.0221688288398
 10
624.3516243777589
 20
639.5660382012818
  0
CIRCLE
  5
95
330
17
100
AcDbEntity
  8
cut
 62
5
420
255
100
AcDbCircle
 10
690.8828821327803
 20
367.85955119872955
 30
0.0
 40
3.9
  0
CIRCLE
  5
96
330
17
100
AcDbEntity
  8
cut
 62
5
420
255
100
AcDbCircle
 10
1146.8828821327802
 20
367.85955119872955
 30
0.0
 40
3.9
  0
LWPOLYLINE
  5
97
330
17
100
AcDbEntity
  8
cut
 62
5
420
255
100
AcDbPolyline
 90
10
 70
1
 10
942.882885709059
 20
433.85955137754354
 10
942.882885709059
 20
617.4595467608929
 42
1.6953422501885593
 10
894.9386707882377
 20
617.35861018284
 10
894.9386707882377
 20
445.8595513775434
 42
-0.4142135623730962
 10
840.9386707882377
 20
391.8595513775435
 10
702.8828826692222
 20
391.8595513775435
 42
1.618034015706349
 10
702.8828826692221
 20
343.8595510199156
 10
1134.8828753378507
 20
343.8595510199156
 42
1.6180343930967274
 10
1134.882875337851
 20
391.8595513775435
 10
984.8828857090591
 20
391.8595513775435
 42
-0.4142135623730954
  0
CIRCLE
  5
98
330
17
100
AcDbEntity
  8
cut
 62
5
420
255
100
AcDbCircle
 10
918.8828821327803
 20
630.6595511987296
 30
0.0
 40
10.9
  0
LWPOLYLINE
  5
99
330
17
100
AcDbEntity
  8
line engraving
 62
1
420
16711680
100
AcDbPolyline
 90
41
 70
0
 10
871.7932369599155
 20
374.7234746266553
 10
871.7932369599155
 20
382.18209928559116
 10
870.5069882389059
 20
382.18209928559116
 10
870.5069882389059
 20
383.31464532924736
 10
871.7932369599155
 20
383.31464532924736
 10
871.7932369599155
 20
384.2287717787699
 10
871.80284337725
 20
384.63375810955944
 10
871.8316626292537
 20
384.9831283399909
 10
871.8796947159267
 20
385.2768824700642
 10
871.9469396372688
 20
385.51502049977944
 10
872.0720758630746
 20
385.7847585865163
 10
872.2371545609557
 20
386.0276998248988
 10
872.4421757309121
 20
386.2438442149269
 10
872.6871393729441
 20
386.4331917566007
 10
872.9786182989119
 20
386.5871472344102
 10
873.3231853206761
 20
386.69711543284564
 10
873.7208404382366
 20
386.7630963519068
 10
874.1715836515936
 20
386.7850899915939
 10
874.4870786208977
 20
386.7759891751717
 10
874.8187528193971
 20
386.7486867259049
 10
875.1666062470914
 20
386.70318264379375
 10
875.530638903981
 20
386.63947692883806
 10
875.3122193098473
 20
385.3694074370236
 10
875.0887437065901
 20
385.40479950088786
 10
874.8713353142812
 20
385.4300795465052
 10
874.6599941329202
 20
385.44524757387563
 10
874.4547201625076
 20
385.4503035829991
 10
874.1473148078009
 20
385.43260755106695
 10
873.8884471406794
 20
385.37951945527055
 10
873.6781171611433
 20
385.29103929560995
 10
873.5163248691924
 20
385.167167072085
 10
873.395991852054
 20
384.99475716097487
 10
873.3100396969551
 20
384.7606639385584
 10
873.2584684038957
 20
384.4648874048357
 10
873.2412779728759
 20
384.1074275598067
 10
873.2412779728759
 20
383.31464532924736
 10
874.9158281945676
 20
383.31464532924736
 10
874.9158281945676
 20
382.18209928559116
 10
873.2412779728759
 20
382.18209928559116
 10
873.2412779728759
 20
374.7234746266553
 10
871.7932369599155
 20
374.7234746266553
  0
LWPOLYLINE
  5
9A
330
17
100
AcDbEntity
  8
line engraving
 62
1
420
16711680
100
AcDbPolyline
 90
35
 70
0
 10
876.0321950090287
 20
374.7234746266553
 10
876.0321950090287
 20
383.31464532924736
 10
877.3427125738309
 20
383.31464532924736
 10
877.3427125738309
 20
382.01221737904274
 10
877.5886874176874
 20
382.4303493335533
 10
877.8250558442095
 20
382.7706187475625
 10
878.0518178533969
 20
383.03302562107035
 10
878.2689734452497
 20
383.21756995407685
 10
878.4866346380148
 20
383.34498138398817
 10
878.7149134499393
 20
383.4359895482105
 10
878.9538098810231
 20
383.49059444674396
 10
879.2033239312661
 20
383.5087960795884
 10
879.5729181981914
 20
383.47947122667233
 10
879.9455460705908
 20
383.391496667924
 10
880.3212075484643
 20
383.24487240334355
 10
880.6999026318118
 20
383.03959843293086
 10
880.198346526764
 20
381.68863279514096
 10
879.931389245045
 20
381.82666184421157
 10
879.6644319633261
 20
381.92525402211913
 10
879.3974746816072
 20
381.98440932886365
 10
879.1305173998882
 20
382.0041277644452
 10
878.8979409802088
 20
381.9861789320569
 10
878.6774989824257
 20
381.932332434892
 10
878.4691914065389
 20
381.8425882729504
 10
878.2730182525485
 20
381.7169464462323
 10
878.0965635341396
 20
381.5594517620364
 10
877.9474112649973
 20
381.3741490276614
 10
877.8255614451218
 20
381.1610382431074
 10
877.731014074513
 20
380.92011940837426
 10
877.6248378829202
 20
380.5227170912699
 10
877.5489977460683
 20
380.10711314132107
 10
877.503493663957
 20
379.6733075585277
 10
877.4883256365866
 20
379.22130034288995
 10
877.4883256365866
 20
374.7234746266553
 10
876.0321950090287
 20
374.7234746266553
  0
LWPOLYLINE
  5
9B
330
17
100
AcDbEntity
  8
line engraving
 62
1
420
16711680
100
AcDbPolyline
 90
128
 70
0
 10
887.1715943098473
 20
375.7832141389336
 10
886.7709055868127
 20
375.4646855641553
 10
886.3778008774632
 20
375.1967170806116
 10
885.992280181799
 20
374.97930868830264
 10
885.6143434998199
 20
374.81246038722827
 10
885.2333732123668
 20
374.68858816370334
 10
884.8387517002805
 20
374.60010800404274
 10
884.4304789635606
 20
374.54701990824634
 10
884.0085550022075
 20
374.5293238763142
 10
883.6648727820399
 20
374.54013109581564
 10
883.3416673988224
 20
374.5725527543198
 10
883.0389388525549
 20
374.62658885182685
 10
882.7566871432375
 20
374.7022393883367
 10
882.49491227087
 20
374.7995043638494
 10
882.2536142354527
 20
374.91838377836484
 10
882.0327930369853
 20
375.05887763188315
 10
881.832448675468
 20
375.22098592440426
 10
881.6542243538659
 20
375.3999054472609
 10
881.499763275144
 20
375.59083299178576
 10
881.3690654393024
 20
375.7937685579788
 10
881.262130846341
 20
376.00871214584015
 10
881.1789594962601
 20
376.23566375536967
 10
881.1195513890594
 20
376.4746233865675
 10
881.083906524739
 20
376.7255910394335
 10
881.0720249032988
 20
376.9885667139677
 10
881.0899737356872
 20
377.29723607095525
 10
881.143820232852
 20
377.59225420330944
 10
881.2335643947936
 20
377.8736211110303
 10
881.3592062215116
 20
378.14133679411776
 10
881.5139201006897
 20
378.3893340416237
 10
881.690880420011
 20
378.61154564260005
 10
881.8900871794755
 20
378.8079715970467
 10
882.1115403790833
 20
378.9786119049636
 10
882.3514480119917
 20
379.1267529722811
 10
882.6060180713582
 20
379.2556812049295
 10
882.8752505571827
 20
379.3653966029087
 10
883.1591454694652
 20
379.4558991662187
 10
883.4008227055668
 20
379.5120208674892
 10
883.697104840202
 20
379.567131366935
 10
884.0479918733704
 20
379.62123066455604
 10
884.4534838050723
 20
379.67431876035243
 10
884.8798317744086
 20
379.72816525751733
 10
885.2771076912848
 20
379.78453975924396
 10
885.6453115557011
 20
379.84344226553236
 10
885.9844433676576
 20
379.90487277638243
 10
886.2945031271541
 20
379.9688312917943
 10
886.5754908341908
 20
380.0353178117678
 10
886.8274064887673
 20
380.1043323363031
 10
887.0502500908841
 20
380.17587486540015
 10
887.0537892972706
 20
380.31188151082137
 10
887.0563173018322
 20
380.4205857069759
 10
887.0578341045693
 20
380.50198745386365
 10
887.0583397054817
 20
380.55608675148477
 10
887.0518932938493
 20
380.7703351380916
 10
887.032554058952
 20
380.96815149504715
 10
887.0003220007899
 20
381.1495358223515
 10
886.955197119363
 20
381.3144881200045
 10
886.8971794146712
 20
381.4630083880063
 10
886.8262688867146
 20
381.59509662635685
 10
886.7424655354931
 20
381.7107528350561
 10
886.6457693610068
 20
381.8099770141041
 10
886.4977546939174
 20
381.92563322280336
 10
886.3328023962644
 20
382.0258686036761
 10
886.1509124680476
 20
382.1106831567222
 10
885.9520849092675
 20
382.1800768819418
 10
885.7363197199236
 20
382.2340497793347
 10
885.503616900016
 20
382.27260184890116
 10
885.253976449545
 20
382.295733090641
 10
884.9873983685103
 20
382.3034435045543
 10
884.738958720206
 20
382.29781869440444
 10
884.5073303022373
 20
382.2809442639549
 10
884.292513114604
 20
382.2528202132056
 10
884.0945071573063
 20
382.21344654215665
 10
883.9133124303441
 20
382.16282325080795
 10
883.7489289337175
 20
382.1009503391595
 10
883.6013566674263
 20
382.0278278072114
 10
883.4705956314707
 20
381.9434556549636
 10
883.241811218634
 20
381.7288280676725
 10
883.044879663275
 20
381.44493315538995
 10
882.8798009653938
 20
381.09177091811586
 10
882.7465751249905
 20
380.66934135585035
 10
881.3228029558227
 20
380.8634921061914
 10
881.4355519592759
 20
381.2985616912656
 10
881.5796482192948
 20
381.68964399696563
 10
881.755091735879
 20
382.03673902329155
 10
881.9618825090287
 20
382.3398467702433
 10
882.2091213551662
 20
382.60478164831284
 10
882.5059090907135
 20
382.8373580679922
 10
882.852245715671
 20
383.03757602928147
 10
883.2481312300382
 20
383.2054355321805
 10
883.685476019218
 20
383.3381557716715
 10
884.1561904686126
 20
383.43295594273644
 10
884.6602745782221
 20
383.48983604537545
 10
885.1977283480464
 20
383.5087960795884
 10
885.7220364941497
 20
383.49261685039335
 10
886.1947733471937
 20
383.44407916280807
 10
886.6159389071784
 20
383.36318301683264
 10
886.9855331741037
 20
383.249928412467
 10
887.3065897534437
 20
383.11215216385256
 10
887.5821422506726
 20
382.9576910851307
 10
887.8121906657902
 20
382.7865451763014
 10
887.9967349987968
 20
382.59871443736466
 10
888.1463928688513
 20
382.3896484601094
 10
888.2717818951132
 20
382.15479683632446
 10
888.3729020775826
 20
381.8941595660098
 10
888.4497534162592
 20
381.60773664916553
 10
888.481606273737
 20
381.3842610459084
 10
888.5043583147927
 20
381.0859565076239
 10
888.5180095394261
 20
380.7128230343122
 10
888.5225599476372
 20
380.26486062597314
 10
888.5225599476372
 20
378.3233531225625
 10
888.5240135502602
 20
377.83905064864854
 10
888.5283743581292
 20
377.4013898588986
 10
888.5356423712442
 20
377.0103707533126
 10
888.5458175896051
 20
376.6659933318906
 10
888.5589000132121
 20
376.36825759463255
 10
888.574889642065
 20
376.11716354153845
 10
888.5937864761639
 20
375.91271117260834
 10
888.6155905155089
 20
375.7549004878422
 10
888.6734818199726
 20
375.48870160749175
 10
888.7541251654918
 20
375.2280643371771
 10
888.8575205520667
 20
374.9729886768983
 10
888.9836679796972
 20
374.7234746266553
 10
887.4628204353588
 20
374.7234746266553
 10
887.3596778492401
 20
374.9595902527211
 10
887.2767592996153
 20
375.2149187134561
 10
887.2140647864843
 20
375.48946000886025
 10
887.1715943098473
 20
375.7832141389336
  0
LWPOLYLINE
  5
9C
330
17
100
AcDbEntity
  8
line engraving
 62
1
420
16711680
100
AcDbPolyline
 90
42
 70
0
 10
887.0502500908841
 20
379.0352392071464
 10
886.8396673108917
 20
378.95585986390796
 10
886.6043100861945
 20
378.87951412614365
 10
886.3441784167921
 20
378.8062019938534
 10
886.0592723026849
 20
378.73592346703725
 10
885.7495917438727
 20
378.6686785456952
 10
885.4151367403554
 20
378.60446722982715
 10
885.0559072921332
 20
378.54328951943324
 10
884.671903399206
 20
378.4851454145134
 10
884.2557938483449
 20
378.41840609408365
 10
883.9054124160887
 20
378.3476219663551
 10
883.6207591024377
 20
378.27279303132786
 10
883.4018339073916
 20
378.19391928900177
 10
883.2263903908073
 20
378.10366952614794
 10
883.0721821125417
 20
377.99471252953725
 10
882.9392090725945
 20
377.86704829916977
 10
882.8274712709659
 20
377.7206768350454
 10
882.7389911113053
 20
377.5606541462878
 10
882.675790997262
 20
377.3920362420202
 10
882.637870928836
 20
377.21482312224276
 10
882.6252309060274
 20
377.02901478695543
 10
882.6527861557503
 20
376.74992308334015
 10
882.7354519049189
 20
376.4951002235175
 10
882.8732281535333
 20
376.26454620748746
 10
883.0661149015936
 20
376.0582610352501
 10
883.3120897454501
 20
375.8883791287017
 10
883.6091302814536
 20
375.7670349097385
 10
883.9572365096043
 20
375.6942283783606
 10
884.3564084299019
 20
375.66995953456797
 10
884.7654395679901
 20
375.6929643760797
 10
885.1512130641106
 20
375.761978900615
 10
885.513728918263
 20
375.8770031081739
 10
885.8529871304476
 20
376.03803699875624
 10
886.1588756824173
 20
376.239013361414
 10
886.421282555925
 20
376.47386498519893
 10
886.6402077509711
 20
376.74259187011114
 10
886.8156512675553
 20
377.0451940161505
 10
886.9182882527616
 20
377.3212521142917
 10
886.9916003850519
 20
377.6559599182651
 10
887.0355876644261
 20
378.0493174280707
 10
887.0502500908841
 20
378.5013246437085
 10
887.0502500908841
 20
379.0352392071464
  0
LWPOLYLINE
  5
9D
330
17
100
AcDbEntity
  8
line engraving
 62
1
420
16711680
100
AcDbPolyline
 90
104
 70
0
 10
890.779562420352
 20
374.7234746266553
 10
890.779562420352
 20
383.31464532924736
 10
892.0819903705567
 20
383.31464532924736
 10
892.0819903705567
 20
382.10929275421324
 10
892.3009155656027
 20
382.40936689569094
 10
892.5532104208636
 20
382.6785993815154
 10
892.8388749363394
 20
382.9169902116868
 10
893.1579091120301
 20
383.1245393862051
 10
893.5052569388122
 20
383.2926516895603
 10
893.8758624075622
 20
383.4127319062426
 10
894.2697255182801
 20
383.48478003625195
 10
894.6868462709659
 20
383.5087960795884
 10
895.1426454934464
 20
383.48402163488345
 10
895.5554686383773
 20
383.4096983007685
 10
895.9253157057587
 20
383.2858260772436
 10
896.2521866955908
 20
383.1124049643088
 10
896.5350704060487
 20
382.8944909710874
 10
896.7729556353077
 20
382.63714010670304
 10
896.9658423833679
 20
382.34035237115563
 10
897.1137306502293
 20
382.0041277644452
 10
897.3781599273865
 20
382.3567844008069
 10
897.661802039213
 20
382.66242015232035
 10
897.9646569857084
 20
382.9210350189856
 10
898.2867247668732
 20
383.1326290008026
 10
898.6280053827071
 20
383.2972020977714
 10
898.9884988332102
 20
383.414754309892
 10
899.3682051183824
 20
383.4852856371643
 10
899.7671242382238
 20
383.5087960795884
 10
900.0774367981764
 20
383.4977360596308
 10
900.3692949248285
 20
383.4645559997581
 10
900.6426986181799
 20
383.4092558999702
 10
900.8976478782306
 20
383.33183576026715
 10
901.1341427049807
 20
383.2322955806489
 10
901.3521830984301
 20
383.11063536111556
 10
901.5517690585789
 20
382.966855101667
 10
901.732900585427
 20
382.8009548023033
 10
901.8940608762375
 20
382.6120496614278
 10
902.0337331282732
 20
382.399254877444
 10
902.1519173415343
 20
382.1625704503518
 10
902.2486135160204
 20
381.9019963801512
 10
902.323821651732
 20
381.61753266684224
 10
902.3775417486688
 20
381.3091793104249
 10
902.4097738068309
 20
380.9769363108992
 10
902.4205178262183
 20
380.6208036682651
 10
902.4205178262183
 20
374.7234746266553
 10
900.9724768132579
 20
374.7234746266553
 10
900.9724768132579
 20
380.13542679241243
 10
900.9636287972919
 20
380.54167712548286
 10
900.9370847493936
 20
380.88674974815933
 10
900.8928446695634
 20
381.17064466044195
 10
900.8309085578009
 20
381.3933618623306
 10
900.7457148040704
 20
381.5761365921439
 10
900.6317017983363
 20
381.7402040882003
 10
900.4888695405984
 20
381.8855643504999
 10
900.3172180308568
 20
382.01221737904274
 10
900.1230672805158
 20
382.1148543642491
 10
899.9127373009796
 20
382.18816649653934
 10
899.6862280922484
 20
382.23215377591345
 10
899.443539654322
 20
382.2468162023715
 10
899.221833654258
 20
382.2373993853791
 10
899.0097340715287
 20
382.2091489344017
 10
898.8072409061339
 20
382.16206484943945
 10
898.6143541580738
 20
382.0961471304922
 10
898.4310738273481
 20
382.01139577756015
 10
898.2573999139571
 20
381.90781079064317
 10
898.0933324179006
 20
381.78539216974127
 10
897.9388713391787
 20
381.64413991485446
 10
897.7985670860025
 20
381.48215802256146
 10
897.6769700665832
 20
381.29755048944094
 10
897.5740802809207
 20
381.0903173154929
 10
897.489897729015
 20
380.86045850071736
 10
897.4244224108661
 20
380.6079740451143
 10
897.377654326474
 20
380.3328639486838
 10
897.3495934758389
 20
380.03512821142573
 10
897.3402398589604
 20
379.71476683334015
 10
897.3402398589604
 20
374.7234746266553
 10
895.8841092314025
 20
374.7234746266553
 10
895.8841092314025
 20
380.30530869896086
 10
895.8618627912592
 20
380.76034952007274
 10
895.7951234708295
 20
381.154718231703
 10
895.6838912701133
 20
381.4884148338517
 10
895.5281661891106
 20
381.7614393265188
 10
895.4321020157647
 20
381.8751995317968
 10
895.3218810168732
 20
381.97379170970436
 10
895.197503192436
 20
382.05721586024157
 10
895.058968542453
 20
382.1254719834084
 10
894.9062770669244
 20
382.1785600792047
 10
894.73942876585
 20
382.2164801476307
 10
894.55842363923
 20
382.23923218868634
 10
894.3632616870642
 20
382.2468162023715
 10
894.0616707428495
 20
382.22659216587766
 10
893.7717086196187
 20
382.1659200563961
 10
893.4933753173719
 20
382.06479987392675
 10
893.2266708361092
 20
381.92323161846974
 10
892.9837295977267
 20
381.742732092762
 10
892.7766860241207
 20
381.52481809954065
 10
892.6055401152915
 20
381.2694896388057
 10
892.4702918712388
 20
380.97674671055705
 10
892.3676548860325
 20
380.630915686512
 10
892.2943427537422
 20
380.21632293838786
 10
892.250355474368
 20
379.7329684661846
 10
892.23569304791
 20
379.18085226990223
 10
892.23569304791
 20
374.7234746266553
 10
890.779562420352
 20
374.7234746266553
  0
LWPOLYLINE
  5
9E
330
17
100
AcDbEntity
  8
line engraving
 62
1
420
16711680
100
AcDbPolyline
 90
95
 70
0
 10
910.4615947361774
 20
377.4901228190154
 10
911.9662630513207
 20
377.3040616832719
 10
911.8677972736411
 20
376.9836371050723
 10
911.7503714617487
 20
376.68166696017335
 10
911.6139856156432
 20
376.39815124857506
 10
911.4586397353247
 20
376.13308997027735
 10
911.2843338207933
 20
375.88648312528034
 10
911.0910678720488
 20
375.658330713584
 10
910.8788418890914
 20
375.44863273518826
 10
910.647655871921
 20
375.2573891900932
 10
910.3986474225903
 20
375.08674888217627
 10
910.1329541431522
 20
374.93886061531487
 10
909.8505760336067
 20
374.8137243895091
 10
909.5515130939536
 20
374.7113402047589
 10
909.2357653241933
 20
374.6317080610644
 10
908.9033327243254
 20
374.5748279584254
 10
908.5542152943501
 20
374.540699896842
 10
908.1884130342675
 20
374.5293238763142
 10
907.7293906059708
 20
374.54746230904465
 10
907.2947634216949
 20
374.6018776072359
 10
906.8845314814398
 20
374.6925697708881
 10
906.4986947852054
 20
374.8195388000011
 10
906.1372533329917
 20
374.982784694575
 10
905.8002071247987
 20
375.1823074546097
 10
905.4875561606265
 20
375.41810708010536
 10
905.1993004404749
 20
375.6901835710618
 10
904.9404959734675
 20
375.9949977210927
 10
904.7161987687277
 20
376.32901032381164
 10
904.5264088262556
 20
376.6922213792186
 10
904.3711261460512
 20
377.08463088731355
 10
904.2503507281144
 20
377.5062388480965
 10
904.1640825724453
 20
377.95704526156743
 10
904.1123216790438
 20
378.4370501277264
 10
904.09506804791
 20
378.9462534465734
 10
904.1125112793859
 20
379.47308959723847
 10
904.1648409738139
 20
379.9695896931628
 10
904.2520571311936
 20
380.4357537343463
 10
904.3741597515252
 20
380.871581720789
 10
904.5311488348088
 20
381.2770736524909
 10
904.7230243810444
 20
381.65222952945203
 10
904.9497863902318
 20
381.99704935167233
 10
905.2114348623711
 20
382.3115331191519
 10
905.5008913846895
 20
382.5921416255042
 10
905.811077544414
 20
382.8353356643429
 10
906.1419933415449
 20
383.0411152356679
 10
906.4936387760819
 20
383.2094803394793
 10
906.8660138480251
 20
383.34043097577705
 10
907.2591185573746
 20
383.43396714456117
 10
907.6729529041302
 20
383.4900888458316
 10
908.107516888292
 20
383.5087960795884
 10
908.5284296478205
 20
383.49046804651584
 10
908.9296239717675
 20
383.43548394729817
 10
909.3110998601329
 20
383.3438437819354
 10
909.6728573129169
 20
383.21554755042746
 10
910.0148963301193
 20
383.0505952527744
 10
910.3372169117401
 20
382.84898688897624
 10
910.6398190577795
 20
382.61072245903296
 10
910.9227027682374
 20
382.3358019629445
 10
911.1786632301129
 20
382.0276382068693
 10
911.4004956304049
 20
381.68964399696563
 10
911.5881999691136
 20
381.3218193332335
 10
911.7417762462388
 20
380.924164215673
 10
911.8612244617807
 20
380.49667864428403
 10
911.9465446157392
 20
380.0393626190666
 10
911.9977367081142
 20
379.55221614002073
 10
912.0148007389059
 20
379.0352392071464
 10
912.0142951379936
 20
378.96243267576847
 10
912.0127783352566
 20
378.8734469151955
 10
912.0102503306948
 20
378.7682819254274
 10
912.0067111243084
 20
378.64693770646426
 10
905.5997363630532
 20
378.64693770646426
 10
905.629946017566
 20
378.3033818865248
 10
905.6801269081163
 20
377.98055570399157
 10
905.7502790347044
 20
377.6784591588645
 10
905.8404023973302
 20
377.39709225114365
 10
905.9504969959937
 20
377.13645498082906
 10
906.0805628306948
 20
376.8965473479206
 10
906.2305999014336
 20
376.6773693524184
 10
906.4006082082102
 20
376.4789209943224
 10
906.5861637430414
 20
376.30259267614156
 10
906.7828424979441
 20
376.1497748003848
 10
906.9906444729186
 20
376.02046736705216
 10
907.2095696679646
 20
375.91467037614365
 10
907.4396180830822
 20
375.83238382765927
 10
907.6807897182716
 20
375.773607721599
 10
907.9330845735325
 20
375.7383420579628
 10
908.196502648865
 20
375.72658683675076
 10
908.5822761449854
 20
375.7528780841928
 10
908.9387247881897
 20
375.8317518265188
 10
909.2658485784779
 20
375.9632080637289
 10
909.56364751585
 20
376.1472467958231
 10
909.832121600306
 20
376.3889240319247
 10
910.0712708318459
 20
376.6932957811573
 10
910.2810952104697
 20
377.0603620435209
 10
910.4615947361774
 20
377.4901228190154
  0
LWPOLYLINE
  5
9F
330
17
100
AcDbEntity
  8
line engraving
 62
1
420
16711680
100
AcDbPolyline
 90
34
 70
0
 10
905.6806325090287
 20
379.84420066690086
 10
910.4777739653725
 20
379.84420066690086
 10
910.447943511544
 20
380.1067339406368
 10
910.406989837644
 20
380.3523295838091
 10
910.3549129436723
 20
380.5809875964178
 10
910.291712829629
 20
380.7927079784629
 10
910.217389495514
 20
380.9874907299444
 10
910.1319429413275
 20
381.1653358508623
 10
910.0353731670692
 20
381.3262433412166
 10
909.9276801727394
 20
381.47021320100725
 10
909.7473070472598
 20
381.6673975568224
 10
909.5540410985154
 20
381.83829066519553
 10
909.3478823265061
 20
381.98289252612665
 10
909.128830731232
 20
382.10120313961573
 10
908.896886312693
 20
382.1932225056628
 10
908.6520490708892
 20
382.2589506242678
 10
908.3943190058205
 20
382.29838749543086
 10
908.123696117487
 20
382.3115331191519
 10
907.8779108739726
 20
382.3010419002207
 10
907.642111248477
 20
382.2695682434271
 10
907.4162972410003
 20
382.21711214877115
 10
907.2004688515424
 20
382.14367361625284
 10
906.9946260801033
 20
382.0492526458721
 10
906.798768926683
 20
381.93384923762903
 10
906.6128973912816
 20
381.79746339152354
 10
906.4370114738991
 20
381.6400951075557
 10
906.2756615827466
 20
381.4651571918838
 10
906.133398126035
 20
381.2760624506662
 10
906.0102211037646
 20
381.0728108839029
 10
905.9061305159353
 20
380.85540249159385
 10
905.821126362547
 20
380.6238372737392
 10
905.7552086435999
 20
380.3781152303388
 10
905.7083773590937
 20
380.1182363613927
 10
905.6806325090287
 20
379.84420066690086
  0
LWPOLYLINE
  5
A0
330
17
100
AcDbEntity
  8
line engraving
 62
1
420
16711680
100
AcDbPolyline
 90
159
 70
0
 10
917.8150544053452
 20
377.28788245407685
 10
919.2550058037081
 20
377.51439166280807
 10
919.3427275620002
 20
377.10687732745674
 10
919.4845486179134
 20
376.74992308334015
 10
919.6804689714477
 20
376.4435289304581
 10
919.9304886226031
 20
376.1876948688108
 10
920.2351131722919
 20
375.9859601047845
 10
920.5948482214264
 20
375.8418638447658
 10
921.0096937700067
 20
375.7554060887545
 10
921.4796498180328
 20
375.72658683675076
 10
921.7223382559591
 20
375.7329700482691
 10
921.9488474646904
 20
375.75211968282423
 10
922.1591774442265
 20
375.78403574041613
 10
922.3533281945676
 20
375.82871822104477
 10
922.5312997157135
 20
375.88616712471014
 10
922.6930920076644
 20
375.95638245141225
 10
922.8387050704202
 20
376.0393642011511
 10
922.968138903981
 20
376.13511237392675
 10
923.1804912871665
 20
376.3482231584808
 10
923.3321715608705
 20
376.579029974967
 10
923.4231797250928
 20
376.82753282338535
 10
923.4535157798337
 20
377.0937317037358
 10
923.4267189314793
 20
377.3273193252399
 10
923.3463283864162
 20
377.534615699302
 10
923.2123441446444
 20
377.71562082592203
 10
923.0247662061638
 20
377.87033470510005
 10
922.936033246047
 20
377.92051559565044
 10
922.8194922357511
 20
377.97398289213106
 10
922.6751431752762
 20
378.03073659454196
 10
922.5029860646222
 20
378.0907767028831
 10
922.3030209037892
 20
378.1541032171545
 10
922.075247692777
 20
378.2207161373562
 10
921.8196664315858
 20
378.2906154634881
 10
921.5362771202156
 20
378.36380119555025
 10
921.1511988253496
 20
378.4632149749404
 10
920.7968357859088
 20
378.55921594817215
 10
920.473188001893
 20
378.6518041152456
 10
920.1802554733023
 20
378.74097947616076
 10
919.9180382001365
 20
378.8267420309175
 10
919.6865361823959
 20
378.90909177951596
 10
919.4857494200803
 20
378.988028721956
 10
919.3156779131897
 20
379.0635528582378
 10
919.0249573885905
 20
379.2253451501887
 10
918.7716513315048
 20
379.415451093231
 10
918.5557597419329
 20
379.63387068736466
 10
918.3772826198746
 20
379.8806039325898
 10
918.2374839676107
 20
380.1483196156773
 10
918.1376277874223
 20
380.4296865233981
 10
918.0777140793092
 20
380.7247046557523
 10
918.0577428432715
 20
381.03337401273984
 10
918.0741748729228
 20
381.31524652137307
 10
918.1234709618766
 20
381.58650141084695
 10
918.2056311101329
 20
381.8471386811616
 10
918.3206553176917
 20
382.09715833231695
 10
918.463993176342
 20
382.33150435518957
 10
918.6310942778725
 20
382.545120740656
 10
918.8219586222833
 20
382.73800748871616
 10
919.0365862095744
 20
382.91016459937015
 10
919.2218889439494
 20
383.0307504169648
 10
919.4380333339775
 20
383.1417298172248
 10
919.6850193796588
 20
383.2431028001503
 10
919.9628470809932
 20
383.3348693657412
 10
920.2614044197338
 20
383.41096230304936
 10
920.5705793776337
 20
383.46531440112665
 10
920.8903719546929
 20
383.49792565997296
 10
921.2207821509114
 20
383.5087960795884
 10
921.7109622354313
 20
383.49059444674396
 10
922.1703006642981
 20
383.4359895482105
 10
922.5987974375118
 20
383.34498138398817
 10
922.9964525550723
 20
383.21756995407685
 10
923.3536595996451
 20
383.0590640680562
 10
923.6608121538957
 20
382.8747725355059
 10
923.9179102178239
 20
382.6646953564259
 10
924.1249537914298
 20
382.42883253081624
 10
924.2928132943289
 20
382.1590944440794
 10
924.4323591461365
 20
381.84739148161776
 10
924.5435913468527
 20
381.4937236434314
 10
924.6265098964775
 20
381.0980909295202
 10
923.2027377273098
 20
380.90394017917913
 10
923.1311951982127
 20
381.21741274483395
 10
923.0136429860922
 20
381.49448204479984
 10
922.850081090948
 20
381.7351480790768
 10
922.6405095127805
 20
381.9394108476648
 10
922.3839170497646
 20
382.1022143414404
 10
922.0792925000758
 20
382.2185025512801
 10
921.726635863714
 20
382.28827547718396
 10
921.3259471406794
 20
382.3115331191519
 10
921.0841435043498
 20
382.3063507098003
 10
920.8602887004083
 20
382.2908034817457
 10
920.6543827288551
 20
382.26489143498793
 10
920.4664255896903
 20
382.22861456952705
 10
920.2964172829138
 20
382.18197288536305
 10
920.1443578085256
 20
382.124966382496
 10
920.0102471665257
 20
382.0575950609258
 10
919.894085356914
 20
381.97985892065253
 10
919.7065074184335
 20
381.80694340863005
 10
919.5725231766617
 20
381.6198710710618
 10
919.4921326315986
 20
381.4186419079479
 10
919.4653357832442
 20
381.20325591928827
 10
919.4764590033158
 20
381.06522687021766
 10
919.5098286635307
 20
380.93427623391995
 10
919.5654447638888
 20
380.810404010395
 10
919.6433073043902
 20
380.693610199643
 10
919.7449330877719
 20
380.5813667971021
 10
919.8718389167708
 20
380.47923541280807
 10
920.0240247913871
 20
380.387216046761
 10
920.2014907116207
 20
380.30530869896086
 10
920.2693676341032
 20
380.2817982565368
 10
920.363788604484
 20
380.2517150022521
 10
920.4847536227629
 20
380.215058936107
 10
920.63226268894
 20
380.17183005810136
 10
920.8063158030153
 20
380.12202836823525
 10
921.0069129649887
 20
380.0656538665086
 10
921.2340541748604
 20
380.0027065529215
 10
921.4877394326303
 20
379.93318642747386
 10
921.859419303319
 20
379.83238224557476
 10
922.2019007213197
 20
379.7362548721149
 10
922.5151836866324
 20
379.6448043070942
 10
922.7992681992572
 20
379.55803055051274
 10
923.0541542591939
 20
379.47593360237045
 10
923.2798418664426
 20
379.3985134626674
 10
923.4763310210033
 20
379.32577013140354
 10
923.6436217228759
 20
379.2577036085789
 10
923.9325726442819
 20
379.11133214445454
 10
924.1886595063854
 20
378.93513022650177
 10
924.4118823091865
 20
378.7290978547206
 10
924.6022410526849
 20
378.49323502911096
 10
924.7544269273012
 20
378.2272889492167
 10
924.8631311234558
 20
377.9310068145816
 10
924.9283536411484
 20
377.6043886252058
 10
924.9500944803793
 20
377.24743438108914
 10
924.9235504324812
 20
376.88871053377926
 10
924.8439182887865
 20
376.5406043056287
 10
924.7111980492956
 20
376.2031156966373
 10
924.5253897140083
 20
375.8762447068053
 10
924.2895268883987
 20
375.5728841593974
 10
924.0066431779408
 20
375.3059268776785
 10
923.6767385826346
 20
375.0753728616485
 10
923.2998131024802
 20
374.8812221113074
 10
922.8862315561807
 20
374.7272666334979
 10
922.4463587624393
 20
374.6172984350625
 10
921.9801947212559
 20
374.5513175160013
 10
921.4877394326303
 20
374.5293238763142
 10
921.081552299674
 20
374.54019429592967
 10
920.7002660116506
 20
374.572805554776
 10
920.3438805685604
 20
374.62715765285327
 10
920.0123959704032
 20
374.7032505901614
 10
919.7058122171791
 20
374.8010843667005
 10
919.424129308888
 20
374.9206589824704
 10
919.16734724553
 20
375.0619744374713
 10
918.9354660271051
 20
375.22503073170304
 10
918.7259576490516
 20
375.40944866448143
 10
918.5362941068075
 20
375.6148490351222
 10
918.3664754003731
 20
375.84123184362534
 10
918.2165015297484
 20
376.0885970899909
 10
918.0863724949331
 20
376.3569447742188
 10
917.9760882959275
 20
376.6462748963091
 10
917.8856489327316
 20
376.9565874562618
 10
917.8150544053452
 20
377.28788245407685
  0
LWPOLYLINE
  5
A1
330
17
100
AcDbEntity
  8
line engraving
 62
1
420
16711680
100
AcDbPolyline
 90
50
 70
0
 10
926.6812720042537
 20
371.4310014854547
 10
926.6812720042537
 20
383.31464532924736
 10
928.0079687982511
 20
383.31464532924736
 10
928.0079687982511
 20
382.19827851478624
 10
928.2501516352651
 20
382.5054310690368
 10
928.5075024996495
 20
382.7716299493872
 10
928.7800213914043
 20
382.9968751558376
 10
929.0677083105294
 20
383.18116668838786
 10
929.3786528716225
 20
383.3245045470381
 10
929.720944689281
 20
383.42688873178827
 10
930.0945837635052
 20
383.4883192426384
 10
930.4995700942948
 20
383.5087960795884
 10
931.0334846577326
 20
383.47340401572416
 10
931.5350407627805
 20
383.3672278241314
 10
932.0042384094379
 20
383.1902675048101
 10
932.4410775977053
 20
382.9425230577603
 10
932.835951910248
 20
382.6303144943863
 10
933.1792549297313
 20
382.25996182609254
 10
933.4709866561552
 20
381.83146505287885
 10
933.7111470895198
 20
381.3448241747453
 10
933.8987250280004
 20
380.81672402179936
 10
934.0327092697722
 20
380.2638494241485
 10
934.1130998148353
 20
379.68620038179256
 10
934.1398966631897
 20
379.08377689473167
 10
934.1103190098174
 20
378.44090533468307
 10
934.0215860497005
 20
377.830897833937
 10
933.8736977828393
 20
377.2537543924934
 10
933.6666542092333
 20
376.70947501035243
 10
933.5416443836557
 20
376.45326174802085
 10
933.4032361339008
 20
376.2124693135158
 10
933.2514294599688
 20
375.98709770683735
 10
933.0862243618595
 20
375.7771469279854
 10
932.9076208395732
 20
375.58261697696014
 10
932.7156188931095
 20
375.40350785376137
 10
932.5102185224688
 20
375.2398195583892
 10
932.2914197276508
 20
375.09155209084355
 10
931.8346093033457
 20
374.845577246987
 10
931.3661700580567
 20
374.66988092994654
 10
930.8861019917837
 20
374.5644631397223
 10
930.3944051045266
 20
374.5293238763142
 10
930.0397260645155
 20
374.5485367109834
 10
929.7037542582614
 20
374.6061752149909
 10
929.3864896857639
 20
374.70223938833675
 10
929.0879323470233
 20
374.8367292310209
 10
928.8116214484259
 20
375.00054392662116
 10
928.5610961963582
 20
375.18458265871527
 10
928.3363565908202
 20
375.3888454273033
 10
928.1374026318118
 20
375.6133322323852
 10
928.1374026318118
 20
371.4310014854547
 10
926.6812720042537
 20
371.4310014854547
  0
LWPOLYLINE
  5
A2
330
17
100
AcDbEntity
  8
line engraving
 62
1
420
16711680
100
AcDbPolyline
 90
65
 70
0
 10
927.9998791836535
 20
378.97052229036603
 10
928.0103704025847
 20
378.56945436664716
 10
928.0418440593783
 20
378.1954360917388
 10
928.0943001540343
 20
377.848467465641
 10
928.1677386865526
 20
377.52854848835375
 10
928.2621596569332
 20
377.23567915987707
 10
928.3775630651763
 20
376.96985948021086
 10
928.5139489112819
 20
376.73108944935524
 10
928.6713171952497
 20
376.5193690673101
 10
928.8436007061317
 20
376.33356073202276
 10
929.0247322329799
 20
376.1725268414404
 10
929.2147117757942
 20
376.036267395563
 10
929.4135393345744
 20
375.9247823943906
 10
929.6212149093208
 20
375.83807183792317
 10
929.8377385000331
 20
375.7761357261607
 10
930.0631101067115
 20
375.73897405910327
 10
930.2973297293561
 20
375.72658683675076
 10
930.5356573594134
 20
375.7394164599016
 10
930.7652633737329
 20
375.7779053293539
 10
930.9861477723142
 20
375.8420534451079
 10
931.1983105551576
 20
375.93186080716345
 10
931.401751722263
 20
376.0473274155206
 10
931.5964712736305
 20
376.1884532701793
 10
931.7824692092601
 20
376.35523837113965
 10
931.9597455291515
 20
376.5476827184015
 10
932.1218538216726
 20
376.76705031424586
 10
932.2623476751909
 20
377.0146051609535
 10
932.3812270897064
 20
377.29034725852455
 10
932.478492065219
 20
377.59427660695883
 10
932.5541426017289
 20
377.9263932062565
 10
932.608178699236
 20
378.2866970564174
 10
932.6406003577401
 20
378.67518815744165
 10
932.6514075772416
 20
379.09186650932924
 10
932.6408531581964
 20
379.48952162688977
 10
932.6091899010606
 20
379.8613910979206
 10
932.5564178058345
 20
380.2074749224218
 10
932.4825368725178
 20
380.52777310039335
 10
932.3875471011107
 20
380.8222856318352
 10
932.2714484916131
 20
381.09101251674736
 10
932.1342410440251
 20
381.33395375512987
 10
931.9759247583465
 20
381.5511093469827
 10
931.80294604621
 20
381.7426056925339
 10
931.6217513192478
 20
381.90856919201167
 10
931.43234057746
 20
382.04899984541595
 10
931.2347138208465
 20
382.16389765274664
 10
931.0288710494075
 20
382.2532626140039
 10
930.8148122631428
 20
382.31709472918766
 10
930.5925374620524
 20
382.3553939982979
 10
930.3620466461365
 20
382.36816042133466
 10
930.1328198325014
 20
382.35457239681534
 10
929.9102922309548
 20
382.31380832325743
 10
929.6944638414969
 20
382.2458682006609
 10
929.4853346641275
 20
382.1507520290257
 10
929.2829046988469
 20
382.02845980835184
 10
929.0871739456547
 20
381.8789915386394
 10
928.8981424045511
 20
381.70234721988834
 10
928.7158100755362
 20
381.4985268520987
 10
928.5480137727512
 20
381.2687944375512
 10
928.4025903103375
 20
381.0144139785269
 10
928.2795396882952
 20
380.7353854750256
 10
928.1788619066242
 20
380.4317089270475
 10
928.1005569653246
 20
380.1033843345925
 10
928.0446248643962
 20
379.7504116976605
 10
928.0110656038393
 20
379.3727910162517
 10
927.9998791836535
 20
378.97052229036603
  0
LWPOLYLINE
  5
A3
330
17
100
AcDbEntity
  8
line engraving
 62
1
420
16711680
100
AcDbPolyline
 90
128
 70
0
 10
941.5014459469551
 20
375.7832141389336
 10
941.1007572239204
 20
375.4646855641553
 10
940.707652514571
 20
375.1967170806116
 10
940.3221318189068
 20
374.97930868830264
 10
939.9441951369278
 20
374.81246038722827
 10
939.5632248494746
 20
374.68858816370334
 10
939.1686033373882
 20
374.60010800404274
 10
938.7603306006683
 20
374.54701990824634
 10
938.3384066393152
 20
374.5293238763142
 10
937.9947244191476
 20
374.54013109581564
 10
937.6715190359301
 20
374.5725527543198
 10
937.3687904896626
 20
374.62658885182685
 10
937.0865387803452
 20
374.7022393883367
 10
936.8247639079777
 20
374.7995043638494
 10
936.5834658725604
 20
374.91838377836484
 10
936.3626446740931
 20
375.05887763188315
 10
936.1623003125758
 20
375.22098592440426
 10
935.9840759909737
 20
375.3999054472609
 10
935.8296149122518
 20
375.59083299178576
 10
935.6989170764102
 20
375.7937685579788
 10
935.5919824834489
 20
376.00871214584015
 10
935.5088111333679
 20
376.23566375536967
 10
935.4494030261673
 20
376.4746233865675
 10
935.4137581618468
 20
376.7255910394335
 10
935.4018765404066
 20
376.9885667139677
 10
935.419825372795
 20
377.29723607095525
 10
935.4736718699598
 20
377.59225420330944
 10
935.5634160319014
 20
377.8736211110303
 10
935.6890578586194
 20
378.14133679411776
 10
935.8437717377974
 20
378.3893340416237
 10
936.0207320571187
 20
378.61154564260005
 10
936.2199388165832
 20
378.8079715970467
 10
936.441392016191
 20
378.9786119049636
 10
936.6812996490994
 20
379.1267529722811
 10
936.9358697084659
 20
379.2556812049295
 10
937.2051021942905
 20
379.3653966029087
 10
937.488997106573
 20
379.4558991662187
 10
937.7306743426747
 20
379.5120208674892
 10
938.0269564773098
 20
379.567131366935
 10
938.3778435104782
 20
379.62123066455604
 10
938.7833354421801
 20
379.67431876035243
 10
939.2096834115164
 20
379.72816525751733
 10
939.6069593283926
 20
379.78453975924396
 10
939.975163192809
 20
379.84344226553236
 10
940.3142950047654
 20
379.90487277638243
 10
940.6243547642619
 20
379.9688312917943
 10
940.9053424712985
 20
380.0353178117678
 10
941.157258125875
 20
380.1043323363031
 10
941.3801017279918
 20
380.17587486540015
 10
941.3836409343783
 20
380.31188151082137
 10
941.38616893894
 20
380.4205857069759
 10
941.387685741677
 20
380.50198745386365
 10
941.3881913425894
 20
380.55608675148477
 10
941.381744930957
 20
380.7703351380916
 10
941.3624056960597
 20
380.96815149504715
 10
941.3301736378976
 20
381.1495358223515
 10
941.2850487564707
 20
381.3144881200045
 10
941.2270310517789
 20
381.4630083880063
 10
941.1561205238223
 20
381.59509662635685
 10
941.072317172601
 20
381.7107528350561
 10
940.9756209981147
 20
381.8099770141041
 10
940.8276063310252
 20
381.92563322280336
 10
940.6626540333722
 20
382.0258686036761
 10
940.4807641051555
 20
382.1106831567222
 10
940.2819365463752
 20
382.1800768819418
 10
940.0661713570313
 20
382.2340497793347
 10
939.8334685371238
 20
382.27260184890116
 10
939.5838280866527
 20
382.295733090641
 10
939.317250005618
 20
382.3034435045543
 10
939.0688103573137
 20
382.29781869440444
 10
938.837181939345
 20
382.2809442639549
 10
938.6223647517118
 20
382.2528202132056
 10
938.424358794414
 20
382.21344654215665
 10
938.2431640674519
 20
382.16282325080795
 10
938.0787805708253
 20
382.1009503391595
 10
937.9312083045342
 20
382.0278278072114
 10
937.8004472685785
 20
381.9434556549636
 10
937.5716628557417
 20
381.7288280676725
 10
937.3747313003828
 20
381.44493315538995
 10
937.2096526025016
 20
381.09177091811586
 10
937.0764267620983
 20
380.66934135585035
 10
935.6526545929305
 20
380.8634921061914
 10
935.7654035963837
 20
381.2985616912656
 10
935.9094998564025
 20
381.68964399696563
 10
936.0849433729868
 20
382.03673902329155
 10
936.2917341461365
 20
382.3398467702433
 10
936.5389729922739
 20
382.60478164831284
 10
936.8357607278213
 20
382.8373580679922
 10
937.1820973527787
 20
383.03757602928147
 10
937.577982867146
 20
383.2054355321805
 10
938.0153276563258
 20
383.3381557716715
 10
938.4860421057203
 20
383.43295594273644
 10
938.9901262153298
 20
383.48983604537545
 10
939.5275799851541
 20
383.5087960795884
 10
940.0518881312576
 20
383.49261685039335
 10
940.5246249843016
 20
383.44407916280807
 10
940.9457905442862
 20
383.36318301683264
 10
941.3153848112115
 20
383.249928412467
 10
941.6364413905516
 20
383.11215216385256
 10
941.9119938877805
 20
382.9576910851307
 10
942.1420423028981
 20
382.7865451763014
 10
942.3265866359045
 20
382.59871443736466
 10
942.4762445059591
 20
382.3896484601094
 10
942.6016335322211
 20
382.15479683632446
 10
942.7027537146904
 20
381.8941595660098
 10
942.779605053367
 20
381.60773664916553
 10
942.8114579108449
 20
381.3842610459084
 10
942.8342099519004
 20
381.0859565076239
 10
942.8478611765338
 20
380.7128230343122
 10
942.8524115847449
 20
380.26486062597314
 10
942.8524115847449
 20
378.3233531225625
 10
942.8538651873679
 20
377.83905064864854
 10
942.8582259952369
 20
377.4013898588986
 10
942.8654940083519
 20
377.0103707533126
 10
942.8756692267128
 20
376.6659933318906
 10
942.8887516503198
 20
376.36825759463255
 10
942.9047412791728
 20
376.11716354153845
 10
942.9236381132717
 20
375.91271117260834
 10
942.9454421526167
 20
375.7549004878422
 10
943.0033334570803
 20
375.48870160749175
 10
943.0839768025996
 20
375.2280643371771
 10
943.1873721891745
 20
374.9729886768983
 10
943.3135196168049
 20
374.7234746266553
 10
941.7926720724666
 20
374.7234746266553
 10
941.689529486348
 20
374.9595902527211
 10
941.6066109367231
 20
375.2149187134561
 10
941.5439164235921
 20
375.48946000886025
 10
941.5014459469551
 20
375.7832141389336
  0
LWPOLYLINE
  5
A4
330
17
100
AcDbEntity
  8
line engraving
 62
1
420
16711680
100
AcDbPolyline
 90
42
 70
0
 10
941.3801017279918
 20
379.0352392071464
 10
941.1695189479994
 20
378.95585986390796
 10
940.9341617233022
 20
378.87951412614365
 10
940.6740300539
 20
378.8062019938534
 10
940.3891239397926
 20
378.73592346703725
 10
940.0794433809805
 20
378.6686785456952
 10
939.7449883774632
 20
378.60446722982715
 10
939.385758929241
 20
378.54328951943324
 10
939.0017550363139
 20
378.4851454145134
 10
938.5856454854527
 20
378.41840609408365
 10
938.2352640531965
 20
378.3476219663551
 10
937.9506107395454
 20
378.27279303132786
 10
937.7316855444993
 20
378.19391928900177
 10
937.5562420279151
 20
378.10366952614794
 10
937.4020337496495
 20
377.99471252953725
 10
937.2690607097023
 20
377.86704829916977
 10
937.1573229080738
 20
377.7206768350454
 10
937.0688427484131
 20
377.5606541462878
 10
937.0056426343697
 20
377.3920362420202
 10
936.9677225659437
 20
377.21482312224276
 10
936.9550825431351
 20
377.02901478695543
 10
936.982637792858
 20
376.74992308334015
 10
937.0653035420266
 20
376.4951002235175
 10
937.203079790641
 20
376.26454620748746
 10
937.3959665387013
 20
376.0582610352501
 10
937.6419413825579
 20
375.8883791287017
 10
937.9389819185615
 20
375.7670349097385
 10
938.287088146712
 20
375.6942283783606
 10
938.6862600670096
 20
375.66995953456797
 10
939.0952912050979
 20
375.6929643760797
 10
939.4810647012183
 20
375.761978900615
 10
939.8435805553707
 20
375.8770031081739
 10
940.1828387675553
 20
376.03803699875624
 10
940.488727319525
 20
376.239013361414
 10
940.7511341930328
 20
376.47386498519893
 10
940.9700593880789
 20
376.74259187011114
 10
941.1455029046631
 20
377.0451940161505
 10
941.2481398898694
 20
377.3212521142917
 10
941.3214520221596
 20
377.6559599182651
 10
941.3654393015338
 20
378.0493174280707
 10
941.3801017279918
 20
378.5013246437085
 10
941.3801017279918
 20
379.0352392071464
  0
LWPOLYLINE
  5
A5
330
17
100
AcDbEntity
  8
line engraving
 62
1
420
16711680
100
AcDbPolyline
 90
119
 70
0
 10
950.715516973558
 20
377.87033470510005
 10
952.1473787573234
 20
377.6842735693565
 10
952.0772898308494
 20
377.3242225196517
 10
951.9843224630916
 20
376.98426910621276
 10
951.8684766540503
 20
376.6644133290395
 10
951.7297524037251
 20
376.3646551881321
 10
951.5681497121163
 20
376.08499468349044
 10
951.3836685792239
 20
375.8254318151145
 10
951.1763090050479
 20
375.5859665830044
 10
950.9460709895881
 20
375.36659898716005
 10
950.6975049410557
 20
375.17036263305556
 10
950.4351612676619
 20
375.000291126165
 10
950.1590399694066
 20
374.85638446648835
 10
949.86914104629
 20
374.7386426540257
 10
949.5654644983118
 20
374.6470656887769
 10
949.2480103254723
 20
374.58165357074205
 10
948.9167785277713
 20
374.5424062999212
 10
948.5717691052088
 20
374.5293238763142
 10
948.141692329144
 20
374.54733590881654
 10
947.7332299920821
 20
374.6013720063236
 10
947.3463820940229
 20
374.6914321688353
 10
946.9811486349666
 20
374.8175163963517
 10
946.6375296149131
 20
374.97962468887283
 10
946.3155250338624
 20
375.1777570463986
 10
946.0151348918146
 20
375.4119134689291
 10
945.7363591887695
 20
375.68209395646426
 10
945.4851387354473
 20
375.9858969046705
 10
945.2674143425681
 20
376.3209207092141
 10
945.0831860101318
 20
376.6871653700951
 10
944.9324537381385
 20
377.08463088731355
 10
944.8152175265882
 20
377.51331726086937
 10
944.7314773754808
 20
377.97322449076256
 10
944.6812332848164
 20
378.4643525769932
 10
944.6644852545949
 20
378.98670151956117
 10
944.6933045065986
 20
379.6606675357191
 10
944.7797622626099
 20
380.2911518734152
 10
944.9238585226286
 20
380.8781545326495
 10
945.1255932866549
 20
381.421675513422
 10
945.248391108241
 20
381.6744127694812
 10
945.3862305569695
 20
381.9108443961172
 10
945.5391116328402
 20
382.13097039333013
 10
945.7070343358533
 20
382.3347907611198
 10
945.8899986660088
 20
382.5223054994863
 10
946.0880046233065
 20
382.69351460842967
 10
946.3010522077465
 20
382.8484180879498
 10
946.5291414193288
 20
382.9870159380468
 10
947.0107262883389
 20
383.21529474997124
 10
947.5130407947552
 20
383.378351044203
 10
948.0360849385777
 20
383.47618482074205
 10
948.5798587198063
 20
383.5087960795884
 10
948.9217713367807
 20
383.4977360596308
 10
949.247757525016
 20
383.4645559997581
 10
949.5578172845126
 20
383.4092558999702
 10
949.8519506152702
 20
383.33183576026715
 10
950.1301575172888
 20
383.2322955806489
 10
950.3924379905685
 20
383.11063536111556
 10
950.6387920351094
 20
382.966855101667
 10
950.8692196509113
 20
382.8009548023033
 10
951.081698434325
 20
382.61470406621766
 10
951.2742059817009
 20
382.40987249660327
 10
951.4467422930392
 20
382.18646009346014
 10
951.5993073683397
 20
381.94446685678827
 10
951.7319012076026
 20
381.6838927865877
 10
951.8445238108278
 20
381.4047378828584
 10
951.9371751780153
 20
381.10700214560035
 10
952.0098553091651
 20
380.79068557481355
 10
950.5941727545949
 20
380.57226598067984
 10
950.4735869370003
 20
380.9782635132941
 10
950.314069849155
 20
381.3306673491996
 10
950.115621491059
 20
381.6294774883964
 10
949.8782418627122
 20
381.87469393088446
 10
949.607998175063
 20
382.06581107575147
 10
949.3109576390593
 20
382.202323322085
 10
948.9871202547014
 20
382.2842306698852
 10
948.6364860219891
 20
382.3115331191519
 10
948.367885537305
 20
382.29920909691344
 10
948.1121778758858
 20
382.2622370301981
 10
947.8693630377313
 20
382.2006169190059
 10
947.6394410228418
 20
382.11434876333675
 10
947.422411831217
 20
382.0034325631907
 10
947.2182754628572
 20
381.8678683185678
 10
947.0270319177621
 20
381.707656029468
 10
946.8486811959318
 20
381.5227956958913
 10
946.6875209051213
 20
381.3112649141883
 10
946.5478486530857
 20
381.07104128070966
 10
946.4296644398246
 20
380.80212479545537
 10
946.3329682653384
 20
380.50451545842543
 10
946.2577601296268
 20
380.1782132696198
 10
946.20404003269
 20
379.82321822903845
 10
946.171807974528
 20
379.4395303366815
 10
946.1610639551405
 20
379.0271495925489
 10
946.1714287738437
 20
378.6091440382664
 10
946.2025232299529
 20
378.2207161373562
 10
946.2543473234684
 20
377.8618658898182
 10
946.3269010543902
 20
377.53259329565253
 10
946.4201844227182
 20
377.2328983548592
 10
946.5341974284523
 20
376.962781067438
 10
946.6689400715927
 20
376.7222414333892
 10
946.8244123521392
 20
376.5112794527126
 10
946.9965694627932
 20
376.32736712084653
 10
947.1813665962559
 20
376.1679764332293
 10
947.3788037525271
 20
376.03310738986085
 10
947.5888809316072
 20
375.9227599907412
 10
947.8115981334957
 20
375.8369342358704
 10
948.046955358193
 20
375.77563012524837
 10
948.294952605699
 20
375.73884765887516
 10
948.5555898760136
 20
375.72658683675076
 10
948.9666434177514
 20
375.7594508960533
 10
949.3423048956248
 20
375.85804307396086
 10
949.6825743096341
 20
376.0223633704735
 10
949.987451659779
 20
376.25241178559116
 10
950.124469507025
 20
376.39271603876733
 10
950.2483417305499
 20
376.5507163238756
 10
950.3590683303537
 20
376.726412640916
 10
950.4566493064366
 20
376.9198049898886
 10
950.5410846587985
 20
377.1308933707932
 10
950.6123743874393
 20
377.35967778363005
 10
950.6705184923592
 20
377.60615822839895
 10
950.715516973558
 20
377.87033470510005
  0
LWPOLYLINE
  5
A6
330
17
100
AcDbEntity
  8
line engraving
 62
1
420
16711680
100
AcDbPolyline
 90
95
 70
0
 10
959.2743292177599
 20
377.4901228190154
 10
960.7789975329032
 20
377.3040616832719
 10
960.6805317552237
 20
376.9836371050723
 10
960.5631059433313
 20
376.68166696017335
 10
960.4267200972257
 20
376.39815124857506
 10
960.2713742169072
 20
376.13308997027735
 10
960.0970683023759
 20
375.88648312528034
 10
959.9038023536314
 20
375.658330713584
 10
959.6915763706739
 20
375.44863273518826
 10
959.4603903535035
 20
375.2573891900932
 10
959.2113819041729
 20
375.08674888217627
 10
958.9456886247348
 20
374.93886061531487
 10
958.6633105151892
 20
374.8137243895091
 10
958.3642475755362
 20
374.7113402047589
 10
958.0484998057758
 20
374.6317080610644
 10
957.716067205908
 20
374.5748279584254
 10
957.3669497759327
 20
374.540699896842
 10
957.00114751585
 20
374.5293238763142
 10
956.5421250875534
 20
374.54746230904465
 10
956.1074979032775
 20
374.6018776072359
 10
955.6972659630223
 20
374.6925697708881
 10
955.3114292667879
 20
374.8195388000011
 10
954.9499878145742
 20
374.982784694575
 10
954.6129416063811
 20
375.1823074546097
 10
954.3002906422089
 20
375.41810708010536
 10
954.0120349220573
 20
375.6901835710618
 10
953.7532304550499
 20
375.9949977210927
 10
953.5289332503102
 20
376.32901032381164
 10
953.3391433078382
 20
376.6922213792186
 10
953.1838606276337
 20
377.08463088731355
 10
953.063085209697
 20
377.5062388480965
 10
952.9768170540278
 20
377.95704526156743
 10
952.9250561606264
 20
378.4370501277264
 10
952.9078025294925
 20
378.9462534465734
 10
952.9252457609684
 20
379.47308959723847
 10
952.9775754553964
 20
379.9695896931628
 10
953.0647916127762
 20
380.4357537343463
 10
953.1868942331078
 20
380.871581720789
 10
953.3438833163914
 20
381.2770736524909
 10
953.535758862627
 20
381.65222952945203
 10
953.7625208718143
 20
381.99704935167233
 10
954.0241693439536
 20
382.3115331191519
 10
954.313625866272
 20
382.5921416255042
 10
954.6238120259966
 20
382.8353356643429
 10
954.9547278231274
 20
383.0411152356679
 10
955.3063732576644
 20
383.2094803394793
 10
955.6787483296076
 20
383.34043097577705
 10
956.0718530389571
 20
383.43396714456117
 10
956.4856873857127
 20
383.4900888458316
 10
956.9202513698746
 20
383.5087960795884
 10
957.3411641294031
 20
383.49046804651584
 10
957.74235845335
 20
383.43548394729817
 10
958.1238343417155
 20
383.3438437819354
 10
958.4855917944994
 20
383.21554755042746
 10
958.8276308117019
 20
383.0505952527744
 10
959.1499513933227
 20
382.84898688897624
 10
959.452553539362
 20
382.61072245903296
 10
959.7354372498199
 20
382.3358019629445
 10
959.9913977116954
 20
382.0276382068693
 10
960.2132301119874
 20
381.68964399696563
 10
960.4009344506961
 20
381.3218193332335
 10
960.5545107278214
 20
380.924164215673
 10
960.6739589433632
 20
380.49667864428403
 10
960.7592790973217
 20
380.0393626190666
 10
960.8104711896967
 20
379.55221614002073
 10
960.8275352204885
 20
379.0352392071464
 10
960.8270296195761
 20
378.96243267576847
 10
960.8255128168391
 20
378.8734469151955
 10
960.8229848122774
 20
378.7682819254274
 10
960.8194456058909
 20
378.64693770646426
 10
954.4124708446358
 20
378.64693770646426
 10
954.4426804991484
 20
378.3033818865248
 10
954.4928613896989
 20
377.98055570399157
 10
954.5630135162869
 20
377.6784591588645
 10
954.6531368789127
 20
377.39709225114365
 10
954.7632314775761
 20
377.13645498082906
 10
954.8932973122772
 20
376.8965473479206
 10
955.0433343830161
 20
376.6773693524184
 10
955.2133426897926
 20
376.4789209943224
 10
955.3988982246238
 20
376.30259267614156
 10
955.5955769795266
 20
376.1497748003848
 10
955.8033789545011
 20
376.02046736705216
 10
956.0223041495472
 20
375.91467037614365
 10
956.2523525646648
 20
375.83238382765927
 10
956.493524199854
 20
375.773607721599
 10
956.745819055115
 20
375.7383420579628
 10
957.0092371304476
 20
375.72658683675076
 10
957.3950106265679
 20
375.7528780841928
 10
957.7514592697722
 20
375.8317518265188
 10
958.0785830600604
 20
375.9632080637289
 10
958.3763819974325
 20
376.1472467958231
 10
958.6448560818885
 20
376.3889240319247
 10
958.8840053134285
 20
376.6932957811573
 10
959.0938296920523
 20
377.0603620435209
 10
959.2743292177599
 20
377.4901228190154
  0
LWPOLYLINE
  5
A7
330
17
100
AcDbEntity
  8
line engraving
 62
1
420
16711680
100
AcDbPolyline
 90
34
 70
0
 10
954.4933669906112
 20
379.84420066690086
 10
959.2905084469551
 20
379.84420066690086
 10
959.2606779931266
 20
380.1067339406368
 10
959.2197243192265
 20
380.3523295838091
 10
959.1676474252548
 20
380.5809875964178
 10
959.1044473112115
 20
380.7927079784629
 10
959.0301239770965
 20
380.9874907299444
 10
958.94467742291
 20
381.1653358508623
 10
958.8481076486518
 20
381.3262433412166
 10
958.740414654322
 20
381.47021320100725
 10
958.5600415288424
 20
381.6673975568224
 10
958.366775580098
 20
381.83829066519553
 10
958.1606168080887
 20
381.98289252612665
 10
957.9415652128146
 20
382.10120313961573
 10
957.7096207942756
 20
382.1932225056628
 10
957.4647835524718
 20
382.2589506242678
 10
957.2070534874031
 20
382.29838749543086
 10
956.9364305990696
 20
382.3115331191519
 10
956.6906453555551
 20
382.3010419002207
 10
956.4548457300596
 20
382.2695682434271
 10
956.2290317225828
 20
382.21711214877115
 10
956.0132033331249
 20
382.14367361625284
 10
955.8073605616859
 20
382.0492526458721
 10
955.6115034082655
 20
381.93384923762903
 10
955.4256318728642
 20
381.79746339152354
 10
955.2497459554817
 20
381.6400951075557
 10
955.0883960643291
 20
381.4651571918838
 10
954.9461326076175
 20
381.2760624506662
 10
954.8229555853471
 20
381.0728108839029
 10
954.7188649975178
 20
380.85540249159385
 10
954.6338608441295
 20
380.6238372737392
 10
954.5679431251823
 20
380.3781152303388
 10
954.5211118406762
 20
380.1182363613927
 10
954.4933669906112
 20
379.84420066690086
  0
LWPOLYLINE
  5
A8
330
17
100
AcDbEntity
  8
line engraving
 62
1
420
16711680
100
AcDbPolyline
 90
35
 70
0
 10
962.5910712027531
 20
374.7234746266553
 10
962.5910712027531
 20
383.31464532924736
 10
963.9015887675553
 20
383.31464532924736
 10
963.9015887675553
 20
382.01221737904274
 10
964.1475636114119
 20
382.4303493335533
 10
964.3839320379338
 20
382.7706187475625
 10
964.6106940471213
 20
383.03302562107035
 10
964.8278496389742
 20
383.21756995407685
 10
965.0455108317393
 20
383.34498138398817
 10
965.2737896436638
 20
383.4359895482105
 10
965.5126860747475
 20
383.49059444674396
 10
965.7622001249905
 20
383.5087960795884
 10
966.1317943919158
 20
383.47947122667233
 10
966.5044222643152
 20
383.391496667924
 10
966.8800837421886
 20
383.24487240334355
 10
967.2587788255362
 20
383.03959843293086
 10
966.7572227204885
 20
381.68863279514096
 10
966.4902654387695
 20
381.82666184421157
 10
966.2233081570505
 20
381.92525402211913
 10
965.9563508753316
 20
381.98440932886365
 10
965.6893935936126
 20
382.0041277644452
 10
965.4568171739332
 20
381.9861789320569
 10
965.2363751761501
 20
381.932332434892
 10
965.0280676002633
 20
381.8425882729504
 10
964.8318944462728
 20
381.7169464462323
 10
964.655439727864
 20
381.5594517620364
 10
964.5062874587217
 20
381.3741490276614
 10
964.3844376388462
 20
381.1610382431074
 10
964.2898902682374
 20
380.92011940837426
 10
964.1837140766446
 20
380.5227170912699
 10
964.1078739397926
 20
380.10711314132107
 10
964.0623698576815
 20
379.6733075585277
 10
964.0472018303111
 20
379.22130034288995
 10
964.0472018303111
 20
374.7234746266553
 10
962.5910712027531
 20
374.7234746266553
  0
CIRCLE
  5
A9
330
17
100
AcDbEntity
  8
cut
 62
5
420
255
100
AcDbCircle
 10
690.8828821327803
 20
690.8845842002008
 30
0.0
 40
3.9
  0
CIRCLE
  5
AA
330
17
100
AcDbEntity
  8
cut
 62
5
420
255
100
AcDbCircle
 10
1146.8828821327802
 20
690.8845842002008
 30
0.0
 40
3.9
  0
LWPOLYLINE
  5
AB
330
17
100
AcDbEntity
  8
cut
 62
5
420
255
100
AcDbPolyline
 90
10
 70
1
 10
942.882885709059
 20
756.8845843790148
 10
942.882885709059
 20
940.4845797623641
 42
1.6953422501885593
 10
894.9386707882377
 20
940.3836431843113
 10
894.9386707882377
 20
768.8845843790148
 42
-0.4142135623730962
 10
840.9386707882377
 20
714.8845843790148
 10
702.8828826692222
 20
714.8845843790148
 42
1.618034015706349
 10
702.8828826692221
 20
666.8845840213869
 10
1134.8828753378507
 20
666.8845840213869
 42
1.6180343930967274
 10
1134.882875337851
 20
714.8845843790148
 10
984.8828857090591
 20
714.8845843790148
 42
-0.4142135623730954
  0
CIRCLE
  5
AC
330
17
100
AcDbEntity
  8
cut
 62
5
420
255
100
AcDbCircle
 10
918.8828821327803
 20
953.6845842002008
 30
0.0
 40
10.9
  0
LWPOLYLINE
  5
AD
330
17
100
AcDbEntity
  8
line engraving
 62
1
420
16711680
100
AcDbPolyline
 90
41
 70
0
 10
871.7932369599155
 20
697.7485076281266
 10
871.7932369599155
 20
705.2071322870624
 10
870.5069882389059
 20
705.2071322870624
 10
870.5069882389059
 20
706.3396783307187
 10
871.7932369599155
 20
706.3396783307187
 10
871.7932369599155
 20
707.2538047802412
 10
871.80284337725
 20
707.6587911110308
 10
871.8316626292537
 20
708.0081613414623
 10
871.8796947159267
 20
708.3019154715356
 10
871.9469396372688
 20
708.5400535012508
 10
872.0720758630746
 20
708.8097915879877
 10
872.2371545609557
 20
709.0527328263702
 10
872.4421757309121
 20
709.2688772163982
 10
872.6871393729441
 20
709.458224758072
 10
872.9786182989119
 20
709.6121802358815
 10
873.3231853206761
 20
709.7221484343169
 10
873.7208404382366
 20
709.7881293533782
 10
874.1715836515936
 20
709.8101229930652
 10
874.4870786208977
 20
709.801022176643
 10
874.8187528193971
 20
709.7737197273763
 10
875.1666062470914
 20
709.7282156452651
 10
875.530638903981
 20
709.6645099303095
 10
875.3122193098473
 20
708.3944404384949
 10
875.0887437065901
 20
708.4298325023592
 10
874.8713353142812
 20
708.4551125479766
 10
874.6599941329202
 20
708.4702805753469
 10
874.4547201625076
 20
708.4753365844704
 10
874.1473148078009
 20
708.4576405525382
 10
873.8884471406794
 20
708.4045524567418
 10
873.6781171611433
 20
708.3160722970813
 10
873.5163248691924
 20
708.1922000735564
 10
873.395991852054
 20
708.0197901624463
 10
873.3100396969551
 20
707.7856969400298
 10
873.2584684038957
 20
707.4899204063071
 10
873.2412779728759
 20
707.1324605612781
 10
873.2412779728759
 20
706.3396783307187
 10
874.9158281945676
 20
706.3396783307187
 10
874.9158281945676
 20
705.2071322870624
 10
873.2412779728759
 20
705.2071322870624
 10
873.2412779728759
 20
697.7485076281266
 10
871.7932369599155
 20
697.7485076281266
  0
LWPOLYLINE
  5
AE
330
17
100
AcDbEntity
  8
line engraving
 62
1
420
16711680
100
AcDbPolyline
 90
35
 70
0
 10
876.0321950090287
 20
697.7485076281266
 10
876.0321950090287
 20
706.3396783307187
 10
877.3427125738309
 20
706.3396783307187
 10
877.3427125738309
 20
705.037250380514
 10
877.5886874176874
 20
705.4553823350246
 10
877.8250558442095
 20
705.7956517490338
 10
878.0518178533969
 20
706.0580586225417
 10
878.2689734452497
 20
706.2426029555481
 10
878.4866346380148
 20
706.3700143854595
 10
878.7149134499393
 20
706.461022549682
 10
878.9538098810231
 20
706.5156274482154
 10
879.2033239312661
 20
706.5338290810598
 10
879.5729181981914
 20
706.5045042281437
 10
879.9455460705908
 20
706.4165296693955
 10
880.3212075484643
 20
706.2699054048148
 10
880.6999026318118
 20
706.0646314344021
 10
880.198346526764
 20
704.7136657966123
 10
879.931389245045
 20
704.8516948456829
 10
879.6644319633261
 20
704.9502870235905
 10
879.3974746816072
 20
705.0094423303351
 10
879.1305173998882
 20
705.0291607659166
 10
878.8979409802088
 20
705.0112119335282
 10
878.6774989824257
 20
704.9573654363634
 10
878.4691914065389
 20
704.8676212744218
 10
878.2730182525485
 20
704.7419794477037
 10
878.0965635341396
 20
704.5844847635077
 10
877.9474112649973
 20
704.3991820291328
 10
877.8255614451218
 20
704.1860712445787
 10
877.731014074513
 20
703.9451524098456
 10
877.6248378829202
 20
703.5477500927412
 10
877.5489977460683
 20
703.1321461427924
 10
877.503493663957
 20
702.698340559999
 10
877.4883256365866
 20
702.2463333443612
 10
877.4883256365866
 20
697.7485076281266
 10
876.0321950090287
 20
697.7485076281266
  0
LWPOLYLINE
  5
AF
330
17
100
AcDbEntity
  8
line engraving
 62
1
420
16711680
100
AcDbPolyline
 90
128
 70
0
 10
887.1715943098473
 20
698.8082471404049
 10
886.7709055868127
 20
698.4897185656266
 10
886.3778008774632
 20
698.221750082083
 10
885.992280181799
 20
698.0043416897739
 10
885.6143434998199
 20
697.8374933886996
 10
885.2333732123668
 20
697.7136211651747
 10
884.8387517002805
 20
697.6251410055141
 10
884.4304789635606
 20
697.5720529097177
 10
884.0085550022075
 20
697.5543568777856
 10
883.6648727820399
 20
697.565164097287
 10
883.3416673988224
 20
697.5975857557912
 10
883.0389388525549
 20
697.6516218532983
 10
882.7566871432375
 20
697.7272723898081
 10
882.49491227087
 20
697.8245373653208
 10
882.2536142354527
 20
697.9434167798362
 10
882.0327930369853
 20
698.0839106333544
 10
881.832448675468
 20
698.2460189258755
 10
881.6542243538659
 20
698.4249384487322
 10
881.499763275144
 20
698.615865993257
 10
881.3690654393024
 20
698.8188015594501
 10
881.262130846341
 20
699.0337451473115
 10
881.1789594962601
 20
699.260696756841
 10
881.1195513890594
 20
699.4996563880387
 10
881.083906524739
 20
699.7506240409048
 10
881.0720249032988
 20
700.013599715439
 10
881.0899737356872
 20
700.3222690724266
 10
881.143820232852
 20
700.6172872047807
 10
881.2335643947936
 20
700.8986541125016
 10
881.3592062215116
 20
701.166369795589
 10
881.5139201006897
 20
701.414367043095
 10
881.690880420011
 20
701.6365786440713
 10
881.8900871794755
 20
701.833004598518
 10
882.1115403790833
 20
702.0036449064349
 10
882.3514480119917
 20
702.1517859737525
 10
882.6060180713582
 20
702.2807142064008
 10
882.8752505571827
 20
702.3904296043801
 10
883.1591454694652
 20
702.4809321676901
 10
883.4008227055668
 20
702.5370538689605
 10
883.697104840202
 20
702.5921643684063
 10
884.0479918733704
 20
702.6462636660274
 10
884.4534838050723
 20
702.6993517618238
 10
884.8798317744086
 20
702.7531982589887
 10
885.2771076912848
 20
702.8095727607154
 10
885.6453115557011
 20
702.8684752670036
 10
885.9844433676576
 20
702.9299057778537
 10
886.2945031271541
 20
702.9938642932656
 10
886.5754908341908
 20
703.0603508132392
 10
886.8274064887673
 20
703.1293653377745
 10
887.0502500908841
 20
703.2009078668715
 10
887.0537892972706
 20
703.3369145122927
 10
887.0563173018322
 20
703.4456187084472
 10
887.0578341045693
 20
703.527020455335
 10
887.0583397054817
 20
703.581119752956
 10
887.0518932938493
 20
703.7953681395629
 10
887.032554058952
 20
703.9931844965186
 10
887.0003220007899
 20
704.1745688238228
 10
886.955197119363
 20
704.3395211214759
 10
886.8971794146712
 20
704.4880413894776
 10
886.8262688867146
 20
704.6201296278282
 10
886.7424655354931
 20
704.7357858365275
 10
886.6457693610068
 20
704.8350100155754
 10
886.4977546939174
 20
704.9506662242748
 10
886.3328023962644
 20
705.0509016051475
 10
886.1509124680476
 20
705.1357161581935
 10
885.9520849092675
 20
705.2051098834131
 10
885.7363197199236
 20
705.2590827808061
 10
885.503616900016
 20
705.2976348503726
 10
885.253976449545
 20
705.3207660921124
 10
884.9873983685103
 20
705.3284765060257
 10
884.738958720206
 20
705.3228516958759
 10
884.5073303022373
 20
705.3059772654262
 10
884.292513114604
 20
705.277853214677
 10
884.0945071573063
 20
705.238479543628
 10
883.9133124303441
 20
705.1878562522793
 10
883.7489289337175
 20
705.1259833406309
 10
883.6013566674263
 20
705.0528608086828
 10
883.4705956314707
 20
704.9684886564349
 10
883.241811218634
 20
704.7538610691438
 10
883.044879663275
 20
704.4699661568612
 10
882.8798009653938
 20
704.1168039195873
 10
882.7465751249905
 20
703.6943743573217
 10
881.3228029558227
 20
703.8885251076628
 10
881.4355519592759
 20
704.323594692737
 10
881.5796482192948
 20
704.714676998437
 10
881.755091735879
 20
705.061772024763
 10
881.9618825090287
 20
705.3648797717146
 10
882.2091213551662
 20
705.6298146497842
 10
882.5059090907135
 20
705.8623910694637
 10
882.852245715671
 20
706.0626090307528
 10
883.2481312300382
 20
706.2304685336519
 10
883.685476019218
 20
706.3631887731428
 10
884.1561904686126
 20
706.4579889442078
 10
884.6602745782221
 20
706.5148690468468
 10
885.1977283480464
 20
706.5338290810598
 10
885.7220364941497
 20
706.5176498518647
 10
886.1947733471937
 20
706.4691121642795
 10
886.6159389071784
 20
706.388216018304
 10
886.9855331741037
 20
706.2749614139384
 10
887.3065897534437
 20
706.137185165324
 10
887.5821422506726
 20
705.982724086602
 10
887.8121906657902
 20
705.8115781777728
 10
887.9967349987968
 20
705.6237474388361
 10
888.1463928688513
 20
705.4146814615808
 10
888.2717818951132
 20
705.1798298377958
 10
888.3729020775826
 20
704.9191925674812
 10
888.4497534162592
 20
704.6327696506369
 10
888.481606273737
 20
704.4092940473797
 10
888.5043583147927
 20
704.1109895090952
 10
888.5180095394261
 20
703.7378560357835
 10
888.5225599476372
 20
703.2898936274445
 10
888.5225599476372
 20
701.3483861240338
 10
888.5240135502602
 20
700.8640836501199
 10
888.5283743581292
 20
700.4264228603699
 10
888.5356423712442
 20
700.0354037547839
 10
888.5458175896051
 20
699.691026333362
 10
888.5589000132121
 20
699.3932905961038
 10
888.574889642065
 20
699.1421965430097
 10
888.5937864761639
 20
698.9377441740796
 10
888.6155905155089
 20
698.7799334893135
 10
888.6734818199726
 20
698.5137346089631
 10
888.7541251654918
 20
698.2530973386484
 10
888.8575205520667
 20
697.9980216783697
 10
888.9836679796972
 20
697.7485076281266
 10
887.4628204353588
 20
697.7485076281266
 10
887.3596778492401
 20
697.9846232541925
 10
887.2767592996153
 20
698.2399517149274
 10
887.2140647864843
 20
698.5144930103315
 10
887.1715943098473
 20
698.8082471404049
  0
LWPOLYLINE
  5
B0
330
17
100
AcDbEntity
  8
line engraving
 62
1
420
16711680
100
AcDbPolyline
 90
42
 70
0
 10
887.0502500908841
 20
702.0602722086178
 10
886.8396673108917
 20
701.9808928653794
 10
886.6043100861945
 20
701.904547127615
 10
886.3441784167921
 20
701.8312349953247
 10
886.0592723026849
 20
701.7609564685085
 10
885.7495917438727
 20
701.6937115471665
 10
885.4151367403554
 20
701.6295002312985
 10
885.0559072921332
 20
701.5683225209045
 10
884.671903399206
 20
701.5101784159847
 10
884.2557938483449
 20
701.4434390955549
 10
883.9054124160887
 20
701.3726549678264
 10
883.6207591024377
 20
701.2978260327992
 10
883.4018339073916
 20
701.2189522904731
 10
883.2263903908073
 20
701.1287025276192
 10
883.0721821125417
 20
701.0197455310085
 10
882.9392090725945
 20
700.892081300641
 10
882.8274712709659
 20
700.7457098365168
 10
882.7389911113053
 20
700.5856871477591
 10
882.675790997262
 20
700.4170692434915
 10
882.637870928836
 20
700.239856123714
 10
882.6252309060274
 20
700.0540477884267
 10
882.6527861557503
 20
699.7749560848115
 10
882.7354519049189
 20
699.5201332249889
 10
882.8732281535333
 20
699.2895792089588
 10
883.0661149015936
 20
699.0832940367214
 10
883.3120897454501
 20
698.913412130173
 10
883.6091302814536
 20
698.7920679112099
 10
883.9572365096043
 20
698.7192613798319
 10
884.3564084299019
 20
698.6949925360393
 10
884.7654395679901
 20
698.7179973775511
 10
885.1512130641106
 20
698.7870119020863
 10
885.513728918263
 20
698.9020361096452
 10
885.8529871304476
 20
699.0630700002275
 10
886.1588756824173
 20
699.2640463628853
 10
886.421282555925
 20
699.4988979866703
 10
886.6402077509711
 20
699.7676248715825
 10
886.8156512675553
 20
700.0702270176218
 10
886.9182882527616
 20
700.3462851157631
 10
886.9916003850519
 20
700.6809929197364
 10
887.0355876644261
 20
701.074350429542
 10
887.0502500908841
 20
701.5263576451798
 10
887.0502500908841
 20
702.0602722086178
  0
LWPOLYLINE
  5
B1
330
17
100
AcDbEntity
  8
line engraving
 62
1
420
16711680
100
AcDbPolyline
 90
104
 70
0
 10
890.779562420352
 20
697.7485076281266
 10
890.779562420352
 20
706.3396783307187
 10
892.0819903705567
 20
706.3396783307187
 10
892.0819903705567
 20
705.1343257556846
 10
892.3009155656027
 20
705.4343998971623
 10
892.5532104208636
 20
705.7036323829867
 10
892.8388749363394
 20
705.9420232131581
 10
893.1579091120301
 20
706.1495723876764
 10
893.5052569388122
 20
706.3176846910317
 10
893.8758624075622
 20
706.4377649077139
 10
894.2697255182801
 20
706.5098130377233
 10
894.6868462709659
 20
706.5338290810598
 10
895.1426454934464
 20
706.5090546363548
 10
895.5554686383773
 20
706.4347313022399
 10
895.9253157057587
 20
706.310859078715
 10
896.2521866955908
 20
706.1374379657801
 10
896.5350704060487
 20
705.9195239725587
 10
896.7729556353077
 20
705.6621731081743
 10
896.9658423833679
 20
705.365385372627
 10
897.1137306502293
 20
705.0291607659166
 10
897.3781599273865
 20
705.3818174022782
 10
897.661802039213
 20
705.6874531537917
 10
897.9646569857084
 20
705.946068020457
 10
898.2867247668732
 20
706.157662002274
 10
898.6280053827071
 20
706.3222350992428
 10
898.9884988332102
 20
706.4397873113634
 10
899.3682051183824
 20
706.5103186386357
 10
899.7671242382238
 20
706.5338290810598
 10
900.0774367981764
 20
706.5227690611023
 10
900.3692949248285
 20
706.4895890012295
 10
900.6426986181799
 20
706.4342889014416
 10
900.8976478782306
 20
706.3568687617385
 10
901.1341427049807
 20
706.2573285821203
 10
901.3521830984301
 20
706.1356683625869
 10
901.5517690585789
 20
705.9918881031383
 10
901.732900585427
 20
705.8259878037746
 10
901.8940608762375
 20
705.6370826628992
 10
902.0337331282732
 20
705.4242878789153
 10
902.1519173415343
 20
705.1876034518231
 10
902.2486135160204
 20
704.9270293816226
 10
902.323821651732
 20
704.6425656683135
 10
902.3775417486688
 20
704.3342123118962
 10
902.4097738068309
 20
704.0019693123705
 10
902.4205178262183
 20
703.6458366697365
 10
902.4205178262183
 20
697.7485076281266
 10
900.9724768132579
 20
697.7485076281266
 10
900.9724768132579
 20
703.1604597938838
 10
900.9636287972919
 20
703.5667101269543
 10
900.9370847493936
 20
703.9117827496307
 10
900.8928446695634
 20
704.1956776619134
 10
900.8309085578009
 20
704.418394863802
 10
900.7457148040704
 20
704.6011695936152
 10
900.6317017983363
 20
704.7652370896717
 10
900.4888695405984
 20
704.9105973519712
 10
900.3172180308568
 20
705.037250380514
 10
900.1230672805158
 20
705.1398873657204
 10
899.9127373009796
 20
705.2131994980107
 10
899.6862280922484
 20
705.2571867773848
 10
899.443539654322
 20
705.2718492038429
 10
899.221833654258
 20
705.2624323868504
 10
899.0097340715287
 20
705.234181935873
 10
898.8072409061339
 20
705.1870978509107
 10
898.6143541580738
 20
705.1211801319636
 10
898.4310738273481
 20
705.0364287790316
 10
898.2573999139571
 20
704.9328437921146
 10
898.0933324179006
 20
704.8104251712126
 10
897.9388713391787
 20
704.6691729163258
 10
897.7985670860025
 20
704.5071910240327
 10
897.6769700665832
 20
704.3225834909123
 10
897.5740802809207
 20
704.1153503169643
 10
897.489897729015
 20
703.8854915021886
 10
897.4244224108661
 20
703.6330070465857
 10
897.377654326474
 20
703.3578969501551
 10
897.3495934758389
 20
703.060161212897
 10
897.3402398589604
 20
702.7397998348115
 10
897.3402398589604
 20
697.7485076281266
 10
895.8841092314025
 20
697.7485076281266
 10
895.8841092314025
 20
703.3303417004322
 10
895.8618627912592
 20
703.7853825215441
 10
895.7951234708295
 20
704.1797512331743
 10
895.6838912701133
 20
704.5134478353231
 10
895.5281661891106
 20
704.7864723279902
 10
895.4321020157647
 20
704.9002325332682
 10
895.3218810168732
 20
704.9988247111758
 10
895.197503192436
 20
705.0822488617129
 10
895.058968542453
 20
705.1505049848797
 10
894.9062770669244
 20
705.2035930806761
 10
894.73942876585
 20
705.241513149102
 10
894.55842363923
 20
705.2642651901576
 10
894.3632616870642
 20
705.2718492038429
 10
894.0616707428495
 20
705.251625167349
 10
893.7717086196187
 20
705.1909530578674
 10
893.4933753173719
 20
705.0898328753981
 10
893.2266708361092
 20
704.948264619941
 10
892.9837295977267
 20
704.7677650942334
 10
892.7766860241207
 20
704.549851101012
 10
892.6055401152915
 20
704.294522640277
 10
892.4702918712388
 20
704.0017797120283
 10
892.3676548860325
 20
703.6559486879834
 10
892.2943427537422
 20
703.2413559398592
 10
892.250355474368
 20
702.758001467656
 10
892.23569304791
 20
702.2058852713735
 10
892.23569304791
 20
697.7485076281266
 10
890.779562420352
 20
697.7485076281266
  0
LWPOLYLINE
  5
B2
330
17
100
AcDbEntity
  8
line engraving
 62
1
420
16711680
100
AcDbPolyline
 90
95
 70
0
 10
910.4615947361774
 20
700.5151558204868
 10
911.9662630513207
 20
700.3290946847433
 10
911.8677972736411
 20
700.0086701065437
 10
911.7503714617487
 20
699.7066999616447
 10
911.6139856156432
 20
699.4231842500465
 10
911.4586397353247
 20
699.1581229717488
 10
911.2843338207933
 20
698.9115161267517
 10
911.0910678720488
 20
698.6833637150554
 10
910.8788418890914
 20
698.4736657366597
 10
910.647655871921
 20
698.2824221915646
 10
910.3986474225903
 20
698.1117818836476
 10
910.1329541431522
 20
697.9638936167863
 10
909.8505760336067
 20
697.8387573909805
 10
909.5515130939536
 20
697.7363732062304
 10
909.2357653241933
 20
697.6567410625357
 10
908.9033327243254
 20
697.5998609598968
 10
908.5542152943501
 20
697.5657328983134
 10
908.1884130342675
 20
697.5543568777856
 10
907.7293906059708
 20
697.572495310516
 10
907.2947634216949
 20
697.6269106087074
 10
906.8845314814398
 20
697.7176027723594
 10
906.4986947852054
 20
697.8445718014725
 10
906.1372533329917
 20
698.0078176960463
 10
905.8002071247987
 20
698.207340456081
 10
905.4875561606265
 20
698.4431400815766
 10
905.1993004404749
 20
698.7152165725331
 10
904.9404959734675
 20
699.020030722564
 10
904.7161987687277
 20
699.354043325283
 10
904.5264088262556
 20
699.7172543806898
 10
904.3711261460512
 20
700.1096638887848
 10
904.2503507281144
 20
700.5312718495678
 10
904.1640825724453
 20
700.9820782630388
 10
904.1123216790438
 20
701.4620831291978
 10
904.09506804791
 20
701.9712864480448
 10
904.1125112793859
 20
702.4981225987099
 10
904.1648409738139
 20
702.9946226946341
 10
904.2520571311936
 20
703.4607867358176
 10
904.3741597515252
 20
703.8966147222603
 10
904.5311488348088
 20
704.3021066539621
 10
904.7230243810444
 20
704.6772625309233
 10
904.9497863902318
 20
705.0220823531437
 10
905.2114348623711
 20
705.3365661206232
 10
905.5008913846895
 20
705.6171746269755
 10
905.811077544414
 20
705.8603686658142
 10
906.1419933415449
 20
706.0661482371393
 10
906.4936387760819
 20
706.2345133409507
 10
906.8660138480251
 20
706.3654639772484
 10
907.2591185573746
 20
706.4590001460325
 10
907.6729529041302
 20
706.515121847303
 10
908.107516888292
 20
706.5338290810598
 10
908.5284296478205
 20
706.5155010479873
 10
908.9296239717675
 20
706.4605169487696
 10
909.3110998601329
 20
706.3688767834068
 10
909.6728573129169
 20
706.2405805518988
 10
910.0148963301193
 20
706.0756282542458
 10
910.3372169117401
 20
705.8740198904476
 10
910.6398190577795
 20
705.6357554605042
 10
910.9227027682374
 20
705.3608349644159
 10
911.1786632301129
 20
705.0526712083406
 10
911.4004956304049
 20
704.714676998437
 10
911.5881999691136
 20
704.3468523347049
 10
911.7417762462388
 20
703.9491972171444
 10
911.8612244617807
 20
703.5217116457554
 10
911.9465446157392
 20
703.064395620538
 10
911.9977367081142
 20
702.5772491414921
 10
912.0148007389059
 20
702.0602722086178
 10
912.0142951379936
 20
701.9874656772399
 10
912.0127783352566
 20
701.8984799166669
 10
912.0102503306948
 20
701.7933149268988
 10
912.0067111243084
 20
701.6719707079357
 10
905.5997363630532
 20
701.6719707079357
 10
905.629946017566
 20
701.3284148879962
 10
905.6801269081163
 20
701.005588705463
 10
905.7502790347044
 20
700.7034921603359
 10
905.8404023973302
 20
700.422125252615
 10
905.9504969959937
 20
700.1614879823004
 10
906.0805628306948
 20
699.921580349392
 10
906.2305999014336
 20
699.7024023538897
 10
906.4006082082102
 20
699.5039539957937
 10
906.5861637430414
 20
699.3276256776129
 10
906.7828424979441
 20
699.1748078018561
 10
906.9906444729186
 20
699.0455003685236
 10
907.2095696679646
 20
698.939703377615
 10
907.4396180830822
 20
698.8574168291307
 10
907.6807897182716
 20
698.7986407230703
 10
907.9330845735325
 20
698.7633750594342
 10
908.196502648865
 20
698.7516198382222
 10
908.5822761449854
 20
698.7779110856642
 10
908.9387247881897
 20
698.8567848279902
 10
909.2658485784779
 20
698.9882410652003
 10
909.56364751585
 20
699.1722797972944
 10
909.832121600306
 20
699.4139570333961
 10
910.0712708318459
 20
699.7183287826286
 10
910.2810952104697
 20
700.0853950449923
 10
910.4615947361774
 20
700.5151558204868
  0
LWPOLYLINE
  5
B3
330
17
100
AcDbEntity
  8
line engraving
 62
1
420
16711680
100
AcDbPolyline
 90
34
 70
0
 10
905.6806325090287
 20
702.8692336683722
 10
910.4777739653725
 20
702.8692336683722
 10
910.447943511544
 20
703.1317669421081
 10
910.406989837644
 20
703.3773625852805
 10
910.3549129436723
 20
703.6060205978891
 10
910.291712829629
 20
703.8177409799343
 10
910.217389495514
 20
704.0125237314157
 10
910.1319429413275
 20
704.1903688523337
 10
910.0353731670692
 20
704.3512763426879
 10
909.9276801727394
 20
704.4952462024786
 10
909.7473070472598
 20
704.6924305582937
 10
909.5540410985154
 20
704.8633236666668
 10
909.3478823265061
 20
705.007925527598
 10
909.128830731232
 20
705.126236141087
 10
908.896886312693
 20
705.2182555071341
 10
908.6520490708892
 20
705.2839836257391
 10
908.3943190058205
 20
705.3234204969021
 10
908.123696117487
 20
705.3365661206232
 10
907.8779108739726
 20
705.326074901692
 10
907.642111248477
 20
705.2946012448984
 10
907.4162972410003
 20
705.2421451502424
 10
907.2004688515424
 20
705.1687066177242
 10
906.9946260801033
 20
705.0742856473435
 10
906.798768926683
 20
704.9588822391004
 10
906.6128973912816
 20
704.8224963929948
 10
906.4370114738991
 20
704.665128109027
 10
906.2756615827466
 20
704.4901901933551
 10
906.133398126035
 20
704.3010954521376
 10
906.0102211037646
 20
704.0978438853742
 10
905.9061305159353
 20
703.8804354930653
 10
905.821126362547
 20
703.6488702752106
 10
905.7552086435999
 20
703.4031482318102
 10
905.7083773590937
 20
703.143269362864
 10
905.6806325090287
 20
702.8692336683722
  0
LWPOLYLINE
  5
B4
330
17
100
AcDbEntity
  8
line engraving
 62
1
420
16711680
100
AcDbPolyline
 90
159
 70
0
 10
917.8150544053452
 20
700.3129154555481
 10
919.2550058037081
 20
700.5394246642794
 10
919.3427275620002
 20
700.1319103289281
 10
919.4845486179134
 20
699.7749560848115
 10
919.6804689714477
 20
699.4685619319295
 10
919.9304886226031
 20
699.2127278702822
 10
920.2351131722919
 20
699.0109931062559
 10
920.5948482214264
 20
698.8668968462372
 10
921.0096937700067
 20
698.7804390902259
 10
921.4796498180328
 20
698.7516198382222
 10
921.7223382559591
 20
698.7580030497405
 10
921.9488474646904
 20
698.7771526842956
 10
922.1591774442265
 20
698.8090687418875
 10
922.3533281945676
 20
698.8537512225162
 10
922.5312997157135
 20
698.9112001261815
 10
922.6930920076644
 20
698.9814154528837
 10
922.8387050704202
 20
699.0643972026224
 10
922.968138903981
 20
699.1601453753981
 10
923.1804912871665
 20
699.3732561599521
 10
923.3321715608705
 20
699.6040629764384
 10
923.4231797250928
 20
699.8525658248567
 10
923.4535157798337
 20
700.1187647052071
 10
923.4267189314793
 20
700.3523523267112
 10
923.3463283864162
 20
700.5596487007733
 10
923.2123441446444
 20
700.7406538273933
 10
923.0247662061638
 20
700.8953677065714
 10
922.936033246047
 20
700.9455485971217
 10
922.8194922357511
 20
700.9990158936024
 10
922.6751431752762
 20
701.0557695960133
 10
922.5029860646222
 20
701.1158097043544
 10
922.3030209037892
 20
701.1791362186258
 10
922.075247692777
 20
701.2457491388275
 10
921.8196664315858
 20
701.3156484649594
 10
921.5362771202156
 20
701.3888341970215
 10
921.1511988253496
 20
701.4882479764117
 10
920.7968357859088
 20
701.5842489496434
 10
920.473188001893
 20
701.6768371167169
 10
920.1802554733023
 20
701.7660124776321
 10
919.9180382001365
 20
701.8517750323889
 10
919.6865361823959
 20
701.9341247809873
 10
919.4857494200803
 20
702.0130617234274
 10
919.3156779131897
 20
702.0885858597092
 10
919.0249573885905
 20
702.25037815166
 10
918.7716513315048
 20
702.4404840947024
 10
918.5557597419329
 20
702.6589036888361
 10
918.3772826198746
 20
702.9056369340611
 10
918.2374839676107
 20
703.1733526171486
 10
918.1376277874223
 20
703.4547195248695
 10
918.0777140793092
 20
703.7497376572237
 10
918.0577428432715
 20
704.0584070142112
 10
918.0741748729228
 20
704.3402795228444
 10
918.1234709618766
 20
704.6115344123183
 10
918.2056311101329
 20
704.8721716826329
 10
918.3206553176917
 20
705.1221913337882
 10
918.463993176342
 20
705.3565373566609
 10
918.6310942778725
 20
705.5701537421273
 10
918.8219586222833
 20
705.7630404901874
 10
919.0365862095744
 20
705.9351976008414
 10
919.2218889439494
 20
706.0557834184361
 10
919.4380333339775
 20
706.1667628186963
 10
919.6850193796588
 20
706.2681358016217
 10
919.9628470809932
 20
706.3599023672126
 10
920.2614044197338
 20
706.4359953045208
 10
920.5705793776337
 20
706.490347402598
 10
920.8903719546929
 20
706.5229586614444
 10
921.2207821509114
 20
706.5338290810598
 10
921.7109622354313
 20
706.5156274482154
 10
922.1703006642981
 20
706.461022549682
 10
922.5987974375118
 20
706.3700143854595
 10
922.9964525550723
 20
706.2426029555481
 10
923.3536595996451
 20
706.0840970695275
 10
923.6608121538957
 20
705.8998055369773
 10
923.9179102178239
 20
705.6897283578973
 10
924.1249537914298
 20
705.4538655322876
 10
924.2928132943289
 20
705.1841274455508
 10
924.4323591461365
 20
704.8724244830892
 10
924.5435913468527
 20
704.5187566449027
 10
924.6265098964775
 20
704.1231239309916
 10
923.2027377273098
 20
703.9289731806505
 10
923.1311951982127
 20
704.2424457463053
 10
923.0136429860922
 20
704.5195150462712
 10
922.850081090948
 20
704.7601810805481
 10
922.6405095127805
 20
704.9644438491362
 10
922.3839170497646
 20
705.1272473429117
 10
922.0792925000758
 20
705.2435355527514
 10
921.726635863714
 20
705.3133084786552
 10
921.3259471406794
 20
705.3365661206232
 10
921.0841435043498
 20
705.3313837112717
 10
920.8602887004083
 20
705.3158364832169
 10
920.6543827288551
 20
705.2899244364592
 10
920.4664255896903
 20
705.2536475709983
 10
920.2964172829138
 20
705.2070058868344
 10
920.1443578085256
 20
705.1499993839673
 10
920.0102471665257
 20
705.0826280623971
 10
919.894085356914
 20
705.0048919221239
 10
919.7065074184335
 20
704.8319764101013
 10
919.5725231766617
 20
704.6449040725331
 10
919.4921326315986
 20
704.4436749094192
 10
919.4653357832442
 20
704.2282889207596
 10
919.4764590033158
 20
704.090259871689
 10
919.5098286635307
 20
703.9593092353913
 10
919.5654447638888
 20
703.8354370118664
 10
919.6433073043902
 20
703.7186432011143
 10
919.7449330877719
 20
703.6063997985734
 10
919.8718389167708
 20
703.5042684142794
 10
920.0240247913871
 20
703.4122490482324
 10
920.2014907116207
 20
703.3303417004322
 10
920.2693676341032
 20
703.3068312580081
 10
920.363788604484
 20
703.2767480037235
 10
920.4847536227629
 20
703.2400919375783
 10
920.63226268894
 20
703.1968630595727
 10
920.8063158030153
 20
703.1470613697066
 10
921.0069129649887
 20
703.09068686798
 10
921.2340541748604
 20
703.0277395543928
 10
921.4877394326303
 20
702.9582194289452
 10
921.859419303319
 20
702.8574152470461
 10
922.2019007213197
 20
702.7612878735862
 10
922.5151836866324
 20
702.6698373085655
 10
922.7992681992572
 20
702.583063551984
 10
923.0541542591939
 20
702.5009666038418
 10
923.2798418664426
 20
702.4235464641387
 10
923.4763310210033
 20
702.3508031328748
 10
923.6436217228759
 20
702.2827366100502
 10
923.9325726442819
 20
702.1363651459259
 10
924.1886595063854
 20
701.9601632279731
 10
924.4118823091865
 20
701.754130856192
 10
924.6022410526849
 20
701.5182680305822
 10
924.7544269273012
 20
701.252321950688
 10
924.8631311234558
 20
700.9560398160529
 10
924.9283536411484
 20
700.6294216266771
 10
924.9500944803793
 20
700.2724673825604
 10
924.9235504324812
 20
699.9137435352505
 10
924.8439182887865
 20
699.5656373071
 10
924.7111980492956
 20
699.2281486981087
 10
924.5253897140083
 20
698.9012777082767
 10
924.2895268883987
 20
698.5979171608687
 10
924.0066431779408
 20
698.3309598791498
 10
923.6767385826346
 20
698.1004058631198
 10
923.2998131024802
 20
697.9062551127787
 10
922.8862315561807
 20
697.7522996349692
 10
922.4463587624393
 20
697.6423314365338
 10
921.9801947212559
 20
697.5763505174726
 10
921.4877394326303
 20
697.5543568777856
 10
921.081552299674
 20
697.5652272974011
 10
920.7002660116506
 20
697.5978385562474
 10
920.3438805685604
 20
697.6521906543246
 10
920.0123959704032
 20
697.7282835916328
 10
919.7058122171791
 20
697.8261173681718
 10
919.424129308888
 20
697.9456919839417
 10
919.16734724553
 20
698.0870074389426
 10
918.9354660271051
 20
698.2500637331743
 10
918.7259576490516
 20
698.4344816659527
 10
918.5362941068075
 20
698.6398820365935
 10
918.3664754003731
 20
698.8662648450967
 10
918.2165015297484
 20
699.1136300914623
 10
918.0863724949331
 20
699.3819777756901
 10
917.9760882959275
 20
699.6713078977804
 10
917.8856489327316
 20
699.9816204577331
 10
917.8150544053452
 20
700.3129154555481
  0
LWPOLYLINE
  5
B5
330
17
100
AcDbEntity
  8
line engraving
 62
1
420
16711680
100
AcDbPolyline
 90
50
 70
0
 10
926.6812720042537
 20
694.4560344869261
 10
926.6812720042537
 20
706.3396783307187
 10
928.0079687982511
 20
706.3396783307187
 10
928.0079687982511
 20
705.2233115162576
 10
928.2501516352651
 20
705.5304640705081
 10
928.5075024996495
 20
705.7966629508585
 10
928.7800213914043
 20
706.0219081573089
 10
929.0677083105294
 20
706.2061996898592
 10
929.3786528716225
 20
706.3495375485095
 10
929.720944689281
 20
706.4519217332597
 10
930.0945837635052
 20
706.5133522441098
 10
930.4995700942948
 20
706.5338290810598
 10
931.0334846577326
 20
706.4984370171956
 10
931.5350407627805
 20
706.3922608256028
 10
932.0042384094379
 20
706.2153005062816
 10
932.4410775977053
 20
705.9675560592317
 10
932.835951910248
 20
705.6553474958578
 10
933.1792549297313
 20
705.2849948275639
 10
933.4709866561552
 20
704.8564980543501
 10
933.7111470895198
 20
704.3698571762167
 10
933.8987250280004
 20
703.8417570232707
 10
934.0327092697722
 20
703.2888824256198
 10
934.1130998148353
 20
702.7112333832639
 10
934.1398966631897
 20
702.1088098962031
 10
934.1103190098174
 20
701.4659383361544
 10
934.0215860497005
 20
700.8559308354083
 10
933.8736977828393
 20
700.2787873939648
 10
933.6666542092333
 20
699.7345080118238
 10
933.5416443836557
 20
699.4782947494922
 10
933.4032361339008
 20
699.2375023149871
 10
933.2514294599688
 20
699.0121307083086
 10
933.0862243618595
 20
698.8021799294568
 10
932.9076208395732
 20
698.6076499784314
 10
932.7156188931095
 20
698.4285408552327
 10
932.5102185224688
 20
698.2648525598604
 10
932.2914197276508
 20
698.1165850923148
 10
931.8346093033457
 20
697.8706102484583
 10
931.3661700580567
 20
697.6949139314179
 10
930.8861019917837
 20
697.5894961411936
 10
930.3944051045266
 20
697.5543568777856
 10
930.0397260645155
 20
697.5735697124547
 10
929.7037542582614
 20
697.6312082164623
 10
929.3864896857639
 20
697.727272389808
 10
929.0879323470233
 20
697.8617622324922
 10
928.8116214484259
 20
698.0255769280925
 10
928.5610961963582
 20
698.2096156601866
 10
928.3363565908202
 20
698.4138784287746
 10
928.1374026318118
 20
698.6383652338565
 10
928.1374026318118
 20
694.4560344869261
 10
926.6812720042537
 20
694.4560344869261
  0
LWPOLYLINE
  5
B6
330
17
100
AcDbEntity
  8
line engraving
 62
1
420
16711680
100
AcDbPolyline
 90
65
 70
0
 10
927.9998791836535
 20
701.9955552918374
 10
928.0103704025847
 20
701.5944873681185
 10
928.0418440593783
 20
701.2204690932102
 10
928.0943001540343
 20
700.8735004671124
 10
928.1677386865526
 20
700.5535814898251
 10
928.2621596569332
 20
700.2607121613484
 10
928.3775630651763
 20
699.9948924816822
 10
928.5139489112819
 20
699.7561224508265
 10
928.6713171952497
 20
699.5444020687814
 10
928.8436007061317
 20
699.3585937334941
 10
929.0247322329799
 20
699.1975598429118
 10
929.2147117757942
 20
699.0613003970344
 10
929.4135393345744
 20
698.949815395862
 10
929.6212149093208
 20
698.8631048393945
 10
929.8377385000331
 20
698.8011687276321
 10
930.0631101067115
 20
698.7640070605746
 10
930.2973297293561
 20
698.7516198382222
 10
930.5356573594134
 20
698.7644494613729
 10
930.7652633737329
 20
698.8029383308253
 10
930.9861477723142
 20
698.8670864465793
 10
931.1983105551576
 20
698.9568938086348
 10
931.401751722263
 20
699.072360416992
 10
931.5964712736305
 20
699.2134862716507
 10
931.7824692092601
 20
699.380271372611
 10
931.9597455291515
 20
699.5727157198729
 10
932.1218538216726
 20
699.7920833157173
 10
932.2623476751909
 20
700.0396381624249
 10
932.3812270897064
 20
700.3153802599959
 10
932.478492065219
 20
700.6193096084302
 10
932.5541426017289
 20
700.9514262077278
 10
932.608178699236
 20
701.3117300578887
 10
932.6406003577401
 20
701.700221158913
 10
932.6514075772416
 20
702.1168995108005
 10
932.6408531581964
 20
702.5145546283611
 10
932.6091899010606
 20
702.8864240993919
 10
932.5564178058345
 20
703.2325079238931
 10
932.4825368725178
 20
703.5528061018647
 10
932.3875471011107
 20
703.8473186333065
 10
932.2714484916131
 20
704.1160455182187
 10
932.1342410440251
 20
704.3589867566012
 10
931.9759247583465
 20
704.576142348454
 10
931.80294604621
 20
704.7676386940053
 10
931.6217513192478
 20
704.933602193483
 10
931.43234057746
 20
705.0740328468872
 10
931.2347138208465
 20
705.188930654218
 10
931.0288710494075
 20
705.2782956154753
 10
930.8148122631428
 20
705.3421277306591
 10
930.5925374620524
 20
705.3804269997693
 10
930.3620466461365
 20
705.393193422806
 10
930.1328198325014
 20
705.3796053982867
 10
929.9102922309548
 20
705.3388413247287
 10
929.6944638414969
 20
705.2709012021322
 10
929.4853346641275
 20
705.175785030497
 10
929.2829046988469
 20
705.0534928098232
 10
929.0871739456547
 20
704.9040245401108
 10
928.8981424045511
 20
704.7273802213597
 10
928.7158100755362
 20
704.52355985357
 10
928.5480137727512
 20
704.2938274390225
 10
928.4025903103375
 20
704.0394469799982
 10
928.2795396882952
 20
703.760418476497
 10
928.1788619066242
 20
703.4567419285188
 10
928.1005569653246
 20
703.1284173360639
 10
928.0446248643962
 20
702.7754446991319
 10
928.0110656038393
 20
702.3978240177231
 10
927.9998791836535
 20
701.9955552918374
  0
LWPOLYLINE
  5
B7
330
17
100
AcDbEntity
  8
line engraving
 62
1
420
16711680
100
AcDbPolyline
 90
128
 70
0
 10
941.5014459469551
 20
698.8082471404049
 10
941.1007572239204
 20
698.4897185656266
 10
940.707652514571
 20
698.221750082083
 10
940.3221318189068
 20
698.0043416897739
 10
939.9441951369278
 20
697.8374933886996
 10
939.5632248494746
 20
697.7136211651747
 10
939.1686033373882
 20
697.6251410055141
 10
938.7603306006683
 20
697.5720529097177
 10
938.3384066393152
 20
697.5543568777856
 10
937.9947244191476
 20
697.565164097287
 10
937.6715190359301
 20
697.5975857557912
 10
937.3687904896626
 20
697.6516218532983
 10
937.0865387803452
 20
697.7272723898081
 10
936.8247639079777
 20
697.8245373653208
 10
936.5834658725604
 20
697.9434167798362
 10
936.3626446740931
 20
698.0839106333544
 10
936.1623003125758
 20
698.2460189258755
 10
935.9840759909737
 20
698.4249384487322
 10
935.8296149122518
 20
698.615865993257
 10
935.6989170764102
 20
698.8188015594501
 10
935.5919824834489
 20
699.0337451473115
 10
935.5088111333679
 20
699.260696756841
 10
935.4494030261673
 20
699.4996563880387
 10
935.4137581618468
 20
699.7506240409048
 10
935.4018765404066
 20
700.013599715439
 10
935.419825372795
 20
700.3222690724266
 10
935.4736718699598
 20
700.6172872047807
 10
935.5634160319014
 20
700.8986541125016
 10
935.6890578586194
 20
701.166369795589
 10
935.8437717377974
 20
701.414367043095
 10
936.0207320571187
 20
701.6365786440713
 10
936.2199388165832
 20
701.833004598518
 10
936.441392016191
 20
702.0036449064349
 10
936.6812996490994
 20
702.1517859737525
 10
936.9358697084659
 20
702.2807142064008
 10
937.2051021942905
 20
702.3904296043801
 10
937.488997106573
 20
702.4809321676901
 10
937.7306743426747
 20
702.5370538689605
 10
938.0269564773098
 20
702.5921643684063
 10
938.3778435104782
 20
702.6462636660274
 10
938.7833354421801
 20
702.6993517618238
 10
939.2096834115164
 20
702.7531982589887
 10
939.6069593283926
 20
702.8095727607154
 10
939.975163192809
 20
702.8684752670036
 10
940.3142950047654
 20
702.9299057778537
 10
940.6243547642619
 20
702.9938642932656
 10
940.9053424712985
 20
703.0603508132392
 10
941.157258125875
 20
703.1293653377745
 10
941.3801017279918
 20
703.2009078668715
 10
941.3836409343783
 20
703.3369145122927
 10
941.38616893894
 20
703.4456187084472
 10
941.387685741677
 20
703.527020455335
 10
941.3881913425894
 20
703.581119752956
 10
941.381744930957
 20
703.7953681395629
 10
941.3624056960597
 20
703.9931844965186
 10
941.3301736378976
 20
704.1745688238228
 10
941.2850487564707
 20
704.3395211214759
 10
941.2270310517789
 20
704.4880413894776
 10
941.1561205238223
 20
704.6201296278282
 10
941.072317172601
 20
704.7357858365275
 10
940.9756209981147
 20
704.8350100155754
 10
940.8276063310252
 20
704.9506662242748
 10
940.6626540333722
 20
705.0509016051475
 10
940.4807641051555
 20
705.1357161581935
 10
940.2819365463752
 20
705.2051098834131
 10
940.0661713570313
 20
705.2590827808061
 10
939.8334685371238
 20
705.2976348503726
 10
939.5838280866527
 20
705.3207660921124
 10
939.317250005618
 20
705.3284765060257
 10
939.0688103573137
 20
705.3228516958759
 10
938.837181939345
 20
705.3059772654262
 10
938.6223647517118
 20
705.277853214677
 10
938.424358794414
 20
705.238479543628
 10
938.2431640674519
 20
705.1878562522793
 10
938.0787805708253
 20
705.1259833406309
 10
937.9312083045342
 20
705.0528608086828
 10
937.8004472685785
 20
704.9684886564349
 10
937.5716628557417
 20
704.7538610691438
 10
937.3747313003828
 20
704.4699661568612
 10
937.2096526025016
 20
704.1168039195873
 10
937.0764267620983
 20
703.6943743573217
 10
935.6526545929305
 20
703.8885251076628
 10
935.7654035963837
 20
704.323594692737
 10
935.9094998564025
 20
704.714676998437
 10
936.0849433729868
 20
705.061772024763
 10
936.2917341461365
 20
705.3648797717146
 10
936.5389729922739
 20
705.6298146497842
 10
936.8357607278213
 20
705.8623910694637
 10
937.1820973527787
 20
706.0626090307528
 10
937.577982867146
 20
706.2304685336519
 10
938.0153276563258
 20
706.3631887731428
 10
938.4860421057203
 20
706.4579889442078
 10
938.9901262153298
 20
706.5148690468468
 10
939.5275799851541
 20
706.5338290810598
 10
940.0518881312576
 20
706.5176498518647
 10
940.5246249843016
 20
706.4691121642795
 10
940.9457905442862
 20
706.388216018304
 10
941.3153848112115
 20
706.2749614139384
 10
941.6364413905516
 20
706.137185165324
 10
941.9119938877805
 20
705.982724086602
 10
942.1420423028981
 20
705.8115781777728
 10
942.3265866359045
 20
705.6237474388361
 10
942.4762445059591
 20
705.4146814615808
 10
942.6016335322211
 20
705.1798298377958
 10
942.7027537146904
 20
704.9191925674812
 10
942.779605053367
 20
704.6327696506369
 10
942.8114579108449
 20
704.4092940473797
 10
942.8342099519004
 20
704.1109895090952
 10
942.8478611765338
 20
703.7378560357835
 10
942.8524115847449
 20
703.2898936274445
 10
942.8524115847449
 20
701.3483861240338
 10
942.8538651873679
 20
700.8640836501199
 10
942.8582259952369
 20
700.4264228603699
 10
942.8654940083519
 20
700.0354037547839
 10
942.8756692267128
 20
699.691026333362
 10
942.8887516503198
 20
699.3932905961038
 10
942.9047412791728
 20
699.1421965430097
 10
942.9236381132717
 20
698.9377441740796
 10
942.9454421526167
 20
698.7799334893135
 10
943.0033334570803
 20
698.5137346089631
 10
943.0839768025996
 20
698.2530973386484
 10
943.1873721891745
 20
697.9980216783697
 10
943.3135196168049
 20
697.7485076281266
 10
941.7926720724666
 20
697.7485076281266
 10
941.689529486348
 20
697.9846232541925
 10
941.6066109367231
 20
698.2399517149274
 10
941.5439164235921
 20
698.5144930103315
 10
941.5014459469551
 20
698.8082471404049
  0
LWPOLYLINE
  5
B8
330
17
100
AcDbEntity
  8
line engraving
 62
1
420
16711680
100
AcDbPolyline
 90
42
 70
0
 10
941.3801017279918
 20
702.0602722086178
 10
941.1695189479994
 20
701.9808928653794
 10
940.9341617233022
 20
701.904547127615
 10
940.6740300539
 20
701.8312349953247
 10
940.3891239397926
 20
701.7609564685085
 10
940.0794433809805
 20
701.6937115471665
 10
939.7449883774632
 20
701.6295002312985
 10
939.385758929241
 20
701.5683225209045
 10
939.0017550363139
 20
701.5101784159847
 10
938.5856454854527
 20
701.4434390955549
 10
938.2352640531965
 20
701.3726549678264
 10
937.9506107395454
 20
701.2978260327992
 10
937.7316855444993
 20
701.2189522904731
 10
937.5562420279151
 20
701.1287025276192
 10
937.4020337496495
 20
701.0197455310085
 10
937.2690607097023
 20
700.892081300641
 10
937.1573229080738
 20
700.7457098365168
 10
937.0688427484131
 20
700.5856871477591
 10
937.0056426343697
 20
700.4170692434915
 10
936.9677225659437
 20
700.239856123714
 10
936.9550825431351
 20
700.0540477884267
 10
936.982637792858
 20
699.7749560848115
 10
937.0653035420266
 20
699.5201332249889
 10
937.203079790641
 20
699.2895792089588
 10
937.3959665387013
 20
699.0832940367214
 10
937.6419413825579
 20
698.913412130173
 10
937.9389819185615
 20
698.7920679112099
 10
938.287088146712
 20
698.7192613798319
 10
938.6862600670096
 20
698.6949925360393
 10
939.0952912050979
 20
698.7179973775511
 10
939.4810647012183
 20
698.7870119020863
 10
939.8435805553707
 20
698.9020361096452
 10
940.1828387675553
 20
699.0630700002275
 10
940.488727319525
 20
699.2640463628853
 10
940.7511341930328
 20
699.4988979866703
 10
940.9700593880789
 20
699.7676248715825
 10
941.1455029046631
 20
700.0702270176218
 10
941.2481398898694
 20
700.3462851157631
 10
941.3214520221596
 20
700.6809929197364
 10
941.3654393015338
 20
701.074350429542
 10
941.3801017279918
 20
701.5263576451798
 10
941.3801017279918
 20
702.0602722086178
  0
LWPOLYLINE
  5
B9
330
17
100
AcDbEntity
  8
line engraving
 62
1
420
16711680
100
AcDbPolyline
 90
119
 70
0
 10
950.715516973558
 20
700.8953677065714
 10
952.1473787573234
 20
700.7093065708278
 10
952.0772898308494
 20
700.349255521123
 10
951.9843224630916
 20
700.0093021076841
 10
951.8684766540503
 20
699.6894463305109
 10
951.7297524037251
 20
699.3896881896035
 10
951.5681497121163
 20
699.1100276849618
 10
951.3836685792239
 20
698.8504648165858
 10
951.1763090050479
 20
698.6109995844757
 10
950.9460709895881
 20
698.3916319886314
 10
950.6975049410557
 20
698.1953956345269
 10
950.4351612676619
 20
698.0253241276364
 10
950.1590399694066
 20
697.8814174679597
 10
949.86914104629
 20
697.7636756554971
 10
949.5654644983118
 20
697.6720986902483
 10
949.2480103254723
 20
697.6066865722134
 10
948.9167785277713
 20
697.5674393013926
 10
948.5717691052088
 20
697.5543568777856
 10
948.141692329144
 20
697.572368910288
 10
947.7332299920821
 20
697.626405007795
 10
947.3463820940229
 20
697.7164651703067
 10
946.9811486349666
 20
697.8425493978232
 10
946.6375296149131
 20
698.0046576903442
 10
946.3155250338624
 20
698.20279004787
 10
946.0151348918146
 20
698.4369464704005
 10
945.7363591887695
 20
698.7071269579357
 10
945.4851387354473
 20
699.0109299061419
 10
945.2674143425681
 20
699.3459537106855
 10
945.0831860101318
 20
699.7121983715665
 10
944.9324537381385
 20
700.1096638887849
 10
944.8152175265882
 20
700.5383502623407
 10
944.7314773754808
 20
700.998257492234
 10
944.6812332848164
 20
701.4893855784645
 10
944.6644852545949
 20
702.0117345210325
 10
944.6933045065986
 20
702.6857005371904
 10
944.7797622626099
 20
703.3161848748865
 10
944.9238585226286
 20
703.9031875341208
 10
945.1255932866549
 20
704.4467085148933
 10
945.248391108241
 20
704.6994457709526
 10
945.3862305569695
 20
704.9358773975886
 10
945.5391116328402
 20
705.1560033948015
 10
945.7070343358533
 20
705.3598237625912
 10
945.8899986660088
 20
705.5473385009577
 10
946.0880046233065
 20
705.7185476099011
 10
946.3010522077465
 20
705.8734510894212
 10
946.5291414193288
 20
706.0120489395182
 10
947.0107262883389
 20
706.2403277514427
 10
947.5130407947552
 20
706.4033840456744
 10
948.0360849385777
 20
706.5012178222134
 10
948.5798587198063
 20
706.5338290810598
 10
948.9217713367807
 20
706.5227690611023
 10
949.247757525016
 20
706.4895890012295
 10
949.5578172845126
 20
706.4342889014416
 10
949.8519506152702
 20
706.3568687617385
 10
950.1301575172888
 20
706.2573285821203
 10
950.3924379905685
 20
706.1356683625869
 10
950.6387920351094
 20
705.9918881031383
 10
950.8692196509113
 20
705.8259878037746
 10
951.081698434325
 20
705.639737067689
 10
951.2742059817009
 20
705.4349054980746
 10
951.4467422930392
 20
705.2114930949315
 10
951.5993073683397
 20
704.9694998582596
 10
951.7319012076026
 20
704.708925788059
 10
951.8445238108278
 20
704.4297708843297
 10
951.9371751780153
 20
704.1320351470716
 10
952.0098553091651
 20
703.8157185762849
 10
950.5941727545949
 20
703.5972989821512
 10
950.4735869370003
 20
704.0032965147655
 10
950.314069849155
 20
704.355700350671
 10
950.115621491059
 20
704.6545104898678
 10
949.8782418627122
 20
704.8997269323559
 10
949.607998175063
 20
705.0908440772228
 10
949.3109576390593
 20
705.2273563235564
 10
948.9871202547014
 20
705.3092636713565
 10
948.6364860219891
 20
705.3365661206232
 10
948.367885537305
 20
705.3242420983847
 10
948.1121778758858
 20
705.2872700316693
 10
947.8693630377313
 20
705.2256499204772
 10
947.6394410228418
 20
705.139381764808
 10
947.422411831217
 20
705.028465564662
 10
947.2182754628572
 20
704.8929013200391
 10
947.0270319177621
 20
704.7326890309394
 10
946.8486811959318
 20
704.5478286973627
 10
946.6875209051213
 20
704.3362979156597
 10
946.5478486530857
 20
704.096074282181
 10
946.4296644398246
 20
703.8271577969267
 10
946.3329682653384
 20
703.5295484598968
 10
946.2577601296268
 20
703.2032462710911
 10
946.20404003269
 20
702.8482512305098
 10
946.171807974528
 20
702.4645633381529
 10
946.1610639551405
 20
702.0521825940202
 10
946.1714287738437
 20
701.6341770397378
 10
946.2025232299529
 20
701.2457491388275
 10
946.2543473234684
 20
700.8868988912895
 10
946.3269010543902
 20
700.5576262971239
 10
946.4201844227182
 20
700.2579313563305
 10
946.5341974284523
 20
699.9878140689093
 10
946.6689400715927
 20
699.7472744348605
 10
946.8244123521392
 20
699.5363124541839
 10
946.9965694627932
 20
699.3524001223178
 10
947.1813665962559
 20
699.1930094347006
 10
947.3788037525271
 20
699.0581403913322
 10
947.5888809316072
 20
698.9477929922126
 10
947.8115981334957
 20
698.8619672373418
 10
948.046955358193
 20
698.8006631267198
 10
948.294952605699
 20
698.7638806603466
 10
948.5555898760136
 20
698.7516198382222
 10
948.9666434177514
 20
698.7844838975246
 10
949.3423048956248
 20
698.8830760754322
 10
949.6825743096341
 20
699.0473963719448
 10
949.987451659779
 20
699.2774447870624
 10
950.124469507025
 20
699.4177490402386
 10
950.2483417305499
 20
699.5757493253469
 10
950.3590683303537
 20
699.7514456423874
 10
950.4566493064366
 20
699.9448379913599
 10
950.5410846587985
 20
700.1559263722646
 10
950.6123743874393
 20
700.3847107851013
 10
950.6705184923592
 20
700.6311912298703
 10
950.715516973558
 20
700.8953677065714
  0
LWPOLYLINE
  5
BA
330
17
100
AcDbEntity
  8
line engraving
 62
1
420
16711680
100
AcDbPolyline
 90
95
 70
0
 10
959.2743292177599
 20
700.5151558204868
 10
960.7789975329032
 20
700.3290946847433
 10
960.6805317552237
 20
700.0086701065437
 10
960.5631059433313
 20
699.7066999616447
 10
960.4267200972257
 20
699.4231842500465
 10
960.2713742169072
 20
699.1581229717488
 10
960.0970683023759
 20
698.9115161267517
 10
959.9038023536314
 20
698.6833637150554
 10
959.6915763706739
 20
698.4736657366597
 10
959.4603903535035
 20
698.2824221915646
 10
959.2113819041729
 20
698.1117818836476
 10
958.9456886247348
 20
697.9638936167863
 10
958.6633105151892
 20
697.8387573909805
 10
958.3642475755362
 20
697.7363732062304
 10
958.0484998057758
 20
697.6567410625357
 10
957.716067205908
 20
697.5998609598968
 10
957.3669497759327
 20
697.5657328983134
 10
957.00114751585
 20
697.5543568777856
 10
956.5421250875534
 20
697.572495310516
 10
956.1074979032775
 20
697.6269106087074
 10
955.6972659630223
 20
697.7176027723594
 10
955.3114292667879
 20
697.8445718014725
 10
954.9499878145742
 20
698.0078176960463
 10
954.6129416063811
 20
698.207340456081
 10
954.3002906422089
 20
698.4431400815766
 10
954.0120349220573
 20
698.7152165725331
 10
953.7532304550499
 20
699.020030722564
 10
953.5289332503102
 20
699.354043325283
 10
953.3391433078382
 20
699.7172543806898
 10
953.1838606276337
 20
700.1096638887848
 10
953.063085209697
 20
700.5312718495678
 10
952.9768170540278
 20
700.9820782630388
 10
952.9250561606264
 20
701.4620831291978
 10
952.9078025294925
 20
701.9712864480448
 10
952.9252457609684
 20
702.4981225987099
 10
952.9775754553964
 20
702.9946226946341
 10
953.0647916127762
 20
703.4607867358176
 10
953.1868942331078
 20
703.8966147222603
 10
953.3438833163914
 20
704.3021066539621
 10
953.535758862627
 20
704.6772625309233
 10
953.7625208718143
 20
705.0220823531437
 10
954.0241693439536
 20
705.3365661206232
 10
954.313625866272
 20
705.6171746269755
 10
954.6238120259966
 20
705.8603686658142
 10
954.9547278231274
 20
706.0661482371393
 10
955.3063732576644
 20
706.2345133409507
 10
955.6787483296076
 20
706.3654639772484
 10
956.0718530389571
 20
706.4590001460325
 10
956.4856873857127
 20
706.515121847303
 10
956.9202513698746
 20
706.5338290810598
 10
957.3411641294031
 20
706.5155010479873
 10
957.74235845335
 20
706.4605169487696
 10
958.1238343417155
 20
706.3688767834068
 10
958.4855917944994
 20
706.2405805518988
 10
958.8276308117019
 20
706.0756282542458
 10
959.1499513933227
 20
705.8740198904476
 10
959.452553539362
 20
705.6357554605042
 10
959.7354372498199
 20
705.3608349644159
 10
959.9913977116954
 20
705.0526712083406
 10
960.2132301119874
 20
704.714676998437
 10
960.4009344506961
 20
704.3468523347049
 10
960.5545107278214
 20
703.9491972171444
 10
960.6739589433632
 20
703.5217116457554
 10
960.7592790973217
 20
703.064395620538
 10
960.8104711896967
 20
702.5772491414921
 10
960.8275352204885
 20
702.0602722086178
 10
960.8270296195761
 20
701.9874656772399
 10
960.8255128168391
 20
701.8984799166669
 10
960.8229848122774
 20
701.7933149268988
 10
960.8194456058909
 20
701.6719707079357
 10
954.4124708446358
 20
701.6719707079357
 10
954.4426804991484
 20
701.3284148879962
 10
954.4928613896989
 20
701.005588705463
 10
954.5630135162869
 20
700.7034921603359
 10
954.6531368789127
 20
700.422125252615
 10
954.7632314775761
 20
700.1614879823004
 10
954.8932973122772
 20
699.921580349392
 10
955.0433343830161
 20
699.7024023538897
 10
955.2133426897926
 20
699.5039539957937
 10
955.3988982246238
 20
699.3276256776129
 10
955.5955769795266
 20
699.1748078018561
 10
955.8033789545011
 20
699.0455003685236
 10
956.0223041495472
 20
698.939703377615
 10
956.2523525646648
 20
698.8574168291307
 10
956.493524199854
 20
698.7986407230703
 10
956.745819055115
 20
698.7633750594342
 10
957.0092371304476
 20
698.7516198382222
 10
957.3950106265679
 20
698.7779110856642
 10
957.7514592697722
 20
698.8567848279902
 10
958.0785830600604
 20
698.9882410652003
 10
958.3763819974325
 20
699.1722797972944
 10
958.6448560818885
 20
699.4139570333961
 10
958.8840053134285
 20
699.7183287826286
 10
959.0938296920523
 20
700.0853950449923
 10
959.2743292177599
 20
700.5151558204868
  0
LWPOLYLINE
  5
BB
330
17
100
AcDbEntity
  8
line engraving
 62
1
420
16711680
100
AcDbPolyline
 90
34
 70
0
 10
954.4933669906112
 20
702.8692336683722
 10
959.2905084469551
 20
702.8692336683722
 10
959.2606779931266
 20
703.1317669421081
 10
959.2197243192265
 20
703.3773625852805
 10
959.1676474252548
 20
703.6060205978891
 10
959.1044473112115
 20
703.8177409799343
 10
959.0301239770965
 20
704.0125237314157
 10
958.94467742291
 20
704.1903688523337
 10
958.8481076486518
 20
704.3512763426879
 10
958.740414654322
 20
704.4952462024786
 10
958.5600415288424
 20
704.6924305582937
 10
958.366775580098
 20
704.8633236666668
 10
958.1606168080887
 20
705.007925527598
 10
957.9415652128146
 20
705.126236141087
 10
957.7096207942756
 20
705.2182555071341
 10
957.4647835524718
 20
705.2839836257391
 10
957.2070534874031
 20
705.3234204969021
 10
956.9364305990696
 20
705.3365661206232
 10
956.6906453555551
 20
705.326074901692
 10
956.4548457300596
 20
705.2946012448984
 10
956.2290317225828
 20
705.2421451502424
 10
956.0132033331249
 20
705.1687066177242
 10
955.8073605616859
 20
705.0742856473435
 10
955.6115034082655
 20
704.9588822391004
 10
955.4256318728642
 20
704.8224963929948
 10
955.2497459554817
 20
704.665128109027
 10
955.0883960643291
 20
704.4901901933551
 10
954.9461326076175
 20
704.3010954521376
 10
954.8229555853471
 20
704.0978438853742
 10
954.7188649975178
 20
703.8804354930653
 10
954.6338608441295
 20
703.6488702752106
 10
954.5679431251823
 20
703.4031482318102
 10
954.5211118406762
 20
703.143269362864
 10
954.4933669906112
 20
702.8692336683722
  0
LWPOLYLINE
  5
BC
330
17
100
AcDbEntity
  8
line engraving
 62
1
420
16711680
100
AcDbPolyline
 90
35
 70
0
 10
962.5910712027531
 20
697.7485076281266
 10
962.5910712027531
 20
706.3396783307187
 10
963.9015887675553
 20
706.3396783307187
 10
963.9015887675553
 20
705.037250380514
 10
964.1475636114119
 20
705.4553823350246
 10
964.3839320379338
 20
705.7956517490338
 10
964.6106940471213
 20
706.0580586225417
 10
964.8278496389742
 20
706.2426029555481
 10
965.0455108317393
 20
706.3700143854595
 10
965.2737896436638
 20
706.461022549682
 10
965.5126860747475
 20
706.5156274482154
 10
965.7622001249905
 20
706.5338290810598
 10
966.1317943919158
 20
706.5045042281437
 10
966.5044222643152
 20
706.4165296693955
 10
966.8800837421886
 20
706.2699054048148
 10
967.2587788255362
 20
706.0646314344021
 10
966.7572227204885
 20
704.7136657966123
 10
966.4902654387695
 20
704.8516948456829
 10
966.2233081570505
 20
704.9502870235905
 10
965.9563508753316
 20
705.0094423303351
 10
965.6893935936126
 20
705.0291607659166
 10
965.4568171739332
 20
705.0112119335282
 10
965.2363751761501
 20
704.9573654363634
 10
965.0280676002633
 20
704.8676212744218
 10
964.8318944462728
 20
704.7419794477037
 10
964.655439727864
 20
704.5844847635077
 10
964.5062874587217
 20
704.3991820291328
 10
964.3844376388462
 20
704.1860712445787
 10
964.2898902682374
 20
703.9451524098456
 10
964.1837140766446
 20
703.5477500927412
 10
964.1078739397926
 20
703.1321461427924
 10
964.0623698576815
 20
702.698340559999
 10
964.0472018303111
 20
702.2463333443612
 10
964.0472018303111
 20
697.7485076281266
 10
962.5910712027531
 20
697.7485076281266
  0
CIRCLE
  5
BD
330
17
100
AcDbEntity
  8
cut
 62
5
420
255
100
AcDbCircle
 10
563.6656270119297
 20
1062.0750900637172
 30
0.0
 40
3.9
  0
LWPOLYLINE
  5
BE
330
17
100
AcDbEntity
  8
cut
 62
5
420
255
100
AcDbPolyline
 90
29
 70
1
 10
857.6656350585567
 20
987.0750990044139
 10
867.4576350585567
 20
987.717099004414
 10
877.0756350585567
 20
989.631099004414
 10
886.3696350585567
 20
992.7870990044139
 10
895.1656350585567
 20
997.1250990044139
 10
903.3256350585567
 20
1002.573099004414
 10
910.6996350585567
 20
1009.0410990044139
 10
917.1676350585567
 20
1016.415099004414
 10
922.6156350585567
 20
1024.575099004414
 10
926.9536350585568
 20
1033.3710990044137
 10
930.1096350585567
 20
1042.665099004414
 10
932.0236350585567
 20
1052.283099004414
 10
932.6656350585567
 20
1062.075099004414
 10
932.0236350585567
 20
1071.8670990044138
 10
930.1096350585567
 20
1081.4850990044138
 10
926.9536350585568
 20
1090.779099004414
 10
922.6156350585567
 20
1099.575099004414
 10
917.1676350585567
 20
1107.7350990044138
 10
910.6996350585567
 20
1115.109099004414
 10
903.3256350585567
 20
1121.5770990044139
 10
895.1656350585567
 20
1127.025099004414
 10
886.3696350585567
 20
1131.363099004414
 10
877.0756350585567
 20
1134.5190990044139
 10
867.4576350585567
 20
1136.4330990044139
 10
857.6656350585567
 20
1137.075099004414
 10
847.8736350585567
 20
1136.4330990044139
 10
533.6656350585567
 20
1080.075099004414
 10
533.6656350585567
 20
1044.075099004414
 10
847.8736350585567
 20
987.717099004414
  0
CIRCLE
  5
BF
330
17
100
AcDbEntity
  8
cut
 62
5
420
255
100
AcDbCircle
 10
857.6656313928711
 20
1062.0750900637172
 30
0.0
 40
3.9
  0
LWPOLYLINE
  5
C0
330
17
100
AcDbEntity
  8
line engraving
 62
1
420
16711680
100
AcDbPolyline
 90
119
 70
0
 10
769.1912148675608
 20
1059.2922715828586
 10
770.6230766513262
 20
1059.1062104471152
 10
770.5529877248522
 20
1058.7461593974106
 10
770.4600203570944
 20
1058.4062059839714
 10
770.344174548053
 20
1058.0863502067982
 10
770.2054502977279
 20
1057.7865920658908
 10
770.0438476061191
 20
1057.506931561249
 10
769.8593664732267
 20
1057.2473686928731
 10
769.6520068990507
 20
1057.0079034607631
 10
769.4217688835909
 20
1056.7885358649187
 10
769.1732028350585
 20
1056.5922995108142
 10
768.9108591616647
 20
1056.4222280039237
 10
768.6347378634094
 20
1056.278321344247
 10
768.3448389402927
 20
1056.1605795317842
 10
768.0411623923146
 20
1056.0690025665356
 10
767.723708219475
 20
1056.0035904485007
 10
767.3924764217741
 20
1055.9643431776797
 10
767.0474669992116
 20
1055.9512607540728
 10
766.6173902231468
 20
1055.9692727865752
 10
766.2089278860849
 20
1056.023308884082
 10
765.8220799880257
 20
1056.1133690465938
 10
765.4568465289694
 20
1056.2394532741102
 10
765.1132275089159
 20
1056.4015615666315
 10
764.7912229278652
 20
1056.5996939241572
 10
764.4908327858174
 20
1056.8338503466878
 10
764.2120570827723
 20
1057.1040308342228
 10
763.9608366294501
 20
1057.407833782429
 10
763.7431122365708
 20
1057.7428575869726
 10
763.5588839041346
 20
1058.1091022478536
 10
763.4081516321413
 20
1058.506567765072
 10
763.290915420591
 20
1058.935254138628
 10
763.2071752694835
 20
1059.395161368521
 10
763.1569311788191
 20
1059.8862894547517
 10
763.1401831485977
 20
1060.4086383973197
 10
763.1690024006014
 20
1061.0826044134776
 10
763.2554601566127
 20
1061.7130887511737
 10
763.3995564166314
 20
1062.3000914104082
 10
763.6012911806577
 20
1062.8436123911806
 10
763.7240890022439
 20
1063.0963496472398
 10
763.8619284509723
 20
1063.332781273876
 10
764.0148095268431
 20
1063.5529072710888
 10
764.1827322298562
 20
1063.7567276388784
 10
764.3656965600117
 20
1063.944242377245
 10
764.5637025173094
 20
1064.1154514861882
 10
764.7767501017494
 20
1064.2703549657085
 10
765.0048393133317
 20
1064.4089528158054
 10
765.4864241823417
 20
1064.63723162773
 10
765.988738688758
 20
1064.8002879219616
 10
766.5117828325805
 20
1064.8981216985007
 10
767.0555566138091
 20
1064.9307329573471
 10
767.3974692307835
 20
1064.9196729373896
 10
767.7234554190188
 20
1064.8864928775167
 10
768.0335151785154
 20
1064.8311927777288
 10
768.327648509273
 20
1064.7537726380258
 10
768.6058554112916
 20
1064.6542324584077
 10
768.8681358845714
 20
1064.5325722388743
 10
769.1144899291122
 20
1064.3887919794258
 10
769.3449175449142
 20
1064.222891680062
 10
769.5573963283279
 20
1064.0366409439764
 10
769.7499038757038
 20
1063.831809374362
 10
769.922440187042
 20
1063.6083969712188
 10
770.0750052623425
 20
1063.366403734547
 10
770.2075991016054
 20
1063.1058296643464
 10
770.3202217048306
 20
1062.826674760617
 10
770.4128730720181
 20
1062.5289390233588
 10
770.4855532031679
 20
1062.212622452572
 10
769.0698706485977
 20
1061.9942028584385
 10
768.9492848310031
 20
1062.4002003910527
 10
768.7897677431577
 20
1062.7526042269583
 10
768.5913193850618
 20
1063.051414366155
 10
768.353939756715
 20
1063.2966308086432
 10
768.0836960690658
 20
1063.48774795351
 10
767.7866555330622
 20
1063.6242601998438
 10
767.4628181487043
 20
1063.7061675476439
 10
767.112183915992
 20
1063.7334699969106
 10
766.8435834313078
 20
1063.721145974672
 10
766.5878757698886
 20
1063.6841739079568
 10
766.3450609317342
 20
1063.6225537967646
 10
766.1151389168446
 20
1063.5362856410954
 10
765.8981097252198
 20
1063.4253694409495
 10
765.6939733568599
 20
1063.2898051963264
 10
765.5027298117649
 20
1063.1295929072267
 10
765.3243790899346
 20
1062.9447325736498
 10
765.1632187991241
 20
1062.7332017919468
 10
765.0235465470885
 20
1062.4929781584683
 10
764.9053623338274
 20
1062.224061673214
 10
764.8086661593411
 20
1061.926452336184
 10
764.7334580236296
 20
1061.6001501473784
 10
764.6797379266928
 20
1061.245155106797
 10
764.6475058685307
 20
1060.8614672144402
 10
764.6367618491433
 20
1060.4490864703075
 10
764.6471266678465
 20
1060.031080916025
 10
764.6782211239557
 20
1059.6426530151148
 10
764.7300452174712
 20
1059.2838027675768
 10
764.802598948393
 20
1058.954530173411
 10
764.895882316721
 20
1058.6548352326179
 10
765.0098953224551
 20
1058.3847179451966
 10
765.1446379655955
 20
1058.1441783111477
 10
765.300110246142
 20
1057.9332163304712
 10
765.472267356796
 20
1057.7493039986052
 10
765.6570644902587
 20
1057.5899133109879
 10
765.8545016465299
 20
1057.4550442676195
 10
766.0645788256099
 20
1057.3446968684998
 10
766.2872960274985
 20
1057.258871113629
 10
766.5226532521959
 20
1057.197567003007
 10
766.7706504997019
 20
1057.1607845366339
 10
767.0312877700165
 20
1057.1485237145093
 10
767.4423413117543
 20
1057.1813877738118
 10
767.8180027896277
 20
1057.2799799517195
 10
768.1582722036369
 20
1057.4443002482321
 10
768.4631495537818
 20
1057.6743486633497
 10
768.6001674010278
 20
1057.8146529165258
 10
768.7240396245527
 20
1057.972653201634
 10
768.8347662243565
 20
1058.1483495186746
 10
768.9323472004394
 20
1058.3417418676472
 10
769.0167825528013
 20
1058.5528302485518
 10
769.0880722814421
 20
1058.7816146613886
 10
769.146216386362
 20
1059.0280951061575
 10
769.1912148675608
 20
1059.2922715828586
  0
LWPOLYLINE
  5
C1
330
17
100
AcDbEntity
  8
line engraving
 62
1
420
16711680
100
AcDbPolyline
 90
35
 70
0
 10
771.8526980701529
 20
1056.145411504414
 10
771.8526980701529
 20
1064.736582207006
 10
773.1632156349551
 20
1064.736582207006
 10
773.1632156349551
 20
1063.4341542568013
 10
773.4091904788116
 20
1063.852286211312
 10
773.6455589053337
 20
1064.1925556253211
 10
773.8723209145211
 20
1064.454962498829
 10
774.0894765063739
 20
1064.6395068318354
 10
774.307137699139
 20
1064.7669182617467
 10
774.5354165110635
 20
1064.8579264259693
 10
774.7743129421473
 20
1064.9125313245027
 10
775.0238269923904
 20
1064.9307329573471
 10
775.3934212593156
 20
1064.901408104431
 10
775.766049131715
 20
1064.8134335456828
 10
776.1417106095885
 20
1064.6668092811021
 10
776.520405692936
 20
1064.4615353106894
 10
776.0188495878882
 20
1063.1105696728996
 10
775.7518923061692
 20
1063.2485987219702
 10
775.4849350244504
 20
1063.3471908998777
 10
775.2179777427314
 20
1063.4063462066222
 10
774.9510204610124
 20
1063.4260646422038
 10
774.718444041333
 20
1063.4081158098154
 10
774.4980020435498
 20
1063.3542693126506
 10
774.2896944676631
 20
1063.264525150709
 10
774.0935213136727
 20
1063.138883323991
 10
773.9170665952638
 20
1062.9813886397951
 10
773.7679143261215
 20
1062.7960859054201
 10
773.646064506246
 20
1062.582975120866
 10
773.5515171356373
 20
1062.342056286133
 10
773.4453409440445
 20
1061.9446539690284
 10
773.3695008071925
 20
1061.5290500190797
 10
773.3239967250813
 20
1061.0952444362865
 10
773.308828697711
 20
1060.6432372206486
 10
773.308828697711
 20
1056.145411504414
 10
771.8526980701529
 20
1056.145411504414
  0
LWPOLYLINE
  5
C2
330
17
100
AcDbEntity
  8
line engraving
 62
1
420
16711680
100
AcDbPolyline
 90
128
 70
0
 10
782.9920973709715
 20
1057.2051510166923
 10
782.5914086479369
 20
1056.886622441914
 10
782.1983039385874
 20
1056.6186539583703
 10
781.8127832429232
 20
1056.4012455660613
 10
781.4348465609442
 20
1056.234397264987
 10
781.053876273491
 20
1056.110525041462
 10
780.6592547614047
 20
1056.0220448818013
 10
780.2509820246848
 20
1055.968956786005
 10
779.8290580633317
 20
1055.9512607540728
 10
779.4853758431641
 20
1055.9620679735742
 10
779.1621704599467
 20
1055.9944896320785
 10
778.8594419136791
 20
1056.0485257295854
 10
778.5771902043616
 20
1056.1241762660952
 10
778.3154153319942
 20
1056.221441241608
 10
778.0741172965769
 20
1056.3403206561236
 10
777.8532960981095
 20
1056.4808145096417
 10
777.6529517365922
 20
1056.642922802163
 10
777.4747274149901
 20
1056.8218423250196
 10
777.3202663362682
 20
1057.0127698695444
 10
777.1895685004266
 20
1057.2157054357374
 10
777.0826339074654
 20
1057.4306490235988
 10
776.9994625573843
 20
1057.6576006331284
 10
776.9400544501837
 20
1057.8965602643261
 10
776.9044095858632
 20
1058.147527917192
 10
776.892527964423
 20
1058.4105035917264
 10
776.9104767968113
 20
1058.719172948714
 10
776.9643232939762
 20
1059.014191081068
 10
777.0540674559177
 20
1059.295557988789
 10
777.1797092826358
 20
1059.5632736718765
 10
777.3344231618139
 20
1059.8112709193824
 10
777.5113834811352
 20
1060.0334825203586
 10
777.7105902405997
 20
1060.2299084748051
 10
777.9320434402075
 20
1060.4005487827221
 10
778.1719510731159
 20
1060.5486898500396
 10
778.4265211324824
 20
1060.6776180826882
 10
778.695753618307
 20
1060.7873334806673
 10
778.9796485305895
 20
1060.8778360439774
 10
779.2213257666912
 20
1060.9339577452479
 10
779.5176079013262
 20
1060.9890682446935
 10
779.8684949344947
 20
1061.0431675423147
 10
780.2739868661965
 20
1061.096255638111
 10
780.7003348355328
 20
1061.1501021352758
 10
781.0976107524091
 20
1061.2064766370027
 10
781.4658146168254
 20
1061.265379143291
 10
781.8049464287818
 20
1061.326809654141
 10
782.1150061882784
 20
1061.390768169553
 10
782.3959938953149
 20
1061.4572546895265
 10
782.6479095498916
 20
1061.5262692140618
 10
782.8707531520083
 20
1061.597811743159
 10
782.8742923583948
 20
1061.73381838858
 10
782.8768203629566
 20
1061.8425225847345
 10
782.8783371656936
 20
1061.9239243316224
 10
782.8788427666059
 20
1061.9780236292434
 10
782.8723963549735
 20
1062.1922720158502
 10
782.8530571200762
 20
1062.3900883728058
 10
782.8208250619141
 20
1062.5714727001102
 10
782.7757001804872
 20
1062.7364249977632
 10
782.7176824757954
 20
1062.884945265765
 10
782.6467719478388
 20
1063.0170335041155
 10
782.5629685966173
 20
1063.132689712815
 10
782.466272422131
 20
1063.2319138918629
 10
782.3182577550416
 20
1063.347570100562
 10
782.1533054573886
 20
1063.447805481435
 10
781.9714155291718
 20
1063.532620034481
 10
781.7725879703917
 20
1063.6020137597004
 10
781.5568227810478
 20
1063.6559866570935
 10
781.3241199611402
 20
1063.6945387266599
 10
781.0744795106692
 20
1063.7176699683998
 10
780.8079014296345
 20
1063.725380382313
 10
780.5594617813302
 20
1063.7197555721632
 10
780.3278333633615
 20
1063.7028811417135
 10
780.1130161757283
 20
1063.6747570909642
 10
779.9150102184306
 20
1063.6353834199153
 10
779.7338154914684
 20
1063.5847601285666
 10
779.5694319948417
 20
1063.5228872169182
 10
779.4218597285505
 20
1063.44976468497
 10
779.2910986925949
 20
1063.3653925327221
 10
779.0623142797581
 20
1063.150764945431
 10
778.8653827243992
 20
1062.8668700331486
 10
778.7003040265181
 20
1062.5137077958746
 10
778.5670781861147
 20
1062.091278233609
 10
777.1433060169469
 20
1062.2854289839502
 10
777.2560550204001
 20
1062.7204985690244
 10
777.400151280419
 20
1063.1115808747243
 10
777.5755947970032
 20
1063.4586759010501
 10
777.7823855701529
 20
1063.761783648002
 10
778.0296244162903
 20
1064.0267185260716
 10
778.3264121518378
 20
1064.259294945751
 10
778.6727487767951
 20
1064.45951290704
 10
779.0686342911624
 20
1064.6273724099392
 10
779.5059790803422
 20
1064.7600926494301
 10
779.9766935297368
 20
1064.854892820495
 10
780.4807776393463
 20
1064.911772923134
 10
781.0182314091707
 20
1064.9307329573471
 10
781.542539555274
 20
1064.914553728152
 10
782.015276408318
 20
1064.8660160405668
 10
782.4364419683026
 20
1064.7851198945914
 10
782.8060362352279
 20
1064.6718652902257
 10
783.127092814568
 20
1064.5340890416112
 10
783.4026453117968
 20
1064.3796279628893
 10
783.6326937269145
 20
1064.2084820540601
 10
783.817238059921
 20
1064.0206513151234
 10
783.9668959299755
 20
1063.811585337868
 10
784.0922849562374
 20
1063.576733714083
 10
784.1934051387068
 20
1063.3160964437684
 10
784.2702564773834
 20
1063.0296735269242
 10
784.3021093348613
 20
1062.806197923667
 10
784.324861375917
 20
1062.5078933853824
 10
784.3385126005503
 20
1062.1347599120709
 10
784.3430630087614
 20
1061.686797503732
 10
784.3430630087614
 20
1059.7452900003211
 10
784.3445166113844
 20
1059.2609875264072
 10
784.3488774192534
 20
1058.8233267366572
 10
784.3561454323684
 20
1058.4323076310714
 10
784.3663206507293
 20
1058.0879302096494
 10
784.3794030743363
 20
1057.7901944723912
 10
784.3953927031893
 20
1057.5391004192973
 10
784.4142895372883
 20
1057.3346480503672
 10
784.4360935766332
 20
1057.176837365601
 10
784.4939848810968
 20
1056.9106384852505
 10
784.5746282266161
 20
1056.6500012149359
 10
784.6780236131909
 20
1056.394925554657
 10
784.8041710408214
 20
1056.145411504414
 10
783.283323496483
 20
1056.145411504414
 10
783.1801809103644
 20
1056.3815271304798
 10
783.0972623607396
 20
1056.6368555912147
 10
783.0345678476086
 20
1056.911396886619
 10
782.9920973709715
 20
1057.2051510166923
  0
LWPOLYLINE
  5
C3
330
17
100
AcDbEntity
  8
line engraving
 62
1
420
16711680
100
AcDbPolyline
 90
42
 70
0
 10
782.8707531520083
 20
1060.457176084905
 10
782.660170372016
 20
1060.3777967416668
 10
782.4248131473187
 20
1060.3014510039025
 10
782.1646814779164
 20
1060.2281388716121
 10
781.8797753638091
 20
1060.157860344796
 10
781.5700948049969
 20
1060.0906154234538
 10
781.2356398014796
 20
1060.026404107586
 10
780.8764103532574
 20
1059.9652263971918
 10
780.4924064603302
 20
1059.907082292272
 10
780.0762969094691
 20
1059.8403429718423
 10
779.725915477213
 20
1059.7695588441138
 10
779.4412621635619
 20
1059.6947299090866
 10
779.2223369685158
 20
1059.6158561667605
 10
779.0468934519316
 20
1059.5256064039065
 10
778.8926851736659
 20
1059.4166494072958
 10
778.7597121337187
 20
1059.2889851769285
 10
778.6479743320901
 20
1059.1426137128042
 10
778.5594941724295
 20
1058.9825910240465
 10
778.4962940583862
 20
1058.813973119779
 10
778.4583739899603
 20
1058.6367600000015
 10
778.4457339671516
 20
1058.450951664714
 10
778.4732892168745
 20
1058.1718599610988
 10
778.5559549660431
 20
1057.917037101276
 10
778.6937312146575
 20
1057.686483085246
 10
778.8866179627178
 20
1057.4801979130086
 10
779.1325928065743
 20
1057.3103160064602
 10
779.4296333425779
 20
1057.1889717874972
 10
779.7777395707285
 20
1057.1161652561193
 10
780.1769114910261
 20
1057.0918964123266
 10
780.5859426291144
 20
1057.1149012538383
 10
780.9717161252348
 20
1057.1839157783736
 10
781.3342319793873
 20
1057.2989399859325
 10
781.6734901915718
 20
1057.4599738765148
 10
781.9793787435415
 20
1057.6609502391725
 10
782.2417856170492
 20
1057.8958018629576
 10
782.4607108120953
 20
1058.1645287478698
 10
782.6361543286795
 20
1058.4671308939091
 10
782.7387913138858
 20
1058.7431889920504
 10
782.8121034461761
 20
1059.0778967960237
 10
782.8560907255503
 20
1059.4712543058292
 10
782.8707531520083
 20
1059.923261521467
 10
782.8707531520083
 20
1060.457176084905
  0
LWPOLYLINE
  5
C4
330
17
100
AcDbEntity
  8
line engraving
 62
1
420
16711680
100
AcDbPolyline
 90
61
 70
0
 10
786.6000654814762
 20
1056.145411504414
 10
786.6000654814762
 20
1064.736582207006
 10
787.9105830462785
 20
1064.736582207006
 10
787.9105830462785
 20
1063.5150504027768
 10
788.1603498969777
 20
1063.846851001504
 10
788.4364079951189
 20
1064.1344115204013
 10
788.738757340702
 20
1064.377731959468
 10
789.0673979337273
 20
1064.5768123187045
 10
789.4223297741945
 20
1064.7316525981107
 10
789.8035528621039
 20
1064.8422527976866
 10
790.2110671974551
 20
1064.908612917432
 10
790.6448727802484
 20
1064.9307329573471
 10
791.0253374667892
 20
1064.9132897258712
 10
791.3901285250472
 20
1064.8609600314433
 10
791.7392459550225
 20
1064.7737438740635
 10
792.072689756715
 20
1064.651641253732
 10
792.3778199073162
 20
1064.5012249823087
 10
792.6419963840171
 20
1064.3290678716548
 10
792.8652191868182
 20
1064.1351699217698
 10
793.0474883157191
 20
1063.9195311326541
 10
793.1971461857737
 20
1063.6824043047636
 10
793.3225352120356
 20
1063.4240422385544
 10
793.423655394505
 20
1063.1444449340268
 10
793.5005067331816
 20
1062.8436123911806
 10
793.5358987970459
 20
1062.603451957816
 10
793.5611788426631
 20
1062.2874513875995
 10
793.5763468700336
 20
1061.895610680531
 10
793.581402879157
 20
1061.4279298366105
 10
793.581402879157
 20
1056.145411504414
 10
792.1252722515991
 20
1056.145411504414
 10
792.1252722515991
 20
1061.3713025344275
 10
792.1146546324399
 20
1061.7881704866572
 10
792.082801774962
 20
1062.1489167376164
 10
792.0297136791656
 20
1062.4535412873054
 10
791.9553903450507
 20
1062.7020441357236
 10
791.8540173621251
 20
1062.9113629134351
 10
791.7197803198972
 20
1063.0984352510034
 10
791.5526792183666
 20
1063.2632611484282
 10
791.3527140575336
 20
1063.40584060571
 10
791.1269632501709
 20
1063.5208648132686
 10
790.8825052090513
 20
1063.603024961525
 10
790.619339934175
 20
1063.6523210504788
 10
790.3374674255417
 20
1063.66875308013
 10
790.1088726130471
 20
1063.6595258634798
 10
789.8882410149218
 20
1063.6318442135287
 10
789.6755726311661
 20
1063.5857081302772
 10
789.4708674617798
 20
1063.521117613725
 10
789.274125506763
 20
1063.438072663872
 10
789.0853467661157
 20
1063.3365732807183
 10
788.9045312398378
 20
1063.216619464264
 10
788.7316789279292
 20
1063.0782112145093
 10
788.5733626422507
 20
1062.9140173182248
 10
788.4361551946627
 20
1062.7167065621816
 10
788.320056585165
 20
1062.4862789463796
 10
788.225066813758
 20
1062.222734470819
 10
788.1511858804413
 20
1061.9260731354998
 10
788.0984137852151
 20
1061.5962949404218
 10
788.0667505280794
 20
1061.233399885585
 10
788.0561961090342
 20
1060.8373879709895
 10
788.0561961090342
 20
1056.145411504414
 10
786.6000654814762
 20
1056.145411504414
  0
LWPOLYLINE
  5
C5
330
17
100
AcDbEntity
  8
line engraving
 62
1
420
16711680
100
AcDbPolyline
 90
13
 70
0
 10
795.8222261226769
 20
1056.145411504414
 10
795.8222261226769
 20
1068.004786504414
 10
797.2783567502348
 20
1068.004786504414
 10
797.2783567502348
 20
1061.241868700867
 10
800.7245325687886
 20
1064.736582207006
 10
802.6094127700165
 20
1064.736582207006
 10
799.3250292434135
 20
1061.5492740555735
 10
802.9410869685158
 20
1056.145411504414
 10
801.145192527861
 20
1056.145411504414
 10
798.3057378041229
 20
1060.5380722308805
 10
797.2783567502348
 20
1059.55113924998
 10
797.2783567502348
 20
1056.145411504414
 10
795.8222261226769
 20
1056.145411504414
  0
LWPOLYLINE
  5
C6
330
17
100
AcDbEntity
  8
cut
 62
5
420
255
100
AcDbPolyline
 90
4
 70
1
 10
1109.3312701171135
 20
297.0
 42
0.9999999999999999
 10
1049.3312701171135
 20
297.0
 10
1049.3312701171135
 20
47.99999999999997
 42
0.9999999999999999
 10
1109.3312701171135
 20
48.0
  0
CIRCLE
  5
C7
330
17
100
AcDbEntity
  8
cut
 62
5
420
255
100
AcDbCircle
 10
1079.3312701171135
 20
297.0
 30
-2.7755575615628914e-16
 40
10.9
  0
CIRCLE
  5
C8
330
17
100
AcDbEntity
  8
cut
 62
5
420
255
100
AcDbCircle
 10
1079.3312701171135
 20
48.0
 30
-2.7755575615628914e-16
 40
10.9
  0
LWPOLYLINE
  5
C9
330
17
100
AcDbEntity
  8
line engraving
 62
1
420
16711680
100
AcDbPolyline
 90
7
 70
0
 10
1085.2609576171135
 20
172.13855729877216
 10
1073.4015826171135
 20
172.13855729877216
 10
1073.4015826171135
 20
173.70794253069576
 10
1083.8614542917383
 20
173.70794253069576
 10
1083.8614542917383
 20
179.5486442701228
 10
1085.2609576171135
 20
179.5486442701228
 10
1085.2609576171135
 20
172.13855729877216
  0
LWPOLYLINE
  5
CA
330
17
100
AcDbEntity
  8
line engraving
 62
1
420
16711680
100
AcDbPolyline
 90
5
 70
0
 10
1075.0761328388053
 20
181.23937372100954
 10
1073.4015826171135
 20
181.23937372100954
 10
1073.4015826171135
 20
182.69550434856754
 10
1075.0761328388053
 20
182.69550434856754
 10
1075.0761328388053
 20
181.23937372100954
  0
LWPOLYLINE
  5
CB
330
17
100
AcDbEntity
  8
line engraving
 62
1
420
16711680
100
AcDbPolyline
 90
5
 70
0
 10
1085.2609576171135
 20
181.23937372100954
 10
1076.6697869145214
 20
181.23937372100954
 10
1076.6697869145214
 20
182.69550434856754
 10
1085.2609576171135
 20
182.69550434856754
 10
1085.2609576171135
 20
181.23937372100954
  0
LWPOLYLINE
  5
CC
330
17
100
AcDbEntity
  8
line engraving
 62
1
420
16711680
100
AcDbPolyline
 90
61
 70
0
 10
1085.2609576171135
 20
184.91205874829467
 10
1076.6697869145214
 20
184.91205874829467
 10
1076.6697869145214
 20
186.22257631309685
 10
1077.8913187187507
 20
186.22257631309685
 10
1077.5595181200233
 20
186.47234316379604
 10
1077.2719576011261
 20
186.74840126193723
 10
1077.0286371620593
 20
187.05075060752046
 10
1076.829556802823
 20
187.37939120054568
 10
1076.6747165234167
 20
187.73432304101297
 10
1076.5641163238408
 20
188.11554612892223
 10
1076.4977562040954
 20
188.52306046427353
 10
1076.4756361641803
 20
188.95686604706685
 10
1076.4930793956562
 20
189.33733073360762
 10
1076.5454090900841
 20
189.70212179186564
 10
1076.632625247464
 20
190.0512392218409
 10
1076.7547278677955
 20
190.38468302353343
 10
1076.9051441392187
 20
190.68981317413454
 10
1077.0773012498726
 20
190.9539896508356
 10
1077.2711991997576
 20
191.1772124536366
 10
1077.4868379888733
 20
191.3594815825375
 10
1077.7239648167638
 20
191.50913945259208
 10
1077.982326882973
 20
191.634528478854
 10
1078.2619241875007
 20
191.73564866132332
 10
1078.5627567303468
 20
191.8125
 10
1078.8029171637113
 20
191.84789206386426
 10
1079.118917733928
 20
191.87317210948157
 10
1079.5107584409964
 20
191.88834013685198
 10
1079.978439284917
 20
191.89339614597543
 10
1085.2609576171135
 20
191.89339614597543
 10
1085.2609576171135
 20
190.43726551841746
 10
1080.0350665871
 20
190.43726551841746
 10
1079.6181986348702
 20
190.42664789925817
 10
1079.257452383911
 20
190.39479504178036
 10
1078.952827834222
 20
190.34170694598396
 10
1078.7043249858039
 20
190.26738361186904
 10
1078.4950062080923
 20
190.16601062894355
 10
1078.307933870524
 20
190.03177358671556
 10
1078.1431079730992
 20
189.86467248518503
 10
1078.0005285158175
 20
189.66470732435198
 10
1077.8855043082588
 20
189.43895651698926
 10
1077.8033441600023
 20
189.1944984758697
 10
1077.7540480710486
 20
188.93133320099335
 10
1077.7376160413974
 20
188.64946069236015
 10
1077.7468432580476
 20
188.4208658798655
 10
1077.7745249079987
 20
188.20023428174028
 10
1077.8206609912502
 20
187.98756589798452
 10
1077.8852515078024
 20
187.78286072859822
 10
1077.9682964576555
 20
187.58611877358138
 10
1078.069795840809
 20
187.397340032934
 10
1078.1897496572633
 20
187.21652450665607
 10
1078.328157907018
 20
187.04367219474761
 10
1078.4923518033027
 20
186.88535590906912
 10
1078.6896625593458
 20
186.74814846148107
 10
1078.9200901751478
 20
186.6320498519835
 10
1079.1836346507084
 20
186.5370600805764
 10
1079.4802959860276
 20
186.46317914725978
 10
1079.8100741811056
 20
186.4104070520336
 10
1080.1729692359424
 20
186.3787437948979
 10
1080.5689811505379
 20
186.36818937585267
 10
1085.2609576171135
 20
186.36818937585267
 10
1085.2609576171135
 20
184.91205874829467
  0
LWPOLYLINE
  5
CD
330
17
100
AcDbEntity
  8
line engraving
 62
1
420
16711680
100
AcDbPolyline
 90
13
 70
0
 10
1085.2609576171135
 20
194.13421938949523
 10
1073.4015826171135
 20
194.13421938949523
 10
1073.4015826171135
 20
195.5903500170532
 10
1080.1645004206605
 20
195.5903500170532
 10
1076.6697869145214
 20
199.0365258356071
 10
1076.6697869145214
 20
200.92140603683492
 10
1079.857095065954
 20
197.63702251023193
 10
1085.2609576171135
 20
201.25308023533424
 10
1085.2609576171135
 20
199.4571857946794
 10
1080.868296890647
 20
196.61773107094135
 10
1081.8552298715474
 20
195.5903500170532
 10
1085.2609576171135
 20
195.5903500170532
 10
1085.2609576171135
 20
194.13421938949523
  0
LWPOLYLINE
  5
CE
330
17
100
AcDbEntity
  8
line engraving
 62
1
420
16711680
100
AcDbPolyline
 90
60
 70
0
 10
1085.2609576171135
 20
202.53123934174624
 10
1073.4015826171135
 20
202.53123934174624
 10
1073.4015826171135
 20
206.98052737039563
 10
1073.4072074272633
 20
207.31188556832473
 10
1073.424081857713
 20
207.6264325359183
 10
1073.4522059084622
 20
207.92416827317638
 10
1073.4915795795112
 20
208.2050927800989
 10
1073.54220287086
 20
208.46920605668592
 10
1073.6040757825083
 20
208.7165081029374
 10
1073.6771983144563
 20
208.94699891885338
 10
1073.7615704667041
 20
209.16067850443383
 10
1073.9658332352922
 20
209.54898000511596
 10
1074.2186336914656
 20
209.8927886255116
 10
1074.519971835224
 20
210.19210436562074
 10
1074.8698476665677
 20
210.44692722544337
 10
1075.2482899494591
 20
210.65043159266284
 10
1075.6353274478604
 20
210.7957918549625
 10
1076.0309601617716
 20
210.88300801234226
 10
1076.4351880911927
 20
210.91208006480218
 10
1076.8098383672414
 20
210.8862944182725
 10
1077.1733654232185
 20
210.8089374786835
 10
1077.525769259124
 20
210.68000924603513
 10
1077.867049874958
 20
210.4995097203274
 10
1078.186589651561
 20
210.26693330064802
 10
1078.4737709697738
 20
209.98177438608457
 10
1078.7285938295963
 20
209.6440329766371
 10
1078.9510582310288
 20
209.25370907230558
 10
1079.0368839858997
 20
209.51491514364662
 10
1079.1366137658601
 20
209.76057398693297
 10
1079.25024757091
 20
209.9906856021647
 10
1079.3777854010493
 20
210.20524998934172
 10
1079.5192272562783
 20
210.40426714846413
 10
1079.6745731365968
 20
210.58773707953188
 10
1079.8438230420047
 20
210.75565978254497
 10
1080.0269769725023
 20
210.9080352575034
 10
1080.2213805232996
 20
211.0435995021263
 10
1080.4243792896066
 20
211.16108851413284
 10
1080.6359732714236
 20
211.260502293523
 10
1080.8561624687507
 20
211.34184084029673
 10
1081.0849468815875
 20
211.4051041544541
 10
1081.322326509934
 20
211.45029223599508
 10
1081.5683013537907
 20
211.47740508491964
 10
1081.8228714131571
 20
211.48644270122784
 10
1082.2321553517015
 20
211.46444906154076
 10
1082.626776863788
 20
211.39846814247954
 10
1083.0067359494165
 20
211.28849994404416
 10
1083.3720326085868
 20
211.13454446623464
 10
1083.7095212175782
 20
210.94823053003495
 10
1084.0060561526693
 20
210.74118695642906
 10
1084.2616374138606
 20
210.51341374541695
 10
1084.4762650011517
 20
210.26491089699863
 10
1084.6585341300527
 20
209.98961120022594
 10
1084.8170400160734
 20
209.68144744415073
 10
1084.9517826592137
 20
209.34041962877302
 10
1085.0627620594737
 20
208.96652775409277
 10
1085.149472615941
 20
208.5542102100742
 10
1085.2114087277037
 20
208.09790538668145
 10
1085.248570394761
 20
207.59761328391457
 10
1085.2609576171135
 20
207.05333390177353
 10
1085.2609576171135
 20
202.53123934174624
  0
LWPOLYLINE
  5
CF
330
17
100
AcDbEntity
  8
line engraving
 62
1
420
16711680
100
AcDbPolyline
 90
32
 70
0
 10
1078.3847852092008
 20
204.10062457366985
 10
1078.3847852092008
 20
206.6650324010914
 10
1078.376189993691
 20
207.1499036760317
 10
1078.3504043471612
 20
207.56095721776944
 10
1078.3074282696118
 20
207.89819302630457
 10
1078.2472617610426
 20
208.1616111016371
 10
1078.1436135740116
 20
208.4424724084456
 10
1078.0106405340644
 20
208.6864248486528
 10
1077.848342641201
 20
208.8934684222587
 10
1077.6567198954217
 20
209.0636031292633
 10
1077.4372890994634
 20
209.19632336875426
 10
1077.191567056063
 20
209.29112353981924
 10
1076.9195537652206
 20
209.34800364245822
 10
1076.6212492269362
 20
209.36696367667122
 10
1076.3348263100918
 20
209.3492676447391
 10
1076.0660994251796
 20
209.2961795489427
 10
1075.8150685721996
 20
209.20769938928206
 10
1075.5817337511517
 20
209.08382716575716
 10
1075.3749429780019
 20
208.92709088292975
 10
1075.2035442687165
 20
208.74001854536152
 10
1075.0675376232953
 20
208.5226101530525
 10
1074.9669230417383
 20
208.2748657060027
 10
1074.9280549716016
 20
208.13165424758057
 10
1074.8943693108165
 20
207.9649323467343
 10
1074.865866059383
 20
207.77470000346392
 10
1074.842545217301
 20
207.56095721776944
 10
1074.8244067845708
 20
207.32370398965082
 10
1074.8114507611917
 20
207.0629403191081
 10
1074.8036771471645
 20
206.77866620614128
 10
1074.8010859424887
 20
206.47088165075033
 10
1074.8010859424887
 20
204.10062457366985
 10
1078.3847852092008
 20
204.10062457366985
  0
LWPOLYLINE
  5
D0
330
17
100
AcDbEntity
  8
line engraving
 62
1
420
16711680
100
AcDbPolyline
 90
32
 70
0
 10
1083.8614542917383
 20
204.10062457366985
 10
1083.8614542917383
 20
207.05333390177353
 10
1083.8579150853518
 20
207.4052321367667
 10
1083.8472974661927
 20
207.70050306957708
 10
1083.8296014342604
 20
207.93914670020465
 10
1083.8048269895555
 20
208.1211630286494
 10
1083.7481996873728
 20
208.3810418975955
 10
1083.6753931559947
 20
208.61867432639835
 10
1083.586407395422
 20
208.83406031505797
 10
1083.4812424056538
 20
209.02719986357434
 10
1083.3550949780233
 20
209.20112657742155
 10
1083.203161903863
 20
209.35887406207368
 10
1083.0254431831734
 20
209.5004423175307
 10
1082.821938815954
 20
209.62583134379264
 10
1082.5971992104157
 20
209.72846832899899
 10
1082.3557747747705
 20
209.80178046128924
 10
1082.0976655090174
 20
209.84576774066338
 10
1081.8228714131571
 20
209.86043016712142
 10
1081.5020676342733
 20
209.83919492880287
 10
1081.2030046946204
 20
209.7754892138472
 10
1080.9256825941982
 20
209.6693130222544
 10
1080.670101333007
 20
209.52066635402454
 10
1080.443592124276
 20
209.33435241782485
 10
1080.2534861812335
 20
209.11517442232264
 10
1080.0997835038802
 20
208.8631323675179
 10
1079.9824840922158
 20
208.57822625341063
 10
1079.8957735357485
 20
208.2437712498934
 10
1079.833837423986
 20
207.84308252685878
 10
1079.7966757569286
 20
207.37616008430678
 10
1079.784288534576
 20
206.8430039222374
 10
1079.784288534576
 20
204.10062457366985
 10
1083.8614542917383
 20
204.10062457366985
  0
LWPOLYLINE
  5
D1
330
17
100
AcDbEntity
  8
cut
 62
5
420
255
100
AcDbPolyline
 90
4
 70
1
 10
1175.3312701171137
 20
297.0
 42
0.9999999999999999
 10
1115.3312701171137
 20
297.0
 10
1115.3312701171135
 20
47.99999999999997
 42
0.9999999999999999
 10
1175.3312701171135
 20
48.0
  0
CIRCLE
  5
D2
330
17
100
AcDbEntity
  8
cut
 62
5
420
255
100
AcDbCircle
 10
1145.3312701171137
 20
297.0
 30
-2.7755575615628914e-16
 40
10.9
  0
CIRCLE
  5
D3
330
17
100
AcDbEntity
  8
cut
 62
5
420
255
100
AcDbCircle
 10
1145.3312701171135
 20
48.0
 30
-2.7755575615628914e-16
 40
10.9
  0
LWPOLYLINE
  5
D4
330
17
100
AcDbEntity
  8
line engraving
 62
1
420
16711680
100
AcDbPolyline
 90
7
 70
0
 10
1151.2609576171137
 20
172.13855729877216
 10
1139.4015826171137
 20
172.13855729877216
 10
1139.4015826171137
 20
173.70794253069576
 10
1149.8614542917385
 20
173.70794253069576
 10
1149.8614542917385
 20
179.5486442701228
 10
1151.2609576171137
 20
179.5486442701228
 10
1151.2609576171137
 20
172.13855729877216
  0
LWPOLYLINE
  5
D5
330
17
100
AcDbEntity
  8
line engraving
 62
1
420
16711680
100
AcDbPolyline
 90
5
 70
0
 10
1141.0761328388055
 20
181.23937372100954
 10
1139.4015826171137
 20
181.23937372100954
 10
1139.4015826171137
 20
182.69550434856754
 10
1141.0761328388055
 20
182.69550434856754
 10
1141.0761328388055
 20
181.23937372100954
  0
LWPOLYLINE
  5
D6
330
17
100
AcDbEntity
  8
line engraving
 62
1
420
16711680
100
AcDbPolyline
 90
5
 70
0
 10
1151.2609576171137
 20
181.23937372100954
 10
1142.6697869145216
 20
181.23937372100954
 10
1142.6697869145216
 20
182.69550434856754
 10
1151.2609576171137
 20
182.69550434856754
 10
1151.2609576171137
 20
181.23937372100954
  0
LWPOLYLINE
  5
D7
330
17
100
AcDbEntity
  8
line engraving
 62
1
420
16711680
100
AcDbPolyline
 90
61
 70
0
 10
1151.2609576171137
 20
184.91205874829467
 10
1142.6697869145216
 20
184.91205874829467
 10
1142.6697869145216
 20
186.22257631309685
 10
1143.8913187187509
 20
186.22257631309685
 10
1143.5595181200235
 20
186.47234316379604
 10
1143.2719576011264
 20
186.74840126193723
 10
1143.0286371620596
 20
187.05075060752046
 10
1142.8295568028232
 20
187.37939120054568
 10
1142.674716523417
 20
187.73432304101297
 10
1142.564116323841
 20
188.11554612892223
 10
1142.4977562040956
 20
188.52306046427353
 10
1142.4756361641805
 20
188.95686604706685
 10
1142.4930793956564
 20
189.33733073360762
 10
1142.5454090900844
 20
189.70212179186564
 10
1142.6326252474641
 20
190.0512392218409
 10
1142.7547278677957
 20
190.38468302353343
 10
1142.905144139219
 20
190.68981317413454
 10
1143.077301249873
 20
190.9539896508356
 10
1143.2711991997578
 20
191.1772124536366
 10
1143.4868379888735
 20
191.3594815825375
 10
1143.723964816764
 20
191.50913945259208
 10
1143.9823268829732
 20
191.634528478854
 10
1144.2619241875009
 20
191.73564866132332
 10
1144.562756730347
 20
191.8125
 10
1144.8029171637115
 20
191.84789206386426
 10
1145.1189177339281
 20
191.87317210948157
 10
1145.5107584409966
 20
191.88834013685198
 10
1145.9784392849172
 20
191.89339614597543
 10
1151.2609576171137
 20
191.89339614597543
 10
1151.2609576171137
 20
190.43726551841746
 10
1146.0350665871001
 20
190.43726551841746
 10
1145.6181986348704
 20
190.42664789925817
 10
1145.2574523839112
 20
190.39479504178036
 10
1144.9528278342223
 20
190.34170694598396
 10
1144.704324985804
 20
190.26738361186904
 10
1144.4950062080925
 20
190.16601062894355
 10
1144.3079338705243
 20
190.03177358671556
 10
1144.1431079730994
 20
189.86467248518503
 10
1144.0005285158177
 20
189.66470732435198
 10
1143.885504308259
 20
189.43895651698926
 10
1143.8033441600026
 20
189.1944984758697
 10
1143.7540480710488
 20
188.93133320099335
 10
1143.7376160413976
 20
188.64946069236015
 10
1143.7468432580479
 20
188.4208658798655
 10
1143.774524907999
 20
188.20023428174028
 10
1143.8206609912504
 20
187.98756589798452
 10
1143.8852515078029
 20
187.78286072859822
 10
1143.9682964576557
 20
187.58611877358138
 10
1144.0697958408093
 20
187.397340032934
 10
1144.1897496572635
 20
187.21652450665607
 10
1144.3281579070183
 20
187.04367219474761
 10
1144.4923518033029
 20
186.88535590906912
 10
1144.689662559346
 20
186.74814846148107
 10
1144.920090175148
 20
186.6320498519835
 10
1145.1836346507087
 20
186.5370600805764
 10
1145.4802959860278
 20
186.46317914725978
 10
1145.8100741811058
 20
186.4104070520336
 10
1146.1729692359427
 20
186.3787437948979
 10
1146.568981150538
 20
186.36818937585267
 10
1151.2609576171137
 20
186.36818937585267
 10
1151.2609576171137
 20
184.91205874829467
  0
LWPOLYLINE
  5
D8
330
17
100
AcDbEntity
  8
line engraving
 62
1
420
16711680
100
AcDbPolyline
 90
13
 70
0
 10
1151.2609576171137
 20
194.13421938949523
 10
1139.4015826171137
 20
194.13421938949523
 10
1139.4015826171137
 20
195.5903500170532
 10
1146.1645004206607
 20
195.5903500170532
 10
1142.6697869145216
 20
199.0365258356071
 10
1142.6697869145216
 20
200.92140603683492
 10
1145.8570950659541
 20
197.63702251023193
 10
1151.2609576171137
 20
201.25308023533424
 10
1151.2609576171137
 20
199.4571857946794
 10
1146.8682968906471
 20
196.61773107094135
 10
1147.8552298715476
 20
195.5903500170532
 10
1151.2609576171137
 20
195.5903500170532
 10
1151.2609576171137
 20
194.13421938949523
  0
LWPOLYLINE
  5
D9
330
17
100
AcDbEntity
  8
line engraving
 62
1
420
16711680
100
AcDbPolyline
 90
60
 70
0
 10
1151.2609576171137
 20
202.53123934174624
 10
1139.4015826171137
 20
202.53123934174624
 10
1139.4015826171137
 20
206.98052737039563
 10
1139.4072074272635
 20
207.31188556832473
 10
1139.4240818577132
 20
207.6264325359183
 10
1139.4522059084625
 20
207.92416827317638
 10
1139.4915795795114
 20
208.2050927800989
 10
1139.5422028708601
 20
208.46920605668592
 10
1139.6040757825085
 20
208.7165081029374
 10
1139.6771983144565
 20
208.94699891885338
 10
1139.7615704667044
 20
209.16067850443383
 10
1139.9658332352924
 20
209.54898000511596
 10
1140.2186336914656
 20
209.8927886255116
 10
1140.5199718352242
 20
210.19210436562074
 10
1140.869847666568
 20
210.44692722544337
 10
1141.2482899494594
 20
210.65043159266284
 10
1141.6353274478606
 20
210.7957918549625
 10
1142.0309601617719
 20
210.88300801234226
 10
1142.435188091193
 20
210.91208006480218
 10
1142.8098383672416
 20
210.8862944182725
 10
1143.173365423219
 20
210.8089374786835
 10
1143.5257692591242
 20
210.68000924603513
 10
1143.8670498749582
 20
210.4995097203274
 10
1144.1865896515612
 20
210.26693330064802
 10
1144.473770969774
 20
209.98177438608457
 10
1144.7285938295965
 20
209.6440329766371
 10
1144.951058231029
 20
209.25370907230558
 10
1145.0368839859
 20
209.51491514364662
 10
1145.1366137658604
 20
209.76057398693297
 10
1145.2502475709102
 20
209.9906856021647
 10
1145.3777854010496
 20
210.20524998934172
 10
1145.5192272562786
 20
210.40426714846413
 10
1145.674573136597
 20
210.58773707953188
 10
1145.843823042005
 20
210.75565978254497
 10
1146.0269769725026
 20
210.9080352575034
 10
1146.2213805232998
 20
211.0435995021263
 10
1146.4243792896068
 20
211.16108851413284
 10
1146.6359732714238
 20
211.260502293523
 10
1146.8561624687509
 20
211.34184084029673
 10
1147.0849468815877
 20
211.4051041544541
 10
1147.3223265099343
 20
211.45029223599508
 10
1147.568301353791
 20
211.47740508491964
 10
1147.8228714131574
 20
211.48644270122784
 10
1148.2321553517017
 20
211.46444906154076
 10
1148.6267768637883
 20
211.39846814247954
 10
1149.0067359494167
 20
211.28849994404416
 10
1149.372032608587
 20
211.13454446623464
 10
1149.7095212175784
 20
210.94823053003495
 10
1150.0060561526698
 20
210.74118695642906
 10
1150.2616374138609
 20
210.51341374541695
 10
1150.476265001152
 20
210.26491089699863
 10
1150.6585341300529
 20
209.98961120022594
 10
1150.8170400160734
 20
209.68144744415073
 10
1150.951782659214
 20
209.34041962877302
 10
1151.062762059474
 20
208.96652775409277
 10
1151.1494726159412
 20
208.5542102100742
 10
1151.2114087277037
 20
208.09790538668145
 10
1151.2485703947611
 20
207.59761328391457
 10
1151.2609576171137
 20
207.05333390177353
 10
1151.2609576171137
 20
202.53123934174624
  0
LWPOLYLINE
  5
DA
330
17
100
AcDbEntity
  8
line engraving
 62
1
420
16711680
100
AcDbPolyline
 90
32
 70
0
 10
1144.384785209201
 20
204.10062457366985
 10
1144.384785209201
 20
206.6650324010914
 10
1144.3761899936912
 20
207.1499036760317
 10
1144.3504043471614
 20
207.56095721776944
 10
1144.307428269612
 20
207.89819302630457
 10
1144.2472617610429
 20
208.1616111016371
 10
1144.1436135740119
 20
208.4424724084456
 10
1144.0106405340646
 20
208.6864248486528
 10
1143.8483426412013
 20
208.8934684222587
 10
1143.656719895422
 20
209.0636031292633
 10
1143.4372890994637
 20
209.19632336875426
 10
1143.1915670560631
 20
209.29112353981924
 10
1142.9195537652208
 20
209.34800364245822
 10
1142.6212492269365
 20
209.36696367667122
 10
1142.334826310092
 20
209.3492676447391
 10
1142.0660994251798
 20
209.2961795489427
 10
1141.8150685721998
 20
209.20769938928206
 10
1141.581733751152
 20
209.08382716575716
 10
1141.374942978002
 20
208.92709088292975
 10
1141.2035442687168
 20
208.74001854536152
 10
1141.0675376232955
 20
208.5226101530525
 10
1140.9669230417385
 20
208.2748657060027
 10
1140.9280549716018
 20
208.13165424758057
 10
1140.8943693108167
 20
207.9649323467343
 10
1140.8658660593833
 20
207.77470000346392
 10
1140.8425452173014
 20
207.56095721776944
 10
1140.824406784571
 20
207.32370398965082
 10
1140.811450761192
 20
207.0629403191081
 10
1140.8036771471648
 20
206.77866620614128
 10
1140.801085942489
 20
206.47088165075033
 10
1140.801085942489
 20
204.10062457366985
 10
1144.384785209201
 20
204.10062457366985
  0
LWPOLYLINE
  5
DB
330
17
100
AcDbEntity
  8
line engraving
 62
1
420
16711680
100
AcDbPolyline
 90
32
 70
0
 10
1149.8614542917385
 20
204.10062457366985
 10
1149.8614542917385
 20
207.05333390177353
 10
1149.857915085352
 20
207.4052321367667
 10
1149.8472974661927
 20
207.70050306957708
 10
1149.8296014342607
 20
207.93914670020465
 10
1149.8048269895557
 20
208.1211630286494
 10
1149.748199687373
 20
208.3810418975955
 10
1149.6753931559952
 20
208.61867432639835
 10
1149.5864073954222
 20
208.83406031505797
 10
1149.481242405654
 20
209.02719986357434
 10
1149.3550949780235
 20
209.20112657742155
 10
1149.2031619038635
 20
209.35887406207368
 10
1149.0254431831736
 20
209.5004423175307
 10
1148.8219388159541
 20
209.62583134379264
 10
1148.597199210416
 20
209.72846832899899
 10
1148.3557747747705
 20
209.80178046128924
 10
1148.0976655090176
 20
209.84576774066338
 10
1147.8228714131574
 20
209.86043016712142
 10
1147.5020676342735
 20
209.83919492880287
 10
1147.2030046946206
 20
209.7754892138472
 10
1146.9256825941984
 20
209.6693130222544
 10
1146.6701013330073
 20
209.52066635402454
 10
1146.4435921242762
 20
209.33435241782485
 10
1146.2534861812337
 20
209.11517442232264
 10
1146.0997835038804
 20
208.8631323675179
 10
1145.982484092216
 20
208.57822625341063
 10
1145.8957735357487
 20
208.2437712498934
 10
1145.833837423986
 20
207.84308252685878
 10
1145.7966757569288
 20
207.37616008430678
 10
1145.7842885345763
 20
206.8430039222374
 10
1145.7842885345763
 20
204.10062457366985
 10
1149.8614542917385
 20
204.10062457366985
  0
ENDSEC
  0
SECTION
  2
OBJECTS
  0
DICTIONARY
  5
A
330
0
100
AcDbDictionary
281
1
  3
ACAD_COLOR
350
B
  3
ACAD_GROUP
350
C
  3
ACAD_LAYOUT
350
D
  3
ACAD_MATERIAL
350
E
  3
ACAD_MLEADERSTYLE
350
F
  3
ACAD_MLINESTYLE
350
10
  3
ACAD_PLOTSETTINGS
350
11
  3
ACAD_PLOTSTYLENAME
350
12
  3
ACAD_SCALELIST
350
14
  3
ACAD_TABLESTYLE
350
15
  3
ACAD_VISUALSTYLE
350
16
  3
EZDXF_META
350
2D
  0
DICTIONARY
  5
B
330
A
100
AcDbDictionary
281
1
  0
DICTIONARY
  5
C
330
A
100
AcDbDictionary
281
1
  0
DICTIONARY
  5
D
330
A
100
AcDbDictionary
281
1
  3
Model
350
1A
  3
Layout1
350
1E
  0
DICTIONARY
  5
E
330
A
100
AcDbDictionary
281
1
  3
ByBlock
350
1F
  3
ByLayer
350
20
  3
Global
350
21
  0
DICTIONARY
  5
F
330
A
100
AcDbDictionary
281
1
  3
Standard
350
2C
  0
DICTIONARY
  5
10
330
A
100
AcDbDictionary
281
1
  3
Standard
350
22
  0
DICTIONARY
  5
11
330
A
100
AcDbDictionary
281
1
  0
ACDBDICTIONARYWDFLT
  5
12
330
A
100
AcDbDictionary
281
1
  3
Normal
350
13
100
AcDbDictionaryWithDefault
340
13
  0
ACDBPLACEHOLDER
  5
13
330
12
  0
DICTIONARY
  5
14
330
A
100
AcDbDictionary
281
1
  0
DICTIONARY
  5
15
330
A
100
AcDbDictionary
281
1
  0
DICTIONARY
  5
16
330
A
100
AcDbDictionary
281
1
  0
LAYOUT
  5
1A
330
D
100
AcDbPlotSettings
  1

  4
A3
  6

 40
7.5
 41
20.0
 42
7.5
 43
20.0
 44
420.0
 45
297.0
 46
0.0
 47
0.0
 48
0.0
 49
0.0
140
0.0
141
0.0
142
1.0
143
1.0
 70
1024
 72
1
 73
0
 74
5
  7

 75
16
 76
0
 77
2
 78
300
147
1.0
148
0.0
149
0.0
100
AcDbLayout
  1
Model
 70
1
 71
0
 10
0.0
 20
0.0
 11
420.0
 21
297.0
 12
0.0
 22
0.0
 32
0.0
 14
1e+20
 24
1e+20
 34
1e+20
 15
-1e+20
 25
-1e+20
 35
-1e+20
146
0.0
 13
0.0
 23
0.0
 33
0.0
 16
1.0
 26
0.0
 36
0.0
 17
0.0
 27
1.0
 37
0.0
 76
1
330
17
  0
LAYOUT
  5
1E
330
D
100
AcDbPlotSettings
  1

  4
A3
  6

 40
7.5
 41
20.0
 42
7.5
 43
20.0
 44
420.0
 45
297.0
 46
0.0
 47
0.0
 48
0.0
 49
0.0
140
0.0
141
0.0
142
1.0
143
1.0
 70
0
 72
1
 73
0
 74
5
  7

 75
16
 76
0
 77
2
 78
300
147
1.0
148
0.0
149
0.0
100
AcDbLayout
  1
Layout1
 70
1
 71
1
 10
0.0
 20
0.0
 11
420.0
 21
297.0
 12
0.0
 22
0.0
 32
0.0
 14
1e+20
 24
1e+20
 34
1e+20
 15
-1e+20
 25
-1e+20
 35
-1e+20
146
0.0
 13
0.0
 23
0.0
 33
0.0
 16
1.0
 26
0.0
 36
0.0
 17
0.0
 27
1.0
 37
0.0
 76
1
330
1B
  0
MATERIAL
  5
1F
102
{ACAD_REACTORS
330
E
102
}
330
E
100
AcDbMaterial
  1
ByBlock
  2

 70
0
 40
1.0
 71
1
 41
1.0
 91
-1023410177
 42
1.0
 72
1
  3

 73
1
 74
1
 75
1
 44
0.5
 73
0
 45
1.0
 46
1.0
 77
1
  4

 78
1
 79
1
170
1
 48
1.0
171
1
  6

172
1
173
1
174
1
140
1.0
141
1.0
175
1
  7

176
1
177
1
178
1
143
1.0
179
1
  8

270
1
271
1
272
1
145
1.0
146
1.0
273
1
  9

274
1
275
1
276
1
 42
1.0
 72
1
  3

 73
1
 74
1
 75
1
 94
63
  0
MATERIAL
  5
20
102
{ACAD_REACTORS
330
E
102
}
330
E
100
AcDbMaterial
  1
ByLayer
  2

 70
0
 40
1.0
 71
1
 41
1.0
 91
-1023410177
 42
1.0
 72
1
  3

 73
1
 74
1
 75
1
 44
0.5
 73
0
 45
1.0
 46
1.0
 77
1
  4

 78
1
 79
1
170
1
 48
1.0
171
1
  6

172
1
173
1
174
1
140
1.0
141
1.0
175
1
  7

176
1
177
1
178
1
143
1.0
179
1
  8

270
1
271
1
272
1
145
1.0
146
1.0
273
1
  9

274
1
275
1
276
1
 42
1.0
 72
1
  3

 73
1
 74
1
 75
1
 94
63
  0
MATERIAL
  5
21
102
{ACAD_REACTORS
330
E
102
}
330
E
100
AcDbMaterial
  1
Global
  2

 70
0
 40
1.0
 71
1
 41
1.0
 91
-1023410177
 42
1.0
 72
1
  3

 73
1
 74
1
 75
1
 44
0.5
 73
0
 45
1.0
 46
1.0
 77
1
  4

 78
1
 79
1
170
1
 48
1.0
171
1
  6

172
1
173
1
174
1
140
1.0
141
1.0
175
1
  7

176
1
177
1
178
1
143
1.0
179
1
  8

270
1
271
1
272
1
145
1.0
146
1.0
273
1
  9

274
1
275
1
276
1
 42
1.0
 72
1
  3

 73
1
 74
1
 75
1
 94
63
  0
MLINESTYLE
  5
22
102
{ACAD_REACTORS
330
10
102
}
330
10
100
AcDbMlineStyle
  2
Standard
 70
0
  3

 62
256
 51
90.0
 52
90.0
 71
2
 49
0.5
 62
256
  6
BYLAYER
 49
-0.5
 62
256
  6
BYLAYER
  0
MLEADERSTYLE
  5
2C
102
{ACAD_REACTORS
330
F
102
}
330
F
100
AcDbMLeaderStyle
179
2
170
2
171
1
172
0
 90
2
 40
0.0
 41
0.0
173
1
 91
-1056964608
 92
-2
290
1
 42
2.0
291
1
 43
8.0
  3
Standard
 44
4.0
300

342
29
174
1
175
1
176
0
178
1
 93
-1056964608
 45
4.0
292
0
297
0
 46
4.0
 94
-1056964608
 47
1.0
 49
1.0
140
1.0
294
1
141
0.0
177
0
142
1.0
295
0
296
0
143
3.75
271
0
272
9
273
9
  0
DICTIONARY
  5
2D
330
A
100
AcDbDictionary
280
1
281
1
  3
CREATED_BY_EZDXF
350
2E
  3
WRITTEN_BY_EZDXF
350
DE
  0
DICTIONARYVAR
  5
2E
330
2D
100
DictionaryVariables
280
0
  1
1.4.4 @ 2026-08-07T22:45:44.864406+00:00
  0
DICTIONARYVAR
  5
DE
330
2D
100
DictionaryVariables
280
0
  1
1.4.4 @ 2026-08-07T22:45:45.087178+00:00
  0
ENDSEC
  0
EOF
