  0
SECTION
  2
HEADER
  9
$ACADVER
  1
AC1018
  9
$ACADMAINTVER
 70
0
  9
$DWGCODEPAGE
  3
ANSI_1252
  9
$LASTSAVEDBY
  1
ezdxf
  9
$INSBASE
 10
0.0
 20
0.0
 30
0.0
  9
$EXTMIN
 10
1e+20
 20
1e+20
 30
1e+20
  9
$EXTMAX
 10
-1e+20
 20
-1e+20
 30
-1e+20
  9
$LIMMIN
 10
0.0
 20
0.0
  9
$LIMMAX
 10
420.0
 20
297.0
  9
$ORTHOMODE
 70
0
  9
$REGENMODE
 70
1
  9
$FILLMODE
 70
1
  9
$QTEXTMODE
 70
0
  9
$MIRRTEXT
 70
1
  9
$LTSCALE
 40
1.0
  9
$ATTMODE
 70
1
  9
$TEXTSIZE
 40
2.5
  9
$TRACEWID
 40
1.0
  9
$TEXTSTYLE
  7
Standard
  9
$CLAYER
  8
0
  9
$CELTYPE
  6
ByLayer
  9
$CECOLOR
 62
256
  9
$CELTSCALE
 40
1.0
  9
$DISPSILH
 70
0
  9
$DIMSCALE
 40
1.0
  9
$DIMASZ
 40
2.5
  9
$DIMEXO
 40
0.625
  9
$DIMDLI
 40
3.75
  9
$DIMRND
 40
0.0
  9
$DIMDLE
 40
0.0
  9
$DIMEXE
 40
1.25
  9
$DIMTP
 40
0.0
  9
$DIMTM
 40
0.0
  9
$DIMTXT
 40
2.5
  9
$DIMCEN
 40
2.5
  9
$DIMTSZ
 40
0.0
  9
$DIMTOL
 70
0
  9
$DIMLIM
 70
0
  9
$DIMTIH
 70
0
  9
$DIMTOH
 70
0
  9
$DIMSE1
 70
0
  9
$DIMSE2
 70
0
  9
$DIMTAD
 70
1
  9
$DIMZIN
 70
8
  9
$DIMBLK
  1

  9
$DIMASO
 70
1
  9
$DIMSHO
 70
1
  9
$DIMPOST
  1

  9
$DIMAPOST
  1

  9
$DIMALT
 70
0
  9
$DIMALTD
 70
3
  9
$DIMALTF
 40
0.03937007874
  9
$DIMLFAC
 40
1.0
  9
$DIMTOFL
 70
1
  9
$DIMTVP
 40
0.0
  9
$DIMTIX
 70
0
  9
$DIMSOXD
 70
0
  9
$DIMSAH
 70
0
  9
$DIMBLK1
  1

  9
$DIMBLK2
  1

  9
$DIMSTYLE
  2
ISO-25
  9
$DIMCLRD
 70
0
  9
$DIMCLRE
 70
0
  9
$DIMCLRT
 70
0
  9
$DIMTFAC
 40
1.0
  9
$DIMGAP
 40
0.625
  9
$DIMJUST
 70
0
  9
$DIMSD1
 70
0
  9
$DIMSD2
 70
0
  9
$DIMTOLJ
 70
0
  9
$DIMTZIN
 70
8
  9
$DIMALTZ
 70
0
  9
$DIMALTTZ
 70
0
  9
$DIMUPT
 70
0
  9
$DIMDEC
 70
2
  9
$DIMTDEC
 70
2
  9
$DIMALTU
 70
2
  9
$DIMALTTD
 70
3
  9
$DIMTXSTY
  7
Standard
  9
$DIMAUNIT
 70
0
  9
$DIMADEC
 70
0
  9
$DIMALTRND
 40
0.0
  9
$DIMAZIN
 70
0
  9
$DIMDSEP
 70
44
  9
$DIMATFIT
 70
3
  9
$DIMFRAC
 70
0
  9
$DIMLDRBLK
  1

  9
$DIMLUNIT
 70
2
  9
$DIMLWD
 70
-2
  9
$DIMLWE
 70
-2
  9
$DIMTMOVE
 70
0
  9
$LUNITS
 70
2
  9
$LUPREC
 70
4
  9
$SKETCHINC
 40
1.0
  9
$FILLETRAD
 40
10.0
  9
$AUNITS
 70
0
  9
$AUPREC
 70
2
  9
$MENU
  1
.
  9
$ELEVATION
 40
0.0
  9
$PELEVATION
 40
0.0
  9
$THICKNESS
 40
0.0
  9
$LIMCHECK
 70
0
  9
$CHAMFERA
 40
0.0
  9
$CHAMFERB
 40
0.0
  9
$CHAMFERC
 40
0.0
  9
$CHAMFERD
 40
0.0
  9
$SKPOLY
 70
0
  9
$TDCREATE
 40
2461260.990289352
  9
$TDUCREATE
 40
2458532.153996898
  9
$TDUPDATE
 40
2461260.990300926
  9
$TDUUPDATE
 40
2458532.1544311
  9
$TDINDWG
 40
0.0
  9
$TDUSRTIMER
 40
0.0
  9
$USRTIMER
 70
1
  9
$ANGBASE
 50
0.0
  9
$ANGDIR
 70
0
  9
$PDMODE
 70
0
  9
$PDSIZE
 40
0.0
  9
$PLINEWID
 40
0.0
  9
$SPLFRAME
 70
0
  9
$SPLINETYPE
 70
6
  9
$SPLINESEGS
 70
8
  9
$HANDSEED
  5
297
  9
$SURFTAB1
 70
6
  9
$SURFTAB2
 70
6
  9
$SURFTYPE
 70
6
  9
$SURFU
 70
6
  9
$SURFV
 70
6
  9
$UCSBASE
  2

  9
$UCSNAME
  2

  9
$UCSORG
 10
0.0
 20
0.0
 30
0.0
  9
$UCSXDIR
 10
1.0
 20
0.0
 30
0.0
  9
$UCSYDIR
 10
0.0
 20
1.0
 30
0.0
  9
$UCSORTHOREF
  2

  9
$UCSORTHOVIEW
 70
0
  9
$UCSORGTOP
 10
0.0
 20
0.0
 30
0.0
  9
$UCSORGBOTTOM
 10
0.0
 20
0.0
 30
0.0
  9
$UCSORGLEFT
 10
0.0
 20
0.0
 30
0.0
  9
$UCSORGRIGHT
 10
0.0
 20
0.0
 30
0.0
  9
$UCSORGFRONT
 10
0.0
 20
0.0
 30
0.0
  9
$UCSORGBACK
 10
0.0
 20
0.0
 30
0.0
  9
$PUCSBASE
  2

  9
$PUCSNAME
  2

  9
$PUCSORG
 10
0.0
 20
0.0
 30
0.0
  9
$PUCSXDIR
 10
1.0
 20
0.0
 30
0.0
  9
$PUCSYDIR
 10
0.0
 20
1.0
 30
0.0
  9
$PUCSORTHOREF
  2

  9
$PUCSORTHOVIEW
 70
0
  9
$PUCSORGTOP
 10
0.0
 20
0.0
 30
0.0
  9
$PUCSORGBOTTOM
 10
0.0
 20
0.0
 30
0.0
  9
$PUCSORGLEFT
 10
0.0
 20
0.0
 30
0.0
  9
$PUCSORGRIGHT
 10
0.0
 20
0.0
 30
0.0
  9
$PUCSORGFRONT
 10
0.0
 20
0.0
 30
0.0
  9
$PUCSORGBACK
 10
0.0
 20
0.0
 30
0.0
  9
$USERI1
 70
0
  9
$USERI2
 70
0
  9
$USERI3
 70
0
  9
$USERI4
 70
0
  9
$USERI5
 70
0
  9
$USERR1
 40
0.0
  9
$USERR2
 40
0.0
  9
$USERR3
 40
0.0
  9
$USERR4
 40
0.0
  9
$USERR5
 40
0.0
  9
$WORLDVIEW
 70
1
  9
$SHADEDGE
 70
3
  9
$SHADEDIF
 70
70
  9
$TILEMODE
 70
1
  9
$MAXACTVP
 70
64
  9
$PINSBASE
 10
0.0
 20
0.0
 30
0.0
  9
$PLIMCHECK
 70
0
  9
$PEXTMIN
 10
1e+20
 20
1e+20
 30
1e+20
  9
$PEXTMAX
 10
-1e+20
 20
-1e+20
 30
-1e+20
  9
$PLIMMIN
 10
0.0
 20
0.0
  9
$PLIMMAX
 10
420.0
 20
297.0
  9
$UNITMODE
 70
0
  9
$VISRETAIN
 70
1
  9
$PLINEGEN
 70
0
  9
$PSLTSCALE
 70
1
  9
$TREEDEPTH
 70
3020
  9
$CMLSTYLE
  2
Standard
  9
$CMLJUST
 70
0
  9
$CMLSCALE
 40
20.0
  9
$PROXYGRAPHICS
 70
1
  9
$MEASUREMENT
 70
1
  9
$CELWEIGHT
370
-1
  9
$ENDCAPS
280
0
  9
$JOINSTYLE
280
0
  9
$LWDISPLAY
290
0
  9
$INSUNITS
 70
4
  9
$HYPERLINKBASE
  1

  9
$STYLESHEET
  1

  9
$XEDIT
290
1
  9
$CEPSNTYPE
380
0
  9
$PSTYLEMODE
290
1
  9
$FINGERPRINTGUID
  2
{728C9345-41B7-41D4-AB69-487F87A8B85B}
  9
$VERSIONGUID
  2
{6CC3DA4F-2C64-439B-978A-B08EF595171B}
  9
$EXTNAMES
290
1
  9
$PSVPSCALE
 40
0.0
  9
$OLESTARTUP
290
0
  9
$SORTENTS
280
127
  9
$INDEXCTL
280
0
  9
$HIDETEXT
280
1
  9
$XCLIPFRAME
290
1
  9
$HALOGAP
280
0
  9
$OBSCOLOR
 70
257
  9
$OBSLTYPE
280
0
  9
$INTERSECTIONDISPLAY
280
0
  9
$INTERSECTIONCOLOR
 70
257
  9
$DIMASSOC
280
2
  9
$PROJECTNAME
  1

  0
ENDSEC
  0
SECTION
  2
CLASSES
  0
CLASS
  1
ACDBDICTIONARYWDFLT
  2
AcDbDictionaryWithDefault
  3
ObjectDBX Classes
 90
0
 91
0
280
0
281
0
  0
CLASS
  1
SUN
  2
AcDbSun
  3
SCENEOE
 90
1153
 91
0
280
0
281
0
  0
CLASS
  1
VISUALSTYLE
  2
AcDbVisualStyle
  3
ObjectDBX Classes
 90
4095
 91
0
280
0
281
0
  0
CLASS
  1
MATERIAL
  2
AcDbMaterial
  3
ObjectDBX Classes
 90
1153
 91
0
280
0
281
0
  0
CLASS
  1
SCALE
  2
AcDbScale
  3
ObjectDBX Classes
 90
1153
 91
0
280
0
281
0
  0
CLASS
  1
TABLESTYLE
  2
AcDbTableStyle
  3
ObjectDBX Classes
 90
4095
 91
0
280
0
281
0
  0
CLASS
  1
MLEADERSTYLE
  2
AcDbMLeaderStyle
  3
ACDB_MLEADERSTYLE_CLASS
 90
4095
 91
0
280
0
281
0
  0
CLASS
  1
DICTIONARYVAR
  2
AcDbDictionaryVar
  3
ObjectDBX Classes
 90
0
 91
0
280
0
281
0
  0
CLASS
  1
CELLSTYLEMAP
  2
AcDbCellStyleMap
  3
ObjectDBX Classes
 90
1152
 91
0
280
0
281
0
  0
CLASS
  1
MENTALRAYRENDERSETTINGS
  2
AcDbMentalRayRenderSettings
  3
SCENEOE
 90
1024
 91
0
280
0
281
0
  0
CLASS
  1
ACDBDETAILVIEWSTYLE
  2
AcDbDetailViewStyle
  3
ObjectDBX Classes
 90
1025
 91
0
280
0
281
0
  0
CLASS
  1
ACDBSECTIONVIEWSTYLE
  2
AcDbSectionViewStyle
  3
ObjectDBX Classes
 90
1025
 91
0
280
0
281
0
  0
CLASS
  1
RASTERVARIABLES
  2
AcDbRasterVariables
  3
ISM
 90
0
 91
0
280
0
281
0
  0
CLASS
  1
LAYOUT
  2
AcDbLayout
  3
ObjectDBX Classes
 90
0
 91
0
280
0
281
0
  0
CLASS
  1
ACDBPLACEHOLDER
  2
AcDbPlaceHolder
  3
ObjectDBX Classes
 90
0
 91
0
280
0
281
0
  0
ENDSEC
  0
SECTION
  2
TABLES
  0
TABLE
  2
VPORT
  5
8
330
0
100
AcDbSymbolTable
 70
1
  0
VPORT
  5
23
330
8
100
AcDbSymbolTableRecord
100
AcDbViewportTableRecord
  2
*Active
 70
0
 10
0.0
 20
0.0
 11
1.0
 21
1.0
 12
0.0
 22
0.0
 13
0.0
 23
0.0
 14
0.5
 24
0.5
 15
0.5
 25
0.5
 16
0.0
 26
0.0
 36
1.0
 17
0.0
 27
0.0
 37
0.0
 40
1000.0
 41
1.34
 42
50.0
 43
0.0
 44
0.0
 50
0.0
 51
0.0
 71
0
 72
1000
 73
1
 74
3
 75
0
 76
0
 77
0
 78
0
281
0
 65
0
146
0.0
  0
ENDTAB
  0
TABLE
  2
LTYPE
  5
2
330
0
100
AcDbSymbolTable
 70
3
  0
LTYPE
  5
24
330
2
100
AcDbSymbolTableRecord
100
AcDbLinetypeTableRecord
  2
ByBlock
 70
0
  3

 72
65
 73
0
 40
0.0
  0
LTYPE
  5
25
330
2
100
AcDbSymbolTableRecord
100
AcDbLinetypeTableRecord
  2
ByLayer
 70
0
  3

 72
65
 73
0
 40
0.0
  0
LTYPE
  5
26
330
2
100
AcDbSymbolTableRecord
100
AcDbLinetypeTableRecord
  2
Continuous
 70
0
  3

 72
65
 73
0
 40
0.0
  0
ENDTAB
  0
TABLE
  2
LAYER
  5
1
330
0
100
AcDbSymbolTable
 70
4
  0
LAYER
  5
27
330
1
100
AcDbSymbolTableRecord
100
AcDbLayerTableRecord
  2
0
 70
0
 62
7
  6
Continuous
370
-3
390
13
  0
LAYER
  5
28
330
1
100
AcDbSymbolTableRecord
100
AcDbLayerTableRecord
  2
Defpoints
 70
0
 62
7
  6
Continuous
290
0
370
-3
390
13
  0
LAYER
  5
2F
330
1
100
AcDbSymbolTableRecord
100
AcDbLayerTableRecord
  2
cut
 70
0
 62
5
420
255
  6
Continuous
370
-3
390
13
  0
LAYER
  5
30
330
1
100
AcDbSymbolTableRecord
100
AcDbLayerTableRecord
  2
line engraving
 70
0
 62
1
420
16711680
  6
Continuous
370
-3
390
13
  0
ENDTAB
  0
TABLE
  2
STYLE
  5
5
330
0
100
AcDbSymbolTable
 70
1
  0
STYLE
  5
29
330
5
100
AcDbSymbolTableRecord
100
AcDbTextStyleTableRecord
  2
Standard
 70
0
 40
0.0
 41
1.0
 50
0.0
 71
0
 42
2.5
  3
txt
  4

  0
ENDTAB
  0
TABLE
  2
VIEW
  5
7
330
0
100
AcDbSymbolTable
 70
0
  0
ENDTAB
  0
TABLE
  2
UCS
  5
6
330
0
100
AcDbSymbolTable
 70
0
  0
ENDTAB
  0
TABLE
  2
APPID
  5
3
330
0
100
AcDbSymbolTable
 70
3
  0
APPID
  5
2A
330
3
100
AcDbSymbolTableRecord
100
AcDbRegAppTableRecord
  2
ACAD
 70
0
  0
APPID
  5
294
330
3
100
AcDbSymbolTableRecord
100
AcDbRegAppTableRecord
  2
HATCHBACKGROUNDCOLOR
 70
0
  0
APPID
  5
295
330
3
100
AcDbSymbolTableRecord
100
AcDbRegAppTableRecord
  2
EZDXF
 70
0
  0
ENDTAB
  0
TABLE
  2
DIMSTYLE
  5
4
330
0
100
AcDbSymbolTable
 70
1
100
AcDbDimStyleTable
  0
DIMSTYLE
105
2B
330
4
100
AcDbSymbolTableRecord
100
AcDbDimStyleTableRecord
  2
Standard
 70
0
  3

  4

 40
1.0
 41
2.5
 42
0.625
 43
3.75
 44
1.25
 45
0.0
 46
0.0
 47
0.0
 48
0.0
140
2.5
141
2.5
142
0.0
143
0.03937007874
144
1.0
145
0.0
146
1.0
147
0.625
148
0.0
 71
0
 72
0
 73
0
 74
0
 75
0
 76
0
 77
1
 78
8
 79
3
170
0
171
3
172
1
173
0
174
0
175
0
176
0
177
0
178
0
179
2
271
2
272
2
273
2
274
3
275
0
276
0
277
2
278
44
279
0
280
0
281
0
282
0
283
0
284
8
285
0
286
0
288
0
289
3
371
-2
372
-2
  0
ENDTAB
  0
TABLE
  2
BLOCK_RECORD
  5
9
330
0
100
AcDbSymbolTable
 70
2
  0
BLOCK_RECORD
  5
17
330
9
100
AcDbSymbolTableRecord
100
AcDbBlockTableRecord
  2
*Model_Space
340
1A
  0
BLOCK_RECORD
  5
1B
330
9
100
AcDbSymbolTableRecord
100
AcDbBlockTableRecord
  2
*Paper_Space
340
1E
  0
ENDTAB
  0
ENDSEC
  0
SECTION
  2
BLOCKS
  0
BLOCK
  5
18
330
17
100
AcDbEntity
  8
0
100
AcDbBlockBegin
  2
*Model_Space
 70
0
 10
0.0
 20
0.0
 30
0.0
  3
*Model_Space
  1

  0
ENDBLK
  5
19
330
17
100
AcDbEntity
  8
0
100
AcDbBlockEnd
  0
BLOCK
  5
1C
330
1B
100
AcDbEntity
  8
0
100
AcDbBlockBegin
  2
*Paper_Space
 70
0
 10
0.0
 20
0.0
 30
0.0
  3
*Paper_Space
  1

  0
ENDBLK
  5
1D
330
1B
100
AcDbEntity
  8
0
100
AcDbBlockEnd
  0
ENDSEC
  0
SECTION
  2
ENTITIES
  0
LWPOLYLINE
  5
31
330
17
100
AcDbEntity
  8
cut
 62
5
420
255
100
AcDbPolyline
 90
4
 70
1
 10
297.0
 20
18.0
 42
0.9999999999999999
 10
297.0
 20
78.0
 10
47.99999999999997
 20
78.00000000000006
 42
0.9999999999999999
 10
48.0
 20
18.000000000000057
  0
CIRCLE
  5
32
330
17
100
AcDbEntity
  8
cut
 62
5
420
255
100
AcDbCircle
 10
297.0
 20
48.0
 30
-2.7755575615628914e-16
 40
10.9
  0
CIRCLE
  5
33
330
17
100
AcDbEntity
  8
cut
 62
5
420
255
100
AcDbCircle
 10
48.0
 20
48.00000000000006
 30
-2.7755575615628914e-16
 40
10.9
  0
LWPOLYLINE
  5
34
330
17
100
AcDbEntity
  8
line engraving
 62
1
420
16711680
100
AcDbPolyline
 90
7
 70
0
 10
172.13855729877216
 20
42.07031250000003
 10
172.13855729877216
 20
53.92968750000003
 10
173.70794253069576
 20
53.92968750000003
 10
173.70794253069576
 20
43.4698158253752
 10
179.5486442701228
 20
43.4698158253752
 10
179.5486442701228
 20
42.07031250000003
 10
172.13855729877216
 20
42.07031250000003
  0
LWPOLYLINE
  5
35
330
17
100
AcDbEntity
  8
line engraving
 62
1
420
16711680
100
AcDbPolyline
 90
5
 70
0
 10
181.23937372100954
 20
52.255137278308354
 10
181.23937372100954
 20
53.92968750000003
 10
182.69550434856754
 20
53.92968750000003
 10
182.69550434856754
 20
52.255137278308354
 10
181.23937372100954
 20
52.255137278308354
  0
LWPOLYLINE
  5
36
330
17
100
AcDbEntity
  8
line engraving
 62
1
420
16711680
100
AcDbPolyline
 90
5
 70
0
 10
181.23937372100954
 20
42.07031250000003
 10
181.23937372100954
 20
50.661483202592116
 10
182.69550434856754
 20
50.661483202592116
 10
182.69550434856754
 20
42.07031250000003
 10
181.23937372100954
 20
42.07031250000003
  0
LWPOLYLINE
  5
37
330
17
100
AcDbEntity
  8
line engraving
 62
1
420
16711680
100
AcDbPolyline
 90
61
 70
0
 10
184.91205874829467
 20
42.07031250000003
 10
184.91205874829467
 20
50.661483202592116
 10
186.22257631309685
 20
50.661483202592116
 10
186.22257631309685
 20
49.43995139836292
 10
186.47234316379604
 20
49.77175199709033
 10
186.74840126193723
 20
50.05931251598741
 10
187.05075060752046
 20
50.30263295505417
 10
187.37939120054568
 20
50.50171331429062
 10
187.73432304101297
 20
50.65655359369674
 10
188.11554612892223
 20
50.76715379327254
 10
188.52306046427353
 20
50.833513913018024
 10
188.95686604706685
 20
50.85563395293318
 10
189.33733073360762
 20
50.838190721457224
 10
189.70212179186564
 20
50.78586102702936
 10
190.0512392218409
 20
50.698644869649584
 10
190.38468302353343
 20
50.5765422493179
 10
190.68981317413454
 20
50.42612597789481
 10
190.9539896508356
 20
50.253968867240815
 10
191.1772124536366
 20
50.06007091735593
 10
191.3594815825375
 20
49.844432128240136
 10
191.50913945259208
 20
49.607305300349616
 10
191.634528478854
 20
49.34894323414055
 10
191.73564866132332
 20
49.06934592961292
 10
191.8125
 20
48.76851338676674
 10
191.84789206386426
 20
48.52835295340214
 10
191.87317210948157
 20
48.21235238318557
 10
191.88834013685198
 20
47.820511676117015
 10
191.89339614597543
 20
47.35283083219648
 10
191.89339614597543
 20
42.07031250000003
 10
190.43726551841746
 20
42.07031250000003
 10
190.43726551841746
 20
47.29620353001367
 10
190.42664789925817
 20
47.71307148224338
 10
190.39479504178036
 20
48.073817733202624
 10
190.34170694598396
 20
48.3784422828914
 10
190.26738361186904
 20
48.62694513130972
 10
190.16601062894355
 20
48.83626390902118
 10
190.03177358671556
 20
49.02333624658939
 10
189.86467248518503
 20
49.18816214401435
 10
189.66470732435198
 20
49.33074160129607
 10
189.43895651698926
 20
49.44576580885491
 10
189.1944984758697
 20
49.527925957111215
 10
188.93133320099335
 20
49.577222046065
 10
188.64946069236015
 20
49.593654075716266
 10
188.4208658798655
 20
49.58442685906594
 10
188.20023428174028
 20
49.55674520911497
 10
187.98756589798452
 20
49.51060912586335
 10
187.78286072859822
 20
49.44601860931108
 10
187.58611877358138
 20
49.36297365945816
 10
187.397340032934
 20
49.2614742763046
 10
187.21652450665607
 20
49.14152045985038
 10
187.04367219474761
 20
49.00311221009552
 10
186.88535590906912
 20
48.83891831381099
 10
186.74814846148107
 20
48.64160755776776
 10
186.6320498519835
 20
48.411179941965834
 10
186.5370600805764
 20
48.14763546640521
 10
186.46317914725978
 20
47.85097413108589
 10
186.4104070520336
 20
47.52119593600787
 10
186.3787437948979
 20
47.15830088117116
 10
186.36818937585267
 20
46.762288966575746
 10
186.36818937585267
 20
42.07031250000003
 10
184.91205874829467
 20
42.07031250000003
  0
LWPOLYLINE
  5
38
330
17
100
AcDbEntity
  8
line engraving
 62
1
420
16711680
100
AcDbPolyline
 90
13
 70
0
 10
194.13421938949523
 20
42.07031250000003
 10
194.13421938949523
 20
53.92968750000003
 10
195.5903500170532
 20
53.92968750000003
 10
195.5903500170532
 20
47.16676969645296
 10
199.0365258356071
 20
50.661483202592116
 10
200.92140603683492
 20
50.661483202592116
 10
197.63702251023193
 20
47.47417505115965
 10
201.25308023533424
 20
42.07031250000003
 10
199.4571857946794
 20
42.07031250000003
 10
196.61773107094135
 20
46.4629732264666
 10
195.5903500170532
 20
45.476040245566196
 10
195.5903500170532
 20
42.07031250000003
 10
194.13421938949523
 20
42.07031250000003
  0
LWPOLYLINE
  5
39
330
17
100
AcDbEntity
  8
line engraving
 62
1
420
16711680
100
AcDbPolyline
 90
60
 70
0
 10
202.53123934174624
 20
42.07031250000003
 10
202.53123934174624
 20
53.92968750000003
 10
206.98052737039563
 20
53.92968750000003
 10
207.31188556832473
 20
53.924062689850174
 10
207.6264325359183
 20
53.907188259400606
 10
207.92416827317638
 20
53.879064208651336
 10
208.2050927800989
 20
53.83969053760235
 10
208.46920605668592
 20
53.78906724625365
 10
208.7165081029374
 20
53.727194334605244
 10
208.94699891885338
 20
53.65407180265713
 10
209.16067850443383
 20
53.569699650409305
 10
209.54898000511596
 20
53.36543688182131
 10
209.8927886255116
 20
53.11263642564805
 10
210.19210436562074
 20
52.81129828188953
 10
210.44692722544337
 20
52.46142245054573
 10
210.65043159266284
 20
52.08298016765436
 10
210.7957918549625
 20
51.6959426692531
 10
210.88300801234226
 20
51.30030995534195
 10
210.91208006480218
 20
50.896082025920904
 10
210.8862944182725
 20
50.52143174987213
 10
210.8089374786835
 20
50.157904693894984
 10
210.68000924603513
 20
49.80550085798946
 10
210.4995097203274
 20
49.464220242155555
 10
210.26693330064802
 20
49.144680465552554
 10
209.98177438608457
 20
48.85749914733973
 10
209.6440329766371
 20
48.60267628751708
 10
209.25370907230558
 20
48.38021188608461
 10
209.51491514364662
 20
48.29438613121379
 10
209.76057398693297
 20
48.194656351253435
 10
209.9906856021647
 20
48.081022546203556
 10
210.20524998934172
 20
47.953484716064146
 10
210.40426714846413
 20
47.812042860835206
 10
210.58773707953188
 20
47.65669698051674
 10
210.75565978254497
 20
47.48744707510874
 10
210.9080352575034
 20
47.304293144611215
 10
211.0435995021263
 20
47.109889593813975
 10
211.16108851413284
 20
46.90689082750685
 10
211.260502293523
 20
46.69529684568983
 10
211.34184084029673
 20
46.47510764836292
 10
211.4051041544541
 20
46.24632323552612
 10
211.45029223599508
 20
46.008943607179425
 10
211.47740508491964
 20
45.762968763322846
 10
211.48644270122784
 20
45.508398703956374
 10
211.46444906154076
 20
45.09911476541186
 10
211.39846814247954
 20
44.7044932533254
 10
211.28849994404416
 20
44.324534167696996
 10
211.13454446623464
 20
43.959237508526634
 10
210.94823053003495
 20
43.621748899535326
 10
210.74118695642906
 20
43.325213964444096
 10
210.51341374541695
 20
43.06963270325293
 10
210.26491089699863
 20
42.85500511596183
 10
209.98961120022594
 20
42.67273598706091
 10
209.68144744415073
 20
42.51423010104027
 10
209.34041962877302
 20
42.37948745789993
 10
208.96652775409277
 20
42.26850805763986
 10
208.5542102100742
 20
42.18179750117243
 10
208.09790538668145
 20
42.11986138940999
 10
207.59761328391457
 20
42.082699722352515
 10
207.05333390177353
 20
42.07031250000003
 10
202.53123934174624
 20
42.07031250000003
  0
LWPOLYLINE
  5
3A
330
17
100
AcDbEntity
  8
line engraving
 62
1
420
16711680
100
AcDbPolyline
 90
32
 70
0
 10
204.10062457366985
 20
48.94648490791272
 10
206.6650324010914
 20
48.94648490791272
 10
207.1499036760317
 20
48.95508012342261
 10
207.56095721776944
 20
48.98086576995228
 10
207.89819302630457
 20
49.023841847501735
 10
208.1616111016371
 20
49.08400835607097
 10
208.4424724084456
 20
49.18765654310201
 10
208.6864248486528
 20
49.32062958304914
 10
208.8934684222587
 20
49.482927475912376
 10
209.0636031292633
 20
49.6745502216917
 10
209.19632336875426
 20
49.8939810176501
 10
209.29112353981924
 20
50.139703061050504
 10
209.34800364245822
 20
50.411716351892935
 10
209.36696367667122
 20
50.71002089017738
 10
209.3492676447391
 20
50.996443807021684
 10
209.2961795489427
 20
51.26517069193386
 10
209.20769938928206
 20
51.51620154491391
 10
209.08382716575716
 20
51.74953636596183
 10
208.92709088292975
 20
51.95632713911156
 10
208.74001854536152
 20
52.12772584839703
 10
208.5226101530525
 20
52.263732493818246
 10
208.2748657060027
 20
52.3643470753752
 10
208.13165424758057
 20
52.40321514551184
 10
207.9649323467343
 20
52.436900806296926
 10
207.77470000346392
 20
52.46540405773046
 10
207.56095721776944
 20
52.48872489981244
 10
207.32370398965082
 20
52.50686333254287
 10
207.0629403191081
 20
52.519819355921754
 10
206.77866620614128
 20
52.52759296994908
 10
206.47088165075033
 20
52.53018417462486
 10
204.10062457366985
 20
52.53018417462486
 10
204.10062457366985
 20
48.94648490791272
  0
LWPOLYLINE
  5
3B
330
17
100
AcDbEntity
  8
line engraving
 62
1
420
16711680
100
AcDbPolyline
 90
32
 70
0
 10
204.10062457366985
 20
43.4698158253752
 10
207.05333390177353
 20
43.4698158253752
 10
207.4052321367667
 20
43.47335503176163
 10
207.70050306957708
 20
43.483972650920904
 10
207.93914670020465
 20
43.50166868285303
 10
208.1211630286494
 20
43.52644312755801
 10
208.3810418975955
 20
43.58307042974082
 10
208.61867432639835
 20
43.65587696111872
 10
208.83406031505797
 20
43.7448627216917
 10
209.02719986357434
 20
43.85002771145978
 10
209.20112657742155
 20
43.97617513909024
 10
209.35887406207368
 20
44.12810821325037
 10
209.5004423175307
 20
44.305826933940175
 10
209.62583134379264
 20
44.50933130115965
 10
209.72846832899899
 20
44.734070906697674
 10
209.80178046128924
 20
44.97549534234314
 10
209.84576774066338
 20
45.23360460809604
 10
209.86043016712142
 20
45.508398703956374
 10
209.83919492880287
 20
45.829202482840245
 10
209.7754892138472
 20
46.12826542249321
 10
209.6693130222544
 20
46.405587522915276
 10
209.52066635402454
 20
46.661168784106444
 10
209.33435241782485
 20
46.88767799283768
 10
209.11517442232264
 20
47.07778393587997
 10
208.8631323675179
 20
47.231486613233315
 10
208.57822625341063
 20
47.348786024897706
 10
208.2437712498934
 20
47.435496581365136
 10
207.84308252685878
 20
47.497432693127585
 10
207.37616008430678
 20
47.53459436018506
 10
206.8430039222374
 20
47.54698158253755
 10
204.10062457366985
 20
47.54698158253755
 10
204.10062457366985
 20
43.4698158253752
  0
LWPOLYLINE
  5
3C
330
17
100
AcDbEntity
  8
cut
 62
5
420
255
100
AcDbPolyline
 90
4
 70
1
 10
612.0000000000001
 20
18.0
 42
0.9999999999999999
 10
612.0000000000001
 20
78.0
 10
363.0
 20
78.00000000000006
 42
0.9999999999999999
 10
363.00000000000006
 20
18.000000000000057
  0
CIRCLE
  5
3D
330
17
100
AcDbEntity
  8
cut
 62
5
420
255
100
AcDbCircle
 10
612.0000000000001
 20
48.0
 30
-2.7755575615628914e-16
 40
10.9
  0
CIRCLE
  5
3E
330
17
100
AcDbEntity
  8
cut
 62
5
420
255
100
AcDbCircle
 10
363.00000000000006
 20
48.00000000000006
 30
-2.7755575615628914e-16
 40
10.9
  0
LWPOLYLINE
  5
3F
330
17
100
AcDbEntity
  8
line engraving
 62
1
420
16711680
100
AcDbPolyline
 90
7
 70
0
 10
487.13855729877224
 20
42.07031250000003
 10
487.13855729877224
 20
53.92968750000003
 10
488.70794253069585
 20
53.92968750000003
 10
488.70794253069585
 20
43.4698158253752
 10
494.54864427012285
 20
43.4698158253752
 10
494.54864427012285
 20
42.07031250000003
 10
487.13855729877224
 20
42.07031250000003
  0
LWPOLYLINE
  5
40
330
17
100
AcDbEntity
  8
line engraving
 62
1
420
16711680
100
AcDbPolyline
 90
5
 70
0
 10
496.2393737210096
 20
52.255137278308354
 10
496.2393737210096
 20
53.92968750000003
 10
497.69550434856757
 20
53.92968750000003
 10
497.69550434856757
 20
52.255137278308354
 10
496.2393737210096
 20
52.255137278308354
  0
LWPOLYLINE
  5
41
330
17
100
AcDbEntity
  8
line engraving
 62
1
420
16711680
100
AcDbPolyline
 90
5
 70
0
 10
496.2393737210096
 20
42.07031250000003
 10
496.2393737210096
 20
50.661483202592116
 10
497.69550434856757
 20
50.661483202592116
 10
497.69550434856757
 20
42.07031250000003
 10
496.2393737210096
 20
42.07031250000003
  0
LWPOLYLINE
  5
42
330
17
100
AcDbEntity
  8
line engraving
 62
1
420
16711680
100
AcDbPolyline
 90
61
 70
0
 10
499.9120587482947
 20
42.07031250000003
 10
499.9120587482947
 20
50.661483202592116
 10
501.2225763130969
 20
50.661483202592116
 10
501.2225763130969
 20
49.43995139836292
 10
501.4723431637961
 20
49.77175199709033
 10
501.7484012619373
 20
50.05931251598741
 10
502.0507506075205
 20
50.30263295505417
 10
502.37939120054574
 20
50.50171331429062
 10
502.734323041013
 20
50.65655359369674
 10
503.1155461289223
 20
50.76715379327254
 10
503.5230604642736
 20
50.833513913018024
 10
503.9568660470669
 20
50.85563395293318
 10
504.33733073360764
 20
50.838190721457224
 10
504.7021217918657
 20
50.78586102702936
 10
505.05123922184094
 20
50.698644869649584
 10
505.38468302353346
 20
50.5765422493179
 10
505.6898131741346
 20
50.42612597789481
 10
505.95398965083564
 20
50.253968867240815
 10
506.1772124536366
 20
50.06007091735593
 10
506.35948158253757
 20
49.844432128240136
 10
506.50913945259214
 20
49.607305300349616
 10
506.63452847885407
 20
49.34894323414055
 10
506.7356486613234
 20
49.06934592961292
 10
506.81250000000006
 20
48.76851338676674
 10
506.8478920638643
 20
48.52835295340214
 10
506.87317210948163
 20
48.21235238318557
 10
506.88834013685204
 20
47.820511676117015
 10
506.8933961459755
 20
47.35283083219648
 10
506.8933961459755
 20
42.07031250000003
 10
505.4372655184175
 20
42.07031250000003
 10
505.4372655184175
 20
47.29620353001367
 10
505.4266478992582
 20
47.71307148224338
 10
505.3947950417804
 20
48.073817733202624
 10
505.341706945984
 20
48.3784422828914
 10
505.2673836118691
 20
48.62694513130972
 10
505.16601062894364
 20
48.83626390902118
 10
505.03177358671564
 20
49.02333624658939
 10
504.8646724851851
 20
49.18816214401435
 10
504.66470732435204
 20
49.33074160129607
 10
504.4389565169893
 20
49.44576580885491
 10
504.19449847586975
 20
49.527925957111215
 10
503.9313332009934
 20
49.577222046065
 10
503.6494606923602
 20
49.593654075716266
 10
503.4208658798656
 20
49.58442685906594
 10
503.20023428174034
 20
49.55674520911497
 10
502.9875658979846
 20
49.51060912586335
 10
502.7828607285983
 20
49.44601860931108
 10
502.58611877358146
 20
49.36297365945816
 10
502.3973400329341
 20
49.2614742763046
 10
502.2165245066561
 20
49.14152045985038
 10
502.04367219474767
 20
49.00311221009552
 10
501.8853559090692
 20
48.83891831381099
 10
501.7481484614811
 20
48.64160755776776
 10
501.63204985198354
 20
48.411179941965834
 10
501.53706008057645
 20
48.14763546640521
 10
501.4631791472598
 20
47.85097413108589
 10
501.41040705203363
 20
47.52119593600787
 10
501.3787437948979
 20
47.15830088117116
 10
501.3681893758527
 20
46.762288966575746
 10
501.3681893758527
 20
42.07031250000003
 10
499.9120587482947
 20
42.07031250000003
  0
LWPOLYLINE
  5
43
330
17
100
AcDbEntity
  8
line engraving
 62
1
420
16711680
100
AcDbPolyline
 90
13
 70
0
 10
509.1342193894953
 20
42.07031250000003
 10
509.1342193894953
 20
53.92968750000003
 10
510.59035001705325
 20
53.92968750000003
 10
510.59035001705325
 20
47.16676969645296
 10
514.0365258356071
 20
50.661483202592116
 10
515.9214060368349
 20
50.661483202592116
 10
512.637022510232
 20
47.47417505115965
 10
516.2530802353343
 20
42.07031250000003
 10
514.4571857946795
 20
42.07031250000003
 10
511.6177310709414
 20
46.4629732264666
 10
510.59035001705325
 20
45.476040245566196
 10
510.59035001705325
 20
42.07031250000003
 10
509.1342193894953
 20
42.07031250000003
  0
LWPOLYLINE
  5
44
330
17
100
AcDbEntity
  8
line engraving
 62
1
420
16711680
100
AcDbPolyline
 90
60
 70
0
 10
517.5312393417463
 20
42.07031250000003
 10
517.5312393417463
 20
53.92968750000003
 10
521.9805273703956
 20
53.92968750000003
 10
522.3118855683248
 20
53.924062689850174
 10
522.6264325359183
 20
53.907188259400606
 10
522.9241682731764
 20
53.879064208651336
 10
523.205092780099
 20
53.83969053760235
 10
523.469206056686
 20
53.78906724625365
 10
523.7165081029375
 20
53.727194334605244
 10
523.9469989188534
 20
53.65407180265713
 10
524.1606785044339
 20
53.569699650409305
 10
524.548980005116
 20
53.36543688182131
 10
524.8927886255117
 20
53.11263642564805
 10
525.1921043656208
 20
52.81129828188953
 10
525.4469272254435
 20
52.46142245054573
 10
525.6504315926629
 20
52.08298016765436
 10
525.7957918549625
 20
51.6959426692531
 10
525.8830080123423
 20
51.30030995534195
 10
525.9120800648022
 20
50.896082025920904
 10
525.8862944182725
 20
50.52143174987213
 10
525.8089374786836
 20
50.157904693894984
 10
525.6800092460352
 20
49.80550085798946
 10
525.4995097203275
 20
49.464220242155555
 10
525.2669333006481
 20
49.144680465552554
 10
524.9817743860847
 20
48.85749914733973
 10
524.6440329766372
 20
48.60267628751708
 10
524.2537090723057
 20
48.38021188608461
 10
524.5149151436467
 20
48.29438613121379
 10
524.7605739869331
 20
48.194656351253435
 10
524.9906856021648
 20
48.081022546203556
 10
525.2052499893418
 20
47.953484716064146
 10
525.4042671484642
 20
47.812042860835206
 10
525.587737079532
 20
47.65669698051674
 10
525.7556597825451
 20
47.48744707510874
 10
525.9080352575035
 20
47.304293144611215
 10
526.0435995021264
 20
47.109889593813975
 10
526.1610885141329
 20
46.90689082750685
 10
526.260502293523
 20
46.69529684568983
 10
526.3418408402968
 20
46.47510764836292
 10
526.4051041544542
 20
46.24632323552612
 10
526.4502922359951
 20
46.008943607179425
 10
526.4774050849197
 20
45.762968763322846
 10
526.4864427012279
 20
45.508398703956374
 10
526.4644490615409
 20
45.09911476541186
 10
526.3984681424796
 20
44.7044932533254
 10
526.2884999440442
 20
44.324534167696996
 10
526.1345444662347
 20
43.959237508526634
 10
525.9482305300351
 20
43.621748899535326
 10
525.7411869564291
 20
43.325213964444096
 10
525.513413745417
 20
43.06963270325293
 10
525.2649108969987
 20
42.85500511596183
 10
524.989611200226
 20
42.67273598706091
 10
524.6814474441508
 20
42.51423010104027
 10
524.340419628773
 20
42.37948745789993
 10
523.9665277540928
 20
42.26850805763986
 10
523.5542102100742
 20
42.18179750117243
 10
523.0979053866815
 20
42.11986138940999
 10
522.5976132839146
 20
42.082699722352515
 10
522.0533339017736
 20
42.07031250000003
 10
517.5312393417463
 20
42.07031250000003
  0
LWPOLYLINE
  5
45
330
17
100
AcDbEntity
  8
line engraving
 62
1
420
16711680
100
AcDbPolyline
 90
32
 70
0
 10
519.10062457367
 20
48.94648490791272
 10
521.6650324010915
 20
48.94648490791272
 10
522.1499036760318
 20
48.95508012342261
 10
522.5609572177696
 20
48.98086576995228
 10
522.8981930263046
 20
49.023841847501735
 10
523.1616111016372
 20
49.08400835607097
 10
523.4424724084456
 20
49.18765654310201
 10
523.6864248486529
 20
49.32062958304914
 10
523.8934684222587
 20
49.482927475912376
 10
524.0636031292634
 20
49.6745502216917
 10
524.1963233687543
 20
49.8939810176501
 10
524.2911235398193
 20
50.139703061050504
 10
524.3480036424583
 20
50.411716351892935
 10
524.3669636766713
 20
50.71002089017738
 10
524.3492676447391
 20
50.996443807021684
 10
524.2961795489427
 20
51.26517069193386
 10
524.2076993892822
 20
51.51620154491391
 10
524.0838271657573
 20
51.74953636596183
 10
523.9270908829299
 20
51.95632713911156
 10
523.7400185453616
 20
52.12772584839703
 10
523.5226101530526
 20
52.263732493818246
 10
523.2748657060027
 20
52.3643470753752
 10
523.1316542475806
 20
52.40321514551184
 10
522.9649323467344
 20
52.436900806296926
 10
522.774700003464
 20
52.46540405773046
 10
522.5609572177696
 20
52.48872489981244
 10
522.3237039896509
 20
52.50686333254287
 10
522.0629403191082
 20
52.519819355921754
 10
521.7786662061413
 20
52.52759296994908
 10
521.4708816507504
 20
52.53018417462486
 10
519.10062457367
 20
52.53018417462486
 10
519.10062457367
 20
48.94648490791272
  0
LWPOLYLINE
  5
46
330
17
100
AcDbEntity
  8
line engraving
 62
1
420
16711680
100
AcDbPolyline
 90
32
 70
0
 10
519.10062457367
 20
43.4698158253752
 10
522.0533339017736
 20
43.4698158253752
 10
522.4052321367668
 20
43.47335503176163
 10
522.7005030695772
 20
43.483972650920904
 10
522.9391467002047
 20
43.50166868285303
 10
523.1211630286494
 20
43.52644312755801
 10
523.3810418975955
 20
43.58307042974082
 10
523.6186743263984
 20
43.65587696111872
 10
523.8340603150581
 20
43.7448627216917
 10
524.0271998635744
 20
43.85002771145978
 10
524.2011265774216
 20
43.97617513909024
 10
524.3588740620737
 20
44.12810821325037
 10
524.5004423175308
 20
44.305826933940175
 10
524.6258313437927
 20
44.50933130115965
 10
524.728468328999
 20
44.734070906697674
 10
524.8017804612892
 20
44.97549534234314
 10
524.8457677406634
 20
45.23360460809604
 10
524.8604301671214
 20
45.508398703956374
 10
524.8391949288028
 20
45.829202482840245
 10
524.7754892138472
 20
46.12826542249321
 10
524.6693130222544
 20
46.405587522915276
 10
524.5206663540246
 20
46.661168784106444
 10
524.3343524178249
 20
46.88767799283768
 10
524.1151744223226
 20
47.07778393587997
 10
523.8631323675179
 20
47.231486613233315
 10
523.5782262534107
 20
47.348786024897706
 10
523.2437712498935
 20
47.435496581365136
 10
522.8430825268588
 20
47.497432693127585
 10
522.3761600843069
 20
47.53459436018506
 10
521.8430039222375
 20
47.54698158253755
 10
519.10062457367
 20
47.54698158253755
 10
519.10062457367
 20
43.4698158253752
  0
LWPOLYLINE
  5
47
330
17
100
AcDbEntity
  8
cut
 62
5
420
255
100
AcDbPolyline
 90
4
 70
1
 10
927.0000000000001
 20
18.0
 42
0.9999999999999999
 10
927.0000000000001
 20
78.0
 10
678.0
 20
78.00000000000006
 42
0.9999999999999999
 10
678.0
 20
18.000000000000057
  0
CIRCLE
  5
48
330
17
100
AcDbEntity
  8
cut
 62
5
420
255
100
AcDbCircle
 10
927.0000000000001
 20
48.0
 30
-2.7755575615628914e-16
 40
10.9
  0
CIRCLE
  5
49
330
17
100
AcDbEntity
  8
cut
 62
5
420
255
100
AcDbCircle
 10
678.0
 20
48.00000000000006
 30
-2.7755575615628914e-16
 40
10.9
  0
LWPOLYLINE
  5
4A
330
17
100
AcDbEntity
  8
line engraving
 62
1
420
16711680
100
AcDbPolyline
 90
7
 70
0
 10
802.1385572987722
 20
42.07031250000003
 10
802.1385572987722
 20
53.92968750000003
 10
803.7079425306957
 20
53.92968750000003
 10
803.7079425306957
 20
43.4698158253752
 10
809.5486442701227
 20
43.4698158253752
 10
809.5486442701227
 20
42.07031250000003
 10
802.1385572987722
 20
42.07031250000003
  0
LWPOLYLINE
  5
4B
330
17
100
AcDbEntity
  8
line engraving
 62
1
420
16711680
100
AcDbPolyline
 90
5
 70
0
 10
811.2393737210095
 20
52.255137278308354
 10
811.2393737210095
 20
53.92968750000003
 10
812.6955043485675
 20
53.92968750000003
 10
812.6955043485675
 20
52.255137278308354
 10
811.2393737210095
 20
52.255137278308354
  0
LWPOLYLINE
  5
4C
330
17
100
AcDbEntity
  8
line engraving
 62
1
420
16711680
100
AcDbPolyline
 90
5
 70
0
 10
811.2393737210095
 20
42.07031250000003
 10
811.2393737210095
 20
50.661483202592116
 10
812.6955043485675
 20
50.661483202592116
 10
812.6955043485675
 20
42.07031250000003
 10
811.2393737210095
 20
42.07031250000003
  0
LWPOLYLINE
  5
4D
330
17
100
AcDbEntity
  8
line engraving
 62
1
420
16711680
100
AcDbPolyline
 90
61
 70
0
 10
814.9120587482947
 20
42.07031250000003
 10
814.9120587482947
 20
50.661483202592116
 10
816.2225763130969
 20
50.661483202592116
 10
816.2225763130969
 20
49.43995139836292
 10
816.472343163796
 20
49.77175199709033
 10
816.7484012619373
 20
50.05931251598741
 10
817.0507506075204
 20
50.30263295505417
 10
817.3793912005457
 20
50.50171331429062
 10
817.7343230410129
 20
50.65655359369674
 10
818.1155461289222
 20
50.76715379327254
 10
818.5230604642735
 20
50.833513913018024
 10
818.9568660470668
 20
50.85563395293318
 10
819.3373307336076
 20
50.838190721457224
 10
819.7021217918656
 20
50.78586102702936
 10
820.0512392218409
 20
50.698644869649584
 10
820.3846830235334
 20
50.5765422493179
 10
820.6898131741345
 20
50.42612597789481
 10
820.9539896508356
 20
50.253968867240815
 10
821.1772124536366
 20
50.06007091735593
 10
821.3594815825376
 20
49.844432128240136
 10
821.5091394525921
 20
49.607305300349616
 10
821.634528478854
 20
49.34894323414055
 10
821.7356486613234
 20
49.06934592961292
 10
821.8125
 20
48.76851338676674
 10
821.8478920638643
 20
48.52835295340214
 10
821.8731721094816
 20
48.21235238318557
 10
821.888340136852
 20
47.820511676117015
 10
821.8933961459754
 20
47.35283083219648
 10
821.8933961459754
 20
42.07031250000003
 10
820.4372655184175
 20
42.07031250000003
 10
820.4372655184175
 20
47.29620353001367
 10
820.4266478992582
 20
47.71307148224338
 10
820.3947950417803
 20
48.073817733202624
 10
820.341706945984
 20
48.3784422828914
 10
820.267383611869
 20
48.62694513130972
 10
820.1660106289436
 20
48.83626390902118
 10
820.0317735867155
 20
49.02333624658939
 10
819.864672485185
 20
49.18816214401435
 10
819.664707324352
 20
49.33074160129607
 10
819.4389565169893
 20
49.44576580885491
 10
819.1944984758698
 20
49.527925957111215
 10
818.9313332009933
 20
49.577222046065
 10
818.6494606923602
 20
49.593654075716266
 10
818.4208658798656
 20
49.58442685906594
 10
818.2002342817403
 20
49.55674520911497
 10
817.9875658979845
 20
49.51060912586335
 10
817.7828607285983
 20
49.44601860931108
 10
817.5861187735813
 20
49.36297365945816
 10
817.397340032934
 20
49.2614742763046
 10
817.2165245066561
 20
49.14152045985038
 10
817.0436721947476
 20
49.00311221009552
 10
816.8853559090691
 20
48.83891831381099
 10
816.748148461481
 20
48.64160755776776
 10
816.6320498519835
 20
48.411179941965834
 10
816.5370600805765
 20
48.14763546640521
 10
816.4631791472598
 20
47.85097413108589
 10
816.4104070520336
 20
47.52119593600787
 10
816.3787437948979
 20
47.15830088117116
 10
816.3681893758527
 20
46.762288966575746
 10
816.3681893758527
 20
42.07031250000003
 10
814.9120587482947
 20
42.07031250000003
  0
LWPOLYLINE
  5
4E
330
17
100
AcDbEntity
  8
line engraving
 62
1
420
16711680
100
AcDbPolyline
 90
13
 70
0
 10
824.1342193894952
 20
42.07031250000003
 10
824.1342193894952
 20
53.92968750000003
 10
825.5903500170532
 20
53.92968750000003
 10
825.5903500170532
 20
47.16676969645296
 10
829.0365258356071
 20
50.661483202592116
 10
830.9214060368349
 20
50.661483202592116
 10
827.6370225102319
 20
47.47417505115965
 10
831.2530802353342
 20
42.07031250000003
 10
829.4571857946794
 20
42.07031250000003
 10
826.6177310709413
 20
46.4629732264666
 10
825.5903500170532
 20
45.476040245566196
 10
825.5903500170532
 20
42.07031250000003
 10
824.1342193894952
 20
42.07031250000003
  0
LWPOLYLINE
  5
4F
330
17
100
AcDbEntity
  8
line engraving
 62
1
420
16711680
100
AcDbPolyline
 90
60
 70
0
 10
832.5312393417463
 20
42.07031250000003
 10
832.5312393417463
 20
53.92968750000003
 10
836.9805273703956
 20
53.92968750000003
 10
837.3118855683247
 20
53.924062689850174
 10
837.6264325359183
 20
53.907188259400606
 10
837.9241682731763
 20
53.879064208651336
 10
838.2050927800989
 20
53.83969053760235
 10
838.4692060566858
 20
53.78906724625365
 10
838.7165081029374
 20
53.727194334605244
 10
838.9469989188533
 20
53.65407180265713
 10
839.1606785044338
 20
53.569699650409305
 10
839.5489800051159
 20
53.36543688182131
 10
839.8927886255116
 20
53.11263642564805
 10
840.1921043656207
 20
52.81129828188953
 10
840.4469272254433
 20
52.46142245054573
 10
840.6504315926628
 20
52.08298016765436
 10
840.7957918549624
 20
51.6959426692531
 10
840.8830080123422
 20
51.30030995534195
 10
840.9120800648021
 20
50.896082025920904
 10
840.8862944182724
 20
50.52143174987213
 10
840.8089374786834
 20
50.157904693894984
 10
840.6800092460351
 20
49.80550085798946
 10
840.4995097203274
 20
49.464220242155555
 10
840.266933300648
 20
49.144680465552554
 10
839.9817743860846
 20
48.85749914733973
 10
839.6440329766372
 20
48.60267628751708
 10
839.2537090723056
 20
48.38021188608461
 10
839.5149151436466
 20
48.29438613121379
 10
839.760573986933
 20
48.194656351253435
 10
839.9906856021647
 20
48.081022546203556
 10
840.2052499893417
 20
47.953484716064146
 10
840.4042671484642
 20
47.812042860835206
 10
840.587737079532
 20
47.65669698051674
 10
840.755659782545
 20
47.48744707510874
 10
840.9080352575035
 20
47.304293144611215
 10
841.0435995021263
 20
47.109889593813975
 10
841.1610885141329
 20
46.90689082750685
 10
841.260502293523
 20
46.69529684568983
 10
841.3418408402968
 20
46.47510764836292
 10
841.4051041544541
 20
46.24632323552612
 10
841.450292235995
 20
46.008943607179425
 10
841.4774050849196
 20
45.762968763322846
 10
841.4864427012278
 20
45.508398703956374
 10
841.4644490615408
 20
45.09911476541186
 10
841.3984681424795
 20
44.7044932533254
 10
841.2884999440441
 20
44.324534167696996
 10
841.1345444662346
 20
43.959237508526634
 10
840.948230530035
 20
43.621748899535326
 10
840.7411869564291
 20
43.325213964444096
 10
840.513413745417
 20
43.06963270325293
 10
840.2649108969987
 20
42.85500511596183
 10
839.989611200226
 20
42.67273598706091
 10
839.6814474441508
 20
42.51423010104027
 10
839.340419628773
 20
42.37948745789993
 10
838.9665277540928
 20
42.26850805763986
 10
838.5542102100742
 20
42.18179750117243
 10
838.0979053866814
 20
42.11986138940999
 10
837.5976132839146
 20
42.082699722352515
 10
837.0533339017735
 20
42.07031250000003
 10
832.5312393417463
 20
42.07031250000003
  0
LWPOLYLINE
  5
50
330
17
100
AcDbEntity
  8
line engraving
 62
1
420
16711680
100
AcDbPolyline
 90
32
 70
0
 10
834.1006245736698
 20
48.94648490791272
 10
836.6650324010914
 20
48.94648490791272
 10
837.1499036760317
 20
48.95508012342261
 10
837.5609572177694
 20
48.98086576995228
 10
837.8981930263046
 20
49.023841847501735
 10
838.1616111016372
 20
49.08400835607097
 10
838.4424724084456
 20
49.18765654310201
 10
838.6864248486529
 20
49.32062958304914
 10
838.8934684222587
 20
49.482927475912376
 10
839.0636031292634
 20
49.6745502216917
 10
839.1963233687543
 20
49.8939810176501
 10
839.2911235398192
 20
50.139703061050504
 10
839.3480036424581
 20
50.411716351892935
 10
839.3669636766712
 20
50.71002089017738
 10
839.349267644739
 20
50.996443807021684
 10
839.2961795489426
 20
51.26517069193386
 10
839.2076993892821
 20
51.51620154491391
 10
839.0838271657572
 20
51.74953636596183
 10
838.9270908829297
 20
51.95632713911156
 10
838.7400185453615
 20
52.12772584839703
 10
838.5226101530526
 20
52.263732493818246
 10
838.2748657060027
 20
52.3643470753752
 10
838.1316542475806
 20
52.40321514551184
 10
837.9649323467343
 20
52.436900806296926
 10
837.774700003464
 20
52.46540405773046
 10
837.5609572177694
 20
52.48872489981244
 10
837.3237039896509
 20
52.50686333254287
 10
837.0629403191081
 20
52.519819355921754
 10
836.7786662061413
 20
52.52759296994908
 10
836.4708816507504
 20
52.53018417462486
 10
834.1006245736698
 20
52.53018417462486
 10
834.1006245736698
 20
48.94648490791272
  0
LWPOLYLINE
  5
51
330
17
100
AcDbEntity
  8
line engraving
 62
1
420
16711680
100
AcDbPolyline
 90
32
 70
0
 10
834.1006245736698
 20
43.4698158253752
 10
837.0533339017735
 20
43.4698158253752
 10
837.4052321367667
 20
43.47335503176163
 10
837.700503069577
 20
43.483972650920904
 10
837.9391467002047
 20
43.50166868285303
 10
838.1211630286493
 20
43.52644312755801
 10
838.3810418975954
 20
43.58307042974082
 10
838.6186743263984
 20
43.65587696111872
 10
838.834060315058
 20
43.7448627216917
 10
839.0271998635743
 20
43.85002771145978
 10
839.2011265774215
 20
43.97617513909024
 10
839.3588740620737
 20
44.12810821325037
 10
839.5004423175307
 20
44.305826933940175
 10
839.6258313437926
 20
44.50933130115965
 10
839.7284683289989
 20
44.734070906697674
 10
839.8017804612892
 20
44.97549534234314
 10
839.8457677406634
 20
45.23360460809604
 10
839.8604301671214
 20
45.508398703956374
 10
839.8391949288028
 20
45.829202482840245
 10
839.7754892138472
 20
46.12826542249321
 10
839.6693130222544
 20
46.405587522915276
 10
839.5206663540246
 20
46.661168784106444
 10
839.3343524178249
 20
46.88767799283768
 10
839.1151744223226
 20
47.07778393587997
 10
838.8631323675179
 20
47.231486613233315
 10
838.5782262534107
 20
47.348786024897706
 10
838.2437712498935
 20
47.435496581365136
 10
837.8430825268588
 20
47.497432693127585
 10
837.3761600843068
 20
47.53459436018506
 10
836.8430039222374
 20
47.54698158253755
 10
834.1006245736698
 20
47.54698158253755
 10
834.1006245736698
 20
43.4698158253752
  0
LWPOLYLINE
  5
52
330
17
100
AcDbEntity
  8
cut
 62
5
420
255
100
AcDbPolyline
 90
4
 70
1
 10
1023.0
 20
297.0
 42
0.9999999999999999
 10
963.0
 20
297.0
 10
963.0
 20
47.99999999999997
 42
0.9999999999999999
 10
1023.0
 20
48.0
  0
CIRCLE
  5
53
330
17
100
AcDbEntity
  8
cut
 62
5
420
255
100
AcDbCircle
 10
993.0
 20
297.0
 30
-2.7755575615628914e-16
 40
10.9
  0
CIRCLE
  5
54
330
17
100
AcDbEntity
  8
cut
 62
5
420
255
100
AcDbCircle
 10
993.0
 20
48.0
 30
-2.7755575615628914e-16
 40
10.9
  0
LWPOLYLINE
  5
55
330
17
100
AcDbEntity
  8
line engraving
 62
1
420
16711680
100
AcDbPolyline
 90
7
 70
0
 10
998.9296875
 20
172.13855729877216
 10
987.0703125
 20
172.13855729877216
 10
987.0703125
 20
173.70794253069576
 10
997.5301841746249
 20
173.70794253069576
 10
997.5301841746249
 20
179.5486442701228
 10
998.9296875
 20
179.5486442701228
 10
998.9296875
 20
172.13855729877216
  0
LWPOLYLINE
  5
56
330
17
100
AcDbEntity
  8
line engraving
 62
1
420
16711680
100
AcDbPolyline
 90
5
 70
0
 10
988.7448627216917
 20
181.23937372100954
 10
987.0703125
 20
181.23937372100954
 10
987.0703125
 20
182.69550434856754
 10
988.7448627216917
 20
182.69550434856754
 10
988.7448627216917
 20
181.23937372100954
  0
LWPOLYLINE
  5
57
330
17
100
AcDbEntity
  8
line engraving
 62
1
420
16711680
100
AcDbPolyline
 90
5
 70
0
 10
998.9296875
 20
181.23937372100954
 10
990.3385167974079
 20
181.23937372100954
 10
990.3385167974079
 20
182.69550434856754
 10
998.9296875
 20
182.69550434856754
 10
998.9296875
 20
181.23937372100954
  0
LWPOLYLINE
  5
58
330
17
100
AcDbEntity
  8
line engraving
 62
1
420
16711680
100
AcDbPolyline
 90
61
 70
0
 10
998.9296875
 20
184.91205874829467
 10
990.3385167974079
 20
184.91205874829467
 10
990.3385167974079
 20
186.22257631309685
 10
991.5600486016372
 20
186.22257631309685
 10
991.2282480029097
 20
186.47234316379604
 10
990.9406874840126
 20
186.74840126193723
 10
990.6973670449458
 20
187.05075060752046
 10
990.4982866857094
 20
187.37939120054568
 10
990.3434464063032
 20
187.73432304101297
 10
990.2328462067275
 20
188.11554612892223
 10
990.166486086982
 20
188.52306046427353
 10
990.1443660470668
 20
188.95686604706685
 10
990.1618092785427
 20
189.33733073360762
 10
990.2141389729707
 20
189.70212179186564
 10
990.3013551303504
 20
190.0512392218409
 10
990.4234577506821
 20
190.38468302353343
 10
990.5738740221052
 20
190.68981317413454
 10
990.7460311327592
 20
190.9539896508356
 10
990.9399290826441
 20
191.1772124536366
 10
991.1555678717599
 20
191.3594815825375
 10
991.3926946996504
 20
191.50913945259208
 10
991.6510567658595
 20
191.634528478854
 10
991.930654070387
 20
191.73564866132332
 10
992.2314866132333
 20
191.8125
 10
992.4716470465979
 20
191.84789206386426
 10
992.7876476168144
 20
191.87317210948157
 10
993.179488323883
 20
191.88834013685198
 10
993.6471691678036
 20
191.89339614597543
 10
998.9296875
 20
191.89339614597543
 10
998.9296875
 20
190.43726551841746
 10
993.7037964699864
 20
190.43726551841746
 10
993.2869285177567
 20
190.42664789925817
 10
992.9261822667975
 20
190.39479504178036
 10
992.6215577171087
 20
190.34170694598396
 10
992.3730548686904
 20
190.26738361186904
 10
992.1637360909789
 20
190.16601062894355
 10
991.9766637534107
 20
190.03177358671556
 10
991.8118378559857
 20
189.86467248518503
 10
991.669258398704
 20
189.66470732435198
 10
991.5542341911452
 20
189.43895651698926
 10
991.4720740428888
 20
189.1944984758697
 10
991.422777953935
 20
188.93133320099335
 10
991.4063459242838
 20
188.64946069236015
 10
991.415573140934
 20
188.4208658798655
 10
991.443254790885
 20
188.20023428174028
 10
991.4893908741367
 20
187.98756589798452
 10
991.5539813906889
 20
187.78286072859822
 10
991.6370263405419
 20
187.58611877358138
 10
991.7385257236954
 20
187.397340032934
 10
991.8584795401496
 20
187.21652450665607
 10
991.9968877899045
 20
187.04367219474761
 10
992.161081686189
 20
186.88535590906912
 10
992.3583924422322
 20
186.74814846148107
 10
992.5888200580342
 20
186.6320498519835
 10
992.8523645335948
 20
186.5370600805764
 10
993.1490258689141
 20
186.46317914725978
 10
993.4788040639921
 20
186.4104070520336
 10
993.8416991188288
 20
186.3787437948979
 10
994.2377110334243
 20
186.36818937585267
 10
998.9296875
 20
186.36818937585267
 10
998.9296875
 20
184.91205874829467
  0
LWPOLYLINE
  5
59
330
17
100
AcDbEntity
  8
line engraving
 62
1
420
16711680
100
AcDbPolyline
 90
13
 70
0
 10
998.9296875
 20
194.13421938949523
 10
987.0703125
 20
194.13421938949523
 10
987.0703125
 20
195.5903500170532
 10
993.8332303035471
 20
195.5903500170532
 10
990.3385167974079
 20
199.0365258356071
 10
990.3385167974079
 20
200.92140603683492
 10
993.5258249488404
 20
197.63702251023193
 10
998.9296875
 20
201.25308023533424
 10
998.9296875
 20
199.4571857946794
 10
994.5370267735334
 20
196.61773107094135
 10
995.5239597544338
 20
195.5903500170532
 10
998.9296875
 20
195.5903500170532
 10
998.9296875
 20
194.13421938949523
  0
LWPOLYLINE
  5
5A
330
17
100
AcDbEntity
  8
line engraving
 62
1
420
16711680
100
AcDbPolyline
 90
60
 70
0
 10
998.9296875
 20
202.53123934174624
 10
987.0703125
 20
202.53123934174624
 10
987.0703125
 20
206.98052737039563
 10
987.0759373101498
 20
207.31188556832473
 10
987.0928117405995
 20
207.6264325359183
 10
987.1209357913488
 20
207.92416827317638
 10
987.1603094623977
 20
208.2050927800989
 10
987.2109327537464
 20
208.46920605668592
 10
987.2728056653948
 20
208.7165081029374
 10
987.3459281973429
 20
208.94699891885338
 10
987.4303003495908
 20
209.16067850443383
 10
987.6345631181787
 20
209.54898000511596
 10
987.887363574352
 20
209.8927886255116
 10
988.1887017181105
 20
210.19210436562074
 10
988.5385775494543
 20
210.44692722544337
 10
988.9170198323457
 20
210.65043159266284
 10
989.3040573307469
 20
210.7957918549625
 10
989.699690044658
 20
210.88300801234226
 10
990.1039179740791
 20
210.91208006480218
 10
990.4785682501279
 20
210.8862944182725
 10
990.8420953061051
 20
210.8089374786835
 10
991.1944991420106
 20
210.68000924603513
 10
991.5357797578445
 20
210.4995097203274
 10
991.8553195344474
 20
210.26693330064802
 10
992.1425008526603
 20
209.98177438608457
 10
992.397323712483
 20
209.6440329766371
 10
992.6197881139154
 20
209.25370907230558
 10
992.7056138687863
 20
209.51491514364662
 10
992.8053436487467
 20
209.76057398693297
 10
992.9189774537965
 20
209.9906856021647
 10
993.046515283936
 20
210.20524998934172
 10
993.1879571391648
 20
210.40426714846413
 10
993.3433030194833
 20
210.58773707953188
 10
993.5125529248913
 20
210.75565978254497
 10
993.6957068553888
 20
210.9080352575034
 10
993.8901104061861
 20
211.0435995021263
 10
994.0931091724932
 20
211.16108851413284
 10
994.3047031543102
 20
211.260502293523
 10
994.5248923516372
 20
211.34184084029673
 10
994.7536767644739
 20
211.4051041544541
 10
994.9910563928206
 20
211.45029223599508
 10
995.2370312366771
 20
211.47740508491964
 10
995.4916012960437
 20
211.48644270122784
 10
995.9008852345881
 20
211.46444906154076
 10
996.2955067466746
 20
211.39846814247954
 10
996.6754658323031
 20
211.28849994404416
 10
997.0407624914734
 20
211.13454446623464
 10
997.3782511004647
 20
210.94823053003495
 10
997.6747860355559
 20
210.74118695642906
 10
997.930367296747
 20
210.51341374541695
 10
998.1449948840382
 20
210.26491089699863
 10
998.327264012939
 20
209.98961120022594
 10
998.4857698989597
 20
209.68144744415073
 10
998.6205125421001
 20
209.34041962877302
 10
998.7314919423602
 20
208.96652775409277
 10
998.8182024988276
 20
208.5542102100742
 10
998.88013861059
 20
208.09790538668145
 10
998.9173002776475
 20
207.59761328391457
 10
998.9296875
 20
207.05333390177353
 10
998.9296875
 20
202.53123934174624
  0
LWPOLYLINE
  5
5B
330
17
100
AcDbEntity
  8
line engraving
 62
1
420
16711680
100
AcDbPolyline
 90
32
 70
0
 10
992.0535150920873
 20
204.10062457366985
 10
992.0535150920873
 20
206.6650324010914
 10
992.0449198765774
 20
207.1499036760317
 10
992.0191342300477
 20
207.56095721776944
 10
991.9761581524983
 20
207.89819302630457
 10
991.915991643929
 20
208.1616111016371
 10
991.812343456898
 20
208.4424724084456
 10
991.6793704169509
 20
208.6864248486528
 10
991.5170725240877
 20
208.8934684222587
 10
991.3254497783083
 20
209.0636031292633
 10
991.10601898235
 20
209.19632336875426
 10
990.8602969389495
 20
209.29112353981924
 10
990.5882836481071
 20
209.34800364245822
 10
990.2899791098226
 20
209.36696367667122
 10
990.0035561929783
 20
209.3492676447391
 10
989.7348293080662
 20
209.2961795489427
 10
989.4837984550861
 20
209.20769938928206
 10
989.2504636340382
 20
209.08382716575716
 10
989.0436728608885
 20
208.92709088292975
 10
988.872274151603
 20
208.74001854536152
 10
988.7362675061818
 20
208.5226101530525
 10
988.6356529246249
 20
208.2748657060027
 10
988.5967848544882
 20
208.13165424758057
 10
988.5630991937031
 20
207.9649323467343
 10
988.5345959422696
 20
207.77470000346392
 10
988.5112751001875
 20
207.56095721776944
 10
988.4931366674571
 20
207.32370398965082
 10
988.4801806440782
 20
207.0629403191081
 10
988.4724070300509
 20
206.77866620614128
 10
988.4698158253751
 20
206.47088165075033
 10
988.4698158253751
 20
204.10062457366985
 10
992.0535150920873
 20
204.10062457366985
  0
LWPOLYLINE
  5
5C
330
17
100
AcDbEntity
  8
line engraving
 62
1
420
16711680
100
AcDbPolyline
 90
32
 70
0
 10
997.5301841746249
 20
204.10062457366985
 10
997.5301841746249
 20
207.05333390177353
 10
997.5266449682384
 20
207.4052321367667
 10
997.5160273490792
 20
207.70050306957708
 10
997.4983313171471
 20
207.93914670020465
 10
997.473556872442
 20
208.1211630286494
 10
997.4169295702592
 20
208.3810418975955
 10
997.3441230388813
 20
208.61867432639835
 10
997.2551372783083
 20
208.83406031505797
 10
997.1499722885402
 20
209.02719986357434
 10
997.0238248609098
 20
209.20112657742155
 10
996.8718917867496
 20
209.35887406207368
 10
996.6941730660599
 20
209.5004423175307
 10
996.4906686988404
 20
209.62583134379264
 10
996.2659290933024
 20
209.72846832899899
 10
996.024504657657
 20
209.80178046128924
 10
995.766395391904
 20
209.84576774066338
 10
995.4916012960437
 20
209.86043016712142
 10
995.1707975171598
 20
209.83919492880287
 10
994.8717345775068
 20
209.7754892138472
 10
994.5944124770847
 20
209.6693130222544
 10
994.3388312158936
 20
209.52066635402454
 10
994.1123220071623
 20
209.33435241782485
 10
993.92221606412
 20
209.11517442232264
 10
993.7685133867667
 20
208.8631323675179
 10
993.6512139751023
 20
208.57822625341063
 10
993.5645034186349
 20
208.2437712498934
 10
993.5025673068724
 20
207.84308252685878
 10
993.4654056398149
 20
207.37616008430678
 10
993.4530184174624
 20
206.8430039222374
 10
993.4530184174624
 20
204.10062457366985
 10
997.5301841746249
 20
204.10062457366985
  0
LWPOLYLINE
  5
5D
330
17
100
AcDbEntity
  8
cut
 62
5
420
255
100
AcDbPolyline
 90
4
 70
1
 10
1089.0
 20
297.0
 42
0.9999999999999999
 10
1029.0
 20
297.0
 10
1029.0
 20
47.99999999999997
 42
0.9999999999999999
 10
1089.0
 20
48.0
  0
CIRCLE
  5
5E
330
17
100
AcDbEntity
  8
cut
 62
5
420
255
100
AcDbCircle
 10
1059.0
 20
297.0
 30
-2.7755575615628914e-16
 40
10.9
  0
CIRCLE
  5
5F
330
17
100
AcDbEntity
  8
cut
 62
5
420
255
100
AcDbCircle
 10
1059.0
 20
48.0
 30
-2.7755575615628914e-16
 40
10.9
  0
LWPOLYLINE
  5
60
330
17
100
AcDbEntity
  8
line engraving
 62
1
420
16711680
100
AcDbPolyline
 90
7
 70
0
 10
1064.9296875
 20
172.13855729877216
 10
1053.0703125
 20
172.13855729877216
 10
1053.0703125
 20
173.70794253069576
 10
1063.5301841746248
 20
173.70794253069576
 10
1063.5301841746248
 20
179.5486442701228
 10
1064.9296875
 20
179.5486442701228
 10
1064.9296875
 20
172.13855729877216
  0
LWPOLYLINE
  5
61
330
17
100
AcDbEntity
  8
line engraving
 62
1
420
16711680
100
AcDbPolyline
 90
5
 70
0
 10
1054.7448627216918
 20
181.23937372100954
 10
1053.0703125
 20
181.23937372100954
 10
1053.0703125
 20
182.69550434856754
 10
1054.7448627216918
 20
182.69550434856754
 10
1054.7448627216918
 20
181.23937372100954
  0
LWPOLYLINE
  5
62
330
17
100
AcDbEntity
  8
line engraving
 62
1
420
16711680
100
AcDbPolyline
 90
5
 70
0
 10
1064.9296875
 20
181.23937372100954
 10
1056.338516797408
 20
181.23937372100954
 10
1056.338516797408
 20
182.69550434856754
 10
1064.9296875
 20
182.69550434856754
 10
1064.9296875
 20
181.23937372100954
  0
LWPOLYLINE
  5
63
330
17
100
AcDbEntity
  8
line engraving
 62
1
420
16711680
100
AcDbPolyline
 90
61
 70
0
 10
1064.9296875
 20
184.91205874829467
 10
1056.338516797408
 20
184.91205874829467
 10
1056.338516797408
 20
186.22257631309685
 10
1057.5600486016372
 20
186.22257631309685
 10
1057.2282480029098
 20
186.47234316379604
 10
1056.9406874840126
 20
186.74840126193723
 10
1056.6973670449458
 20
187.05075060752046
 10
1056.4982866857094
 20
187.37939120054568
 10
1056.3434464063032
 20
187.73432304101297
 10
1056.2328462067273
 20
188.11554612892223
 10
1056.1664860869819
 20
188.52306046427353
 10
1056.1443660470668
 20
188.95686604706685
 10
1056.1618092785427
 20
189.33733073360762
 10
1056.2141389729707
 20
189.70212179186564
 10
1056.3013551303504
 20
190.0512392218409
 10
1056.423457750682
 20
190.38468302353343
 10
1056.5738740221052
 20
190.68981317413454
 10
1056.746031132759
 20
190.9539896508356
 10
1056.939929082644
 20
191.1772124536366
 10
1057.1555678717598
 20
191.3594815825375
 10
1057.3926946996503
 20
191.50913945259208
 10
1057.6510567658595
 20
191.634528478854
 10
1057.9306540703872
 20
191.73564866132332
 10
1058.2314866132333
 20
191.8125
 10
1058.4716470465978
 20
191.84789206386426
 10
1058.7876476168144
 20
191.87317210948157
 10
1059.1794883238829
 20
191.88834013685198
 10
1059.6471691678034
 20
191.89339614597543
 10
1064.9296875
 20
191.89339614597543
 10
1064.9296875
 20
190.43726551841746
 10
1059.7037964699864
 20
190.43726551841746
 10
1059.2869285177567
 20
190.42664789925817
 10
1058.9261822667975
 20
190.39479504178036
 10
1058.6215577171085
 20
190.34170694598396
 10
1058.3730548686904
 20
190.26738361186904
 10
1058.1637360909788
 20
190.16601062894355
 10
1057.9766637534105
 20
190.03177358671556
 10
1057.8118378559857
 20
189.86467248518503
 10
1057.669258398704
 20
189.66470732435198
 10
1057.5542341911453
 20
189.43895651698926
 10
1057.4720740428888
 20
189.1944984758697
 10
1057.422777953935
 20
188.93133320099335
 10
1057.4063459242839
 20
188.64946069236015
 10
1057.4155731409342
 20
188.4208658798655
 10
1057.4432547908852
 20
188.20023428174028
 10
1057.4893908741367
 20
187.98756589798452
 10
1057.553981390689
 20
187.78286072859822
 10
1057.637026340542
 20
187.58611877358138
 10
1057.7385257236956
 20
187.397340032934
 10
1057.8584795401498
 20
187.21652450665607
 10
1057.9968877899046
 20
187.04367219474761
 10
1058.1610816861892
 20
186.88535590906912
 10
1058.3583924422323
 20
186.74814846148107
 10
1058.5888200580343
 20
186.6320498519835
 10
1058.852364533595
 20
186.5370600805764
 10
1059.1490258689141
 20
186.46317914725978
 10
1059.4788040639921
 20
186.4104070520336
 10
1059.841699118829
 20
186.3787437948979
 10
1060.2377110334244
 20
186.36818937585267
 10
1064.9296875
 20
186.36818937585267
 10
1064.9296875
 20
184.91205874829467
  0
LWPOLYLINE
  5
64
330
17
100
AcDbEntity
  8
line engraving
 62
1
420
16711680
100
AcDbPolyline
 90
13
 70
0
 10
1064.9296875
 20
194.13421938949523
 10
1053.0703125
 20
194.13421938949523
 10
1053.0703125
 20
195.5903500170532
 10
1059.833230303547
 20
195.5903500170532
 10
1056.338516797408
 20
199.0365258356071
 10
1056.338516797408
 20
200.92140603683492
 10
1059.5258249488404
 20
197.63702251023193
 10
1064.9296875
 20
201.25308023533424
 10
1064.9296875
 20
199.4571857946794
 10
1060.5370267735334
 20
196.61773107094135
 10
1061.523959754434
 20
195.5903500170532
 10
1064.9296875
 20
195.5903500170532
 10
1064.9296875
 20
194.13421938949523
  0
LWPOLYLINE
  5
65
330
17
100
AcDbEntity
  8
line engraving
 62
1
420
16711680
100
AcDbPolyline
 90
60
 70
0
 10
1064.9296875
 20
202.53123934174624
 10
1053.0703125
 20
202.53123934174624
 10
1053.0703125
 20
206.98052737039563
 10
1053.0759373101498
 20
207.31188556832473
 10
1053.0928117405995
 20
207.6264325359183
 10
1053.1209357913488
 20
207.92416827317638
 10
1053.1603094623977
 20
208.2050927800989
 10
1053.2109327537464
 20
208.46920605668592
 10
1053.2728056653948
 20
208.7165081029374
 10
1053.3459281973428
 20
208.94699891885338
 10
1053.4303003495907
 20
209.16067850443383
 10
1053.6345631181787
 20
209.54898000511596
 10
1053.887363574352
 20
209.8927886255116
 10
1054.1887017181105
 20
210.19210436562074
 10
1054.5385775494542
 20
210.44692722544337
 10
1054.9170198323457
 20
210.65043159266284
 10
1055.304057330747
 20
210.7957918549625
 10
1055.6996900446582
 20
210.88300801234226
 10
1056.1039179740792
 20
210.91208006480218
 10
1056.4785682501279
 20
210.8862944182725
 10
1056.842095306105
 20
210.8089374786835
 10
1057.1944991420105
 20
210.68000924603513
 10
1057.5357797578445
 20
210.4995097203274
 10
1057.8553195344475
 20
210.26693330064802
 10
1058.1425008526603
 20
209.98177438608457
 10
1058.3973237124828
 20
209.6440329766371
 10
1058.6197881139153
 20
209.25370907230558
 10
1058.7056138687863
 20
209.51491514364662
 10
1058.8053436487467
 20
209.76057398693297
 10
1058.9189774537965
 20
209.9906856021647
 10
1059.0465152839358
 20
210.20524998934172
 10
1059.1879571391648
 20
210.40426714846413
 10
1059.3433030194833
 20
210.58773707953188
 10
1059.5125529248912
 20
210.75565978254497
 10
1059.6957068553888
 20
210.9080352575034
 10
1059.890110406186
 20
211.0435995021263
 10
1060.093109172493
 20
211.16108851413284
 10
1060.3047031543101
 20
211.260502293523
 10
1060.5248923516372
 20
211.34184084029673
 10
1060.753676764474
 20
211.4051041544541
 10
1060.9910563928206
 20
211.45029223599508
 10
1061.2370312366772
 20
211.47740508491964
 10
1061.4916012960437
 20
211.48644270122784
 10
1061.900885234588
 20
211.46444906154076
 10
1062.2955067466746
 20
211.39846814247954
 10
1062.675465832303
 20
211.28849994404416
 10
1063.0407624914733
 20
211.13454446623464
 10
1063.3782511004647
 20
210.94823053003495
 10
1063.6747860355558
 20
210.74118695642906
 10
1063.9303672967471
 20
210.51341374541695
 10
1064.1449948840382
 20
210.26491089699863
 10
1064.3272640129392
 20
209.98961120022594
 10
1064.48576989896
 20
209.68144744415073
 10
1064.6205125421002
 20
209.34041962877302
 10
1064.7314919423602
 20
208.96652775409277
 10
1064.8182024988275
 20
208.5542102100742
 10
1064.8801386105902
 20
208.09790538668145
 10
1064.9173002776474
 20
207.59761328391457
 10
1064.9296875
 20
207.05333390177353
 10
1064.9296875
 20
202.53123934174624
  0
LWPOLYLINE
  5
66
330
17
100
AcDbEntity
  8
line engraving
 62
1
420
16711680
100
AcDbPolyline
 90
32
 70
0
 10
1058.0535150920873
 20
204.10062457366985
 10
1058.0535150920873
 20
206.6650324010914
 10
1058.0449198765775
 20
207.1499036760317
 10
1058.0191342300477
 20
207.56095721776944
 10
1057.9761581524983
 20
207.89819302630457
 10
1057.9159916439291
 20
208.1616111016371
 10
1057.8123434568981
 20
208.4424724084456
 10
1057.6793704169509
 20
208.6864248486528
 10
1057.5170725240876
 20
208.8934684222587
 10
1057.3254497783082
 20
209.0636031292633
 10
1057.10601898235
 20
209.19632336875426
 10
1056.8602969389494
 20
209.29112353981924
 10
1056.588283648107
 20
209.34800364245822
 10
1056.2899791098228
 20
209.36696367667122
 10
1056.0035561929783
 20
209.3492676447391
 10
1055.734829308066
 20
209.2961795489427
 10
1055.4837984550861
 20
209.20769938928206
 10
1055.2504636340382
 20
209.08382716575716
 10
1055.0436728608884
 20
208.92709088292975
 10
1054.872274151603
 20
208.74001854536152
 10
1054.7362675061818
 20
208.5226101530525
 10
1054.6356529246248
 20
208.2748657060027
 10
1054.596784854488
 20
208.13165424758057
 10
1054.563099193703
 20
207.9649323467343
 10
1054.5345959422696
 20
207.77470000346392
 10
1054.5112751001875
 20
207.56095721776944
 10
1054.4931366674573
 20
207.32370398965082
 10
1054.4801806440782
 20
207.0629403191081
 10
1054.472407030051
 20
206.77866620614128
 10
1054.4698158253752
 20
206.47088165075033
 10
1054.4698158253752
 20
204.10062457366985
 10
1058.0535150920873
 20
204.10062457366985
  0
LWPOLYLINE
  5
67
330
17
100
AcDbEntity
  8
line engraving
 62
1
420
16711680
100
AcDbPolyline
 90
32
 70
0
 10
1063.5301841746248
 20
204.10062457366985
 10
1063.5301841746248
 20
207.05333390177353
 10
1063.5266449682383
 20
207.4052321367667
 10
1063.5160273490792
 20
207.70050306957708
 10
1063.498331317147
 20
207.93914670020465
 10
1063.473556872442
 20
208.1211630286494
 10
1063.4169295702593
 20
208.3810418975955
 10
1063.3441230388812
 20
208.61867432639835
 10
1063.2551372783084
 20
208.83406031505797
 10
1063.1499722885403
 20
209.02719986357434
 10
1063.0238248609098
 20
209.20112657742155
 10
1062.8718917867495
 20
209.35887406207368
 10
1062.6941730660599
 20
209.5004423175307
 10
1062.4906686988404
 20
209.62583134379264
 10
1062.2659290933022
 20
209.72846832899899
 10
1062.024504657657
 20
209.80178046128924
 10
1061.7663953919039
 20
209.84576774066338
 10
1061.4916012960437
 20
209.86043016712142
 10
1061.1707975171598
 20
209.83919492880287
 10
1060.871734577507
 20
209.7754892138472
 10
1060.5944124770847
 20
209.6693130222544
 10
1060.3388312158936
 20
209.52066635402454
 10
1060.1123220071624
 20
209.33435241782485
 10
1059.92221606412
 20
209.11517442232264
 10
1059.7685133867667
 20
208.8631323675179
 10
1059.6512139751023
 20
208.57822625341063
 10
1059.564503418635
 20
208.2437712498934
 10
1059.5025673068726
 20
207.84308252685878
 10
1059.4654056398151
 20
207.37616008430678
 10
1059.4530184174625
 20
206.8430039222374
 10
1059.4530184174625
 20
204.10062457366985
 10
1063.5301841746248
 20
204.10062457366985
  0
LWPOLYLINE
  5
68
330
17
100
AcDbEntity
  8
cut
 62
5
420
255
100
AcDbPolyline
 90
4
 70
1
 10
1155.0000000000002
 20
297.0
 42
0.9999999999999999
 10
1095.0000000000002
 20
297.0
 10
1095.0
 20
47.99999999999997
 42
0.9999999999999999
 10
1155.0
 20
48.0
  0
CIRCLE
  5
69
330
17
100
AcDbEntity
  8
cut
 62
5
420
255
100
AcDbCircle
 10
1125.0000000000002
 20
297.0
 30
-2.7755575615628914e-16
 40
10.9
  0
CIRCLE
  5
6A
330
17
100
AcDbEntity
  8
cut
 62
5
420
255
100
AcDbCircle
 10
1125.0
 20
48.0
 30
-2.7755575615628914e-16
 40
10.9
  0
LWPOLYLINE
  5
6B
330
17
100
AcDbEntity
  8
line engraving
 62
1
420
16711680
100
AcDbPolyline
 90
7
 70
0
 10
1130.9296875000002
 20
172.13855729877216
 10
1119.0703125000002
 20
172.13855729877216
 10
1119.0703125000002
 20
173.70794253069576
 10
1129.530184174625
 20
173.70794253069576
 10
1129.530184174625
 20
179.5486442701228
 10
1130.9296875000002
 20
179.5486442701228
 10
1130.9296875000002
 20
172.13855729877216
  0
LWPOLYLINE
  5
6C
330
17
100
AcDbEntity
  8
line engraving
 62
1
420
16711680
100
AcDbPolyline
 90
5
 70
0
 10
1120.744862721692
 20
181.23937372100954
 10
1119.0703125000002
 20
181.23937372100954
 10
1119.0703125000002
 20
182.69550434856754
 10
1120.744862721692
 20
182.69550434856754
 10
1120.744862721692
 20
181.23937372100954
  0
LWPOLYLINE
  5
6D
330
17
100
AcDbEntity
  8
line engraving
 62
1
420
16711680
100
AcDbPolyline
 90
5
 70
0
 10
1130.9296875000002
 20
181.23937372100954
 10
1122.3385167974081
 20
181.23937372100954
 10
1122.3385167974081
 20
182.69550434856754
 10
1130.9296875000002
 20
182.69550434856754
 10
1130.9296875000002
 20
181.23937372100954
  0
LWPOLYLINE
  5
6E
330
17
100
AcDbEntity
  8
line engraving
 62
1
420
16711680
100
AcDbPolyline
 90
61
 70
0
 10
1130.9296875000002
 20
184.91205874829467
 10
1122.3385167974081
 20
184.91205874829467
 10
1122.3385167974081
 20
186.22257631309685
 10
1123.5600486016374
 20
186.22257631309685
 10
1123.22824800291
 20
186.47234316379604
 10
1122.9406874840129
 20
186.74840126193723
 10
1122.697367044946
 20
187.05075060752046
 10
1122.4982866857097
 20
187.37939120054568
 10
1122.3434464063034
 20
187.73432304101297
 10
1122.2328462067276
 20
188.11554612892223
 10
1122.166486086982
 20
188.52306046427353
 10
1122.144366047067
 20
188.95686604706685
 10
1122.161809278543
 20
189.33733073360762
 10
1122.2141389729709
 20
189.70212179186564
 10
1122.3013551303507
 20
190.0512392218409
 10
1122.4234577506822
 20
190.38468302353343
 10
1122.5738740221054
 20
190.68981317413454
 10
1122.7460311327595
 20
190.9539896508356
 10
1122.9399290826443
 20
191.1772124536366
 10
1123.15556787176
 20
191.3594815825375
 10
1123.3926946996505
 20
191.50913945259208
 10
1123.6510567658597
 20
191.634528478854
 10
1123.9306540703874
 20
191.73564866132332
 10
1124.2314866132335
 20
191.8125
 10
1124.471647046598
 20
191.84789206386426
 10
1124.7876476168146
 20
191.87317210948157
 10
1125.179488323883
 20
191.88834013685198
 10
1125.6471691678037
 20
191.89339614597543
 10
1130.9296875000002
 20
191.89339614597543
 10
1130.9296875000002
 20
190.43726551841746
 10
1125.7037964699866
 20
190.43726551841746
 10
1125.286928517757
 20
190.42664789925817
 10
1124.9261822667977
 20
190.39479504178036
 10
1124.6215577171088
 20
190.34170694598396
 10
1124.3730548686906
 20
190.26738361186904
 10
1124.163736090979
 20
190.16601062894355
 10
1123.9766637534108
 20
190.03177358671556
 10
1123.811837855986
 20
189.86467248518503
 10
1123.6692583987042
 20
189.66470732435198
 10
1123.5542341911455
 20
189.43895651698926
 10
1123.472074042889
 20
189.1944984758697
 10
1123.4227779539353
 20
188.93133320099335
 10
1123.406345924284
 20
188.64946069236015
 10
1123.4155731409344
 20
188.4208658798655
 10
1123.4432547908855
 20
188.20023428174028
 10
1123.489390874137
 20
187.98756589798452
 10
1123.5539813906894
 20
187.78286072859822
 10
1123.6370263405422
 20
187.58611877358138
 10
1123.7385257236958
 20
187.397340032934
 10
1123.85847954015
 20
187.21652450665607
 10
1123.9968877899048
 20
187.04367219474761
 10
1124.1610816861894
 20
186.88535590906912
 10
1124.3583924422326
 20
186.74814846148107
 10
1124.5888200580346
 20
186.6320498519835
 10
1124.8523645335952
 20
186.5370600805764
 10
1125.1490258689144
 20
186.46317914725978
 10
1125.4788040639924
 20
186.4104070520336
 10
1125.8416991188292
 20
186.3787437948979
 10
1126.2377110334246
 20
186.36818937585267
 10
1130.9296875000002
 20
186.36818937585267
 10
1130.9296875000002
 20
184.91205874829467
  0
LWPOLYLINE
  5
6F
330
17
100
AcDbEntity
  8
line engraving
 62
1
420
16711680
100
AcDbPolyline
 90
13
 70
0
 10
1130.9296875000002
 20
194.13421938949523
 10
1119.0703125000002
 20
194.13421938949523
 10
1119.0703125000002
 20
195.5903500170532
 10
1125.8332303035472
 20
195.5903500170532
 10
1122.3385167974081
 20
199.0365258356071
 10
1122.3385167974081
 20
200.92140603683492
 10
1125.5258249488406
 20
197.63702251023193
 10
1130.9296875000002
 20
201.25308023533424
 10
1130.9296875000002
 20
199.4571857946794
 10
1126.5370267735336
 20
196.61773107094135
 10
1127.5239597544341
 20
195.5903500170532
 10
1130.9296875000002
 20
195.5903500170532
 10
1130.9296875000002
 20
194.13421938949523
  0
LWPOLYLINE
  5
70
330
17
100
AcDbEntity
  8
line engraving
 62
1
420
16711680
100
AcDbPolyline
 90
60
 70
0
 10
1130.9296875000002
 20
202.53123934174624
 10
1119.0703125000002
 20
202.53123934174624
 10
1119.0703125000002
 20
206.98052737039563
 10
1119.07593731015
 20
207.31188556832473
 10
1119.0928117405997
 20
207.6264325359183
 10
1119.120935791349
 20
207.92416827317638
 10
1119.160309462398
 20
208.2050927800989
 10
1119.2109327537466
 20
208.46920605668592
 10
1119.272805665395
 20
208.7165081029374
 10
1119.345928197343
 20
208.94699891885338
 10
1119.4303003495909
 20
209.16067850443383
 10
1119.634563118179
 20
209.54898000511596
 10
1119.887363574352
 20
209.8927886255116
 10
1120.1887017181107
 20
210.19210436562074
 10
1120.5385775494544
 20
210.44692722544337
 10
1120.9170198323459
 20
210.65043159266284
 10
1121.3040573307471
 20
210.7957918549625
 10
1121.6996900446584
 20
210.88300801234226
 10
1122.1039179740794
 20
210.91208006480218
 10
1122.478568250128
 20
210.8862944182725
 10
1122.8420953061054
 20
210.8089374786835
 10
1123.1944991420107
 20
210.68000924603513
 10
1123.5357797578447
 20
210.4995097203274
 10
1123.8553195344477
 20
210.26693330064802
 10
1124.1425008526605
 20
209.98177438608457
 10
1124.397323712483
 20
209.6440329766371
 10
1124.6197881139155
 20
209.25370907230558
 10
1124.7056138687865
 20
209.51491514364662
 10
1124.8053436487469
 20
209.76057398693297
 10
1124.9189774537967
 20
209.9906856021647
 10
1125.046515283936
 20
210.20524998934172
 10
1125.187957139165
 20
210.40426714846413
 10
1125.3433030194835
 20
210.58773707953188
 10
1125.5125529248915
 20
210.75565978254497
 10
1125.695706855389
 20
210.9080352575034
 10
1125.8901104061863
 20
211.0435995021263
 10
1126.0931091724933
 20
211.16108851413284
 10
1126.3047031543103
 20
211.260502293523
 10
1126.5248923516374
 20
211.34184084029673
 10
1126.7536767644742
 20
211.4051041544541
 10
1126.9910563928208
 20
211.45029223599508
 10
1127.2370312366775
 20
211.47740508491964
 10
1127.4916012960439
 20
211.48644270122784
 10
1127.9008852345883
 20
211.46444906154076
 10
1128.2955067466748
 20
211.39846814247954
 10
1128.6754658323032
 20
211.28849994404416
 10
1129.0407624914735
 20
211.13454446623464
 10
1129.378251100465
 20
210.94823053003495
 10
1129.6747860355563
 20
210.74118695642906
 10
1129.9303672967474
 20
210.51341374541695
 10
1130.1449948840384
 20
210.26491089699863
 10
1130.3272640129394
 20
209.98961120022594
 10
1130.48576989896
 20
209.68144744415073
 10
1130.6205125421004
 20
209.34041962877302
 10
1130.7314919423604
 20
208.96652775409277
 10
1130.8182024988278
 20
208.5542102100742
 10
1130.8801386105902
 20
208.09790538668145
 10
1130.9173002776477
 20
207.59761328391457
 10
1130.9296875000002
 20
207.05333390177353
 10
1130.9296875000002
 20
202.53123934174624
  0
LWPOLYLINE
  5
71
330
17
100
AcDbEntity
  8
line engraving
 62
1
420
16711680
100
AcDbPolyline
 90
32
 70
0
 10
1124.0535150920875
 20
204.10062457366985
 10
1124.0535150920875
 20
206.6650324010914
 10
1124.0449198765778
 20
207.1499036760317
 10
1124.019134230048
 20
207.56095721776944
 10
1123.9761581524986
 20
207.89819302630457
 10
1123.9159916439294
 20
208.1616111016371
 10
1123.8123434568984
 20
208.4424724084456
 10
1123.679370416951
 20
208.6864248486528
 10
1123.5170725240878
 20
208.8934684222587
 10
1123.3254497783084
 20
209.0636031292633
 10
1123.1060189823502
 20
209.19632336875426
 10
1122.8602969389497
 20
209.29112353981924
 10
1122.5882836481073
 20
209.34800364245822
 10
1122.289979109823
 20
209.36696367667122
 10
1122.0035561929785
 20
209.3492676447391
 10
1121.7348293080663
 20
209.2961795489427
 10
1121.4837984550863
 20
209.20769938928206
 10
1121.2504636340384
 20
209.08382716575716
 10
1121.0436728608886
 20
208.92709088292975
 10
1120.8722741516033
 20
208.74001854536152
 10
1120.736267506182
 20
208.5226101530525
 10
1120.635652924625
 20
208.2748657060027
 10
1120.5967848544883
 20
208.13165424758057
 10
1120.5630991937032
 20
207.9649323467343
 10
1120.5345959422698
 20
207.77470000346392
 10
1120.511275100188
 20
207.56095721776944
 10
1120.4931366674575
 20
207.32370398965082
 10
1120.4801806440785
 20
207.0629403191081
 10
1120.4724070300513
 20
206.77866620614128
 10
1120.4698158253755
 20
206.47088165075033
 10
1120.4698158253755
 20
204.10062457366985
 10
1124.0535150920875
 20
204.10062457366985
  0
LWPOLYLINE
  5
72
330
17
100
AcDbEntity
  8
line engraving
 62
1
420
16711680
100
AcDbPolyline
 90
32
 70
0
 10
1129.530184174625
 20
204.10062457366985
 10
1129.530184174625
 20
207.05333390177353
 10
1129.5266449682385
 20
207.4052321367667
 10
1129.5160273490792
 20
207.70050306957708
 10
1129.4983313171472
 20
207.93914670020465
 10
1129.4735568724423
 20
208.1211630286494
 10
1129.4169295702595
 20
208.3810418975955
 10
1129.3441230388817
 20
208.61867432639835
 10
1129.2551372783087
 20
208.83406031505797
 10
1129.1499722885405
 20
209.02719986357434
 10
1129.02382486091
 20
209.20112657742155
 10
1128.87189178675
 20
209.35887406207368
 10
1128.69417306606
 20
209.5004423175307
 10
1128.4906686988406
 20
209.62583134379264
 10
1128.2659290933025
 20
209.72846832899899
 10
1128.024504657657
 20
209.80178046128924
 10
1127.766395391904
 20
209.84576774066338
 10
1127.4916012960439
 20
209.86043016712142
 10
1127.17079751716
 20
209.83919492880287
 10
1126.8717345775071
 20
209.7754892138472
 10
1126.594412477085
 20
209.6693130222544
 10
1126.3388312158938
 20
209.52066635402454
 10
1126.1123220071627
 20
209.33435241782485
 10
1125.9222160641202
 20
209.11517442232264
 10
1125.768513386767
 20
208.8631323675179
 10
1125.6512139751026
 20
208.57822625341063
 10
1125.5645034186352
 20
208.2437712498934
 10
1125.5025673068726
 20
207.84308252685878
 10
1125.4654056398153
 20
207.37616008430678
 10
1125.4530184174628
 20
206.8430039222374
 10
1125.4530184174628
 20
204.10062457366985
 10
1129.530184174625
 20
204.10062457366985
  0
LWPOLYLINE
  5
73
330
17
100
AcDbEntity
  8
cut
 62
5
420
255
100
AcDbPolyline
 90
4
 70
1
 10
78.00000000000009
 20
612.0
 42
0.9999999999999999
 10
18.000000000000078
 20
612.0000000000001
 10
18.0
 20
363.0
 42
0.9999999999999999
 10
78.0
 20
363.00000000000006
  0
CIRCLE
  5
74
330
17
100
AcDbEntity
  8
cut
 62
5
420
255
100
AcDbCircle
 10
48.00000000000008
 20
612.0
 30
-2.7755575615628914e-16
 40
10.9
  0
CIRCLE
  5
75
330
17
100
AcDbEntity
  8
cut
 62
5
420
255
100
AcDbCircle
 10
48.00000000000001
 20
363.00000000000006
 30
-2.7755575615628914e-16
 40
10.9
  0
LWPOLYLINE
  5
76
330
17
100
AcDbEntity
  8
line engraving
 62
1
420
16711680
100
AcDbPolyline
 90
7
 70
0
 10
53.92968750000004
 20
487.13855729877224
 10
42.07031250000004
 20
487.13855729877224
 10
42.07031250000004
 20
488.70794253069585
 10
52.53018417462487
 20
488.70794253069585
 10
52.53018417462487
 20
494.54864427012285
 10
53.92968750000004
 20
494.54864427012285
 10
53.92968750000004
 20
487.13855729877224
  0
LWPOLYLINE
  5
77
330
17
100
AcDbEntity
  8
line engraving
 62
1
420
16711680
100
AcDbPolyline
 90
5
 70
0
 10
43.74486272169172
 20
496.2393737210096
 10
42.07031250000004
 20
496.2393737210096
 10
42.07031250000004
 20
497.69550434856757
 10
43.74486272169172
 20
497.69550434856757
 10
43.74486272169172
 20
496.2393737210096
  0
LWPOLYLINE
  5
78
330
17
100
AcDbEntity
  8
line engraving
 62
1
420
16711680
100
AcDbPolyline
 90
5
 70
0
 10
53.92968750000004
 20
496.2393737210096
 10
45.338516797407955
 20
496.2393737210096
 10
45.338516797407955
 20
497.69550434856757
 10
53.92968750000004
 20
497.69550434856757
 10
53.92968750000004
 20
496.2393737210096
  0
LWPOLYLINE
  5
79
330
17
100
AcDbEntity
  8
line engraving
 62
1
420
16711680
100
AcDbPolyline
 90
61
 70
0
 10
53.92968750000004
 20
499.9120587482947
 10
45.338516797407955
 20
499.9120587482947
 10
45.338516797407955
 20
501.2225763130969
 10
46.56004860163715
 20
501.2225763130969
 10
46.228248002909744
 20
501.4723431637961
 10
45.94068748401266
 20
501.7484012619373
 10
45.6973670449459
 20
502.0507506075205
 10
45.49828668570945
 20
502.37939120054574
 10
45.34344640630333
 20
502.734323041013
 10
45.23284620672753
 20
503.1155461289223
 10
45.16648608698205
 20
503.5230604642736
 10
45.14436604706689
 20
503.9568660470669
 10
45.16180927854285
 20
504.33733073360764
 10
45.21413897297071
 20
504.7021217918657
 10
45.30135513035049
 20
505.05123922184094
 10
45.42345775068217
 20
505.38468302353346
 10
45.57387402210526
 20
505.6898131741346
 10
45.746031132759256
 20
505.95398965083564
 10
45.93992908264414
 20
506.1772124536366
 10
46.155567871759935
 20
506.35948158253757
 10
46.392694699650455
 20
506.50913945259214
 10
46.65105676585952
 20
506.63452847885407
 10
46.93065407038715
 20
506.7356486613234
 10
47.23148661323333
 20
506.81250000000006
 10
47.47164704659793
 20
506.8478920638643
 10
47.7876476168145
 20
506.87317210948163
 10
48.17948832388306
 20
506.88834013685204
 10
48.64716916780359
 20
506.8933961459755
 10
53.92968750000004
 20
506.8933961459755
 10
53.92968750000004
 20
505.4372655184175
 10
48.7037964699864
 20
505.4372655184175
 10
48.28692851775669
 20
505.4266478992582
 10
47.92618226679745
 20
505.3947950417804
 10
47.62155771710867
 20
505.341706945984
 10
47.37305486869035
 20
505.2673836118691
 10
47.163736090978894
 20
505.16601062894364
 10
46.97666375341068
 20
505.03177358671564
 10
46.811837855985715
 20
504.8646724851851
 10
46.669258398703995
 20
504.66470732435204
 10
46.55423419114516
 20
504.4389565169893
 10
46.47207404288885
 20
504.19449847586975
 10
46.42277795393507
 20
503.9313332009934
 10
46.406345924283805
 20
503.6494606923602
 10
46.41557314093413
 20
503.4208658798656
 10
46.4432547908851
 20
503.20023428174034
 10
46.489390874136724
 20
502.9875658979846
 10
46.55398139068899
 20
502.7828607285983
 10
46.63702634054191
 20
502.58611877358146
 10
46.73852572369547
 20
502.3973400329341
 10
46.85847954014968
 20
502.2165245066561
 10
46.99688778990454
 20
502.04367219474767
 10
47.16108168618908
 20
501.8853559090692
 10
47.35839244223231
 20
501.7481484614811
 10
47.58882005803424
 20
501.63204985198354
 10
47.85236453359486
 20
501.53706008057645
 10
48.14902586891418
 20
501.4631791472598
 10
48.4788040639922
 20
501.41040705203363
 10
48.84169911882891
 20
501.3787437948979
 10
49.237711033424326
 20
501.3681893758527
 10
53.92968750000004
 20
501.3681893758527
 10
53.92968750000004
 20
499.9120587482947
  0
LWPOLYLINE
  5
7A
330
17
100
AcDbEntity
  8
line engraving
 62
1
420
16711680
100
AcDbPolyline
 90
13
 70
0
 10
53.92968750000004
 20
509.1342193894953
 10
42.07031250000004
 20
509.1342193894953
 10
42.07031250000004
 20
510.59035001705325
 10
48.83323030354711
 20
510.59035001705325
 10
45.338516797407955
 20
514.0365258356071
 10
45.338516797407955
 20
515.9214060368349
 10
48.52582494884042
 20
512.637022510232
 10
53.92968750000004
 20
516.2530802353343
 10
53.92968750000004
 20
514.4571857946795
 10
49.53702677353347
 20
511.6177310709414
 10
50.523959754433875
 20
510.59035001705325
 10
53.92968750000004
 20
510.59035001705325
 10
53.92968750000004
 20
509.1342193894953
  0
LWPOLYLINE
  5
7B
330
17
100
AcDbEntity
  8
line engraving
 62
1
420
16711680
100
AcDbPolyline
 90
60
 70
0
 10
53.92968750000004
 20
517.5312393417463
 10
42.07031250000004
 20
517.5312393417463
 10
42.07031250000004
 20
521.9805273703956
 10
42.0759373101499
 20
522.3118855683248
 10
42.092811740599466
 20
522.6264325359183
 10
42.120935791348735
 20
522.9241682731764
 10
42.16030946239772
 20
523.205092780099
 10
42.21093275374642
 20
523.469206056686
 10
42.27280566539483
 20
523.7165081029375
 10
42.34592819734294
 20
523.9469989188534
 10
42.430300349590766
 20
524.1606785044339
 10
42.63456311817876
 20
524.548980005116
 10
42.88736357435202
 20
524.8927886255117
 10
43.18870171811054
 20
525.1921043656208
 10
43.53857754945434
 20
525.4469272254435
 10
43.91701983234571
 20
525.6504315926629
 10
44.30405733074697
 20
525.7957918549625
 10
44.69969004465813
 20
525.8830080123423
 10
45.10391797407917
 20
525.9120800648022
 10
45.47856825012794
 20
525.8862944182725
 10
45.84209530610509
 20
525.8089374786836
 10
46.19449914201061
 20
525.6800092460352
 10
46.535779757844516
 20
525.4995097203275
 10
46.85531953444752
 20
525.2669333006481
 10
47.14250085266034
 20
524.9817743860847
 10
47.397323712482994
 20
524.6440329766372
 10
47.61978811391546
 20
524.2537090723057
 10
47.70561386878628
 20
524.5149151436467
 10
47.805343648746636
 20
524.7605739869331
 10
47.918977453796515
 20
524.9906856021648
 10
48.046515283935925
 20
525.2052499893418
 10
48.187957139164865
 20
525.4042671484642
 10
48.34330301948333
 20
525.587737079532
 10
48.51255292489133
 20
525.7556597825451
 10
48.695706855388856
 20
525.9080352575035
 10
48.890110406186096
 20
526.0435995021264
 10
49.09310917249322
 20
526.1610885141329
 10
49.30470315431024
 20
526.260502293523
 10
49.52489235163715
 20
526.3418408402968
 10
49.75367676447395
 20
526.4051041544542
 10
49.991056392820646
 20
526.4502922359951
 10
50.237031236677225
 20
526.4774050849197
 10
50.4916012960437
 20
526.4864427012279
 10
50.90088523458821
 20
526.4644490615409
 10
51.29550674667467
 20
526.3984681424796
 10
51.67546583230308
 20
526.2884999440442
 10
52.040762491473444
 20
526.1345444662347
 10
52.378251100464745
 20
525.9482305300351
 10
52.67478603555598
 20
525.7411869564291
 10
52.93036729674714
 20
525.513413745417
 10
53.14499488403824
 20
525.2649108969987
 10
53.32726401293916
 20
524.989611200226
 10
53.4857698989598
 20
524.6814474441508
 10
53.620512542100144
 20
524.340419628773
 10
53.73149194236021
 20
523.9665277540928
 10
53.81820249882764
 20
523.5542102100742
 10
53.88013861059008
 20
523.0979053866815
 10
53.917300277647556
 20
522.5976132839146
 10
53.92968750000004
 20
522.0533339017736
 10
53.92968750000004
 20
517.5312393417463
  0
LWPOLYLINE
  5
7C
330
17
100
AcDbEntity
  8
line engraving
 62
1
420
16711680
100
AcDbPolyline
 90
32
 70
0
 10
47.05351509208735
 20
519.10062457367
 10
47.05351509208735
 20
521.6650324010915
 10
47.04491987657747
 20
522.1499036760318
 10
47.0191342300478
 20
522.5609572177696
 10
46.97615815249834
 20
522.8981930263046
 10
46.915991643929104
 20
523.1616111016372
 10
46.81234345689806
 20
523.4424724084456
 10
46.67937041695093
 20
523.6864248486529
 10
46.517072524087695
 20
523.8934684222587
 10
46.32544977830837
 20
524.0636031292634
 10
46.10601898234997
 20
524.1963233687543
 10
45.86029693894957
 20
524.2911235398193
 10
45.58828364810714
 20
524.3480036424583
 10
45.28997910982269
 20
524.3669636766713
 10
45.00355619297839
 20
524.3492676447391
 10
44.73482930806621
 20
524.2961795489427
 10
44.48379845508616
 20
524.2076993892822
 10
44.25046363403824
 20
524.0838271657573
 10
44.04367286088851
 20
523.9270908829299
 10
43.872274151603044
 20
523.7400185453616
 10
43.736267506181825
 20
523.5226101530526
 10
43.63565292462487
 20
523.2748657060027
 10
43.596784854488234
 20
523.1316542475806
 10
43.563099193703145
 20
522.9649323467344
 10
43.53459594226961
 20
522.774700003464
 10
43.51127510018763
 20
522.5609572177696
 10
43.4931366674572
 20
522.3237039896509
 10
43.48018064407832
 20
522.0629403191082
 10
43.47240703005099
 20
521.7786662061413
 10
43.469815825375214
 20
521.4708816507504
 10
43.469815825375214
 20
519.10062457367
 10
47.05351509208735
 20
519.10062457367
  0
LWPOLYLINE
  5
7D
330
17
100
AcDbEntity
  8
line engraving
 62
1
420
16711680
100
AcDbPolyline
 90
32
 70
0
 10
52.53018417462487
 20
519.10062457367
 10
52.53018417462487
 20
522.0533339017736
 10
52.52664496823844
 20
522.4052321367668
 10
52.51602734907917
 20
522.7005030695772
 10
52.49833131714704
 20
522.9391467002047
 10
52.47355687244206
 20
523.1211630286494
 10
52.41692957025925
 20
523.3810418975955
 10
52.34412303888135
 20
523.6186743263984
 10
52.25513727830837
 20
523.8340603150581
 10
52.14997228854029
 20
524.0271998635744
 10
52.02382486090983
 20
524.2011265774216
 10
51.8718917867497
 20
524.3588740620737
 10
51.694173066059896
 20
524.5004423175308
 10
51.49066869884042
 20
524.6258313437927
 10
51.2659290933024
 20
524.728468328999
 10
51.024504657656934
 20
524.8017804612892
 10
50.766395391904034
 20
524.8457677406634
 10
50.4916012960437
 20
524.8604301671214
 10
50.170797517159826
 20
524.8391949288028
 10
49.871734577506864
 20
524.7754892138472
 10
49.5944124770848
 20
524.6693130222544
 10
49.338831215893634
 20
524.5206663540246
 10
49.11232200716239
 20
524.3343524178249
 10
48.9222160641201
 20
524.1151744223226
 10
48.768513386766756
 20
523.8631323675179
 10
48.651213975102365
 20
523.5782262534107
 10
48.564503418634935
 20
523.2437712498935
 10
48.502567306872486
 20
522.8430825268588
 10
48.46540563981501
 20
522.3761600843069
 10
48.45301841746252
 20
521.8430039222375
 10
48.45301841746252
 20
519.10062457367
 10
52.53018417462487
 20
519.10062457367
  0
LWPOLYLINE
  5
7E
330
17
100
AcDbEntity
  8
cut
 62
5
420
255
100
AcDbPolyline
 90
4
 70
1
 10
297.0
 20
84.00000000000007
 42
0.9999999999999999
 10
297.0
 20
144.00000000000006
 10
47.99999999999997
 20
144.00000000000014
 42
0.9999999999999999
 10
48.0
 20
84.00000000000013
  0
CIRCLE
  5
7F
330
17
100
AcDbEntity
  8
cut
 62
5
420
255
100
AcDbCircle
 10
297.0
 20
114.00000000000007
 30
-2.7755575615628914e-16
 40
10.9
  0
CIRCLE
  5
80
330
17
100
AcDbEntity
  8
cut
 62
5
420
255
100
AcDbCircle
 10
48.0
 20
114.00000000000013
 30
-2.7755575615628914e-16
 40
10.9
  0
LWPOLYLINE
  5
81
330
17
100
AcDbEntity
  8
line engraving
 62
1
420
16711680
100
AcDbPolyline
 90
7
 70
0
 10
172.13855729877216
 20
108.0703125000001
 10
172.13855729877216
 20
119.9296875000001
 10
173.70794253069576
 20
119.9296875000001
 10
173.70794253069576
 20
109.46981582537526
 10
179.5486442701228
 20
109.46981582537526
 10
179.5486442701228
 20
108.0703125000001
 10
172.13855729877216
 20
108.0703125000001
  0
LWPOLYLINE
  5
82
330
17
100
AcDbEntity
  8
line engraving
 62
1
420
16711680
100
AcDbPolyline
 90
5
 70
0
 10
181.23937372100954
 20
118.25513727830842
 10
181.23937372100954
 20
119.9296875000001
 10
182.69550434856754
 20
119.9296875000001
 10
182.69550434856754
 20
118.25513727830842
 10
181.23937372100954
 20
118.25513727830842
  0
LWPOLYLINE
  5
83
330
17
100
AcDbEntity
  8
line engraving
 62
1
420
16711680
100
AcDbPolyline
 90
5
 70
0
 10
181.23937372100954
 20
108.0703125000001
 10
181.23937372100954
 20
116.6614832025922
 10
182.69550434856754
 20
116.6614832025922
 10
182.69550434856754
 20
108.0703125000001
 10
181.23937372100954
 20
108.0703125000001
  0
LWPOLYLINE
  5
84
330
17
100
AcDbEntity
  8
line engraving
 62
1
420
16711680
100
AcDbPolyline
 90
61
 70
0
 10
184.91205874829467
 20
108.0703125000001
 10
184.91205874829467
 20
116.6614832025922
 10
186.22257631309685
 20
116.6614832025922
 10
186.22257631309685
 20
115.439951398363
 10
186.47234316379604
 20
115.77175199709039
 10
186.74840126193723
 20
116.05931251598747
 10
187.05075060752046
 20
116.30263295505424
 10
187.37939120054568
 20
116.50171331429068
 10
187.73432304101297
 20
116.6565535936968
 10
188.11554612892223
 20
116.7671537932726
 10
188.52306046427353
 20
116.83351391301808
 10
188.95686604706685
 20
116.85563395293325
 10
189.33733073360762
 20
116.8381907214573
 10
189.70212179186564
 20
116.78586102702943
 10
190.0512392218409
 20
116.69864486964966
 10
190.38468302353343
 20
116.57654224931797
 10
190.68981317413454
 20
116.42612597789488
 10
190.9539896508356
 20
116.25396886724089
 10
191.1772124536366
 20
116.060070917356
 10
191.3594815825375
 20
115.84443212824021
 10
191.50913945259208
 20
115.6073053003497
 10
191.634528478854
 20
115.34894323414062
 10
191.73564866132332
 20
115.069345929613
 10
191.8125
 20
114.76851338676681
 10
191.84789206386426
 20
114.52835295340222
 10
191.87317210948157
 20
114.21235238318565
 10
191.88834013685198
 20
113.82051167611709
 10
191.89339614597543
 20
113.35283083219656
 10
191.89339614597543
 20
108.0703125000001
 10
190.43726551841746
 20
108.0703125000001
 10
190.43726551841746
 20
113.29620353001374
 10
190.42664789925817
 20
113.71307148224345
 10
190.39479504178036
 20
114.07381773320269
 10
190.34170694598396
 20
114.37844228289147
 10
190.26738361186904
 20
114.62694513130978
 10
190.16601062894355
 20
114.83626390902124
 10
190.03177358671556
 20
115.02333624658945
 10
189.86467248518503
 20
115.18816214401443
 10
189.66470732435198
 20
115.33074160129614
 10
189.43895651698926
 20
115.44576580885497
 10
189.1944984758697
 20
115.52792595711128
 10
188.93133320099335
 20
115.57722204606507
 10
188.64946069236015
 20
115.59365407571633
 10
188.4208658798655
 20
115.584426859066
 10
188.20023428174028
 20
115.55674520911504
 10
187.98756589798452
 20
115.51060912586341
 10
187.78286072859822
 20
115.44601860931115
 10
187.58611877358138
 20
115.36297365945823
 10
187.397340032934
 20
115.26147427630467
 10
187.21652450665607
 20
115.14152045985045
 10
187.04367219474761
 20
115.0031122100956
 10
186.88535590906912
 20
114.83891831381106
 10
186.74814846148107
 20
114.64160755776783
 10
186.6320498519835
 20
114.4111799419659
 10
186.5370600805764
 20
114.14763546640528
 10
186.46317914725978
 20
113.85097413108596
 10
186.4104070520336
 20
113.52119593600794
 10
186.3787437948979
 20
113.15830088117123
 10
186.36818937585267
 20
112.76228896657581
 10
186.36818937585267
 20
108.0703125000001
 10
184.91205874829467
 20
108.0703125000001
  0
LWPOLYLINE
  5
85
330
17
100
AcDbEntity
  8
line engraving
 62
1
420
16711680
100
AcDbPolyline
 90
13
 70
0
 10
194.13421938949523
 20
108.0703125000001
 10
194.13421938949523
 20
119.9296875000001
 10
195.5903500170532
 20
119.9296875000001
 10
195.5903500170532
 20
113.16676969645303
 10
199.0365258356071
 20
116.6614832025922
 10
200.92140603683492
 20
116.6614832025922
 10
197.63702251023193
 20
113.47417505115972
 10
201.25308023533424
 20
108.0703125000001
 10
199.4571857946794
 20
108.0703125000001
 10
196.61773107094135
 20
112.46297322646667
 10
195.5903500170532
 20
111.47604024556627
 10
195.5903500170532
 20
108.0703125000001
 10
194.13421938949523
 20
108.0703125000001
  0
LWPOLYLINE
  5
86
330
17
100
AcDbEntity
  8
line engraving
 62
1
420
16711680
100
AcDbPolyline
 90
60
 70
0
 10
202.53123934174624
 20
108.0703125000001
 10
202.53123934174624
 20
119.9296875000001
 10
206.98052737039563
 20
119.9296875000001
 10
207.31188556832473
 20
119.92406268985025
 10
207.6264325359183
 20
119.90718825940068
 10
207.92416827317638
 20
119.8790642086514
 10
208.2050927800989
 20
119.83969053760242
 10
208.46920605668592
 20
119.78906724625372
 10
208.7165081029374
 20
119.72719433460531
 10
208.94699891885338
 20
119.6540718026572
 10
209.16067850443383
 20
119.56969965040938
 10
209.54898000511596
 20
119.36543688182138
 10
209.8927886255116
 20
119.11263642564812
 10
210.19210436562074
 20
118.81129828188959
 10
210.44692722544337
 20
118.4614224505458
 10
210.65043159266284
 20
118.08298016765443
 10
210.7957918549625
 20
117.69594266925317
 10
210.88300801234226
 20
117.30030995534202
 10
210.91208006480218
 20
116.89608202592098
 10
210.8862944182725
 20
116.52143174987219
 10
210.8089374786835
 20
116.15790469389505
 10
210.68000924603513
 20
115.80550085798953
 10
210.4995097203274
 20
115.46422024215562
 10
210.26693330064802
 20
115.14468046555263
 10
209.98177438608457
 20
114.8574991473398
 10
209.6440329766371
 20
114.60267628751714
 10
209.25370907230558
 20
114.38021188608468
 10
209.51491514364662
 20
114.29438613121386
 10
209.76057398693297
 20
114.19465635125351
 10
209.9906856021647
 20
114.08102254620363
 10
210.20524998934172
 20
113.95348471606422
 10
210.40426714846413
 20
113.81204286083528
 10
210.58773707953188
 20
113.65669698051681
 10
210.75565978254497
 20
113.48744707510882
 10
210.9080352575034
 20
113.3042931446113
 10
211.0435995021263
 20
113.10988959381406
 10
211.16108851413284
 20
112.90689082750693
 10
211.260502293523
 20
112.69529684568991
 10
211.34184084029673
 20
112.475107648363
 10
211.4051041544541
 20
112.24632323552619
 10
211.45029223599508
 20
112.0089436071795
 10
211.47740508491964
 20
111.76296876332292
 10
211.48644270122784
 20
111.50839870395644
 10
211.46444906154076
 20
111.09911476541194
 10
211.39846814247954
 20
110.70449325332547
 10
211.28849994404416
 20
110.32453416769707
 10
211.13454446623464
 20
109.9592375085267
 10
210.94823053003495
 20
109.6217488995354
 10
210.74118695642906
 20
109.32521396444417
 10
210.51341374541695
 20
109.069632703253
 10
210.26491089699863
 20
108.8550051159619
 10
209.98961120022594
 20
108.67273598706097
 10
209.68144744415073
 20
108.51423010104034
 10
209.34041962877302
 20
108.3794874579
 10
208.96652775409277
 20
108.26850805763993
 10
208.5542102100742
 20
108.18179750117251
 10
208.09790538668145
 20
108.11986138941006
 10
207.59761328391457
 20
108.08269972235259
 10
207.05333390177353
 20
108.0703125000001
 10
202.53123934174624
 20
108.0703125000001
  0
LWPOLYLINE
  5
87
330
17
100
AcDbEntity
  8
line engraving
 62
1
420
16711680
100
AcDbPolyline
 90
32
 70
0
 10
204.10062457366985
 20
114.94648490791279
 10
206.6650324010914
 20
114.94648490791279
 10
207.1499036760317
 20
114.95508012342268
 10
207.56095721776944
 20
114.98086576995235
 10
207.89819302630457
 20
115.0238418475018
 10
208.1616111016371
 20
115.08400835607104
 10
208.4424724084456
 20
115.18765654310208
 10
208.6864248486528
 20
115.32062958304921
 10
208.8934684222587
 20
115.48292747591245
 10
209.0636031292633
 20
115.67455022169177
 10
209.19632336875426
 20
115.89398101765016
 10
209.29112353981924
 20
116.13970306105057
 10
209.34800364245822
 20
116.411716351893
 10
209.36696367667122
 20
116.71002089017745
 10
209.3492676447391
 20
116.99644380702175
 10
209.2961795489427
 20
117.26517069193393
 10
209.20769938928206
 20
117.51620154491398
 10
209.08382716575716
 20
117.7495363659619
 10
208.92709088292975
 20
117.95632713911162
 10
208.74001854536152
 20
118.12772584839709
 10
208.5226101530525
 20
118.26373249381831
 10
208.2748657060027
 20
118.36434707537526
 10
208.13165424758057
 20
118.40321514551191
 10
207.9649323467343
 20
118.43690080629699
 10
207.77470000346392
 20
118.46540405773054
 10
207.56095721776944
 20
118.48872489981252
 10
207.32370398965082
 20
118.50686333254295
 10
207.0629403191081
 20
118.51981935592183
 10
206.77866620614128
 20
118.52759296994915
 10
206.47088165075033
 20
118.53018417462494
 10
204.10062457366985
 20
118.53018417462494
 10
204.10062457366985
 20
114.94648490791279
  0
LWPOLYLINE
  5
88
330
17
100
AcDbEntity
  8
line engraving
 62
1
420
16711680
100
AcDbPolyline
 90
32
 70
0
 10
204.10062457366985
 20
109.46981582537526
 10
207.05333390177353
 20
109.46981582537526
 10
207.4052321367667
 20
109.47335503176168
 10
207.70050306957708
 20
109.48397265092098
 10
207.93914670020465
 20
109.5016686828531
 10
208.1211630286494
 20
109.52644312755808
 10
208.3810418975955
 20
109.5830704297409
 10
208.61867432639835
 20
109.65587696111879
 10
208.83406031505797
 20
109.74486272169179
 10
209.02719986357434
 20
109.85002771145986
 10
209.20112657742155
 20
109.97617513909032
 10
209.35887406207368
 20
110.12810821325044
 10
209.5004423175307
 20
110.30582693394025
 10
209.62583134379264
 20
110.50933130115972
 10
209.72846832899899
 20
110.73407090669775
 10
209.80178046128924
 20
110.97549534234321
 10
209.84576774066338
 20
111.2336046080961
 10
209.86043016712142
 20
111.50839870395644
 10
209.83919492880287
 20
111.82920248284032
 10
209.7754892138472
 20
112.12826542249327
 10
209.6693130222544
 20
112.40558752291534
 10
209.52066635402454
 20
112.66116878410651
 10
209.33435241782485
 20
112.88767799283775
 10
209.11517442232264
 20
113.07778393588003
 10
208.8631323675179
 20
113.23148661323339
 10
208.57822625341063
 20
113.34878602489778
 10
208.2437712498934
 20
113.4354965813652
 10
207.84308252685878
 20
113.49743269312765
 10
207.37616008430678
 20
113.53459436018512
 10
206.8430039222374
 20
113.54698158253761
 10
204.10062457366985
 20
113.54698158253761
 10
204.10062457366985
 20
109.46981582537526
  0
LWPOLYLINE
  5
89
330
17
100
AcDbEntity
  8
cut
 62
5
420
255
100
AcDbPolyline
 90
4
 70
1
 10
297.0
 20
150.0000000000001
 42
0.9999999999999999
 10
297.0
 20
210.0000000000001
 10
47.99999999999997
 20
210.0000000000002
 42
0.9999999999999999
 10
48.0
 20
150.00000000000017
  0
CIRCLE
  5
8A
330
17
100
AcDbEntity
  8
cut
 62
5
420
255
100
AcDbCircle
 10
297.0
 20
180.0000000000001
 30
-2.7755575615628914e-16
 40
10.9
  0
CIRCLE
  5
8B
330
17
100
AcDbEntity
  8
cut
 62
5
420
255
100
AcDbCircle
 10
48.0
 20
180.00000000000017
 30
-2.7755575615628914e-16
 40
10.9
  0
LWPOLYLINE
  5
8C
330
17
100
AcDbEntity
  8
line engraving
 62
1
420
16711680
100
AcDbPolyline
 90
7
 70
0
 10
172.13855729877216
 20
174.07031250000017
 10
172.13855729877216
 20
185.92968750000017
 10
173.70794253069576
 20
185.92968750000017
 10
173.70794253069576
 20
175.46981582537535
 10
179.5486442701228
 20
175.46981582537535
 10
179.5486442701228
 20
174.07031250000017
 10
172.13855729877216
 20
174.07031250000017
  0
LWPOLYLINE
  5
8D
330
17
100
AcDbEntity
  8
line engraving
 62
1
420
16711680
100
AcDbPolyline
 90
5
 70
0
 10
181.23937372100954
 20
184.2551372783085
 10
181.23937372100954
 20
185.92968750000017
 10
182.69550434856754
 20
185.92968750000017
 10
182.69550434856754
 20
184.2551372783085
 10
181.23937372100954
 20
184.2551372783085
  0
LWPOLYLINE
  5
8E
330
17
100
AcDbEntity
  8
line engraving
 62
1
420
16711680
100
AcDbPolyline
 90
5
 70
0
 10
181.23937372100954
 20
174.07031250000017
 10
181.23937372100954
 20
182.66148320259225
 10
182.69550434856754
 20
182.66148320259225
 10
182.69550434856754
 20
174.07031250000017
 10
181.23937372100954
 20
174.07031250000017
  0
LWPOLYLINE
  5
8F
330
17
100
AcDbEntity
  8
line engraving
 62
1
420
16711680
100
AcDbPolyline
 90
61
 70
0
 10
184.91205874829467
 20
174.07031250000017
 10
184.91205874829467
 20
182.66148320259225
 10
186.22257631309685
 20
182.66148320259225
 10
186.22257631309685
 20
181.43995139836306
 10
186.47234316379604
 20
181.77175199709046
 10
186.74840126193723
 20
182.05931251598756
 10
187.05075060752046
 20
182.30263295505432
 10
187.37939120054568
 20
182.50171331429075
 10
187.73432304101297
 20
182.65655359369688
 10
188.11554612892223
 20
182.76715379327268
 10
188.52306046427353
 20
182.83351391301815
 10
188.95686604706685
 20
182.85563395293332
 10
189.33733073360762
 20
182.83819072145735
 10
189.70212179186564
 20
182.7858610270295
 10
190.0512392218409
 20
182.6986448696497
 10
190.38468302353343
 20
182.57654224931804
 10
190.68981317413454
 20
182.42612597789494
 10
190.9539896508356
 20
182.25396886724096
 10
191.1772124536366
 20
182.06007091735606
 10
191.3594815825375
 20
181.84443212824027
 10
191.50913945259208
 20
181.60730530034976
 10
191.634528478854
 20
181.34894323414068
 10
191.73564866132332
 20
181.06934592961306
 10
191.8125
 20
180.76851338676687
 10
191.84789206386426
 20
180.52835295340228
 10
191.87317210948157
 20
180.2123523831857
 10
191.88834013685198
 20
179.82051167611715
 10
191.89339614597543
 20
179.35283083219662
 10
191.89339614597543
 20
174.07031250000017
 10
190.43726551841746
 20
174.07031250000017
 10
190.43726551841746
 20
179.29620353001383
 10
190.42664789925817
 20
179.71307148224352
 10
190.39479504178036
 20
180.07381773320276
 10
190.34170694598396
 20
180.37844228289154
 10
190.26738361186904
 20
180.62694513130987
 10
190.16601062894355
 20
180.83626390902134
 10
190.03177358671556
 20
181.02333624658954
 10
189.86467248518503
 20
181.18816214401448
 10
189.66470732435198
 20
181.3307416012962
 10
189.43895651698926
 20
181.44576580885504
 10
189.1944984758697
 20
181.52792595711136
 10
188.93133320099335
 20
181.57722204606515
 10
188.64946069236015
 20
181.59365407571642
 10
188.4208658798655
 20
181.5844268590661
 10
188.20023428174028
 20
181.55674520911512
 10
187.98756589798452
 20
181.5106091258635
 10
187.78286072859822
 20
181.44601860931124
 10
187.58611877358138
 20
181.3629736594583
 10
187.397340032934
 20
181.26147427630474
 10
187.21652450665607
 20
181.14152045985054
 10
187.04367219474761
 20
181.00311221009568
 10
186.88535590906912
 20
180.83891831381115
 10
186.74814846148107
 20
180.6416075577679
 10
186.6320498519835
 20
180.411179941966
 10
186.5370600805764
 20
180.14763546640535
 10
186.46317914725978
 20
179.85097413108605
 10
186.4104070520336
 20
179.521195936008
 10
186.3787437948979
 20
179.1583008811713
 10
186.36818937585267
 20
178.76228896657588
 10
186.36818937585267
 20
174.07031250000017
 10
184.91205874829467
 20
174.07031250000017
  0
LWPOLYLINE
  5
90
330
17
100
AcDbEntity
  8
line engraving
 62
1
420
16711680
100
AcDbPolyline
 90
13
 70
0
 10
194.13421938949523
 20
174.07031250000017
 10
194.13421938949523
 20
185.92968750000017
 10
195.5903500170532
 20
185.92968750000017
 10
195.5903500170532
 20
179.16676969645312
 10
199.0365258356071
 20
182.66148320259225
 10
200.92140603683492
 20
182.66148320259225
 10
197.63702251023193
 20
179.4741750511598
 10
201.25308023533424
 20
174.07031250000017
 10
199.4571857946794
 20
174.07031250000017
 10
196.61773107094135
 20
178.46297322646674
 10
195.5903500170532
 20
177.47604024556634
 10
195.5903500170532
 20
174.07031250000017
 10
194.13421938949523
 20
174.07031250000017
  0
LWPOLYLINE
  5
91
330
17
100
AcDbEntity
  8
line engraving
 62
1
420
16711680
100
AcDbPolyline
 90
60
 70
0
 10
202.53123934174624
 20
174.07031250000017
 10
202.53123934174624
 20
185.92968750000017
 10
206.98052737039563
 20
185.92968750000017
 10
207.31188556832473
 20
185.9240626898503
 10
207.6264325359183
 20
185.90718825940075
 10
207.92416827317638
 20
185.87906420865147
 10
208.2050927800989
 20
185.8396905376025
 10
208.46920605668592
 20
185.7890672462538
 10
208.7165081029374
 20
185.7271943346054
 10
208.94699891885338
 20
185.65407180265728
 10
209.16067850443383
 20
185.56969965040946
 10
209.54898000511596
 20
185.36543688182147
 10
209.8927886255116
 20
185.1126364256482
 10
210.19210436562074
 20
184.81129828188966
 10
210.44692722544337
 20
184.46142245054588
 10
210.65043159266284
 20
184.0829801676545
 10
210.7957918549625
 20
183.69594266925324
 10
210.88300801234226
 20
183.30030995534207
 10
210.91208006480218
 20
182.89608202592103
 10
210.8862944182725
 20
182.52143174987225
 10
210.8089374786835
 20
182.15790469389512
 10
210.68000924603513
 20
181.8055008579896
 10
210.4995097203274
 20
181.4642202421557
 10
210.26693330064802
 20
181.1446804655527
 10
209.98177438608457
 20
180.85749914733987
 10
209.6440329766371
 20
180.60267628751723
 10
209.25370907230558
 20
180.38021188608477
 10
209.51491514364662
 20
180.29438613121394
 10
209.76057398693297
 20
180.1946563512536
 10
209.9906856021647
 20
180.0810225462037
 10
210.20524998934172
 20
179.95348471606428
 10
210.40426714846413
 20
179.81204286083536
 10
210.58773707953188
 20
179.6566969805169
 10
210.75565978254497
 20
179.4874470751089
 10
210.9080352575034
 20
179.30429314461136
 10
211.0435995021263
 20
179.10988959381413
 10
211.16108851413284
 20
178.906890827507
 10
211.260502293523
 20
178.69529684569
 10
211.34184084029673
 20
178.47510764836306
 10
211.4051041544541
 20
178.24632323552626
 10
211.45029223599508
 20
178.0089436071796
 10
211.47740508491964
 20
177.762968763323
 10
211.48644270122784
 20
177.50839870395652
 10
211.46444906154076
 20
177.09911476541203
 10
211.39846814247954
 20
176.70449325332555
 10
211.28849994404416
 20
176.32453416769715
 10
211.13454446623464
 20
175.95923750852677
 10
210.94823053003495
 20
175.62174889953548
 10
210.74118695642906
 20
175.32521396444423
 10
210.51341374541695
 20
175.06963270325306
 10
210.26491089699863
 20
174.85500511596197
 10
209.98961120022594
 20
174.67273598706106
 10
209.68144744415073
 20
174.51423010104043
 10
209.34041962877302
 20
174.37948745790007
 10
208.96652775409277
 20
174.26850805764002
 10
208.5542102100742
 20
174.18179750117258
 10
208.09790538668145
 20
174.11986138941012
 10
207.59761328391457
 20
174.08269972235266
 10
207.05333390177353
 20
174.07031250000017
 10
202.53123934174624
 20
174.07031250000017
  0
LWPOLYLINE
  5
92
330
17
100
AcDbEntity
  8
line engraving
 62
1
420
16711680
100
AcDbPolyline
 90
32
 70
0
 10
204.10062457366985
 20
180.94648490791286
 10
206.6650324010914
 20
180.94648490791286
 10
207.1499036760317
 20
180.95508012342276
 10
207.56095721776944
 20
180.98086576995243
 10
207.89819302630457
 20
181.02384184750187
 10
208.1616111016371
 20
181.0840083560711
 10
208.4424724084456
 20
181.18765654310215
 10
208.6864248486528
 20
181.32062958304928
 10
208.8934684222587
 20
181.48292747591253
 10
209.0636031292633
 20
181.67455022169185
 10
209.19632336875426
 20
181.89398101765025
 10
209.29112353981924
 20
182.13970306105065
 10
209.34800364245822
 20
182.4117163518931
 10
209.36696367667122
 20
182.71002089017753
 10
209.3492676447391
 20
182.99644380702185
 10
209.2961795489427
 20
183.265170691934
 10
209.20769938928206
 20
183.51620154491405
 10
209.08382716575716
 20
183.74953636596197
 10
208.92709088292975
 20
183.9563271391117
 10
208.74001854536152
 20
184.12772584839718
 10
208.5226101530525
 20
184.2637324938184
 10
208.2748657060027
 20
184.36434707537535
 10
208.13165424758057
 20
184.40321514551198
 10
207.9649323467343
 20
184.43690080629707
 10
207.77470000346392
 20
184.4654040577306
 10
207.56095721776944
 20
184.48872489981258
 10
207.32370398965082
 20
184.50686333254302
 10
207.0629403191081
 20
184.5198193559219
 10
206.77866620614128
 20
184.5275929699492
 10
206.47088165075033
 20
184.530184174625
 10
204.10062457366985
 20
184.530184174625
 10
204.10062457366985
 20
180.94648490791286
  0
LWPOLYLINE
  5
93
330
17
100
AcDbEntity
  8
line engraving
 62
1
420
16711680
100
AcDbPolyline
 90
32
 70
0
 10
204.10062457366985
 20
175.46981582537535
 10
207.05333390177353
 20
175.46981582537535
 10
207.4052321367667
 20
175.47335503176177
 10
207.70050306957708
 20
175.48397265092103
 10
207.93914670020465
 20
175.50166868285316
 10
208.1211630286494
 20
175.52644312755814
 10
208.3810418975955
 20
175.58307042974096
 10
208.61867432639835
 20
175.65587696111885
 10
208.83406031505797
 20
175.74486272169185
 10
209.02719986357434
 20
175.85002771145992
 10
209.20112657742155
 20
175.97617513909037
 10
209.35887406207368
 20
176.1281082132505
 10
209.5004423175307
 20
176.30582693394032
 10
209.62583134379264
 20
176.5093313011598
 10
209.72846832899899
 20
176.7340709066978
 10
209.80178046128924
 20
176.9754953423433
 10
209.84576774066338
 20
177.2336046080962
 10
209.86043016712142
 20
177.50839870395652
 10
209.83919492880287
 20
177.82920248284037
 10
209.7754892138472
 20
178.12826542249334
 10
209.6693130222544
 20
178.40558752291543
 10
209.52066635402454
 20
178.6611687841066
 10
209.33435241782485
 20
178.88767799283784
 10
209.11517442232264
 20
179.07778393588012
 10
208.8631323675179
 20
179.23148661323347
 10
208.57822625341063
 20
179.34878602489786
 10
208.2437712498934
 20
179.43549658136527
 10
207.84308252685878
 20
179.49743269312773
 10
207.37616008430678
 20
179.5345943601852
 10
206.8430039222374
 20
179.54698158253768
 10
204.10062457366985
 20
179.54698158253768
 10
204.10062457366985
 20
175.46981582537535
  0
LWPOLYLINE
  5
94
330
17
100
AcDbEntity
  8
cut
 62
5
420
255
100
AcDbPolyline
 90
4
 70
1
 10
297.0
 20
216.00000000000017
 42
0.9999999999999999
 10
297.0
 20
276.00000000000017
 10
47.99999999999997
 20
276.0000000000002
 42
0.9999999999999999
 10
48.0
 20
216.00000000000023
  0
CIRCLE
  5
95
330
17
100
AcDbEntity
  8
cut
 62
5
420
255
100
AcDbCircle
 10
297.0
 20
246.00000000000017
 30
-2.7755575615628914e-16
 40
10.9
  0
CIRCLE
  5
96
330
17
100
AcDbEntity
  8
cut
 62
5
420
255
100
AcDbCircle
 10
48.0
 20
246.00000000000023
 30
-2.7755575615628914e-16
 40
10.9
  0
LWPOLYLINE
  5
97
330
17
100
AcDbEntity
  8
line engraving
 62
1
420
16711680
100
AcDbPolyline
 90
7
 70
0
 10
172.13855729877216
 20
240.07031250000023
 10
172.13855729877216
 20
251.92968750000023
 10
173.70794253069576
 20
251.92968750000023
 10
173.70794253069576
 20
241.4698158253754
 10
179.5486442701228
 20
241.4698158253754
 10
179.5486442701228
 20
240.07031250000023
 10
172.13855729877216
 20
240.07031250000023
  0
LWPOLYLINE
  5
98
330
17
100
AcDbEntity
  8
line engraving
 62
1
420
16711680
100
AcDbPolyline
 90
5
 70
0
 10
181.23937372100954
 20
250.25513727830855
 10
181.23937372100954
 20
251.92968750000023
 10
182.69550434856754
 20
251.92968750000023
 10
182.69550434856754
 20
250.25513727830855
 10
181.23937372100954
 20
250.25513727830855
  0
LWPOLYLINE
  5
99
330
17
100
AcDbEntity
  8
line engraving
 62
1
420
16711680
100
AcDbPolyline
 90
5
 70
0
 10
181.23937372100954
 20
240.07031250000023
 10
181.23937372100954
 20
248.6614832025923
 10
182.69550434856754
 20
248.6614832025923
 10
182.69550434856754
 20
240.07031250000023
 10
181.23937372100954
 20
240.07031250000023
  0
LWPOLYLINE
  5
9A
330
17
100
AcDbEntity
  8
line engraving
 62
1
420
16711680
100
AcDbPolyline
 90
61
 70
0
 10
184.91205874829467
 20
240.07031250000023
 10
184.91205874829467
 20
248.6614832025923
 10
186.22257631309685
 20
248.6614832025923
 10
186.22257631309685
 20
247.43995139836312
 10
186.47234316379604
 20
247.77175199709052
 10
186.74840126193723
 20
248.0593125159876
 10
187.05075060752046
 20
248.30263295505438
 10
187.37939120054568
 20
248.5017133142908
 10
187.73432304101297
 20
248.65655359369694
 10
188.11554612892223
 20
248.76715379327274
 10
188.52306046427353
 20
248.8335139130182
 10
188.95686604706685
 20
248.85563395293337
 10
189.33733073360762
 20
248.8381907214574
 10
189.70212179186564
 20
248.78586102702957
 10
190.0512392218409
 20
248.69864486964977
 10
190.38468302353343
 20
248.5765422493181
 10
190.68981317413454
 20
248.426125977895
 10
190.9539896508356
 20
248.253968867241
 10
191.1772124536366
 20
248.06007091735611
 10
191.3594815825375
 20
247.84443212824033
 10
191.50913945259208
 20
247.60730530034982
 10
191.634528478854
 20
247.34894323414073
 10
191.73564866132332
 20
247.06934592961312
 10
191.8125
 20
246.76851338676693
 10
191.84789206386426
 20
246.52835295340233
 10
191.87317210948157
 20
246.21235238318576
 10
191.88834013685198
 20
245.8205116761172
 10
191.89339614597543
 20
245.35283083219667
 10
191.89339614597543
 20
240.07031250000023
 10
190.43726551841746
 20
240.07031250000023
 10
190.43726551841746
 20
245.29620353001388
 10
190.42664789925817
 20
245.71307148224358
 10
190.39479504178036
 20
246.07381773320282
 10
190.34170694598396
 20
246.3784422828916
 10
190.26738361186904
 20
246.62694513130992
 10
190.16601062894355
 20
246.8362639090214
 10
190.03177358671556
 20
247.0233362465896
 10
189.86467248518503
 20
247.18816214401454
 10
189.66470732435198
 20
247.33074160129627
 10
189.43895651698926
 20
247.4457658088551
 10
189.1944984758697
 20
247.52792595711142
 10
188.93133320099335
 20
247.5772220460652
 10
188.64946069236015
 20
247.59365407571647
 10
188.4208658798655
 20
247.58442685906616
 10
188.20023428174028
 20
247.55674520911518
 10
187.98756589798452
 20
247.51060912586357
 10
187.78286072859822
 20
247.4460186093113
 10
187.58611877358138
 20
247.36297365945836
 10
187.397340032934
 20
247.2614742763048
 10
187.21652450665607
 20
247.1415204598506
 10
187.04367219474761
 20
247.00311221009574
 10
186.88535590906912
 20
246.8389183138112
 10
186.74814846148107
 20
246.64160755776797
 10
186.6320498519835
 20
246.41117994196605
 10
186.5370600805764
 20
246.1476354664054
 10
186.46317914725978
 20
245.8509741310861
 10
186.4104070520336
 20
245.52119593600807
 10
186.3787437948979
 20
245.15830088117136
 10
186.36818937585267
 20
244.76228896657594
 10
186.36818937585267
 20
240.07031250000023
 10
184.91205874829467
 20
240.07031250000023
  0
LWPOLYLINE
  5
9B
330
17
100
AcDbEntity
  8
line engraving
 62
1
420
16711680
100
AcDbPolyline
 90
13
 70
0
 10
194.13421938949523
 20
240.07031250000023
 10
194.13421938949523
 20
251.92968750000023
 10
195.5903500170532
 20
251.92968750000023
 10
195.5903500170532
 20
245.16676969645317
 10
199.0365258356071
 20
248.6614832025923
 10
200.92140603683492
 20
248.6614832025923
 10
197.63702251023193
 20
245.47417505115985
 10
201.25308023533424
 20
240.07031250000023
 10
199.4571857946794
 20
240.07031250000023
 10
196.61773107094135
 20
244.4629732264668
 10
195.5903500170532
 20
243.4760402455664
 10
195.5903500170532
 20
240.07031250000023
 10
194.13421938949523
 20
240.07031250000023
  0
LWPOLYLINE
  5
9C
330
17
100
AcDbEntity
  8
line engraving
 62
1
420
16711680
100
AcDbPolyline
 90
60
 70
0
 10
202.53123934174624
 20
240.07031250000023
 10
202.53123934174624
 20
251.92968750000023
 10
206.98052737039563
 20
251.92968750000023
 10
207.31188556832473
 20
251.92406268985036
 10
207.6264325359183
 20
251.9071882594008
 10
207.92416827317638
 20
251.87906420865153
 10
208.2050927800989
 20
251.83969053760256
 10
208.46920605668592
 20
251.78906724625386
 10
208.7165081029374
 20
251.72719433460546
 10
208.94699891885338
 20
251.65407180265734
 10
209.16067850443383
 20
251.56969965040952
 10
209.54898000511596
 20
251.36543688182152
 10
209.8927886255116
 20
251.11263642564825
 10
210.19210436562074
 20
250.81129828188972
 10
210.44692722544337
 20
250.46142245054594
 10
210.65043159266284
 20
250.08298016765457
 10
210.7957918549625
 20
249.6959426692533
 10
210.88300801234226
 20
249.30030995534213
 10
210.91208006480218
 20
248.8960820259211
 10
210.8862944182725
 20
248.5214317498723
 10
210.8089374786835
 20
248.15790469389518
 10
210.68000924603513
 20
247.80550085798967
 10
210.4995097203274
 20
247.46422024215576
 10
210.26693330064802
 20
247.14468046555277
 10
209.98177438608457
 20
246.85749914733992
 10
209.6440329766371
 20
246.60267628751728
 10
209.25370907230558
 20
246.38021188608482
 10
209.51491514364662
 20
246.294386131214
 10
209.76057398693297
 20
246.19465635125366
 10
209.9906856021647
 20
246.08102254620377
 10
210.20524998934172
 20
245.95348471606434
 10
210.40426714846413
 20
245.81204286083542
 10
210.58773707953188
 20
245.65669698051695
 10
210.75565978254497
 20
245.48744707510895
 10
210.9080352575034
 20
245.30429314461142
 10
211.0435995021263
 20
245.1098895938142
 10
211.16108851413284
 20
244.90689082750706
 10
211.260502293523
 20
244.69529684569005
 10
211.34184084029673
 20
244.47510764836312
 10
211.4051041544541
 20
244.24632323552632
 10
211.45029223599508
 20
244.00894360717965
 10
211.47740508491964
 20
243.76296876332304
 10
211.48644270122784
 20
243.50839870395657
 10
211.46444906154076
 20
243.09911476541208
 10
211.39846814247954
 20
242.7044932533256
 10
211.28849994404416
 20
242.3245341676972
 10
211.13454446623464
 20
241.95923750852683
 10
210.94823053003495
 20
241.62174889953553
 10
210.74118695642906
 20
241.3252139644443
 10
210.51341374541695
 20
241.06963270325312
 10
210.26491089699863
 20
240.85500511596203
 10
209.98961120022594
 20
240.67273598706112
 10
209.68144744415073
 20
240.51423010104048
 10
209.34041962877302
 20
240.37948745790013
 10
208.96652775409277
 20
240.26850805764008
 10
208.5542102100742
 20
240.18179750117264
 10
208.09790538668145
 20
240.11986138941018
 10
207.59761328391457
 20
240.08269972235271
 10
207.05333390177353
 20
240.07031250000023
 10
202.53123934174624
 20
240.07031250000023
  0
LWPOLYLINE
  5
9D
330
17
100
AcDbEntity
  8
line engraving
 62
1
420
16711680
100
AcDbPolyline
 90
32
 70
0
 10
204.10062457366985
 20
246.94648490791292
 10
206.6650324010914
 20
246.94648490791292
 10
207.1499036760317
 20
246.95508012342282
 10
207.56095721776944
 20
246.9808657699525
 10
207.89819302630457
 20
247.02384184750193
 10
208.1616111016371
 20
247.08400835607117
 10
208.4424724084456
 20
247.1876565431022
 10
208.6864248486528
 20
247.32062958304934
 10
208.8934684222587
 20
247.4829274759126
 10
209.0636031292633
 20
247.6745502216919
 10
209.19632336875426
 20
247.8939810176503
 10
209.29112353981924
 20
248.1397030610507
 10
209.34800364245822
 20
248.41171635189315
 10
209.36696367667122
 20
248.7100208901776
 10
209.3492676447391
 20
248.9964438070219
 10
209.2961795489427
 20
249.26517069193406
 10
209.20769938928206
 20
249.5162015449141
 10
209.08382716575716
 20
249.74953636596203
 10
208.92709088292975
 20
249.95632713911175
 10
208.74001854536152
 20
250.12772584839723
 10
208.5226101530525
 20
250.26373249381845
 10
208.2748657060027
 20
250.3643470753754
 10
208.13165424758057
 20
250.40321514551204
 10
207.9649323467343
 20
250.43690080629713
 10
207.77470000346392
 20
250.46540405773067
 10
207.56095721776944
 20
250.48872489981264
 10
207.32370398965082
 20
250.50686333254308
 10
207.0629403191081
 20
250.51981935592195
 10
206.77866620614128
 20
250.52759296994927
 10
206.47088165075033
 20
250.53018417462505
 10
204.10062457366985
 20
250.53018417462505
 10
204.10062457366985
 20
246.94648490791292
  0
LWPOLYLINE
  5
9E
330
17
100
AcDbEntity
  8
line engraving
 62
1
420
16711680
100
AcDbPolyline
 90
32
 70
0
 10
204.10062457366985
 20
241.4698158253754
 10
207.05333390177353
 20
241.4698158253754
 10
207.4052321367667
 20
241.47335503176183
 10
207.70050306957708
 20
241.4839726509211
 10
207.93914670020465
 20
241.50166868285322
 10
208.1211630286494
 20
241.5264431275582
 10
208.3810418975955
 20
241.583070429741
 10
208.61867432639835
 20
241.6558769611189
 10
208.83406031505797
 20
241.7448627216919
 10
209.02719986357434
 20
241.85002771145997
 10
209.20112657742155
 20
241.97617513909043
 10
209.35887406207368
 20
242.12810821325056
 10
209.5004423175307
 20
242.30582693394038
 10
209.62583134379264
 20
242.50933130115985
 10
209.72846832899899
 20
242.73407090669787
 10
209.80178046128924
 20
242.97549534234335
 10
209.84576774066338
 20
243.23360460809624
 10
209.86043016712142
 20
243.50839870395657
 10
209.83919492880287
 20
243.82920248284043
 10
209.7754892138472
 20
244.1282654224934
 10
209.6693130222544
 20
244.40558752291548
 10
209.52066635402454
 20
244.66116878410665
 10
209.33435241782485
 20
244.8876779928379
 10
209.11517442232264
 20
245.07778393588018
 10
208.8631323675179
 20
245.23148661323353
 10
208.57822625341063
 20
245.34878602489792
 10
208.2437712498934
 20
245.43549658136533
 10
207.84308252685878
 20
245.4974326931278
 10
207.37616008430678
 20
245.53459436018525
 10
206.8430039222374
 20
245.54698158253774
 10
204.10062457366985
 20
245.54698158253774
 10
204.10062457366985
 20
241.4698158253754
  0
LWPOLYLINE
  5
9F
330
17
100
AcDbEntity
  8
cut
 62
5
420
255
100
AcDbPolyline
 90
4
 70
1
 10
78.00000000000009
 20
927.0
 42
0.9999999999999999
 10
18.000000000000078
 20
927.0000000000001
 10
18.0
 20
678.0
 42
0.9999999999999999
 10
78.0
 20
678.0
  0
CIRCLE
  5
A0
330
17
100
AcDbEntity
  8
cut
 62
5
420
255
100
AcDbCircle
 10
48.00000000000008
 20
927.0
 30
-2.7755575615628914e-16
 40
10.9
  0
CIRCLE
  5
A1
330
17
100
AcDbEntity
  8
cut
 62
5
420
255
100
AcDbCircle
 10
48.00000000000001
 20
678.0
 30
-2.7755575615628914e-16
 40
10.9
  0
LWPOLYLINE
  5
A2
330
17
100
AcDbEntity
  8
line engraving
 62
1
420
16711680
100
AcDbPolyline
 90
7
 70
0
 10
53.92968750000004
 20
802.1385572987722
 10
42.07031250000004
 20
802.1385572987722
 10
42.07031250000004
 20
803.7079425306957
 10
52.53018417462487
 20
803.7079425306957
 10
52.53018417462487
 20
809.5486442701227
 10
53.92968750000004
 20
809.5486442701227
 10
53.92968750000004
 20
802.1385572987722
  0
LWPOLYLINE
  5
A3
330
17
100
AcDbEntity
  8
line engraving
 62
1
420
16711680
100
AcDbPolyline
 90
5
 70
0
 10
43.74486272169172
 20
811.2393737210095
 10
42.07031250000004
 20
811.2393737210095
 10
42.07031250000004
 20
812.6955043485675
 10
43.74486272169172
 20
812.6955043485675
 10
43.74486272169172
 20
811.2393737210095
  0
LWPOLYLINE
  5
A4
330
17
100
AcDbEntity
  8
line engraving
 62
1
420
16711680
100
AcDbPolyline
 90
5
 70
0
 10
53.92968750000004
 20
811.2393737210095
 10
45.338516797407955
 20
811.2393737210095
 10
45.338516797407955
 20
812.6955043485675
 10
53.92968750000004
 20
812.6955043485675
 10
53.92968750000004
 20
811.2393737210095
  0
LWPOLYLINE
  5
A5
330
17
100
AcDbEntity
  8
line engraving
 62
1
420
16711680
100
AcDbPolyline
 90
61
 70
0
 10
53.92968750000004
 20
814.9120587482947
 10
45.338516797407955
 20
814.9120587482947
 10
45.338516797407955
 20
816.2225763130969
 10
46.56004860163715
 20
816.2225763130969
 10
46.228248002909744
 20
816.472343163796
 10
45.94068748401266
 20
816.7484012619373
 10
45.6973670449459
 20
817.0507506075204
 10
45.49828668570945
 20
817.3793912005457
 10
45.34344640630333
 20
817.7343230410129
 10
45.23284620672753
 20
818.1155461289222
 10
45.16648608698205
 20
818.5230604642735
 10
45.14436604706689
 20
818.9568660470668
 10
45.16180927854285
 20
819.3373307336076
 10
45.21413897297071
 20
819.7021217918656
 10
45.30135513035049
 20
820.0512392218409
 10
45.42345775068217
 20
820.3846830235334
 10
45.57387402210526
 20
820.6898131741345
 10
45.746031132759256
 20
820.9539896508356
 10
45.93992908264414
 20
821.1772124536366
 10
46.155567871759935
 20
821.3594815825376
 10
46.392694699650455
 20
821.5091394525921
 10
46.65105676585952
 20
821.634528478854
 10
46.93065407038715
 20
821.7356486613234
 10
47.23148661323333
 20
821.8125
 10
47.47164704659793
 20
821.8478920638643
 10
47.7876476168145
 20
821.8731721094816
 10
48.17948832388306
 20
821.888340136852
 10
48.64716916780359
 20
821.8933961459754
 10
53.92968750000004
 20
821.8933961459754
 10
53.92968750000004
 20
820.4372655184175
 10
48.7037964699864
 20
820.4372655184175
 10
48.28692851775669
 20
820.4266478992582
 10
47.92618226679745
 20
820.3947950417803
 10
47.62155771710867
 20
820.341706945984
 10
47.37305486869035
 20
820.267383611869
 10
47.163736090978894
 20
820.1660106289436
 10
46.97666375341068
 20
820.0317735867155
 10
46.811837855985715
 20
819.864672485185
 10
46.669258398703995
 20
819.664707324352
 10
46.55423419114516
 20
819.4389565169893
 10
46.47207404288885
 20
819.1944984758698
 10
46.42277795393507
 20
818.9313332009933
 10
46.406345924283805
 20
818.6494606923602
 10
46.41557314093413
 20
818.4208658798656
 10
46.4432547908851
 20
818.2002342817403
 10
46.489390874136724
 20
817.9875658979845
 10
46.55398139068899
 20
817.7828607285983
 10
46.63702634054191
 20
817.5861187735813
 10
46.73852572369547
 20
817.397340032934
 10
46.85847954014968
 20
817.2165245066561
 10
46.99688778990454
 20
817.0436721947476
 10
47.16108168618908
 20
816.8853559090691
 10
47.35839244223231
 20
816.748148461481
 10
47.58882005803424
 20
816.6320498519835
 10
47.85236453359486
 20
816.5370600805765
 10
48.14902586891418
 20
816.4631791472598
 10
48.4788040639922
 20
816.4104070520336
 10
48.84169911882891
 20
816.3787437948979
 10
49.237711033424326
 20
816.3681893758527
 10
53.92968750000004
 20
816.3681893758527
 10
53.92968750000004
 20
814.9120587482947
  0
LWPOLYLINE
  5
A6
330
17
100
AcDbEntity
  8
line engraving
 62
1
420
16711680
100
AcDbPolyline
 90
13
 70
0
 10
53.92968750000004
 20
824.1342193894952
 10
42.07031250000004
 20
824.1342193894952
 10
42.07031250000004
 20
825.5903500170532
 10
48.83323030354711
 20
825.5903500170532
 10
45.338516797407955
 20
829.0365258356071
 10
45.338516797407955
 20
830.9214060368349
 10
48.52582494884042
 20
827.6370225102319
 10
53.92968750000004
 20
831.2530802353342
 10
53.92968750000004
 20
829.4571857946794
 10
49.53702677353347
 20
826.6177310709413
 10
50.523959754433875
 20
825.5903500170532
 10
53.92968750000004
 20
825.5903500170532
 10
53.92968750000004
 20
824.1342193894952
  0
LWPOLYLINE
  5
A7
330
17
100
AcDbEntity
  8
line engraving
 62
1
420
16711680
100
AcDbPolyline
 90
60
 70
0
 10
53.92968750000004
 20
832.5312393417463
 10
42.07031250000004
 20
832.5312393417463
 10
42.07031250000004
 20
836.9805273703956
 10
42.0759373101499
 20
837.3118855683247
 10
42.092811740599466
 20
837.6264325359183
 10
42.120935791348735
 20
837.9241682731763
 10
42.16030946239772
 20
838.2050927800989
 10
42.21093275374642
 20
838.4692060566858
 10
42.27280566539483
 20
838.7165081029374
 10
42.34592819734294
 20
838.9469989188533
 10
42.430300349590766
 20
839.1606785044338
 10
42.63456311817876
 20
839.5489800051159
 10
42.88736357435202
 20
839.8927886255116
 10
43.18870171811054
 20
840.1921043656207
 10
43.53857754945434
 20
840.4469272254433
 10
43.91701983234571
 20
840.6504315926628
 10
44.30405733074697
 20
840.7957918549624
 10
44.69969004465813
 20
840.8830080123422
 10
45.10391797407917
 20
840.9120800648021
 10
45.47856825012794
 20
840.8862944182724
 10
45.84209530610509
 20
840.8089374786834
 10
46.19449914201061
 20
840.6800092460351
 10
46.535779757844516
 20
840.4995097203274
 10
46.85531953444752
 20
840.266933300648
 10
47.14250085266034
 20
839.9817743860846
 10
47.397323712482994
 20
839.6440329766372
 10
47.61978811391546
 20
839.2537090723056
 10
47.70561386878628
 20
839.5149151436466
 10
47.805343648746636
 20
839.760573986933
 10
47.918977453796515
 20
839.9906856021647
 10
48.046515283935925
 20
840.2052499893417
 10
48.187957139164865
 20
840.4042671484642
 10
48.34330301948333
 20
840.587737079532
 10
48.51255292489133
 20
840.755659782545
 10
48.695706855388856
 20
840.9080352575035
 10
48.890110406186096
 20
841.0435995021263
 10
49.09310917249322
 20
841.1610885141329
 10
49.30470315431024
 20
841.260502293523
 10
49.52489235163715
 20
841.3418408402968
 10
49.75367676447395
 20
841.4051041544541
 10
49.991056392820646
 20
841.450292235995
 10
50.237031236677225
 20
841.4774050849196
 10
50.4916012960437
 20
841.4864427012278
 10
50.90088523458821
 20
841.4644490615408
 10
51.29550674667467
 20
841.3984681424795
 10
51.67546583230308
 20
841.2884999440441
 10
52.040762491473444
 20
841.1345444662346
 10
52.378251100464745
 20
840.948230530035
 10
52.67478603555598
 20
840.7411869564291
 10
52.93036729674714
 20
840.513413745417
 10
53.14499488403824
 20
840.2649108969987
 10
53.32726401293916
 20
839.989611200226
 10
53.4857698989598
 20
839.6814474441508
 10
53.620512542100144
 20
839.340419628773
 10
53.73149194236021
 20
838.9665277540928
 10
53.81820249882764
 20
838.5542102100742
 10
53.88013861059008
 20
838.0979053866814
 10
53.917300277647556
 20
837.5976132839146
 10
53.92968750000004
 20
837.0533339017735
 10
53.92968750000004
 20
832.5312393417463
  0
LWPOLYLINE
  5
A8
330
17
100
AcDbEntity
  8
line engraving
 62
1
420
16711680
100
AcDbPolyline
 90
32
 70
0
 10
47.05351509208735
 20
834.1006245736698
 10
47.05351509208735
 20
836.6650324010914
 10
47.04491987657747
 20
837.1499036760317
 10
47.0191342300478
 20
837.5609572177694
 10
46.97615815249834
 20
837.8981930263046
 10
46.915991643929104
 20
838.1616111016372
 10
46.81234345689806
 20
838.4424724084456
 10
46.67937041695093
 20
838.6864248486529
 10
46.517072524087695
 20
838.8934684222587
 10
46.32544977830837
 20
839.0636031292634
 10
46.10601898234997
 20
839.1963233687543
 10
45.86029693894957
 20
839.2911235398192
 10
45.58828364810714
 20
839.3480036424581
 10
45.28997910982269
 20
839.3669636766712
 10
45.00355619297839
 20
839.349267644739
 10
44.73482930806621
 20
839.2961795489426
 10
44.48379845508616
 20
839.2076993892821
 10
44.25046363403824
 20
839.0838271657572
 10
44.04367286088851
 20
838.9270908829297
 10
43.872274151603044
 20
838.7400185453615
 10
43.736267506181825
 20
838.5226101530526
 10
43.63565292462487
 20
838.2748657060027
 10
43.596784854488234
 20
838.1316542475806
 10
43.563099193703145
 20
837.9649323467343
 10
43.53459594226961
 20
837.774700003464
 10
43.51127510018763
 20
837.5609572177694
 10
43.4931366674572
 20
837.3237039896509
 10
43.48018064407832
 20
837.0629403191081
 10
43.47240703005099
 20
836.7786662061413
 10
43.469815825375214
 20
836.4708816507504
 10
43.469815825375214
 20
834.1006245736698
 10
47.05351509208735
 20
834.1006245736698
  0
LWPOLYLINE
  5
A9
330
17
100
AcDbEntity
  8
line engraving
 62
1
420
16711680
100
AcDbPolyline
 90
32
 70
0
 10
52.53018417462487
 20
834.1006245736698
 10
52.53018417462487
 20
837.0533339017735
 10
52.52664496823844
 20
837.4052321367667
 10
52.51602734907917
 20
837.700503069577
 10
52.49833131714704
 20
837.9391467002047
 10
52.47355687244206
 20
838.1211630286493
 10
52.41692957025925
 20
838.3810418975954
 10
52.34412303888135
 20
838.6186743263984
 10
52.25513727830837
 20
838.834060315058
 10
52.14997228854029
 20
839.0271998635743
 10
52.02382486090983
 20
839.2011265774215
 10
51.8718917867497
 20
839.3588740620737
 10
51.694173066059896
 20
839.5004423175307
 10
51.49066869884042
 20
839.6258313437926
 10
51.2659290933024
 20
839.7284683289989
 10
51.024504657656934
 20
839.8017804612892
 10
50.766395391904034
 20
839.8457677406634
 10
50.4916012960437
 20
839.8604301671214
 10
50.170797517159826
 20
839.8391949288028
 10
49.871734577506864
 20
839.7754892138472
 10
49.5944124770848
 20
839.6693130222544
 10
49.338831215893634
 20
839.5206663540246
 10
49.11232200716239
 20
839.3343524178249
 10
48.9222160641201
 20
839.1151744223226
 10
48.768513386766756
 20
838.8631323675179
 10
48.651213975102365
 20
838.5782262534107
 10
48.564503418634935
 20
838.2437712498935
 10
48.502567306872486
 20
837.8430825268588
 10
48.46540563981501
 20
837.3761600843068
 10
48.45301841746252
 20
836.8430039222374
 10
48.45301841746252
 20
834.1006245736698
 10
52.53018417462487
 20
834.1006245736698
  0
LWPOLYLINE
  5
AA
330
17
100
AcDbEntity
  8
cut
 62
5
420
255
100
AcDbPolyline
 90
4
 70
1
 10
297.0
 20
963.0000000000001
 42
0.9999999999999999
 10
297.0
 20
1023.0000000000001
 10
47.99999999999997
 20
1023.0000000000001
 42
0.9999999999999999
 10
48.0
 20
963.0000000000001
  0
CIRCLE
  5
AB
330
17
100
AcDbEntity
  8
cut
 62
5
420
255
100
AcDbCircle
 10
297.0
 20
993.0000000000001
 30
-2.7755575615628914e-16
 40
10.9
  0
CIRCLE
  5
AC
330
17
100
AcDbEntity
  8
cut
 62
5
420
255
100
AcDbCircle
 10
48.0
 20
993.0000000000001
 30
-2.7755575615628914e-16
 40
10.9
  0
LWPOLYLINE
  5
AD
330
17
100
AcDbEntity
  8
line engraving
 62
1
420
16711680
100
AcDbPolyline
 90
7
 70
0
 10
172.13855729877216
 20
987.0703125000001
 10
172.13855729877216
 20
998.9296875000001
 10
173.70794253069576
 20
998.9296875000001
 10
173.70794253069576
 20
988.4698158253752
 10
179.5486442701228
 20
988.4698158253752
 10
179.5486442701228
 20
987.0703125000001
 10
172.13855729877216
 20
987.0703125000001
  0
LWPOLYLINE
  5
AE
330
17
100
AcDbEntity
  8
line engraving
 62
1
420
16711680
100
AcDbPolyline
 90
5
 70
0
 10
181.23937372100954
 20
997.2551372783084
 10
181.23937372100954
 20
998.9296875000001
 10
182.69550434856754
 20
998.9296875000001
 10
182.69550434856754
 20
997.2551372783084
 10
181.23937372100954
 20
997.2551372783084
  0
LWPOLYLINE
  5
AF
330
17
100
AcDbEntity
  8
line engraving
 62
1
420
16711680
100
AcDbPolyline
 90
5
 70
0
 10
181.23937372100954
 20
987.0703125000001
 10
181.23937372100954
 20
995.6614832025922
 10
182.69550434856754
 20
995.6614832025922
 10
182.69550434856754
 20
987.0703125000001
 10
181.23937372100954
 20
987.0703125000001
  0
LWPOLYLINE
  5
B0
330
17
100
AcDbEntity
  8
line engraving
 62
1
420
16711680
100
AcDbPolyline
 90
61
 70
0
 10
184.91205874829467
 20
987.0703125000001
 10
184.91205874829467
 20
995.6614832025922
 10
186.22257631309685
 20
995.6614832025922
 10
186.22257631309685
 20
994.439951398363
 10
186.47234316379604
 20
994.7717519970904
 10
186.74840126193723
 20
995.0593125159875
 10
187.05075060752046
 20
995.3026329550543
 10
187.37939120054568
 20
995.5017133142908
 10
187.73432304101297
 20
995.6565535936969
 10
188.11554612892223
 20
995.7671537932727
 10
188.52306046427353
 20
995.8335139130181
 10
188.95686604706685
 20
995.8556339529333
 10
189.33733073360762
 20
995.8381907214574
 10
189.70212179186564
 20
995.7858610270295
 10
190.0512392218409
 20
995.6986448696497
 10
190.38468302353343
 20
995.576542249318
 10
190.68981317413454
 20
995.4261259778949
 10
190.9539896508356
 20
995.2539688672409
 10
191.1772124536366
 20
995.060070917356
 10
191.3594815825375
 20
994.8444321282402
 10
191.50913945259208
 20
994.6073053003497
 10
191.634528478854
 20
994.3489432341406
 10
191.73564866132332
 20
994.0693459296131
 10
191.8125
 20
993.7685133867668
 10
191.84789206386426
 20
993.5283529534022
 10
191.87317210948157
 20
993.2123523831857
 10
191.88834013685198
 20
992.8205116761171
 10
191.89339614597543
 20
992.3528308321966
 10
191.89339614597543
 20
987.0703125000001
 10
190.43726551841746
 20
987.0703125000001
 10
190.43726551841746
 20
992.2962035300137
 10
190.42664789925817
 20
992.7130714822434
 10
190.39479504178036
 20
993.0738177332028
 10
190.34170694598396
 20
993.3784422828915
 10
190.26738361186904
 20
993.6269451313098
 10
190.16601062894355
 20
993.8362639090212
 10
190.03177358671556
 20
994.0233362465895
 10
189.86467248518503
 20
994.1881621440144
 10
189.66470732435198
 20
994.3307416012962
 10
189.43895651698926
 20
994.445765808855
 10
189.1944984758697
 20
994.5279259571113
 10
188.93133320099335
 20
994.5772220460651
 10
188.64946069236015
 20
994.5936540757164
 10
188.4208658798655
 20
994.5844268590661
 10
188.20023428174028
 20
994.5567452091151
 10
187.98756589798452
 20
994.5106091258634
 10
187.78286072859822
 20
994.4460186093112
 10
187.58611877358138
 20
994.3629736594582
 10
187.397340032934
 20
994.2614742763047
 10
187.21652450665607
 20
994.1415204598505
 10
187.04367219474761
 20
994.0031122100957
 10
186.88535590906912
 20
993.8389183138111
 10
186.74814846148107
 20
993.6416075577679
 10
186.6320498519835
 20
993.4111799419659
 10
186.5370600805764
 20
993.1476354664053
 10
186.46317914725978
 20
992.850974131086
 10
186.4104070520336
 20
992.521195936008
 10
186.3787437948979
 20
992.1583008811713
 10
186.36818937585267
 20
991.7622889665759
 10
186.36818937585267
 20
987.0703125000001
 10
184.91205874829467
 20
987.0703125000001
  0
LWPOLYLINE
  5
B1
330
17
100
AcDbEntity
  8
line engraving
 62
1
420
16711680
100
AcDbPolyline
 90
13
 70
0
 10
194.13421938949523
 20
987.0703125000001
 10
194.13421938949523
 20
998.9296875000001
 10
195.5903500170532
 20
998.9296875000001
 10
195.5903500170532
 20
992.166769696453
 10
199.0365258356071
 20
995.6614832025922
 10
200.92140603683492
 20
995.6614832025922
 10
197.63702251023193
 20
992.4741750511597
 10
201.25308023533424
 20
987.0703125000001
 10
199.4571857946794
 20
987.0703125000001
 10
196.61773107094135
 20
991.4629732264667
 10
195.5903500170532
 20
990.4760402455663
 10
195.5903500170532
 20
987.0703125000001
 10
194.13421938949523
 20
987.0703125000001
  0
LWPOLYLINE
  5
B2
330
17
100
AcDbEntity
  8
line engraving
 62
1
420
16711680
100
AcDbPolyline
 90
60
 70
0
 10
202.53123934174624
 20
987.0703125000001
 10
202.53123934174624
 20
998.9296875000001
 10
206.98052737039563
 20
998.9296875000001
 10
207.31188556832473
 20
998.9240626898503
 10
207.6264325359183
 20
998.9071882594006
 10
207.92416827317638
 20
998.8790642086514
 10
208.2050927800989
 20
998.8396905376025
 10
208.46920605668592
 20
998.7890672462537
 10
208.7165081029374
 20
998.7271943346053
 10
208.94699891885338
 20
998.6540718026572
 10
209.16067850443383
 20
998.5696996504093
 10
209.54898000511596
 20
998.3654368818213
 10
209.8927886255116
 20
998.1126364256481
 10
210.19210436562074
 20
997.8112982818895
 10
210.44692722544337
 20
997.4614224505458
 10
210.65043159266284
 20
997.0829801676545
 10
210.7957918549625
 20
996.6959426692532
 10
210.88300801234226
 20
996.3003099553421
 10
210.91208006480218
 20
995.896082025921
 10
210.8862944182725
 20
995.5214317498722
 10
210.8089374786835
 20
995.157904693895
 10
210.68000924603513
 20
994.8055008579895
 10
210.4995097203274
 20
994.4642202421556
 10
210.26693330064802
 20
994.1446804655527
 10
209.98177438608457
 20
993.8574991473398
 10
209.6440329766371
 20
993.6026762875172
 10
209.25370907230558
 20
993.3802118860847
 10
209.51491514364662
 20
993.2943861312139
 10
209.76057398693297
 20
993.1946563512536
 10
209.9906856021647
 20
993.0810225462037
 10
210.20524998934172
 20
992.9534847160643
 10
210.40426714846413
 20
992.8120428608353
 10
210.58773707953188
 20
992.6566969805168
 10
210.75565978254497
 20
992.4874470751088
 10
210.9080352575034
 20
992.3042931446113
 10
211.0435995021263
 20
992.109889593814
 10
211.16108851413284
 20
991.9068908275069
 10
211.260502293523
 20
991.6952968456899
 10
211.34184084029673
 20
991.4751076483631
 10
211.4051041544541
 20
991.2463232355262
 10
211.45029223599508
 20
991.0089436071795
 10
211.47740508491964
 20
990.762968763323
 10
211.48644270122784
 20
990.5083987039565
 10
211.46444906154076
 20
990.099114765412
 10
211.39846814247954
 20
989.7044932533255
 10
211.28849994404416
 20
989.324534167697
 10
211.13454446623464
 20
988.9592375085267
 10
210.94823053003495
 20
988.6217488995354
 10
210.74118695642906
 20
988.3252139644442
 10
210.51341374541695
 20
988.0696327032531
 10
210.26491089699863
 20
987.855005115962
 10
209.98961120022594
 20
987.6727359870611
 10
209.68144744415073
 20
987.5142301010403
 10
209.34041962877302
 20
987.3794874579
 10
208.96652775409277
 20
987.2685080576399
 10
208.5542102100742
 20
987.1817975011725
 10
208.09790538668145
 20
987.1198613894101
 10
207.59761328391457
 20
987.0826997223526
 10
207.05333390177353
 20
987.0703125000001
 10
202.53123934174624
 20
987.0703125000001
  0
LWPOLYLINE
  5
B3
330
17
100
AcDbEntity
  8
line engraving
 62
1
420
16711680
100
AcDbPolyline
 90
32
 70
0
 10
204.10062457366985
 20
993.9464849079128
 10
206.6650324010914
 20
993.9464849079128
 10
207.1499036760317
 20
993.9550801234227
 10
207.56095721776944
 20
993.9808657699524
 10
207.89819302630457
 20
994.0238418475018
 10
208.1616111016371
 20
994.0840083560711
 10
208.4424724084456
 20
994.1876565431021
 10
208.6864248486528
 20
994.3206295830493
 10
208.8934684222587
 20
994.4829274759124
 10
209.0636031292633
 20
994.6745502216918
 10
209.19632336875426
 20
994.8939810176502
 10
209.29112353981924
 20
995.1397030610506
 10
209.34800364245822
 20
995.411716351893
 10
209.36696367667122
 20
995.7100208901775
 10
209.3492676447391
 20
995.9964438070218
 10
209.2961795489427
 20
996.2651706919339
 10
209.20769938928206
 20
996.516201544914
 10
209.08382716575716
 20
996.749536365962
 10
208.92709088292975
 20
996.9563271391116
 10
208.74001854536152
 20
997.1277258483971
 10
208.5226101530525
 20
997.2637324938183
 10
208.2748657060027
 20
997.3643470753752
 10
208.13165424758057
 20
997.4032151455119
 10
207.9649323467343
 20
997.436900806297
 10
207.77470000346392
 20
997.4654040577306
 10
207.56095721776944
 20
997.4887248998125
 10
207.32370398965082
 20
997.506863332543
 10
207.0629403191081
 20
997.5198193559219
 10
206.77866620614128
 20
997.5275929699492
 10
206.47088165075033
 20
997.530184174625
 10
204.10062457366985
 20
997.530184174625
 10
204.10062457366985
 20
993.9464849079128
  0
LWPOLYLINE
  5
B4
330
17
100
AcDbEntity
  8
line engraving
 62
1
420
16711680
100
AcDbPolyline
 90
32
 70
0
 10
204.10062457366985
 20
988.4698158253752
 10
207.05333390177353
 20
988.4698158253752
 10
207.4052321367667
 20
988.4733550317617
 10
207.70050306957708
 20
988.4839726509209
 10
207.93914670020465
 20
988.501668682853
 10
208.1211630286494
 20
988.5264431275581
 10
208.3810418975955
 20
988.5830704297409
 10
208.61867432639835
 20
988.6558769611188
 10
208.83406031505797
 20
988.7448627216918
 10
209.02719986357434
 20
988.8500277114599
 10
209.20112657742155
 20
988.9761751390903
 10
209.35887406207368
 20
989.1281082132505
 10
209.5004423175307
 20
989.3058269339402
 10
209.62583134379264
 20
989.5093313011597
 10
209.72846832899899
 20
989.7340709066978
 10
209.80178046128924
 20
989.9754953423433
 10
209.84576774066338
 20
990.2336046080961
 10
209.86043016712142
 20
990.5083987039565
 10
209.83919492880287
 20
990.8292024828404
 10
209.7754892138472
 20
991.1282654224933
 10
209.6693130222544
 20
991.4055875229153
 10
209.52066635402454
 20
991.6611687841065
 10
209.33435241782485
 20
991.8876779928378
 10
209.11517442232264
 20
992.07778393588
 10
208.8631323675179
 20
992.2314866132334
 10
208.57822625341063
 20
992.3487860248978
 10
208.2437712498934
 20
992.4354965813652
 10
207.84308252685878
 20
992.4974326931277
 10
207.37616008430678
 20
992.5345943601852
 10
206.8430039222374
 20
992.5469815825377
 10
204.10062457366985
 20
992.5469815825377
 10
204.10062457366985
 20
988.4698158253752
  0
LWPOLYLINE
  5
B5
330
17
100
AcDbEntity
  8
cut
 62
5
420
255
100
AcDbPolyline
 90
4
 70
1
 10
297.0
 20
1029.0
 42
0.9999999999999999
 10
297.0
 20
1089.0
 10
47.99999999999997
 20
1089.0000000000002
 42
0.9999999999999999
 10
48.0
 20
1029.0000000000002
  0
CIRCLE
  5
B6
330
17
100
AcDbEntity
  8
cut
 62
5
420
255
100
AcDbCircle
 10
297.0
 20
1059.0
 30
-2.7755575615628914e-16
 40
10.9
  0
CIRCLE
  5
B7
330
17
100
AcDbEntity
  8
cut
 62
5
420
255
100
AcDbCircle
 10
48.0
 20
1059.0000000000002
 30
-2.7755575615628914e-16
 40
10.9
  0
LWPOLYLINE
  5
B8
330
17
100
AcDbEntity
  8
line engraving
 62
1
420
16711680
100
AcDbPolyline
 90
7
 70
0
 10
172.13855729877216
 20
1053.0703125
 10
172.13855729877216
 20
1064.9296875
 10
173.70794253069576
 20
1064.9296875
 10
173.70794253069576
 20
1054.4698158253752
 10
179.5486442701228
 20
1054.4698158253752
 10
179.5486442701228
 20
1053.0703125
 10
172.13855729877216
 20
1053.0703125
  0
LWPOLYLINE
  5
B9
330
17
100
AcDbEntity
  8
line engraving
 62
1
420
16711680
100
AcDbPolyline
 90
5
 70
0
 10
181.23937372100954
 20
1063.2551372783082
 10
181.23937372100954
 20
1064.9296875
 10
182.69550434856754
 20
1064.9296875
 10
182.69550434856754
 20
1063.2551372783082
 10
181.23937372100954
 20
1063.2551372783082
  0
LWPOLYLINE
  5
BA
330
17
100
AcDbEntity
  8
line engraving
 62
1
420
16711680
100
AcDbPolyline
 90
5
 70
0
 10
181.23937372100954
 20
1053.0703125
 10
181.23937372100954
 20
1061.661483202592
 10
182.69550434856754
 20
1061.661483202592
 10
182.69550434856754
 20
1053.0703125
 10
181.23937372100954
 20
1053.0703125
  0
LWPOLYLINE
  5
BB
330
17
100
AcDbEntity
  8
line engraving
 62
1
420
16711680
100
AcDbPolyline
 90
61
 70
0
 10
184.91205874829467
 20
1053.0703125
 10
184.91205874829467
 20
1061.661483202592
 10
186.22257631309685
 20
1061.661483202592
 10
186.22257631309685
 20
1060.4399513983628
 10
186.47234316379604
 20
1060.7717519970902
 10
186.74840126193723
 20
1061.0593125159874
 10
187.05075060752046
 20
1061.3026329550542
 10
187.37939120054568
 20
1061.5017133142906
 10
187.73432304101297
 20
1061.6565535936968
 10
188.11554612892223
 20
1061.7671537932727
 10
188.52306046427353
 20
1061.8335139130181
 10
188.95686604706685
 20
1061.8556339529332
 10
189.33733073360762
 20
1061.8381907214573
 10
189.70212179186564
 20
1061.7858610270293
 10
190.0512392218409
 20
1061.6986448696496
 10
190.38468302353343
 20
1061.576542249318
 10
190.68981317413454
 20
1061.4261259778948
 10
190.9539896508356
 20
1061.253968867241
 10
191.1772124536366
 20
1061.060070917356
 10
191.3594815825375
 20
1060.8444321282402
 10
191.50913945259208
 20
1060.6073053003497
 10
191.634528478854
 20
1060.3489432341405
 10
191.73564866132332
 20
1060.0693459296128
 10
191.8125
 20
1059.7685133867667
 10
191.84789206386426
 20
1059.5283529534022
 10
191.87317210948157
 20
1059.2123523831856
 10
191.88834013685198
 20
1058.8205116761171
 10
191.89339614597543
 20
1058.3528308321966
 10
191.89339614597543
 20
1053.0703125
 10
190.43726551841746
 20
1053.0703125
 10
190.43726551841746
 20
1058.2962035300136
 10
190.42664789925817
 20
1058.7130714822433
 10
190.39479504178036
 20
1059.0738177332025
 10
190.34170694598396
 20
1059.3784422828915
 10
190.26738361186904
 20
1059.6269451313096
 10
190.16601062894355
 20
1059.8362639090212
 10
190.03177358671556
 20
1060.0233362465895
 10
189.86467248518503
 20
1060.1881621440143
 10
189.66470732435198
 20
1060.330741601296
 10
189.43895651698926
 20
1060.4457658088547
 10
189.1944984758697
 20
1060.5279259571112
 10
188.93133320099335
 20
1060.577222046065
 10
188.64946069236015
 20
1060.5936540757161
 10
188.4208658798655
 20
1060.5844268590658
 10
188.20023428174028
 20
1060.5567452091148
 10
187.98756589798452
 20
1060.5106091258633
 10
187.78286072859822
 20
1060.446018609311
 10
187.58611877358138
 20
1060.362973659458
 10
187.397340032934
 20
1060.2614742763044
 10
187.21652450665607
 20
1060.1415204598502
 10
187.04367219474761
 20
1060.0031122100954
 10
186.88535590906912
 20
1059.8389183138108
 10
186.74814846148107
 20
1059.6416075577677
 10
186.6320498519835
 20
1059.4111799419657
 10
186.5370600805764
 20
1059.147635466405
 10
186.46317914725978
 20
1058.8509741310859
 10
186.4104070520336
 20
1058.5211959360079
 10
186.3787437948979
 20
1058.158300881171
 10
186.36818937585267
 20
1057.7622889665756
 10
186.36818937585267
 20
1053.0703125
 10
184.91205874829467
 20
1053.0703125
  0
LWPOLYLINE
  5
BC
330
17
100
AcDbEntity
  8
line engraving
 62
1
420
16711680
100
AcDbPolyline
 90
13
 70
0
 10
194.13421938949523
 20
1053.0703125
 10
194.13421938949523
 20
1064.9296875
 10
195.5903500170532
 20
1064.9296875
 10
195.5903500170532
 20
1058.166769696453
 10
199.0365258356071
 20
1061.661483202592
 10
200.92140603683492
 20
1061.661483202592
 10
197.63702251023193
 20
1058.4741750511596
 10
201.25308023533424
 20
1053.0703125
 10
199.4571857946794
 20
1053.0703125
 10
196.61773107094135
 20
1057.4629732264666
 10
195.5903500170532
 20
1056.476040245566
 10
195.5903500170532
 20
1053.0703125
 10
194.13421938949523
 20
1053.0703125
  0
LWPOLYLINE
  5
BD
330
17
100
AcDbEntity
  8
line engraving
 62
1
420
16711680
100
AcDbPolyline
 90
60
 70
0
 10
202.53123934174624
 20
1053.0703125
 10
202.53123934174624
 20
1064.9296875
 10
206.98052737039563
 20
1064.9296875
 10
207.31188556832473
 20
1064.9240626898502
 10
207.6264325359183
 20
1064.9071882594005
 10
207.92416827317638
 20
1064.8790642086512
 10
208.2050927800989
 20
1064.8396905376023
 10
208.46920605668592
 20
1064.7890672462536
 10
208.7165081029374
 20
1064.7271943346052
 10
208.94699891885338
 20
1064.6540718026572
 10
209.16067850443383
 20
1064.5696996504093
 10
209.54898000511596
 20
1064.3654368818213
 10
209.8927886255116
 20
1064.112636425648
 10
210.19210436562074
 20
1063.8112982818895
 10
210.44692722544337
 20
1063.4614224505458
 10
210.65043159266284
 20
1063.0829801676543
 10
210.7957918549625
 20
1062.695942669253
 10
210.88300801234226
 20
1062.3003099553418
 10
210.91208006480218
 20
1061.8960820259208
 10
210.8862944182725
 20
1061.5214317498721
 10
210.8089374786835
 20
1061.157904693895
 10
210.68000924603513
 20
1060.8055008579895
 10
210.4995097203274
 20
1060.4642202421555
 10
210.26693330064802
 20
1060.1446804655525
 10
209.98177438608457
 20
1059.8574991473397
 10
209.6440329766371
 20
1059.6026762875172
 10
209.25370907230558
 20
1059.3802118860847
 10
209.51491514364662
 20
1059.2943861312137
 10
209.76057398693297
 20
1059.1946563512533
 10
209.9906856021647
 20
1059.0810225462035
 10
210.20524998934172
 20
1058.9534847160642
 10
210.40426714846413
 20
1058.8120428608352
 10
210.58773707953188
 20
1058.6566969805167
 10
210.75565978254497
 20
1058.4874470751088
 10
210.9080352575034
 20
1058.3042931446112
 10
211.0435995021263
 20
1058.109889593814
 10
211.16108851413284
 20
1057.906890827507
 10
211.260502293523
 20
1057.6952968456899
 10
211.34184084029673
 20
1057.4751076483628
 10
211.4051041544541
 20
1057.246323235526
 10
211.45029223599508
 20
1057.0089436071794
 10
211.47740508491964
 20
1056.7629687633228
 10
211.48644270122784
 20
1056.5083987039563
 10
211.46444906154076
 20
1056.099114765412
 10
211.39846814247954
 20
1055.7044932533254
 10
211.28849994404416
 20
1055.324534167697
 10
211.13454446623464
 20
1054.9592375085267
 10
210.94823053003495
 20
1054.6217488995353
 10
210.74118695642906
 20
1054.3252139644442
 10
210.51341374541695
 20
1054.0696327032529
 10
210.26491089699863
 20
1053.8550051159618
 10
209.98961120022594
 20
1053.6727359870608
 10
209.68144744415073
 20
1053.51423010104
 10
209.34041962877302
 20
1053.3794874578998
 10
208.96652775409277
 20
1053.2685080576398
 10
208.5542102100742
 20
1053.1817975011725
 10
208.09790538668145
 20
1053.1198613894098
 10
207.59761328391457
 20
1053.0826997223526
 10
207.05333390177353
 20
1053.0703125
 10
202.53123934174624
 20
1053.0703125
  0
LWPOLYLINE
  5
BE
330
17
100
AcDbEntity
  8
line engraving
 62
1
420
16711680
100
AcDbPolyline
 90
32
 70
0
 10
204.10062457366985
 20
1059.9464849079127
 10
206.6650324010914
 20
1059.9464849079127
 10
207.1499036760317
 20
1059.9550801234225
 10
207.56095721776944
 20
1059.9808657699523
 10
207.89819302630457
 20
1060.0238418475017
 10
208.1616111016371
 20
1060.0840083560709
 10
208.4424724084456
 20
1060.1876565431019
 10
208.6864248486528
 20
1060.3206295830491
 10
208.8934684222587
 20
1060.4829274759124
 10
209.0636031292633
 20
1060.6745502216918
 10
209.19632336875426
 20
1060.89398101765
 10
209.29112353981924
 20
1061.1397030610506
 10
209.34800364245822
 20
1061.411716351893
 10
209.36696367667122
 20
1061.7100208901772
 10
209.3492676447391
 20
1061.9964438070217
 10
209.2961795489427
 20
1062.265170691934
 10
209.20769938928206
 20
1062.5162015449139
 10
209.08382716575716
 20
1062.7495363659618
 10
208.92709088292975
 20
1062.9563271391116
 10
208.74001854536152
 20
1063.127725848397
 10
208.5226101530525
 20
1063.2637324938182
 10
208.2748657060027
 20
1063.3643470753752
 10
208.13165424758057
 20
1063.403215145512
 10
207.9649323467343
 20
1063.436900806297
 10
207.77470000346392
 20
1063.4654040577304
 10
207.56095721776944
 20
1063.4887248998125
 10
207.32370398965082
 20
1063.5068633325427
 10
207.0629403191081
 20
1063.5198193559218
 10
206.77866620614128
 20
1063.527592969949
 10
206.47088165075033
 20
1063.5301841746248
 10
204.10062457366985
 20
1063.5301841746248
 10
204.10062457366985
 20
1059.9464849079127
  0
LWPOLYLINE
  5
BF
330
17
100
AcDbEntity
  8
line engraving
 62
1
420
16711680
100
AcDbPolyline
 90
32
 70
0
 10
204.10062457366985
 20
1054.4698158253752
 10
207.05333390177353
 20
1054.4698158253752
 10
207.4052321367667
 20
1054.4733550317617
 10
207.70050306957708
 20
1054.4839726509208
 10
207.93914670020465
 20
1054.501668682853
 10
208.1211630286494
 20
1054.526443127558
 10
208.3810418975955
 20
1054.5830704297407
 10
208.61867432639835
 20
1054.6558769611188
 10
208.83406031505797
 20
1054.7448627216916
 10
209.02719986357434
 20
1054.8500277114597
 10
209.20112657742155
 20
1054.9761751390902
 10
209.35887406207368
 20
1055.1281082132505
 10
209.5004423175307
 20
1055.3058269339401
 10
209.62583134379264
 20
1055.5093313011596
 10
209.72846832899899
 20
1055.7340709066978
 10
209.80178046128924
 20
1055.975495342343
 10
209.84576774066338
 20
1056.2336046080961
 10
209.86043016712142
 20
1056.5083987039563
 10
209.83919492880287
 20
1056.8292024828402
 10
209.7754892138472
 20
1057.128265422493
 10
209.6693130222544
 20
1057.4055875229153
 10
209.52066635402454
 20
1057.6611687841064
 10
209.33435241782485
 20
1057.8876779928376
 10
209.11517442232264
 20
1058.07778393588
 10
208.8631323675179
 20
1058.2314866132333
 10
208.57822625341063
 20
1058.3487860248977
 10
208.2437712498934
 20
1058.435496581365
 10
207.84308252685878
 20
1058.4974326931274
 10
207.37616008430678
 20
1058.5345943601849
 10
206.8430039222374
 20
1058.5469815825375
 10
204.10062457366985
 20
1058.5469815825375
 10
204.10062457366985
 20
1054.4698158253752
  0
LWPOLYLINE
  5
C0
330
17
100
AcDbEntity
  8
cut
 62
5
420
255
100
AcDbPolyline
 90
4
 70
1
 10
297.0
 20
1095.0
 42
0.9999999999999999
 10
297.0
 20
1155.0
 10
47.99999999999997
 20
1155.0000000000002
 42
0.9999999999999999
 10
48.0
 20
1095.0000000000002
  0
CIRCLE
  5
C1
330
17
100
AcDbEntity
  8
cut
 62
5
420
255
100
AcDbCircle
 10
297.0
 20
1125.0
 30
-2.7755575615628914e-16
 40
10.9
  0
CIRCLE
  5
C2
330
17
100
AcDbEntity
  8
cut
 62
5
420
255
100
AcDbCircle
 10
48.0
 20
1125.0000000000002
 30
-2.7755575615628914e-16
 40
10.9
  0
LWPOLYLINE
  5
C3
330
17
100
AcDbEntity
  8
line engraving
 62
1
420
16711680
100
AcDbPolyline
 90
7
 70
0
 10
172.13855729877216
 20
1119.0703125
 10
172.13855729877216
 20
1130.9296875
 10
173.70794253069576
 20
1130.9296875
 10
173.70794253069576
 20
1120.4698158253752
 10
179.5486442701228
 20
1120.4698158253752
 10
179.5486442701228
 20
1119.0703125
 10
172.13855729877216
 20
1119.0703125
  0
LWPOLYLINE
  5
C4
330
17
100
AcDbEntity
  8
line engraving
 62
1
420
16711680
100
AcDbPolyline
 90
5
 70
0
 10
181.23937372100954
 20
1129.2551372783082
 10
181.23937372100954
 20
1130.9296875
 10
182.69550434856754
 20
1130.9296875
 10
182.69550434856754
 20
1129.2551372783082
 10
181.23937372100954
 20
1129.2551372783082
  0
LWPOLYLINE
  5
C5
330
17
100
AcDbEntity
  8
line engraving
 62
1
420
16711680
100
AcDbPolyline
 90
5
 70
0
 10
181.23937372100954
 20
1119.0703125
 10
181.23937372100954
 20
1127.661483202592
 10
182.69550434856754
 20
1127.661483202592
 10
182.69550434856754
 20
1119.0703125
 10
181.23937372100954
 20
1119.0703125
  0
LWPOLYLINE
  5
C6
330
17
100
AcDbEntity
  8
line engraving
 62
1
420
16711680
100
AcDbPolyline
 90
61
 70
0
 10
184.91205874829467
 20
1119.0703125
 10
184.91205874829467
 20
1127.661483202592
 10
186.22257631309685
 20
1127.661483202592
 10
186.22257631309685
 20
1126.4399513983628
 10
186.47234316379604
 20
1126.7717519970902
 10
186.74840126193723
 20
1127.0593125159874
 10
187.05075060752046
 20
1127.3026329550542
 10
187.37939120054568
 20
1127.5017133142906
 10
187.73432304101297
 20
1127.6565535936968
 10
188.11554612892223
 20
1127.7671537932727
 10
188.52306046427353
 20
1127.8335139130181
 10
188.95686604706685
 20
1127.8556339529332
 10
189.33733073360762
 20
1127.8381907214573
 10
189.70212179186564
 20
1127.7858610270293
 10
190.0512392218409
 20
1127.6986448696496
 10
190.38468302353343
 20
1127.576542249318
 10
190.68981317413454
 20
1127.4261259778948
 10
190.9539896508356
 20
1127.253968867241
 10
191.1772124536366
 20
1127.060070917356
 10
191.3594815825375
 20
1126.8444321282402
 10
191.50913945259208
 20
1126.6073053003497
 10
191.634528478854
 20
1126.3489432341405
 10
191.73564866132332
 20
1126.0693459296128
 10
191.8125
 20
1125.7685133867667
 10
191.84789206386426
 20
1125.5283529534022
 10
191.87317210948157
 20
1125.2123523831856
 10
191.88834013685198
 20
1124.8205116761171
 10
191.89339614597543
 20
1124.3528308321966
 10
191.89339614597543
 20
1119.0703125
 10
190.43726551841746
 20
1119.0703125
 10
190.43726551841746
 20
1124.2962035300136
 10
190.42664789925817
 20
1124.7130714822433
 10
190.39479504178036
 20
1125.0738177332025
 10
190.34170694598396
 20
1125.3784422828915
 10
190.26738361186904
 20
1125.6269451313096
 10
190.16601062894355
 20
1125.8362639090212
 10
190.03177358671556
 20
1126.0233362465895
 10
189.86467248518503
 20
1126.1881621440143
 10
189.66470732435198
 20
1126.330741601296
 10
189.43895651698926
 20
1126.4457658088547
 10
189.1944984758697
 20
1126.5279259571112
 10
188.93133320099335
 20
1126.577222046065
 10
188.64946069236015
 20
1126.5936540757161
 10
188.4208658798655
 20
1126.5844268590658
 10
188.20023428174028
 20
1126.5567452091148
 10
187.98756589798452
 20
1126.5106091258633
 10
187.78286072859822
 20
1126.446018609311
 10
187.58611877358138
 20
1126.362973659458
 10
187.397340032934
 20
1126.2614742763044
 10
187.21652450665607
 20
1126.1415204598502
 10
187.04367219474761
 20
1126.0031122100954
 10
186.88535590906912
 20
1125.8389183138108
 10
186.74814846148107
 20
1125.6416075577677
 10
186.6320498519835
 20
1125.4111799419657
 10
186.5370600805764
 20
1125.147635466405
 10
186.46317914725978
 20
1124.8509741310859
 10
186.4104070520336
 20
1124.5211959360079
 10
186.3787437948979
 20
1124.158300881171
 10
186.36818937585267
 20
1123.7622889665756
 10
186.36818937585267
 20
1119.0703125
 10
184.91205874829467
 20
1119.0703125
  0
LWPOLYLINE
  5
C7
330
17
100
AcDbEntity
  8
line engraving
 62
1
420
16711680
100
AcDbPolyline
 90
13
 70
0
 10
194.13421938949523
 20
1119.0703125
 10
194.13421938949523
 20
1130.9296875
 10
195.5903500170532
 20
1130.9296875
 10
195.5903500170532
 20
1124.166769696453
 10
199.0365258356071
 20
1127.661483202592
 10
200.92140603683492
 20
1127.661483202592
 10
197.63702251023193
 20
1124.4741750511596
 10
201.25308023533424
 20
1119.0703125
 10
199.4571857946794
 20
1119.0703125
 10
196.61773107094135
 20
1123.4629732264666
 10
195.5903500170532
 20
1122.476040245566
 10
195.5903500170532
 20
1119.0703125
 10
194.13421938949523
 20
1119.0703125
  0
LWPOLYLINE
  5
C8
330
17
100
AcDbEntity
  8
line engraving
 62
1
420
16711680
100
AcDbPolyline
 90
60
 70
0
 10
202.53123934174624
 20
1119.0703125
 10
202.53123934174624
 20
1130.9296875
 10
206.98052737039563
 20
1130.9296875
 10
207.31188556832473
 20
1130.9240626898502
 10
207.6264325359183
 20
1130.9071882594005
 10
207.92416827317638
 20
1130.8790642086512
 10
208.2050927800989
 20
1130.8396905376023
 10
208.46920605668592
 20
1130.7890672462536
 10
208.7165081029374
 20
1130.7271943346052
 10
208.94699891885338
 20
1130.6540718026572
 10
209.16067850443383
 20
1130.5696996504093
 10
209.54898000511596
 20
1130.3654368818213
 10
209.8927886255116
 20
1130.112636425648
 10
210.19210436562074
 20
1129.8112982818895
 10
210.44692722544337
 20
1129.4614224505458
 10
210.65043159266284
 20
1129.0829801676543
 10
210.7957918549625
 20
1128.695942669253
 10
210.88300801234226
 20
1128.3003099553418
 10
210.91208006480218
 20
1127.8960820259208
 10
210.8862944182725
 20
1127.5214317498721
 10
210.8089374786835
 20
1127.157904693895
 10
210.68000924603513
 20
1126.8055008579895
 10
210.4995097203274
 20
1126.4642202421555
 10
210.26693330064802
 20
1126.1446804655525
 10
209.98177438608457
 20
1125.8574991473397
 10
209.6440329766371
 20
1125.6026762875172
 10
209.25370907230558
 20
1125.3802118860847
 10
209.51491514364662
 20
1125.2943861312137
 10
209.76057398693297
 20
1125.1946563512533
 10
209.9906856021647
 20
1125.0810225462035
 10
210.20524998934172
 20
1124.9534847160642
 10
210.40426714846413
 20
1124.8120428608352
 10
210.58773707953188
 20
1124.6566969805167
 10
210.75565978254497
 20
1124.4874470751088
 10
210.9080352575034
 20
1124.3042931446112
 10
211.0435995021263
 20
1124.109889593814
 10
211.16108851413284
 20
1123.906890827507
 10
211.260502293523
 20
1123.6952968456899
 10
211.34184084029673
 20
1123.4751076483628
 10
211.4051041544541
 20
1123.246323235526
 10
211.45029223599508
 20
1123.0089436071794
 10
211.47740508491964
 20
1122.7629687633228
 10
211.48644270122784
 20
1122.5083987039563
 10
211.46444906154076
 20
1122.099114765412
 10
211.39846814247954
 20
1121.7044932533254
 10
211.28849994404416
 20
1121.324534167697
 10
211.13454446623464
 20
1120.9592375085267
 10
210.94823053003495
 20
1120.6217488995353
 10
210.74118695642906
 20
1120.3252139644442
 10
210.51341374541695
 20
1120.0696327032529
 10
210.26491089699863
 20
1119.8550051159618
 10
209.98961120022594
 20
1119.6727359870608
 10
209.68144744415073
 20
1119.51423010104
 10
209.34041962877302
 20
1119.3794874578998
 10
208.96652775409277
 20
1119.2685080576398
 10
208.5542102100742
 20
1119.1817975011725
 10
208.09790538668145
 20
1119.1198613894098
 10
207.59761328391457
 20
1119.0826997223526
 10
207.05333390177353
 20
1119.0703125
 10
202.53123934174624
 20
1119.0703125
  0
LWPOLYLINE
  5
C9
330
17
100
AcDbEntity
  8
line engraving
 62
1
420
16711680
100
AcDbPolyline
 90
32
 70
0
 10
204.10062457366985
 20
1125.9464849079127
 10
206.6650324010914
 20
1125.9464849079127
 10
207.1499036760317
 20
1125.9550801234225
 10
207.56095721776944
 20
1125.9808657699523
 10
207.89819302630457
 20
1126.0238418475017
 10
208.1616111016371
 20
1126.0840083560709
 10
208.4424724084456
 20
1126.1876565431019
 10
208.6864248486528
 20
1126.3206295830491
 10
208.8934684222587
 20
1126.4829274759124
 10
209.0636031292633
 20
1126.6745502216918
 10
209.19632336875426
 20
1126.89398101765
 10
209.29112353981924
 20
1127.1397030610506
 10
209.34800364245822
 20
1127.411716351893
 10
209.36696367667122
 20
1127.7100208901772
 10
209.3492676447391
 20
1127.9964438070217
 10
209.2961795489427
 20
1128.265170691934
 10
209.20769938928206
 20
1128.5162015449139
 10
209.08382716575716
 20
1128.7495363659618
 10
208.92709088292975
 20
1128.9563271391116
 10
208.74001854536152
 20
1129.127725848397
 10
208.5226101530525
 20
1129.2637324938182
 10
208.2748657060027
 20
1129.3643470753752
 10
208.13165424758057
 20
1129.403215145512
 10
207.9649323467343
 20
1129.436900806297
 10
207.77470000346392
 20
1129.4654040577304
 10
207.56095721776944
 20
1129.4887248998125
 10
207.32370398965082
 20
1129.5068633325427
 10
207.0629403191081
 20
1129.5198193559218
 10
206.77866620614128
 20
1129.527592969949
 10
206.47088165075033
 20
1129.5301841746248
 10
204.10062457366985
 20
1129.5301841746248
 10
204.10062457366985
 20
1125.9464849079127
  0
LWPOLYLINE
  5
CA
330
17
100
AcDbEntity
  8
line engraving
 62
1
420
16711680
100
AcDbPolyline
 90
32
 70
0
 10
204.10062457366985
 20
1120.4698158253752
 10
207.05333390177353
 20
1120.4698158253752
 10
207.4052321367667
 20
1120.4733550317617
 10
207.70050306957708
 20
1120.4839726509208
 10
207.93914670020465
 20
1120.501668682853
 10
208.1211630286494
 20
1120.526443127558
 10
208.3810418975955
 20
1120.5830704297407
 10
208.61867432639835
 20
1120.6558769611188
 10
208.83406031505797
 20
1120.7448627216916
 10
209.02719986357434
 20
1120.8500277114597
 10
209.20112657742155
 20
1120.9761751390902
 10
209.35887406207368
 20
1121.1281082132505
 10
209.5004423175307
 20
1121.3058269339401
 10
209.62583134379264
 20
1121.5093313011596
 10
209.72846832899899
 20
1121.7340709066978
 10
209.80178046128924
 20
1121.975495342343
 10
209.84576774066338
 20
1122.2336046080961
 10
209.86043016712142
 20
1122.5083987039563
 10
209.83919492880287
 20
1122.8292024828402
 10
209.7754892138472
 20
1123.128265422493
 10
209.6693130222544
 20
1123.4055875229153
 10
209.52066635402454
 20
1123.6611687841064
 10
209.33435241782485
 20
1123.8876779928376
 10
209.11517442232264
 20
1124.07778393588
 10
208.8631323675179
 20
1124.2314866132333
 10
208.57822625341063
 20
1124.3487860248977
 10
208.2437712498934
 20
1124.435496581365
 10
207.84308252685878
 20
1124.4974326931274
 10
207.37616008430678
 20
1124.5345943601849
 10
206.8430039222374
 20
1124.5469815825375
 10
204.10062457366985
 20
1124.5469815825375
 10
204.10062457366985
 20
1120.4698158253752
  0
LWPOLYLINE
  5
CB
330
17
100
AcDbEntity
  8
cut
 62
5
420
255
100
AcDbPolyline
 90
4
 70
1
 10
612.0000000000001
 20
84.00000000000007
 42
0.9999999999999999
 10
612.0000000000001
 20
144.00000000000006
 10
363.0
 20
144.00000000000014
 42
0.9999999999999999
 10
363.00000000000006
 20
84.00000000000013
  0
CIRCLE
  5
CC
330
17
100
AcDbEntity
  8
cut
 62
5
420
255
100
AcDbCircle
 10
612.0000000000001
 20
114.00000000000007
 30
-2.7755575615628914e-16
 40
10.9
  0
CIRCLE
  5
CD
330
17
100
AcDbEntity
  8
cut
 62
5
420
255
100
AcDbCircle
 10
363.00000000000006
 20
114.00000000000013
 30
-2.7755575615628914e-16
 40
10.9
  0
LWPOLYLINE
  5
CE
330
17
100
AcDbEntity
  8
line engraving
 62
1
420
16711680
100
AcDbPolyline
 90
7
 70
0
 10
487.13855729877224
 20
108.0703125000001
 10
487.13855729877224
 20
119.9296875000001
 10
488.70794253069585
 20
119.9296875000001
 10
488.70794253069585
 20
109.46981582537526
 10
494.54864427012285
 20
109.46981582537526
 10
494.54864427012285
 20
108.0703125000001
 10
487.13855729877224
 20
108.0703125000001
  0
LWPOLYLINE
  5
CF
330
17
100
AcDbEntity
  8
line engraving
 62
1
420
16711680
100
AcDbPolyline
 90
5
 70
0
 10
496.2393737210096
 20
118.25513727830842
 10
496.2393737210096
 20
119.9296875000001
 10
497.69550434856757
 20
119.9296875000001
 10
497.69550434856757
 20
118.25513727830842
 10
496.2393737210096
 20
118.25513727830842
  0
LWPOLYLINE
  5
D0
330
17
100
AcDbEntity
  8
line engraving
 62
1
420
16711680
100
AcDbPolyline
 90
5
 70
0
 10
496.2393737210096
 20
108.0703125000001
 10
496.2393737210096
 20
116.6614832025922
 10
497.69550434856757
 20
116.6614832025922
 10
497.69550434856757
 20
108.0703125000001
 10
496.2393737210096
 20
108.0703125000001
  0
LWPOLYLINE
  5
D1
330
17
100
AcDbEntity
  8
line engraving
 62
1
420
16711680
100
AcDbPolyline
 90
61
 70
0
 10
499.9120587482947
 20
108.0703125000001
 10
499.9120587482947
 20
116.6614832025922
 10
501.2225763130969
 20
116.6614832025922
 10
501.2225763130969
 20
115.439951398363
 10
501.4723431637961
 20
115.77175199709039
 10
501.7484012619373
 20
116.05931251598747
 10
502.0507506075205
 20
116.30263295505424
 10
502.37939120054574
 20
116.50171331429068
 10
502.734323041013
 20
116.6565535936968
 10
503.1155461289223
 20
116.7671537932726
 10
503.5230604642736
 20
116.83351391301808
 10
503.9568660470669
 20
116.85563395293325
 10
504.33733073360764
 20
116.8381907214573
 10
504.7021217918657
 20
116.78586102702943
 10
505.05123922184094
 20
116.69864486964966
 10
505.38468302353346
 20
116.57654224931797
 10
505.6898131741346
 20
116.42612597789488
 10
505.95398965083564
 20
116.25396886724089
 10
506.1772124536366
 20
116.060070917356
 10
506.35948158253757
 20
115.84443212824021
 10
506.50913945259214
 20
115.6073053003497
 10
506.63452847885407
 20
115.34894323414062
 10
506.7356486613234
 20
115.069345929613
 10
506.81250000000006
 20
114.76851338676681
 10
506.8478920638643
 20
114.52835295340222
 10
506.87317210948163
 20
114.21235238318565
 10
506.88834013685204
 20
113.82051167611709
 10
506.8933961459755
 20
113.35283083219656
 10
506.8933961459755
 20
108.0703125000001
 10
505.4372655184175
 20
108.0703125000001
 10
505.4372655184175
 20
113.29620353001374
 10
505.4266478992582
 20
113.71307148224345
 10
505.3947950417804
 20
114.07381773320269
 10
505.341706945984
 20
114.37844228289147
 10
505.2673836118691
 20
114.62694513130978
 10
505.16601062894364
 20
114.83626390902124
 10
505.03177358671564
 20
115.02333624658945
 10
504.8646724851851
 20
115.18816214401443
 10
504.66470732435204
 20
115.33074160129614
 10
504.4389565169893
 20
115.44576580885497
 10
504.19449847586975
 20
115.52792595711128
 10
503.9313332009934
 20
115.57722204606507
 10
503.6494606923602
 20
115.59365407571633
 10
503.4208658798656
 20
115.584426859066
 10
503.20023428174034
 20
115.55674520911504
 10
502.9875658979846
 20
115.51060912586341
 10
502.7828607285983
 20
115.44601860931115
 10
502.58611877358146
 20
115.36297365945823
 10
502.3973400329341
 20
115.26147427630467
 10
502.2165245066561
 20
115.14152045985045
 10
502.04367219474767
 20
115.0031122100956
 10
501.8853559090692
 20
114.83891831381106
 10
501.7481484614811
 20
114.64160755776783
 10
501.63204985198354
 20
114.4111799419659
 10
501.53706008057645
 20
114.14763546640528
 10
501.4631791472598
 20
113.85097413108596
 10
501.41040705203363
 20
113.52119593600794
 10
501.3787437948979
 20
113.15830088117123
 10
501.3681893758527
 20
112.76228896657581
 10
501.3681893758527
 20
108.0703125000001
 10
499.9120587482947
 20
108.0703125000001
  0
LWPOLYLINE
  5
D2
330
17
100
AcDbEntity
  8
line engraving
 62
1
420
16711680
100
AcDbPolyline
 90
13
 70
0
 10
509.1342193894953
 20
108.0703125000001
 10
509.1342193894953
 20
119.9296875000001
 10
510.59035001705325
 20
119.9296875000001
 10
510.59035001705325
 20
113.16676969645303
 10
514.0365258356071
 20
116.6614832025922
 10
515.9214060368349
 20
116.6614832025922
 10
512.637022510232
 20
113.47417505115972
 10
516.2530802353343
 20
108.0703125000001
 10
514.4571857946795
 20
108.0703125000001
 10
511.6177310709414
 20
112.46297322646667
 10
510.59035001705325
 20
111.47604024556627
 10
510.59035001705325
 20
108.0703125000001
 10
509.1342193894953
 20
108.0703125000001
  0
LWPOLYLINE
  5
D3
330
17
100
AcDbEntity
  8
line engraving
 62
1
420
16711680
100
AcDbPolyline
 90
60
 70
0
 10
517.5312393417463
 20
108.0703125000001
 10
517.5312393417463
 20
119.9296875000001
 10
521.9805273703956
 20
119.9296875000001
 10
522.3118855683248
 20
119.92406268985025
 10
522.6264325359183
 20
119.90718825940068
 10
522.9241682731764
 20
119.8790642086514
 10
523.205092780099
 20
119.83969053760242
 10
523.469206056686
 20
119.78906724625372
 10
523.7165081029375
 20
119.72719433460531
 10
523.9469989188534
 20
119.6540718026572
 10
524.1606785044339
 20
119.56969965040938
 10
524.548980005116
 20
119.36543688182138
 10
524.8927886255117
 20
119.11263642564812
 10
525.1921043656208
 20
118.81129828188959
 10
525.4469272254435
 20
118.4614224505458
 10
525.6504315926629
 20
118.08298016765443
 10
525.7957918549625
 20
117.69594266925317
 10
525.8830080123423
 20
117.30030995534202
 10
525.9120800648022
 20
116.89608202592098
 10
525.8862944182725
 20
116.52143174987219
 10
525.8089374786836
 20
116.15790469389505
 10
525.6800092460352
 20
115.80550085798953
 10
525.4995097203275
 20
115.46422024215562
 10
525.2669333006481
 20
115.14468046555263
 10
524.9817743860847
 20
114.8574991473398
 10
524.6440329766372
 20
114.60267628751714
 10
524.2537090723057
 20
114.38021188608468
 10
524.5149151436467
 20
114.29438613121386
 10
524.7605739869331
 20
114.19465635125351
 10
524.9906856021648
 20
114.08102254620363
 10
525.2052499893418
 20
113.95348471606422
 10
525.4042671484642
 20
113.81204286083528
 10
525.587737079532
 20
113.65669698051681
 10
525.7556597825451
 20
113.48744707510882
 10
525.9080352575035
 20
113.3042931446113
 10
526.0435995021264
 20
113.10988959381406
 10
526.1610885141329
 20
112.90689082750693
 10
526.260502293523
 20
112.69529684568991
 10
526.3418408402968
 20
112.475107648363
 10
526.4051041544542
 20
112.24632323552619
 10
526.4502922359951
 20
112.0089436071795
 10
526.4774050849197
 20
111.76296876332292
 10
526.4864427012279
 20
111.50839870395644
 10
526.4644490615409
 20
111.09911476541194
 10
526.3984681424796
 20
110.70449325332547
 10
526.2884999440442
 20
110.32453416769707
 10
526.1345444662347
 20
109.9592375085267
 10
525.9482305300351
 20
109.6217488995354
 10
525.7411869564291
 20
109.32521396444417
 10
525.513413745417
 20
109.069632703253
 10
525.2649108969987
 20
108.8550051159619
 10
524.989611200226
 20
108.67273598706097
 10
524.6814474441508
 20
108.51423010104034
 10
524.340419628773
 20
108.3794874579
 10
523.9665277540928
 20
108.26850805763993
 10
523.5542102100742
 20
108.18179750117251
 10
523.0979053866815
 20
108.11986138941006
 10
522.5976132839146
 20
108.08269972235259
 10
522.0533339017736
 20
108.0703125000001
 10
517.5312393417463
 20
108.0703125000001
  0
LWPOLYLINE
  5
D4
330
17
100
AcDbEntity
  8
line engraving
 62
1
420
16711680
100
AcDbPolyline
 90
32
 70
0
 10
519.10062457367
 20
114.94648490791279
 10
521.6650324010915
 20
114.94648490791279
 10
522.1499036760318
 20
114.95508012342268
 10
522.5609572177696
 20
114.98086576995235
 10
522.8981930263046
 20
115.0238418475018
 10
523.1616111016372
 20
115.08400835607104
 10
523.4424724084456
 20
115.18765654310208
 10
523.6864248486529
 20
115.32062958304921
 10
523.8934684222587
 20
115.48292747591245
 10
524.0636031292634
 20
115.67455022169177
 10
524.1963233687543
 20
115.89398101765016
 10
524.2911235398193
 20
116.13970306105057
 10
524.3480036424583
 20
116.411716351893
 10
524.3669636766713
 20
116.71002089017745
 10
524.3492676447391
 20
116.99644380702175
 10
524.2961795489427
 20
117.26517069193393
 10
524.2076993892822
 20
117.51620154491398
 10
524.0838271657573
 20
117.7495363659619
 10
523.9270908829299
 20
117.95632713911162
 10
523.7400185453616
 20
118.12772584839709
 10
523.5226101530526
 20
118.26373249381831
 10
523.2748657060027
 20
118.36434707537526
 10
523.1316542475806
 20
118.40321514551191
 10
522.9649323467344
 20
118.43690080629699
 10
522.774700003464
 20
118.46540405773054
 10
522.5609572177696
 20
118.48872489981252
 10
522.3237039896509
 20
118.50686333254295
 10
522.0629403191082
 20
118.51981935592183
 10
521.7786662061413
 20
118.52759296994915
 10
521.4708816507504
 20
118.53018417462494
 10
519.10062457367
 20
118.53018417462494
 10
519.10062457367
 20
114.94648490791279
  0
LWPOLYLINE
  5
D5
330
17
100
AcDbEntity
  8
line engraving
 62
1
420
16711680
100
AcDbPolyline
 90
32
 70
0
 10
519.10062457367
 20
109.46981582537526
 10
522.0533339017736
 20
109.46981582537526
 10
522.4052321367668
 20
109.47335503176168
 10
522.7005030695772
 20
109.48397265092098
 10
522.9391467002047
 20
109.5016686828531
 10
523.1211630286494
 20
109.52644312755808
 10
523.3810418975955
 20
109.5830704297409
 10
523.6186743263984
 20
109.65587696111879
 10
523.8340603150581
 20
109.74486272169179
 10
524.0271998635744
 20
109.85002771145986
 10
524.2011265774216
 20
109.97617513909032
 10
524.3588740620737
 20
110.12810821325044
 10
524.5004423175308
 20
110.30582693394025
 10
524.6258313437927
 20
110.50933130115972
 10
524.728468328999
 20
110.73407090669775
 10
524.8017804612892
 20
110.97549534234321
 10
524.8457677406634
 20
111.2336046080961
 10
524.8604301671214
 20
111.50839870395644
 10
524.8391949288028
 20
111.82920248284032
 10
524.7754892138472
 20
112.12826542249327
 10
524.6693130222544
 20
112.40558752291534
 10
524.5206663540246
 20
112.66116878410651
 10
524.3343524178249
 20
112.88767799283775
 10
524.1151744223226
 20
113.07778393588003
 10
523.8631323675179
 20
113.23148661323339
 10
523.5782262534107
 20
113.34878602489778
 10
523.2437712498935
 20
113.4354965813652
 10
522.8430825268588
 20
113.49743269312765
 10
522.3761600843069
 20
113.53459436018512
 10
521.8430039222375
 20
113.54698158253761
 10
519.10062457367
 20
113.54698158253761
 10
519.10062457367
 20
109.46981582537526
  0
LWPOLYLINE
  5
D6
330
17
100
AcDbEntity
  8
cut
 62
5
420
255
100
AcDbPolyline
 90
4
 70
1
 10
927.0000000000001
 20
84.00000000000007
 42
0.9999999999999999
 10
927.0000000000001
 20
144.00000000000006
 10
678.0
 20
144.00000000000014
 42
0.9999999999999999
 10
678.0
 20
84.00000000000013
  0
CIRCLE
  5
D7
330
17
100
AcDbEntity
  8
cut
 62
5
420
255
100
AcDbCircle
 10
927.0000000000001
 20
114.00000000000007
 30
-2.7755575615628914e-16
 40
10.9
  0
CIRCLE
  5
D8
330
17
100
AcDbEntity
  8
cut
 62
5
420
255
100
AcDbCircle
 10
678.0
 20
114.00000000000013
 30
-2.7755575615628914e-16
 40
10.9
  0
LWPOLYLINE
  5
D9
330
17
100
AcDbEntity
  8
line engraving
 62
1
420
16711680
100
AcDbPolyline
 90
7
 70
0
 10
802.1385572987722
 20
108.0703125000001
 10
802.1385572987722
 20
119.9296875000001
 10
803.7079425306957
 20
119.9296875000001
 10
803.7079425306957
 20
109.46981582537526
 10
809.5486442701227
 20
109.46981582537526
 10
809.5486442701227
 20
108.0703125000001
 10
802.1385572987722
 20
108.0703125000001
  0
LWPOLYLINE
  5
DA
330
17
100
AcDbEntity
  8
line engraving
 62
1
420
16711680
100
AcDbPolyline
 90
5
 70
0
 10
811.2393737210095
 20
118.25513727830842
 10
811.2393737210095
 20
119.9296875000001
 10
812.6955043485675
 20
119.9296875000001
 10
812.6955043485675
 20
118.25513727830842
 10
811.2393737210095
 20
118.25513727830842
  0
LWPOLYLINE
  5
DB
330
17
100
AcDbEntity
  8
line engraving
 62
1
420
16711680
100
AcDbPolyline
 90
5
 70
0
 10
811.2393737210095
 20
108.0703125000001
 10
811.2393737210095
 20
116.6614832025922
 10
812.6955043485675
 20
116.6614832025922
 10
812.6955043485675
 20
108.0703125000001
 10
811.2393737210095
 20
108.0703125000001
  0
LWPOLYLINE
  5
DC
330
17
100
AcDbEntity
  8
line engraving
 62
1
420
16711680
100
AcDbPolyline
 90
61
 70
0
 10
814.9120587482947
 20
108.0703125000001
 10
814.9120587482947
 20
116.6614832025922
 10
816.2225763130969
 20
116.6614832025922
 10
816.2225763130969
 20
115.439951398363
 10
816.472343163796
 20
115.77175199709039
 10
816.7484012619373
 20
116.05931251598747
 10
817.0507506075204
 20
116.30263295505424
 10
817.3793912005457
 20
116.50171331429068
 10
817.7343230410129
 20
116.6565535936968
 10
818.1155461289222
 20
116.7671537932726
 10
818.5230604642735
 20
116.83351391301808
 10
818.9568660470668
 20
116.85563395293325
 10
819.3373307336076
 20
116.8381907214573
 10
819.7021217918656
 20
116.78586102702943
 10
820.0512392218409
 20
116.69864486964966
 10
820.3846830235334
 20
116.57654224931797
 10
820.6898131741345
 20
116.42612597789488
 10
820.9539896508356
 20
116.25396886724089
 10
821.1772124536366
 20
116.060070917356
 10
821.3594815825376
 20
115.84443212824021
 10
821.5091394525921
 20
115.6073053003497
 10
821.634528478854
 20
115.34894323414062
 10
821.7356486613234
 20
115.069345929613
 10
821.8125
 20
114.76851338676681
 10
821.8478920638643
 20
114.52835295340222
 10
821.8731721094816
 20
114.21235238318565
 10
821.888340136852
 20
113.82051167611709
 10
821.8933961459754
 20
113.35283083219656
 10
821.8933961459754
 20
108.0703125000001
 10
820.4372655184175
 20
108.0703125000001
 10
820.4372655184175
 20
113.29620353001374
 10
820.4266478992582
 20
113.71307148224345
 10
820.3947950417803
 20
114.07381773320269
 10
820.341706945984
 20
114.37844228289147
 10
820.267383611869
 20
114.62694513130978
 10
820.1660106289436
 20
114.83626390902124
 10
820.0317735867155
 20
115.02333624658945
 10
819.864672485185
 20
115.18816214401443
 10
819.664707324352
 20
115.33074160129614
 10
819.4389565169893
 20
115.44576580885497
 10
819.1944984758698
 20
115.52792595711128
 10
818.9313332009933
 20
115.57722204606507
 10
818.6494606923602
 20
115.59365407571633
 10
818.4208658798656
 20
115.584426859066
 10
818.2002342817403
 20
115.55674520911504
 10
817.9875658979845
 20
115.51060912586341
 10
817.7828607285983
 20
115.44601860931115
 10
817.5861187735813
 20
115.36297365945823
 10
817.397340032934
 20
115.26147427630467
 10
817.2165245066561
 20
115.14152045985045
 10
817.0436721947476
 20
115.0031122100956
 10
816.8853559090691
 20
114.83891831381106
 10
816.748148461481
 20
114.64160755776783
 10
816.6320498519835
 20
114.4111799419659
 10
816.5370600805765
 20
114.14763546640528
 10
816.4631791472598
 20
113.85097413108596
 10
816.4104070520336
 20
113.52119593600794
 10
816.3787437948979
 20
113.15830088117123
 10
816.3681893758527
 20
112.76228896657581
 10
816.3681893758527
 20
108.0703125000001
 10
814.9120587482947
 20
108.0703125000001
  0
LWPOLYLINE
  5
DD
330
17
100
AcDbEntity
  8
line engraving
 62
1
420
16711680
100
AcDbPolyline
 90
13
 70
0
 10
824.1342193894952
 20
108.0703125000001
 10
824.1342193894952
 20
119.9296875000001
 10
825.5903500170532
 20
119.9296875000001
 10
825.5903500170532
 20
113.16676969645303
 10
829.0365258356071
 20
116.6614832025922
 10
830.9214060368349
 20
116.6614832025922
 10
827.6370225102319
 20
113.47417505115972
 10
831.2530802353342
 20
108.0703125000001
 10
829.4571857946794
 20
108.0703125000001
 10
826.6177310709413
 20
112.46297322646667
 10
825.5903500170532
 20
111.47604024556627
 10
825.5903500170532
 20
108.0703125000001
 10
824.1342193894952
 20
108.0703125000001
  0
LWPOLYLINE
  5
DE
330
17
100
AcDbEntity
  8
line engraving
 62
1
420
16711680
100
AcDbPolyline
 90
60
 70
0
 10
832.5312393417463
 20
108.0703125000001
 10
832.5312393417463
 20
119.9296875000001
 10
836.9805273703956
 20
119.9296875000001
 10
837.3118855683247
 20
119.92406268985025
 10
837.6264325359183
 20
119.90718825940068
 10
837.9241682731763
 20
119.8790642086514
 10
838.2050927800989
 20
119.83969053760242
 10
838.4692060566858
 20
119.78906724625372
 10
838.7165081029374
 20
119.72719433460531
 10
838.9469989188533
 20
119.6540718026572
 10
839.1606785044338
 20
119.56969965040938
 10
839.5489800051159
 20
119.36543688182138
 10
839.8927886255116
 20
119.11263642564812
 10
840.1921043656207
 20
118.81129828188959
 10
840.4469272254433
 20
118.4614224505458
 10
840.6504315926628
 20
118.08298016765443
 10
840.7957918549624
 20
117.69594266925317
 10
840.8830080123422
 20
117.30030995534202
 10
840.9120800648021
 20
116.89608202592098
 10
840.8862944182724
 20
116.52143174987219
 10
840.8089374786834
 20
116.15790469389505
 10
840.6800092460351
 20
115.80550085798953
 10
840.4995097203274
 20
115.46422024215562
 10
840.266933300648
 20
115.14468046555263
 10
839.9817743860846
 20
114.8574991473398
 10
839.6440329766372
 20
114.60267628751714
 10
839.2537090723056
 20
114.38021188608468
 10
839.5149151436466
 20
114.29438613121386
 10
839.760573986933
 20
114.19465635125351
 10
839.9906856021647
 20
114.08102254620363
 10
840.2052499893417
 20
113.95348471606422
 10
840.4042671484642
 20
113.81204286083528
 10
840.587737079532
 20
113.65669698051681
 10
840.755659782545
 20
113.48744707510882
 10
840.9080352575035
 20
113.3042931446113
 10
841.0435995021263
 20
113.10988959381406
 10
841.1610885141329
 20
112.90689082750693
 10
841.260502293523
 20
112.69529684568991
 10
841.3418408402968
 20
112.475107648363
 10
841.4051041544541
 20
112.24632323552619
 10
841.450292235995
 20
112.0089436071795
 10
841.4774050849196
 20
111.76296876332292
 10
841.4864427012278
 20
111.50839870395644
 10
841.4644490615408
 20
111.09911476541194
 10
841.3984681424795
 20
110.70449325332547
 10
841.2884999440441
 20
110.32453416769707
 10
841.1345444662346
 20
109.9592375085267
 10
840.948230530035
 20
109.6217488995354
 10
840.7411869564291
 20
109.32521396444417
 10
840.513413745417
 20
109.069632703253
 10
840.2649108969987
 20
108.8550051159619
 10
839.989611200226
 20
108.67273598706097
 10
839.6814474441508
 20
108.51423010104034
 10
839.340419628773
 20
108.3794874579
 10
838.9665277540928
 20
108.26850805763993
 10
838.5542102100742
 20
108.18179750117251
 10
838.0979053866814
 20
108.11986138941006
 10
837.5976132839146
 20
108.08269972235259
 10
837.0533339017735
 20
108.0703125000001
 10
832.5312393417463
 20
108.0703125000001
  0
LWPOLYLINE
  5
DF
330
17
100
AcDbEntity
  8
line engraving
 62
1
420
16711680
100
AcDbPolyline
 90
32
 70
0
 10
834.1006245736698
 20
114.94648490791279
 10
836.6650324010914
 20
114.94648490791279
 10
837.1499036760317
 20
114.95508012342268
 10
837.5609572177694
 20
114.98086576995235
 10
837.8981930263046
 20
115.0238418475018
 10
838.1616111016372
 20
115.08400835607104
 10
838.4424724084456
 20
115.18765654310208
 10
838.6864248486529
 20
115.32062958304921
 10
838.8934684222587
 20
115.48292747591245
 10
839.0636031292634
 20
115.67455022169177
 10
839.1963233687543
 20
115.89398101765016
 10
839.2911235398192
 20
116.13970306105057
 10
839.3480036424581
 20
116.411716351893
 10
839.3669636766712
 20
116.71002089017745
 10
839.349267644739
 20
116.99644380702175
 10
839.2961795489426
 20
117.26517069193393
 10
839.2076993892821
 20
117.51620154491398
 10
839.0838271657572
 20
117.7495363659619
 10
838.9270908829297
 20
117.95632713911162
 10
838.7400185453615
 20
118.12772584839709
 10
838.5226101530526
 20
118.26373249381831
 10
838.2748657060027
 20
118.36434707537526
 10
838.1316542475806
 20
118.40321514551191
 10
837.9649323467343
 20
118.43690080629699
 10
837.774700003464
 20
118.46540405773054
 10
837.5609572177694
 20
118.48872489981252
 10
837.3237039896509
 20
118.50686333254295
 10
837.0629403191081
 20
118.51981935592183
 10
836.7786662061413
 20
118.52759296994915
 10
836.4708816507504
 20
118.53018417462494
 10
834.1006245736698
 20
118.53018417462494
 10
834.1006245736698
 20
114.94648490791279
  0
LWPOLYLINE
  5
E0
330
17
100
AcDbEntity
  8
line engraving
 62
1
420
16711680
100
AcDbPolyline
 90
32
 70
0
 10
834.1006245736698
 20
109.46981582537526
 10
837.0533339017735
 20
109.46981582537526
 10
837.4052321367667
 20
109.47335503176168
 10
837.700503069577
 20
109.48397265092098
 10
837.9391467002047
 20
109.5016686828531
 10
838.1211630286493
 20
109.52644312755808
 10
838.3810418975954
 20
109.5830704297409
 10
838.6186743263984
 20
109.65587696111879
 10
838.834060315058
 20
109.74486272169179
 10
839.0271998635743
 20
109.85002771145986
 10
839.2011265774215
 20
109.97617513909032
 10
839.3588740620737
 20
110.12810821325044
 10
839.5004423175307
 20
110.30582693394025
 10
839.6258313437926
 20
110.50933130115972
 10
839.7284683289989
 20
110.73407090669775
 10
839.8017804612892
 20
110.97549534234321
 10
839.8457677406634
 20
111.2336046080961
 10
839.8604301671214
 20
111.50839870395644
 10
839.8391949288028
 20
111.82920248284032
 10
839.7754892138472
 20
112.12826542249327
 10
839.6693130222544
 20
112.40558752291534
 10
839.5206663540246
 20
112.66116878410651
 10
839.3343524178249
 20
112.88767799283775
 10
839.1151744223226
 20
113.07778393588003
 10
838.8631323675179
 20
113.23148661323339
 10
838.5782262534107
 20
113.34878602489778
 10
838.2437712498935
 20
113.4354965813652
 10
837.8430825268588
 20
113.49743269312765
 10
837.3761600843068
 20
113.53459436018512
 10
836.8430039222374
 20
113.54698158253761
 10
834.1006245736698
 20
113.54698158253761
 10
834.1006245736698
 20
109.46981582537526
  0
LWPOLYLINE
  5
E1
330
17
100
AcDbEntity
  8
cut
 62
5
420
255
100
AcDbPolyline
 90
4
 70
1
 10
612.0000000000001
 20
150.0000000000001
 42
0.9999999999999999
 10
612.0000000000001
 20
210.0000000000001
 10
363.0
 20
210.0000000000002
 42
0.9999999999999999
 10
363.00000000000006
 20
150.00000000000017
  0
CIRCLE
  5
E2
330
17
100
AcDbEntity
  8
cut
 62
5
420
255
100
AcDbCircle
 10
612.0000000000001
 20
180.0000000000001
 30
-2.7755575615628914e-16
 40
10.9
  0
CIRCLE
  5
E3
330
17
100
AcDbEntity
  8
cut
 62
5
420
255
100
AcDbCircle
 10
363.00000000000006
 20
180.00000000000017
 30
-2.7755575615628914e-16
 40
10.9
  0
LWPOLYLINE
  5
E4
330
17
100
AcDbEntity
  8
line engraving
 62
1
420
16711680
100
AcDbPolyline
 90
7
 70
0
 10
487.13855729877224
 20
174.07031250000017
 10
487.13855729877224
 20
185.92968750000017
 10
488.70794253069585
 20
185.92968750000017
 10
488.70794253069585
 20
175.46981582537535
 10
494.54864427012285
 20
175.46981582537535
 10
494.54864427012285
 20
174.07031250000017
 10
487.13855729877224
 20
174.07031250000017
  0
LWPOLYLINE
  5
E5
330
17
100
AcDbEntity
  8
line engraving
 62
1
420
16711680
100
AcDbPolyline
 90
5
 70
0
 10
496.2393737210096
 20
184.2551372783085
 10
496.2393737210096
 20
185.92968750000017
 10
497.69550434856757
 20
185.92968750000017
 10
497.69550434856757
 20
184.2551372783085
 10
496.2393737210096
 20
184.2551372783085
  0
LWPOLYLINE
  5
E6
330
17
100
AcDbEntity
  8
line engraving
 62
1
420
16711680
100
AcDbPolyline
 90
5
 70
0
 10
496.2393737210096
 20
174.07031250000017
 10
496.2393737210096
 20
182.66148320259225
 10
497.69550434856757
 20
182.66148320259225
 10
497.69550434856757
 20
174.07031250000017
 10
496.2393737210096
 20
174.07031250000017
  0
LWPOLYLINE
  5
E7
330
17
100
AcDbEntity
  8
line engraving
 62
1
420
16711680
100
AcDbPolyline
 90
61
 70
0
 10
499.9120587482947
 20
174.07031250000017
 10
499.9120587482947
 20
182.66148320259225
 10
501.2225763130969
 20
182.66148320259225
 10
501.2225763130969
 20
181.43995139836306
 10
501.4723431637961
 20
181.77175199709046
 10
501.7484012619373
 20
182.05931251598756
 10
502.0507506075205
 20
182.30263295505432
 10
502.37939120054574
 20
182.50171331429075
 10
502.734323041013
 20
182.65655359369688
 10
503.1155461289223
 20
182.76715379327268
 10
503.5230604642736
 20
182.83351391301815
 10
503.9568660470669
 20
182.85563395293332
 10
504.33733073360764
 20
182.83819072145735
 10
504.7021217918657
 20
182.7858610270295
 10
505.05123922184094
 20
182.6986448696497
 10
505.38468302353346
 20
182.57654224931804
 10
505.6898131741346
 20
182.42612597789494
 10
505.95398965083564
 20
182.25396886724096
 10
506.1772124536366
 20
182.06007091735606
 10
506.35948158253757
 20
181.84443212824027
 10
506.50913945259214
 20
181.60730530034976
 10
506.63452847885407
 20
181.34894323414068
 10
506.7356486613234
 20
181.06934592961306
 10
506.81250000000006
 20
180.76851338676687
 10
506.8478920638643
 20
180.52835295340228
 10
506.87317210948163
 20
180.2123523831857
 10
506.88834013685204
 20
179.82051167611715
 10
506.8933961459755
 20
179.35283083219662
 10
506.8933961459755
 20
174.07031250000017
 10
505.4372655184175
 20
174.07031250000017
 10
505.4372655184175
 20
179.29620353001383
 10
505.4266478992582
 20
179.71307148224352
 10
505.3947950417804
 20
180.07381773320276
 10
505.341706945984
 20
180.37844228289154
 10
505.2673836118691
 20
180.62694513130987
 10
505.16601062894364
 20
180.83626390902134
 10
505.03177358671564
 20
181.02333624658954
 10
504.8646724851851
 20
181.18816214401448
 10
504.66470732435204
 20
181.3307416012962
 10
504.4389565169893
 20
181.44576580885504
 10
504.19449847586975
 20
181.52792595711136
 10
503.9313332009934
 20
181.57722204606515
 10
503.6494606923602
 20
181.59365407571642
 10
503.4208658798656
 20
181.5844268590661
 10
503.20023428174034
 20
181.55674520911512
 10
502.9875658979846
 20
181.5106091258635
 10
502.7828607285983
 20
181.44601860931124
 10
502.58611877358146
 20
181.3629736594583
 10
502.3973400329341
 20
181.26147427630474
 10
502.2165245066561
 20
181.14152045985054
 10
502.04367219474767
 20
181.00311221009568
 10
501.8853559090692
 20
180.83891831381115
 10
501.7481484614811
 20
180.6416075577679
 10
501.63204985198354
 20
180.411179941966
 10
501.53706008057645
 20
180.14763546640535
 10
501.4631791472598
 20
179.85097413108605
 10
501.41040705203363
 20
179.521195936008
 10
501.3787437948979
 20
179.1583008811713
 10
501.3681893758527
 20
178.76228896657588
 10
501.3681893758527
 20
174.07031250000017
 10
499.9120587482947
 20
174.07031250000017
  0
LWPOLYLINE
  5
E8
330
17
100
AcDbEntity
  8
line engraving
 62
1
420
16711680
100
AcDbPolyline
 90
13
 70
0
 10
509.1342193894953
 20
174.07031250000017
 10
509.1342193894953
 20
185.92968750000017
 10
510.59035001705325
 20
185.92968750000017
 10
510.59035001705325
 20
179.16676969645312
 10
514.0365258356071
 20
182.66148320259225
 10
515.9214060368349
 20
182.66148320259225
 10
512.637022510232
 20
179.4741750511598
 10
516.2530802353343
 20
174.07031250000017
 10
514.4571857946795
 20
174.07031250000017
 10
511.6177310709414
 20
178.46297322646674
 10
510.59035001705325
 20
177.47604024556634
 10
510.59035001705325
 20
174.07031250000017
 10
509.1342193894953
 20
174.07031250000017
  0
LWPOLYLINE
  5
E9
330
17
100
AcDbEntity
  8
line engraving
 62
1
420
16711680
100
AcDbPolyline
 90
60
 70
0
 10
517.5312393417463
 20
174.07031250000017
 10
517.5312393417463
 20
185.92968750000017
 10
521.9805273703956
 20
185.92968750000017
 10
522.3118855683248
 20
185.9240626898503
 10
522.6264325359183
 20
185.90718825940075
 10
522.9241682731764
 20
185.87906420865147
 10
523.205092780099
 20
185.8396905376025
 10
523.469206056686
 20
185.7890672462538
 10
523.7165081029375
 20
185.7271943346054
 10
523.9469989188534
 20
185.65407180265728
 10
524.1606785044339
 20
185.56969965040946
 10
524.548980005116
 20
185.36543688182147
 10
524.8927886255117
 20
185.1126364256482
 10
525.1921043656208
 20
184.81129828188966
 10
525.4469272254435
 20
184.46142245054588
 10
525.6504315926629
 20
184.0829801676545
 10
525.7957918549625
 20
183.69594266925324
 10
525.8830080123423
 20
183.30030995534207
 10
525.9120800648022
 20
182.89608202592103
 10
525.8862944182725
 20
182.52143174987225
 10
525.8089374786836
 20
182.15790469389512
 10
525.6800092460352
 20
181.8055008579896
 10
525.4995097203275
 20
181.4642202421557
 10
525.2669333006481
 20
181.1446804655527
 10
524.9817743860847
 20
180.85749914733987
 10
524.6440329766372
 20
180.60267628751723
 10
524.2537090723057
 20
180.38021188608477
 10
524.5149151436467
 20
180.29438613121394
 10
524.7605739869331
 20
180.1946563512536
 10
524.9906856021648
 20
180.0810225462037
 10
525.2052499893418
 20
179.95348471606428
 10
525.4042671484642
 20
179.81204286083536
 10
525.587737079532
 20
179.6566969805169
 10
525.7556597825451
 20
179.4874470751089
 10
525.9080352575035
 20
179.30429314461136
 10
526.0435995021264
 20
179.10988959381413
 10
526.1610885141329
 20
178.906890827507
 10
526.260502293523
 20
178.69529684569
 10
526.3418408402968
 20
178.47510764836306
 10
526.4051041544542
 20
178.24632323552626
 10
526.4502922359951
 20
178.0089436071796
 10
526.4774050849197
 20
177.762968763323
 10
526.4864427012279
 20
177.50839870395652
 10
526.4644490615409
 20
177.09911476541203
 10
526.3984681424796
 20
176.70449325332555
 10
526.2884999440442
 20
176.32453416769715
 10
526.1345444662347
 20
175.95923750852677
 10
525.9482305300351
 20
175.62174889953548
 10
525.7411869564291
 20
175.32521396444423
 10
525.513413745417
 20
175.06963270325306
 10
525.2649108969987
 20
174.85500511596197
 10
524.989611200226
 20
174.67273598706106
 10
524.6814474441508
 20
174.51423010104043
 10
524.340419628773
 20
174.37948745790007
 10
523.9665277540928
 20
174.26850805764002
 10
523.5542102100742
 20
174.18179750117258
 10
523.0979053866815
 20
174.11986138941012
 10
522.5976132839146
 20
174.08269972235266
 10
522.0533339017736
 20
174.07031250000017
 10
517.5312393417463
 20
174.07031250000017
  0
LWPOLYLINE
  5
EA
330
17
100
AcDbEntity
  8
line engraving
 62
1
420
16711680
100
AcDbPolyline
 90
32
 70
0
 10
519.10062457367
 20
180.94648490791286
 10
521.6650324010915
 20
180.94648490791286
 10
522.1499036760318
 20
180.95508012342276
 10
522.5609572177696
 20
180.98086576995243
 10
522.8981930263046
 20
181.02384184750187
 10
523.1616111016372
 20
181.0840083560711
 10
523.4424724084456
 20
181.18765654310215
 10
523.6864248486529
 20
181.32062958304928
 10
523.8934684222587
 20
181.48292747591253
 10
524.0636031292634
 20
181.67455022169185
 10
524.1963233687543
 20
181.89398101765025
 10
524.2911235398193
 20
182.13970306105065
 10
524.3480036424583
 20
182.4117163518931
 10
524.3669636766713
 20
182.71002089017753
 10
524.3492676447391
 20
182.99644380702185
 10
524.2961795489427
 20
183.265170691934
 10
524.2076993892822
 20
183.51620154491405
 10
524.0838271657573
 20
183.74953636596197
 10
523.9270908829299
 20
183.9563271391117
 10
523.7400185453616
 20
184.12772584839718
 10
523.5226101530526
 20
184.2637324938184
 10
523.2748657060027
 20
184.36434707537535
 10
523.1316542475806
 20
184.40321514551198
 10
522.9649323467344
 20
184.43690080629707
 10
522.774700003464
 20
184.4654040577306
 10
522.5609572177696
 20
184.48872489981258
 10
522.3237039896509
 20
184.50686333254302
 10
522.0629403191082
 20
184.5198193559219
 10
521.7786662061413
 20
184.5275929699492
 10
521.4708816507504
 20
184.530184174625
 10
519.10062457367
 20
184.530184174625
 10
519.10062457367
 20
180.94648490791286
  0
LWPOLYLINE
  5
EB
330
17
100
AcDbEntity
  8
line engraving
 62
1
420
16711680
100
AcDbPolyline
 90
32
 70
0
 10
519.10062457367
 20
175.46981582537535
 10
522.0533339017736
 20
175.46981582537535
 10
522.4052321367668
 20
175.47335503176177
 10
522.7005030695772
 20
175.48397265092103
 10
522.9391467002047
 20
175.50166868285316
 10
523.1211630286494
 20
175.52644312755814
 10
523.3810418975955
 20
175.58307042974096
 10
523.6186743263984
 20
175.65587696111885
 10
523.8340603150581
 20
175.74486272169185
 10
524.0271998635744
 20
175.85002771145992
 10
524.2011265774216
 20
175.97617513909037
 10
524.3588740620737
 20
176.1281082132505
 10
524.5004423175308
 20
176.30582693394032
 10
524.6258313437927
 20
176.5093313011598
 10
524.728468328999
 20
176.7340709066978
 10
524.8017804612892
 20
176.9754953423433
 10
524.8457677406634
 20
177.2336046080962
 10
524.8604301671214
 20
177.50839870395652
 10
524.8391949288028
 20
177.82920248284037
 10
524.7754892138472
 20
178.12826542249334
 10
524.6693130222544
 20
178.40558752291543
 10
524.5206663540246
 20
178.6611687841066
 10
524.3343524178249
 20
178.88767799283784
 10
524.1151744223226
 20
179.07778393588012
 10
523.8631323675179
 20
179.23148661323347
 10
523.5782262534107
 20
179.34878602489786
 10
523.2437712498935
 20
179.43549658136527
 10
522.8430825268588
 20
179.49743269312773
 10
522.3761600843069
 20
179.5345943601852
 10
521.8430039222375
 20
179.54698158253768
 10
519.10062457367
 20
179.54698158253768
 10
519.10062457367
 20
175.46981582537535
  0
LWPOLYLINE
  5
EC
330
17
100
AcDbEntity
  8
cut
 62
5
420
255
100
AcDbPolyline
 90
4
 70
1
 10
927.0000000000001
 20
150.0000000000001
 42
0.9999999999999999
 10
927.0000000000001
 20
210.0000000000001
 10
678.0
 20
210.0000000000002
 42
0.9999999999999999
 10
678.0
 20
150.00000000000017
  0
CIRCLE
  5
ED
330
17
100
AcDbEntity
  8
cut
 62
5
420
255
100
AcDbCircle
 10
927.0000000000001
 20
180.0000000000001
 30
-2.7755575615628914e-16
 40
10.9
  0
CIRCLE
  5
EE
330
17
100
AcDbEntity
  8
cut
 62
5
420
255
100
AcDbCircle
 10
678.0
 20
180.00000000000017
 30
-2.7755575615628914e-16
 40
10.9
  0
LWPOLYLINE
  5
EF
330
17
100
AcDbEntity
  8
line engraving
 62
1
420
16711680
100
AcDbPolyline
 90
7
 70
0
 10
802.1385572987722
 20
174.07031250000017
 10
802.1385572987722
 20
185.92968750000017
 10
803.7079425306957
 20
185.92968750000017
 10
803.7079425306957
 20
175.46981582537535
 10
809.5486442701227
 20
175.46981582537535
 10
809.5486442701227
 20
174.07031250000017
 10
802.1385572987722
 20
174.07031250000017
  0
LWPOLYLINE
  5
F0
330
17
100
AcDbEntity
  8
line engraving
 62
1
420
16711680
100
AcDbPolyline
 90
5
 70
0
 10
811.2393737210095
 20
184.2551372783085
 10
811.2393737210095
 20
185.92968750000017
 10
812.6955043485675
 20
185.92968750000017
 10
812.6955043485675
 20
184.2551372783085
 10
811.2393737210095
 20
184.2551372783085
  0
LWPOLYLINE
  5
F1
330
17
100
AcDbEntity
  8
line engraving
 62
1
420
16711680
100
AcDbPolyline
 90
5
 70
0
 10
811.2393737210095
 20
174.07031250000017
 10
811.2393737210095
 20
182.66148320259225
 10
812.6955043485675
 20
182.66148320259225
 10
812.6955043485675
 20
174.07031250000017
 10
811.2393737210095
 20
174.07031250000017
  0
LWPOLYLINE
  5
F2
330
17
100
AcDbEntity
  8
line engraving
 62
1
420
16711680
100
AcDbPolyline
 90
61
 70
0
 10
814.9120587482947
 20
174.07031250000017
 10
814.9120587482947
 20
182.66148320259225
 10
816.2225763130969
 20
182.66148320259225
 10
816.2225763130969
 20
181.43995139836306
 10
816.472343163796
 20
181.77175199709046
 10
816.7484012619373
 20
182.05931251598756
 10
817.0507506075204
 20
182.30263295505432
 10
817.3793912005457
 20
182.50171331429075
 10
817.7343230410129
 20
182.65655359369688
 10
818.1155461289222
 20
182.76715379327268
 10
818.5230604642735
 20
182.83351391301815
 10
818.9568660470668
 20
182.85563395293332
 10
819.3373307336076
 20
182.83819072145735
 10
819.7021217918656
 20
182.7858610270295
 10
820.0512392218409
 20
182.6986448696497
 10
820.3846830235334
 20
182.57654224931804
 10
820.6898131741345
 20
182.42612597789494
 10
820.9539896508356
 20
182.25396886724096
 10
821.1772124536366
 20
182.06007091735606
 10
821.3594815825376
 20
181.84443212824027
 10
821.5091394525921
 20
181.60730530034976
 10
821.634528478854
 20
181.34894323414068
 10
821.7356486613234
 20
181.06934592961306
 10
821.8125
 20
180.76851338676687
 10
821.8478920638643
 20
180.52835295340228
 10
821.8731721094816
 20
180.2123523831857
 10
821.888340136852
 20
179.82051167611715
 10
821.8933961459754
 20
179.35283083219662
 10
821.8933961459754
 20
174.07031250000017
 10
820.4372655184175
 20
174.07031250000017
 10
820.4372655184175
 20
179.29620353001383
 10
820.4266478992582
 20
179.71307148224352
 10
820.3947950417803
 20
180.07381773320276
 10
820.341706945984
 20
180.37844228289154
 10
820.267383611869
 20
180.62694513130987
 10
820.1660106289436
 20
180.83626390902134
 10
820.0317735867155
 20
181.02333624658954
 10
819.864672485185
 20
181.18816214401448
 10
819.664707324352
 20
181.3307416012962
 10
819.4389565169893
 20
181.44576580885504
 10
819.1944984758698
 20
181.52792595711136
 10
818.9313332009933
 20
181.57722204606515
 10
818.6494606923602
 20
181.59365407571642
 10
818.4208658798656
 20
181.5844268590661
 10
818.2002342817403
 20
181.55674520911512
 10
817.9875658979845
 20
181.5106091258635
 10
817.7828607285983
 20
181.44601860931124
 10
817.5861187735813
 20
181.3629736594583
 10
817.397340032934
 20
181.26147427630474
 10
817.2165245066561
 20
181.14152045985054
 10
817.0436721947476
 20
181.00311221009568
 10
816.8853559090691
 20
180.83891831381115
 10
816.748148461481
 20
180.6416075577679
 10
816.6320498519835
 20
180.411179941966
 10
816.5370600805765
 20
180.14763546640535
 10
816.4631791472598
 20
179.85097413108605
 10
816.4104070520336
 20
179.521195936008
 10
816.3787437948979
 20
179.1583008811713
 10
816.3681893758527
 20
178.76228896657588
 10
816.3681893758527
 20
174.07031250000017
 10
814.9120587482947
 20
174.07031250000017
  0
LWPOLYLINE
  5
F3
330
17
100
AcDbEntity
  8
line engraving
 62
1
420
16711680
100
AcDbPolyline
 90
13
 70
0
 10
824.1342193894952
 20
174.07031250000017
 10
824.1342193894952
 20
185.92968750000017
 10
825.5903500170532
 20
185.92968750000017
 10
825.5903500170532
 20
179.16676969645312
 10
829.0365258356071
 20
182.66148320259225
 10
830.9214060368349
 20
182.66148320259225
 10
827.6370225102319
 20
179.4741750511598
 10
831.2530802353342
 20
174.07031250000017
 10
829.4571857946794
 20
174.07031250000017
 10
826.6177310709413
 20
178.46297322646674
 10
825.5903500170532
 20
177.47604024556634
 10
825.5903500170532
 20
174.07031250000017
 10
824.1342193894952
 20
174.07031250000017
  0
LWPOLYLINE
  5
F4
330
17
100
AcDbEntity
  8
line engraving
 62
1
420
16711680
100
AcDbPolyline
 90
60
 70
0
 10
832.5312393417463
 20
174.07031250000017
 10
832.5312393417463
 20
185.92968750000017
 10
836.9805273703956
 20
185.92968750000017
 10
837.3118855683247
 20
185.9240626898503
 10
837.6264325359183
 20
185.90718825940075
 10
837.9241682731763
 20
185.87906420865147
 10
838.2050927800989
 20
185.8396905376025
 10
838.4692060566858
 20
185.7890672462538
 10
838.7165081029374
 20
185.7271943346054
 10
838.9469989188533
 20
185.65407180265728
 10
839.1606785044338
 20
185.56969965040946
 10
839.5489800051159
 20
185.36543688182147
 10
839.8927886255116
 20
185.1126364256482
 10
840.1921043656207
 20
184.81129828188966
 10
840.4469272254433
 20
184.46142245054588
 10
840.6504315926628
 20
184.0829801676545
 10
840.7957918549624
 20
183.69594266925324
 10
840.8830080123422
 20
183.30030995534207
 10
840.9120800648021
 20
182.89608202592103
 10
840.8862944182724
 20
182.52143174987225
 10
840.8089374786834
 20
182.15790469389512
 10
840.6800092460351
 20
181.8055008579896
 10
840.4995097203274
 20
181.4642202421557
 10
840.266933300648
 20
181.1446804655527
 10
839.9817743860846
 20
180.85749914733987
 10
839.6440329766372
 20
180.60267628751723
 10
839.2537090723056
 20
180.38021188608477
 10
839.5149151436466
 20
180.29438613121394
 10
839.760573986933
 20
180.1946563512536
 10
839.9906856021647
 20
180.0810225462037
 10
840.2052499893417
 20
179.95348471606428
 10
840.4042671484642
 20
179.81204286083536
 10
840.587737079532
 20
179.6566969805169
 10
840.755659782545
 20
179.4874470751089
 10
840.9080352575035
 20
179.30429314461136
 10
841.0435995021263
 20
179.10988959381413
 10
841.1610885141329
 20
178.906890827507
 10
841.260502293523
 20
178.69529684569
 10
841.3418408402968
 20
178.47510764836306
 10
841.4051041544541
 20
178.24632323552626
 10
841.450292235995
 20
178.0089436071796
 10
841.4774050849196
 20
177.762968763323
 10
841.4864427012278
 20
177.50839870395652
 10
841.4644490615408
 20
177.09911476541203
 10
841.3984681424795
 20
176.70449325332555
 10
841.2884999440441
 20
176.32453416769715
 10
841.1345444662346
 20
175.95923750852677
 10
840.948230530035
 20
175.62174889953548
 10
840.7411869564291
 20
175.32521396444423
 10
840.513413745417
 20
175.06963270325306
 10
840.2649108969987
 20
174.85500511596197
 10
839.989611200226
 20
174.67273598706106
 10
839.6814474441508
 20
174.51423010104043
 10
839.340419628773
 20
174.37948745790007
 10
838.9665277540928
 20
174.26850805764002
 10
838.5542102100742
 20
174.18179750117258
 10
838.0979053866814
 20
174.11986138941012
 10
837.5976132839146
 20
174.08269972235266
 10
837.0533339017735
 20
174.07031250000017
 10
832.5312393417463
 20
174.07031250000017
  0
LWPOLYLINE
  5
F5
330
17
100
AcDbEntity
  8
line engraving
 62
1
420
16711680
100
AcDbPolyline
 90
32
 70
0
 10
834.1006245736698
 20
180.94648490791286
 10
836.6650324010914
 20
180.94648490791286
 10
837.1499036760317
 20
180.95508012342276
 10
837.5609572177694
 20
180.98086576995243
 10
837.8981930263046
 20
181.02384184750187
 10
838.1616111016372
 20
181.0840083560711
 10
838.4424724084456
 20
181.18765654310215
 10
838.6864248486529
 20
181.32062958304928
 10
838.8934684222587
 20
181.48292747591253
 10
839.0636031292634
 20
181.67455022169185
 10
839.1963233687543
 20
181.89398101765025
 10
839.2911235398192
 20
182.13970306105065
 10
839.3480036424581
 20
182.4117163518931
 10
839.3669636766712
 20
182.71002089017753
 10
839.349267644739
 20
182.99644380702185
 10
839.2961795489426
 20
183.265170691934
 10
839.2076993892821
 20
183.51620154491405
 10
839.0838271657572
 20
183.74953636596197
 10
838.9270908829297
 20
183.9563271391117
 10
838.7400185453615
 20
184.12772584839718
 10
838.5226101530526
 20
184.2637324938184
 10
838.2748657060027
 20
184.36434707537535
 10
838.1316542475806
 20
184.40321514551198
 10
837.9649323467343
 20
184.43690080629707
 10
837.774700003464
 20
184.4654040577306
 10
837.5609572177694
 20
184.48872489981258
 10
837.3237039896509
 20
184.50686333254302
 10
837.0629403191081
 20
184.5198193559219
 10
836.7786662061413
 20
184.5275929699492
 10
836.4708816507504
 20
184.530184174625
 10
834.1006245736698
 20
184.530184174625
 10
834.1006245736698
 20
180.94648490791286
  0
LWPOLYLINE
  5
F6
330
17
100
AcDbEntity
  8
line engraving
 62
1
420
16711680
100
AcDbPolyline
 90
32
 70
0
 10
834.1006245736698
 20
175.46981582537535
 10
837.0533339017735
 20
175.46981582537535
 10
837.4052321367667
 20
175.47335503176177
 10
837.700503069577
 20
175.48397265092103
 10
837.9391467002047
 20
175.50166868285316
 10
838.1211630286493
 20
175.52644312755814
 10
838.3810418975954
 20
175.58307042974096
 10
838.6186743263984
 20
175.65587696111885
 10
838.834060315058
 20
175.74486272169185
 10
839.0271998635743
 20
175.85002771145992
 10
839.2011265774215
 20
175.97617513909037
 10
839.3588740620737
 20
176.1281082132505
 10
839.5004423175307
 20
176.30582693394032
 10
839.6258313437926
 20
176.5093313011598
 10
839.7284683289989
 20
176.7340709066978
 10
839.8017804612892
 20
176.9754953423433
 10
839.8457677406634
 20
177.2336046080962
 10
839.8604301671214
 20
177.50839870395652
 10
839.8391949288028
 20
177.82920248284037
 10
839.7754892138472
 20
178.12826542249334
 10
839.6693130222544
 20
178.40558752291543
 10
839.5206663540246
 20
178.6611687841066
 10
839.3343524178249
 20
178.88767799283784
 10
839.1151744223226
 20
179.07778393588012
 10
838.8631323675179
 20
179.23148661323347
 10
838.5782262534107
 20
179.34878602489786
 10
838.2437712498935
 20
179.43549658136527
 10
837.8430825268588
 20
179.49743269312773
 10
837.3761600843068
 20
179.5345943601852
 10
836.8430039222374
 20
179.54698158253768
 10
834.1006245736698
 20
179.54698158253768
 10
834.1006245736698
 20
175.46981582537535
  0
LWPOLYLINE
  5
F7
330
17
100
AcDbEntity
  8
cut
 62
5
420
255
100
AcDbPolyline
 90
4
 70
1
 10
612.0000000000001
 20
216.00000000000017
 42
0.9999999999999999
 10
612.0000000000001
 20
276.00000000000017
 10
363.0
 20
276.0000000000002
 42
0.9999999999999999
 10
363.00000000000006
 20
216.00000000000023
  0
CIRCLE
  5
F8
330
17
100
AcDbEntity
  8
cut
 62
5
420
255
100
AcDbCircle
 10
612.0000000000001
 20
246.00000000000017
 30
-2.7755575615628914e-16
 40
10.9
  0
CIRCLE
  5
F9
330
17
100
AcDbEntity
  8
cut
 62
5
420
255
100
AcDbCircle
 10
363.00000000000006
 20
246.00000000000023
 30
-2.7755575615628914e-16
 40
10.9
  0
LWPOLYLINE
  5
FA
330
17
100
AcDbEntity
  8
line engraving
 62
1
420
16711680
100
AcDbPolyline
 90
7
 70
0
 10
487.13855729877224
 20
240.07031250000023
 10
487.13855729877224
 20
251.92968750000023
 10
488.70794253069585
 20
251.92968750000023
 10
488.70794253069585
 20
241.4698158253754
 10
494.54864427012285
 20
241.4698158253754
 10
494.54864427012285
 20
240.07031250000023
 10
487.13855729877224
 20
240.07031250000023
  0
LWPOLYLINE
  5
FB
330
17
100
AcDbEntity
  8
line engraving
 62
1
420
16711680
100
AcDbPolyline
 90
5
 70
0
 10
496.2393737210096
 20
250.25513727830855
 10
496.2393737210096
 20
251.92968750000023
 10
497.69550434856757
 20
251.92968750000023
 10
497.69550434856757
 20
250.25513727830855
 10
496.2393737210096
 20
250.25513727830855
  0
LWPOLYLINE
  5
FC
330
17
100
AcDbEntity
  8
line engraving
 62
1
420
16711680
100
AcDbPolyline
 90
5
 70
0
 10
496.2393737210096
 20
240.07031250000023
 10
496.2393737210096
 20
248.6614832025923
 10
497.69550434856757
 20
248.6614832025923
 10
497.69550434856757
 20
240.07031250000023
 10
496.2393737210096
 20
240.07031250000023
  0
LWPOLYLINE
  5
FD
330
17
100
AcDbEntity
  8
line engraving
 62
1
420
16711680
100
AcDbPolyline
 90
61
 70
0
 10
499.9120587482947
 20
240.07031250000023
 10
499.9120587482947
 20
248.6614832025923
 10
501.2225763130969
 20
248.6614832025923
 10
501.2225763130969
 20
247.43995139836312
 10
501.4723431637961
 20
247.77175199709052
 10
501.7484012619373
 20
248.0593125159876
 10
502.0507506075205
 20
248.30263295505438
 10
502.37939120054574
 20
248.5017133142908
 10
502.734323041013
 20
248.65655359369694
 10
503.1155461289223
 20
248.76715379327274
 10
503.5230604642736
 20
248.8335139130182
 10
503.9568660470669
 20
248.85563395293337
 10
504.33733073360764
 20
248.8381907214574
 10
504.7021217918657
 20
248.78586102702957
 10
505.05123922184094
 20
248.69864486964977
 10
505.38468302353346
 20
248.5765422493181
 10
505.6898131741346
 20
248.426125977895
 10
505.95398965083564
 20
248.253968867241
 10
506.1772124536366
 20
248.06007091735611
 10
506.35948158253757
 20
247.84443212824033
 10
506.50913945259214
 20
247.60730530034982
 10
506.63452847885407
 20
247.34894323414073
 10
506.7356486613234
 20
247.06934592961312
 10
506.81250000000006
 20
246.76851338676693
 10
506.8478920638643
 20
246.52835295340233
 10
506.87317210948163
 20
246.21235238318576
 10
506.88834013685204
 20
245.8205116761172
 10
506.8933961459755
 20
245.35283083219667
 10
506.8933961459755
 20
240.07031250000023
 10
505.4372655184175
 20
240.07031250000023
 10
505.4372655184175
 20
245.29620353001388
 10
505.4266478992582
 20
245.71307148224358
 10
505.3947950417804
 20
246.07381773320282
 10
505.341706945984
 20
246.3784422828916
 10
505.2673836118691
 20
246.62694513130992
 10
505.16601062894364
 20
246.8362639090214
 10
505.03177358671564
 20
247.0233362465896
 10
504.8646724851851
 20
247.18816214401454
 10
504.66470732435204
 20
247.33074160129627
 10
504.4389565169893
 20
247.4457658088551
 10
504.19449847586975
 20
247.52792595711142
 10
503.9313332009934
 20
247.5772220460652
 10
503.6494606923602
 20
247.59365407571647
 10
503.4208658798656
 20
247.58442685906616
 10
503.20023428174034
 20
247.55674520911518
 10
502.9875658979846
 20
247.51060912586357
 10
502.7828607285983
 20
247.4460186093113
 10
502.58611877358146
 20
247.36297365945836
 10
502.3973400329341
 20
247.2614742763048
 10
502.2165245066561
 20
247.1415204598506
 10
502.04367219474767
 20
247.00311221009574
 10
501.8853559090692
 20
246.8389183138112
 10
501.7481484614811
 20
246.64160755776797
 10
501.63204985198354
 20
246.41117994196605
 10
501.53706008057645
 20
246.1476354664054
 10
501.4631791472598
 20
245.8509741310861
 10
501.41040705203363
 20
245.52119593600807
 10
501.3787437948979
 20
245.15830088117136
 10
501.3681893758527
 20
244.76228896657594
 10
501.3681893758527
 20
240.07031250000023
 10
499.9120587482947
 20
240.07031250000023
  0
LWPOLYLINE
  5
FE
330
17
100
AcDbEntity
  8
line engraving
 62
1
420
16711680
100
AcDbPolyline
 90
13
 70
0
 10
509.1342193894953
 20
240.07031250000023
 10
509.1342193894953
 20
251.92968750000023
 10
510.59035001705325
 20
251.92968750000023
 10
510.59035001705325
 20
245.16676969645317
 10
514.0365258356071
 20
248.6614832025923
 10
515.9214060368349
 20
248.6614832025923
 10
512.637022510232
 20
245.47417505115985
 10
516.2530802353343
 20
240.07031250000023
 10
514.4571857946795
 20
240.07031250000023
 10
511.6177310709414
 20
244.4629732264668
 10
510.59035001705325
 20
243.4760402455664
 10
510.59035001705325
 20
240.07031250000023
 10
509.1342193894953
 20
240.07031250000023
  0
LWPOLYLINE
  5
FF
330
17
100
AcDbEntity
  8
line engraving
 62
1
420
16711680
100
AcDbPolyline
 90
60
 70
0
 10
517.5312393417463
 20
240.07031250000023
 10
517.5312393417463
 20
251.92968750000023
 10
521.9805273703956
 20
251.92968750000023
 10
522.3118855683248
 20
251.92406268985036
 10
522.6264325359183
 20
251.9071882594008
 10
522.9241682731764
 20
251.87906420865153
 10
523.205092780099
 20
251.83969053760256
 10
523.469206056686
 20
251.78906724625386
 10
523.7165081029375
 20
251.72719433460546
 10
523.9469989188534
 20
251.65407180265734
 10
524.1606785044339
 20
251.56969965040952
 10
524.548980005116
 20
251.36543688182152
 10
524.8927886255117
 20
251.11263642564825
 10
525.1921043656208
 20
250.81129828188972
 10
525.4469272254435
 20
250.46142245054594
 10
525.6504315926629
 20
250.08298016765457
 10
525.7957918549625
 20
249.6959426692533
 10
525.8830080123423
 20
249.30030995534213
 10
525.9120800648022
 20
248.8960820259211
 10
525.8862944182725
 20
248.5214317498723
 10
525.8089374786836
 20
248.15790469389518
 10
525.6800092460352
 20
247.80550085798967
 10
525.4995097203275
 20
247.46422024215576
 10
525.2669333006481
 20
247.14468046555277
 10
524.9817743860847
 20
246.85749914733992
 10
524.6440329766372
 20
246.60267628751728
 10
524.2537090723057
 20
246.38021188608482
 10
524.5149151436467
 20
246.294386131214
 10
524.7605739869331
 20
246.19465635125366
 10
524.9906856021648
 20
246.08102254620377
 10
525.2052499893418
 20
245.95348471606434
 10
525.4042671484642
 20
245.81204286083542
 10
525.587737079532
 20
245.65669698051695
 10
525.7556597825451
 20
245.48744707510895
 10
525.9080352575035
 20
245.30429314461142
 10
526.0435995021264
 20
245.1098895938142
 10
526.1610885141329
 20
244.90689082750706
 10
526.260502293523
 20
244.69529684569005
 10
526.3418408402968
 20
244.47510764836312
 10
526.4051041544542
 20
244.24632323552632
 10
526.4502922359951
 20
244.00894360717965
 10
526.4774050849197
 20
243.76296876332304
 10
526.4864427012279
 20
243.50839870395657
 10
526.4644490615409
 20
243.09911476541208
 10
526.3984681424796
 20
242.7044932533256
 10
526.2884999440442
 20
242.3245341676972
 10
526.1345444662347
 20
241.95923750852683
 10
525.9482305300351
 20
241.62174889953553
 10
525.7411869564291
 20
241.3252139644443
 10
525.513413745417
 20
241.06963270325312
 10
525.2649108969987
 20
240.85500511596203
 10
524.989611200226
 20
240.67273598706112
 10
524.6814474441508
 20
240.51423010104048
 10
524.340419628773
 20
240.37948745790013
 10
523.9665277540928
 20
240.26850805764008
 10
523.5542102100742
 20
240.18179750117264
 10
523.0979053866815
 20
240.11986138941018
 10
522.5976132839146
 20
240.08269972235271
 10
522.0533339017736
 20
240.07031250000023
 10
517.5312393417463
 20
240.07031250000023
  0
LWPOLYLINE
  5
100
330
17
100
AcDbEntity
  8
line engraving
 62
1
420
16711680
100
AcDbPolyline
 90
32
 70
0
 10
519.10062457367
 20
246.94648490791292
 10
521.6650324010915
 20
246.94648490791292
 10
522.1499036760318
 20
246.95508012342282
 10
522.5609572177696
 20
246.9808657699525
 10
522.8981930263046
 20
247.02384184750193
 10
523.1616111016372
 20
247.08400835607117
 10
523.4424724084456
 20
247.1876565431022
 10
523.6864248486529
 20
247.32062958304934
 10
523.8934684222587
 20
247.4829274759126
 10
524.0636031292634
 20
247.6745502216919
 10
524.1963233687543
 20
247.8939810176503
 10
524.2911235398193
 20
248.1397030610507
 10
524.3480036424583
 20
248.41171635189315
 10
524.3669636766713
 20
248.7100208901776
 10
524.3492676447391
 20
248.9964438070219
 10
524.2961795489427
 20
249.26517069193406
 10
524.2076993892822
 20
249.5162015449141
 10
524.0838271657573
 20
249.74953636596203
 10
523.9270908829299
 20
249.95632713911175
 10
523.7400185453616
 20
250.12772584839723
 10
523.5226101530526
 20
250.26373249381845
 10
523.2748657060027
 20
250.3643470753754
 10
523.1316542475806
 20
250.40321514551204
 10
522.9649323467344
 20
250.43690080629713
 10
522.774700003464
 20
250.46540405773067
 10
522.5609572177696
 20
250.48872489981264
 10
522.3237039896509
 20
250.50686333254308
 10
522.0629403191082
 20
250.51981935592195
 10
521.7786662061413
 20
250.52759296994927
 10
521.4708816507504
 20
250.53018417462505
 10
519.10062457367
 20
250.53018417462505
 10
519.10062457367
 20
246.94648490791292
  0
LWPOLYLINE
  5
101
330
17
100
AcDbEntity
  8
line engraving
 62
1
420
16711680
100
AcDbPolyline
 90
32
 70
0
 10
519.10062457367
 20
241.4698158253754
 10
522.0533339017736
 20
241.4698158253754
 10
522.4052321367668
 20
241.47335503176183
 10
522.7005030695772
 20
241.4839726509211
 10
522.9391467002047
 20
241.50166868285322
 10
523.1211630286494
 20
241.5264431275582
 10
523.3810418975955
 20
241.583070429741
 10
523.6186743263984
 20
241.6558769611189
 10
523.8340603150581
 20
241.7448627216919
 10
524.0271998635744
 20
241.85002771145997
 10
524.2011265774216
 20
241.97617513909043
 10
524.3588740620737
 20
242.12810821325056
 10
524.5004423175308
 20
242.30582693394038
 10
524.6258313437927
 20
242.50933130115985
 10
524.728468328999
 20
242.73407090669787
 10
524.8017804612892
 20
242.97549534234335
 10
524.8457677406634
 20
243.23360460809624
 10
524.8604301671214
 20
243.50839870395657
 10
524.8391949288028
 20
243.82920248284043
 10
524.7754892138472
 20
244.1282654224934
 10
524.6693130222544
 20
244.40558752291548
 10
524.5206663540246
 20
244.66116878410665
 10
524.3343524178249
 20
244.8876779928379
 10
524.1151744223226
 20
245.07778393588018
 10
523.8631323675179
 20
245.23148661323353
 10
523.5782262534107
 20
245.34878602489792
 10
523.2437712498935
 20
245.43549658136533
 10
522.8430825268588
 20
245.4974326931278
 10
522.3761600843069
 20
245.53459436018525
 10
521.8430039222375
 20
245.54698158253774
 10
519.10062457367
 20
245.54698158253774
 10
519.10062457367
 20
241.4698158253754
  0
LWPOLYLINE
  5
102
330
17
100
AcDbEntity
  8
cut
 62
5
420
255
100
AcDbPolyline
 90
4
 70
1
 10
927.0000000000001
 20
216.00000000000017
 42
0.9999999999999999
 10
927.0000000000001
 20
276.00000000000017
 10
678.0
 20
276.0000000000002
 42
0.9999999999999999
 10
678.0
 20
216.00000000000023
  0
CIRCLE
  5
103
330
17
100
AcDbEntity
  8
cut
 62
5
420
255
100
AcDbCircle
 10
927.0000000000001
 20
246.00000000000017
 30
-2.7755575615628914e-16
 40
10.9
  0
CIRCLE
  5
104
330
17
100
AcDbEntity
  8
cut
 62
5
420
255
100
AcDbCircle
 10
678.0
 20
246.00000000000023
 30
-2.7755575615628914e-16
 40
10.9
  0
LWPOLYLINE
  5
105
330
17
100
AcDbEntity
  8
line engraving
 62
1
420
16711680
100
AcDbPolyline
 90
7
 70
0
 10
802.1385572987722
 20
240.07031250000023
 10
802.1385572987722
 20
251.92968750000023
 10
803.7079425306957
 20
251.92968750000023
 10
803.7079425306957
 20
241.4698158253754
 10
809.5486442701227
 20
241.4698158253754
 10
809.5486442701227
 20
240.07031250000023
 10
802.1385572987722
 20
240.07031250000023
  0
LWPOLYLINE
  5
106
330
17
100
AcDbEntity
  8
line engraving
 62
1
420
16711680
100
AcDbPolyline
 90
5
 70
0
 10
811.2393737210095
 20
250.25513727830855
 10
811.2393737210095
 20
251.92968750000023
 10
812.6955043485675
 20
251.92968750000023
 10
812.6955043485675
 20
250.25513727830855
 10
811.2393737210095
 20
250.25513727830855
  0
LWPOLYLINE
  5
107
330
17
100
AcDbEntity
  8
line engraving
 62
1
420
16711680
100
AcDbPolyline
 90
5
 70
0
 10
811.2393737210095
 20
240.07031250000023
 10
811.2393737210095
 20
248.6614832025923
 10
812.6955043485675
 20
248.6614832025923
 10
812.6955043485675
 20
240.07031250000023
 10
811.2393737210095
 20
240.07031250000023
  0
LWPOLYLINE
  5
108
330
17
100
AcDbEntity
  8
line engraving
 62
1
420
16711680
100
AcDbPolyline
 90
61
 70
0
 10
814.9120587482947
 20
240.07031250000023
 10
814.9120587482947
 20
248.6614832025923
 10
816.2225763130969
 20
248.6614832025923
 10
816.2225763130969
 20
247.43995139836312
 10
816.472343163796
 20
247.77175199709052
 10
816.7484012619373
 20
248.0593125159876
 10
817.0507506075204
 20
248.30263295505438
 10
817.3793912005457
 20
248.5017133142908
 10
817.7343230410129
 20
248.65655359369694
 10
818.1155461289222
 20
248.76715379327274
 10
818.5230604642735
 20
248.8335139130182
 10
818.9568660470668
 20
248.85563395293337
 10
819.3373307336076
 20
248.8381907214574
 10
819.7021217918656
 20
248.78586102702957
 10
820.0512392218409
 20
248.69864486964977
 10
820.3846830235334
 20
248.5765422493181
 10
820.6898131741345
 20
248.426125977895
 10
820.9539896508356
 20
248.253968867241
 10
821.1772124536366
 20
248.06007091735611
 10
821.3594815825376
 20
247.84443212824033
 10
821.5091394525921
 20
247.60730530034982
 10
821.634528478854
 20
247.34894323414073
 10
821.7356486613234
 20
247.06934592961312
 10
821.8125
 20
246.76851338676693
 10
821.8478920638643
 20
246.52835295340233
 10
821.8731721094816
 20
246.21235238318576
 10
821.888340136852
 20
245.8205116761172
 10
821.8933961459754
 20
245.35283083219667
 10
821.8933961459754
 20
240.07031250000023
 10
820.4372655184175
 20
240.07031250000023
 10
820.4372655184175
 20
245.29620353001388
 10
820.4266478992582
 20
245.71307148224358
 10
820.3947950417803
 20
246.07381773320282
 10
820.341706945984
 20
246.3784422828916
 10
820.267383611869
 20
246.62694513130992
 10
820.1660106289436
 20
246.8362639090214
 10
820.0317735867155
 20
247.0233362465896
 10
819.864672485185
 20
247.18816214401454
 10
819.664707324352
 20
247.33074160129627
 10
819.4389565169893
 20
247.4457658088551
 10
819.1944984758698
 20
247.52792595711142
 10
818.9313332009933
 20
247.5772220460652
 10
818.6494606923602
 20
247.59365407571647
 10
818.4208658798656
 20
247.58442685906616
 10
818.2002342817403
 20
247.55674520911518
 10
817.9875658979845
 20
247.51060912586357
 10
817.7828607285983
 20
247.4460186093113
 10
817.5861187735813
 20
247.36297365945836
 10
817.397340032934
 20
247.2614742763048
 10
817.2165245066561
 20
247.1415204598506
 10
817.0436721947476
 20
247.00311221009574
 10
816.8853559090691
 20
246.8389183138112
 10
816.748148461481
 20
246.64160755776797
 10
816.6320498519835
 20
246.41117994196605
 10
816.5370600805765
 20
246.1476354664054
 10
816.4631791472598
 20
245.8509741310861
 10
816.4104070520336
 20
245.52119593600807
 10
816.3787437948979
 20
245.15830088117136
 10
816.3681893758527
 20
244.76228896657594
 10
816.3681893758527
 20
240.07031250000023
 10
814.9120587482947
 20
240.07031250000023
  0
LWPOLYLINE
  5
109
330
17
100
AcDbEntity
  8
line engraving
 62
1
420
16711680
100
AcDbPolyline
 90
13
 70
0
 10
824.1342193894952
 20
240.07031250000023
 10
824.1342193894952
 20
251.92968750000023
 10
825.5903500170532
 20
251.92968750000023
 10
825.5903500170532
 20
245.16676969645317
 10
829.0365258356071
 20
248.6614832025923
 10
830.9214060368349
 20
248.6614832025923
 10
827.6370225102319
 20
245.47417505115985
 10
831.2530802353342
 20
240.07031250000023
 10
829.4571857946794
 20
240.07031250000023
 10
826.6177310709413
 20
244.4629732264668
 10
825.5903500170532
 20
243.4760402455664
 10
825.5903500170532
 20
240.07031250000023
 10
824.1342193894952
 20
240.07031250000023
  0
LWPOLYLINE
  5
10A
330
17
100
AcDbEntity
  8
line engraving
 62
1
420
16711680
100
AcDbPolyline
 90
60
 70
0
 10
832.5312393417463
 20
240.07031250000023
 10
832.5312393417463
 20
251.92968750000023
 10
836.9805273703956
 20
251.92968750000023
 10
837.3118855683247
 20
251.92406268985036
 10
837.6264325359183
 20
251.9071882594008
 10
837.9241682731763
 20
251.87906420865153
 10
838.2050927800989
 20
251.83969053760256
 10
838.4692060566858
 20
251.78906724625386
 10
838.7165081029374
 20
251.72719433460546
 10
838.9469989188533
 20
251.65407180265734
 10
839.1606785044338
 20
251.56969965040952
 10
839.5489800051159
 20
251.36543688182152
 10
839.8927886255116
 20
251.11263642564825
 10
840.1921043656207
 20
250.81129828188972
 10
840.4469272254433
 20
250.46142245054594
 10
840.6504315926628
 20
250.08298016765457
 10
840.7957918549624
 20
249.6959426692533
 10
840.8830080123422
 20
249.30030995534213
 10
840.9120800648021
 20
248.8960820259211
 10
840.8862944182724
 20
248.5214317498723
 10
840.8089374786834
 20
248.15790469389518
 10
840.6800092460351
 20
247.80550085798967
 10
840.4995097203274
 20
247.46422024215576
 10
840.266933300648
 20
247.14468046555277
 10
839.9817743860846
 20
246.85749914733992
 10
839.6440329766372
 20
246.60267628751728
 10
839.2537090723056
 20
246.38021188608482
 10
839.5149151436466
 20
246.294386131214
 10
839.760573986933
 20
246.19465635125366
 10
839.9906856021647
 20
246.08102254620377
 10
840.2052499893417
 20
245.95348471606434
 10
840.4042671484642
 20
245.81204286083542
 10
840.587737079532
 20
245.65669698051695
 10
840.755659782545
 20
245.48744707510895
 10
840.9080352575035
 20
245.30429314461142
 10
841.0435995021263
 20
245.1098895938142
 10
841.1610885141329
 20
244.90689082750706
 10
841.260502293523
 20
244.69529684569005
 10
841.3418408402968
 20
244.47510764836312
 10
841.4051041544541
 20
244.24632323552632
 10
841.450292235995
 20
244.00894360717965
 10
841.4774050849196
 20
243.76296876332304
 10
841.4864427012278
 20
243.50839870395657
 10
841.4644490615408
 20
243.09911476541208
 10
841.3984681424795
 20
242.7044932533256
 10
841.2884999440441
 20
242.3245341676972
 10
841.1345444662346
 20
241.95923750852683
 10
840.948230530035
 20
241.62174889953553
 10
840.7411869564291
 20
241.3252139644443
 10
840.513413745417
 20
241.06963270325312
 10
840.2649108969987
 20
240.85500511596203
 10
839.989611200226
 20
240.67273598706112
 10
839.6814474441508
 20
240.51423010104048
 10
839.340419628773
 20
240.37948745790013
 10
838.9665277540928
 20
240.26850805764008
 10
838.5542102100742
 20
240.18179750117264
 10
838.0979053866814
 20
240.11986138941018
 10
837.5976132839146
 20
240.08269972235271
 10
837.0533339017735
 20
240.07031250000023
 10
832.5312393417463
 20
240.07031250000023
  0
LWPOLYLINE
  5
10B
330
17
100
AcDbEntity
  8
line engraving
 62
1
420
16711680
100
AcDbPolyline
 90
32
 70
0
 10
834.1006245736698
 20
246.94648490791292
 10
836.6650324010914
 20
246.94648490791292
 10
837.1499036760317
 20
246.95508012342282
 10
837.5609572177694
 20
246.9808657699525
 10
837.8981930263046
 20
247.02384184750193
 10
838.1616111016372
 20
247.08400835607117
 10
838.4424724084456
 20
247.1876565431022
 10
838.6864248486529
 20
247.32062958304934
 10
838.8934684222587
 20
247.4829274759126
 10
839.0636031292634
 20
247.6745502216919
 10
839.1963233687543
 20
247.8939810176503
 10
839.2911235398192
 20
248.1397030610507
 10
839.3480036424581
 20
248.41171635189315
 10
839.3669636766712
 20
248.7100208901776
 10
839.349267644739
 20
248.9964438070219
 10
839.2961795489426
 20
249.26517069193406
 10
839.2076993892821
 20
249.5162015449141
 10
839.0838271657572
 20
249.74953636596203
 10
838.9270908829297
 20
249.95632713911175
 10
838.7400185453615
 20
250.12772584839723
 10
838.5226101530526
 20
250.26373249381845
 10
838.2748657060027
 20
250.3643470753754
 10
838.1316542475806
 20
250.40321514551204
 10
837.9649323467343
 20
250.43690080629713
 10
837.774700003464
 20
250.46540405773067
 10
837.5609572177694
 20
250.48872489981264
 10
837.3237039896509
 20
250.50686333254308
 10
837.0629403191081
 20
250.51981935592195
 10
836.7786662061413
 20
250.52759296994927
 10
836.4708816507504
 20
250.53018417462505
 10
834.1006245736698
 20
250.53018417462505
 10
834.1006245736698
 20
246.94648490791292
  0
LWPOLYLINE
  5
10C
330
17
100
AcDbEntity
  8
line engraving
 62
1
420
16711680
100
AcDbPolyline
 90
32
 70
0
 10
834.1006245736698
 20
241.4698158253754
 10
837.0533339017735
 20
241.4698158253754
 10
837.4052321367667
 20
241.47335503176183
 10
837.700503069577
 20
241.4839726509211
 10
837.9391467002047
 20
241.50166868285322
 10
838.1211630286493
 20
241.5264431275582
 10
838.3810418975954
 20
241.583070429741
 10
838.6186743263984
 20
241.6558769611189
 10
838.834060315058
 20
241.7448627216919
 10
839.0271998635743
 20
241.85002771145997
 10
839.2011265774215
 20
241.97617513909043
 10
839.3588740620737
 20
242.12810821325056
 10
839.5004423175307
 20
242.30582693394038
 10
839.6258313437926
 20
242.50933130115985
 10
839.7284683289989
 20
242.73407090669787
 10
839.8017804612892
 20
242.97549534234335
 10
839.8457677406634
 20
243.23360460809624
 10
839.8604301671214
 20
243.50839870395657
 10
839.8391949288028
 20
243.82920248284043
 10
839.7754892138472
 20
244.1282654224934
 10
839.6693130222544
 20
244.40558752291548
 10
839.5206663540246
 20
244.66116878410665
 10
839.3343524178249
 20
244.8876779928379
 10
839.1151744223226
 20
245.07778393588018
 10
838.8631323675179
 20
245.23148661323353
 10
838.5782262534107
 20
245.34878602489792
 10
838.2437712498935
 20
245.43549658136533
 10
837.8430825268588
 20
245.4974326931278
 10
837.3761600843068
 20
245.53459436018525
 10
836.8430039222374
 20
245.54698158253774
 10
834.1006245736698
 20
245.54698158253774
 10
834.1006245736698
 20
241.4698158253754
  0
LWPOLYLINE
  5
10D
330
17
100
AcDbEntity
  8
cut
 62
5
420
255
100
AcDbPolyline
 90
4
 70
1
 10
612.0000000000001
 20
282.0000000000002
 42
0.9999999999999999
 10
612.0000000000001
 20
342.0000000000002
 10
363.0
 20
342.0000000000003
 42
0.9999999999999999
 10
363.00000000000006
 20
282.0000000000003
  0
CIRCLE
  5
10E
330
17
100
AcDbEntity
  8
cut
 62
5
420
255
100
AcDbCircle
 10
612.0000000000001
 20
312.0000000000002
 30
-2.7755575615628914e-16
 40
10.9
  0
CIRCLE
  5
10F
330
17
100
AcDbEntity
  8
cut
 62
5
420
255
100
AcDbCircle
 10
363.00000000000006
 20
312.0000000000003
 30
-2.7755575615628914e-16
 40
10.9
  0
LWPOLYLINE
  5
110
330
17
100
AcDbEntity
  8
line engraving
 62
1
420
16711680
100
AcDbPolyline
 90
7
 70
0
 10
487.13855729877224
 20
306.0703125000003
 10
487.13855729877224
 20
317.9296875000003
 10
488.70794253069585
 20
317.9296875000003
 10
488.70794253069585
 20
307.46981582537546
 10
494.54864427012285
 20
307.46981582537546
 10
494.54864427012285
 20
306.0703125000003
 10
487.13855729877224
 20
306.0703125000003
  0
LWPOLYLINE
  5
111
330
17
100
AcDbEntity
  8
line engraving
 62
1
420
16711680
100
AcDbPolyline
 90
5
 70
0
 10
496.2393737210096
 20
316.2551372783086
 10
496.2393737210096
 20
317.9296875000003
 10
497.69550434856757
 20
317.9296875000003
 10
497.69550434856757
 20
316.2551372783086
 10
496.2393737210096
 20
316.2551372783086
  0
LWPOLYLINE
  5
112
330
17
100
AcDbEntity
  8
line engraving
 62
1
420
16711680
100
AcDbPolyline
 90
5
 70
0
 10
496.2393737210096
 20
306.0703125000003
 10
496.2393737210096
 20
314.66148320259236
 10
497.69550434856757
 20
314.66148320259236
 10
497.69550434856757
 20
306.0703125000003
 10
496.2393737210096
 20
306.0703125000003
  0
LWPOLYLINE
  5
113
330
17
100
AcDbEntity
  8
line engraving
 62
1
420
16711680
100
AcDbPolyline
 90
61
 70
0
 10
499.9120587482947
 20
306.0703125000003
 10
499.9120587482947
 20
314.66148320259236
 10
501.2225763130969
 20
314.66148320259236
 10
501.2225763130969
 20
313.4399513983632
 10
501.4723431637961
 20
313.7717519970906
 10
501.7484012619373
 20
314.05931251598764
 10
502.0507506075205
 20
314.30263295505443
 10
502.37939120054574
 20
314.5017133142909
 10
502.734323041013
 20
314.65655359369697
 10
503.1155461289223
 20
314.76715379327277
 10
503.5230604642736
 20
314.8335139130183
 10
503.9568660470669
 20
314.85563395293343
 10
504.33733073360764
 20
314.83819072145747
 10
504.7021217918657
 20
314.7858610270296
 10
505.05123922184094
 20
314.69864486964985
 10
505.38468302353346
 20
314.57654224931815
 10
505.6898131741346
 20
314.4261259778951
 10
505.95398965083564
 20
314.25396886724104
 10
506.1772124536366
 20
314.0600709173562
 10
506.35948158253757
 20
313.8444321282404
 10
506.50913945259214
 20
313.6073053003499
 10
506.63452847885407
 20
313.3489432341408
 10
506.7356486613234
 20
313.0693459296132
 10
506.81250000000006
 20
312.768513386767
 10
506.8478920638643
 20
312.5283529534024
 10
506.87317210948163
 20
312.2123523831858
 10
506.88834013685204
 20
311.82051167611723
 10
506.8933961459755
 20
311.35283083219673
 10
506.8933961459755
 20
306.0703125000003
 10
505.4372655184175
 20
306.0703125000003
 10
505.4372655184175
 20
311.29620353001394
 10
505.4266478992582
 20
311.71307148224366
 10
505.3947950417804
 20
312.0738177332029
 10
505.341706945984
 20
312.3784422828917
 10
505.2673836118691
 20
312.62694513131
 10
505.16601062894364
 20
312.83626390902145
 10
505.03177358671564
 20
313.0233362465896
 10
504.8646724851851
 20
313.1881621440146
 10
504.66470732435204
 20
313.3307416012963
 10
504.4389565169893
 20
313.4457658088552
 10
504.19449847586975
 20
313.5279259571115
 10
503.9313332009934
 20
313.5772220460653
 10
503.6494606923602
 20
313.59365407571653
 10
503.4208658798656
 20
313.5844268590662
 10
503.20023428174034
 20
313.5567452091152
 10
502.9875658979846
 20
313.5106091258636
 10
502.7828607285983
 20
313.44601860931135
 10
502.58611877358146
 20
313.3629736594584
 10
502.3973400329341
 20
313.26147427630485
 10
502.2165245066561
 20
313.14152045985065
 10
502.04367219474767
 20
313.00311221009576
 10
501.8853559090692
 20
312.83891831381123
 10
501.7481484614811
 20
312.641607557768
 10
501.63204985198354
 20
312.4111799419661
 10
501.53706008057645
 20
312.14763546640546
 10
501.4631791472598
 20
311.85097413108616
 10
501.41040705203363
 20
311.52119593600816
 10
501.3787437948979
 20
311.15830088117144
 10
501.3681893758527
 20
310.762288966576
 10
501.3681893758527
 20
306.0703125000003
 10
499.9120587482947
 20
306.0703125000003
  0
LWPOLYLINE
  5
114
330
17
100
AcDbEntity
  8
line engraving
 62
1
420
16711680
100
AcDbPolyline
 90
13
 70
0
 10
509.1342193894953
 20
306.0703125000003
 10
509.1342193894953
 20
317.9296875000003
 10
510.59035001705325
 20
317.9296875000003
 10
510.59035001705325
 20
311.16676969645323
 10
514.0365258356071
 20
314.66148320259236
 10
515.9214060368349
 20
314.66148320259236
 10
512.637022510232
 20
311.4741750511599
 10
516.2530802353343
 20
306.0703125000003
 10
514.4571857946795
 20
306.0703125000003
 10
511.6177310709414
 20
310.4629732264669
 10
510.59035001705325
 20
309.4760402455664
 10
510.59035001705325
 20
306.0703125000003
 10
509.1342193894953
 20
306.0703125000003
  0
LWPOLYLINE
  5
115
330
17
100
AcDbEntity
  8
line engraving
 62
1
420
16711680
100
AcDbPolyline
 90
60
 70
0
 10
517.5312393417463
 20
306.0703125000003
 10
517.5312393417463
 20
317.9296875000003
 10
521.9805273703956
 20
317.9296875000003
 10
522.3118855683248
 20
317.9240626898504
 10
522.6264325359183
 20
317.90718825940087
 10
522.9241682731764
 20
317.8790642086516
 10
523.205092780099
 20
317.8396905376026
 10
523.469206056686
 20
317.7890672462539
 10
523.7165081029375
 20
317.7271943346055
 10
523.9469989188534
 20
317.65407180265737
 10
524.1606785044339
 20
317.5696996504096
 10
524.548980005116
 20
317.3654368818216
 10
524.8927886255117
 20
317.1126364256483
 10
525.1921043656208
 20
316.8112982818898
 10
525.4469272254435
 20
316.46142245054597
 10
525.6504315926629
 20
316.0829801676546
 10
525.7957918549625
 20
315.6959426692533
 10
525.8830080123423
 20
315.3003099553422
 10
525.9120800648022
 20
314.89608202592115
 10
525.8862944182725
 20
314.52143174987236
 10
525.8089374786836
 20
314.15790469389526
 10
525.6800092460352
 20
313.8055008579897
 10
525.4995097203275
 20
313.4642202421558
 10
525.2669333006481
 20
313.1446804655528
 10
524.9817743860847
 20
312.85749914734
 10
524.6440329766372
 20
312.60267628751734
 10
524.2537090723057
 20
312.38021188608485
 10
524.5149151436467
 20
312.294386131214
 10
524.7605739869331
 20
312.1946563512537
 10
524.9906856021648
 20
312.0810225462038
 10
525.2052499893418
 20
311.9534847160644
 10
525.4042671484642
 20
311.81204286083545
 10
525.587737079532
 20
311.656696980517
 10
525.7556597825451
 20
311.487447075109
 10
525.9080352575035
 20
311.30429314461145
 10
526.0435995021264
 20
311.1098895938142
 10
526.1610885141329
 20
310.9068908275071
 10
526.260502293523
 20
310.6952968456901
 10
526.3418408402968
 20
310.4751076483632
 10
526.4051041544542
 20
310.2463232355264
 10
526.4502922359951
 20
310.0089436071797
 10
526.4774050849197
 20
309.7629687633231
 10
526.4864427012279
 20
309.50839870395663
 10
526.4644490615409
 20
309.09911476541214
 10
526.3984681424796
 20
308.70449325332567
 10
526.2884999440442
 20
308.32453416769727
 10
526.1345444662347
 20
307.9592375085269
 10
525.9482305300351
 20
307.6217488995356
 10
525.7411869564291
 20
307.32521396444434
 10
525.513413745417
 20
307.06963270325315
 10
525.2649108969987
 20
306.85500511596206
 10
524.989611200226
 20
306.6727359870612
 10
524.6814474441508
 20
306.51423010104054
 10
524.340419628773
 20
306.3794874579002
 10
523.9665277540928
 20
306.26850805764013
 10
523.5542102100742
 20
306.1817975011727
 10
523.0979053866815
 20
306.11986138941023
 10
522.5976132839146
 20
306.0826997223528
 10
522.0533339017736
 20
306.0703125000003
 10
517.5312393417463
 20
306.0703125000003
  0
LWPOLYLINE
  5
116
330
17
100
AcDbEntity
  8
line engraving
 62
1
420
16711680
100
AcDbPolyline
 90
32
 70
0
 10
519.10062457367
 20
312.946484907913
 10
521.6650324010915
 20
312.946484907913
 10
522.1499036760318
 20
312.9550801234229
 10
522.5609572177696
 20
312.9808657699525
 10
522.8981930263046
 20
313.023841847502
 10
523.1616111016372
 20
313.08400835607125
 10
523.4424724084456
 20
313.18765654310226
 10
523.6864248486529
 20
313.32062958304937
 10
523.8934684222587
 20
313.4829274759126
 10
524.0636031292634
 20
313.67455022169196
 10
524.1963233687543
 20
313.89398101765033
 10
524.2911235398193
 20
314.1397030610508
 10
524.3480036424583
 20
314.4117163518932
 10
524.3669636766713
 20
314.71002089017765
 10
524.3492676447391
 20
314.99644380702193
 10
524.2961795489427
 20
315.2651706919341
 10
524.2076993892822
 20
315.51620154491417
 10
524.0838271657573
 20
315.74953636596206
 10
523.9270908829299
 20
315.9563271391118
 10
523.7400185453616
 20
316.1277258483973
 10
523.5226101530526
 20
316.2637324938185
 10
523.2748657060027
 20
316.36434707537546
 10
523.1316542475806
 20
316.4032151455121
 10
522.9649323467344
 20
316.43690080629716
 10
522.774700003464
 20
316.4654040577307
 10
522.5609572177696
 20
316.4887248998127
 10
522.3237039896509
 20
316.5068633325431
 10
522.0629403191082
 20
316.519819355922
 10
521.7786662061413
 20
316.52759296994935
 10
521.4708816507504
 20
316.5301841746251
 10
519.10062457367
 20
316.5301841746251
 10
519.10062457367
 20
312.946484907913
  0
LWPOLYLINE
  5
117
330
17
100
AcDbEntity
  8
line engraving
 62
1
420
16711680
100
AcDbPolyline
 90
32
 70
0
 10
519.10062457367
 20
307.46981582537546
 10
522.0533339017736
 20
307.46981582537546
 10
522.4052321367668
 20
307.4733550317619
 10
522.7005030695772
 20
307.48397265092115
 10
522.9391467002047
 20
307.5016686828533
 10
523.1211630286494
 20
307.52644312755825
 10
523.3810418975955
 20
307.5830704297411
 10
523.6186743263984
 20
307.65587696111896
 10
523.8340603150581
 20
307.74486272169196
 10
524.0271998635744
 20
307.85002771146003
 10
524.2011265774216
 20
307.9761751390905
 10
524.3588740620737
 20
308.12810821325064
 10
524.5004423175308
 20
308.3058269339404
 10
524.6258313437927
 20
308.5093313011599
 10
524.728468328999
 20
308.7340709066979
 10
524.8017804612892
 20
308.9754953423434
 10
524.8457677406634
 20
309.2336046080963
 10
524.8604301671214
 20
309.50839870395663
 10
524.8391949288028
 20
309.8292024828405
 10
524.7754892138472
 20
310.1282654224934
 10
524.6693130222544
 20
310.40558752291554
 10
524.5206663540246
 20
310.6611687841067
 10
524.3343524178249
 20
310.88767799283795
 10
524.1151744223226
 20
311.07778393588023
 10
523.8631323675179
 20
311.2314866132336
 10
523.5782262534107
 20
311.34878602489795
 10
523.2437712498935
 20
311.4354965813654
 10
522.8430825268588
 20
311.49743269312785
 10
522.3761600843069
 20
311.5345943601853
 10
521.8430039222375
 20
311.5469815825378
 10
519.10062457367
 20
311.5469815825378
 10
519.10062457367
 20
307.46981582537546
  0
LWPOLYLINE
  5
118
330
17
100
AcDbEntity
  8
cut
 62
5
420
255
100
AcDbPolyline
 90
4
 70
1
 10
927.0000000000001
 20
282.0000000000002
 42
0.9999999999999999
 10
927.0000000000001
 20
342.0000000000002
 10
678.0
 20
342.0000000000003
 42
0.9999999999999999
 10
678.0
 20
282.0000000000003
  0
CIRCLE
  5
119
330
17
100
AcDbEntity
  8
cut
 62
5
420
255
100
AcDbCircle
 10
927.0000000000001
 20
312.0000000000002
 30
-2.7755575615628914e-16
 40
10.9
  0
CIRCLE
  5
11A
330
17
100
AcDbEntity
  8
cut
 62
5
420
255
100
AcDbCircle
 10
678.0
 20
312.0000000000003
 30
-2.7755575615628914e-16
 40
10.9
  0
LWPOLYLINE
  5
11B
330
17
100
AcDbEntity
  8
line engraving
 62
1
420
16711680
100
AcDbPolyline
 90
7
 70
0
 10
802.1385572987722
 20
306.0703125000003
 10
802.1385572987722
 20
317.9296875000003
 10
803.7079425306957
 20
317.9296875000003
 10
803.7079425306957
 20
307.46981582537546
 10
809.5486442701227
 20
307.46981582537546
 10
809.5486442701227
 20
306.0703125000003
 10
802.1385572987722
 20
306.0703125000003
  0
LWPOLYLINE
  5
11C
330
17
100
AcDbEntity
  8
line engraving
 62
1
420
16711680
100
AcDbPolyline
 90
5
 70
0
 10
811.2393737210095
 20
316.2551372783086
 10
811.2393737210095
 20
317.9296875000003
 10
812.6955043485675
 20
317.9296875000003
 10
812.6955043485675
 20
316.2551372783086
 10
811.2393737210095
 20
316.2551372783086
  0
LWPOLYLINE
  5
11D
330
17
100
AcDbEntity
  8
line engraving
 62
1
420
16711680
100
AcDbPolyline
 90
5
 70
0
 10
811.2393737210095
 20
306.0703125000003
 10
811.2393737210095
 20
314.66148320259236
 10
812.6955043485675
 20
314.66148320259236
 10
812.6955043485675
 20
306.0703125000003
 10
811.2393737210095
 20
306.0703125000003
  0
LWPOLYLINE
  5
11E
330
17
100
AcDbEntity
  8
line engraving
 62
1
420
16711680
100
AcDbPolyline
 90
61
 70
0
 10
814.9120587482947
 20
306.0703125000003
 10
814.9120587482947
 20
314.66148320259236
 10
816.2225763130969
 20
314.66148320259236
 10
816.2225763130969
 20
313.4399513983632
 10
816.472343163796
 20
313.7717519970906
 10
816.7484012619373
 20
314.05931251598764
 10
817.0507506075204
 20
314.30263295505443
 10
817.3793912005457
 20
314.5017133142909
 10
817.7343230410129
 20
314.65655359369697
 10
818.1155461289222
 20
314.76715379327277
 10
818.5230604642735
 20
314.8335139130183
 10
818.9568660470668
 20
314.85563395293343
 10
819.3373307336076
 20
314.83819072145747
 10
819.7021217918656
 20
314.7858610270296
 10
820.0512392218409
 20
314.69864486964985
 10
820.3846830235334
 20
314.57654224931815
 10
820.6898131741345
 20
314.4261259778951
 10
820.9539896508356
 20
314.25396886724104
 10
821.1772124536366
 20
314.0600709173562
 10
821.3594815825376
 20
313.8444321282404
 10
821.5091394525921
 20
313.6073053003499
 10
821.634528478854
 20
313.3489432341408
 10
821.7356486613234
 20
313.0693459296132
 10
821.8125
 20
312.768513386767
 10
821.8478920638643
 20
312.5283529534024
 10
821.8731721094816
 20
312.2123523831858
 10
821.888340136852
 20
311.82051167611723
 10
821.8933961459754
 20
311.35283083219673
 10
821.8933961459754
 20
306.0703125000003
 10
820.4372655184175
 20
306.0703125000003
 10
820.4372655184175
 20
311.29620353001394
 10
820.4266478992582
 20
311.71307148224366
 10
820.3947950417803
 20
312.0738177332029
 10
820.341706945984
 20
312.3784422828917
 10
820.267383611869
 20
312.62694513131
 10
820.1660106289436
 20
312.83626390902145
 10
820.0317735867155
 20
313.0233362465896
 10
819.864672485185
 20
313.1881621440146
 10
819.664707324352
 20
313.3307416012963
 10
819.4389565169893
 20
313.4457658088552
 10
819.1944984758698
 20
313.5279259571115
 10
818.9313332009933
 20
313.5772220460653
 10
818.6494606923602
 20
313.59365407571653
 10
818.4208658798656
 20
313.5844268590662
 10
818.2002342817403
 20
313.5567452091152
 10
817.9875658979845
 20
313.5106091258636
 10
817.7828607285983
 20
313.44601860931135
 10
817.5861187735813
 20
313.3629736594584
 10
817.397340032934
 20
313.26147427630485
 10
817.2165245066561
 20
313.14152045985065
 10
817.0436721947476
 20
313.00311221009576
 10
816.8853559090691
 20
312.83891831381123
 10
816.748148461481
 20
312.641607557768
 10
816.6320498519835
 20
312.4111799419661
 10
816.5370600805765
 20
312.14763546640546
 10
816.4631791472598
 20
311.85097413108616
 10
816.4104070520336
 20
311.52119593600816
 10
816.3787437948979
 20
311.15830088117144
 10
816.3681893758527
 20
310.762288966576
 10
816.3681893758527
 20
306.0703125000003
 10
814.9120587482947
 20
306.0703125000003
  0
LWPOLYLINE
  5
11F
330
17
100
AcDbEntity
  8
line engraving
 62
1
420
16711680
100
AcDbPolyline
 90
13
 70
0
 10
824.1342193894952
 20
306.0703125000003
 10
824.1342193894952
 20
317.9296875000003
 10
825.5903500170532
 20
317.9296875000003
 10
825.5903500170532
 20
311.16676969645323
 10
829.0365258356071
 20
314.66148320259236
 10
830.9214060368349
 20
314.66148320259236
 10
827.6370225102319
 20
311.4741750511599
 10
831.2530802353342
 20
306.0703125000003
 10
829.4571857946794
 20
306.0703125000003
 10
826.6177310709413
 20
310.4629732264669
 10
825.5903500170532
 20
309.4760402455664
 10
825.5903500170532
 20
306.0703125000003
 10
824.1342193894952
 20
306.0703125000003
  0
LWPOLYLINE
  5
120
330
17
100
AcDbEntity
  8
line engraving
 62
1
420
16711680
100
AcDbPolyline
 90
60
 70
0
 10
832.5312393417463
 20
306.0703125000003
 10
832.5312393417463
 20
317.9296875000003
 10
836.9805273703956
 20
317.9296875000003
 10
837.3118855683247
 20
317.9240626898504
 10
837.6264325359183
 20
317.90718825940087
 10
837.9241682731763
 20
317.8790642086516
 10
838.2050927800989
 20
317.8396905376026
 10
838.4692060566858
 20
317.7890672462539
 10
838.7165081029374
 20
317.7271943346055
 10
838.9469989188533
 20
317.65407180265737
 10
839.1606785044338
 20
317.5696996504096
 10
839.5489800051159
 20
317.3654368818216
 10
839.8927886255116
 20
317.1126364256483
 10
840.1921043656207
 20
316.8112982818898
 10
840.4469272254433
 20
316.46142245054597
 10
840.6504315926628
 20
316.0829801676546
 10
840.7957918549624
 20
315.6959426692533
 10
840.8830080123422
 20
315.3003099553422
 10
840.9120800648021
 20
314.89608202592115
 10
840.8862944182724
 20
314.52143174987236
 10
840.8089374786834
 20
314.15790469389526
 10
840.6800092460351
 20
313.8055008579897
 10
840.4995097203274
 20
313.4642202421558
 10
840.266933300648
 20
313.1446804655528
 10
839.9817743860846
 20
312.85749914734
 10
839.6440329766372
 20
312.60267628751734
 10
839.2537090723056
 20
312.38021188608485
 10
839.5149151436466
 20
312.294386131214
 10
839.760573986933
 20
312.1946563512537
 10
839.9906856021647
 20
312.0810225462038
 10
840.2052499893417
 20
311.9534847160644
 10
840.4042671484642
 20
311.81204286083545
 10
840.587737079532
 20
311.656696980517
 10
840.755659782545
 20
311.487447075109
 10
840.9080352575035
 20
311.30429314461145
 10
841.0435995021263
 20
311.1098895938142
 10
841.1610885141329
 20
310.9068908275071
 10
841.260502293523
 20
310.6952968456901
 10
841.3418408402968
 20
310.4751076483632
 10
841.4051041544541
 20
310.2463232355264
 10
841.450292235995
 20
310.0089436071797
 10
841.4774050849196
 20
309.7629687633231
 10
841.4864427012278
 20
309.50839870395663
 10
841.4644490615408
 20
309.09911476541214
 10
841.3984681424795
 20
308.70449325332567
 10
841.2884999440441
 20
308.32453416769727
 10
841.1345444662346
 20
307.9592375085269
 10
840.948230530035
 20
307.6217488995356
 10
840.7411869564291
 20
307.32521396444434
 10
840.513413745417
 20
307.06963270325315
 10
840.2649108969987
 20
306.85500511596206
 10
839.989611200226
 20
306.6727359870612
 10
839.6814474441508
 20
306.51423010104054
 10
839.340419628773
 20
306.3794874579002
 10
838.9665277540928
 20
306.26850805764013
 10
838.5542102100742
 20
306.1817975011727
 10
838.0979053866814
 20
306.11986138941023
 10
837.5976132839146
 20
306.0826997223528
 10
837.0533339017735
 20
306.0703125000003
 10
832.5312393417463
 20
306.0703125000003
  0
LWPOLYLINE
  5
121
330
17
100
AcDbEntity
  8
line engraving
 62
1
420
16711680
100
AcDbPolyline
 90
32
 70
0
 10
834.1006245736698
 20
312.946484907913
 10
836.6650324010914
 20
312.946484907913
 10
837.1499036760317
 20
312.9550801234229
 10
837.5609572177694
 20
312.9808657699525
 10
837.8981930263046
 20
313.023841847502
 10
838.1616111016372
 20
313.08400835607125
 10
838.4424724084456
 20
313.18765654310226
 10
838.6864248486529
 20
313.32062958304937
 10
838.8934684222587
 20
313.4829274759126
 10
839.0636031292634
 20
313.67455022169196
 10
839.1963233687543
 20
313.89398101765033
 10
839.2911235398192
 20
314.1397030610508
 10
839.3480036424581
 20
314.4117163518932
 10
839.3669636766712
 20
314.71002089017765
 10
839.349267644739
 20
314.99644380702193
 10
839.2961795489426
 20
315.2651706919341
 10
839.2076993892821
 20
315.51620154491417
 10
839.0838271657572
 20
315.74953636596206
 10
838.9270908829297
 20
315.9563271391118
 10
838.7400185453615
 20
316.1277258483973
 10
838.5226101530526
 20
316.2637324938185
 10
838.2748657060027
 20
316.36434707537546
 10
838.1316542475806
 20
316.4032151455121
 10
837.9649323467343
 20
316.43690080629716
 10
837.774700003464
 20
316.4654040577307
 10
837.5609572177694
 20
316.4887248998127
 10
837.3237039896509
 20
316.5068633325431
 10
837.0629403191081
 20
316.519819355922
 10
836.7786662061413
 20
316.52759296994935
 10
836.4708816507504
 20
316.5301841746251
 10
834.1006245736698
 20
316.5301841746251
 10
834.1006245736698
 20
312.946484907913
  0
LWPOLYLINE
  5
122
330
17
100
AcDbEntity
  8
line engraving
 62
1
420
16711680
100
AcDbPolyline
 90
32
 70
0
 10
834.1006245736698
 20
307.46981582537546
 10
837.0533339017735
 20
307.46981582537546
 10
837.4052321367667
 20
307.4733550317619
 10
837.700503069577
 20
307.48397265092115
 10
837.9391467002047
 20
307.5016686828533
 10
838.1211630286493
 20
307.52644312755825
 10
838.3810418975954
 20
307.5830704297411
 10
838.6186743263984
 20
307.65587696111896
 10
838.834060315058
 20
307.74486272169196
 10
839.0271998635743
 20
307.85002771146003
 10
839.2011265774215
 20
307.9761751390905
 10
839.3588740620737
 20
308.12810821325064
 10
839.5004423175307
 20
308.3058269339404
 10
839.6258313437926
 20
308.5093313011599
 10
839.7284683289989
 20
308.7340709066979
 10
839.8017804612892
 20
308.9754953423434
 10
839.8457677406634
 20
309.2336046080963
 10
839.8604301671214
 20
309.50839870395663
 10
839.8391949288028
 20
309.8292024828405
 10
839.7754892138472
 20
310.1282654224934
 10
839.6693130222544
 20
310.40558752291554
 10
839.5206663540246
 20
310.6611687841067
 10
839.3343524178249
 20
310.88767799283795
 10
839.1151744223226
 20
311.07778393588023
 10
838.8631323675179
 20
311.2314866132336
 10
838.5782262534107
 20
311.34878602489795
 10
838.2437712498935
 20
311.4354965813654
 10
837.8430825268588
 20
311.49743269312785
 10
837.3761600843068
 20
311.5345943601853
 10
836.8430039222374
 20
311.5469815825378
 10
834.1006245736698
 20
311.5469815825378
 10
834.1006245736698
 20
307.46981582537546
  0
LWPOLYLINE
  5
123
330
17
100
AcDbEntity
  8
cut
 62
5
420
255
100
AcDbPolyline
 90
4
 70
1
 10
963.0
 20
603.6000000000001
 10
963.0
 20
363.0
 42
0.9999999999999999
 10
1023.0
 20
363.0
 10
1023.0
 20
603.6000000000001
 42
0.9999999999999999
  0
CIRCLE
  5
124
330
17
100
AcDbEntity
  8
cut
 62
5
420
255
100
AcDbCircle
 10
993.0
 20
603.6000000000001
 30
0.0
 40
10.9
  0
CIRCLE
  5
125
330
17
100
AcDbEntity
  8
cut
 62
5
420
255
100
AcDbCircle
 10
993.0
 20
363.0
 30
0.0
 40
10.9
  0
LWPOLYLINE
  5
126
330
17
100
AcDbEntity
  8
line engraving
 62
1
420
16711680
100
AcDbPolyline
 90
7
 70
0
 10
998.9296875
 20
444.38149407401096
 10
987.0703125
 20
444.38149407401096
 10
987.0703125
 20
445.95087930593456
 10
997.5301841746249
 20
445.95087930593456
 10
997.5301841746249
 20
451.79158104536157
 10
998.9296875
 20
451.79158104536157
 10
998.9296875
 20
444.38149407401096
  0
LWPOLYLINE
  5
127
330
17
100
AcDbEntity
  8
line engraving
 62
1
420
16711680
100
AcDbPolyline
 90
5
 70
0
 10
988.7448627216917
 20
453.4823104962483
 10
987.0703125
 20
453.4823104962483
 10
987.0703125
 20
454.93844112380634
 10
988.7448627216917
 20
454.93844112380634
 10
988.7448627216917
 20
453.4823104962483
  0
LWPOLYLINE
  5
128
330
17
100
AcDbEntity
  8
line engraving
 62
1
420
16711680
100
AcDbPolyline
 90
5
 70
0
 10
998.9296875
 20
453.4823104962483
 10
990.3385167974079
 20
453.4823104962483
 10
990.3385167974079
 20
454.93844112380634
 10
998.9296875
 20
454.93844112380634
 10
998.9296875
 20
453.4823104962483
  0
LWPOLYLINE
  5
129
330
17
100
AcDbEntity
  8
line engraving
 62
1
420
16711680
100
AcDbPolyline
 90
61
 70
0
 10
998.9296875
 20
457.15499552353344
 10
990.3385167974079
 20
457.15499552353344
 10
990.3385167974079
 20
458.4655130883357
 10
991.5600486016372
 20
458.4655130883357
 10
991.2282480029097
 20
458.7152799390349
 10
990.9406874840126
 20
458.99133803717604
 10
990.6973670449458
 20
459.29368738275923
 10
990.4982866857094
 20
459.6223279757845
 10
990.3434464063032
 20
459.9772598162517
 10
990.2328462067275
 20
460.358482904161
 10
990.166486086982
 20
460.76599723951233
 10
990.1443660470668
 20
461.1998028223056
 10
990.1618092785427
 20
461.5802675088464
 10
990.2141389729707
 20
461.9450585671044
 10
990.3013551303504
 20
462.2941759970797
 10
990.4234577506821
 20
462.62761979877223
 10
990.5738740221052
 20
462.9327499493733
 10
990.7460311327592
 20
463.19692642607436
 10
990.9399290826441
 20
463.42014922887535
 10
991.1555678717599
 20
463.6024183577763
 10
991.3926946996504
 20
463.75207622783086
 10
991.6510567658595
 20
463.8774652540928
 10
991.930654070387
 20
463.9785854365621
 10
992.2314866132333
 20
464.0554367752388
 10
992.4716470465979
 20
464.09082883910304
 10
992.7876476168144
 20
464.11610888472035
 10
993.179488323883
 20
464.13127691209075
 10
993.6471691678036
 20
464.1363329212142
 10
998.9296875
 20
464.1363329212142
 10
998.9296875
 20
462.68020229365624
 10
993.7037964699864
 20
462.68020229365624
 10
993.2869285177567
 20
462.66958467449695
 10
992.9261822667975
 20
462.63773181701913
 10
992.6215577171087
 20
462.58464372122273
 10
992.3730548686904
 20
462.5103203871078
 10
992.1637360909789
 20
462.40894740418236
 10
991.9766637534107
 20
462.27471036195436
 10
991.8118378559857
 20
462.1076092604238
 10
991.669258398704
 20
461.90764409959075
 10
991.5542341911452
 20
461.68189329222804
 10
991.4720740428888
 20
461.43743525110847
 10
991.422777953935
 20
461.1742699762321
 10
991.4063459242838
 20
460.8923974675989
 10
991.415573140934
 20
460.6638026551043
 10
991.443254790885
 20
460.44317105697905
 10
991.4893908741367
 20
460.2305026732233
 10
991.5539813906889
 20
460.025797503837
 10
991.6370263405419
 20
459.8290555488202
 10
991.7385257236954
 20
459.6402768081728
 10
991.8584795401496
 20
459.45946128189485
 10
991.9968877899045
 20
459.2866089699864
 10
992.161081686189
 20
459.1282926843079
 10
992.3583924422322
 20
458.99108523671987
 10
992.5888200580342
 20
458.8749866272223
 10
992.8523645335948
 20
458.77999685581517
 10
993.1490258689141
 20
458.70611592249855
 10
993.4788040639921
 20
458.6533438272724
 10
993.8416991188288
 20
458.6216805701367
 10
994.2377110334243
 20
458.61112615109147
 10
998.9296875
 20
458.61112615109147
 10
998.9296875
 20
457.15499552353344
  0
LWPOLYLINE
  5
12A
330
17
100
AcDbEntity
  8
line engraving
 62
1
420
16711680
100
AcDbPolyline
 90
13
 70
0
 10
998.9296875
 20
466.377156164734
 10
987.0703125
 20
466.377156164734
 10
987.0703125
 20
467.833286792292
 10
993.8332303035471
 20
467.833286792292
 10
990.3385167974079
 20
471.2794626108459
 10
990.3385167974079
 20
473.1643428120737
 10
993.5258249488404
 20
469.8799592854707
 10
998.9296875
 20
473.49601701057304
 10
998.9296875
 20
471.7001225699182
 10
994.5370267735334
 20
468.86066784618015
 10
995.5239597544338
 20
467.833286792292
 10
998.9296875
 20
467.833286792292
 10
998.9296875
 20
466.377156164734
  0
LWPOLYLINE
  5
12B
330
17
100
AcDbEntity
  8
line engraving
 62
1
420
16711680
100
AcDbPolyline
 90
48
 70
0
 10
998.9296875
 20
474.8388930337654
 10
987.0703125
 20
474.8388930337654
 10
987.0703125
 20
478.9241484055253
 10
987.0729669047898
 20
479.2597410110953
 10
987.0809301191592
 20
479.5748567797153
 10
987.0942021431084
 20
479.8694957113852
 10
987.1127829766372
 20
480.1436578061051
 10
987.1366726197455
 20
480.397343063875
 10
987.1658710724334
 20
480.6305514846948
 10
987.2003783347011
 20
480.8432830685646
 10
987.2401944065484
 20
481.03553781548436
 10
987.3812570610932
 20
481.52647630137284
 10
987.5698462013984
 20
481.98000031974766
 10
987.8059618274642
 20
482.3961098706089
 10
988.0896039392906
 20
482.7748049539564
 10
988.2946883093612
 20
483.0020093639421
 10
988.5135503042932
 20
483.2144249472417
 10
988.7461899240866
 20
483.4120517038551
 10
988.9926071687414
 20
483.59488963378243
 10
989.2528020382578
 20
483.7629387370236
 10
989.5267745326356
 20
483.91619901357865
 10
989.8145246518748
 20
484.05467046344756
 10
990.1160523959754
 20
484.17835308663035
 10
990.7548791487252
 20
484.3818574538498
 10
991.4376931808492
 20
484.52721771614944
 10
992.1644944923473
 20
484.6144338735292
 10
992.9352830832197
 20
484.64350592598913
 10
993.5915530674455
 20
484.6237874904076
 10
994.2093973823329
 20
484.5646321836631
 10
994.788816027882
 20
484.46604000575553
 10
995.3298090040928
 20
484.3280109566849
 10
995.829089905035
 20
484.15914025196116
 10
996.2833723247784
 20
483.96802310709415
 10
996.6926562633229
 20
483.75465952208395
 10
997.0569417206685
 20
483.51904949693045
 10
997.3805263045703
 20
483.26650184121337
 10
997.6677076227832
 20
483.00232536451233
 10
997.918485675307
 20
482.7265200668273
 10
998.1328604621419
 20
482.4390859481583
 10
998.3171519946922
 20
482.13066939162695
 10
998.4776802843622
 20
481.79191678035477
 10
998.614445331152
 20
481.4228281143418
 10
998.7274471350614
 20
481.02340339358807
 10
998.8159272947221
 20
480.59338981763733
 10
998.8791274087654
 20
480.13253458603344
 10
998.9170474771913
 20
479.64083769877647
 10
998.9296875
 20
479.11829915586634
 10
998.9296875
 20
474.8388930337654
  0
LWPOLYLINE
  5
12C
330
17
100
AcDbEntity
  8
line engraving
 62
1
420
16711680
100
AcDbPolyline
 90
44
 70
0
 10
997.5301841746249
 20
476.408278265689
 10
997.5301841746249
 20
478.94032763472035
 10
997.5165329499915
 20
479.4952246360207
 10
997.4755792760915
 20
479.98692152327766
 10
997.4073231529246
 20
480.41541829649134
 10
997.3117645804912
 20
480.7807149556617
 10
997.1914315633527
 20
481.0974739272468
 10
997.048852106071
 20
481.3803576377047
 10
996.884026208646
 20
481.62936608703535
 10
996.6969538710778
 20
481.8444992752388
 10
996.3938461241261
 20
482.1081701510275
 10
996.0427062905014
 20
482.3409993711631
 10
995.6435343702038
 20
482.5429869356455
 10
995.1963303632333
 20
482.7141328444748
 10
994.7000830677651
 20
482.8503922903522
 10
994.1537812819747
 20
482.9477204659789
 10
993.557425005862
 20
483.0061173713549
 10
992.911014239427
 20
483.02558300648025
 10
992.4593230243594
 20
483.0160397892597
 10
992.0345550578743
 20
482.9874101375981
 10
991.6367103399716
 20
482.9396940514954
 10
991.2657888706515
 20
482.8728915309516
 10
990.9217906499136
 20
482.78700257596677
 10
990.6047156777583
 20
482.6820271865408
 10
990.3145639541855
 20
482.55796536267377
 10
990.0513354791951
 20
482.4148171043657
 10
989.811870247085
 20
482.2580176214242
 10
989.593008252153
 20
482.09300212365713
 10
989.3947494943991
 20
481.9197706110644
 10
989.2170939738234
 20
481.73832308364604
 10
989.0600416904257
 20
481.54865954140206
 10
988.9235926442062
 20
481.3507799843324
 10
988.8077468351648
 20
481.1446844124372
 10
988.7125042633015
 20
480.9303728257163
 10
988.6556241606626
 20
480.7606173193959
 10
988.6063280717087
 20
480.56684576973913
 10
988.5646159964401
 20
480.34905817674587
 10
988.5304879348568
 20
480.10725454041614
 10
988.5039438869585
 20
479.8414348607499
 10
988.4849838527455
 20
479.5515991377473
 10
988.4736078322177
 20
479.2377473714082
 10
988.4698158253751
 20
478.89987956173263
 10
988.4698158253751
 20
476.408278265689
 10
997.5301841746249
 20
476.408278265689
  0
LWPOLYLINE
  5
12D
330
17
100
AcDbEntity
  8
cut
 62
5
420
255
100
AcDbPolyline
 90
4
 70
1
 10
84.0000000000001
 20
910.2000000000003
 10
84.00000000000004
 20
669.6000000000001
 42
0.9999999999999999
 10
144.00000000000009
 20
669.6000000000001
 10
144.0000000000001
 20
910.2000000000003
 42
0.9999999999999999
  0
CIRCLE
  5
12E
330
17
100
AcDbEntity
  8
cut
 62
5
420
255
100
AcDbCircle
 10
114.00000000000011
 20
910.2000000000003
 30
0.0
 40
10.9
  0
CIRCLE
  5
12F
330
17
100
AcDbEntity
  8
cut
 62
5
420
255
100
AcDbCircle
 10
114.00000000000009
 20
669.6000000000001
 30
0.0
 40
10.9
  0
LWPOLYLINE
  5
130
330
17
100
AcDbEntity
  8
line engraving
 62
1
420
16711680
100
AcDbPolyline
 90
7
 70
0
 10
119.92968750000009
 20
750.9814940740112
 10
108.07031250000009
 20
750.9814940740112
 10
108.07031250000009
 20
752.5508793059347
 10
118.5301841746249
 20
752.5508793059347
 10
118.5301841746249
 20
758.3915810453617
 10
119.92968750000009
 20
758.3915810453617
 10
119.92968750000009
 20
750.9814940740112
  0
LWPOLYLINE
  5
131
330
17
100
AcDbEntity
  8
line engraving
 62
1
420
16711680
100
AcDbPolyline
 90
5
 70
0
 10
109.74486272169176
 20
760.0823104962485
 10
108.07031250000009
 20
760.0823104962485
 10
108.07031250000009
 20
761.5384411238065
 10
109.74486272169176
 20
761.5384411238065
 10
109.74486272169176
 20
760.0823104962485
  0
LWPOLYLINE
  5
132
330
17
100
AcDbEntity
  8
line engraving
 62
1
420
16711680
100
AcDbPolyline
 90
5
 70
0
 10
119.92968750000009
 20
760.0823104962485
 10
111.33851679740799
 20
760.0823104962485
 10
111.33851679740799
 20
761.5384411238065
 10
119.92968750000009
 20
761.5384411238065
 10
119.92968750000009
 20
760.0823104962485
  0
LWPOLYLINE
  5
133
330
17
100
AcDbEntity
  8
line engraving
 62
1
420
16711680
100
AcDbPolyline
 90
61
 70
0
 10
119.92968750000009
 20
763.7549955235336
 10
111.33851679740799
 20
763.7549955235336
 10
111.33851679740799
 20
765.0655130883358
 10
112.56004860163719
 20
765.0655130883358
 10
112.2282480029098
 20
765.315279939035
 10
111.9406874840127
 20
765.5913380371762
 10
111.69736704494595
 20
765.8936873827594
 10
111.4982866857095
 20
766.2223279757847
 10
111.34344640630339
 20
766.5772598162519
 10
111.23284620672757
 20
766.9584829041612
 10
111.1664860869821
 20
767.3659972395125
 10
111.14436604706694
 20
767.7998028223058
 10
111.16180927854289
 20
768.1802675088466
 10
111.21413897297076
 20
768.5450585671045
 10
111.30135513035053
 20
768.8941759970799
 10
111.42345775068222
 20
769.2276197987724
 10
111.5738740221053
 20
769.5327499493735
 10
111.7460311327593
 20
769.7969264260746
 10
111.93992908264418
 20
770.0201492288755
 10
112.15556787175997
 20
770.2024183577764
 10
112.39269469965049
 20
770.352076227831
 10
112.65105676585956
 20
770.477465254093
 10
112.93065407038719
 20
770.5785854365623
 10
113.23148661323337
 20
770.655436775239
 10
113.47164704659797
 20
770.6908288391032
 10
113.78764761681455
 20
770.7161088847206
 10
114.1794883238831
 20
770.731276912091
 10
114.64716916780364
 20
770.7363329212144
 10
119.92968750000009
 20
770.7363329212144
 10
119.92968750000009
 20
769.2802022936564
 10
114.70379646998644
 20
769.2802022936564
 10
114.28692851775673
 20
769.2695846744972
 10
113.9261822667975
 20
769.2377318170193
 10
113.62155771710871
 20
769.184643721223
 10
113.3730548686904
 20
769.110320387108
 10
113.16373609097894
 20
769.0089474041825
 10
112.97666375341073
 20
768.8747103619545
 10
112.81183785598576
 20
768.707609260424
 10
112.66925839870405
 20
768.507644099591
 10
112.55423419114521
 20
768.2818932922282
 10
112.4720740428889
 20
768.0374352511087
 10
112.42277795393511
 20
767.7742699762323
 10
112.40634592428385
 20
767.4923974675991
 10
112.41557314093419
 20
767.2638026551044
 10
112.44325479088515
 20
767.0431710569792
 10
112.48939087413677
 20
766.8305026732235
 10
112.55398139068905
 20
766.6257975038371
 10
112.63702634054195
 20
766.4290555488203
 10
112.73852572369552
 20
766.240276808173
 10
112.85847954014973
 20
766.0594612818951
 10
112.99688778990459
 20
765.8866089699866
 10
113.16108168618912
 20
765.728292684308
 10
113.35839244223236
 20
765.59108523672
 10
113.58882005803429
 20
765.4749866272224
 10
113.85236453359491
 20
765.3799968558153
 10
114.14902586891422
 20
765.3061159224986
 10
114.47880406399224
 20
765.2533438272725
 10
114.84169911882896
 20
765.2216805701368
 10
115.23771103342438
 20
765.2111261510915
 10
119.92968750000009
 20
765.2111261510915
 10
119.92968750000009
 20
763.7549955235336
  0
LWPOLYLINE
  5
134
330
17
100
AcDbEntity
  8
line engraving
 62
1
420
16711680
100
AcDbPolyline
 90
13
 70
0
 10
119.92968750000009
 20
772.9771561647342
 10
108.07031250000009
 20
772.9771561647342
 10
108.07031250000009
 20
774.4332867922922
 10
114.83323030354715
 20
774.4332867922922
 10
111.338516797408
 20
777.8794626108461
 10
111.338516797408
 20
779.7643428120739
 10
114.52582494884047
 20
776.4799592854708
 10
119.92968750000009
 20
780.0960170105732
 10
119.92968750000009
 20
778.3001225699184
 10
115.53702677353351
 20
775.4606678461803
 10
116.52395975443392
 20
774.4332867922922
 10
119.92968750000009
 20
774.4332867922922
 10
119.92968750000009
 20
772.9771561647342
  0
LWPOLYLINE
  5
135
330
17
100
AcDbEntity
  8
line engraving
 62
1
420
16711680
100
AcDbPolyline
 90
48
 70
0
 10
119.92968750000009
 20
781.4388930337656
 10
108.07031250000009
 20
781.4388930337656
 10
108.07031250000009
 20
785.5241484055255
 10
108.07296690478991
 20
785.8597410110955
 10
108.08093011915936
 20
786.1748567797154
 10
108.09420214310846
 20
786.4694957113853
 10
108.11278297663719
 20
786.7436578061051
 10
108.13667261974557
 20
786.9973430638751
 10
108.16587107243357
 20
787.2305514846948
 10
108.20037833470123
 20
787.4432830685647
 10
108.24019440654851
 20
787.6355378154844
 10
108.3812570610932
 20
788.1264763013729
 10
108.56984620139845
 20
788.5800003197478
 10
108.80596182746427
 20
788.996109870609
 10
109.08960393929067
 20
789.3748049539565
 10
109.29468830936123
 20
789.6020093639422
 10
109.51355030429323
 20
789.8144249472418
 10
109.74618992408668
 20
790.0120517038553
 10
109.99260716874156
 20
790.1948896337826
 10
110.25280203825788
 20
790.3629387370237
 10
110.52677453263566
 20
790.5161990135788
 10
110.81452465187488
 20
790.6546704634477
 10
111.11605239597553
 20
790.7783530866304
 10
111.75487914872535
 20
790.9818574538499
 10
112.43769318084934
 20
791.1272177161495
 10
113.16449449234746
 20
791.2144338735293
 10
113.93528308321973
 20
791.2435059259892
 10
114.59155306744552
 20
791.2237874904077
 10
115.20939738233297
 20
791.1646321836631
 10
115.78881602788208
 20
791.0660400057557
 10
116.32980900409285
 20
790.9280109566851
 10
116.82908990503505
 20
790.7591402519613
 10
117.2833723247784
 20
790.5680231070943
 10
117.6926562633229
 20
790.3546595220841
 10
118.05694172066858
 20
790.1190494969306
 10
118.38052630457034
 20
789.8665018412136
 10
118.66770762278317
 20
789.6023253645125
 10
118.91848567530704
 20
789.3265200668275
 10
119.13286046214196
 20
789.0390859481585
 10
119.31715199469227
 20
788.7306693916271
 10
119.4776802843623
 20
788.3919167803549
 10
119.61444533115203
 20
788.022828114342
 10
119.72744713506148
 20
787.6234033935882
 10
119.81592729472212
 20
787.1933898176375
 10
119.87912740876544
 20
786.7325345860336
 10
119.91704747719142
 20
786.2408376987767
 10
119.92968750000009
 20
785.7182991558665
 10
119.92968750000009
 20
781.4388930337656
  0
LWPOLYLINE
  5
136
330
17
100
AcDbEntity
  8
line engraving
 62
1
420
16711680
100
AcDbPolyline
 90
44
 70
0
 10
118.53018417462492
 20
783.0082782656891
 10
118.53018417462492
 20
785.5403276347205
 10
118.51653294999156
 20
786.0952246360208
 10
118.4755792760915
 20
786.5869215232779
 10
118.4073231529247
 20
787.0154182964915
 10
118.31176458049121
 20
787.3807149556618
 10
118.19143156335275
 20
787.697473927247
 10
118.04885210607102
 20
787.9803576377049
 10
117.88402620864606
 20
788.2293660870355
 10
117.69695387107785
 20
788.444499275239
 10
117.39384612412611
 20
788.7081701510276
 10
117.04270629050146
 20
788.9409993711632
 10
116.64353437020387
 20
789.1429869356457
 10
116.19633036323337
 20
789.3141328444749
 10
115.70008306776526
 20
789.4503922903523
 10
115.15378128197486
 20
789.547720465979
 10
114.55742500586213
 20
789.606117371355
 10
113.9110142394271
 20
789.6255830064804
 10
113.45932302435953
 20
789.6160397892598
 10
113.0345550578744
 20
789.5874101375982
 10
112.63671033997174
 20
789.5396940514955
 10
112.26578887065152
 20
789.4728915309518
 10
111.92179064991376
 20
789.3870025759669
 10
111.60471567775843
 20
789.2820271865409
 10
111.31456395418559
 20
789.1579653626738
 10
111.05133547919517
 20
789.0148171043658
 10
110.81187024708505
 20
788.8580176214243
 10
110.59300825215306
 20
788.6930021236573
 10
110.39474949439918
 20
788.5197706110645
 10
110.21709397382341
 20
788.3383230836462
 10
110.06004169042578
 20
788.1486595414021
 10
109.92359264420625
 20
787.9507799843326
 10
109.80774683516486
 20
787.7446844124373
 10
109.71250426330158
 20
787.5303728257164
 10
109.6556241606626
 20
787.360617319396
 10
109.60632807170882
 20
787.1668457697393
 10
109.56461599644022
 20
786.949058176746
 10
109.53048793485684
 20
786.7072545404163
 10
109.50394388695864
 20
786.4414348607501
 10
109.48498385274564
 20
786.1515991377474
 10
109.47360783221785
 20
785.8377473714083
 10
109.46981582537525
 20
785.4998795617328
 10
109.46981582537525
 20
783.0082782656891
 10
118.53018417462492
 20
783.0082782656891
  0
LWPOLYLINE
  5
137
330
17
100
AcDbEntity
  8
cut
 62
5
420
255
100
AcDbPolyline
 90
4
 70
1
 10
150.00000000000017
 20
910.2000000000003
 10
150.0000000000001
 20
669.6000000000001
 42
0.9999999999999999
 10
210.00000000000014
 20
669.6000000000001
 10
210.00000000000017
 20
910.2000000000003
 42
0.9999999999999999
  0
CIRCLE
  5
138
330
17
100
AcDbEntity
  8
cut
 62
5
420
255
100
AcDbCircle
 10
180.00000000000017
 20
910.2000000000003
 30
0.0
 40
10.9
  0
CIRCLE
  5
139
330
17
100
AcDbEntity
  8
cut
 62
5
420
255
100
AcDbCircle
 10
180.00000000000014
 20
669.6000000000001
 30
0.0
 40
10.9
  0
LWPOLYLINE
  5
13A
330
17
100
AcDbEntity
  8
line engraving
 62
1
420
16711680
100
AcDbPolyline
 90
7
 70
0
 10
185.92968750000014
 20
750.9814940740112
 10
174.07031250000014
 20
750.9814940740112
 10
174.07031250000014
 20
752.5508793059347
 10
184.53018417462496
 20
752.5508793059347
 10
184.53018417462496
 20
758.3915810453617
 10
185.92968750000014
 20
758.3915810453617
 10
185.92968750000014
 20
750.9814940740112
  0
LWPOLYLINE
  5
13B
330
17
100
AcDbEntity
  8
line engraving
 62
1
420
16711680
100
AcDbPolyline
 90
5
 70
0
 10
175.74486272169182
 20
760.0823104962485
 10
174.07031250000014
 20
760.0823104962485
 10
174.07031250000014
 20
761.5384411238065
 10
175.74486272169182
 20
761.5384411238065
 10
175.74486272169182
 20
760.0823104962485
  0
LWPOLYLINE
  5
13C
330
17
100
AcDbEntity
  8
line engraving
 62
1
420
16711680
100
AcDbPolyline
 90
5
 70
0
 10
185.92968750000014
 20
760.0823104962485
 10
177.33851679740806
 20
760.0823104962485
 10
177.33851679740806
 20
761.5384411238065
 10
185.92968750000014
 20
761.5384411238065
 10
185.92968750000014
 20
760.0823104962485
  0
LWPOLYLINE
  5
13D
330
17
100
AcDbEntity
  8
line engraving
 62
1
420
16711680
100
AcDbPolyline
 90
61
 70
0
 10
185.92968750000014
 20
763.7549955235336
 10
177.33851679740806
 20
763.7549955235336
 10
177.33851679740806
 20
765.0655130883358
 10
178.56004860163725
 20
765.0655130883358
 10
178.22824800290985
 20
765.315279939035
 10
177.94068748401276
 20
765.5913380371762
 10
177.697367044946
 20
765.8936873827594
 10
177.49828668570956
 20
766.2223279757847
 10
177.34344640630343
 20
766.5772598162519
 10
177.23284620672763
 20
766.9584829041612
 10
177.16648608698216
 20
767.3659972395125
 10
177.144366047067
 20
767.7998028223058
 10
177.16180927854296
 20
768.1802675088466
 10
177.21413897297083
 20
768.5450585671045
 10
177.3013551303506
 20
768.8941759970799
 10
177.42345775068227
 20
769.2276197987724
 10
177.57387402210537
 20
769.5327499493735
 10
177.74603113275936
 20
769.7969264260746
 10
177.93992908264426
 20
770.0201492288755
 10
178.15556787176004
 20
770.2024183577764
 10
178.39269469965055
 20
770.352076227831
 10
178.6510567658596
 20
770.477465254093
 10
178.93065407038725
 20
770.5785854365623
 10
179.23148661323344
 20
770.655436775239
 10
179.47164704659804
 20
770.6908288391032
 10
179.7876476168146
 20
770.7161088847206
 10
180.17948832388316
 20
770.731276912091
 10
180.6471691678037
 20
770.7363329212144
 10
185.92968750000014
 20
770.7363329212144
 10
185.92968750000014
 20
769.2802022936564
 10
180.7037964699865
 20
769.2802022936564
 10
180.2869285177568
 20
769.2695846744972
 10
179.92618226679753
 20
769.2377318170193
 10
179.62155771710877
 20
769.184643721223
 10
179.37305486869045
 20
769.110320387108
 10
179.163736090979
 20
769.0089474041825
 10
178.97666375341078
 20
768.8747103619545
 10
178.8118378559858
 20
768.707609260424
 10
178.6692583987041
 20
768.507644099591
 10
178.55423419114527
 20
768.2818932922282
 10
178.47207404288895
 20
768.0374352511087
 10
178.42277795393517
 20
767.7742699762323
 10
178.4063459242839
 20
767.4923974675991
 10
178.4155731409342
 20
767.2638026551044
 10
178.4432547908852
 20
767.0431710569792
 10
178.4893908741368
 20
766.8305026732235
 10
178.55398139068907
 20
766.6257975038371
 10
178.637026340542
 20
766.4290555488203
 10
178.73852572369557
 20
766.240276808173
 10
178.85847954014977
 20
766.0594612818951
 10
178.99688778990463
 20
765.8866089699866
 10
179.16108168618916
 20
765.728292684308
 10
179.3583924422324
 20
765.59108523672
 10
179.58882005803432
 20
765.4749866272224
 10
179.85236453359494
 20
765.3799968558153
 10
180.14902586891426
 20
765.3061159224986
 10
180.4788040639923
 20
765.2533438272725
 10
180.841699118829
 20
765.2216805701368
 10
181.23771103342443
 20
765.2111261510915
 10
185.92968750000014
 20
765.2111261510915
 10
185.92968750000014
 20
763.7549955235336
  0
LWPOLYLINE
  5
13E
330
17
100
AcDbEntity
  8
line engraving
 62
1
420
16711680
100
AcDbPolyline
 90
13
 70
0
 10
185.92968750000014
 20
772.9771561647342
 10
174.07031250000014
 20
772.9771561647342
 10
174.07031250000014
 20
774.4332867922922
 10
180.8332303035472
 20
774.4332867922922
 10
177.33851679740806
 20
777.8794626108461
 10
177.33851679740806
 20
779.7643428120739
 10
180.52582494884052
 20
776.4799592854708
 10
185.92968750000014
 20
780.0960170105732
 10
185.92968750000014
 20
778.3001225699184
 10
181.53702677353357
 20
775.4606678461803
 10
182.52395975443397
 20
774.4332867922922
 10
185.92968750000014
 20
774.4332867922922
 10
185.92968750000014
 20
772.9771561647342
  0
LWPOLYLINE
  5
13F
330
17
100
AcDbEntity
  8
line engraving
 62
1
420
16711680
100
AcDbPolyline
 90
48
 70
0
 10
185.92968750000014
 20
781.4388930337656
 10
174.07031250000014
 20
781.4388930337656
 10
174.07031250000014
 20
785.5241484055255
 10
174.07296690478995
 20
785.8597410110955
 10
174.0809301191594
 20
786.1748567797154
 10
174.0942021431085
 20
786.4694957113853
 10
174.11278297663725
 20
786.7436578061051
 10
174.1366726197456
 20
786.9973430638751
 10
174.16587107243362
 20
787.2305514846948
 10
174.20037833470127
 20
787.4432830685647
 10
174.24019440654857
 20
787.6355378154844
 10
174.38125706109324
 20
788.1264763013729
 10
174.5698462013985
 20
788.5800003197478
 10
174.80596182746433
 20
788.996109870609
 10
175.08960393929073
 20
789.3748049539565
 10
175.29468830936128
 20
789.6020093639422
 10
175.5135503042933
 20
789.8144249472418
 10
175.74618992408674
 20
790.0120517038553
 10
175.9926071687416
 20
790.1948896337826
 10
176.25280203825793
 20
790.3629387370237
 10
176.5267745326357
 20
790.5161990135788
 10
176.8145246518749
 20
790.6546704634477
 10
177.11605239597557
 20
790.7783530866304
 10
177.75487914872542
 20
790.9818574538499
 10
178.4376931808494
 20
791.1272177161495
 10
179.16449449234753
 20
791.2144338735293
 10
179.9352830832198
 20
791.2435059259892
 10
180.59155306744557
 20
791.2237874904077
 10
181.209397382333
 20
791.1646321836631
 10
181.78881602788212
 20
791.0660400057557
 10
182.3298090040929
 20
790.9280109566851
 10
182.8290899050351
 20
790.7591402519613
 10
183.28337232477844
 20
790.5680231070943
 10
183.69265626332296
 20
790.3546595220841
 10
184.05694172066862
 20
790.1190494969306
 10
184.3805263045704
 20
789.8665018412136
 10
184.6677076227832
 20
789.6023253645125
 10
184.9184856753071
 20
789.3265200668275
 10
185.13286046214202
 20
789.0390859481585
 10
185.31715199469232
 20
788.7306693916271
 10
185.47768028436235
 20
788.3919167803549
 10
185.6144453311521
 20
788.022828114342
 10
185.72744713506154
 20
787.6234033935882
 10
185.81592729472217
 20
787.1933898176375
 10
185.8791274087655
 20
786.7325345860336
 10
185.9170474771915
 20
786.2408376987767
 10
185.92968750000014
 20
785.7182991558665
 10
185.92968750000014
 20
781.4388930337656
  0
LWPOLYLINE
  5
140
330
17
100
AcDbEntity
  8
line engraving
 62
1
420
16711680
100
AcDbPolyline
 90
44
 70
0
 10
184.53018417462496
 20
783.0082782656891
 10
184.53018417462496
 20
785.5403276347205
 10
184.5165329499916
 20
786.0952246360208
 10
184.47557927609154
 20
786.5869215232779
 10
184.40732315292476
 20
787.0154182964915
 10
184.31176458049129
 20
787.3807149556618
 10
184.1914315633528
 20
787.697473927247
 10
184.04885210607108
 20
787.9803576377049
 10
183.88402620864613
 20
788.2293660870355
 10
183.6969538710779
 20
788.444499275239
 10
183.39384612412618
 20
788.7081701510276
 10
183.0427062905015
 20
788.9409993711632
 10
182.64353437020395
 20
789.1429869356457
 10
182.19633036323344
 20
789.3141328444749
 10
181.70008306776532
 20
789.4503922903523
 10
181.1537812819749
 20
789.547720465979
 10
180.55742500586217
 20
789.606117371355
 10
179.91101423942715
 20
789.6255830064804
 10
179.45932302435958
 20
789.6160397892598
 10
179.03455505787446
 20
789.5874101375982
 10
178.63671033997178
 20
789.5396940514955
 10
178.2657888706516
 20
789.4728915309518
 10
177.92179064991382
 20
789.3870025759669
 10
177.60471567775852
 20
789.2820271865409
 10
177.31456395418564
 20
789.1579653626738
 10
177.05133547919525
 20
789.0148171043658
 10
176.81187024708512
 20
788.8580176214243
 10
176.5930082521531
 20
788.6930021236573
 10
176.39474949439924
 20
788.5197706110645
 10
176.21709397382347
 20
788.3383230836462
 10
176.06004169042583
 20
788.1486595414021
 10
175.9235926442063
 20
787.9507799843326
 10
175.80774683516492
 20
787.7446844124373
 10
175.71250426330164
 20
787.5303728257164
 10
175.65562416066265
 20
787.360617319396
 10
175.60632807170887
 20
787.1668457697393
 10
175.5646159964403
 20
786.949058176746
 10
175.5304879348569
 20
786.7072545404163
 10
175.50394388695872
 20
786.4414348607501
 10
175.48498385274573
 20
786.1515991377474
 10
175.4736078322179
 20
785.8377473714083
 10
175.46981582537532
 20
785.4998795617328
 10
175.46981582537532
 20
783.0082782656891
 10
184.53018417462496
 20
783.0082782656891
  0
LWPOLYLINE
  5
141
330
17
100
AcDbEntity
  8
cut
 62
5
420
255
100
AcDbPolyline
 90
4
 70
1
 10
216.00000000000023
 20
910.2000000000003
 10
216.00000000000017
 20
669.6000000000001
 42
0.9999999999999999
 10
276.0000000000002
 20
669.6000000000001
 10
276.0000000000002
 20
910.2000000000003
 42
0.9999999999999999
  0
CIRCLE
  5
142
330
17
100
AcDbEntity
  8
cut
 62
5
420
255
100
AcDbCircle
 10
246.00000000000023
 20
910.2000000000003
 30
0.0
 40
10.9
  0
CIRCLE
  5
143
330
17
100
AcDbEntity
  8
cut
 62
5
420
255
100
AcDbCircle
 10
246.0000000000002
 20
669.6000000000001
 30
0.0
 40
10.9
  0
LWPOLYLINE
  5
144
330
17
100
AcDbEntity
  8
line engraving
 62
1
420
16711680
100
AcDbPolyline
 90
7
 70
0
 10
251.9296875000002
 20
750.9814940740112
 10
240.0703125000002
 20
750.9814940740112
 10
240.0703125000002
 20
752.5508793059347
 10
250.53018417462502
 20
752.5508793059347
 10
250.53018417462502
 20
758.3915810453617
 10
251.9296875000002
 20
758.3915810453617
 10
251.9296875000002
 20
750.9814940740112
  0
LWPOLYLINE
  5
145
330
17
100
AcDbEntity
  8
line engraving
 62
1
420
16711680
100
AcDbPolyline
 90
5
 70
0
 10
241.74486272169187
 20
760.0823104962485
 10
240.0703125000002
 20
760.0823104962485
 10
240.0703125000002
 20
761.5384411238065
 10
241.74486272169187
 20
761.5384411238065
 10
241.74486272169187
 20
760.0823104962485
  0
LWPOLYLINE
  5
146
330
17
100
AcDbEntity
  8
line engraving
 62
1
420
16711680
100
AcDbPolyline
 90
5
 70
0
 10
251.9296875000002
 20
760.0823104962485
 10
243.33851679740812
 20
760.0823104962485
 10
243.33851679740812
 20
761.5384411238065
 10
251.9296875000002
 20
761.5384411238065
 10
251.9296875000002
 20
760.0823104962485
  0
LWPOLYLINE
  5
147
330
17
100
AcDbEntity
  8
line engraving
 62
1
420
16711680
100
AcDbPolyline
 90
61
 70
0
 10
251.9296875000002
 20
763.7549955235336
 10
243.33851679740812
 20
763.7549955235336
 10
243.33851679740812
 20
765.0655130883358
 10
244.5600486016373
 20
765.0655130883358
 10
244.2282480029099
 20
765.315279939035
 10
243.9406874840128
 20
765.5913380371762
 10
243.69736704494605
 20
765.8936873827594
 10
243.49828668570962
 20
766.2223279757847
 10
243.34344640630349
 20
766.5772598162519
 10
243.2328462067277
 20
766.9584829041612
 10
243.16648608698222
 20
767.3659972395125
 10
243.14436604706705
 20
767.7998028223058
 10
243.16180927854302
 20
768.1802675088466
 10
243.2141389729709
 20
768.5450585671045
 10
243.30135513035066
 20
768.8941759970799
 10
243.42345775068233
 20
769.2276197987724
 10
243.57387402210543
 20
769.5327499493735
 10
243.7460311327594
 20
769.7969264260746
 10
243.9399290826443
 20
770.0201492288755
 10
244.1555678717601
 20
770.2024183577764
 10
244.3926946996506
 20
770.352076227831
 10
244.65105676585966
 20
770.477465254093
 10
244.9306540703873
 20
770.5785854365623
 10
245.2314866132335
 20
770.655436775239
 10
245.4716470465981
 20
770.6908288391032
 10
245.78764761681467
 20
770.7161088847206
 10
246.17948832388322
 20
770.731276912091
 10
246.64716916780375
 20
770.7363329212144
 10
251.9296875000002
 20
770.7363329212144
 10
251.9296875000002
 20
769.2802022936564
 10
246.70379646998654
 20
769.2802022936564
 10
246.28692851775685
 20
769.2695846744972
 10
245.92618226679758
 20
769.2377318170193
 10
245.62155771710883
 20
769.184643721223
 10
245.3730548686905
 20
769.110320387108
 10
245.16373609097906
 20
769.0089474041825
 10
244.97666375341083
 20
768.8747103619545
 10
244.81183785598586
 20
768.707609260424
 10
244.66925839870416
 20
768.507644099591
 10
244.55423419114533
 20
768.2818932922282
 10
244.472074042889
 20
768.0374352511087
 10
244.42277795393522
 20
767.7742699762323
 10
244.40634592428395
 20
767.4923974675991
 10
244.41557314093427
 20
767.2638026551044
 10
244.44325479088525
 20
767.0431710569792
 10
244.48939087413686
 20
766.8305026732235
 10
244.55398139068913
 20
766.6257975038371
 10
244.63702634054206
 20
766.4290555488203
 10
244.73852572369563
 20
766.240276808173
 10
244.85847954014983
 20
766.0594612818951
 10
244.9968877899047
 20
765.8866089699866
 10
245.16108168618922
 20
765.728292684308
 10
245.35839244223246
 20
765.59108523672
 10
245.58882005803437
 20
765.4749866272224
 10
245.852364533595
 20
765.3799968558153
 10
246.14902586891432
 20
765.3061159224986
 10
246.47880406399236
 20
765.2533438272725
 10
246.84169911882907
 20
765.2216805701368
 10
247.2377110334245
 20
765.2111261510915
 10
251.9296875000002
 20
765.2111261510915
 10
251.9296875000002
 20
763.7549955235336
  0
LWPOLYLINE
  5
148
330
17
100
AcDbEntity
  8
line engraving
 62
1
420
16711680
100
AcDbPolyline
 90
13
 70
0
 10
251.9296875000002
 20
772.9771561647342
 10
240.0703125000002
 20
772.9771561647342
 10
240.0703125000002
 20
774.4332867922922
 10
246.83323030354725
 20
774.4332867922922
 10
243.33851679740812
 20
777.8794626108461
 10
243.33851679740812
 20
779.7643428120739
 10
246.52582494884058
 20
776.4799592854708
 10
251.9296875000002
 20
780.0960170105732
 10
251.9296875000002
 20
778.3001225699184
 10
247.53702677353363
 20
775.4606678461803
 10
248.52395975443403
 20
774.4332867922922
 10
251.9296875000002
 20
774.4332867922922
 10
251.9296875000002
 20
772.9771561647342
  0
LWPOLYLINE
  5
149
330
17
100
AcDbEntity
  8
line engraving
 62
1
420
16711680
100
AcDbPolyline
 90
48
 70
0
 10
251.9296875000002
 20
781.4388930337656
 10
240.0703125000002
 20
781.4388930337656
 10
240.0703125000002
 20
785.5241484055255
 10
240.07296690479
 20
785.8597410110955
 10
240.08093011915946
 20
786.1748567797154
 10
240.09420214310856
 20
786.4694957113853
 10
240.1127829766373
 20
786.7436578061051
 10
240.13667261974567
 20
786.9973430638751
 10
240.16587107243367
 20
787.2305514846948
 10
240.20037833470133
 20
787.4432830685647
 10
240.24019440654862
 20
787.6355378154844
 10
240.3812570610933
 20
788.1264763013729
 10
240.56984620139855
 20
788.5800003197478
 10
240.8059618274644
 20
788.996109870609
 10
241.08960393929078
 20
789.3748049539565
 10
241.29468830936133
 20
789.6020093639422
 10
241.51355030429335
 20
789.8144249472418
 10
241.7461899240868
 20
790.0120517038553
 10
241.99260716874167
 20
790.1948896337826
 10
242.25280203825798
 20
790.3629387370237
 10
242.52677453263576
 20
790.5161990135788
 10
242.81452465187496
 20
790.6546704634477
 10
243.11605239597563
 20
790.7783530866304
 10
243.75487914872548
 20
790.9818574538499
 10
244.43769318084946
 20
791.1272177161495
 10
245.1644944923476
 20
791.2144338735293
 10
245.93528308321984
 20
791.2435059259892
 10
246.59155306744563
 20
791.2237874904077
 10
247.20939738233307
 20
791.1646321836631
 10
247.78881602788218
 20
791.0660400057557
 10
248.32980900409297
 20
790.9280109566851
 10
248.82908990503515
 20
790.7591402519613
 10
249.2833723247785
 20
790.5680231070943
 10
249.69265626332302
 20
790.3546595220841
 10
250.05694172066868
 20
790.1190494969306
 10
250.38052630457045
 20
789.8665018412136
 10
250.66770762278327
 20
789.6023253645125
 10
250.91848567530715
 20
789.3265200668275
 10
251.13286046214208
 20
789.0390859481585
 10
251.31715199469238
 20
788.7306693916271
 10
251.4776802843624
 20
788.3919167803549
 10
251.61444533115215
 20
788.022828114342
 10
251.7274471350616
 20
787.6234033935882
 10
251.81592729472223
 20
787.1933898176375
 10
251.87912740876556
 20
786.7325345860336
 10
251.91704747719155
 20
786.2408376987767
 10
251.9296875000002
 20
785.7182991558665
 10
251.9296875000002
 20
781.4388930337656
  0
LWPOLYLINE
  5
14A
330
17
100
AcDbEntity
  8
line engraving
 62
1
420
16711680
100
AcDbPolyline
 90
44
 70
0
 10
250.53018417462502
 20
783.0082782656891
 10
250.53018417462502
 20
785.5403276347205
 10
250.51653294999167
 20
786.0952246360208
 10
250.4755792760916
 20
786.5869215232779
 10
250.40732315292482
 20
787.0154182964915
 10
250.31176458049134
 20
787.3807149556618
 10
250.19143156335286
 20
787.697473927247
 10
250.04885210607114
 20
787.9803576377049
 10
249.8840262086462
 20
788.2293660870355
 10
249.69695387107797
 20
788.444499275239
 10
249.39384612412624
 20
788.7081701510276
 10
249.04270629050157
 20
788.9409993711632
 10
248.643534370204
 20
789.1429869356457
 10
248.1963303632335
 20
789.3141328444749
 10
247.70008306776538
 20
789.4503922903523
 10
247.15378128197494
 20
789.547720465979
 10
246.55742500586223
 20
789.606117371355
 10
245.9110142394272
 20
789.6255830064804
 10
245.45932302435963
 20
789.6160397892598
 10
245.0345550578745
 20
789.5874101375982
 10
244.63671033997184
 20
789.5396940514955
 10
244.26578887065165
 20
789.4728915309518
 10
243.92179064991387
 20
789.3870025759669
 10
243.60471567775858
 20
789.2820271865409
 10
243.3145639541857
 20
789.1579653626738
 10
243.0513354791953
 20
789.0148171043658
 10
242.81187024708518
 20
788.8580176214243
 10
242.59300825215317
 20
788.6930021236573
 10
242.3947494943993
 20
788.5197706110645
 10
242.21709397382352
 20
788.3383230836462
 10
242.0600416904259
 20
788.1486595414021
 10
241.92359264420637
 20
787.9507799843326
 10
241.80774683516498
 20
787.7446844124373
 10
241.7125042633017
 20
787.5303728257164
 10
241.6556241606627
 20
787.360617319396
 10
241.60632807170893
 20
787.1668457697393
 10
241.56461599644035
 20
786.949058176746
 10
241.53048793485695
 20
786.7072545404163
 10
241.50394388695878
 20
786.4414348607501
 10
241.48498385274578
 20
786.1515991377474
 10
241.47360783221797
 20
785.8377473714083
 10
241.46981582537538
 20
785.4998795617328
 10
241.46981582537538
 20
783.0082782656891
 10
250.53018417462502
 20
783.0082782656891
  0
LWPOLYLINE
  5
14B
330
17
100
AcDbEntity
  8
cut
 62
5
420
255
100
AcDbPolyline
 90
4
 70
1
 10
282.0000000000003
 20
910.2000000000003
 10
282.0000000000002
 20
669.6000000000001
 42
0.9999999999999999
 10
342.0000000000002
 20
669.6000000000001
 10
342.0000000000003
 20
910.2000000000003
 42
0.9999999999999999
  0
CIRCLE
  5
14C
330
17
100
AcDbEntity
  8
cut
 62
5
420
255
100
AcDbCircle
 10
312.0000000000003
 20
910.2000000000003
 30
0.0
 40
10.9
  0
CIRCLE
  5
14D
330
17
100
AcDbEntity
  8
cut
 62
5
420
255
100
AcDbCircle
 10
312.0000000000002
 20
669.6000000000001
 30
0.0
 40
10.9
  0
LWPOLYLINE
  5
14E
330
17
100
AcDbEntity
  8
line engraving
 62
1
420
16711680
100
AcDbPolyline
 90
7
 70
0
 10
317.9296875000002
 20
750.9814940740112
 10
306.0703125000002
 20
750.9814940740112
 10
306.0703125000002
 20
752.5508793059347
 10
316.53018417462505
 20
752.5508793059347
 10
316.53018417462505
 20
758.3915810453617
 10
317.9296875000002
 20
758.3915810453617
 10
317.9296875000002
 20
750.9814940740112
  0
LWPOLYLINE
  5
14F
330
17
100
AcDbEntity
  8
line engraving
 62
1
420
16711680
100
AcDbPolyline
 90
5
 70
0
 10
307.7448627216919
 20
760.0823104962485
 10
306.0703125000002
 20
760.0823104962485
 10
306.0703125000002
 20
761.5384411238065
 10
307.7448627216919
 20
761.5384411238065
 10
307.7448627216919
 20
760.0823104962485
  0
LWPOLYLINE
  5
150
330
17
100
AcDbEntity
  8
line engraving
 62
1
420
16711680
100
AcDbPolyline
 90
5
 70
0
 10
317.9296875000002
 20
760.0823104962485
 10
309.33851679740815
 20
760.0823104962485
 10
309.33851679740815
 20
761.5384411238065
 10
317.9296875000002
 20
761.5384411238065
 10
317.9296875000002
 20
760.0823104962485
  0
LWPOLYLINE
  5
151
330
17
100
AcDbEntity
  8
line engraving
 62
1
420
16711680
100
AcDbPolyline
 90
61
 70
0
 10
317.9296875000002
 20
763.7549955235336
 10
309.33851679740815
 20
763.7549955235336
 10
309.33851679740815
 20
765.0655130883358
 10
310.56004860163733
 20
765.0655130883358
 10
310.22824800290994
 20
765.315279939035
 10
309.94068748401287
 20
765.5913380371762
 10
309.6973670449461
 20
765.8936873827594
 10
309.4982866857097
 20
766.2223279757847
 10
309.34344640630354
 20
766.5772598162519
 10
309.23284620672774
 20
766.9584829041612
 10
309.1664860869822
 20
767.3659972395125
 10
309.1443660470671
 20
767.7998028223058
 10
309.16180927854305
 20
768.1802675088466
 10
309.2141389729709
 20
768.5450585671045
 10
309.30135513035066
 20
768.8941759970799
 10
309.42345775068236
 20
769.2276197987724
 10
309.57387402210543
 20
769.5327499493735
 10
309.7460311327594
 20
769.7969264260746
 10
309.9399290826443
 20
770.0201492288755
 10
310.1555678717601
 20
770.2024183577764
 10
310.39269469965063
 20
770.352076227831
 10
310.6510567658597
 20
770.477465254093
 10
310.93065407038733
 20
770.5785854365623
 10
311.2314866132335
 20
770.655436775239
 10
311.47164704659815
 20
770.6908288391032
 10
311.7876476168147
 20
770.7161088847206
 10
312.1794883238832
 20
770.731276912091
 10
312.6471691678038
 20
770.7363329212144
 10
317.9296875000002
 20
770.7363329212144
 10
317.9296875000002
 20
769.2802022936564
 10
312.70379646998657
 20
769.2802022936564
 10
312.2869285177569
 20
769.2695846744972
 10
311.92618226679764
 20
769.2377318170193
 10
311.6215577171089
 20
769.184643721223
 10
311.37305486869053
 20
769.110320387108
 10
311.16373609097906
 20
769.0089474041825
 10
310.9766637534109
 20
768.8747103619545
 10
310.8118378559859
 20
768.707609260424
 10
310.6692583987042
 20
768.507644099591
 10
310.5542341911453
 20
768.2818932922282
 10
310.47207404288906
 20
768.0374352511087
 10
310.4227779539352
 20
767.7742699762323
 10
310.406345924284
 20
767.4923974675991
 10
310.4155731409343
 20
767.2638026551044
 10
310.4432547908853
 20
767.0431710569792
 10
310.4893908741369
 20
766.8305026732235
 10
310.55398139068916
 20
766.6257975038371
 10
310.6370263405421
 20
766.4290555488203
 10
310.73852572369566
 20
766.240276808173
 10
310.85847954014986
 20
766.0594612818951
 10
310.99688778990475
 20
765.8866089699866
 10
311.1610816861893
 20
765.728292684308
 10
311.3583924422325
 20
765.59108523672
 10
311.5888200580344
 20
765.4749866272224
 10
311.85236453359505
 20
765.3799968558153
 10
312.14902586891435
 20
765.3061159224986
 10
312.47880406399236
 20
765.2533438272725
 10
312.84169911882907
 20
765.2216805701368
 10
313.2377110334245
 20
765.2111261510915
 10
317.9296875000002
 20
765.2111261510915
 10
317.9296875000002
 20
763.7549955235336
  0
LWPOLYLINE
  5
152
330
17
100
AcDbEntity
  8
line engraving
 62
1
420
16711680
100
AcDbPolyline
 90
13
 70
0
 10
317.9296875000002
 20
772.9771561647342
 10
306.0703125000002
 20
772.9771561647342
 10
306.0703125000002
 20
774.4332867922922
 10
312.8332303035473
 20
774.4332867922922
 10
309.33851679740815
 20
777.8794626108461
 10
309.33851679740815
 20
779.7643428120739
 10
312.52582494884064
 20
776.4799592854708
 10
317.9296875000002
 20
780.0960170105732
 10
317.9296875000002
 20
778.3001225699184
 10
313.5370267735336
 20
775.4606678461803
 10
314.5239597544341
 20
774.4332867922922
 10
317.9296875000002
 20
774.4332867922922
 10
317.9296875000002
 20
772.9771561647342
  0
LWPOLYLINE
  5
153
330
17
100
AcDbEntity
  8
line engraving
 62
1
420
16711680
100
AcDbPolyline
 90
48
 70
0
 10
317.9296875000002
 20
781.4388930337656
 10
306.0703125000002
 20
781.4388930337656
 10
306.0703125000002
 20
785.5241484055255
 10
306.07296690479006
 20
785.8597410110955
 10
306.0809301191595
 20
786.1748567797154
 10
306.0942021431086
 20
786.4694957113853
 10
306.11278297663733
 20
786.7436578061051
 10
306.1366726197457
 20
786.9973430638751
 10
306.16587107243373
 20
787.2305514846948
 10
306.2003783347014
 20
787.4432830685647
 10
306.24019440654865
 20
787.6355378154844
 10
306.3812570610933
 20
788.1264763013729
 10
306.5698462013986
 20
788.5800003197478
 10
306.80596182746444
 20
788.996109870609
 10
307.08960393929084
 20
789.3748049539565
 10
307.2946883093614
 20
789.6020093639422
 10
307.5135503042934
 20
789.8144249472418
 10
307.7461899240868
 20
790.0120517038553
 10
307.9926071687417
 20
790.1948896337826
 10
308.25280203825804
 20
790.3629387370237
 10
308.5267745326358
 20
790.5161990135788
 10
308.814524651875
 20
790.6546704634477
 10
309.11605239597566
 20
790.7783530866304
 10
309.7548791487255
 20
790.9818574538499
 10
310.43769318084946
 20
791.1272177161495
 10
311.1644944923476
 20
791.2144338735293
 10
311.9352830832199
 20
791.2435059259892
 10
312.59155306744566
 20
791.2237874904077
 10
313.2093973823331
 20
791.1646321836631
 10
313.7888160278822
 20
791.0660400057557
 10
314.329809004093
 20
790.9280109566851
 10
314.8290899050352
 20
790.7591402519613
 10
315.28337232477855
 20
790.5680231070943
 10
315.69265626332304
 20
790.3546595220841
 10
316.0569417206687
 20
790.1190494969306
 10
316.3805263045705
 20
789.8665018412136
 10
316.66770762278327
 20
789.6023253645125
 10
316.9184856753072
 20
789.3265200668275
 10
317.1328604621421
 20
789.0390859481585
 10
317.31715199469244
 20
788.7306693916271
 10
317.47768028436246
 20
788.3919167803549
 10
317.6144453311522
 20
788.022828114342
 10
317.7274471350616
 20
787.6234033935882
 10
317.81592729472226
 20
787.1933898176375
 10
317.87912740876556
 20
786.7325345860336
 10
317.91704747719155
 20
786.2408376987767
 10
317.9296875000002
 20
785.7182991558665
 10
317.9296875000002
 20
781.4388930337656
  0
LWPOLYLINE
  5
154
330
17
100
AcDbEntity
  8
line engraving
 62
1
420
16711680
100
AcDbPolyline
 90
44
 70
0
 10
316.53018417462505
 20
783.0082782656891
 10
316.53018417462505
 20
785.5403276347205
 10
316.5165329499917
 20
786.0952246360208
 10
316.4755792760916
 20
786.5869215232779
 10
316.40732315292485
 20
787.0154182964915
 10
316.31176458049134
 20
787.3807149556618
 10
316.19143156335286
 20
787.697473927247
 10
316.04885210607114
 20
787.9803576377049
 10
315.8840262086462
 20
788.2293660870355
 10
315.696953871078
 20
788.444499275239
 10
315.39384612412624
 20
788.7081701510276
 10
315.0427062905016
 20
788.9409993711632
 10
314.643534370204
 20
789.1429869356457
 10
314.1963303632335
 20
789.3141328444749
 10
313.70008306776543
 20
789.4503922903523
 10
313.153781281975
 20
789.547720465979
 10
312.5574250058623
 20
789.606117371355
 10
311.91101423942723
 20
789.6255830064804
 10
311.45932302435966
 20
789.6160397892598
 10
311.03455505787457
 20
789.5874101375982
 10
310.6367103399719
 20
789.5396940514955
 10
310.26578887065165
 20
789.4728915309518
 10
309.9217906499139
 20
789.3870025759669
 10
309.6047156777586
 20
789.2820271865409
 10
309.3145639541857
 20
789.1579653626738
 10
309.0513354791953
 20
789.0148171043658
 10
308.8118702470852
 20
788.8580176214243
 10
308.5930082521532
 20
788.6930021236573
 10
308.3947494943993
 20
788.5197706110645
 10
308.2170939738236
 20
788.3383230836462
 10
308.0600416904259
 20
788.1486595414021
 10
307.9235926442064
 20
787.9507799843326
 10
307.807746835165
 20
787.7446844124373
 10
307.71250426330175
 20
787.5303728257164
 10
307.65562416066274
 20
787.360617319396
 10
307.60632807170896
 20
787.1668457697393
 10
307.5646159964404
 20
786.949058176746
 10
307.530487934857
 20
786.7072545404163
 10
307.5039438869588
 20
786.4414348607501
 10
307.4849838527458
 20
786.1515991377474
 10
307.473607832218
 20
785.8377473714083
 10
307.4698158253754
 20
785.4998795617328
 10
307.4698158253754
 20
783.0082782656891
 10
316.53018417462505
 20
783.0082782656891
  0
LWPOLYLINE
  5
155
330
17
100
AcDbEntity
  8
cut
 62
5
420
255
100
AcDbPolyline
 90
4
 70
1
 10
84.0000000000001
 20
552.6000000000004
 10
84.00000000000004
 20
312.0000000000002
 42
0.9999999999999999
 10
144.00000000000009
 20
312.0000000000002
 10
144.0000000000001
 20
552.6000000000004
 42
0.9999999999999999
  0
CIRCLE
  5
156
330
17
100
AcDbEntity
  8
cut
 62
5
420
255
100
AcDbCircle
 10
114.00000000000011
 20
552.6000000000004
 30
0.0
 40
10.9
  0
CIRCLE
  5
157
330
17
100
AcDbEntity
  8
cut
 62
5
420
255
100
AcDbCircle
 10
114.00000000000009
 20
312.0000000000002
 30
0.0
 40
10.9
  0
LWPOLYLINE
  5
158
330
17
100
AcDbEntity
  8
line engraving
 62
1
420
16711680
100
AcDbPolyline
 90
7
 70
0
 10
119.92968750000009
 20
393.3814940740112
 10
108.07031250000009
 20
393.3814940740112
 10
108.07031250000009
 20
394.9508793059348
 10
118.5301841746249
 20
394.9508793059348
 10
118.5301841746249
 20
400.7915810453618
 10
119.92968750000009
 20
400.7915810453618
 10
119.92968750000009
 20
393.3814940740112
  0
LWPOLYLINE
  5
159
330
17
100
AcDbEntity
  8
line engraving
 62
1
420
16711680
100
AcDbPolyline
 90
5
 70
0
 10
109.74486272169176
 20
402.48231049624854
 10
108.07031250000009
 20
402.48231049624854
 10
108.07031250000009
 20
403.93844112380657
 10
109.74486272169176
 20
403.93844112380657
 10
109.74486272169176
 20
402.48231049624854
  0
LWPOLYLINE
  5
15A
330
17
100
AcDbEntity
  8
line engraving
 62
1
420
16711680
100
AcDbPolyline
 90
5
 70
0
 10
119.92968750000009
 20
402.48231049624854
 10
111.33851679740799
 20
402.48231049624854
 10
111.33851679740799
 20
403.93844112380657
 10
119.92968750000009
 20
403.93844112380657
 10
119.92968750000009
 20
402.48231049624854
  0
LWPOLYLINE
  5
15B
330
17
100
AcDbEntity
  8
line engraving
 62
1
420
16711680
100
AcDbPolyline
 90
61
 70
0
 10
119.92968750000009
 20
406.15499552353367
 10
111.33851679740799
 20
406.15499552353367
 10
111.33851679740799
 20
407.4655130883359
 10
112.56004860163719
 20
407.4655130883359
 10
112.2282480029098
 20
407.7152799390351
 10
111.9406874840127
 20
407.99133803717626
 10
111.69736704494595
 20
408.29368738275946
 10
111.4982866857095
 20
408.62232797578474
 10
111.34344640630339
 20
408.97725981625194
 10
111.23284620672757
 20
409.35848290416124
 10
111.1664860869821
 20
409.76599723951256
 10
111.14436604706694
 20
410.19980282230586
 10
111.16180927854289
 20
410.58026750884665
 10
111.21413897297076
 20
410.94505856710464
 10
111.30135513035053
 20
411.29417599707995
 10
111.42345775068222
 20
411.62761979877246
 10
111.5738740221053
 20
411.93274994937354
 10
111.7460311327593
 20
412.1969264260746
 10
111.93992908264418
 20
412.4201492288756
 10
112.15556787175997
 20
412.6024183577765
 10
112.39269469965049
 20
412.7520762278311
 10
112.65105676585956
 20
412.877465254093
 10
112.93065407038719
 20
412.97858543656235
 10
113.23148661323337
 20
413.055436775239
 10
113.47164704659797
 20
413.09082883910327
 10
113.78764761681455
 20
413.1161088847206
 10
114.1794883238831
 20
413.131276912091
 10
114.64716916780364
 20
413.13633292121443
 10
119.92968750000009
 20
413.13633292121443
 10
119.92968750000009
 20
411.68020229365646
 10
114.70379646998644
 20
411.68020229365646
 10
114.28692851775673
 20
411.6695846744972
 10
113.9261822667975
 20
411.63773181701936
 10
113.62155771710871
 20
411.58464372122296
 10
113.3730548686904
 20
411.51032038710804
 10
113.16373609097894
 20
411.4089474041826
 10
112.97666375341073
 20
411.2747103619546
 10
112.81183785598576
 20
411.10760926042406
 10
112.66925839870405
 20
410.907644099591
 10
112.55423419114521
 20
410.68189329222827
 10
112.4720740428889
 20
410.4374352511087
 10
112.42277795393511
 20
410.1742699762323
 10
112.40634592428385
 20
409.89239746759915
 10
112.41557314093419
 20
409.6638026551045
 10
112.44325479088515
 20
409.4431710569793
 10
112.48939087413677
 20
409.23050267322355
 10
112.55398139068905
 20
409.0257975038372
 10
112.63702634054195
 20
408.8290555488204
 10
112.73852572369552
 20
408.64027680817304
 10
112.85847954014973
 20
408.4594612818951
 10
112.99688778990459
 20
408.2866089699866
 10
113.16108168618912
 20
408.1282926843081
 10
113.35839244223236
 20
407.9910852367201
 10
113.58882005803429
 20
407.87498662722254
 10
113.85236453359491
 20
407.7799968558154
 10
114.14902586891422
 20
407.7061159224988
 10
114.47880406399224
 20
407.65334382727264
 10
114.84169911882896
 20
407.6216805701369
 10
115.23771103342438
 20
407.6111261510917
 10
119.92968750000009
 20
407.6111261510917
 10
119.92968750000009
 20
406.15499552353367
  0
LWPOLYLINE
  5
15C
330
17
100
AcDbEntity
  8
line engraving
 62
1
420
16711680
100
AcDbPolyline
 90
13
 70
0
 10
119.92968750000009
 20
415.37715616473423
 10
108.07031250000009
 20
415.37715616473423
 10
108.07031250000009
 20
416.8332867922922
 10
114.83323030354715
 20
416.8332867922922
 10
111.338516797408
 20
420.2794626108461
 10
111.338516797408
 20
422.1643428120739
 10
114.52582494884047
 20
418.87995928547093
 10
119.92968750000009
 20
422.49601701057327
 10
119.92968750000009
 20
420.70012256991845
 10
115.53702677353351
 20
417.8606678461804
 10
116.52395975443392
 20
416.8332867922922
 10
119.92968750000009
 20
416.8332867922922
 10
119.92968750000009
 20
415.37715616473423
  0
LWPOLYLINE
  5
15D
330
17
100
AcDbEntity
  8
line engraving
 62
1
420
16711680
100
AcDbPolyline
 90
48
 70
0
 10
119.92968750000009
 20
423.8388930337656
 10
108.07031250000009
 20
423.8388930337656
 10
108.07031250000009
 20
427.9241484055255
 10
108.07296690478991
 20
428.2597410110955
 10
108.08093011915936
 20
428.5748567797155
 10
108.09420214310846
 20
428.8694957113854
 10
108.11278297663719
 20
429.14365780610535
 10
108.13667261974557
 20
429.3973430638752
 10
108.16587107243357
 20
429.63055148469505
 10
108.20037833470123
 20
429.8432830685648
 10
108.24019440654851
 20
430.0355378154846
 10
108.3812570610932
 20
430.52647630137307
 10
108.56984620139845
 20
430.9800003197479
 10
108.80596182746427
 20
431.3961098706091
 10
109.08960393929067
 20
431.7748049539566
 10
109.29468830936123
 20
432.0020093639423
 10
109.51355030429323
 20
432.2144249472419
 10
109.74618992408668
 20
432.41205170385535
 10
109.99260716874156
 20
432.59488963378266
 10
110.25280203825788
 20
432.76293873702383
 10
110.52677453263566
 20
432.9161990135789
 10
110.81452465187488
 20
433.0546704634478
 10
111.11605239597553
 20
433.1783530866306
 10
111.75487914872535
 20
433.38185745385005
 10
112.43769318084934
 20
433.52721771614966
 10
113.16449449234746
 20
433.61443387352944
 10
113.93528308321973
 20
433.64350592598936
 10
114.59155306744552
 20
433.62378749040784
 10
115.20939738233297
 20
433.5646321836633
 10
115.78881602788208
 20
433.46604000575576
 10
116.32980900409285
 20
433.32801095668515
 10
116.82908990503505
 20
433.1591402519614
 10
117.2833723247784
 20
432.9680231070944
 10
117.6926562633229
 20
432.7546595220842
 10
118.05694172066858
 20
432.5190494969307
 10
118.38052630457034
 20
432.2665018412136
 10
118.66770762278317
 20
432.00232536451256
 10
118.91848567530704
 20
431.7265200668275
 10
119.13286046214196
 20
431.43908594815855
 10
119.31715199469227
 20
431.1306693916272
 10
119.4776802843623
 20
430.791916780355
 10
119.61444533115203
 20
430.42282811434205
 10
119.72744713506148
 20
430.0234033935883
 10
119.81592729472212
 20
429.59338981763756
 10
119.87912740876544
 20
429.13253458603367
 10
119.91704747719142
 20
428.6408376987767
 10
119.92968750000009
 20
428.11829915586657
 10
119.92968750000009
 20
423.8388930337656
  0
LWPOLYLINE
  5
15E
330
17
100
AcDbEntity
  8
line engraving
 62
1
420
16711680
100
AcDbPolyline
 90
44
 70
0
 10
118.53018417462492
 20
425.4082782656892
 10
118.53018417462492
 20
427.9403276347206
 10
118.51653294999156
 20
428.4952246360209
 10
118.4755792760915
 20
428.9869215232779
 10
118.4073231529247
 20
429.41541829649157
 10
118.31176458049121
 20
429.78071495566195
 10
118.19143156335275
 20
430.09747392724705
 10
118.04885210607102
 20
430.38035763770495
 10
117.88402620864606
 20
430.6293660870356
 10
117.69695387107785
 20
430.844499275239
 10
117.39384612412611
 20
431.1081701510277
 10
117.04270629050146
 20
431.3409993711633
 10
116.64353437020387
 20
431.54298693564573
 10
116.19633036323337
 20
431.71413284447505
 10
115.70008306776526
 20
431.85039229035243
 10
115.15378128197486
 20
431.9477204659791
 10
114.55742500586213
 20
432.0061173713551
 10
113.9110142394271
 20
432.0255830064805
 10
113.45932302435953
 20
432.01603978925993
 10
113.0345550578744
 20
431.9874101375983
 10
112.63671033997174
 20
431.9396940514956
 10
112.26578887065152
 20
431.87289153095185
 10
111.92179064991376
 20
431.787002575967
 10
111.60471567775843
 20
431.682027186541
 10
111.31456395418559
 20
431.557965362674
 10
111.05133547919517
 20
431.4148171043659
 10
110.81187024708505
 20
431.2580176214244
 10
110.59300825215306
 20
431.09300212365736
 10
110.39474949439918
 20
430.9197706110646
 10
110.21709397382341
 20
430.73832308364626
 10
110.06004169042578
 20
430.5486595414023
 10
109.92359264420625
 20
430.35077998433263
 10
109.80774683516486
 20
430.1446844124374
 10
109.71250426330158
 20
429.9303728257165
 10
109.6556241606626
 20
429.76061731939615
 10
109.60632807170882
 20
429.56684576973936
 10
109.56461599644022
 20
429.3490581767461
 10
109.53048793485684
 20
429.10725454041636
 10
109.50394388695864
 20
428.84143486075016
 10
109.48498385274564
 20
428.55159913774753
 10
109.47360783221785
 20
428.23774737140843
 10
109.46981582537525
 20
427.89987956173286
 10
109.46981582537525
 20
425.4082782656892
 10
118.53018417462492
 20
425.4082782656892
  0
LWPOLYLINE
  5
15F
330
17
100
AcDbEntity
  8
cut
 62
5
420
255
100
AcDbPolyline
 90
4
 70
1
 10
150.00000000000017
 20
552.6000000000004
 10
150.0000000000001
 20
312.0000000000002
 42
0.9999999999999999
 10
210.00000000000014
 20
312.0000000000002
 10
210.00000000000017
 20
552.6000000000004
 42
0.9999999999999999
  0
CIRCLE
  5
160
330
17
100
AcDbEntity
  8
cut
 62
5
420
255
100
AcDbCircle
 10
180.00000000000017
 20
552.6000000000004
 30
0.0
 40
10.9
  0
CIRCLE
  5
161
330
17
100
AcDbEntity
  8
cut
 62
5
420
255
100
AcDbCircle
 10
180.00000000000014
 20
312.0000000000002
 30
0.0
 40
10.9
  0
LWPOLYLINE
  5
162
330
17
100
AcDbEntity
  8
line engraving
 62
1
420
16711680
100
AcDbPolyline
 90
7
 70
0
 10
185.92968750000014
 20
393.3814940740112
 10
174.07031250000014
 20
393.3814940740112
 10
174.07031250000014
 20
394.9508793059348
 10
184.53018417462496
 20
394.9508793059348
 10
184.53018417462496
 20
400.7915810453618
 10
185.92968750000014
 20
400.7915810453618
 10
185.92968750000014
 20
393.3814940740112
  0
LWPOLYLINE
  5
163
330
17
100
AcDbEntity
  8
line engraving
 62
1
420
16711680
100
AcDbPolyline
 90
5
 70
0
 10
175.74486272169182
 20
402.48231049624854
 10
174.07031250000014
 20
402.48231049624854
 10
174.07031250000014
 20
403.93844112380657
 10
175.74486272169182
 20
403.93844112380657
 10
175.74486272169182
 20
402.48231049624854
  0
LWPOLYLINE
  5
164
330
17
100
AcDbEntity
  8
line engraving
 62
1
420
16711680
100
AcDbPolyline
 90
5
 70
0
 10
185.92968750000014
 20
402.48231049624854
 10
177.33851679740806
 20
402.48231049624854
 10
177.33851679740806
 20
403.93844112380657
 10
185.92968750000014
 20
403.93844112380657
 10
185.92968750000014
 20
402.48231049624854
  0
LWPOLYLINE
  5
165
330
17
100
AcDbEntity
  8
line engraving
 62
1
420
16711680
100
AcDbPolyline
 90
61
 70
0
 10
185.92968750000014
 20
406.15499552353367
 10
177.33851679740806
 20
406.15499552353367
 10
177.33851679740806
 20
407.4655130883359
 10
178.56004860163725
 20
407.4655130883359
 10
178.22824800290985
 20
407.7152799390351
 10
177.94068748401276
 20
407.99133803717626
 10
177.697367044946
 20
408.29368738275946
 10
177.49828668570956
 20
408.62232797578474
 10
177.34344640630343
 20
408.97725981625194
 10
177.23284620672763
 20
409.35848290416124
 10
177.16648608698216
 20
409.76599723951256
 10
177.144366047067
 20
410.19980282230586
 10
177.16180927854296
 20
410.58026750884665
 10
177.21413897297083
 20
410.94505856710464
 10
177.3013551303506
 20
411.29417599707995
 10
177.42345775068227
 20
411.62761979877246
 10
177.57387402210537
 20
411.93274994937354
 10
177.74603113275936
 20
412.1969264260746
 10
177.93992908264426
 20
412.4201492288756
 10
178.15556787176004
 20
412.6024183577765
 10
178.39269469965055
 20
412.7520762278311
 10
178.6510567658596
 20
412.877465254093
 10
178.93065407038725
 20
412.97858543656235
 10
179.23148661323344
 20
413.055436775239
 10
179.47164704659804
 20
413.09082883910327
 10
179.7876476168146
 20
413.1161088847206
 10
180.17948832388316
 20
413.131276912091
 10
180.6471691678037
 20
413.13633292121443
 10
185.92968750000014
 20
413.13633292121443
 10
185.92968750000014
 20
411.68020229365646
 10
180.7037964699865
 20
411.68020229365646
 10
180.2869285177568
 20
411.6695846744972
 10
179.92618226679753
 20
411.63773181701936
 10
179.62155771710877
 20
411.58464372122296
 10
179.37305486869045
 20
411.51032038710804
 10
179.163736090979
 20
411.4089474041826
 10
178.97666375341078
 20
411.2747103619546
 10
178.8118378559858
 20
411.10760926042406
 10
178.6692583987041
 20
410.907644099591
 10
178.55423419114527
 20
410.68189329222827
 10
178.47207404288895
 20
410.4374352511087
 10
178.42277795393517
 20
410.1742699762323
 10
178.4063459242839
 20
409.89239746759915
 10
178.4155731409342
 20
409.6638026551045
 10
178.4432547908852
 20
409.4431710569793
 10
178.4893908741368
 20
409.23050267322355
 10
178.55398139068907
 20
409.0257975038372
 10
178.637026340542
 20
408.8290555488204
 10
178.73852572369557
 20
408.64027680817304
 10
178.85847954014977
 20
408.4594612818951
 10
178.99688778990463
 20
408.2866089699866
 10
179.16108168618916
 20
408.1282926843081
 10
179.3583924422324
 20
407.9910852367201
 10
179.58882005803432
 20
407.87498662722254
 10
179.85236453359494
 20
407.7799968558154
 10
180.14902586891426
 20
407.7061159224988
 10
180.4788040639923
 20
407.65334382727264
 10
180.841699118829
 20
407.6216805701369
 10
181.23771103342443
 20
407.6111261510917
 10
185.92968750000014
 20
407.6111261510917
 10
185.92968750000014
 20
406.15499552353367
  0
LWPOLYLINE
  5
166
330
17
100
AcDbEntity
  8
line engraving
 62
1
420
16711680
100
AcDbPolyline
 90
13
 70
0
 10
185.92968750000014
 20
415.37715616473423
 10
174.07031250000014
 20
415.37715616473423
 10
174.07031250000014
 20
416.8332867922922
 10
180.8332303035472
 20
416.8332867922922
 10
177.33851679740806
 20
420.2794626108461
 10
177.33851679740806
 20
422.1643428120739
 10
180.52582494884052
 20
418.87995928547093
 10
185.92968750000014
 20
422.49601701057327
 10
185.92968750000014
 20
420.70012256991845
 10
181.53702677353357
 20
417.8606678461804
 10
182.52395975443397
 20
416.8332867922922
 10
185.92968750000014
 20
416.8332867922922
 10
185.92968750000014
 20
415.37715616473423
  0
LWPOLYLINE
  5
167
330
17
100
AcDbEntity
  8
line engraving
 62
1
420
16711680
100
AcDbPolyline
 90
48
 70
0
 10
185.92968750000014
 20
423.8388930337656
 10
174.07031250000014
 20
423.8388930337656
 10
174.07031250000014
 20
427.9241484055255
 10
174.07296690478995
 20
428.2597410110955
 10
174.0809301191594
 20
428.5748567797155
 10
174.0942021431085
 20
428.8694957113854
 10
174.11278297663725
 20
429.14365780610535
 10
174.1366726197456
 20
429.3973430638752
 10
174.16587107243362
 20
429.63055148469505
 10
174.20037833470127
 20
429.8432830685648
 10
174.24019440654857
 20
430.0355378154846
 10
174.38125706109324
 20
430.52647630137307
 10
174.5698462013985
 20
430.9800003197479
 10
174.80596182746433
 20
431.3961098706091
 10
175.08960393929073
 20
431.7748049539566
 10
175.29468830936128
 20
432.0020093639423
 10
175.5135503042933
 20
432.2144249472419
 10
175.74618992408674
 20
432.41205170385535
 10
175.9926071687416
 20
432.59488963378266
 10
176.25280203825793
 20
432.76293873702383
 10
176.5267745326357
 20
432.9161990135789
 10
176.8145246518749
 20
433.0546704634478
 10
177.11605239597557
 20
433.1783530866306
 10
177.75487914872542
 20
433.38185745385005
 10
178.4376931808494
 20
433.52721771614966
 10
179.16449449234753
 20
433.61443387352944
 10
179.9352830832198
 20
433.64350592598936
 10
180.59155306744557
 20
433.62378749040784
 10
181.209397382333
 20
433.5646321836633
 10
181.78881602788212
 20
433.46604000575576
 10
182.3298090040929
 20
433.32801095668515
 10
182.8290899050351
 20
433.1591402519614
 10
183.28337232477844
 20
432.9680231070944
 10
183.69265626332296
 20
432.7546595220842
 10
184.05694172066862
 20
432.5190494969307
 10
184.3805263045704
 20
432.2665018412136
 10
184.6677076227832
 20
432.00232536451256
 10
184.9184856753071
 20
431.7265200668275
 10
185.13286046214202
 20
431.43908594815855
 10
185.31715199469232
 20
431.1306693916272
 10
185.47768028436235
 20
430.791916780355
 10
185.6144453311521
 20
430.42282811434205
 10
185.72744713506154
 20
430.0234033935883
 10
185.81592729472217
 20
429.59338981763756
 10
185.8791274087655
 20
429.13253458603367
 10
185.9170474771915
 20
428.6408376987767
 10
185.92968750000014
 20
428.11829915586657
 10
185.92968750000014
 20
423.8388930337656
  0
LWPOLYLINE
  5
168
330
17
100
AcDbEntity
  8
line engraving
 62
1
420
16711680
100
AcDbPolyline
 90
44
 70
0
 10
184.53018417462496
 20
425.4082782656892
 10
184.53018417462496
 20
427.9403276347206
 10
184.5165329499916
 20
428.4952246360209
 10
184.47557927609154
 20
428.9869215232779
 10
184.40732315292476
 20
429.41541829649157
 10
184.31176458049129
 20
429.78071495566195
 10
184.1914315633528
 20
430.09747392724705
 10
184.04885210607108
 20
430.38035763770495
 10
183.88402620864613
 20
430.6293660870356
 10
183.6969538710779
 20
430.844499275239
 10
183.39384612412618
 20
431.1081701510277
 10
183.0427062905015
 20
431.3409993711633
 10
182.64353437020395
 20
431.54298693564573
 10
182.19633036323344
 20
431.71413284447505
 10
181.70008306776532
 20
431.85039229035243
 10
181.1537812819749
 20
431.9477204659791
 10
180.55742500586217
 20
432.0061173713551
 10
179.91101423942715
 20
432.0255830064805
 10
179.45932302435958
 20
432.01603978925993
 10
179.03455505787446
 20
431.9874101375983
 10
178.63671033997178
 20
431.9396940514956
 10
178.2657888706516
 20
431.87289153095185
 10
177.92179064991382
 20
431.787002575967
 10
177.60471567775852
 20
431.682027186541
 10
177.31456395418564
 20
431.557965362674
 10
177.05133547919525
 20
431.4148171043659
 10
176.81187024708512
 20
431.2580176214244
 10
176.5930082521531
 20
431.09300212365736
 10
176.39474949439924
 20
430.9197706110646
 10
176.21709397382347
 20
430.73832308364626
 10
176.06004169042583
 20
430.5486595414023
 10
175.9235926442063
 20
430.35077998433263
 10
175.80774683516492
 20
430.1446844124374
 10
175.71250426330164
 20
429.9303728257165
 10
175.65562416066265
 20
429.76061731939615
 10
175.60632807170887
 20
429.56684576973936
 10
175.5646159964403
 20
429.3490581767461
 10
175.5304879348569
 20
429.10725454041636
 10
175.50394388695872
 20
428.84143486075016
 10
175.48498385274573
 20
428.55159913774753
 10
175.4736078322179
 20
428.23774737140843
 10
175.46981582537532
 20
427.89987956173286
 10
175.46981582537532
 20
425.4082782656892
 10
184.53018417462496
 20
425.4082782656892
  0
LWPOLYLINE
  5
169
330
17
100
AcDbEntity
  8
cut
 62
5
420
255
100
AcDbPolyline
 90
4
 70
1
 10
216.00000000000023
 20
552.6000000000004
 10
216.00000000000017
 20
312.0000000000002
 42
0.9999999999999999
 10
276.0000000000002
 20
312.0000000000002
 10
276.0000000000002
 20
552.6000000000004
 42
0.9999999999999999
  0
CIRCLE
  5
16A
330
17
100
AcDbEntity
  8
cut
 62
5
420
255
100
AcDbCircle
 10
246.00000000000023
 20
552.6000000000004
 30
0.0
 40
10.9
  0
CIRCLE
  5
16B
330
17
100
AcDbEntity
  8
cut
 62
5
420
255
100
AcDbCircle
 10
246.0000000000002
 20
312.0000000000002
 30
0.0
 40
10.9
  0
LWPOLYLINE
  5
16C
330
17
100
AcDbEntity
  8
line engraving
 62
1
420
16711680
100
AcDbPolyline
 90
7
 70
0
 10
251.9296875000002
 20
393.3814940740112
 10
240.0703125000002
 20
393.3814940740112
 10
240.0703125000002
 20
394.9508793059348
 10
250.53018417462502
 20
394.9508793059348
 10
250.53018417462502
 20
400.7915810453618
 10
251.9296875000002
 20
400.7915810453618
 10
251.9296875000002
 20
393.3814940740112
  0
LWPOLYLINE
  5
16D
330
17
100
AcDbEntity
  8
line engraving
 62
1
420
16711680
100
AcDbPolyline
 90
5
 70
0
 10
241.74486272169187
 20
402.48231049624854
 10
240.0703125000002
 20
402.48231049624854
 10
240.0703125000002
 20
403.93844112380657
 10
241.74486272169187
 20
403.93844112380657
 10
241.74486272169187
 20
402.48231049624854
  0
LWPOLYLINE
  5
16E
330
17
100
AcDbEntity
  8
line engraving
 62
1
420
16711680
100
AcDbPolyline
 90
5
 70
0
 10
251.9296875000002
 20
402.48231049624854
 10
243.33851679740812
 20
402.48231049624854
 10
243.33851679740812
 20
403.93844112380657
 10
251.9296875000002
 20
403.93844112380657
 10
251.9296875000002
 20
402.48231049624854
  0
LWPOLYLINE
  5
16F
330
17
100
AcDbEntity
  8
line engraving
 62
1
420
16711680
100
AcDbPolyline
 90
61
 70
0
 10
251.9296875000002
 20
406.15499552353367
 10
243.33851679740812
 20
406.15499552353367
 10
243.33851679740812
 20
407.4655130883359
 10
244.5600486016373
 20
407.4655130883359
 10
244.2282480029099
 20
407.7152799390351
 10
243.9406874840128
 20
407.99133803717626
 10
243.69736704494605
 20
408.29368738275946
 10
243.49828668570962
 20
408.62232797578474
 10
243.34344640630349
 20
408.97725981625194
 10
243.2328462067277
 20
409.35848290416124
 10
243.16648608698222
 20
409.76599723951256
 10
243.14436604706705
 20
410.19980282230586
 10
243.16180927854302
 20
410.58026750884665
 10
243.2141389729709
 20
410.94505856710464
 10
243.30135513035066
 20
411.29417599707995
 10
243.42345775068233
 20
411.62761979877246
 10
243.57387402210543
 20
411.93274994937354
 10
243.7460311327594
 20
412.1969264260746
 10
243.9399290826443
 20
412.4201492288756
 10
244.1555678717601
 20
412.6024183577765
 10
244.3926946996506
 20
412.7520762278311
 10
244.65105676585966
 20
412.877465254093
 10
244.9306540703873
 20
412.97858543656235
 10
245.2314866132335
 20
413.055436775239
 10
245.4716470465981
 20
413.09082883910327
 10
245.78764761681467
 20
413.1161088847206
 10
246.17948832388322
 20
413.131276912091
 10
246.64716916780375
 20
413.13633292121443
 10
251.9296875000002
 20
413.13633292121443
 10
251.9296875000002
 20
411.68020229365646
 10
246.70379646998654
 20
411.68020229365646
 10
246.28692851775685
 20
411.6695846744972
 10
245.92618226679758
 20
411.63773181701936
 10
245.62155771710883
 20
411.58464372122296
 10
245.3730548686905
 20
411.51032038710804
 10
245.16373609097906
 20
411.4089474041826
 10
244.97666375341083
 20
411.2747103619546
 10
244.81183785598586
 20
411.10760926042406
 10
244.66925839870416
 20
410.907644099591
 10
244.55423419114533
 20
410.68189329222827
 10
244.472074042889
 20
410.4374352511087
 10
244.42277795393522
 20
410.1742699762323
 10
244.40634592428395
 20
409.89239746759915
 10
244.41557314093427
 20
409.6638026551045
 10
244.44325479088525
 20
409.4431710569793
 10
244.48939087413686
 20
409.23050267322355
 10
244.55398139068913
 20
409.0257975038372
 10
244.63702634054206
 20
408.8290555488204
 10
244.73852572369563
 20
408.64027680817304
 10
244.85847954014983
 20
408.4594612818951
 10
244.9968877899047
 20
408.2866089699866
 10
245.16108168618922
 20
408.1282926843081
 10
245.35839244223246
 20
407.9910852367201
 10
245.58882005803437
 20
407.87498662722254
 10
245.852364533595
 20
407.7799968558154
 10
246.14902586891432
 20
407.7061159224988
 10
246.47880406399236
 20
407.65334382727264
 10
246.84169911882907
 20
407.6216805701369
 10
247.2377110334245
 20
407.6111261510917
 10
251.9296875000002
 20
407.6111261510917
 10
251.9296875000002
 20
406.15499552353367
  0
LWPOLYLINE
  5
170
330
17
100
AcDbEntity
  8
line engraving
 62
1
420
16711680
100
AcDbPolyline
 90
13
 70
0
 10
251.9296875000002
 20
415.37715616473423
 10
240.0703125000002
 20
415.37715616473423
 10
240.0703125000002
 20
416.8332867922922
 10
246.83323030354725
 20
416.8332867922922
 10
243.33851679740812
 20
420.2794626108461
 10
243.33851679740812
 20
422.1643428120739
 10
246.52582494884058
 20
418.87995928547093
 10
251.9296875000002
 20
422.49601701057327
 10
251.9296875000002
 20
420.70012256991845
 10
247.53702677353363
 20
417.8606678461804
 10
248.52395975443403
 20
416.8332867922922
 10
251.9296875000002
 20
416.8332867922922
 10
251.9296875000002
 20
415.37715616473423
  0
LWPOLYLINE
  5
171
330
17
100
AcDbEntity
  8
line engraving
 62
1
420
16711680
100
AcDbPolyline
 90
48
 70
0
 10
251.9296875000002
 20
423.8388930337656
 10
240.0703125000002
 20
423.8388930337656
 10
240.0703125000002
 20
427.9241484055255
 10
240.07296690479
 20
428.2597410110955
 10
240.08093011915946
 20
428.5748567797155
 10
240.09420214310856
 20
428.8694957113854
 10
240.1127829766373
 20
429.14365780610535
 10
240.13667261974567
 20
429.3973430638752
 10
240.16587107243367
 20
429.63055148469505
 10
240.20037833470133
 20
429.8432830685648
 10
240.24019440654862
 20
430.0355378154846
 10
240.3812570610933
 20
430.52647630137307
 10
240.56984620139855
 20
430.9800003197479
 10
240.8059618274644
 20
431.3961098706091
 10
241.08960393929078
 20
431.7748049539566
 10
241.29468830936133
 20
432.0020093639423
 10
241.51355030429335
 20
432.2144249472419
 10
241.7461899240868
 20
432.41205170385535
 10
241.99260716874167
 20
432.59488963378266
 10
242.25280203825798
 20
432.76293873702383
 10
242.52677453263576
 20
432.9161990135789
 10
242.81452465187496
 20
433.0546704634478
 10
243.11605239597563
 20
433.1783530866306
 10
243.75487914872548
 20
433.38185745385005
 10
244.43769318084946
 20
433.52721771614966
 10
245.1644944923476
 20
433.61443387352944
 10
245.93528308321984
 20
433.64350592598936
 10
246.59155306744563
 20
433.62378749040784
 10
247.20939738233307
 20
433.5646321836633
 10
247.78881602788218
 20
433.46604000575576
 10
248.32980900409297
 20
433.32801095668515
 10
248.82908990503515
 20
433.1591402519614
 10
249.2833723247785
 20
432.9680231070944
 10
249.69265626332302
 20
432.7546595220842
 10
250.05694172066868
 20
432.5190494969307
 10
250.38052630457045
 20
432.2665018412136
 10
250.66770762278327
 20
432.00232536451256
 10
250.91848567530715
 20
431.7265200668275
 10
251.13286046214208
 20
431.43908594815855
 10
251.31715199469238
 20
431.1306693916272
 10
251.4776802843624
 20
430.791916780355
 10
251.61444533115215
 20
430.42282811434205
 10
251.7274471350616
 20
430.0234033935883
 10
251.81592729472223
 20
429.59338981763756
 10
251.87912740876556
 20
429.13253458603367
 10
251.91704747719155
 20
428.6408376987767
 10
251.9296875000002
 20
428.11829915586657
 10
251.9296875000002
 20
423.8388930337656
  0
LWPOLYLINE
  5
172
330
17
100
AcDbEntity
  8
line engraving
 62
1
420
16711680
100
AcDbPolyline
 90
44
 70
0
 10
250.53018417462502
 20
425.4082782656892
 10
250.53018417462502
 20
427.9403276347206
 10
250.51653294999167
 20
428.4952246360209
 10
250.4755792760916
 20
428.9869215232779
 10
250.40732315292482
 20
429.41541829649157
 10
250.31176458049134
 20
429.78071495566195
 10
250.19143156335286
 20
430.09747392724705
 10
250.04885210607114
 20
430.38035763770495
 10
249.8840262086462
 20
430.6293660870356
 10
249.69695387107797
 20
430.844499275239
 10
249.39384612412624
 20
431.1081701510277
 10
249.04270629050157
 20
431.3409993711633
 10
248.643534370204
 20
431.54298693564573
 10
248.1963303632335
 20
431.71413284447505
 10
247.70008306776538
 20
431.85039229035243
 10
247.15378128197494
 20
431.9477204659791
 10
246.55742500586223
 20
432.0061173713551
 10
245.9110142394272
 20
432.0255830064805
 10
245.45932302435963
 20
432.01603978925993
 10
245.0345550578745
 20
431.9874101375983
 10
244.63671033997184
 20
431.9396940514956
 10
244.26578887065165
 20
431.87289153095185
 10
243.92179064991387
 20
431.787002575967
 10
243.60471567775858
 20
431.682027186541
 10
243.3145639541857
 20
431.557965362674
 10
243.0513354791953
 20
431.4148171043659
 10
242.81187024708518
 20
431.2580176214244
 10
242.59300825215317
 20
431.09300212365736
 10
242.3947494943993
 20
430.9197706110646
 10
242.21709397382352
 20
430.73832308364626
 10
242.0600416904259
 20
430.5486595414023
 10
241.92359264420637
 20
430.35077998433263
 10
241.80774683516498
 20
430.1446844124374
 10
241.7125042633017
 20
429.9303728257165
 10
241.6556241606627
 20
429.76061731939615
 10
241.60632807170893
 20
429.56684576973936
 10
241.56461599644035
 20
429.3490581767461
 10
241.53048793485695
 20
429.10725454041636
 10
241.50394388695878
 20
428.84143486075016
 10
241.48498385274578
 20
428.55159913774753
 10
241.47360783221797
 20
428.23774737140843
 10
241.46981582537538
 20
427.89987956173286
 10
241.46981582537538
 20
425.4082782656892
 10
250.53018417462502
 20
425.4082782656892
  0
LWPOLYLINE
  5
173
330
17
100
AcDbEntity
  8
cut
 62
5
420
255
100
AcDbPolyline
 90
4
 70
1
 10
1029.0
 20
603.6000000000001
 10
1029.0
 20
363.0
 42
0.9999999999999999
 10
1089.0
 20
363.0
 10
1089.0
 20
603.6000000000001
 42
0.9999999999999999
  0
CIRCLE
  5
174
330
17
100
AcDbEntity
  8
cut
 62
5
420
255
100
AcDbCircle
 10
1059.0
 20
603.6000000000001
 30
0.0
 40
10.9
  0
CIRCLE
  5
175
330
17
100
AcDbEntity
  8
cut
 62
5
420
255
100
AcDbCircle
 10
1059.0
 20
363.0
 30
0.0
 40
10.9
  0
LWPOLYLINE
  5
176
330
17
100
AcDbEntity
  8
line engraving
 62
1
420
16711680
100
AcDbPolyline
 90
7
 70
0
 10
1064.9296875
 20
444.38149407401096
 10
1053.0703125
 20
444.38149407401096
 10
1053.0703125
 20
445.95087930593456
 10
1063.5301841746248
 20
445.95087930593456
 10
1063.5301841746248
 20
451.79158104536157
 10
1064.9296875
 20
451.79158104536157
 10
1064.9296875
 20
444.38149407401096
  0
LWPOLYLINE
  5
177
330
17
100
AcDbEntity
  8
line engraving
 62
1
420
16711680
100
AcDbPolyline
 90
5
 70
0
 10
1054.7448627216918
 20
453.4823104962483
 10
1053.0703125
 20
453.4823104962483
 10
1053.0703125
 20
454.93844112380634
 10
1054.7448627216918
 20
454.93844112380634
 10
1054.7448627216918
 20
453.4823104962483
  0
LWPOLYLINE
  5
178
330
17
100
AcDbEntity
  8
line engraving
 62
1
420
16711680
100
AcDbPolyline
 90
5
 70
0
 10
1064.9296875
 20
453.4823104962483
 10
1056.338516797408
 20
453.4823104962483
 10
1056.338516797408
 20
454.93844112380634
 10
1064.9296875
 20
454.93844112380634
 10
1064.9296875
 20
453.4823104962483
  0
LWPOLYLINE
  5
179
330
17
100
AcDbEntity
  8
line engraving
 62
1
420
16711680
100
AcDbPolyline
 90
61
 70
0
 10
1064.9296875
 20
457.15499552353344
 10
1056.338516797408
 20
457.15499552353344
 10
1056.338516797408
 20
458.4655130883357
 10
1057.5600486016372
 20
458.4655130883357
 10
1057.2282480029098
 20
458.7152799390349
 10
1056.9406874840126
 20
458.99133803717604
 10
1056.6973670449458
 20
459.29368738275923
 10
1056.4982866857094
 20
459.6223279757845
 10
1056.3434464063032
 20
459.9772598162517
 10
1056.2328462067273
 20
460.358482904161
 10
1056.1664860869819
 20
460.76599723951233
 10
1056.1443660470668
 20
461.1998028223056
 10
1056.1618092785427
 20
461.5802675088464
 10
1056.2141389729707
 20
461.9450585671044
 10
1056.3013551303504
 20
462.2941759970797
 10
1056.423457750682
 20
462.62761979877223
 10
1056.5738740221052
 20
462.9327499493733
 10
1056.746031132759
 20
463.19692642607436
 10
1056.939929082644
 20
463.42014922887535
 10
1057.1555678717598
 20
463.6024183577763
 10
1057.3926946996503
 20
463.75207622783086
 10
1057.6510567658595
 20
463.8774652540928
 10
1057.9306540703872
 20
463.9785854365621
 10
1058.2314866132333
 20
464.0554367752388
 10
1058.4716470465978
 20
464.09082883910304
 10
1058.7876476168144
 20
464.11610888472035
 10
1059.1794883238829
 20
464.13127691209075
 10
1059.6471691678034
 20
464.1363329212142
 10
1064.9296875
 20
464.1363329212142
 10
1064.9296875
 20
462.68020229365624
 10
1059.7037964699864
 20
462.68020229365624
 10
1059.2869285177567
 20
462.66958467449695
 10
1058.9261822667975
 20
462.63773181701913
 10
1058.6215577171085
 20
462.58464372122273
 10
1058.3730548686904
 20
462.5103203871078
 10
1058.1637360909788
 20
462.40894740418236
 10
1057.9766637534105
 20
462.27471036195436
 10
1057.8118378559857
 20
462.1076092604238
 10
1057.669258398704
 20
461.90764409959075
 10
1057.5542341911453
 20
461.68189329222804
 10
1057.4720740428888
 20
461.43743525110847
 10
1057.422777953935
 20
461.1742699762321
 10
1057.4063459242839
 20
460.8923974675989
 10
1057.4155731409342
 20
460.6638026551043
 10
1057.4432547908852
 20
460.44317105697905
 10
1057.4893908741367
 20
460.2305026732233
 10
1057.553981390689
 20
460.025797503837
 10
1057.637026340542
 20
459.8290555488202
 10
1057.7385257236956
 20
459.6402768081728
 10
1057.8584795401498
 20
459.45946128189485
 10
1057.9968877899046
 20
459.2866089699864
 10
1058.1610816861892
 20
459.1282926843079
 10
1058.3583924422323
 20
458.99108523671987
 10
1058.5888200580343
 20
458.8749866272223
 10
1058.852364533595
 20
458.77999685581517
 10
1059.1490258689141
 20
458.70611592249855
 10
1059.4788040639921
 20
458.6533438272724
 10
1059.841699118829
 20
458.6216805701367
 10
1060.2377110334244
 20
458.61112615109147
 10
1064.9296875
 20
458.61112615109147
 10
1064.9296875
 20
457.15499552353344
  0
LWPOLYLINE
  5
17A
330
17
100
AcDbEntity
  8
line engraving
 62
1
420
16711680
100
AcDbPolyline
 90
13
 70
0
 10
1064.9296875
 20
466.377156164734
 10
1053.0703125
 20
466.377156164734
 10
1053.0703125
 20
467.833286792292
 10
1059.833230303547
 20
467.833286792292
 10
1056.338516797408
 20
471.2794626108459
 10
1056.338516797408
 20
473.1643428120737
 10
1059.5258249488404
 20
469.8799592854707
 10
1064.9296875
 20
473.49601701057304
 10
1064.9296875
 20
471.7001225699182
 10
1060.5370267735334
 20
468.86066784618015
 10
1061.523959754434
 20
467.833286792292
 10
1064.9296875
 20
467.833286792292
 10
1064.9296875
 20
466.377156164734
  0
LWPOLYLINE
  5
17B
330
17
100
AcDbEntity
  8
line engraving
 62
1
420
16711680
100
AcDbPolyline
 90
48
 70
0
 10
1064.9296875
 20
474.8388930337654
 10
1053.0703125
 20
474.8388930337654
 10
1053.0703125
 20
478.9241484055253
 10
1053.0729669047898
 20
479.2597410110953
 10
1053.0809301191593
 20
479.5748567797153
 10
1053.0942021431083
 20
479.8694957113852
 10
1053.1127829766372
 20
480.1436578061051
 10
1053.1366726197455
 20
480.397343063875
 10
1053.1658710724334
 20
480.6305514846948
 10
1053.200378334701
 20
480.8432830685646
 10
1053.2401944065484
 20
481.03553781548436
 10
1053.381257061093
 20
481.52647630137284
 10
1053.5698462013984
 20
481.98000031974766
 10
1053.8059618274642
 20
482.3961098706089
 10
1054.0896039392906
 20
482.7748049539564
 10
1054.2946883093612
 20
483.0020093639421
 10
1054.5135503042932
 20
483.2144249472417
 10
1054.7461899240866
 20
483.4120517038551
 10
1054.9926071687414
 20
483.59488963378243
 10
1055.2528020382579
 20
483.7629387370236
 10
1055.5267745326355
 20
483.91619901357865
 10
1055.8145246518748
 20
484.05467046344756
 10
1056.1160523959754
 20
484.17835308663035
 10
1056.7548791487252
 20
484.3818574538498
 10
1057.4376931808492
 20
484.52721771614944
 10
1058.1644944923473
 20
484.6144338735292
 10
1058.9352830832197
 20
484.64350592598913
 10
1059.5915530674454
 20
484.6237874904076
 10
1060.209397382333
 20
484.5646321836631
 10
1060.788816027882
 20
484.46604000575553
 10
1061.3298090040928
 20
484.3280109566849
 10
1061.829089905035
 20
484.15914025196116
 10
1062.2833723247784
 20
483.96802310709415
 10
1062.6926562633228
 20
483.75465952208395
 10
1063.0569417206684
 20
483.51904949693045
 10
1063.3805263045701
 20
483.26650184121337
 10
1063.6677076227832
 20
483.00232536451233
 10
1063.918485675307
 20
482.7265200668273
 10
1064.132860462142
 20
482.4390859481583
 10
1064.3171519946923
 20
482.13066939162695
 10
1064.4776802843621
 20
481.79191678035477
 10
1064.614445331152
 20
481.4228281143418
 10
1064.7274471350613
 20
481.02340339358807
 10
1064.815927294722
 20
480.59338981763733
 10
1064.8791274087653
 20
480.13253458603344
 10
1064.9170474771913
 20
479.64083769877647
 10
1064.9296875
 20
479.11829915586634
 10
1064.9296875
 20
474.8388930337654
  0
LWPOLYLINE
  5
17C
330
17
100
AcDbEntity
  8
line engraving
 62
1
420
16711680
100
AcDbPolyline
 90
44
 70
0
 10
1063.5301841746248
 20
476.408278265689
 10
1063.5301841746248
 20
478.94032763472035
 10
1063.5165329499914
 20
479.4952246360207
 10
1063.4755792760914
 20
479.98692152327766
 10
1063.4073231529246
 20
480.41541829649134
 10
1063.3117645804912
 20
480.7807149556617
 10
1063.1914315633526
 20
481.0974739272468
 10
1063.0488521060709
 20
481.3803576377047
 10
1062.884026208646
 20
481.62936608703535
 10
1062.6969538710778
 20
481.8444992752388
 10
1062.393846124126
 20
482.1081701510275
 10
1062.0427062905014
 20
482.3409993711631
 10
1061.6435343702037
 20
482.5429869356455
 10
1061.1963303632333
 20
482.7141328444748
 10
1060.7000830677653
 20
482.8503922903522
 10
1060.1537812819747
 20
482.9477204659789
 10
1059.5574250058621
 20
483.0061173713549
 10
1058.911014239427
 20
483.02558300648025
 10
1058.4593230243595
 20
483.0160397892597
 10
1058.0345550578743
 20
482.9874101375981
 10
1057.6367103399716
 20
482.9396940514954
 10
1057.2657888706515
 20
482.8728915309516
 10
1056.9217906499136
 20
482.78700257596677
 10
1056.6047156777583
 20
482.6820271865408
 10
1056.3145639541856
 20
482.55796536267377
 10
1056.0513354791951
 20
482.4148171043657
 10
1055.811870247085
 20
482.2580176214242
 10
1055.593008252153
 20
482.09300212365713
 10
1055.394749494399
 20
481.9197706110644
 10
1055.2170939738235
 20
481.73832308364604
 10
1055.0600416904258
 20
481.54865954140206
 10
1054.923592644206
 20
481.3507799843324
 10
1054.8077468351648
 20
481.1446844124372
 10
1054.7125042633015
 20
480.9303728257163
 10
1054.6556241606625
 20
480.7606173193959
 10
1054.6063280717087
 20
480.56684576973913
 10
1054.5646159964401
 20
480.34905817674587
 10
1054.5304879348569
 20
480.10725454041614
 10
1054.5039438869587
 20
479.8414348607499
 10
1054.4849838527457
 20
479.5515991377473
 10
1054.4736078322178
 20
479.2377473714082
 10
1054.4698158253752
 20
478.89987956173263
 10
1054.4698158253752
 20
476.408278265689
 10
1063.5301841746248
 20
476.408278265689
  0
LWPOLYLINE
  5
17D
330
17
100
AcDbEntity
  8
cut
 62
5
420
255
100
AcDbPolyline
 90
4
 70
1
 10
1095.0
 20
603.6000000000001
 10
1095.0
 20
363.0
 42
0.9999999999999999
 10
1155.0
 20
363.0
 10
1155.0
 20
603.6000000000001
 42
0.9999999999999999
  0
CIRCLE
  5
17E
330
17
100
AcDbEntity
  8
cut
 62
5
420
255
100
AcDbCircle
 10
1125.0
 20
603.6000000000001
 30
0.0
 40
10.9
  0
CIRCLE
  5
17F
330
17
100
AcDbEntity
  8
cut
 62
5
420
255
100
AcDbCircle
 10
1125.0
 20
363.0
 30
0.0
 40
10.9
  0
LWPOLYLINE
  5
180
330
17
100
AcDbEntity
  8
line engraving
 62
1
420
16711680
100
AcDbPolyline
 90
7
 70
0
 10
1130.9296875
 20
444.38149407401096
 10
1119.0703125
 20
444.38149407401096
 10
1119.0703125
 20
445.95087930593456
 10
1129.5301841746248
 20
445.95087930593456
 10
1129.5301841746248
 20
451.79158104536157
 10
1130.9296875
 20
451.79158104536157
 10
1130.9296875
 20
444.38149407401096
  0
LWPOLYLINE
  5
181
330
17
100
AcDbEntity
  8
line engraving
 62
1
420
16711680
100
AcDbPolyline
 90
5
 70
0
 10
1120.7448627216918
 20
453.4823104962483
 10
1119.0703125
 20
453.4823104962483
 10
1119.0703125
 20
454.93844112380634
 10
1120.7448627216918
 20
454.93844112380634
 10
1120.7448627216918
 20
453.4823104962483
  0
LWPOLYLINE
  5
182
330
17
100
AcDbEntity
  8
line engraving
 62
1
420
16711680
100
AcDbPolyline
 90
5
 70
0
 10
1130.9296875
 20
453.4823104962483
 10
1122.338516797408
 20
453.4823104962483
 10
1122.338516797408
 20
454.93844112380634
 10
1130.9296875
 20
454.93844112380634
 10
1130.9296875
 20
453.4823104962483
  0
LWPOLYLINE
  5
183
330
17
100
AcDbEntity
  8
line engraving
 62
1
420
16711680
100
AcDbPolyline
 90
61
 70
0
 10
1130.9296875
 20
457.15499552353344
 10
1122.338516797408
 20
457.15499552353344
 10
1122.338516797408
 20
458.4655130883357
 10
1123.5600486016372
 20
458.4655130883357
 10
1123.2282480029098
 20
458.7152799390349
 10
1122.9406874840126
 20
458.99133803717604
 10
1122.6973670449458
 20
459.29368738275923
 10
1122.4982866857094
 20
459.6223279757845
 10
1122.3434464063032
 20
459.9772598162517
 10
1122.2328462067273
 20
460.358482904161
 10
1122.1664860869819
 20
460.76599723951233
 10
1122.1443660470668
 20
461.1998028223056
 10
1122.1618092785427
 20
461.5802675088464
 10
1122.2141389729707
 20
461.9450585671044
 10
1122.3013551303504
 20
462.2941759970797
 10
1122.423457750682
 20
462.62761979877223
 10
1122.5738740221052
 20
462.9327499493733
 10
1122.746031132759
 20
463.19692642607436
 10
1122.939929082644
 20
463.42014922887535
 10
1123.1555678717598
 20
463.6024183577763
 10
1123.3926946996503
 20
463.75207622783086
 10
1123.6510567658595
 20
463.8774652540928
 10
1123.9306540703872
 20
463.9785854365621
 10
1124.2314866132333
 20
464.0554367752388
 10
1124.4716470465978
 20
464.09082883910304
 10
1124.7876476168144
 20
464.11610888472035
 10
1125.1794883238829
 20
464.13127691209075
 10
1125.6471691678034
 20
464.1363329212142
 10
1130.9296875
 20
464.1363329212142
 10
1130.9296875
 20
462.68020229365624
 10
1125.7037964699864
 20
462.68020229365624
 10
1125.2869285177567
 20
462.66958467449695
 10
1124.9261822667975
 20
462.63773181701913
 10
1124.6215577171085
 20
462.58464372122273
 10
1124.3730548686904
 20
462.5103203871078
 10
1124.1637360909788
 20
462.40894740418236
 10
1123.9766637534105
 20
462.27471036195436
 10
1123.8118378559857
 20
462.1076092604238
 10
1123.669258398704
 20
461.90764409959075
 10
1123.5542341911453
 20
461.68189329222804
 10
1123.4720740428888
 20
461.43743525110847
 10
1123.422777953935
 20
461.1742699762321
 10
1123.4063459242839
 20
460.8923974675989
 10
1123.4155731409342
 20
460.6638026551043
 10
1123.4432547908852
 20
460.44317105697905
 10
1123.4893908741367
 20
460.2305026732233
 10
1123.553981390689
 20
460.025797503837
 10
1123.637026340542
 20
459.8290555488202
 10
1123.7385257236956
 20
459.6402768081728
 10
1123.8584795401498
 20
459.45946128189485
 10
1123.9968877899046
 20
459.2866089699864
 10
1124.1610816861892
 20
459.1282926843079
 10
1124.3583924422323
 20
458.99108523671987
 10
1124.5888200580343
 20
458.8749866272223
 10
1124.852364533595
 20
458.77999685581517
 10
1125.1490258689141
 20
458.70611592249855
 10
1125.4788040639921
 20
458.6533438272724
 10
1125.841699118829
 20
458.6216805701367
 10
1126.2377110334244
 20
458.61112615109147
 10
1130.9296875
 20
458.61112615109147
 10
1130.9296875
 20
457.15499552353344
  0
LWPOLYLINE
  5
184
330
17
100
AcDbEntity
  8
line engraving
 62
1
420
16711680
100
AcDbPolyline
 90
13
 70
0
 10
1130.9296875
 20
466.377156164734
 10
1119.0703125
 20
466.377156164734
 10
1119.0703125
 20
467.833286792292
 10
1125.833230303547
 20
467.833286792292
 10
1122.338516797408
 20
471.2794626108459
 10
1122.338516797408
 20
473.1643428120737
 10
1125.5258249488404
 20
469.8799592854707
 10
1130.9296875
 20
473.49601701057304
 10
1130.9296875
 20
471.7001225699182
 10
1126.5370267735334
 20
468.86066784618015
 10
1127.523959754434
 20
467.833286792292
 10
1130.9296875
 20
467.833286792292
 10
1130.9296875
 20
466.377156164734
  0
LWPOLYLINE
  5
185
330
17
100
AcDbEntity
  8
line engraving
 62
1
420
16711680
100
AcDbPolyline
 90
48
 70
0
 10
1130.9296875
 20
474.8388930337654
 10
1119.0703125
 20
474.8388930337654
 10
1119.0703125
 20
478.9241484055253
 10
1119.0729669047898
 20
479.2597410110953
 10
1119.0809301191593
 20
479.5748567797153
 10
1119.0942021431083
 20
479.8694957113852
 10
1119.1127829766372
 20
480.1436578061051
 10
1119.1366726197455
 20
480.397343063875
 10
1119.1658710724334
 20
480.6305514846948
 10
1119.200378334701
 20
480.8432830685646
 10
1119.2401944065484
 20
481.03553781548436
 10
1119.381257061093
 20
481.52647630137284
 10
1119.5698462013984
 20
481.98000031974766
 10
1119.8059618274642
 20
482.3961098706089
 10
1120.0896039392906
 20
482.7748049539564
 10
1120.2946883093612
 20
483.0020093639421
 10
1120.5135503042932
 20
483.2144249472417
 10
1120.7461899240866
 20
483.4120517038551
 10
1120.9926071687414
 20
483.59488963378243
 10
1121.2528020382579
 20
483.7629387370236
 10
1121.5267745326355
 20
483.91619901357865
 10
1121.8145246518748
 20
484.05467046344756
 10
1122.1160523959754
 20
484.17835308663035
 10
1122.7548791487252
 20
484.3818574538498
 10
1123.4376931808492
 20
484.52721771614944
 10
1124.1644944923473
 20
484.6144338735292
 10
1124.9352830832197
 20
484.64350592598913
 10
1125.5915530674454
 20
484.6237874904076
 10
1126.209397382333
 20
484.5646321836631
 10
1126.788816027882
 20
484.46604000575553
 10
1127.3298090040928
 20
484.3280109566849
 10
1127.829089905035
 20
484.15914025196116
 10
1128.2833723247784
 20
483.96802310709415
 10
1128.6926562633228
 20
483.75465952208395
 10
1129.0569417206684
 20
483.51904949693045
 10
1129.3805263045701
 20
483.26650184121337
 10
1129.6677076227832
 20
483.00232536451233
 10
1129.918485675307
 20
482.7265200668273
 10
1130.132860462142
 20
482.4390859481583
 10
1130.3171519946923
 20
482.13066939162695
 10
1130.4776802843621
 20
481.79191678035477
 10
1130.614445331152
 20
481.4228281143418
 10
1130.7274471350613
 20
481.02340339358807
 10
1130.815927294722
 20
480.59338981763733
 10
1130.8791274087653
 20
480.13253458603344
 10
1130.9170474771913
 20
479.64083769877647
 10
1130.9296875
 20
479.11829915586634
 10
1130.9296875
 20
474.8388930337654
  0
LWPOLYLINE
  5
186
330
17
100
AcDbEntity
  8
line engraving
 62
1
420
16711680
100
AcDbPolyline
 90
44
 70
0
 10
1129.5301841746248
 20
476.408278265689
 10
1129.5301841746248
 20
478.94032763472035
 10
1129.5165329499914
 20
479.4952246360207
 10
1129.4755792760914
 20
479.98692152327766
 10
1129.4073231529246
 20
480.41541829649134
 10
1129.3117645804912
 20
480.7807149556617
 10
1129.1914315633526
 20
481.0974739272468
 10
1129.0488521060709
 20
481.3803576377047
 10
1128.884026208646
 20
481.62936608703535
 10
1128.6969538710778
 20
481.8444992752388
 10
1128.393846124126
 20
482.1081701510275
 10
1128.0427062905014
 20
482.3409993711631
 10
1127.6435343702037
 20
482.5429869356455
 10
1127.1963303632333
 20
482.7141328444748
 10
1126.7000830677653
 20
482.8503922903522
 10
1126.1537812819747
 20
482.9477204659789
 10
1125.5574250058621
 20
483.0061173713549
 10
1124.911014239427
 20
483.02558300648025
 10
1124.4593230243595
 20
483.0160397892597
 10
1124.0345550578743
 20
482.9874101375981
 10
1123.6367103399716
 20
482.9396940514954
 10
1123.2657888706515
 20
482.8728915309516
 10
1122.9217906499136
 20
482.78700257596677
 10
1122.6047156777583
 20
482.6820271865408
 10
1122.3145639541856
 20
482.55796536267377
 10
1122.0513354791951
 20
482.4148171043657
 10
1121.811870247085
 20
482.2580176214242
 10
1121.593008252153
 20
482.09300212365713
 10
1121.394749494399
 20
481.9197706110644
 10
1121.2170939738235
 20
481.73832308364604
 10
1121.0600416904258
 20
481.54865954140206
 10
1120.923592644206
 20
481.3507799843324
 10
1120.8077468351648
 20
481.1446844124372
 10
1120.7125042633015
 20
480.9303728257163
 10
1120.6556241606625
 20
480.7606173193959
 10
1120.6063280717087
 20
480.56684576973913
 10
1120.5646159964401
 20
480.34905817674587
 10
1120.5304879348569
 20
480.10725454041614
 10
1120.5039438869587
 20
479.8414348607499
 10
1120.4849838527457
 20
479.5515991377473
 10
1120.4736078322178
 20
479.2377473714082
 10
1120.4698158253752
 20
478.89987956173263
 10
1120.4698158253752
 20
476.408278265689
 10
1129.5301841746248
 20
476.408278265689
  0
LWPOLYLINE
  5
187
330
17
100
AcDbEntity
  8
cut
 62
5
420
255
100
AcDbPolyline
 90
4
 70
1
 10
603.6000000000001
 20
1006.2000000000003
 10
363.0
 20
1006.2000000000004
 42
0.9999999999999999
 10
363.0
 20
946.2000000000003
 10
603.6000000000001
 20
946.2000000000003
 42
0.9999999999999999
  0
CIRCLE
  5
188
330
17
100
AcDbEntity
  8
cut
 62
5
420
255
100
AcDbCircle
 10
603.6000000000001
 20
976.2000000000003
 30
0.0
 40
10.9
  0
CIRCLE
  5
189
330
17
100
AcDbEntity
  8
cut
 62
5
420
255
100
AcDbCircle
 10
363.0
 20
976.2000000000003
 30
0.0
 40
10.9
  0
LWPOLYLINE
  5
18A
330
17
100
AcDbEntity
  8
line engraving
 62
1
420
16711680
100
AcDbPolyline
 90
7
 70
0
 10
444.38149407401096
 20
970.2703125000003
 10
444.38149407401096
 20
982.1296875000003
 10
445.95087930593456
 20
982.1296875000003
 10
445.95087930593456
 20
971.6698158253754
 10
451.79158104536157
 20
971.6698158253754
 10
451.79158104536157
 20
970.2703125000003
 10
444.38149407401096
 20
970.2703125000003
  0
LWPOLYLINE
  5
18B
330
17
100
AcDbEntity
  8
line engraving
 62
1
420
16711680
100
AcDbPolyline
 90
5
 70
0
 10
453.4823104962483
 20
980.4551372783086
 10
453.4823104962483
 20
982.1296875000003
 10
454.93844112380634
 20
982.1296875000003
 10
454.93844112380634
 20
980.4551372783086
 10
453.4823104962483
 20
980.4551372783086
  0
LWPOLYLINE
  5
18C
330
17
100
AcDbEntity
  8
line engraving
 62
1
420
16711680
100
AcDbPolyline
 90
5
 70
0
 10
453.4823104962483
 20
970.2703125000003
 10
453.4823104962483
 20
978.8614832025924
 10
454.93844112380634
 20
978.8614832025924
 10
454.93844112380634
 20
970.2703125000003
 10
453.4823104962483
 20
970.2703125000003
  0
LWPOLYLINE
  5
18D
330
17
100
AcDbEntity
  8
line engraving
 62
1
420
16711680
100
AcDbPolyline
 90
61
 70
0
 10
457.15499552353344
 20
970.2703125000003
 10
457.15499552353344
 20
978.8614832025924
 10
458.4655130883357
 20
978.8614832025924
 10
458.4655130883357
 20
977.6399513983631
 10
458.7152799390349
 20
977.9717519970906
 10
458.99133803717604
 20
978.2593125159876
 10
459.29368738275923
 20
978.5026329550544
 10
459.6223279757845
 20
978.7017133142908
 10
459.9772598162517
 20
978.8565535936971
 10
460.358482904161
 20
978.9671537932728
 10
460.76599723951233
 20
979.0335139130183
 10
461.1998028223056
 20
979.0556339529335
 10
461.5802675088464
 20
979.0381907214576
 10
461.9450585671044
 20
978.9858610270296
 10
462.2941759970797
 20
978.8986448696498
 10
462.62761979877223
 20
978.7765422493181
 10
462.9327499493733
 20
978.6261259778951
 10
463.19692642607436
 20
978.4539688672411
 10
463.42014922887535
 20
978.2600709173562
 10
463.6024183577763
 20
978.0444321282404
 10
463.75207622783086
 20
977.8073053003499
 10
463.8774652540928
 20
977.5489432341408
 10
463.9785854365621
 20
977.2693459296132
 10
464.0554367752388
 20
976.968513386767
 10
464.09082883910304
 20
976.7283529534024
 10
464.1161088847204
 20
976.4123523831859
 10
464.1312769120908
 20
976.0205116761173
 10
464.13633292121426
 20
975.5528308321967
 10
464.13633292121426
 20
970.2703125000003
 10
462.68020229365624
 20
970.2703125000003
 10
462.68020229365624
 20
975.4962035300139
 10
462.66958467449695
 20
975.9130714822436
 10
462.63773181701913
 20
976.2738177332028
 10
462.58464372122273
 20
976.5784422828916
 10
462.5103203871078
 20
976.8269451313099
 10
462.40894740418236
 20
977.0362639090214
 10
462.27471036195436
 20
977.2233362465896
 10
462.1076092604238
 20
977.3881621440146
 10
461.90764409959075
 20
977.5307416012963
 10
461.68189329222804
 20
977.6457658088551
 10
461.43743525110847
 20
977.7279259571114
 10
461.1742699762321
 20
977.7772220460653
 10
460.8923974675989
 20
977.7936540757165
 10
460.6638026551043
 20
977.7844268590662
 10
460.44317105697905
 20
977.7567452091153
 10
460.2305026732233
 20
977.7106091258636
 10
460.025797503837
 20
977.6460186093113
 10
459.8290555488202
 20
977.5629736594584
 10
459.6402768081728
 20
977.4614742763049
 10
459.45946128189485
 20
977.3415204598507
 10
459.2866089699864
 20
977.2031122100958
 10
459.1282926843079
 20
977.0389183138112
 10
458.99108523671987
 20
976.841607557768
 10
458.8749866272223
 20
976.611179941966
 10
458.77999685581517
 20
976.3476354664054
 10
458.70611592249855
 20
976.0509741310862
 10
458.6533438272724
 20
975.7211959360081
 10
458.6216805701367
 20
975.3583008811714
 10
458.61112615109147
 20
974.962288966576
 10
458.61112615109147
 20
970.2703125000003
 10
457.15499552353344
 20
970.2703125000003
  0
LWPOLYLINE
  5
18E
330
17
100
AcDbEntity
  8
line engraving
 62
1
420
16711680
100
AcDbPolyline
 90
13
 70
0
 10
466.377156164734
 20
970.2703125000003
 10
466.377156164734
 20
982.1296875000003
 10
467.833286792292
 20
982.1296875000003
 10
467.833286792292
 20
975.3667696964532
 10
471.2794626108459
 20
978.8614832025924
 10
473.1643428120737
 20
978.8614832025924
 10
469.8799592854707
 20
975.6741750511599
 10
473.49601701057304
 20
970.2703125000003
 10
471.7001225699182
 20
970.2703125000003
 10
468.86066784618015
 20
974.6629732264669
 10
467.833286792292
 20
973.6760402455665
 10
467.833286792292
 20
970.2703125000003
 10
466.377156164734
 20
970.2703125000003
  0
LWPOLYLINE
  5
18F
330
17
100
AcDbEntity
  8
line engraving
 62
1
420
16711680
100
AcDbPolyline
 90
48
 70
0
 10
474.8388930337654
 20
970.2703125000003
 10
474.8388930337654
 20
982.1296875000003
 10
478.9241484055253
 20
982.1296875000003
 10
479.2597410110953
 20
982.1270330952104
 10
479.5748567797153
 20
982.119069880841
 10
479.8694957113852
 20
982.1057978568919
 10
480.1436578061051
 20
982.0872170233631
 10
480.397343063875
 20
982.0633273802548
 10
480.6305514846948
 20
982.0341289275668
 10
480.8432830685646
 20
981.9996216652992
 10
481.03553781548436
 20
981.9598055934518
 10
481.52647630137284
 20
981.8187429389071
 10
481.98000031974766
 20
981.6301537986019
 10
482.3961098706089
 20
981.394038172536
 10
482.7748049539564
 20
981.1103960607097
 10
483.0020093639421
 20
980.9053116906391
 10
483.2144249472417
 20
980.6864496957071
 10
483.4120517038551
 20
980.4538100759137
 10
483.59488963378243
 20
980.2073928312589
 10
483.7629387370236
 20
979.9471979617425
 10
483.91619901357865
 20
979.6732254673647
 10
484.05467046344756
 20
979.3854753481255
 10
484.17835308663035
 20
979.0839476040248
 10
484.3818574538498
 20
978.4451208512751
 10
484.52721771614944
 20
977.762306819151
 10
484.6144338735292
 20
977.0355055076529
 10
484.64350592598913
 20
976.2647169167806
 10
484.6237874904076
 20
975.6084469325548
 10
484.5646321836631
 20
974.9906026176674
 10
484.46604000575553
 20
974.4111839721182
 10
484.3280109566849
 20
973.8701909959075
 10
484.15914025196116
 20
973.3709100949653
 10
483.96802310709415
 20
972.916627675222
 10
483.75465952208395
 20
972.5073437366774
 10
483.51904949693045
 20
972.1430582793317
 10
483.26650184121337
 20
971.81947369543
 10
483.00232536451233
 20
971.5322923772171
 10
482.7265200668273
 20
971.2815143246933
 10
482.4390859481583
 20
971.0671395378583
 10
482.13066939162695
 20
970.8828480053081
 10
481.79191678035477
 20
970.722319715638
 10
481.4228281143418
 20
970.5855546688483
 10
481.02340339358807
 20
970.4725528649388
 10
480.59338981763733
 20
970.3840727052782
 10
480.13253458603344
 20
970.3208725912349
 10
479.64083769877647
 20
970.282952522809
 10
479.11829915586634
 20
970.2703125000003
 10
474.8388930337654
 20
970.2703125000003
  0
LWPOLYLINE
  5
190
330
17
100
AcDbEntity
  8
line engraving
 62
1
420
16711680
100
AcDbPolyline
 90
44
 70
0
 10
476.408278265689
 20
971.6698158253754
 10
478.94032763472035
 20
971.6698158253754
 10
479.4952246360207
 20
971.6834670500087
 10
479.98692152327766
 20
971.7244207239088
 10
480.41541829649134
 20
971.7926768470757
 10
480.7807149556617
 20
971.8882354195091
 10
481.0974739272468
 20
972.0085684366476
 10
481.3803576377047
 20
972.1511478939293
 10
481.62936608703535
 20
972.3159737913543
 10
481.8444992752388
 20
972.5030461289225
 10
482.1081701510275
 20
972.8061538758742
 10
482.3409993711631
 20
973.1572937094988
 10
482.5429869356455
 20
973.5564656297964
 10
482.7141328444748
 20
974.003669636767
 10
482.8503922903522
 20
974.4999169322351
 10
482.9477204659789
 20
975.0462187180256
 10
483.0061173713549
 20
975.6425749941383
 10
483.02558300648025
 20
976.2889857605733
 10
483.0160397892597
 20
976.7406769756409
 10
482.9874101375981
 20
977.165444942126
 10
482.9396940514954
 20
977.5632896600287
 10
482.8728915309516
 20
977.9342111293488
 10
482.78700257596677
 20
978.2782093500866
 10
482.6820271865408
 20
978.5952843222419
 10
482.55796536267377
 20
978.8854360458148
 10
482.4148171043657
 20
979.1486645208051
 10
482.2580176214242
 20
979.3881297529152
 10
482.09300212365713
 20
979.6069917478472
 10
481.9197706110644
 20
979.8052505056012
 10
481.73832308364604
 20
979.9829060261769
 10
481.54865954140206
 20
980.1399583095746
 10
481.3507799843324
 20
980.276407355794
 10
481.1446844124372
 20
980.3922531648354
 10
480.9303728257163
 20
980.4874957366987
 10
480.7606173193959
 20
980.5443758393377
 10
480.56684576973913
 20
980.5936719282915
 10
480.34905817674587
 20
980.6353840035601
 10
480.10725454041614
 20
980.6695120651435
 10
479.8414348607499
 20
980.6960561130418
 10
479.5515991377473
 20
980.7150161472548
 10
479.2377473714082
 20
980.7263921677826
 10
478.89987956173263
 20
980.7301841746252
 10
476.408278265689
 20
980.7301841746252
 10
476.408278265689
 20
971.6698158253754
  0
LWPOLYLINE
  5
191
330
17
100
AcDbEntity
  8
cut
 62
5
420
255
100
AcDbPolyline
 90
4
 70
1
 10
348.00000000000034
 20
910.2000000000003
 10
348.0000000000003
 20
669.6000000000001
 42
0.9999999999999999
 10
408.00000000000034
 20
669.6000000000001
 10
408.00000000000034
 20
910.2000000000003
 42
0.9999999999999999
  0
CIRCLE
  5
192
330
17
100
AcDbEntity
  8
cut
 62
5
420
255
100
AcDbCircle
 10
378.00000000000034
 20
910.2000000000003
 30
0.0
 40
10.9
  0
CIRCLE
  5
193
330
17
100
AcDbEntity
  8
cut
 62
5
420
255
100
AcDbCircle
 10
378.00000000000034
 20
669.6000000000001
 30
0.0
 40
10.9
  0
LWPOLYLINE
  5
194
330
17
100
AcDbEntity
  8
line engraving
 62
1
420
16711680
100
AcDbPolyline
 90
7
 70
0
 10
383.92968750000034
 20
750.9814940740112
 10
372.07031250000034
 20
750.9814940740112
 10
372.07031250000034
 20
752.5508793059347
 10
382.53018417462516
 20
752.5508793059347
 10
382.53018417462516
 20
758.3915810453617
 10
383.92968750000034
 20
758.3915810453617
 10
383.92968750000034
 20
750.9814940740112
  0
LWPOLYLINE
  5
195
330
17
100
AcDbEntity
  8
line engraving
 62
1
420
16711680
100
AcDbPolyline
 90
5
 70
0
 10
373.744862721692
 20
760.0823104962485
 10
372.07031250000034
 20
760.0823104962485
 10
372.07031250000034
 20
761.5384411238065
 10
373.744862721692
 20
761.5384411238065
 10
373.744862721692
 20
760.0823104962485
  0
LWPOLYLINE
  5
196
330
17
100
AcDbEntity
  8
line engraving
 62
1
420
16711680
100
AcDbPolyline
 90
5
 70
0
 10
383.92968750000034
 20
760.0823104962485
 10
375.33851679740826
 20
760.0823104962485
 10
375.33851679740826
 20
761.5384411238065
 10
383.92968750000034
 20
761.5384411238065
 10
383.92968750000034
 20
760.0823104962485
  0
LWPOLYLINE
  5
197
330
17
100
AcDbEntity
  8
line engraving
 62
1
420
16711680
100
AcDbPolyline
 90
61
 70
0
 10
383.92968750000034
 20
763.7549955235336
 10
375.33851679740826
 20
763.7549955235336
 10
375.33851679740826
 20
765.0655130883358
 10
376.56004860163745
 20
765.0655130883358
 10
376.22824800291005
 20
765.315279939035
 10
375.940687484013
 20
765.5913380371762
 10
375.6973670449462
 20
765.8936873827594
 10
375.4982866857098
 20
766.2223279757847
 10
375.34344640630366
 20
766.5772598162519
 10
375.23284620672786
 20
766.9584829041612
 10
375.16648608698233
 20
767.3659972395125
 10
375.1443660470672
 20
767.7998028223058
 10
375.16180927854316
 20
768.1802675088466
 10
375.214138972971
 20
768.5450585671045
 10
375.30135513035077
 20
768.8941759970799
 10
375.4234577506825
 20
769.2276197987724
 10
375.57387402210554
 20
769.5327499493735
 10
375.7460311327595
 20
769.7969264260746
 10
375.9399290826444
 20
770.0201492288755
 10
376.15556787176024
 20
770.2024183577764
 10
376.39269469965075
 20
770.352076227831
 10
376.65105676585983
 20
770.477465254093
 10
376.93065407038745
 20
770.5785854365623
 10
377.23148661323364
 20
770.655436775239
 10
377.47164704659826
 20
770.6908288391032
 10
377.7876476168148
 20
770.7161088847206
 10
378.17948832388333
 20
770.731276912091
 10
378.6471691678039
 20
770.7363329212144
 10
383.92968750000034
 20
770.7363329212144
 10
383.92968750000034
 20
769.2802022936564
 10
378.7037964699867
 20
769.2802022936564
 10
378.286928517757
 20
769.2695846744972
 10
377.92618226679775
 20
769.2377318170193
 10
377.621557717109
 20
769.184643721223
 10
377.37305486869064
 20
769.110320387108
 10
377.16373609097917
 20
769.0089474041825
 10
376.976663753411
 20
768.8747103619545
 10
376.811837855986
 20
768.707609260424
 10
376.6692583987043
 20
768.507644099591
 10
376.55423419114544
 20
768.2818932922282
 10
376.4720740428892
 20
768.0374352511087
 10
376.42277795393534
 20
767.7742699762323
 10
376.4063459242841
 20
767.4923974675991
 10
376.41557314093444
 20
767.2638026551044
 10
376.4432547908854
 20
767.0431710569792
 10
376.48939087413703
 20
766.8305026732235
 10
376.5539813906893
 20
766.6257975038371
 10
376.6370263405422
 20
766.4290555488203
 10
376.7385257236958
 20
766.240276808173
 10
376.85847954015
 20
766.0594612818951
 10
376.99688778990486
 20
765.8866089699866
 10
377.1610816861894
 20
765.728292684308
 10
377.3583924422326
 20
765.59108523672
 10
377.5888200580345
 20
765.4749866272224
 10
377.85236453359516
 20
765.3799968558153
 10
378.14902586891446
 20
765.3061159224986
 10
378.47880406399247
 20
765.2533438272725
 10
378.8416991188292
 20
765.2216805701368
 10
379.2377110334246
 20
765.2111261510915
 10
383.92968750000034
 20
765.2111261510915
 10
383.92968750000034
 20
763.7549955235336
  0
LWPOLYLINE
  5
198
330
17
100
AcDbEntity
  8
line engraving
 62
1
420
16711680
100
AcDbPolyline
 90
13
 70
0
 10
383.92968750000034
 20
772.9771561647342
 10
372.07031250000034
 20
772.9771561647342
 10
372.07031250000034
 20
774.4332867922922
 10
378.8332303035474
 20
774.4332867922922
 10
375.33851679740826
 20
777.8794626108461
 10
375.33851679740826
 20
779.7643428120739
 10
378.52582494884075
 20
776.4799592854708
 10
383.92968750000034
 20
780.0960170105732
 10
383.92968750000034
 20
778.3001225699184
 10
379.53702677353374
 20
775.4606678461803
 10
380.5239597544342
 20
774.4332867922922
 10
383.92968750000034
 20
774.4332867922922
 10
383.92968750000034
 20
772.9771561647342
  0
LWPOLYLINE
  5
199
330
17
100
AcDbEntity
  8
line engraving
 62
1
420
16711680
100
AcDbPolyline
 90
48
 70
0
 10
383.92968750000034
 20
781.4388930337656
 10
372.07031250000034
 20
781.4388930337656
 10
372.07031250000034
 20
785.5241484055255
 10
372.0729669047902
 20
785.8597410110955
 10
372.08093011915963
 20
786.1748567797154
 10
372.0942021431087
 20
786.4694957113853
 10
372.11278297663745
 20
786.7436578061051
 10
372.1366726197458
 20
786.9973430638751
 10
372.16587107243384
 20
787.2305514846948
 10
372.2003783347015
 20
787.4432830685647
 10
372.24019440654877
 20
787.6355378154844
 10
372.38125706109344
 20
788.1264763013729
 10
372.5698462013987
 20
788.5800003197478
 10
372.80596182746456
 20
788.996109870609
 10
373.08960393929095
 20
789.3748049539565
 10
373.2946883093615
 20
789.6020093639422
 10
373.5135503042935
 20
789.8144249472418
 10
373.74618992408693
 20
790.0120517038553
 10
373.9926071687418
 20
790.1948896337826
 10
374.25280203825815
 20
790.3629387370237
 10
374.5267745326359
 20
790.5161990135788
 10
374.8145246518751
 20
790.6546704634477
 10
375.11605239597577
 20
790.7783530866304
 10
375.7548791487256
 20
790.9818574538499
 10
376.4376931808496
 20
791.1272177161495
 10
377.1644944923477
 20
791.2144338735293
 10
377.93528308322
 20
791.2435059259892
 10
378.5915530674458
 20
791.2237874904077
 10
379.20939738233324
 20
791.1646321836631
 10
379.7888160278823
 20
791.0660400057557
 10
380.32980900409314
 20
790.9280109566851
 10
380.8290899050353
 20
790.7591402519613
 10
381.28337232477867
 20
790.5680231070943
 10
381.69265626332316
 20
790.3546595220841
 10
382.0569417206688
 20
790.1190494969306
 10
382.3805263045706
 20
789.8665018412136
 10
382.6677076227834
 20
789.6023253645125
 10
382.9184856753073
 20
789.3265200668275
 10
383.1328604621422
 20
789.0390859481585
 10
383.31715199469255
 20
788.7306693916271
 10
383.4776802843626
 20
788.3919167803549
 10
383.6144453311523
 20
788.022828114342
 10
383.7274471350617
 20
787.6234033935882
 10
383.81592729472237
 20
787.1933898176375
 10
383.87912740876567
 20
786.7325345860336
 10
383.91704747719166
 20
786.2408376987767
 10
383.92968750000034
 20
785.7182991558665
 10
383.92968750000034
 20
781.4388930337656
  0
LWPOLYLINE
  5
19A
330
17
100
AcDbEntity
  8
line engraving
 62
1
420
16711680
100
AcDbPolyline
 90
44
 70
0
 10
382.53018417462516
 20
783.0082782656891
 10
382.53018417462516
 20
785.5403276347205
 10
382.5165329499918
 20
786.0952246360208
 10
382.4755792760917
 20
786.5869215232779
 10
382.40732315292496
 20
787.0154182964915
 10
382.31176458049146
 20
787.3807149556618
 10
382.191431563353
 20
787.697473927247
 10
382.04885210607125
 20
787.9803576377049
 10
381.88402620864633
 20
788.2293660870355
 10
381.6969538710781
 20
788.444499275239
 10
381.39384612412636
 20
788.7081701510276
 10
381.0427062905017
 20
788.9409993711632
 10
380.6435343702041
 20
789.1429869356457
 10
380.19633036323364
 20
789.3141328444749
 10
379.70008306776555
 20
789.4503922903523
 10
379.1537812819751
 20
789.547720465979
 10
378.5574250058624
 20
789.606117371355
 10
377.91101423942735
 20
789.6255830064804
 10
377.4593230243598
 20
789.6160397892598
 10
377.0345550578747
 20
789.5874101375982
 10
376.636710339972
 20
789.5396940514955
 10
376.26578887065176
 20
789.4728915309518
 10
375.921790649914
 20
789.3870025759669
 10
375.6047156777587
 20
789.2820271865409
 10
375.3145639541858
 20
789.1579653626738
 10
375.0513354791954
 20
789.0148171043658
 10
374.8118702470853
 20
788.8580176214243
 10
374.5930082521533
 20
788.6930021236573
 10
374.39474949439943
 20
788.5197706110645
 10
374.2170939738237
 20
788.3383230836462
 10
374.06004169042603
 20
788.1486595414021
 10
373.9235926442065
 20
787.9507799843326
 10
373.8077468351651
 20
787.7446844124373
 10
373.71250426330187
 20
787.5303728257164
 10
373.65562416066285
 20
787.360617319396
 10
373.6063280717091
 20
787.1668457697393
 10
373.5646159964405
 20
786.949058176746
 10
373.5304879348571
 20
786.7072545404163
 10
373.5039438869589
 20
786.4414348607501
 10
373.4849838527459
 20
786.1515991377474
 10
373.47360783221814
 20
785.8377473714083
 10
373.4698158253755
 20
785.4998795617328
 10
373.4698158253755
 20
783.0082782656891
 10
382.53018417462516
 20
783.0082782656891
  0
LWPOLYLINE
  5
19B
330
17
100
AcDbEntity
  8
cut
 62
5
420
255
100
AcDbPolyline
 90
4
 70
1
 10
414.0000000000004
 20
910.2000000000003
 10
414.00000000000034
 20
669.6000000000001
 42
0.9999999999999999
 10
474.00000000000034
 20
669.6000000000001
 10
474.0000000000004
 20
910.2000000000003
 42
0.9999999999999999
  0
CIRCLE
  5
19C
330
17
100
AcDbEntity
  8
cut
 62
5
420
255
100
AcDbCircle
 10
444.0000000000004
 20
910.2000000000003
 30
0.0
 40
10.9
  0
CIRCLE
  5
19D
330
17
100
AcDbEntity
  8
cut
 62
5
420
255
100
AcDbCircle
 10
444.00000000000034
 20
669.6000000000001
 30
0.0
 40
10.9
  0
LWPOLYLINE
  5
19E
330
17
100
AcDbEntity
  8
line engraving
 62
1
420
16711680
100
AcDbPolyline
 90
7
 70
0
 10
449.92968750000034
 20
750.9814940740112
 10
438.07031250000034
 20
750.9814940740112
 10
438.07031250000034
 20
752.5508793059347
 10
448.53018417462516
 20
752.5508793059347
 10
448.53018417462516
 20
758.3915810453617
 10
449.92968750000034
 20
758.3915810453617
 10
449.92968750000034
 20
750.9814940740112
  0
LWPOLYLINE
  5
19F
330
17
100
AcDbEntity
  8
line engraving
 62
1
420
16711680
100
AcDbPolyline
 90
5
 70
0
 10
439.744862721692
 20
760.0823104962485
 10
438.07031250000034
 20
760.0823104962485
 10
438.07031250000034
 20
761.5384411238065
 10
439.744862721692
 20
761.5384411238065
 10
439.744862721692
 20
760.0823104962485
  0
LWPOLYLINE
  5
1A0
330
17
100
AcDbEntity
  8
line engraving
 62
1
420
16711680
100
AcDbPolyline
 90
5
 70
0
 10
449.92968750000034
 20
760.0823104962485
 10
441.33851679740826
 20
760.0823104962485
 10
441.33851679740826
 20
761.5384411238065
 10
449.92968750000034
 20
761.5384411238065
 10
449.92968750000034
 20
760.0823104962485
  0
LWPOLYLINE
  5
1A1
330
17
100
AcDbEntity
  8
line engraving
 62
1
420
16711680
100
AcDbPolyline
 90
61
 70
0
 10
449.92968750000034
 20
763.7549955235336
 10
441.33851679740826
 20
763.7549955235336
 10
441.33851679740826
 20
765.0655130883358
 10
442.56004860163745
 20
765.0655130883358
 10
442.22824800291005
 20
765.315279939035
 10
441.940687484013
 20
765.5913380371762
 10
441.6973670449462
 20
765.8936873827594
 10
441.4982866857098
 20
766.2223279757847
 10
441.34344640630366
 20
766.5772598162519
 10
441.23284620672786
 20
766.9584829041612
 10
441.16648608698233
 20
767.3659972395125
 10
441.1443660470672
 20
767.7998028223058
 10
441.16180927854316
 20
768.1802675088466
 10
441.214138972971
 20
768.5450585671045
 10
441.30135513035077
 20
768.8941759970799
 10
441.4234577506825
 20
769.2276197987724
 10
441.57387402210554
 20
769.5327499493735
 10
441.7460311327595
 20
769.7969264260746
 10
441.9399290826444
 20
770.0201492288755
 10
442.15556787176024
 20
770.2024183577764
 10
442.39269469965075
 20
770.352076227831
 10
442.65105676585983
 20
770.477465254093
 10
442.93065407038745
 20
770.5785854365623
 10
443.23148661323364
 20
770.655436775239
 10
443.47164704659826
 20
770.6908288391032
 10
443.7876476168148
 20
770.7161088847206
 10
444.17948832388333
 20
770.731276912091
 10
444.6471691678039
 20
770.7363329212144
 10
449.92968750000034
 20
770.7363329212144
 10
449.92968750000034
 20
769.2802022936564
 10
444.7037964699867
 20
769.2802022936564
 10
444.286928517757
 20
769.2695846744972
 10
443.92618226679775
 20
769.2377318170193
 10
443.621557717109
 20
769.184643721223
 10
443.37305486869064
 20
769.110320387108
 10
443.16373609097917
 20
769.0089474041825
 10
442.976663753411
 20
768.8747103619545
 10
442.811837855986
 20
768.707609260424
 10
442.6692583987043
 20
768.507644099591
 10
442.55423419114544
 20
768.2818932922282
 10
442.4720740428892
 20
768.0374352511087
 10
442.42277795393534
 20
767.7742699762323
 10
442.4063459242841
 20
767.4923974675991
 10
442.41557314093444
 20
767.2638026551044
 10
442.4432547908854
 20
767.0431710569792
 10
442.48939087413703
 20
766.8305026732235
 10
442.5539813906893
 20
766.6257975038371
 10
442.6370263405422
 20
766.4290555488203
 10
442.7385257236958
 20
766.240276808173
 10
442.85847954015
 20
766.0594612818951
 10
442.99688778990486
 20
765.8866089699866
 10
443.1610816861894
 20
765.728292684308
 10
443.3583924422326
 20
765.59108523672
 10
443.5888200580345
 20
765.4749866272224
 10
443.85236453359516
 20
765.3799968558153
 10
444.14902586891446
 20
765.3061159224986
 10
444.47880406399247
 20
765.2533438272725
 10
444.8416991188292
 20
765.2216805701368
 10
445.2377110334246
 20
765.2111261510915
 10
449.92968750000034
 20
765.2111261510915
 10
449.92968750000034
 20
763.7549955235336
  0
LWPOLYLINE
  5
1A2
330
17
100
AcDbEntity
  8
line engraving
 62
1
420
16711680
100
AcDbPolyline
 90
13
 70
0
 10
449.92968750000034
 20
772.9771561647342
 10
438.07031250000034
 20
772.9771561647342
 10
438.07031250000034
 20
774.4332867922922
 10
444.8332303035474
 20
774.4332867922922
 10
441.33851679740826
 20
777.8794626108461
 10
441.33851679740826
 20
779.7643428120739
 10
444.52582494884075
 20
776.4799592854708
 10
449.92968750000034
 20
780.0960170105732
 10
449.92968750000034
 20
778.3001225699184
 10
445.53702677353374
 20
775.4606678461803
 10
446.5239597544342
 20
774.4332867922922
 10
449.92968750000034
 20
774.4332867922922
 10
449.92968750000034
 20
772.9771561647342
  0
LWPOLYLINE
  5
1A3
330
17
100
AcDbEntity
  8
line engraving
 62
1
420
16711680
100
AcDbPolyline
 90
48
 70
0
 10
449.92968750000034
 20
781.4388930337656
 10
438.07031250000034
 20
781.4388930337656
 10
438.07031250000034
 20
785.5241484055255
 10
438.0729669047902
 20
785.8597410110955
 10
438.08093011915963
 20
786.1748567797154
 10
438.0942021431087
 20
786.4694957113853
 10
438.11278297663745
 20
786.7436578061051
 10
438.1366726197458
 20
786.9973430638751
 10
438.16587107243384
 20
787.2305514846948
 10
438.2003783347015
 20
787.4432830685647
 10
438.24019440654877
 20
787.6355378154844
 10
438.38125706109344
 20
788.1264763013729
 10
438.5698462013987
 20
788.5800003197478
 10
438.80596182746456
 20
788.996109870609
 10
439.08960393929095
 20
789.3748049539565
 10
439.2946883093615
 20
789.6020093639422
 10
439.5135503042935
 20
789.8144249472418
 10
439.74618992408693
 20
790.0120517038553
 10
439.9926071687418
 20
790.1948896337826
 10
440.25280203825815
 20
790.3629387370237
 10
440.5267745326359
 20
790.5161990135788
 10
440.8145246518751
 20
790.6546704634477
 10
441.11605239597577
 20
790.7783530866304
 10
441.7548791487256
 20
790.9818574538499
 10
442.4376931808496
 20
791.1272177161495
 10
443.1644944923477
 20
791.2144338735293
 10
443.93528308322
 20
791.2435059259892
 10
444.5915530674458
 20
791.2237874904077
 10
445.20939738233324
 20
791.1646321836631
 10
445.7888160278823
 20
791.0660400057557
 10
446.32980900409314
 20
790.9280109566851
 10
446.8290899050353
 20
790.7591402519613
 10
447.28337232477867
 20
790.5680231070943
 10
447.69265626332316
 20
790.3546595220841
 10
448.0569417206688
 20
790.1190494969306
 10
448.3805263045706
 20
789.8665018412136
 10
448.6677076227834
 20
789.6023253645125
 10
448.9184856753073
 20
789.3265200668275
 10
449.1328604621422
 20
789.0390859481585
 10
449.31715199469255
 20
788.7306693916271
 10
449.4776802843626
 20
788.3919167803549
 10
449.6144453311523
 20
788.022828114342
 10
449.7274471350617
 20
787.6234033935882
 10
449.81592729472237
 20
787.1933898176375
 10
449.87912740876567
 20
786.7325345860336
 10
449.91704747719166
 20
786.2408376987767
 10
449.92968750000034
 20
785.7182991558665
 10
449.92968750000034
 20
781.4388930337656
  0
LWPOLYLINE
  5
1A4
330
17
100
AcDbEntity
  8
line engraving
 62
1
420
16711680
100
AcDbPolyline
 90
44
 70
0
 10
448.53018417462516
 20
783.0082782656891
 10
448.53018417462516
 20
785.5403276347205
 10
448.5165329499918
 20
786.0952246360208
 10
448.4755792760917
 20
786.5869215232779
 10
448.40732315292496
 20
787.0154182964915
 10
448.31176458049146
 20
787.3807149556618
 10
448.191431563353
 20
787.697473927247
 10
448.04885210607125
 20
787.9803576377049
 10
447.88402620864633
 20
788.2293660870355
 10
447.6969538710781
 20
788.444499275239
 10
447.39384612412636
 20
788.7081701510276
 10
447.0427062905017
 20
788.9409993711632
 10
446.6435343702041
 20
789.1429869356457
 10
446.19633036323364
 20
789.3141328444749
 10
445.70008306776555
 20
789.4503922903523
 10
445.1537812819751
 20
789.547720465979
 10
444.5574250058624
 20
789.606117371355
 10
443.91101423942735
 20
789.6255830064804
 10
443.4593230243598
 20
789.6160397892598
 10
443.0345550578747
 20
789.5874101375982
 10
442.636710339972
 20
789.5396940514955
 10
442.26578887065176
 20
789.4728915309518
 10
441.921790649914
 20
789.3870025759669
 10
441.6047156777587
 20
789.2820271865409
 10
441.3145639541858
 20
789.1579653626738
 10
441.0513354791954
 20
789.0148171043658
 10
440.8118702470853
 20
788.8580176214243
 10
440.5930082521533
 20
788.6930021236573
 10
440.39474949439943
 20
788.5197706110645
 10
440.2170939738237
 20
788.3383230836462
 10
440.06004169042603
 20
788.1486595414021
 10
439.9235926442065
 20
787.9507799843326
 10
439.8077468351651
 20
787.7446844124373
 10
439.71250426330187
 20
787.5303728257164
 10
439.65562416066285
 20
787.360617319396
 10
439.6063280717091
 20
787.1668457697393
 10
439.5646159964405
 20
786.949058176746
 10
439.5304879348571
 20
786.7072545404163
 10
439.5039438869589
 20
786.4414348607501
 10
439.4849838527459
 20
786.1515991377474
 10
439.47360783221814
 20
785.8377473714083
 10
439.4698158253755
 20
785.4998795617328
 10
439.4698158253755
 20
783.0082782656891
 10
448.53018417462516
 20
783.0082782656891
  0
LWPOLYLINE
  5
1A5
330
17
100
AcDbEntity
  8
cut
 62
5
420
255
100
AcDbPolyline
 90
4
 70
1
 10
480.0000000000005
 20
910.2000000000003
 10
480.00000000000045
 20
669.6000000000001
 42
0.9999999999999999
 10
540.0000000000005
 20
669.6000000000001
 10
540.0000000000005
 20
910.2000000000003
 42
0.9999999999999999
  0
CIRCLE
  5
1A6
330
17
100
AcDbEntity
  8
cut
 62
5
420
255
100
AcDbCircle
 10
510.0000000000005
 20
910.2000000000003
 30
0.0
 40
10.9
  0
CIRCLE
  5
1A7
330
17
100
AcDbEntity
  8
cut
 62
5
420
255
100
AcDbCircle
 10
510.00000000000045
 20
669.6000000000001
 30
0.0
 40
10.9
  0
LWPOLYLINE
  5
1A8
330
17
100
AcDbEntity
  8
line engraving
 62
1
420
16711680
100
AcDbPolyline
 90
7
 70
0
 10
515.9296875000005
 20
750.9814940740112
 10
504.07031250000045
 20
750.9814940740112
 10
504.07031250000045
 20
752.5508793059347
 10
514.5301841746253
 20
752.5508793059347
 10
514.5301841746253
 20
758.3915810453617
 10
515.9296875000005
 20
758.3915810453617
 10
515.9296875000005
 20
750.9814940740112
  0
LWPOLYLINE
  5
1A9
330
17
100
AcDbEntity
  8
line engraving
 62
1
420
16711680
100
AcDbPolyline
 90
5
 70
0
 10
505.74486272169213
 20
760.0823104962485
 10
504.07031250000045
 20
760.0823104962485
 10
504.07031250000045
 20
761.5384411238065
 10
505.74486272169213
 20
761.5384411238065
 10
505.74486272169213
 20
760.0823104962485
  0
LWPOLYLINE
  5
1AA
330
17
100
AcDbEntity
  8
line engraving
 62
1
420
16711680
100
AcDbPolyline
 90
5
 70
0
 10
515.9296875000005
 20
760.0823104962485
 10
507.3385167974084
 20
760.0823104962485
 10
507.3385167974084
 20
761.5384411238065
 10
515.9296875000005
 20
761.5384411238065
 10
515.9296875000005
 20
760.0823104962485
  0
LWPOLYLINE
  5
1AB
330
17
100
AcDbEntity
  8
line engraving
 62
1
420
16711680
100
AcDbPolyline
 90
61
 70
0
 10
515.9296875000005
 20
763.7549955235336
 10
507.3385167974084
 20
763.7549955235336
 10
507.3385167974084
 20
765.0655130883358
 10
508.56004860163756
 20
765.0655130883358
 10
508.22824800291016
 20
765.315279939035
 10
507.9406874840131
 20
765.5913380371762
 10
507.6973670449463
 20
765.8936873827594
 10
507.4982866857099
 20
766.2223279757847
 10
507.34344640630377
 20
766.5772598162519
 10
507.23284620672797
 20
766.9584829041612
 10
507.16648608698245
 20
767.3659972395125
 10
507.1443660470673
 20
767.7998028223058
 10
507.1618092785433
 20
768.1802675088466
 10
507.2141389729711
 20
768.5450585671045
 10
507.3013551303509
 20
768.8941759970799
 10
507.4234577506826
 20
769.2276197987724
 10
507.57387402210566
 20
769.5327499493735
 10
507.74603113275964
 20
769.7969264260746
 10
507.93992908264454
 20
770.0201492288755
 10
508.15556787176035
 20
770.2024183577764
 10
508.39269469965086
 20
770.352076227831
 10
508.65105676585995
 20
770.477465254093
 10
508.93065407038756
 20
770.5785854365623
 10
509.23148661323376
 20
770.655436775239
 10
509.4716470465984
 20
770.6908288391032
 10
509.7876476168149
 20
770.7161088847206
 10
510.17948832388345
 20
770.731276912091
 10
510.647169167804
 20
770.7363329212144
 10
515.9296875000005
 20
770.7363329212144
 10
515.9296875000005
 20
769.2802022936564
 10
510.7037964699868
 20
769.2802022936564
 10
510.28692851775713
 20
769.2695846744972
 10
509.92618226679787
 20
769.2377318170193
 10
509.6215577171091
 20
769.184643721223
 10
509.37305486869076
 20
769.110320387108
 10
509.1637360909793
 20
769.0089474041825
 10
508.9766637534111
 20
768.8747103619545
 10
508.81183785598614
 20
768.707609260424
 10
508.6692583987044
 20
768.507644099591
 10
508.55423419114555
 20
768.2818932922282
 10
508.4720740428893
 20
768.0374352511087
 10
508.42277795393545
 20
767.7742699762323
 10
508.4063459242842
 20
767.4923974675991
 10
508.41557314093455
 20
767.2638026551044
 10
508.44325479088553
 20
767.0431710569792
 10
508.48939087413714
 20
766.8305026732235
 10
508.5539813906894
 20
766.6257975038371
 10
508.6370263405423
 20
766.4290555488203
 10
508.7385257236959
 20
766.240276808173
 10
508.8584795401501
 20
766.0594612818951
 10
508.996887789905
 20
765.8866089699866
 10
509.1610816861895
 20
765.728292684308
 10
509.35839244223274
 20
765.59108523672
 10
509.5888200580346
 20
765.4749866272224
 10
509.8523645335953
 20
765.3799968558153
 10
510.1490258689146
 20
765.3061159224986
 10
510.4788040639926
 20
765.2533438272725
 10
510.8416991188293
 20
765.2216805701368
 10
511.2377110334247
 20
765.2111261510915
 10
515.9296875000005
 20
765.2111261510915
 10
515.9296875000005
 20
763.7549955235336
  0
LWPOLYLINE
  5
1AC
330
17
100
AcDbEntity
  8
line engraving
 62
1
420
16711680
100
AcDbPolyline
 90
13
 70
0
 10
515.9296875000005
 20
772.9771561647342
 10
504.07031250000045
 20
772.9771561647342
 10
504.07031250000045
 20
774.4332867922922
 10
510.8332303035475
 20
774.4332867922922
 10
507.3385167974084
 20
777.8794626108461
 10
507.3385167974084
 20
779.7643428120739
 10
510.52582494884086
 20
776.4799592854708
 10
515.9296875000005
 20
780.0960170105732
 10
515.9296875000005
 20
778.3001225699184
 10
511.53702677353385
 20
775.4606678461803
 10
512.5239597544343
 20
774.4332867922922
 10
515.9296875000005
 20
774.4332867922922
 10
515.9296875000005
 20
772.9771561647342
  0
LWPOLYLINE
  5
1AD
330
17
100
AcDbEntity
  8
line engraving
 62
1
420
16711680
100
AcDbPolyline
 90
48
 70
0
 10
515.9296875000005
 20
781.4388930337656
 10
504.07031250000045
 20
781.4388930337656
 10
504.07031250000045
 20
785.5241484055255
 10
504.0729669047903
 20
785.8597410110955
 10
504.08093011915975
 20
786.1748567797154
 10
504.0942021431088
 20
786.4694957113853
 10
504.11278297663756
 20
786.7436578061051
 10
504.1366726197459
 20
786.9973430638751
 10
504.16587107243396
 20
787.2305514846948
 10
504.2003783347016
 20
787.4432830685647
 10
504.2401944065489
 20
787.6355378154844
 10
504.38125706109355
 20
788.1264763013729
 10
504.56984620139883
 20
788.5800003197478
 10
504.80596182746467
 20
788.996109870609
 10
505.08960393929107
 20
789.3748049539565
 10
505.2946883093616
 20
789.6020093639422
 10
505.51355030429363
 20
789.8144249472418
 10
505.74618992408705
 20
790.0120517038553
 10
505.9926071687419
 20
790.1948896337826
 10
506.25280203825827
 20
790.3629387370237
 10
506.526774532636
 20
790.5161990135788
 10
506.8145246518752
 20
790.6546704634477
 10
507.1160523959759
 20
790.7783530866304
 10
507.7548791487257
 20
790.9818574538499
 10
508.4376931808497
 20
791.1272177161495
 10
509.16449449234784
 20
791.2144338735293
 10
509.9352830832201
 20
791.2435059259892
 10
510.5915530674459
 20
791.2237874904077
 10
511.20939738233335
 20
791.1646321836631
 10
511.78881602788243
 20
791.0660400057557
 10
512.3298090040932
 20
790.9280109566851
 10
512.8290899050354
 20
790.7591402519613
 10
513.2833723247788
 20
790.5680231070943
 10
513.6926562633233
 20
790.3546595220841
 10
514.056941720669
 20
790.1190494969306
 10
514.3805263045707
 20
789.8665018412136
 10
514.6677076227836
 20
789.6023253645125
 10
514.9184856753075
 20
789.3265200668275
 10
515.1328604621424
 20
789.0390859481585
 10
515.3171519946926
 20
788.7306693916271
 10
515.4776802843627
 20
788.3919167803549
 10
515.6144453311524
 20
788.022828114342
 10
515.7274471350619
 20
787.6234033935882
 10
515.8159272947225
 20
787.1933898176375
 10
515.8791274087658
 20
786.7325345860336
 10
515.9170474771918
 20
786.2408376987767
 10
515.9296875000005
 20
785.7182991558665
 10
515.9296875000005
 20
781.4388930337656
  0
LWPOLYLINE
  5
1AE
330
17
100
AcDbEntity
  8
line engraving
 62
1
420
16711680
100
AcDbPolyline
 90
44
 70
0
 10
514.5301841746253
 20
783.0082782656891
 10
514.5301841746253
 20
785.5403276347205
 10
514.516532949992
 20
786.0952246360208
 10
514.4755792760919
 20
786.5869215232779
 10
514.4073231529251
 20
787.0154182964915
 10
514.3117645804916
 20
787.3807149556618
 10
514.1914315633531
 20
787.697473927247
 10
514.0488521060714
 20
787.9803576377049
 10
513.8840262086464
 20
788.2293660870355
 10
513.6969538710782
 20
788.444499275239
 10
513.3938461241265
 20
788.7081701510276
 10
513.0427062905019
 20
788.9409993711632
 10
512.6435343702043
 20
789.1429869356457
 10
512.1963303632338
 20
789.3141328444749
 10
511.70008306776566
 20
789.4503922903523
 10
511.1537812819752
 20
789.547720465979
 10
510.5574250058625
 20
789.606117371355
 10
509.91101423942746
 20
789.6255830064804
 10
509.4593230243599
 20
789.6160397892598
 10
509.0345550578748
 20
789.5874101375982
 10
508.6367103399721
 20
789.5396940514955
 10
508.2657888706519
 20
789.4728915309518
 10
507.9217906499141
 20
789.3870025759669
 10
507.6047156777588
 20
789.2820271865409
 10
507.3145639541859
 20
789.1579653626738
 10
507.05133547919553
 20
789.0148171043658
 10
506.81187024708544
 20
788.8580176214243
 10
506.5930082521534
 20
788.6930021236573
 10
506.39474949439955
 20
788.5197706110645
 10
506.2170939738238
 20
788.3383230836462
 10
506.06004169042615
 20
788.1486595414021
 10
505.9235926442066
 20
787.9507799843326
 10
505.80774683516523
 20
787.7446844124373
 10
505.712504263302
 20
787.5303728257164
 10
505.65562416066297
 20
787.360617319396
 10
505.6063280717092
 20
787.1668457697393
 10
505.56461599644064
 20
786.949058176746
 10
505.5304879348572
 20
786.7072545404163
 10
505.503943886959
 20
786.4414348607501
 10
505.48498385274604
 20
786.1515991377474
 10
505.47360783221825
 20
785.8377473714083
 10
505.46981582537563
 20
785.4998795617328
 10
505.46981582537563
 20
783.0082782656891
 10
514.5301841746253
 20
783.0082782656891
  0
LWPOLYLINE
  5
1AF
330
17
100
AcDbEntity
  8
cut
 62
5
420
255
100
AcDbPolyline
 90
4
 70
1
 10
546.0000000000005
 20
910.2000000000003
 10
546.0000000000005
 20
669.6000000000001
 42
0.9999999999999999
 10
606.0000000000005
 20
669.6000000000001
 10
606.0000000000005
 20
910.2000000000003
 42
0.9999999999999999
  0
CIRCLE
  5
1B0
330
17
100
AcDbEntity
  8
cut
 62
5
420
255
100
AcDbCircle
 10
576.0000000000005
 20
910.2000000000003
 30
0.0
 40
10.9
  0
CIRCLE
  5
1B1
330
17
100
AcDbEntity
  8
cut
 62
5
420
255
100
AcDbCircle
 10
576.0000000000005
 20
669.6000000000001
 30
0.0
 40
10.9
  0
LWPOLYLINE
  5
1B2
330
17
100
AcDbEntity
  8
line engraving
 62
1
420
16711680
100
AcDbPolyline
 90
7
 70
0
 10
581.9296875000005
 20
750.9814940740112
 10
570.0703125000005
 20
750.9814940740112
 10
570.0703125000005
 20
752.5508793059347
 10
580.5301841746253
 20
752.5508793059347
 10
580.5301841746253
 20
758.3915810453617
 10
581.9296875000005
 20
758.3915810453617
 10
581.9296875000005
 20
750.9814940740112
  0
LWPOLYLINE
  5
1B3
330
17
100
AcDbEntity
  8
line engraving
 62
1
420
16711680
100
AcDbPolyline
 90
5
 70
0
 10
571.7448627216921
 20
760.0823104962485
 10
570.0703125000005
 20
760.0823104962485
 10
570.0703125000005
 20
761.5384411238065
 10
571.7448627216921
 20
761.5384411238065
 10
571.7448627216921
 20
760.0823104962485
  0
LWPOLYLINE
  5
1B4
330
17
100
AcDbEntity
  8
line engraving
 62
1
420
16711680
100
AcDbPolyline
 90
5
 70
0
 10
581.9296875000005
 20
760.0823104962485
 10
573.3385167974084
 20
760.0823104962485
 10
573.3385167974084
 20
761.5384411238065
 10
581.9296875000005
 20
761.5384411238065
 10
581.9296875000005
 20
760.0823104962485
  0
LWPOLYLINE
  5
1B5
330
17
100
AcDbEntity
  8
line engraving
 62
1
420
16711680
100
AcDbPolyline
 90
61
 70
0
 10
581.9296875000005
 20
763.7549955235336
 10
573.3385167974084
 20
763.7549955235336
 10
573.3385167974084
 20
765.0655130883358
 10
574.5600486016376
 20
765.0655130883358
 10
574.2282480029102
 20
765.315279939035
 10
573.9406874840131
 20
765.5913380371762
 10
573.6973670449463
 20
765.8936873827594
 10
573.4982866857099
 20
766.2223279757847
 10
573.3434464063037
 20
766.5772598162519
 10
573.2328462067279
 20
766.9584829041612
 10
573.1664860869824
 20
767.3659972395125
 10
573.1443660470673
 20
767.7998028223058
 10
573.1618092785432
 20
768.1802675088466
 10
573.2141389729711
 20
768.5450585671045
 10
573.3013551303509
 20
768.8941759970799
 10
573.4234577506826
 20
769.2276197987724
 10
573.5738740221057
 20
769.5327499493735
 10
573.7460311327596
 20
769.7969264260746
 10
573.9399290826445
 20
770.0201492288755
 10
574.1555678717604
 20
770.2024183577764
 10
574.3926946996509
 20
770.352076227831
 10
574.65105676586
 20
770.477465254093
 10
574.9306540703875
 20
770.5785854365623
 10
575.2314866132338
 20
770.655436775239
 10
575.4716470465984
 20
770.6908288391032
 10
575.7876476168149
 20
770.7161088847206
 10
576.1794883238834
 20
770.731276912091
 10
576.647169167804
 20
770.7363329212144
 10
581.9296875000005
 20
770.7363329212144
 10
581.9296875000005
 20
769.2802022936564
 10
576.7037964699869
 20
769.2802022936564
 10
576.2869285177571
 20
769.2695846744972
 10
575.9261822667979
 20
769.2377318170193
 10
575.6215577171091
 20
769.184643721223
 10
575.3730548686908
 20
769.110320387108
 10
575.1637360909793
 20
769.0089474041825
 10
574.9766637534111
 20
768.8747103619545
 10
574.8118378559861
 20
768.707609260424
 10
574.6692583987044
 20
768.507644099591
 10
574.5542341911456
 20
768.2818932922282
 10
574.4720740428893
 20
768.0374352511087
 10
574.4227779539355
 20
767.7742699762323
 10
574.4063459242842
 20
767.4923974675991
 10
574.4155731409345
 20
767.2638026551044
 10
574.4432547908855
 20
767.0431710569792
 10
574.4893908741371
 20
766.8305026732235
 10
574.5539813906894
 20
766.6257975038371
 10
574.6370263405423
 20
766.4290555488203
 10
574.7385257236958
 20
766.240276808173
 10
574.85847954015
 20
766.0594612818951
 10
574.9968877899049
 20
765.8866089699866
 10
575.1610816861895
 20
765.728292684308
 10
575.3583924422327
 20
765.59108523672
 10
575.5888200580347
 20
765.4749866272224
 10
575.8523645335953
 20
765.3799968558153
 10
576.1490258689146
 20
765.3061159224986
 10
576.4788040639926
 20
765.2533438272725
 10
576.8416991188293
 20
765.2216805701368
 10
577.2377110334247
 20
765.2111261510915
 10
581.9296875000005
 20
765.2111261510915
 10
581.9296875000005
 20
763.7549955235336
  0
LWPOLYLINE
  5
1B6
330
17
100
AcDbEntity
  8
line engraving
 62
1
420
16711680
100
AcDbPolyline
 90
13
 70
0
 10
581.9296875000005
 20
772.9771561647342
 10
570.0703125000005
 20
772.9771561647342
 10
570.0703125000005
 20
774.4332867922922
 10
576.8332303035476
 20
774.4332867922922
 10
573.3385167974084
 20
777.8794626108461
 10
573.3385167974084
 20
779.7643428120739
 10
576.5258249488409
 20
776.4799592854708
 10
581.9296875000005
 20
780.0960170105732
 10
581.9296875000005
 20
778.3001225699184
 10
577.5370267735339
 20
775.4606678461803
 10
578.5239597544343
 20
774.4332867922922
 10
581.9296875000005
 20
774.4332867922922
 10
581.9296875000005
 20
772.9771561647342
  0
LWPOLYLINE
  5
1B7
330
17
100
AcDbEntity
  8
line engraving
 62
1
420
16711680
100
AcDbPolyline
 90
48
 70
0
 10
581.9296875000005
 20
781.4388930337656
 10
570.0703125000005
 20
781.4388930337656
 10
570.0703125000005
 20
785.5241484055255
 10
570.0729669047903
 20
785.8597410110955
 10
570.0809301191597
 20
786.1748567797154
 10
570.0942021431089
 20
786.4694957113853
 10
570.1127829766376
 20
786.7436578061051
 10
570.1366726197459
 20
786.9973430638751
 10
570.1658710724339
 20
787.2305514846948
 10
570.2003783347016
 20
787.4432830685647
 10
570.2401944065489
 20
787.6355378154844
 10
570.3812570610936
 20
788.1264763013729
 10
570.5698462013988
 20
788.5800003197478
 10
570.8059618274647
 20
788.996109870609
 10
571.089603939291
 20
789.3748049539565
 10
571.2946883093616
 20
789.6020093639422
 10
571.5135503042936
 20
789.8144249472418
 10
571.746189924087
 20
790.0120517038553
 10
571.9926071687419
 20
790.1948896337826
 10
572.2528020382582
 20
790.3629387370237
 10
572.5267745326361
 20
790.5161990135788
 10
572.8145246518752
 20
790.6546704634477
 10
573.1160523959759
 20
790.7783530866304
 10
573.7548791487256
 20
790.9818574538499
 10
574.4376931808497
 20
791.1272177161495
 10
575.1644944923478
 20
791.2144338735293
 10
575.9352830832202
 20
791.2435059259892
 10
576.591553067446
 20
791.2237874904077
 10
577.2093973823333
 20
791.1646321836631
 10
577.7888160278825
 20
791.0660400057557
 10
578.3298090040932
 20
790.9280109566851
 10
578.8290899050354
 20
790.7591402519613
 10
579.2833723247788
 20
790.5680231070943
 10
579.6926562633233
 20
790.3546595220841
 10
580.056941720669
 20
790.1190494969306
 10
580.3805263045707
 20
789.8665018412136
 10
580.6677076227836
 20
789.6023253645125
 10
580.9184856753075
 20
789.3265200668275
 10
581.1328604621424
 20
789.0390859481585
 10
581.3171519946926
 20
788.7306693916271
 10
581.4776802843627
 20
788.3919167803549
 10
581.6144453311524
 20
788.022828114342
 10
581.7274471350619
 20
787.6234033935882
 10
581.8159272947225
 20
787.1933898176375
 10
581.8791274087658
 20
786.7325345860336
 10
581.9170474771918
 20
786.2408376987767
 10
581.9296875000005
 20
785.7182991558665
 10
581.9296875000005
 20
781.4388930337656
  0
LWPOLYLINE
  5
1B8
330
17
100
AcDbEntity
  8
line engraving
 62
1
420
16711680
100
AcDbPolyline
 90
44
 70
0
 10
580.5301841746253
 20
783.0082782656891
 10
580.5301841746253
 20
785.5403276347205
 10
580.516532949992
 20
786.0952246360208
 10
580.4755792760919
 20
786.5869215232779
 10
580.4073231529251
 20
787.0154182964915
 10
580.3117645804916
 20
787.3807149556618
 10
580.1914315633531
 20
787.697473927247
 10
580.0488521060714
 20
787.9803576377049
 10
579.8840262086464
 20
788.2293660870355
 10
579.6969538710782
 20
788.444499275239
 10
579.3938461241265
 20
788.7081701510276
 10
579.0427062905019
 20
788.9409993711632
 10
578.6435343702043
 20
789.1429869356457
 10
578.1963303632338
 20
789.3141328444749
 10
577.7000830677656
 20
789.4503922903523
 10
577.1537812819752
 20
789.547720465979
 10
576.5574250058625
 20
789.606117371355
 10
575.9110142394275
 20
789.6255830064804
 10
575.4593230243598
 20
789.6160397892598
 10
575.0345550578747
 20
789.5874101375982
 10
574.6367103399721
 20
789.5396940514955
 10
574.2657888706519
 20
789.4728915309518
 10
573.9217906499141
 20
789.3870025759669
 10
573.6047156777588
 20
789.2820271865409
 10
573.3145639541859
 20
789.1579653626738
 10
573.0513354791956
 20
789.0148171043658
 10
572.8118702470855
 20
788.8580176214243
 10
572.5930082521535
 20
788.6930021236573
 10
572.3947494943995
 20
788.5197706110645
 10
572.2170939738238
 20
788.3383230836462
 10
572.0600416904261
 20
788.1486595414021
 10
571.9235926442067
 20
787.9507799843326
 10
571.8077468351653
 20
787.7446844124373
 10
571.712504263302
 20
787.5303728257164
 10
571.655624160663
 20
787.360617319396
 10
571.6063280717092
 20
787.1668457697393
 10
571.5646159964406
 20
786.949058176746
 10
571.5304879348572
 20
786.7072545404163
 10
571.503943886959
 20
786.4414348607501
 10
571.4849838527459
 20
786.1515991377474
 10
571.4736078322181
 20
785.8377473714083
 10
571.4698158253756
 20
785.4998795617328
 10
571.4698158253756
 20
783.0082782656891
 10
580.5301841746253
 20
783.0082782656891
  0
LWPOLYLINE
  5
1B9
330
17
100
AcDbEntity
  8
cut
 62
5
420
255
100
AcDbPolyline
 90
4
 70
1
 10
612.0000000000005
 20
910.2000000000003
 10
612.0000000000005
 20
669.6000000000001
 42
0.9999999999999999
 10
672.0000000000005
 20
669.6000000000001
 10
672.0000000000005
 20
910.2000000000003
 42
0.9999999999999999
  0
CIRCLE
  5
1BA
330
17
100
AcDbEntity
  8
cut
 62
5
420
255
100
AcDbCircle
 10
642.0000000000005
 20
910.2000000000003
 30
0.0
 40
10.9
  0
CIRCLE
  5
1BB
330
17
100
AcDbEntity
  8
cut
 62
5
420
255
100
AcDbCircle
 10
642.0000000000005
 20
669.6000000000001
 30
0.0
 40
10.9
  0
LWPOLYLINE
  5
1BC
330
17
100
AcDbEntity
  8
line engraving
 62
1
420
16711680
100
AcDbPolyline
 90
7
 70
0
 10
647.9296875000005
 20
750.9814940740112
 10
636.0703125000005
 20
750.9814940740112
 10
636.0703125000005
 20
752.5508793059347
 10
646.5301841746253
 20
752.5508793059347
 10
646.5301841746253
 20
758.3915810453617
 10
647.9296875000005
 20
758.3915810453617
 10
647.9296875000005
 20
750.9814940740112
  0
LWPOLYLINE
  5
1BD
330
17
100
AcDbEntity
  8
line engraving
 62
1
420
16711680
100
AcDbPolyline
 90
5
 70
0
 10
637.7448627216921
 20
760.0823104962485
 10
636.0703125000005
 20
760.0823104962485
 10
636.0703125000005
 20
761.5384411238065
 10
637.7448627216921
 20
761.5384411238065
 10
637.7448627216921
 20
760.0823104962485
  0
LWPOLYLINE
  5
1BE
330
17
100
AcDbEntity
  8
line engraving
 62
1
420
16711680
100
AcDbPolyline
 90
5
 70
0
 10
647.9296875000005
 20
760.0823104962485
 10
639.3385167974084
 20
760.0823104962485
 10
639.3385167974084
 20
761.5384411238065
 10
647.9296875000005
 20
761.5384411238065
 10
647.9296875000005
 20
760.0823104962485
  0
LWPOLYLINE
  5
1BF
330
17
100
AcDbEntity
  8
line engraving
 62
1
420
16711680
100
AcDbPolyline
 90
61
 70
0
 10
647.9296875000005
 20
763.7549955235336
 10
639.3385167974084
 20
763.7549955235336
 10
639.3385167974084
 20
765.0655130883358
 10
640.5600486016376
 20
765.0655130883358
 10
640.2282480029102
 20
765.315279939035
 10
639.9406874840131
 20
765.5913380371762
 10
639.6973670449463
 20
765.8936873827594
 10
639.4982866857099
 20
766.2223279757847
 10
639.3434464063037
 20
766.5772598162519
 10
639.2328462067279
 20
766.9584829041612
 10
639.1664860869824
 20
767.3659972395125
 10
639.1443660470673
 20
767.7998028223058
 10
639.1618092785432
 20
768.1802675088466
 10
639.2141389729711
 20
768.5450585671045
 10
639.3013551303509
 20
768.8941759970799
 10
639.4234577506826
 20
769.2276197987724
 10
639.5738740221057
 20
769.5327499493735
 10
639.7460311327596
 20
769.7969264260746
 10
639.9399290826445
 20
770.0201492288755
 10
640.1555678717604
 20
770.2024183577764
 10
640.3926946996509
 20
770.352076227831
 10
640.65105676586
 20
770.477465254093
 10
640.9306540703875
 20
770.5785854365623
 10
641.2314866132338
 20
770.655436775239
 10
641.4716470465984
 20
770.6908288391032
 10
641.7876476168149
 20
770.7161088847206
 10
642.1794883238834
 20
770.731276912091
 10
642.647169167804
 20
770.7363329212144
 10
647.9296875000005
 20
770.7363329212144
 10
647.9296875000005
 20
769.2802022936564
 10
642.7037964699869
 20
769.2802022936564
 10
642.2869285177571
 20
769.2695846744972
 10
641.9261822667979
 20
769.2377318170193
 10
641.6215577171091
 20
769.184643721223
 10
641.3730548686908
 20
769.110320387108
 10
641.1637360909793
 20
769.0089474041825
 10
640.9766637534111
 20
768.8747103619545
 10
640.8118378559861
 20
768.707609260424
 10
640.6692583987044
 20
768.507644099591
 10
640.5542341911456
 20
768.2818932922282
 10
640.4720740428893
 20
768.0374352511087
 10
640.4227779539355
 20
767.7742699762323
 10
640.4063459242842
 20
767.4923974675991
 10
640.4155731409345
 20
767.2638026551044
 10
640.4432547908855
 20
767.0431710569792
 10
640.4893908741371
 20
766.8305026732235
 10
640.5539813906894
 20
766.6257975038371
 10
640.6370263405423
 20
766.4290555488203
 10
640.7385257236958
 20
766.240276808173
 10
640.85847954015
 20
766.0594612818951
 10
640.9968877899049
 20
765.8866089699866
 10
641.1610816861895
 20
765.728292684308
 10
641.3583924422327
 20
765.59108523672
 10
641.5888200580347
 20
765.4749866272224
 10
641.8523645335953
 20
765.3799968558153
 10
642.1490258689146
 20
765.3061159224986
 10
642.4788040639926
 20
765.2533438272725
 10
642.8416991188293
 20
765.2216805701368
 10
643.2377110334247
 20
765.2111261510915
 10
647.9296875000005
 20
765.2111261510915
 10
647.9296875000005
 20
763.7549955235336
  0
LWPOLYLINE
  5
1C0
330
17
100
AcDbEntity
  8
line engraving
 62
1
420
16711680
100
AcDbPolyline
 90
13
 70
0
 10
647.9296875000005
 20
772.9771561647342
 10
636.0703125000005
 20
772.9771561647342
 10
636.0703125000005
 20
774.4332867922922
 10
642.8332303035476
 20
774.4332867922922
 10
639.3385167974084
 20
777.8794626108461
 10
639.3385167974084
 20
779.7643428120739
 10
642.5258249488409
 20
776.4799592854708
 10
647.9296875000005
 20
780.0960170105732
 10
647.9296875000005
 20
778.3001225699184
 10
643.5370267735339
 20
775.4606678461803
 10
644.5239597544343
 20
774.4332867922922
 10
647.9296875000005
 20
774.4332867922922
 10
647.9296875000005
 20
772.9771561647342
  0
LWPOLYLINE
  5
1C1
330
17
100
AcDbEntity
  8
line engraving
 62
1
420
16711680
100
AcDbPolyline
 90
48
 70
0
 10
647.9296875000005
 20
781.4388930337656
 10
636.0703125000005
 20
781.4388930337656
 10
636.0703125000005
 20
785.5241484055255
 10
636.0729669047903
 20
785.8597410110955
 10
636.0809301191597
 20
786.1748567797154
 10
636.0942021431089
 20
786.4694957113853
 10
636.1127829766376
 20
786.7436578061051
 10
636.1366726197459
 20
786.9973430638751
 10
636.1658710724339
 20
787.2305514846948
 10
636.2003783347016
 20
787.4432830685647
 10
636.2401944065489
 20
787.6355378154844
 10
636.3812570610936
 20
788.1264763013729
 10
636.5698462013988
 20
788.5800003197478
 10
636.8059618274647
 20
788.996109870609
 10
637.089603939291
 20
789.3748049539565
 10
637.2946883093616
 20
789.6020093639422
 10
637.5135503042936
 20
789.8144249472418
 10
637.746189924087
 20
790.0120517038553
 10
637.9926071687419
 20
790.1948896337826
 10
638.2528020382582
 20
790.3629387370237
 10
638.5267745326361
 20
790.5161990135788
 10
638.8145246518752
 20
790.6546704634477
 10
639.1160523959759
 20
790.7783530866304
 10
639.7548791487256
 20
790.9818574538499
 10
640.4376931808497
 20
791.1272177161495
 10
641.1644944923478
 20
791.2144338735293
 10
641.9352830832202
 20
791.2435059259892
 10
642.591553067446
 20
791.2237874904077
 10
643.2093973823333
 20
791.1646321836631
 10
643.7888160278825
 20
791.0660400057557
 10
644.3298090040932
 20
790.9280109566851
 10
644.8290899050354
 20
790.7591402519613
 10
645.2833723247788
 20
790.5680231070943
 10
645.6926562633233
 20
790.3546595220841
 10
646.056941720669
 20
790.1190494969306
 10
646.3805263045707
 20
789.8665018412136
 10
646.6677076227836
 20
789.6023253645125
 10
646.9184856753075
 20
789.3265200668275
 10
647.1328604621424
 20
789.0390859481585
 10
647.3171519946926
 20
788.7306693916271
 10
647.4776802843627
 20
788.3919167803549
 10
647.6144453311524
 20
788.022828114342
 10
647.7274471350619
 20
787.6234033935882
 10
647.8159272947225
 20
787.1933898176375
 10
647.8791274087658
 20
786.7325345860336
 10
647.9170474771918
 20
786.2408376987767
 10
647.9296875000005
 20
785.7182991558665
 10
647.9296875000005
 20
781.4388930337656
  0
LWPOLYLINE
  5
1C2
330
17
100
AcDbEntity
  8
line engraving
 62
1
420
16711680
100
AcDbPolyline
 90
44
 70
0
 10
646.5301841746253
 20
783.0082782656891
 10
646.5301841746253
 20
785.5403276347205
 10
646.516532949992
 20
786.0952246360208
 10
646.4755792760919
 20
786.5869215232779
 10
646.4073231529251
 20
787.0154182964915
 10
646.3117645804916
 20
787.3807149556618
 10
646.1914315633531
 20
787.697473927247
 10
646.0488521060714
 20
787.9803576377049
 10
645.8840262086464
 20
788.2293660870355
 10
645.6969538710782
 20
788.444499275239
 10
645.3938461241265
 20
788.7081701510276
 10
645.0427062905019
 20
788.9409993711632
 10
644.6435343702043
 20
789.1429869356457
 10
644.1963303632338
 20
789.3141328444749
 10
643.7000830677656
 20
789.4503922903523
 10
643.1537812819752
 20
789.547720465979
 10
642.5574250058625
 20
789.606117371355
 10
641.9110142394275
 20
789.6255830064804
 10
641.4593230243598
 20
789.6160397892598
 10
641.0345550578747
 20
789.5874101375982
 10
640.6367103399721
 20
789.5396940514955
 10
640.2657888706519
 20
789.4728915309518
 10
639.9217906499141
 20
789.3870025759669
 10
639.6047156777588
 20
789.2820271865409
 10
639.3145639541859
 20
789.1579653626738
 10
639.0513354791956
 20
789.0148171043658
 10
638.8118702470855
 20
788.8580176214243
 10
638.5930082521535
 20
788.6930021236573
 10
638.3947494943995
 20
788.5197706110645
 10
638.2170939738238
 20
788.3383230836462
 10
638.0600416904261
 20
788.1486595414021
 10
637.9235926442067
 20
787.9507799843326
 10
637.8077468351653
 20
787.7446844124373
 10
637.712504263302
 20
787.5303728257164
 10
637.655624160663
 20
787.360617319396
 10
637.6063280717092
 20
787.1668457697393
 10
637.5646159964406
 20
786.949058176746
 10
637.5304879348572
 20
786.7072545404163
 10
637.503943886959
 20
786.4414348607501
 10
637.4849838527459
 20
786.1515991377474
 10
637.4736078322181
 20
785.8377473714083
 10
637.4698158253756
 20
785.4998795617328
 10
637.4698158253756
 20
783.0082782656891
 10
646.5301841746253
 20
783.0082782656891
  0
LWPOLYLINE
  5
1C3
330
17
100
AcDbEntity
  8
cut
 62
5
420
255
100
AcDbPolyline
 90
4
 70
1
 10
603.6000000000001
 20
1072.2000000000003
 10
363.0
 20
1072.2000000000003
 42
0.9999999999999999
 10
363.0
 20
1012.2000000000003
 10
603.6000000000001
 20
1012.2000000000003
 42
0.9999999999999999
  0
CIRCLE
  5
1C4
330
17
100
AcDbEntity
  8
cut
 62
5
420
255
100
AcDbCircle
 10
603.6000000000001
 20
1042.2000000000003
 30
0.0
 40
10.9
  0
CIRCLE
  5
1C5
330
17
100
AcDbEntity
  8
cut
 62
5
420
255
100
AcDbCircle
 10
363.0
 20
1042.2000000000003
 30
0.0
 40
10.9
  0
LWPOLYLINE
  5
1C6
330
17
100
AcDbEntity
  8
line engraving
 62
1
420
16711680
100
AcDbPolyline
 90
7
 70
0
 10
444.38149407401096
 20
1036.2703125000003
 10
444.38149407401096
 20
1048.1296875000003
 10
445.95087930593456
 20
1048.1296875000003
 10
445.95087930593456
 20
1037.6698158253755
 10
451.79158104536157
 20
1037.6698158253755
 10
451.79158104536157
 20
1036.2703125000003
 10
444.38149407401096
 20
1036.2703125000003
  0
LWPOLYLINE
  5
1C7
330
17
100
AcDbEntity
  8
line engraving
 62
1
420
16711680
100
AcDbPolyline
 90
5
 70
0
 10
453.4823104962483
 20
1046.4551372783085
 10
453.4823104962483
 20
1048.1296875000003
 10
454.93844112380634
 20
1048.1296875000003
 10
454.93844112380634
 20
1046.4551372783085
 10
453.4823104962483
 20
1046.4551372783085
  0
LWPOLYLINE
  5
1C8
330
17
100
AcDbEntity
  8
line engraving
 62
1
420
16711680
100
AcDbPolyline
 90
5
 70
0
 10
453.4823104962483
 20
1036.2703125000003
 10
453.4823104962483
 20
1044.8614832025924
 10
454.93844112380634
 20
1044.8614832025924
 10
454.93844112380634
 20
1036.2703125000003
 10
453.4823104962483
 20
1036.2703125000003
  0
LWPOLYLINE
  5
1C9
330
17
100
AcDbEntity
  8
line engraving
 62
1
420
16711680
100
AcDbPolyline
 90
61
 70
0
 10
457.15499552353344
 20
1036.2703125000003
 10
457.15499552353344
 20
1044.8614832025924
 10
458.4655130883357
 20
1044.8614832025924
 10
458.4655130883357
 20
1043.639951398363
 10
458.7152799390349
 20
1043.9717519970905
 10
458.99133803717604
 20
1044.2593125159876
 10
459.29368738275923
 20
1044.5026329550544
 10
459.6223279757845
 20
1044.7017133142908
 10
459.9772598162517
 20
1044.856553593697
 10
460.358482904161
 20
1044.967153793273
 10
460.76599723951233
 20
1045.0335139130184
 10
461.1998028223056
 20
1045.0556339529335
 10
461.5802675088464
 20
1045.0381907214576
 10
461.9450585671044
 20
1044.9858610270296
 10
462.2941759970797
 20
1044.8986448696498
 10
462.62761979877223
 20
1044.7765422493183
 10
462.9327499493733
 20
1044.626125977895
 10
463.19692642607436
 20
1044.4539688672412
 10
463.42014922887535
 20
1044.2600709173562
 10
463.6024183577763
 20
1044.0444321282405
 10
463.75207622783086
 20
1043.80730530035
 10
463.8774652540928
 20
1043.5489432341408
 10
463.9785854365621
 20
1043.269345929613
 10
464.0554367752388
 20
1042.968513386767
 10
464.09082883910304
 20
1042.7283529534025
 10
464.1161088847204
 20
1042.4123523831859
 10
464.1312769120908
 20
1042.0205116761174
 10
464.13633292121426
 20
1041.5528308321968
 10
464.13633292121426
 20
1036.2703125000003
 10
462.68020229365624
 20
1036.2703125000003
 10
462.68020229365624
 20
1041.4962035300139
 10
462.66958467449695
 20
1041.9130714822436
 10
462.63773181701913
 20
1042.2738177332028
 10
462.58464372122273
 20
1042.5784422828917
 10
462.5103203871078
 20
1042.82694513131
 10
462.40894740418236
 20
1043.0362639090215
 10
462.27471036195436
 20
1043.2233362465897
 10
462.1076092604238
 20
1043.3881621440146
 10
461.90764409959075
 20
1043.5307416012963
 10
461.68189329222804
 20
1043.645765808855
 10
461.43743525110847
 20
1043.7279259571114
 10
461.1742699762321
 20
1043.7772220460652
 10
460.8923974675989
 20
1043.7936540757164
 10
460.6638026551043
 20
1043.7844268590661
 10
460.44317105697905
 20
1043.756745209115
 10
460.2305026732233
 20
1043.7106091258636
 10
460.025797503837
 20
1043.6460186093113
 10
459.8290555488202
 20
1043.5629736594583
 10
459.6402768081728
 20
1043.4614742763047
 10
459.45946128189485
 20
1043.3415204598505
 10
459.2866089699864
 20
1043.2031122100957
 10
459.1282926843079
 20
1043.038918313811
 10
458.99108523671987
 20
1042.841607557768
 10
458.8749866272223
 20
1042.611179941966
 10
458.77999685581517
 20
1042.3476354664053
 10
458.70611592249855
 20
1042.0509741310862
 10
458.6533438272724
 20
1041.7211959360081
 10
458.6216805701367
 20
1041.3583008811713
 10
458.61112615109147
 20
1040.962288966576
 10
458.61112615109147
 20
1036.2703125000003
 10
457.15499552353344
 20
1036.2703125000003
  0
LWPOLYLINE
  5
1CA
330
17
100
AcDbEntity
  8
line engraving
 62
1
420
16711680
100
AcDbPolyline
 90
13
 70
0
 10
466.377156164734
 20
1036.2703125000003
 10
466.377156164734
 20
1048.1296875000003
 10
467.833286792292
 20
1048.1296875000003
 10
467.833286792292
 20
1041.3667696964533
 10
471.2794626108459
 20
1044.8614832025924
 10
473.1643428120737
 20
1044.8614832025924
 10
469.8799592854707
 20
1041.6741750511599
 10
473.49601701057304
 20
1036.2703125000003
 10
471.7001225699182
 20
1036.2703125000003
 10
468.86066784618015
 20
1040.6629732264669
 10
467.833286792292
 20
1039.6760402455664
 10
467.833286792292
 20
1036.2703125000003
 10
466.377156164734
 20
1036.2703125000003
  0
LWPOLYLINE
  5
1CB
330
17
100
AcDbEntity
  8
line engraving
 62
1
420
16711680
100
AcDbPolyline
 90
48
 70
0
 10
474.8388930337654
 20
1036.2703125000003
 10
474.8388930337654
 20
1048.1296875000003
 10
478.9241484055253
 20
1048.1296875000003
 10
479.2597410110953
 20
1048.1270330952104
 10
479.5748567797153
 20
1048.119069880841
 10
479.8694957113852
 20
1048.105797856892
 10
480.1436578061051
 20
1048.087217023363
 10
480.397343063875
 20
1048.0633273802548
 10
480.6305514846948
 20
1048.0341289275668
 10
480.8432830685646
 20
1047.9996216652992
 10
481.03553781548436
 20
1047.9598055934518
 10
481.52647630137284
 20
1047.8187429389072
 10
481.98000031974766
 20
1047.630153798602
 10
482.3961098706089
 20
1047.394038172536
 10
482.7748049539564
 20
1047.1103960607097
 10
483.0020093639421
 20
1046.905311690639
 10
483.2144249472417
 20
1046.686449695707
 10
483.4120517038551
 20
1046.4538100759137
 10
483.59488963378243
 20
1046.2073928312589
 10
483.7629387370236
 20
1045.9471979617424
 10
483.91619901357865
 20
1045.6732254673648
 10
484.05467046344756
 20
1045.3854753481255
 10
484.17835308663035
 20
1045.0839476040248
 10
484.3818574538498
 20
1044.445120851275
 10
484.52721771614944
 20
1043.762306819151
 10
484.6144338735292
 20
1043.035505507653
 10
484.64350592598913
 20
1042.2647169167806
 10
484.6237874904076
 20
1041.608446932555
 10
484.5646321836631
 20
1040.9906026176673
 10
484.46604000575553
 20
1040.4111839721184
 10
484.3280109566849
 20
1039.8701909959075
 10
484.15914025196116
 20
1039.3709100949652
 10
483.96802310709415
 20
1038.916627675222
 10
483.75465952208395
 20
1038.5073437366775
 10
483.51904949693045
 20
1038.1430582793319
 10
483.26650184121337
 20
1037.8194736954301
 10
483.00232536451233
 20
1037.5322923772171
 10
482.7265200668273
 20
1037.2815143246933
 10
482.4390859481583
 20
1037.0671395378583
 10
482.13066939162695
 20
1036.882848005308
 10
481.79191678035477
 20
1036.7223197156382
 10
481.4228281143418
 20
1036.5855546688483
 10
481.02340339358807
 20
1036.472552864939
 10
480.59338981763733
 20
1036.3840727052782
 10
480.13253458603344
 20
1036.320872591235
 10
479.64083769877647
 20
1036.282952522809
 10
479.11829915586634
 20
1036.2703125000003
 10
474.8388930337654
 20
1036.2703125000003
  0
LWPOLYLINE
  5
1CC
330
17
100
AcDbEntity
  8
line engraving
 62
1
420
16711680
100
AcDbPolyline
 90
44
 70
0
 10
476.408278265689
 20
1037.6698158253755
 10
478.94032763472035
 20
1037.6698158253755
 10
479.4952246360207
 20
1037.6834670500089
 10
479.98692152327766
 20
1037.724420723909
 10
480.41541829649134
 20
1037.7926768470757
 10
480.7807149556617
 20
1037.888235419509
 10
481.0974739272468
 20
1038.0085684366477
 10
481.3803576377047
 20
1038.1511478939294
 10
481.62936608703535
 20
1038.3159737913543
 10
481.8444992752388
 20
1038.5030461289225
 10
482.1081701510275
 20
1038.8061538758743
 10
482.3409993711631
 20
1039.1572937094988
 10
482.5429869356455
 20
1039.5564656297965
 10
482.7141328444748
 20
1040.003669636767
 10
482.8503922903522
 20
1040.499916932235
 10
482.9477204659789
 20
1041.0462187180256
 10
483.0061173713549
 20
1041.6425749941382
 10
483.02558300648025
 20
1042.2889857605733
 10
483.0160397892597
 20
1042.7406769756408
 10
482.9874101375981
 20
1043.165444942126
 10
482.9396940514954
 20
1043.5632896600287
 10
482.8728915309516
 20
1043.9342111293488
 10
482.78700257596677
 20
1044.2782093500866
 10
482.6820271865408
 20
1044.595284322242
 10
482.55796536267377
 20
1044.8854360458147
 10
482.4148171043657
 20
1045.1486645208051
 10
482.2580176214242
 20
1045.3881297529153
 10
482.09300212365713
 20
1045.6069917478474
 10
481.9197706110644
 20
1045.8052505056012
 10
481.73832308364604
 20
1045.9829060261768
 10
481.54865954140206
 20
1046.1399583095745
 10
481.3507799843324
 20
1046.2764073557942
 10
481.1446844124372
 20
1046.3922531648354
 10
480.9303728257163
 20
1046.4874957366987
 10
480.7606173193959
 20
1046.5443758393378
 10
480.56684576973913
 20
1046.5936719282915
 10
480.34905817674587
 20
1046.6353840035601
 10
480.10725454041614
 20
1046.6695120651434
 10
479.8414348607499
 20
1046.6960561130415
 10
479.5515991377473
 20
1046.7150161472546
 10
479.2377473714082
 20
1046.7263921677825
 10
478.89987956173263
 20
1046.730184174625
 10
476.408278265689
 20
1046.730184174625
 10
476.408278265689
 20
1037.6698158253755
  0
LWPOLYLINE
  5
1CD
330
17
100
AcDbEntity
  8
cut
 62
5
420
255
100
AcDbPolyline
 90
4
 70
1
 10
603.6000000000001
 20
1138.2000000000003
 10
363.0
 20
1138.2000000000003
 42
0.9999999999999999
 10
363.0
 20
1078.2000000000003
 10
603.6000000000001
 20
1078.2000000000003
 42
0.9999999999999999
  0
CIRCLE
  5
1CE
330
17
100
AcDbEntity
  8
cut
 62
5
420
255
100
AcDbCircle
 10
603.6000000000001
 20
1108.2000000000003
 30
0.0
 40
10.9
  0
CIRCLE
  5
1CF
330
17
100
AcDbEntity
  8
cut
 62
5
420
255
100
AcDbCircle
 10
363.0
 20
1108.2000000000003
 30
0.0
 40
10.9
  0
LWPOLYLINE
  5
1D0
330
17
100
AcDbEntity
  8
line engraving
 62
1
420
16711680
100
AcDbPolyline
 90
7
 70
0
 10
444.38149407401096
 20
1102.2703125000003
 10
444.38149407401096
 20
1114.1296875000003
 10
445.95087930593456
 20
1114.1296875000003
 10
445.95087930593456
 20
1103.6698158253755
 10
451.79158104536157
 20
1103.6698158253755
 10
451.79158104536157
 20
1102.2703125000003
 10
444.38149407401096
 20
1102.2703125000003
  0
LWPOLYLINE
  5
1D1
330
17
100
AcDbEntity
  8
line engraving
 62
1
420
16711680
100
AcDbPolyline
 90
5
 70
0
 10
453.4823104962483
 20
1112.4551372783085
 10
453.4823104962483
 20
1114.1296875000003
 10
454.93844112380634
 20
1114.1296875000003
 10
454.93844112380634
 20
1112.4551372783085
 10
453.4823104962483
 20
1112.4551372783085
  0
LWPOLYLINE
  5
1D2
330
17
100
AcDbEntity
  8
line engraving
 62
1
420
16711680
100
AcDbPolyline
 90
5
 70
0
 10
453.4823104962483
 20
1102.2703125000003
 10
453.4823104962483
 20
1110.8614832025924
 10
454.93844112380634
 20
1110.8614832025924
 10
454.93844112380634
 20
1102.2703125000003
 10
453.4823104962483
 20
1102.2703125000003
  0
LWPOLYLINE
  5
1D3
330
17
100
AcDbEntity
  8
line engraving
 62
1
420
16711680
100
AcDbPolyline
 90
61
 70
0
 10
457.15499552353344
 20
1102.2703125000003
 10
457.15499552353344
 20
1110.8614832025924
 10
458.4655130883357
 20
1110.8614832025924
 10
458.4655130883357
 20
1109.639951398363
 10
458.7152799390349
 20
1109.9717519970905
 10
458.99133803717604
 20
1110.2593125159876
 10
459.29368738275923
 20
1110.5026329550544
 10
459.6223279757845
 20
1110.7017133142908
 10
459.9772598162517
 20
1110.856553593697
 10
460.358482904161
 20
1110.967153793273
 10
460.76599723951233
 20
1111.0335139130184
 10
461.1998028223056
 20
1111.0556339529335
 10
461.5802675088464
 20
1111.0381907214576
 10
461.9450585671044
 20
1110.9858610270296
 10
462.2941759970797
 20
1110.8986448696498
 10
462.62761979877223
 20
1110.7765422493183
 10
462.9327499493733
 20
1110.626125977895
 10
463.19692642607436
 20
1110.4539688672412
 10
463.42014922887535
 20
1110.2600709173562
 10
463.6024183577763
 20
1110.0444321282405
 10
463.75207622783086
 20
1109.80730530035
 10
463.8774652540928
 20
1109.5489432341408
 10
463.9785854365621
 20
1109.269345929613
 10
464.0554367752388
 20
1108.968513386767
 10
464.09082883910304
 20
1108.7283529534025
 10
464.1161088847204
 20
1108.4123523831859
 10
464.1312769120908
 20
1108.0205116761174
 10
464.13633292121426
 20
1107.5528308321968
 10
464.13633292121426
 20
1102.2703125000003
 10
462.68020229365624
 20
1102.2703125000003
 10
462.68020229365624
 20
1107.4962035300139
 10
462.66958467449695
 20
1107.9130714822436
 10
462.63773181701913
 20
1108.2738177332028
 10
462.58464372122273
 20
1108.5784422828917
 10
462.5103203871078
 20
1108.82694513131
 10
462.40894740418236
 20
1109.0362639090215
 10
462.27471036195436
 20
1109.2233362465897
 10
462.1076092604238
 20
1109.3881621440146
 10
461.90764409959075
 20
1109.5307416012963
 10
461.68189329222804
 20
1109.645765808855
 10
461.43743525110847
 20
1109.7279259571114
 10
461.1742699762321
 20
1109.7772220460652
 10
460.8923974675989
 20
1109.7936540757164
 10
460.6638026551043
 20
1109.7844268590661
 10
460.44317105697905
 20
1109.756745209115
 10
460.2305026732233
 20
1109.7106091258636
 10
460.025797503837
 20
1109.6460186093113
 10
459.8290555488202
 20
1109.5629736594583
 10
459.6402768081728
 20
1109.4614742763047
 10
459.45946128189485
 20
1109.3415204598505
 10
459.2866089699864
 20
1109.2031122100957
 10
459.1282926843079
 20
1109.038918313811
 10
458.99108523671987
 20
1108.841607557768
 10
458.8749866272223
 20
1108.611179941966
 10
458.77999685581517
 20
1108.3476354664053
 10
458.70611592249855
 20
1108.0509741310862
 10
458.6533438272724
 20
1107.7211959360081
 10
458.6216805701367
 20
1107.3583008811713
 10
458.61112615109147
 20
1106.962288966576
 10
458.61112615109147
 20
1102.2703125000003
 10
457.15499552353344
 20
1102.2703125000003
  0
LWPOLYLINE
  5
1D4
330
17
100
AcDbEntity
  8
line engraving
 62
1
420
16711680
100
AcDbPolyline
 90
13
 70
0
 10
466.377156164734
 20
1102.2703125000003
 10
466.377156164734
 20
1114.1296875000003
 10
467.833286792292
 20
1114.1296875000003
 10
467.833286792292
 20
1107.3667696964533
 10
471.2794626108459
 20
1110.8614832025924
 10
473.1643428120737
 20
1110.8614832025924
 10
469.8799592854707
 20
1107.6741750511599
 10
473.49601701057304
 20
1102.2703125000003
 10
471.7001225699182
 20
1102.2703125000003
 10
468.86066784618015
 20
1106.6629732264669
 10
467.833286792292
 20
1105.6760402455664
 10
467.833286792292
 20
1102.2703125000003
 10
466.377156164734
 20
1102.2703125000003
  0
LWPOLYLINE
  5
1D5
330
17
100
AcDbEntity
  8
line engraving
 62
1
420
16711680
100
AcDbPolyline
 90
48
 70
0
 10
474.8388930337654
 20
1102.2703125000003
 10
474.8388930337654
 20
1114.1296875000003
 10
478.9241484055253
 20
1114.1296875000003
 10
479.2597410110953
 20
1114.1270330952104
 10
479.5748567797153
 20
1114.119069880841
 10
479.8694957113852
 20
1114.105797856892
 10
480.1436578061051
 20
1114.087217023363
 10
480.397343063875
 20
1114.0633273802548
 10
480.6305514846948
 20
1114.0341289275668
 10
480.8432830685646
 20
1113.9996216652992
 10
481.03553781548436
 20
1113.9598055934518
 10
481.52647630137284
 20
1113.8187429389072
 10
481.98000031974766
 20
1113.630153798602
 10
482.3961098706089
 20
1113.394038172536
 10
482.7748049539564
 20
1113.1103960607097
 10
483.0020093639421
 20
1112.905311690639
 10
483.2144249472417
 20
1112.686449695707
 10
483.4120517038551
 20
1112.4538100759137
 10
483.59488963378243
 20
1112.2073928312589
 10
483.7629387370236
 20
1111.9471979617424
 10
483.91619901357865
 20
1111.6732254673648
 10
484.05467046344756
 20
1111.3854753481255
 10
484.17835308663035
 20
1111.0839476040248
 10
484.3818574538498
 20
1110.445120851275
 10
484.52721771614944
 20
1109.762306819151
 10
484.6144338735292
 20
1109.035505507653
 10
484.64350592598913
 20
1108.2647169167806
 10
484.6237874904076
 20
1107.608446932555
 10
484.5646321836631
 20
1106.9906026176673
 10
484.46604000575553
 20
1106.4111839721184
 10
484.3280109566849
 20
1105.8701909959075
 10
484.15914025196116
 20
1105.3709100949652
 10
483.96802310709415
 20
1104.916627675222
 10
483.75465952208395
 20
1104.5073437366775
 10
483.51904949693045
 20
1104.1430582793319
 10
483.26650184121337
 20
1103.8194736954301
 10
483.00232536451233
 20
1103.5322923772171
 10
482.7265200668273
 20
1103.2815143246933
 10
482.4390859481583
 20
1103.0671395378583
 10
482.13066939162695
 20
1102.882848005308
 10
481.79191678035477
 20
1102.7223197156382
 10
481.4228281143418
 20
1102.5855546688483
 10
481.02340339358807
 20
1102.472552864939
 10
480.59338981763733
 20
1102.3840727052782
 10
480.13253458603344
 20
1102.320872591235
 10
479.64083769877647
 20
1102.282952522809
 10
479.11829915586634
 20
1102.2703125000003
 10
474.8388930337654
 20
1102.2703125000003
  0
LWPOLYLINE
  5
1D6
330
17
100
AcDbEntity
  8
line engraving
 62
1
420
16711680
100
AcDbPolyline
 90
44
 70
0
 10
476.408278265689
 20
1103.6698158253755
 10
478.94032763472035
 20
1103.6698158253755
 10
479.4952246360207
 20
1103.6834670500089
 10
479.98692152327766
 20
1103.724420723909
 10
480.41541829649134
 20
1103.7926768470757
 10
480.7807149556617
 20
1103.888235419509
 10
481.0974739272468
 20
1104.0085684366477
 10
481.3803576377047
 20
1104.1511478939294
 10
481.62936608703535
 20
1104.3159737913543
 10
481.8444992752388
 20
1104.5030461289225
 10
482.1081701510275
 20
1104.8061538758743
 10
482.3409993711631
 20
1105.1572937094988
 10
482.5429869356455
 20
1105.5564656297965
 10
482.7141328444748
 20
1106.003669636767
 10
482.8503922903522
 20
1106.499916932235
 10
482.9477204659789
 20
1107.0462187180256
 10
483.0061173713549
 20
1107.6425749941382
 10
483.02558300648025
 20
1108.2889857605733
 10
483.0160397892597
 20
1108.7406769756408
 10
482.9874101375981
 20
1109.165444942126
 10
482.9396940514954
 20
1109.5632896600287
 10
482.8728915309516
 20
1109.9342111293488
 10
482.78700257596677
 20
1110.2782093500866
 10
482.6820271865408
 20
1110.595284322242
 10
482.55796536267377
 20
1110.8854360458147
 10
482.4148171043657
 20
1111.1486645208051
 10
482.2580176214242
 20
1111.3881297529153
 10
482.09300212365713
 20
1111.6069917478474
 10
481.9197706110644
 20
1111.8052505056012
 10
481.73832308364604
 20
1111.9829060261768
 10
481.54865954140206
 20
1112.1399583095745
 10
481.3507799843324
 20
1112.2764073557942
 10
481.1446844124372
 20
1112.3922531648354
 10
480.9303728257163
 20
1112.4874957366987
 10
480.7606173193959
 20
1112.5443758393378
 10
480.56684576973913
 20
1112.5936719282915
 10
480.34905817674587
 20
1112.6353840035601
 10
480.10725454041614
 20
1112.6695120651434
 10
479.8414348607499
 20
1112.6960561130415
 10
479.5515991377473
 20
1112.7150161472546
 10
479.2377473714082
 20
1112.7263921677825
 10
478.89987956173263
 20
1112.730184174625
 10
476.408278265689
 20
1112.730184174625
 10
476.408278265689
 20
1103.6698158253755
  0
LWPOLYLINE
  5
1D7
330
17
100
AcDbEntity
  8
cut
 62
5
420
255
100
AcDbPolyline
 90
4
 70
1
 10
910.2000000000003
 20
1006.2000000000003
 10
669.6000000000001
 20
1006.2000000000004
 42
0.9999999999999999
 10
669.6000000000001
 20
946.2000000000003
 10
910.2000000000003
 20
946.2000000000003
 42
0.9999999999999999
  0
CIRCLE
  5
1D8
330
17
100
AcDbEntity
  8
cut
 62
5
420
255
100
AcDbCircle
 10
910.2000000000003
 20
976.2000000000003
 30
0.0
 40
10.9
  0
CIRCLE
  5
1D9
330
17
100
AcDbEntity
  8
cut
 62
5
420
255
100
AcDbCircle
 10
669.6000000000001
 20
976.2000000000003
 30
0.0
 40
10.9
  0
LWPOLYLINE
  5
1DA
330
17
100
AcDbEntity
  8
line engraving
 62
1
420
16711680
100
AcDbPolyline
 90
7
 70
0
 10
750.9814940740112
 20
970.2703125000003
 10
750.9814940740112
 20
982.1296875000003
 10
752.5508793059347
 20
982.1296875000003
 10
752.5508793059347
 20
971.6698158253754
 10
758.3915810453617
 20
971.6698158253754
 10
758.3915810453617
 20
970.2703125000003
 10
750.9814940740112
 20
970.2703125000003
  0
LWPOLYLINE
  5
1DB
330
17
100
AcDbEntity
  8
line engraving
 62
1
420
16711680
100
AcDbPolyline
 90
5
 70
0
 10
760.0823104962485
 20
980.4551372783086
 10
760.0823104962485
 20
982.1296875000003
 10
761.5384411238065
 20
982.1296875000003
 10
761.5384411238065
 20
980.4551372783086
 10
760.0823104962485
 20
980.4551372783086
  0
LWPOLYLINE
  5
1DC
330
17
100
AcDbEntity
  8
line engraving
 62
1
420
16711680
100
AcDbPolyline
 90
5
 70
0
 10
760.0823104962485
 20
970.2703125000003
 10
760.0823104962485
 20
978.8614832025924
 10
761.5384411238065
 20
978.8614832025924
 10
761.5384411238065
 20
970.2703125000003
 10
760.0823104962485
 20
970.2703125000003
  0
LWPOLYLINE
  5
1DD
330
17
100
AcDbEntity
  8
line engraving
 62
1
420
16711680
100
AcDbPolyline
 90
61
 70
0
 10
763.7549955235336
 20
970.2703125000003
 10
763.7549955235336
 20
978.8614832025924
 10
765.0655130883358
 20
978.8614832025924
 10
765.0655130883358
 20
977.6399513983631
 10
765.315279939035
 20
977.9717519970906
 10
765.5913380371762
 20
978.2593125159876
 10
765.8936873827594
 20
978.5026329550544
 10
766.2223279757847
 20
978.7017133142908
 10
766.5772598162519
 20
978.8565535936971
 10
766.9584829041612
 20
978.9671537932728
 10
767.3659972395125
 20
979.0335139130183
 10
767.7998028223058
 20
979.0556339529335
 10
768.1802675088466
 20
979.0381907214576
 10
768.5450585671045
 20
978.9858610270296
 10
768.8941759970799
 20
978.8986448696498
 10
769.2276197987724
 20
978.7765422493181
 10
769.5327499493735
 20
978.6261259778951
 10
769.7969264260746
 20
978.4539688672411
 10
770.0201492288755
 20
978.2600709173562
 10
770.2024183577764
 20
978.0444321282404
 10
770.352076227831
 20
977.8073053003499
 10
770.477465254093
 20
977.5489432341408
 10
770.5785854365623
 20
977.2693459296132
 10
770.655436775239
 20
976.968513386767
 10
770.6908288391032
 20
976.7283529534024
 10
770.7161088847206
 20
976.4123523831859
 10
770.731276912091
 20
976.0205116761173
 10
770.7363329212144
 20
975.5528308321967
 10
770.7363329212144
 20
970.2703125000003
 10
769.2802022936564
 20
970.2703125000003
 10
769.2802022936564
 20
975.4962035300139
 10
769.2695846744972
 20
975.9130714822436
 10
769.2377318170193
 20
976.2738177332028
 10
769.184643721223
 20
976.5784422828916
 10
769.110320387108
 20
976.8269451313099
 10
769.0089474041825
 20
977.0362639090214
 10
768.8747103619545
 20
977.2233362465896
 10
768.707609260424
 20
977.3881621440146
 10
768.507644099591
 20
977.5307416012963
 10
768.2818932922282
 20
977.6457658088551
 10
768.0374352511087
 20
977.7279259571114
 10
767.7742699762323
 20
977.7772220460653
 10
767.4923974675991
 20
977.7936540757165
 10
767.2638026551044
 20
977.7844268590662
 10
767.0431710569792
 20
977.7567452091153
 10
766.8305026732235
 20
977.7106091258636
 10
766.6257975038371
 20
977.6460186093113
 10
766.4290555488203
 20
977.5629736594584
 10
766.240276808173
 20
977.4614742763049
 10
766.0594612818951
 20
977.3415204598507
 10
765.8866089699866
 20
977.2031122100958
 10
765.728292684308
 20
977.0389183138112
 10
765.59108523672
 20
976.841607557768
 10
765.4749866272224
 20
976.611179941966
 10
765.3799968558153
 20
976.3476354664054
 10
765.3061159224986
 20
976.0509741310862
 10
765.2533438272725
 20
975.7211959360081
 10
765.2216805701368
 20
975.3583008811714
 10
765.2111261510915
 20
974.962288966576
 10
765.2111261510915
 20
970.2703125000003
 10
763.7549955235336
 20
970.2703125000003
  0
LWPOLYLINE
  5
1DE
330
17
100
AcDbEntity
  8
line engraving
 62
1
420
16711680
100
AcDbPolyline
 90
13
 70
0
 10
772.9771561647342
 20
970.2703125000003
 10
772.9771561647342
 20
982.1296875000003
 10
774.4332867922922
 20
982.1296875000003
 10
774.4332867922922
 20
975.3667696964532
 10
777.8794626108461
 20
978.8614832025924
 10
779.7643428120739
 20
978.8614832025924
 10
776.4799592854708
 20
975.6741750511599
 10
780.0960170105732
 20
970.2703125000003
 10
778.3001225699184
 20
970.2703125000003
 10
775.4606678461803
 20
974.6629732264669
 10
774.4332867922922
 20
973.6760402455665
 10
774.4332867922922
 20
970.2703125000003
 10
772.9771561647342
 20
970.2703125000003
  0
LWPOLYLINE
  5
1DF
330
17
100
AcDbEntity
  8
line engraving
 62
1
420
16711680
100
AcDbPolyline
 90
48
 70
0
 10
781.4388930337656
 20
970.2703125000003
 10
781.4388930337656
 20
982.1296875000003
 10
785.5241484055255
 20
982.1296875000003
 10
785.8597410110955
 20
982.1270330952104
 10
786.1748567797154
 20
982.119069880841
 10
786.4694957113853
 20
982.1057978568919
 10
786.7436578061051
 20
982.0872170233631
 10
786.9973430638751
 20
982.0633273802548
 10
787.2305514846948
 20
982.0341289275668
 10
787.4432830685647
 20
981.9996216652992
 10
787.6355378154844
 20
981.9598055934518
 10
788.1264763013729
 20
981.8187429389071
 10
788.5800003197478
 20
981.6301537986019
 10
788.996109870609
 20
981.394038172536
 10
789.3748049539565
 20
981.1103960607097
 10
789.6020093639422
 20
980.9053116906391
 10
789.8144249472418
 20
980.6864496957071
 10
790.0120517038553
 20
980.4538100759137
 10
790.1948896337826
 20
980.2073928312589
 10
790.3629387370237
 20
979.9471979617425
 10
790.5161990135788
 20
979.6732254673647
 10
790.6546704634477
 20
979.3854753481255
 10
790.7783530866304
 20
979.0839476040248
 10
790.9818574538499
 20
978.4451208512751
 10
791.1272177161495
 20
977.762306819151
 10
791.2144338735293
 20
977.0355055076529
 10
791.2435059259892
 20
976.2647169167806
 10
791.2237874904077
 20
975.6084469325548
 10
791.1646321836631
 20
974.9906026176674
 10
791.0660400057557
 20
974.4111839721182
 10
790.9280109566851
 20
973.8701909959075
 10
790.7591402519613
 20
973.3709100949653
 10
790.5680231070943
 20
972.916627675222
 10
790.3546595220841
 20
972.5073437366774
 10
790.1190494969306
 20
972.1430582793317
 10
789.8665018412136
 20
971.81947369543
 10
789.6023253645125
 20
971.5322923772171
 10
789.3265200668275
 20
971.2815143246933
 10
789.0390859481585
 20
971.0671395378583
 10
788.7306693916271
 20
970.8828480053081
 10
788.3919167803549
 20
970.722319715638
 10
788.022828114342
 20
970.5855546688483
 10
787.6234033935882
 20
970.4725528649388
 10
787.1933898176375
 20
970.3840727052782
 10
786.7325345860336
 20
970.3208725912349
 10
786.2408376987767
 20
970.282952522809
 10
785.7182991558665
 20
970.2703125000003
 10
781.4388930337656
 20
970.2703125000003
  0
LWPOLYLINE
  5
1E0
330
17
100
AcDbEntity
  8
line engraving
 62
1
420
16711680
100
AcDbPolyline
 90
44
 70
0
 10
783.0082782656891
 20
971.6698158253754
 10
785.5403276347205
 20
971.6698158253754
 10
786.0952246360208
 20
971.6834670500087
 10
786.5869215232779
 20
971.7244207239088
 10
787.0154182964915
 20
971.7926768470757
 10
787.3807149556618
 20
971.8882354195091
 10
787.697473927247
 20
972.0085684366476
 10
787.9803576377049
 20
972.1511478939293
 10
788.2293660870355
 20
972.3159737913543
 10
788.444499275239
 20
972.5030461289225
 10
788.7081701510276
 20
972.8061538758742
 10
788.9409993711632
 20
973.1572937094988
 10
789.1429869356457
 20
973.5564656297964
 10
789.3141328444749
 20
974.003669636767
 10
789.4503922903523
 20
974.4999169322351
 10
789.547720465979
 20
975.0462187180256
 10
789.606117371355
 20
975.6425749941383
 10
789.6255830064804
 20
976.2889857605733
 10
789.6160397892598
 20
976.7406769756409
 10
789.5874101375982
 20
977.165444942126
 10
789.5396940514955
 20
977.5632896600287
 10
789.4728915309518
 20
977.9342111293488
 10
789.3870025759669
 20
978.2782093500866
 10
789.2820271865409
 20
978.5952843222419
 10
789.1579653626738
 20
978.8854360458148
 10
789.0148171043658
 20
979.1486645208051
 10
788.8580176214243
 20
979.3881297529152
 10
788.6930021236573
 20
979.6069917478472
 10
788.5197706110645
 20
979.8052505056012
 10
788.3383230836462
 20
979.9829060261769
 10
788.1486595414021
 20
980.1399583095746
 10
787.9507799843326
 20
980.276407355794
 10
787.7446844124373
 20
980.3922531648354
 10
787.5303728257164
 20
980.4874957366987
 10
787.360617319396
 20
980.5443758393377
 10
787.1668457697393
 20
980.5936719282915
 10
786.949058176746
 20
980.6353840035601
 10
786.7072545404163
 20
980.6695120651435
 10
786.4414348607501
 20
980.6960561130418
 10
786.1515991377474
 20
980.7150161472548
 10
785.8377473714083
 20
980.7263921677826
 10
785.4998795617328
 20
980.7301841746252
 10
783.0082782656891
 20
980.7301841746252
 10
783.0082782656891
 20
971.6698158253754
  0
LWPOLYLINE
  5
1E1
330
17
100
AcDbEntity
  8
cut
 62
5
420
255
100
AcDbPolyline
 90
4
 70
1
 10
678.0000000000005
 20
910.2000000000003
 10
678.0000000000005
 20
669.6000000000001
 42
0.9999999999999999
 10
738.0000000000005
 20
669.6000000000001
 10
738.0000000000005
 20
910.2000000000003
 42
0.9999999999999999
  0
CIRCLE
  5
1E2
330
17
100
AcDbEntity
  8
cut
 62
5
420
255
100
AcDbCircle
 10
708.0000000000005
 20
910.2000000000003
 30
0.0
 40
10.9
  0
CIRCLE
  5
1E3
330
17
100
AcDbEntity
  8
cut
 62
5
420
255
100
AcDbCircle
 10
708.0000000000005
 20
669.6000000000001
 30
0.0
 40
10.9
  0
LWPOLYLINE
  5
1E4
330
17
100
AcDbEntity
  8
line engraving
 62
1
420
16711680
100
AcDbPolyline
 90
7
 70
0
 10
713.9296875000005
 20
750.9814940740112
 10
702.0703125000005
 20
750.9814940740112
 10
702.0703125000005
 20
752.5508793059347
 10
712.5301841746253
 20
752.5508793059347
 10
712.5301841746253
 20
758.3915810453617
 10
713.9296875000005
 20
758.3915810453617
 10
713.9296875000005
 20
750.9814940740112
  0
LWPOLYLINE
  5
1E5
330
17
100
AcDbEntity
  8
line engraving
 62
1
420
16711680
100
AcDbPolyline
 90
5
 70
0
 10
703.7448627216921
 20
760.0823104962485
 10
702.0703125000005
 20
760.0823104962485
 10
702.0703125000005
 20
761.5384411238065
 10
703.7448627216921
 20
761.5384411238065
 10
703.7448627216921
 20
760.0823104962485
  0
LWPOLYLINE
  5
1E6
330
17
100
AcDbEntity
  8
line engraving
 62
1
420
16711680
100
AcDbPolyline
 90
5
 70
0
 10
713.9296875000005
 20
760.0823104962485
 10
705.3385167974084
 20
760.0823104962485
 10
705.3385167974084
 20
761.5384411238065
 10
713.9296875000005
 20
761.5384411238065
 10
713.9296875000005
 20
760.0823104962485
  0
LWPOLYLINE
  5
1E7
330
17
100
AcDbEntity
  8
line engraving
 62
1
420
16711680
100
AcDbPolyline
 90
61
 70
0
 10
713.9296875000005
 20
763.7549955235336
 10
705.3385167974084
 20
763.7549955235336
 10
705.3385167974084
 20
765.0655130883358
 10
706.5600486016376
 20
765.0655130883358
 10
706.2282480029102
 20
765.315279939035
 10
705.9406874840131
 20
765.5913380371762
 10
705.6973670449463
 20
765.8936873827594
 10
705.4982866857099
 20
766.2223279757847
 10
705.3434464063037
 20
766.5772598162519
 10
705.2328462067279
 20
766.9584829041612
 10
705.1664860869824
 20
767.3659972395125
 10
705.1443660470673
 20
767.7998028223058
 10
705.1618092785432
 20
768.1802675088466
 10
705.2141389729711
 20
768.5450585671045
 10
705.3013551303509
 20
768.8941759970799
 10
705.4234577506826
 20
769.2276197987724
 10
705.5738740221057
 20
769.5327499493735
 10
705.7460311327596
 20
769.7969264260746
 10
705.9399290826445
 20
770.0201492288755
 10
706.1555678717604
 20
770.2024183577764
 10
706.3926946996509
 20
770.352076227831
 10
706.65105676586
 20
770.477465254093
 10
706.9306540703875
 20
770.5785854365623
 10
707.2314866132338
 20
770.655436775239
 10
707.4716470465984
 20
770.6908288391032
 10
707.7876476168149
 20
770.7161088847206
 10
708.1794883238834
 20
770.731276912091
 10
708.647169167804
 20
770.7363329212144
 10
713.9296875000005
 20
770.7363329212144
 10
713.9296875000005
 20
769.2802022936564
 10
708.7037964699869
 20
769.2802022936564
 10
708.2869285177571
 20
769.2695846744972
 10
707.9261822667979
 20
769.2377318170193
 10
707.6215577171091
 20
769.184643721223
 10
707.3730548686908
 20
769.110320387108
 10
707.1637360909793
 20
769.0089474041825
 10
706.9766637534111
 20
768.8747103619545
 10
706.8118378559861
 20
768.707609260424
 10
706.6692583987044
 20
768.507644099591
 10
706.5542341911456
 20
768.2818932922282
 10
706.4720740428893
 20
768.0374352511087
 10
706.4227779539355
 20
767.7742699762323
 10
706.4063459242842
 20
767.4923974675991
 10
706.4155731409345
 20
767.2638026551044
 10
706.4432547908855
 20
767.0431710569792
 10
706.4893908741371
 20
766.8305026732235
 10
706.5539813906894
 20
766.6257975038371
 10
706.6370263405423
 20
766.4290555488203
 10
706.7385257236958
 20
766.240276808173
 10
706.85847954015
 20
766.0594612818951
 10
706.9968877899049
 20
765.8866089699866
 10
707.1610816861895
 20
765.728292684308
 10
707.3583924422327
 20
765.59108523672
 10
707.5888200580347
 20
765.4749866272224
 10
707.8523645335953
 20
765.3799968558153
 10
708.1490258689146
 20
765.3061159224986
 10
708.4788040639926
 20
765.2533438272725
 10
708.8416991188293
 20
765.2216805701368
 10
709.2377110334247
 20
765.2111261510915
 10
713.9296875000005
 20
765.2111261510915
 10
713.9296875000005
 20
763.7549955235336
  0
LWPOLYLINE
  5
1E8
330
17
100
AcDbEntity
  8
line engraving
 62
1
420
16711680
100
AcDbPolyline
 90
13
 70
0
 10
713.9296875000005
 20
772.9771561647342
 10
702.0703125000005
 20
772.9771561647342
 10
702.0703125000005
 20
774.4332867922922
 10
708.8332303035476
 20
774.4332867922922
 10
705.3385167974084
 20
777.8794626108461
 10
705.3385167974084
 20
779.7643428120739
 10
708.5258249488409
 20
776.4799592854708
 10
713.9296875000005
 20
780.0960170105732
 10
713.9296875000005
 20
778.3001225699184
 10
709.5370267735339
 20
775.4606678461803
 10
710.5239597544343
 20
774.4332867922922
 10
713.9296875000005
 20
774.4332867922922
 10
713.9296875000005
 20
772.9771561647342
  0
LWPOLYLINE
  5
1E9
330
17
100
AcDbEntity
  8
line engraving
 62
1
420
16711680
100
AcDbPolyline
 90
48
 70
0
 10
713.9296875000005
 20
781.4388930337656
 10
702.0703125000005
 20
781.4388930337656
 10
702.0703125000005
 20
785.5241484055255
 10
702.0729669047903
 20
785.8597410110955
 10
702.0809301191597
 20
786.1748567797154
 10
702.0942021431089
 20
786.4694957113853
 10
702.1127829766376
 20
786.7436578061051
 10
702.1366726197459
 20
786.9973430638751
 10
702.1658710724339
 20
787.2305514846948
 10
702.2003783347016
 20
787.4432830685647
 10
702.2401944065489
 20
787.6355378154844
 10
702.3812570610936
 20
788.1264763013729
 10
702.5698462013988
 20
788.5800003197478
 10
702.8059618274647
 20
788.996109870609
 10
703.089603939291
 20
789.3748049539565
 10
703.2946883093616
 20
789.6020093639422
 10
703.5135503042936
 20
789.8144249472418
 10
703.746189924087
 20
790.0120517038553
 10
703.9926071687419
 20
790.1948896337826
 10
704.2528020382582
 20
790.3629387370237
 10
704.5267745326361
 20
790.5161990135788
 10
704.8145246518752
 20
790.6546704634477
 10
705.1160523959759
 20
790.7783530866304
 10
705.7548791487256
 20
790.9818574538499
 10
706.4376931808497
 20
791.1272177161495
 10
707.1644944923478
 20
791.2144338735293
 10
707.9352830832202
 20
791.2435059259892
 10
708.591553067446
 20
791.2237874904077
 10
709.2093973823333
 20
791.1646321836631
 10
709.7888160278825
 20
791.0660400057557
 10
710.3298090040932
 20
790.9280109566851
 10
710.8290899050354
 20
790.7591402519613
 10
711.2833723247788
 20
790.5680231070943
 10
711.6926562633233
 20
790.3546595220841
 10
712.056941720669
 20
790.1190494969306
 10
712.3805263045707
 20
789.8665018412136
 10
712.6677076227836
 20
789.6023253645125
 10
712.9184856753075
 20
789.3265200668275
 10
713.1328604621424
 20
789.0390859481585
 10
713.3171519946926
 20
788.7306693916271
 10
713.4776802843627
 20
788.3919167803549
 10
713.6144453311524
 20
788.022828114342
 10
713.7274471350619
 20
787.6234033935882
 10
713.8159272947225
 20
787.1933898176375
 10
713.8791274087658
 20
786.7325345860336
 10
713.9170474771918
 20
786.2408376987767
 10
713.9296875000005
 20
785.7182991558665
 10
713.9296875000005
 20
781.4388930337656
  0
LWPOLYLINE
  5
1EA
330
17
100
AcDbEntity
  8
line engraving
 62
1
420
16711680
100
AcDbPolyline
 90
44
 70
0
 10
712.5301841746253
 20
783.0082782656891
 10
712.5301841746253
 20
785.5403276347205
 10
712.516532949992
 20
786.0952246360208
 10
712.4755792760919
 20
786.5869215232779
 10
712.4073231529251
 20
787.0154182964915
 10
712.3117645804916
 20
787.3807149556618
 10
712.1914315633531
 20
787.697473927247
 10
712.0488521060714
 20
787.9803576377049
 10
711.8840262086464
 20
788.2293660870355
 10
711.6969538710782
 20
788.444499275239
 10
711.3938461241265
 20
788.7081701510276
 10
711.0427062905019
 20
788.9409993711632
 10
710.6435343702043
 20
789.1429869356457
 10
710.1963303632338
 20
789.3141328444749
 10
709.7000830677656
 20
789.4503922903523
 10
709.1537812819752
 20
789.547720465979
 10
708.5574250058625
 20
789.606117371355
 10
707.9110142394275
 20
789.6255830064804
 10
707.4593230243598
 20
789.6160397892598
 10
707.0345550578747
 20
789.5874101375982
 10
706.6367103399721
 20
789.5396940514955
 10
706.2657888706519
 20
789.4728915309518
 10
705.9217906499141
 20
789.3870025759669
 10
705.6047156777588
 20
789.2820271865409
 10
705.3145639541859
 20
789.1579653626738
 10
705.0513354791956
 20
789.0148171043658
 10
704.8118702470855
 20
788.8580176214243
 10
704.5930082521535
 20
788.6930021236573
 10
704.3947494943995
 20
788.5197706110645
 10
704.2170939738238
 20
788.3383230836462
 10
704.0600416904261
 20
788.1486595414021
 10
703.9235926442067
 20
787.9507799843326
 10
703.8077468351653
 20
787.7446844124373
 10
703.712504263302
 20
787.5303728257164
 10
703.655624160663
 20
787.360617319396
 10
703.6063280717092
 20
787.1668457697393
 10
703.5646159964406
 20
786.949058176746
 10
703.5304879348572
 20
786.7072545404163
 10
703.503943886959
 20
786.4414348607501
 10
703.4849838527459
 20
786.1515991377474
 10
703.4736078322181
 20
785.8377473714083
 10
703.4698158253756
 20
785.4998795617328
 10
703.4698158253756
 20
783.0082782656891
 10
712.5301841746253
 20
783.0082782656891
  0
LWPOLYLINE
  5
1EB
330
17
100
AcDbEntity
  8
cut
 62
5
420
255
100
AcDbPolyline
 90
4
 70
1
 10
744.0000000000005
 20
910.2000000000003
 10
744.0000000000005
 20
669.6000000000001
 42
0.9999999999999999
 10
804.0000000000005
 20
669.6000000000001
 10
804.0000000000005
 20
910.2000000000003
 42
0.9999999999999999
  0
CIRCLE
  5
1EC
330
17
100
AcDbEntity
  8
cut
 62
5
420
255
100
AcDbCircle
 10
774.0000000000005
 20
910.2000000000003
 30
0.0
 40
10.9
  0
CIRCLE
  5
1ED
330
17
100
AcDbEntity
  8
cut
 62
5
420
255
100
AcDbCircle
 10
774.0000000000005
 20
669.6000000000001
 30
0.0
 40
10.9
  0
LWPOLYLINE
  5
1EE
330
17
100
AcDbEntity
  8
line engraving
 62
1
420
16711680
100
AcDbPolyline
 90
7
 70
0
 10
779.9296875000005
 20
750.9814940740112
 10
768.0703125000005
 20
750.9814940740112
 10
768.0703125000005
 20
752.5508793059347
 10
778.5301841746253
 20
752.5508793059347
 10
778.5301841746253
 20
758.3915810453617
 10
779.9296875000005
 20
758.3915810453617
 10
779.9296875000005
 20
750.9814940740112
  0
LWPOLYLINE
  5
1EF
330
17
100
AcDbEntity
  8
line engraving
 62
1
420
16711680
100
AcDbPolyline
 90
5
 70
0
 10
769.7448627216921
 20
760.0823104962485
 10
768.0703125000005
 20
760.0823104962485
 10
768.0703125000005
 20
761.5384411238065
 10
769.7448627216921
 20
761.5384411238065
 10
769.7448627216921
 20
760.0823104962485
  0
LWPOLYLINE
  5
1F0
330
17
100
AcDbEntity
  8
line engraving
 62
1
420
16711680
100
AcDbPolyline
 90
5
 70
0
 10
779.9296875000005
 20
760.0823104962485
 10
771.3385167974084
 20
760.0823104962485
 10
771.3385167974084
 20
761.5384411238065
 10
779.9296875000005
 20
761.5384411238065
 10
779.9296875000005
 20
760.0823104962485
  0
LWPOLYLINE
  5
1F1
330
17
100
AcDbEntity
  8
line engraving
 62
1
420
16711680
100
AcDbPolyline
 90
61
 70
0
 10
779.9296875000005
 20
763.7549955235336
 10
771.3385167974084
 20
763.7549955235336
 10
771.3385167974084
 20
765.0655130883358
 10
772.5600486016376
 20
765.0655130883358
 10
772.2282480029102
 20
765.315279939035
 10
771.9406874840131
 20
765.5913380371762
 10
771.6973670449463
 20
765.8936873827594
 10
771.4982866857099
 20
766.2223279757847
 10
771.3434464063037
 20
766.5772598162519
 10
771.2328462067279
 20
766.9584829041612
 10
771.1664860869824
 20
767.3659972395125
 10
771.1443660470673
 20
767.7998028223058
 10
771.1618092785432
 20
768.1802675088466
 10
771.2141389729711
 20
768.5450585671045
 10
771.3013551303509
 20
768.8941759970799
 10
771.4234577506826
 20
769.2276197987724
 10
771.5738740221057
 20
769.5327499493735
 10
771.7460311327596
 20
769.7969264260746
 10
771.9399290826445
 20
770.0201492288755
 10
772.1555678717604
 20
770.2024183577764
 10
772.3926946996509
 20
770.352076227831
 10
772.65105676586
 20
770.477465254093
 10
772.9306540703875
 20
770.5785854365623
 10
773.2314866132338
 20
770.655436775239
 10
773.4716470465984
 20
770.6908288391032
 10
773.7876476168149
 20
770.7161088847206
 10
774.1794883238834
 20
770.731276912091
 10
774.647169167804
 20
770.7363329212144
 10
779.9296875000005
 20
770.7363329212144
 10
779.9296875000005
 20
769.2802022936564
 10
774.7037964699869
 20
769.2802022936564
 10
774.2869285177571
 20
769.2695846744972
 10
773.9261822667979
 20
769.2377318170193
 10
773.6215577171091
 20
769.184643721223
 10
773.3730548686908
 20
769.110320387108
 10
773.1637360909793
 20
769.0089474041825
 10
772.9766637534111
 20
768.8747103619545
 10
772.8118378559861
 20
768.707609260424
 10
772.6692583987044
 20
768.507644099591
 10
772.5542341911456
 20
768.2818932922282
 10
772.4720740428893
 20
768.0374352511087
 10
772.4227779539355
 20
767.7742699762323
 10
772.4063459242842
 20
767.4923974675991
 10
772.4155731409345
 20
767.2638026551044
 10
772.4432547908855
 20
767.0431710569792
 10
772.4893908741371
 20
766.8305026732235
 10
772.5539813906894
 20
766.6257975038371
 10
772.6370263405423
 20
766.4290555488203
 10
772.7385257236958
 20
766.240276808173
 10
772.85847954015
 20
766.0594612818951
 10
772.9968877899049
 20
765.8866089699866
 10
773.1610816861895
 20
765.728292684308
 10
773.3583924422327
 20
765.59108523672
 10
773.5888200580347
 20
765.4749866272224
 10
773.8523645335953
 20
765.3799968558153
 10
774.1490258689146
 20
765.3061159224986
 10
774.4788040639926
 20
765.2533438272725
 10
774.8416991188293
 20
765.2216805701368
 10
775.2377110334247
 20
765.2111261510915
 10
779.9296875000005
 20
765.2111261510915
 10
779.9296875000005
 20
763.7549955235336
  0
LWPOLYLINE
  5
1F2
330
17
100
AcDbEntity
  8
line engraving
 62
1
420
16711680
100
AcDbPolyline
 90
13
 70
0
 10
779.9296875000005
 20
772.9771561647342
 10
768.0703125000005
 20
772.9771561647342
 10
768.0703125000005
 20
774.4332867922922
 10
774.8332303035476
 20
774.4332867922922
 10
771.3385167974084
 20
777.8794626108461
 10
771.3385167974084
 20
779.7643428120739
 10
774.5258249488409
 20
776.4799592854708
 10
779.9296875000005
 20
780.0960170105732
 10
779.9296875000005
 20
778.3001225699184
 10
775.5370267735339
 20
775.4606678461803
 10
776.5239597544343
 20
774.4332867922922
 10
779.9296875000005
 20
774.4332867922922
 10
779.9296875000005
 20
772.9771561647342
  0
LWPOLYLINE
  5
1F3
330
17
100
AcDbEntity
  8
line engraving
 62
1
420
16711680
100
AcDbPolyline
 90
48
 70
0
 10
779.9296875000005
 20
781.4388930337656
 10
768.0703125000005
 20
781.4388930337656
 10
768.0703125000005
 20
785.5241484055255
 10
768.0729669047903
 20
785.8597410110955
 10
768.0809301191597
 20
786.1748567797154
 10
768.0942021431089
 20
786.4694957113853
 10
768.1127829766376
 20
786.7436578061051
 10
768.1366726197459
 20
786.9973430638751
 10
768.1658710724339
 20
787.2305514846948
 10
768.2003783347016
 20
787.4432830685647
 10
768.2401944065489
 20
787.6355378154844
 10
768.3812570610936
 20
788.1264763013729
 10
768.5698462013988
 20
788.5800003197478
 10
768.8059618274647
 20
788.996109870609
 10
769.089603939291
 20
789.3748049539565
 10
769.2946883093616
 20
789.6020093639422
 10
769.5135503042936
 20
789.8144249472418
 10
769.746189924087
 20
790.0120517038553
 10
769.9926071687419
 20
790.1948896337826
 10
770.2528020382582
 20
790.3629387370237
 10
770.5267745326361
 20
790.5161990135788
 10
770.8145246518752
 20
790.6546704634477
 10
771.1160523959759
 20
790.7783530866304
 10
771.7548791487256
 20
790.9818574538499
 10
772.4376931808497
 20
791.1272177161495
 10
773.1644944923478
 20
791.2144338735293
 10
773.9352830832202
 20
791.2435059259892
 10
774.591553067446
 20
791.2237874904077
 10
775.2093973823333
 20
791.1646321836631
 10
775.7888160278825
 20
791.0660400057557
 10
776.3298090040932
 20
790.9280109566851
 10
776.8290899050354
 20
790.7591402519613
 10
777.2833723247788
 20
790.5680231070943
 10
777.6926562633233
 20
790.3546595220841
 10
778.056941720669
 20
790.1190494969306
 10
778.3805263045707
 20
789.8665018412136
 10
778.6677076227836
 20
789.6023253645125
 10
778.9184856753075
 20
789.3265200668275
 10
779.1328604621424
 20
789.0390859481585
 10
779.3171519946926
 20
788.7306693916271
 10
779.4776802843627
 20
788.3919167803549
 10
779.6144453311524
 20
788.022828114342
 10
779.7274471350619
 20
787.6234033935882
 10
779.8159272947225
 20
787.1933898176375
 10
779.8791274087658
 20
786.7325345860336
 10
779.9170474771918
 20
786.2408376987767
 10
779.9296875000005
 20
785.7182991558665
 10
779.9296875000005
 20
781.4388930337656
  0
LWPOLYLINE
  5
1F4
330
17
100
AcDbEntity
  8
line engraving
 62
1
420
16711680
100
AcDbPolyline
 90
44
 70
0
 10
778.5301841746253
 20
783.0082782656891
 10
778.5301841746253
 20
785.5403276347205
 10
778.516532949992
 20
786.0952246360208
 10
778.4755792760919
 20
786.5869215232779
 10
778.4073231529251
 20
787.0154182964915
 10
778.3117645804916
 20
787.3807149556618
 10
778.1914315633531
 20
787.697473927247
 10
778.0488521060714
 20
787.9803576377049
 10
777.8840262086464
 20
788.2293660870355
 10
777.6969538710782
 20
788.444499275239
 10
777.3938461241265
 20
788.7081701510276
 10
777.0427062905019
 20
788.9409993711632
 10
776.6435343702043
 20
789.1429869356457
 10
776.1963303632338
 20
789.3141328444749
 10
775.7000830677656
 20
789.4503922903523
 10
775.1537812819752
 20
789.547720465979
 10
774.5574250058625
 20
789.606117371355
 10
773.9110142394275
 20
789.6255830064804
 10
773.4593230243598
 20
789.6160397892598
 10
773.0345550578747
 20
789.5874101375982
 10
772.6367103399721
 20
789.5396940514955
 10
772.2657888706519
 20
789.4728915309518
 10
771.9217906499141
 20
789.3870025759669
 10
771.6047156777588
 20
789.2820271865409
 10
771.3145639541859
 20
789.1579653626738
 10
771.0513354791956
 20
789.0148171043658
 10
770.8118702470855
 20
788.8580176214243
 10
770.5930082521535
 20
788.6930021236573
 10
770.3947494943995
 20
788.5197706110645
 10
770.2170939738238
 20
788.3383230836462
 10
770.0600416904261
 20
788.1486595414021
 10
769.9235926442067
 20
787.9507799843326
 10
769.8077468351653
 20
787.7446844124373
 10
769.712504263302
 20
787.5303728257164
 10
769.655624160663
 20
787.360617319396
 10
769.6063280717092
 20
787.1668457697393
 10
769.5646159964406
 20
786.949058176746
 10
769.5304879348572
 20
786.7072545404163
 10
769.503943886959
 20
786.4414348607501
 10
769.4849838527459
 20
786.1515991377474
 10
769.4736078322181
 20
785.8377473714083
 10
769.4698158253756
 20
785.4998795617328
 10
769.4698158253756
 20
783.0082782656891
 10
778.5301841746253
 20
783.0082782656891
  0
LWPOLYLINE
  5
1F5
330
17
100
AcDbEntity
  8
cut
 62
5
420
255
100
AcDbPolyline
 90
4
 70
1
 10
810.0000000000005
 20
910.2000000000003
 10
810.0000000000005
 20
669.6000000000001
 42
0.9999999999999999
 10
870.0000000000005
 20
669.6000000000001
 10
870.0000000000005
 20
910.2000000000003
 42
0.9999999999999999
  0
CIRCLE
  5
1F6
330
17
100
AcDbEntity
  8
cut
 62
5
420
255
100
AcDbCircle
 10
840.0000000000005
 20
910.2000000000003
 30
0.0
 40
10.9
  0
CIRCLE
  5
1F7
330
17
100
AcDbEntity
  8
cut
 62
5
420
255
100
AcDbCircle
 10
840.0000000000005
 20
669.6000000000001
 30
0.0
 40
10.9
  0
LWPOLYLINE
  5
1F8
330
17
100
AcDbEntity
  8
line engraving
 62
1
420
16711680
100
AcDbPolyline
 90
7
 70
0
 10
845.9296875000005
 20
750.9814940740112
 10
834.0703125000005
 20
750.9814940740112
 10
834.0703125000005
 20
752.5508793059347
 10
844.5301841746253
 20
752.5508793059347
 10
844.5301841746253
 20
758.3915810453617
 10
845.9296875000005
 20
758.3915810453617
 10
845.9296875000005
 20
750.9814940740112
  0
LWPOLYLINE
  5
1F9
330
17
100
AcDbEntity
  8
line engraving
 62
1
420
16711680
100
AcDbPolyline
 90
5
 70
0
 10
835.7448627216921
 20
760.0823104962485
 10
834.0703125000005
 20
760.0823104962485
 10
834.0703125000005
 20
761.5384411238065
 10
835.7448627216921
 20
761.5384411238065
 10
835.7448627216921
 20
760.0823104962485
  0
LWPOLYLINE
  5
1FA
330
17
100
AcDbEntity
  8
line engraving
 62
1
420
16711680
100
AcDbPolyline
 90
5
 70
0
 10
845.9296875000005
 20
760.0823104962485
 10
837.3385167974084
 20
760.0823104962485
 10
837.3385167974084
 20
761.5384411238065
 10
845.9296875000005
 20
761.5384411238065
 10
845.9296875000005
 20
760.0823104962485
  0
LWPOLYLINE
  5
1FB
330
17
100
AcDbEntity
  8
line engraving
 62
1
420
16711680
100
AcDbPolyline
 90
61
 70
0
 10
845.9296875000005
 20
763.7549955235336
 10
837.3385167974084
 20
763.7549955235336
 10
837.3385167974084
 20
765.0655130883358
 10
838.5600486016376
 20
765.0655130883358
 10
838.2282480029102
 20
765.315279939035
 10
837.9406874840131
 20
765.5913380371762
 10
837.6973670449463
 20
765.8936873827594
 10
837.4982866857099
 20
766.2223279757847
 10
837.3434464063037
 20
766.5772598162519
 10
837.2328462067279
 20
766.9584829041612
 10
837.1664860869824
 20
767.3659972395125
 10
837.1443660470673
 20
767.7998028223058
 10
837.1618092785432
 20
768.1802675088466
 10
837.2141389729711
 20
768.5450585671045
 10
837.3013551303509
 20
768.8941759970799
 10
837.4234577506826
 20
769.2276197987724
 10
837.5738740221057
 20
769.5327499493735
 10
837.7460311327596
 20
769.7969264260746
 10
837.9399290826445
 20
770.0201492288755
 10
838.1555678717604
 20
770.2024183577764
 10
838.3926946996509
 20
770.352076227831
 10
838.65105676586
 20
770.477465254093
 10
838.9306540703875
 20
770.5785854365623
 10
839.2314866132338
 20
770.655436775239
 10
839.4716470465984
 20
770.6908288391032
 10
839.7876476168149
 20
770.7161088847206
 10
840.1794883238834
 20
770.731276912091
 10
840.647169167804
 20
770.7363329212144
 10
845.9296875000005
 20
770.7363329212144
 10
845.9296875000005
 20
769.2802022936564
 10
840.7037964699869
 20
769.2802022936564
 10
840.2869285177571
 20
769.2695846744972
 10
839.9261822667979
 20
769.2377318170193
 10
839.6215577171091
 20
769.184643721223
 10
839.3730548686908
 20
769.110320387108
 10
839.1637360909793
 20
769.0089474041825
 10
838.9766637534111
 20
768.8747103619545
 10
838.8118378559861
 20
768.707609260424
 10
838.6692583987044
 20
768.507644099591
 10
838.5542341911456
 20
768.2818932922282
 10
838.4720740428893
 20
768.0374352511087
 10
838.4227779539355
 20
767.7742699762323
 10
838.4063459242842
 20
767.4923974675991
 10
838.4155731409345
 20
767.2638026551044
 10
838.4432547908855
 20
767.0431710569792
 10
838.4893908741371
 20
766.8305026732235
 10
838.5539813906894
 20
766.6257975038371
 10
838.6370263405423
 20
766.4290555488203
 10
838.7385257236958
 20
766.240276808173
 10
838.85847954015
 20
766.0594612818951
 10
838.9968877899049
 20
765.8866089699866
 10
839.1610816861895
 20
765.728292684308
 10
839.3583924422327
 20
765.59108523672
 10
839.5888200580347
 20
765.4749866272224
 10
839.8523645335953
 20
765.3799968558153
 10
840.1490258689146
 20
765.3061159224986
 10
840.4788040639926
 20
765.2533438272725
 10
840.8416991188293
 20
765.2216805701368
 10
841.2377110334247
 20
765.2111261510915
 10
845.9296875000005
 20
765.2111261510915
 10
845.9296875000005
 20
763.7549955235336
  0
LWPOLYLINE
  5
1FC
330
17
100
AcDbEntity
  8
line engraving
 62
1
420
16711680
100
AcDbPolyline
 90
13
 70
0
 10
845.9296875000005
 20
772.9771561647342
 10
834.0703125000005
 20
772.9771561647342
 10
834.0703125000005
 20
774.4332867922922
 10
840.8332303035476
 20
774.4332867922922
 10
837.3385167974084
 20
777.8794626108461
 10
837.3385167974084
 20
779.7643428120739
 10
840.5258249488409
 20
776.4799592854708
 10
845.9296875000005
 20
780.0960170105732
 10
845.9296875000005
 20
778.3001225699184
 10
841.5370267735339
 20
775.4606678461803
 10
842.5239597544343
 20
774.4332867922922
 10
845.9296875000005
 20
774.4332867922922
 10
845.9296875000005
 20
772.9771561647342
  0
LWPOLYLINE
  5
1FD
330
17
100
AcDbEntity
  8
line engraving
 62
1
420
16711680
100
AcDbPolyline
 90
48
 70
0
 10
845.9296875000005
 20
781.4388930337656
 10
834.0703125000005
 20
781.4388930337656
 10
834.0703125000005
 20
785.5241484055255
 10
834.0729669047903
 20
785.8597410110955
 10
834.0809301191597
 20
786.1748567797154
 10
834.0942021431089
 20
786.4694957113853
 10
834.1127829766376
 20
786.7436578061051
 10
834.1366726197459
 20
786.9973430638751
 10
834.1658710724339
 20
787.2305514846948
 10
834.2003783347016
 20
787.4432830685647
 10
834.2401944065489
 20
787.6355378154844
 10
834.3812570610936
 20
788.1264763013729
 10
834.5698462013988
 20
788.5800003197478
 10
834.8059618274647
 20
788.996109870609
 10
835.089603939291
 20
789.3748049539565
 10
835.2946883093616
 20
789.6020093639422
 10
835.5135503042936
 20
789.8144249472418
 10
835.746189924087
 20
790.0120517038553
 10
835.9926071687419
 20
790.1948896337826
 10
836.2528020382582
 20
790.3629387370237
 10
836.5267745326361
 20
790.5161990135788
 10
836.8145246518752
 20
790.6546704634477
 10
837.1160523959759
 20
790.7783530866304
 10
837.7548791487256
 20
790.9818574538499
 10
838.4376931808497
 20
791.1272177161495
 10
839.1644944923478
 20
791.2144338735293
 10
839.9352830832202
 20
791.2435059259892
 10
840.591553067446
 20
791.2237874904077
 10
841.2093973823333
 20
791.1646321836631
 10
841.7888160278825
 20
791.0660400057557
 10
842.3298090040932
 20
790.9280109566851
 10
842.8290899050354
 20
790.7591402519613
 10
843.2833723247788
 20
790.5680231070943
 10
843.6926562633233
 20
790.3546595220841
 10
844.056941720669
 20
790.1190494969306
 10
844.3805263045707
 20
789.8665018412136
 10
844.6677076227836
 20
789.6023253645125
 10
844.9184856753075
 20
789.3265200668275
 10
845.1328604621424
 20
789.0390859481585
 10
845.3171519946926
 20
788.7306693916271
 10
845.4776802843627
 20
788.3919167803549
 10
845.6144453311524
 20
788.022828114342
 10
845.7274471350619
 20
787.6234033935882
 10
845.8159272947225
 20
787.1933898176375
 10
845.8791274087658
 20
786.7325345860336
 10
845.9170474771918
 20
786.2408376987767
 10
845.9296875000005
 20
785.7182991558665
 10
845.9296875000005
 20
781.4388930337656
  0
LWPOLYLINE
  5
1FE
330
17
100
AcDbEntity
  8
line engraving
 62
1
420
16711680
100
AcDbPolyline
 90
44
 70
0
 10
844.5301841746253
 20
783.0082782656891
 10
844.5301841746253
 20
785.5403276347205
 10
844.516532949992
 20
786.0952246360208
 10
844.4755792760919
 20
786.5869215232779
 10
844.4073231529251
 20
787.0154182964915
 10
844.3117645804916
 20
787.3807149556618
 10
844.1914315633531
 20
787.697473927247
 10
844.0488521060714
 20
787.9803576377049
 10
843.8840262086464
 20
788.2293660870355
 10
843.6969538710782
 20
788.444499275239
 10
843.3938461241265
 20
788.7081701510276
 10
843.0427062905019
 20
788.9409993711632
 10
842.6435343702043
 20
789.1429869356457
 10
842.1963303632338
 20
789.3141328444749
 10
841.7000830677656
 20
789.4503922903523
 10
841.1537812819752
 20
789.547720465979
 10
840.5574250058625
 20
789.606117371355
 10
839.9110142394275
 20
789.6255830064804
 10
839.4593230243598
 20
789.6160397892598
 10
839.0345550578747
 20
789.5874101375982
 10
838.6367103399721
 20
789.5396940514955
 10
838.2657888706519
 20
789.4728915309518
 10
837.9217906499141
 20
789.3870025759669
 10
837.6047156777588
 20
789.2820271865409
 10
837.3145639541859
 20
789.1579653626738
 10
837.0513354791956
 20
789.0148171043658
 10
836.8118702470855
 20
788.8580176214243
 10
836.5930082521535
 20
788.6930021236573
 10
836.3947494943995
 20
788.5197706110645
 10
836.2170939738238
 20
788.3383230836462
 10
836.0600416904261
 20
788.1486595414021
 10
835.9235926442067
 20
787.9507799843326
 10
835.8077468351653
 20
787.7446844124373
 10
835.712504263302
 20
787.5303728257164
 10
835.655624160663
 20
787.360617319396
 10
835.6063280717092
 20
787.1668457697393
 10
835.5646159964406
 20
786.949058176746
 10
835.5304879348572
 20
786.7072545404163
 10
835.503943886959
 20
786.4414348607501
 10
835.4849838527459
 20
786.1515991377474
 10
835.4736078322181
 20
785.8377473714083
 10
835.4698158253756
 20
785.4998795617328
 10
835.4698158253756
 20
783.0082782656891
 10
844.5301841746253
 20
783.0082782656891
  0
LWPOLYLINE
  5
1FF
330
17
100
AcDbEntity
  8
cut
 62
5
420
255
100
AcDbPolyline
 90
4
 70
1
 10
876.0000000000005
 20
910.2000000000003
 10
876.0000000000005
 20
669.6000000000001
 42
0.9999999999999999
 10
936.0000000000005
 20
669.6000000000001
 10
936.0000000000005
 20
910.2000000000003
 42
0.9999999999999999
  0
CIRCLE
  5
200
330
17
100
AcDbEntity
  8
cut
 62
5
420
255
100
AcDbCircle
 10
906.0000000000005
 20
910.2000000000003
 30
0.0
 40
10.9
  0
CIRCLE
  5
201
330
17
100
AcDbEntity
  8
cut
 62
5
420
255
100
AcDbCircle
 10
906.0000000000005
 20
669.6000000000001
 30
0.0
 40
10.9
  0
LWPOLYLINE
  5
202
330
17
100
AcDbEntity
  8
line engraving
 62
1
420
16711680
100
AcDbPolyline
 90
7
 70
0
 10
911.9296875000005
 20
750.9814940740112
 10
900.0703125000005
 20
750.9814940740112
 10
900.0703125000005
 20
752.5508793059347
 10
910.5301841746253
 20
752.5508793059347
 10
910.5301841746253
 20
758.3915810453617
 10
911.9296875000005
 20
758.3915810453617
 10
911.9296875000005
 20
750.9814940740112
  0
LWPOLYLINE
  5
203
330
17
100
AcDbEntity
  8
line engraving
 62
1
420
16711680
100
AcDbPolyline
 90
5
 70
0
 10
901.7448627216921
 20
760.0823104962485
 10
900.0703125000005
 20
760.0823104962485
 10
900.0703125000005
 20
761.5384411238065
 10
901.7448627216921
 20
761.5384411238065
 10
901.7448627216921
 20
760.0823104962485
  0
LWPOLYLINE
  5
204
330
17
100
AcDbEntity
  8
line engraving
 62
1
420
16711680
100
AcDbPolyline
 90
5
 70
0
 10
911.9296875000005
 20
760.0823104962485
 10
903.3385167974084
 20
760.0823104962485
 10
903.3385167974084
 20
761.5384411238065
 10
911.9296875000005
 20
761.5384411238065
 10
911.9296875000005
 20
760.0823104962485
  0
LWPOLYLINE
  5
205
330
17
100
AcDbEntity
  8
line engraving
 62
1
420
16711680
100
AcDbPolyline
 90
61
 70
0
 10
911.9296875000005
 20
763.7549955235336
 10
903.3385167974084
 20
763.7549955235336
 10
903.3385167974084
 20
765.0655130883358
 10
904.5600486016376
 20
765.0655130883358
 10
904.2282480029102
 20
765.315279939035
 10
903.9406874840131
 20
765.5913380371762
 10
903.6973670449463
 20
765.8936873827594
 10
903.4982866857099
 20
766.2223279757847
 10
903.3434464063037
 20
766.5772598162519
 10
903.2328462067279
 20
766.9584829041612
 10
903.1664860869824
 20
767.3659972395125
 10
903.1443660470673
 20
767.7998028223058
 10
903.1618092785432
 20
768.1802675088466
 10
903.2141389729711
 20
768.5450585671045
 10
903.3013551303509
 20
768.8941759970799
 10
903.4234577506826
 20
769.2276197987724
 10
903.5738740221057
 20
769.5327499493735
 10
903.7460311327596
 20
769.7969264260746
 10
903.9399290826445
 20
770.0201492288755
 10
904.1555678717604
 20
770.2024183577764
 10
904.3926946996509
 20
770.352076227831
 10
904.65105676586
 20
770.477465254093
 10
904.9306540703875
 20
770.5785854365623
 10
905.2314866132338
 20
770.655436775239
 10
905.4716470465984
 20
770.6908288391032
 10
905.7876476168149
 20
770.7161088847206
 10
906.1794883238834
 20
770.731276912091
 10
906.647169167804
 20
770.7363329212144
 10
911.9296875000005
 20
770.7363329212144
 10
911.9296875000005
 20
769.2802022936564
 10
906.7037964699869
 20
769.2802022936564
 10
906.2869285177571
 20
769.2695846744972
 10
905.9261822667979
 20
769.2377318170193
 10
905.6215577171091
 20
769.184643721223
 10
905.3730548686908
 20
769.110320387108
 10
905.1637360909793
 20
769.0089474041825
 10
904.9766637534111
 20
768.8747103619545
 10
904.8118378559861
 20
768.707609260424
 10
904.6692583987044
 20
768.507644099591
 10
904.5542341911456
 20
768.2818932922282
 10
904.4720740428893
 20
768.0374352511087
 10
904.4227779539355
 20
767.7742699762323
 10
904.4063459242842
 20
767.4923974675991
 10
904.4155731409345
 20
767.2638026551044
 10
904.4432547908855
 20
767.0431710569792
 10
904.4893908741371
 20
766.8305026732235
 10
904.5539813906894
 20
766.6257975038371
 10
904.6370263405423
 20
766.4290555488203
 10
904.7385257236958
 20
766.240276808173
 10
904.85847954015
 20
766.0594612818951
 10
904.9968877899049
 20
765.8866089699866
 10
905.1610816861895
 20
765.728292684308
 10
905.3583924422327
 20
765.59108523672
 10
905.5888200580347
 20
765.4749866272224
 10
905.8523645335953
 20
765.3799968558153
 10
906.1490258689146
 20
765.3061159224986
 10
906.4788040639926
 20
765.2533438272725
 10
906.8416991188293
 20
765.2216805701368
 10
907.2377110334247
 20
765.2111261510915
 10
911.9296875000005
 20
765.2111261510915
 10
911.9296875000005
 20
763.7549955235336
  0
LWPOLYLINE
  5
206
330
17
100
AcDbEntity
  8
line engraving
 62
1
420
16711680
100
AcDbPolyline
 90
13
 70
0
 10
911.9296875000005
 20
772.9771561647342
 10
900.0703125000005
 20
772.9771561647342
 10
900.0703125000005
 20
774.4332867922922
 10
906.8332303035476
 20
774.4332867922922
 10
903.3385167974084
 20
777.8794626108461
 10
903.3385167974084
 20
779.7643428120739
 10
906.5258249488409
 20
776.4799592854708
 10
911.9296875000005
 20
780.0960170105732
 10
911.9296875000005
 20
778.3001225699184
 10
907.5370267735339
 20
775.4606678461803
 10
908.5239597544343
 20
774.4332867922922
 10
911.9296875000005
 20
774.4332867922922
 10
911.9296875000005
 20
772.9771561647342
  0
LWPOLYLINE
  5
207
330
17
100
AcDbEntity
  8
line engraving
 62
1
420
16711680
100
AcDbPolyline
 90
48
 70
0
 10
911.9296875000005
 20
781.4388930337656
 10
900.0703125000005
 20
781.4388930337656
 10
900.0703125000005
 20
785.5241484055255
 10
900.0729669047903
 20
785.8597410110955
 10
900.0809301191597
 20
786.1748567797154
 10
900.0942021431089
 20
786.4694957113853
 10
900.1127829766376
 20
786.7436578061051
 10
900.1366726197459
 20
786.9973430638751
 10
900.1658710724339
 20
787.2305514846948
 10
900.2003783347016
 20
787.4432830685647
 10
900.2401944065489
 20
787.6355378154844
 10
900.3812570610936
 20
788.1264763013729
 10
900.5698462013988
 20
788.5800003197478
 10
900.8059618274647
 20
788.996109870609
 10
901.089603939291
 20
789.3748049539565
 10
901.2946883093616
 20
789.6020093639422
 10
901.5135503042936
 20
789.8144249472418
 10
901.746189924087
 20
790.0120517038553
 10
901.9926071687419
 20
790.1948896337826
 10
902.2528020382582
 20
790.3629387370237
 10
902.5267745326361
 20
790.5161990135788
 10
902.8145246518752
 20
790.6546704634477
 10
903.1160523959759
 20
790.7783530866304
 10
903.7548791487256
 20
790.9818574538499
 10
904.4376931808497
 20
791.1272177161495
 10
905.1644944923478
 20
791.2144338735293
 10
905.9352830832202
 20
791.2435059259892
 10
906.591553067446
 20
791.2237874904077
 10
907.2093973823333
 20
791.1646321836631
 10
907.7888160278825
 20
791.0660400057557
 10
908.3298090040932
 20
790.9280109566851
 10
908.8290899050354
 20
790.7591402519613
 10
909.2833723247788
 20
790.5680231070943
 10
909.6926562633233
 20
790.3546595220841
 10
910.056941720669
 20
790.1190494969306
 10
910.3805263045707
 20
789.8665018412136
 10
910.6677076227836
 20
789.6023253645125
 10
910.9184856753075
 20
789.3265200668275
 10
911.1328604621424
 20
789.0390859481585
 10
911.3171519946926
 20
788.7306693916271
 10
911.4776802843627
 20
788.3919167803549
 10
911.6144453311524
 20
788.022828114342
 10
911.7274471350619
 20
787.6234033935882
 10
911.8159272947225
 20
787.1933898176375
 10
911.8791274087658
 20
786.7325345860336
 10
911.9170474771918
 20
786.2408376987767
 10
911.9296875000005
 20
785.7182991558665
 10
911.9296875000005
 20
781.4388930337656
  0
LWPOLYLINE
  5
208
330
17
100
AcDbEntity
  8
line engraving
 62
1
420
16711680
100
AcDbPolyline
 90
44
 70
0
 10
910.5301841746253
 20
783.0082782656891
 10
910.5301841746253
 20
785.5403276347205
 10
910.516532949992
 20
786.0952246360208
 10
910.4755792760919
 20
786.5869215232779
 10
910.4073231529251
 20
787.0154182964915
 10
910.3117645804916
 20
787.3807149556618
 10
910.1914315633531
 20
787.697473927247
 10
910.0488521060714
 20
787.9803576377049
 10
909.8840262086464
 20
788.2293660870355
 10
909.6969538710782
 20
788.444499275239
 10
909.3938461241265
 20
788.7081701510276
 10
909.0427062905019
 20
788.9409993711632
 10
908.6435343702043
 20
789.1429869356457
 10
908.1963303632338
 20
789.3141328444749
 10
907.7000830677656
 20
789.4503922903523
 10
907.1537812819752
 20
789.547720465979
 10
906.5574250058625
 20
789.606117371355
 10
905.9110142394275
 20
789.6255830064804
 10
905.4593230243598
 20
789.6160397892598
 10
905.0345550578747
 20
789.5874101375982
 10
904.6367103399721
 20
789.5396940514955
 10
904.2657888706519
 20
789.4728915309518
 10
903.9217906499141
 20
789.3870025759669
 10
903.6047156777588
 20
789.2820271865409
 10
903.3145639541859
 20
789.1579653626738
 10
903.0513354791956
 20
789.0148171043658
 10
902.8118702470855
 20
788.8580176214243
 10
902.5930082521535
 20
788.6930021236573
 10
902.3947494943995
 20
788.5197706110645
 10
902.2170939738238
 20
788.3383230836462
 10
902.0600416904261
 20
788.1486595414021
 10
901.9235926442067
 20
787.9507799843326
 10
901.8077468351653
 20
787.7446844124373
 10
901.712504263302
 20
787.5303728257164
 10
901.655624160663
 20
787.360617319396
 10
901.6063280717092
 20
787.1668457697393
 10
901.5646159964406
 20
786.949058176746
 10
901.5304879348572
 20
786.7072545404163
 10
901.503943886959
 20
786.4414348607501
 10
901.4849838527459
 20
786.1515991377474
 10
901.4736078322181
 20
785.8377473714083
 10
901.4698158253756
 20
785.4998795617328
 10
901.4698158253756
 20
783.0082782656891
 10
910.5301841746253
 20
783.0082782656891
  0
LWPOLYLINE
  5
209
330
17
100
AcDbEntity
  8
cut
 62
5
420
255
100
AcDbPolyline
 90
4
 70
1
 10
942.0000000000005
 20
910.2000000000003
 10
942.0000000000005
 20
669.6000000000001
 42
0.9999999999999999
 10
1002.0000000000005
 20
669.6000000000001
 10
1002.0000000000005
 20
910.2000000000003
 42
0.9999999999999999
  0
CIRCLE
  5
20A
330
17
100
AcDbEntity
  8
cut
 62
5
420
255
100
AcDbCircle
 10
972.0000000000005
 20
910.2000000000003
 30
0.0
 40
10.9
  0
CIRCLE
  5
20B
330
17
100
AcDbEntity
  8
cut
 62
5
420
255
100
AcDbCircle
 10
972.0000000000005
 20
669.6000000000001
 30
0.0
 40
10.9
  0
LWPOLYLINE
  5
20C
330
17
100
AcDbEntity
  8
line engraving
 62
1
420
16711680
100
AcDbPolyline
 90
7
 70
0
 10
977.9296875000005
 20
750.9814940740112
 10
966.0703125000005
 20
750.9814940740112
 10
966.0703125000005
 20
752.5508793059347
 10
976.5301841746253
 20
752.5508793059347
 10
976.5301841746253
 20
758.3915810453617
 10
977.9296875000005
 20
758.3915810453617
 10
977.9296875000005
 20
750.9814940740112
  0
LWPOLYLINE
  5
20D
330
17
100
AcDbEntity
  8
line engraving
 62
1
420
16711680
100
AcDbPolyline
 90
5
 70
0
 10
967.7448627216921
 20
760.0823104962485
 10
966.0703125000005
 20
760.0823104962485
 10
966.0703125000005
 20
761.5384411238065
 10
967.7448627216921
 20
761.5384411238065
 10
967.7448627216921
 20
760.0823104962485
  0
LWPOLYLINE
  5
20E
330
17
100
AcDbEntity
  8
line engraving
 62
1
420
16711680
100
AcDbPolyline
 90
5
 70
0
 10
977.9296875000005
 20
760.0823104962485
 10
969.3385167974084
 20
760.0823104962485
 10
969.3385167974084
 20
761.5384411238065
 10
977.9296875000005
 20
761.5384411238065
 10
977.9296875000005
 20
760.0823104962485
  0
LWPOLYLINE
  5
20F
330
17
100
AcDbEntity
  8
line engraving
 62
1
420
16711680
100
AcDbPolyline
 90
61
 70
0
 10
977.9296875000005
 20
763.7549955235336
 10
969.3385167974084
 20
763.7549955235336
 10
969.3385167974084
 20
765.0655130883358
 10
970.5600486016376
 20
765.0655130883358
 10
970.2282480029102
 20
765.315279939035
 10
969.9406874840131
 20
765.5913380371762
 10
969.6973670449463
 20
765.8936873827594
 10
969.4982866857099
 20
766.2223279757847
 10
969.3434464063037
 20
766.5772598162519
 10
969.2328462067279
 20
766.9584829041612
 10
969.1664860869824
 20
767.3659972395125
 10
969.1443660470673
 20
767.7998028223058
 10
969.1618092785432
 20
768.1802675088466
 10
969.2141389729711
 20
768.5450585671045
 10
969.3013551303509
 20
768.8941759970799
 10
969.4234577506826
 20
769.2276197987724
 10
969.5738740221057
 20
769.5327499493735
 10
969.7460311327596
 20
769.7969264260746
 10
969.9399290826445
 20
770.0201492288755
 10
970.1555678717604
 20
770.2024183577764
 10
970.3926946996509
 20
770.352076227831
 10
970.65105676586
 20
770.477465254093
 10
970.9306540703875
 20
770.5785854365623
 10
971.2314866132338
 20
770.655436775239
 10
971.4716470465984
 20
770.6908288391032
 10
971.7876476168149
 20
770.7161088847206
 10
972.1794883238834
 20
770.731276912091
 10
972.647169167804
 20
770.7363329212144
 10
977.9296875000005
 20
770.7363329212144
 10
977.9296875000005
 20
769.2802022936564
 10
972.7037964699869
 20
769.2802022936564
 10
972.2869285177571
 20
769.2695846744972
 10
971.9261822667979
 20
769.2377318170193
 10
971.6215577171091
 20
769.184643721223
 10
971.3730548686908
 20
769.110320387108
 10
971.1637360909793
 20
769.0089474041825
 10
970.9766637534111
 20
768.8747103619545
 10
970.8118378559861
 20
768.707609260424
 10
970.6692583987044
 20
768.507644099591
 10
970.5542341911456
 20
768.2818932922282
 10
970.4720740428893
 20
768.0374352511087
 10
970.4227779539355
 20
767.7742699762323
 10
970.4063459242842
 20
767.4923974675991
 10
970.4155731409345
 20
767.2638026551044
 10
970.4432547908855
 20
767.0431710569792
 10
970.4893908741371
 20
766.8305026732235
 10
970.5539813906894
 20
766.6257975038371
 10
970.6370263405423
 20
766.4290555488203
 10
970.7385257236958
 20
766.240276808173
 10
970.85847954015
 20
766.0594612818951
 10
970.9968877899049
 20
765.8866089699866
 10
971.1610816861895
 20
765.728292684308
 10
971.3583924422327
 20
765.59108523672
 10
971.5888200580347
 20
765.4749866272224
 10
971.8523645335953
 20
765.3799968558153
 10
972.1490258689146
 20
765.3061159224986
 10
972.4788040639926
 20
765.2533438272725
 10
972.8416991188293
 20
765.2216805701368
 10
973.2377110334247
 20
765.2111261510915
 10
977.9296875000005
 20
765.2111261510915
 10
977.9296875000005
 20
763.7549955235336
  0
LWPOLYLINE
  5
210
330
17
100
AcDbEntity
  8
line engraving
 62
1
420
16711680
100
AcDbPolyline
 90
13
 70
0
 10
977.9296875000005
 20
772.9771561647342
 10
966.0703125000005
 20
772.9771561647342
 10
966.0703125000005
 20
774.4332867922922
 10
972.8332303035476
 20
774.4332867922922
 10
969.3385167974084
 20
777.8794626108461
 10
969.3385167974084
 20
779.7643428120739
 10
972.5258249488409
 20
776.4799592854708
 10
977.9296875000005
 20
780.0960170105732
 10
977.9296875000005
 20
778.3001225699184
 10
973.5370267735339
 20
775.4606678461803
 10
974.5239597544343
 20
774.4332867922922
 10
977.9296875000005
 20
774.4332867922922
 10
977.9296875000005
 20
772.9771561647342
  0
LWPOLYLINE
  5
211
330
17
100
AcDbEntity
  8
line engraving
 62
1
420
16711680
100
AcDbPolyline
 90
48
 70
0
 10
977.9296875000005
 20
781.4388930337656
 10
966.0703125000005
 20
781.4388930337656
 10
966.0703125000005
 20
785.5241484055255
 10
966.0729669047903
 20
785.8597410110955
 10
966.0809301191597
 20
786.1748567797154
 10
966.0942021431089
 20
786.4694957113853
 10
966.1127829766376
 20
786.7436578061051
 10
966.1366726197459
 20
786.9973430638751
 10
966.1658710724339
 20
787.2305514846948
 10
966.2003783347016
 20
787.4432830685647
 10
966.2401944065489
 20
787.6355378154844
 10
966.3812570610936
 20
788.1264763013729
 10
966.5698462013988
 20
788.5800003197478
 10
966.8059618274647
 20
788.996109870609
 10
967.089603939291
 20
789.3748049539565
 10
967.2946883093616
 20
789.6020093639422
 10
967.5135503042936
 20
789.8144249472418
 10
967.746189924087
 20
790.0120517038553
 10
967.9926071687419
 20
790.1948896337826
 10
968.2528020382582
 20
790.3629387370237
 10
968.5267745326361
 20
790.5161990135788
 10
968.8145246518752
 20
790.6546704634477
 10
969.1160523959759
 20
790.7783530866304
 10
969.7548791487256
 20
790.9818574538499
 10
970.4376931808497
 20
791.1272177161495
 10
971.1644944923478
 20
791.2144338735293
 10
971.9352830832202
 20
791.2435059259892
 10
972.591553067446
 20
791.2237874904077
 10
973.2093973823333
 20
791.1646321836631
 10
973.7888160278825
 20
791.0660400057557
 10
974.3298090040932
 20
790.9280109566851
 10
974.8290899050354
 20
790.7591402519613
 10
975.2833723247788
 20
790.5680231070943
 10
975.6926562633233
 20
790.3546595220841
 10
976.056941720669
 20
790.1190494969306
 10
976.3805263045707
 20
789.8665018412136
 10
976.6677076227836
 20
789.6023253645125
 10
976.9184856753075
 20
789.3265200668275
 10
977.1328604621424
 20
789.0390859481585
 10
977.3171519946926
 20
788.7306693916271
 10
977.4776802843627
 20
788.3919167803549
 10
977.6144453311524
 20
788.022828114342
 10
977.7274471350619
 20
787.6234033935882
 10
977.8159272947225
 20
787.1933898176375
 10
977.8791274087658
 20
786.7325345860336
 10
977.9170474771918
 20
786.2408376987767
 10
977.9296875000005
 20
785.7182991558665
 10
977.9296875000005
 20
781.4388930337656
  0
LWPOLYLINE
  5
212
330
17
100
AcDbEntity
  8
line engraving
 62
1
420
16711680
100
AcDbPolyline
 90
44
 70
0
 10
976.5301841746253
 20
783.0082782656891
 10
976.5301841746253
 20
785.5403276347205
 10
976.516532949992
 20
786.0952246360208
 10
976.4755792760919
 20
786.5869215232779
 10
976.4073231529251
 20
787.0154182964915
 10
976.3117645804916
 20
787.3807149556618
 10
976.1914315633531
 20
787.697473927247
 10
976.0488521060714
 20
787.9803576377049
 10
975.8840262086464
 20
788.2293660870355
 10
975.6969538710782
 20
788.444499275239
 10
975.3938461241265
 20
788.7081701510276
 10
975.0427062905019
 20
788.9409993711632
 10
974.6435343702043
 20
789.1429869356457
 10
974.1963303632338
 20
789.3141328444749
 10
973.7000830677656
 20
789.4503922903523
 10
973.1537812819752
 20
789.547720465979
 10
972.5574250058625
 20
789.606117371355
 10
971.9110142394275
 20
789.6255830064804
 10
971.4593230243598
 20
789.6160397892598
 10
971.0345550578747
 20
789.5874101375982
 10
970.6367103399721
 20
789.5396940514955
 10
970.2657888706519
 20
789.4728915309518
 10
969.9217906499141
 20
789.3870025759669
 10
969.6047156777588
 20
789.2820271865409
 10
969.3145639541859
 20
789.1579653626738
 10
969.0513354791956
 20
789.0148171043658
 10
968.8118702470855
 20
788.8580176214243
 10
968.5930082521535
 20
788.6930021236573
 10
968.3947494943995
 20
788.5197706110645
 10
968.2170939738238
 20
788.3383230836462
 10
968.0600416904261
 20
788.1486595414021
 10
967.9235926442067
 20
787.9507799843326
 10
967.8077468351653
 20
787.7446844124373
 10
967.712504263302
 20
787.5303728257164
 10
967.655624160663
 20
787.360617319396
 10
967.6063280717092
 20
787.1668457697393
 10
967.5646159964406
 20
786.949058176746
 10
967.5304879348572
 20
786.7072545404163
 10
967.503943886959
 20
786.4414348607501
 10
967.4849838527459
 20
786.1515991377474
 10
967.4736078322181
 20
785.8377473714083
 10
967.4698158253756
 20
785.4998795617328
 10
967.4698158253756
 20
783.0082782656891
 10
976.5301841746253
 20
783.0082782656891
  0
LWPOLYLINE
  5
213
330
17
100
AcDbEntity
  8
cut
 62
5
420
255
100
AcDbPolyline
 90
4
 70
1
 10
910.2000000000003
 20
1072.2000000000003
 10
669.6000000000001
 20
1072.2000000000003
 42
0.9999999999999999
 10
669.6000000000001
 20
1012.2000000000003
 10
910.2000000000003
 20
1012.2000000000003
 42
0.9999999999999999
  0
CIRCLE
  5
214
330
17
100
AcDbEntity
  8
cut
 62
5
420
255
100
AcDbCircle
 10
910.2000000000003
 20
1042.2000000000003
 30
0.0
 40
10.9
  0
CIRCLE
  5
215
330
17
100
AcDbEntity
  8
cut
 62
5
420
255
100
AcDbCircle
 10
669.6000000000001
 20
1042.2000000000003
 30
0.0
 40
10.9
  0
LWPOLYLINE
  5
216
330
17
100
AcDbEntity
  8
line engraving
 62
1
420
16711680
100
AcDbPolyline
 90
7
 70
0
 10
750.9814940740112
 20
1036.2703125000003
 10
750.9814940740112
 20
1048.1296875000003
 10
752.5508793059347
 20
1048.1296875000003
 10
752.5508793059347
 20
1037.6698158253755
 10
758.3915810453617
 20
1037.6698158253755
 10
758.3915810453617
 20
1036.2703125000003
 10
750.9814940740112
 20
1036.2703125000003
  0
LWPOLYLINE
  5
217
330
17
100
AcDbEntity
  8
line engraving
 62
1
420
16711680
100
AcDbPolyline
 90
5
 70
0
 10
760.0823104962485
 20
1046.4551372783085
 10
760.0823104962485
 20
1048.1296875000003
 10
761.5384411238065
 20
1048.1296875000003
 10
761.5384411238065
 20
1046.4551372783085
 10
760.0823104962485
 20
1046.4551372783085
  0
LWPOLYLINE
  5
218
330
17
100
AcDbEntity
  8
line engraving
 62
1
420
16711680
100
AcDbPolyline
 90
5
 70
0
 10
760.0823104962485
 20
1036.2703125000003
 10
760.0823104962485
 20
1044.8614832025924
 10
761.5384411238065
 20
1044.8614832025924
 10
761.5384411238065
 20
1036.2703125000003
 10
760.0823104962485
 20
1036.2703125000003
  0
LWPOLYLINE
  5
219
330
17
100
AcDbEntity
  8
line engraving
 62
1
420
16711680
100
AcDbPolyline
 90
61
 70
0
 10
763.7549955235336
 20
1036.2703125000003
 10
763.7549955235336
 20
1044.8614832025924
 10
765.0655130883358
 20
1044.8614832025924
 10
765.0655130883358
 20
1043.639951398363
 10
765.315279939035
 20
1043.9717519970905
 10
765.5913380371762
 20
1044.2593125159876
 10
765.8936873827594
 20
1044.5026329550544
 10
766.2223279757847
 20
1044.7017133142908
 10
766.5772598162519
 20
1044.856553593697
 10
766.9584829041612
 20
1044.967153793273
 10
767.3659972395125
 20
1045.0335139130184
 10
767.7998028223058
 20
1045.0556339529335
 10
768.1802675088466
 20
1045.0381907214576
 10
768.5450585671045
 20
1044.9858610270296
 10
768.8941759970799
 20
1044.8986448696498
 10
769.2276197987724
 20
1044.7765422493183
 10
769.5327499493735
 20
1044.626125977895
 10
769.7969264260746
 20
1044.4539688672412
 10
770.0201492288755
 20
1044.2600709173562
 10
770.2024183577764
 20
1044.0444321282405
 10
770.352076227831
 20
1043.80730530035
 10
770.477465254093
 20
1043.5489432341408
 10
770.5785854365623
 20
1043.269345929613
 10
770.655436775239
 20
1042.968513386767
 10
770.6908288391032
 20
1042.7283529534025
 10
770.7161088847206
 20
1042.4123523831859
 10
770.731276912091
 20
1042.0205116761174
 10
770.7363329212144
 20
1041.5528308321968
 10
770.7363329212144
 20
1036.2703125000003
 10
769.2802022936564
 20
1036.2703125000003
 10
769.2802022936564
 20
1041.4962035300139
 10
769.2695846744972
 20
1041.9130714822436
 10
769.2377318170193
 20
1042.2738177332028
 10
769.184643721223
 20
1042.5784422828917
 10
769.110320387108
 20
1042.82694513131
 10
769.0089474041825
 20
1043.0362639090215
 10
768.8747103619545
 20
1043.2233362465897
 10
768.707609260424
 20
1043.3881621440146
 10
768.507644099591
 20
1043.5307416012963
 10
768.2818932922282
 20
1043.645765808855
 10
768.0374352511087
 20
1043.7279259571114
 10
767.7742699762323
 20
1043.7772220460652
 10
767.4923974675991
 20
1043.7936540757164
 10
767.2638026551044
 20
1043.7844268590661
 10
767.0431710569792
 20
1043.756745209115
 10
766.8305026732235
 20
1043.7106091258636
 10
766.6257975038371
 20
1043.6460186093113
 10
766.4290555488203
 20
1043.5629736594583
 10
766.240276808173
 20
1043.4614742763047
 10
766.0594612818951
 20
1043.3415204598505
 10
765.8866089699866
 20
1043.2031122100957
 10
765.728292684308
 20
1043.038918313811
 10
765.59108523672
 20
1042.841607557768
 10
765.4749866272224
 20
1042.611179941966
 10
765.3799968558153
 20
1042.3476354664053
 10
765.3061159224986
 20
1042.0509741310862
 10
765.2533438272725
 20
1041.7211959360081
 10
765.2216805701368
 20
1041.3583008811713
 10
765.2111261510915
 20
1040.962288966576
 10
765.2111261510915
 20
1036.2703125000003
 10
763.7549955235336
 20
1036.2703125000003
  0
LWPOLYLINE
  5
21A
330
17
100
AcDbEntity
  8
line engraving
 62
1
420
16711680
100
AcDbPolyline
 90
13
 70
0
 10
772.9771561647342
 20
1036.2703125000003
 10
772.9771561647342
 20
1048.1296875000003
 10
774.4332867922922
 20
1048.1296875000003
 10
774.4332867922922
 20
1041.3667696964533
 10
777.8794626108461
 20
1044.8614832025924
 10
779.7643428120739
 20
1044.8614832025924
 10
776.4799592854708
 20
1041.6741750511599
 10
780.0960170105732
 20
1036.2703125000003
 10
778.3001225699184
 20
1036.2703125000003
 10
775.4606678461803
 20
1040.6629732264669
 10
774.4332867922922
 20
1039.6760402455664
 10
774.4332867922922
 20
1036.2703125000003
 10
772.9771561647342
 20
1036.2703125000003
  0
LWPOLYLINE
  5
21B
330
17
100
AcDbEntity
  8
line engraving
 62
1
420
16711680
100
AcDbPolyline
 90
48
 70
0
 10
781.4388930337656
 20
1036.2703125000003
 10
781.4388930337656
 20
1048.1296875000003
 10
785.5241484055255
 20
1048.1296875000003
 10
785.8597410110955
 20
1048.1270330952104
 10
786.1748567797154
 20
1048.119069880841
 10
786.4694957113853
 20
1048.105797856892
 10
786.7436578061051
 20
1048.087217023363
 10
786.9973430638751
 20
1048.0633273802548
 10
787.2305514846948
 20
1048.0341289275668
 10
787.4432830685647
 20
1047.9996216652992
 10
787.6355378154844
 20
1047.9598055934518
 10
788.1264763013729
 20
1047.8187429389072
 10
788.5800003197478
 20
1047.630153798602
 10
788.996109870609
 20
1047.394038172536
 10
789.3748049539565
 20
1047.1103960607097
 10
789.6020093639422
 20
1046.905311690639
 10
789.8144249472418
 20
1046.686449695707
 10
790.0120517038553
 20
1046.4538100759137
 10
790.1948896337826
 20
1046.2073928312589
 10
790.3629387370237
 20
1045.9471979617424
 10
790.5161990135788
 20
1045.6732254673648
 10
790.6546704634477
 20
1045.3854753481255
 10
790.7783530866304
 20
1045.0839476040248
 10
790.9818574538499
 20
1044.445120851275
 10
791.1272177161495
 20
1043.762306819151
 10
791.2144338735293
 20
1043.035505507653
 10
791.2435059259892
 20
1042.2647169167806
 10
791.2237874904077
 20
1041.608446932555
 10
791.1646321836631
 20
1040.9906026176673
 10
791.0660400057557
 20
1040.4111839721184
 10
790.9280109566851
 20
1039.8701909959075
 10
790.7591402519613
 20
1039.3709100949652
 10
790.5680231070943
 20
1038.916627675222
 10
790.3546595220841
 20
1038.5073437366775
 10
790.1190494969306
 20
1038.1430582793319
 10
789.8665018412136
 20
1037.8194736954301
 10
789.6023253645125
 20
1037.5322923772171
 10
789.3265200668275
 20
1037.2815143246933
 10
789.0390859481585
 20
1037.0671395378583
 10
788.7306693916271
 20
1036.882848005308
 10
788.3919167803549
 20
1036.7223197156382
 10
788.022828114342
 20
1036.5855546688483
 10
787.6234033935882
 20
1036.472552864939
 10
787.1933898176375
 20
1036.3840727052782
 10
786.7325345860336
 20
1036.320872591235
 10
786.2408376987767
 20
1036.282952522809
 10
785.7182991558665
 20
1036.2703125000003
 10
781.4388930337656
 20
1036.2703125000003
  0
LWPOLYLINE
  5
21C
330
17
100
AcDbEntity
  8
line engraving
 62
1
420
16711680
100
AcDbPolyline
 90
44
 70
0
 10
783.0082782656891
 20
1037.6698158253755
 10
785.5403276347205
 20
1037.6698158253755
 10
786.0952246360208
 20
1037.6834670500089
 10
786.5869215232779
 20
1037.724420723909
 10
787.0154182964915
 20
1037.7926768470757
 10
787.3807149556618
 20
1037.888235419509
 10
787.697473927247
 20
1038.0085684366477
 10
787.9803576377049
 20
1038.1511478939294
 10
788.2293660870355
 20
1038.3159737913543
 10
788.444499275239
 20
1038.5030461289225
 10
788.7081701510276
 20
1038.8061538758743
 10
788.9409993711632
 20
1039.1572937094988
 10
789.1429869356457
 20
1039.5564656297965
 10
789.3141328444749
 20
1040.003669636767
 10
789.4503922903523
 20
1040.499916932235
 10
789.547720465979
 20
1041.0462187180256
 10
789.606117371355
 20
1041.6425749941382
 10
789.6255830064804
 20
1042.2889857605733
 10
789.6160397892598
 20
1042.7406769756408
 10
789.5874101375982
 20
1043.165444942126
 10
789.5396940514955
 20
1043.5632896600287
 10
789.4728915309518
 20
1043.9342111293488
 10
789.3870025759669
 20
1044.2782093500866
 10
789.2820271865409
 20
1044.595284322242
 10
789.1579653626738
 20
1044.8854360458147
 10
789.0148171043658
 20
1045.1486645208051
 10
788.8580176214243
 20
1045.3881297529153
 10
788.6930021236573
 20
1045.6069917478474
 10
788.5197706110645
 20
1045.8052505056012
 10
788.3383230836462
 20
1045.9829060261768
 10
788.1486595414021
 20
1046.1399583095745
 10
787.9507799843326
 20
1046.2764073557942
 10
787.7446844124373
 20
1046.3922531648354
 10
787.5303728257164
 20
1046.4874957366987
 10
787.360617319396
 20
1046.5443758393378
 10
787.1668457697393
 20
1046.5936719282915
 10
786.949058176746
 20
1046.6353840035601
 10
786.7072545404163
 20
1046.6695120651434
 10
786.4414348607501
 20
1046.6960561130415
 10
786.1515991377474
 20
1046.7150161472546
 10
785.8377473714083
 20
1046.7263921677825
 10
785.4998795617328
 20
1046.730184174625
 10
783.0082782656891
 20
1046.730184174625
 10
783.0082782656891
 20
1037.6698158253755
  0
LWPOLYLINE
  5
21D
330
17
100
AcDbEntity
  8
cut
 62
5
420
255
100
AcDbPolyline
 90
4
 70
1
 10
910.2000000000003
 20
1138.2000000000003
 10
669.6000000000001
 20
1138.2000000000003
 42
0.9999999999999999
 10
669.6000000000001
 20
1078.2000000000003
 10
910.2000000000003
 20
1078.2000000000003
 42
0.9999999999999999
  0
CIRCLE
  5
21E
330
17
100
AcDbEntity
  8
cut
 62
5
420
255
100
AcDbCircle
 10
910.2000000000003
 20
1108.2000000000003
 30
0.0
 40
10.9
  0
CIRCLE
  5
21F
330
17
100
AcDbEntity
  8
cut
 62
5
420
255
100
AcDbCircle
 10
669.6000000000001
 20
1108.2000000000003
 30
0.0
 40
10.9
  0
LWPOLYLINE
  5
220
330
17
100
AcDbEntity
  8
line engraving
 62
1
420
16711680
100
AcDbPolyline
 90
7
 70
0
 10
750.9814940740112
 20
1102.2703125000003
 10
750.9814940740112
 20
1114.1296875000003
 10
752.5508793059347
 20
1114.1296875000003
 10
752.5508793059347
 20
1103.6698158253755
 10
758.3915810453617
 20
1103.6698158253755
 10
758.3915810453617
 20
1102.2703125000003
 10
750.9814940740112
 20
1102.2703125000003
  0
LWPOLYLINE
  5
221
330
17
100
AcDbEntity
  8
line engraving
 62
1
420
16711680
100
AcDbPolyline
 90
5
 70
0
 10
760.0823104962485
 20
1112.4551372783085
 10
760.0823104962485
 20
1114.1296875000003
 10
761.5384411238065
 20
1114.1296875000003
 10
761.5384411238065
 20
1112.4551372783085
 10
760.0823104962485
 20
1112.4551372783085
  0
LWPOLYLINE
  5
222
330
17
100
AcDbEntity
  8
line engraving
 62
1
420
16711680
100
AcDbPolyline
 90
5
 70
0
 10
760.0823104962485
 20
1102.2703125000003
 10
760.0823104962485
 20
1110.8614832025924
 10
761.5384411238065
 20
1110.8614832025924
 10
761.5384411238065
 20
1102.2703125000003
 10
760.0823104962485
 20
1102.2703125000003
  0
LWPOLYLINE
  5
223
330
17
100
AcDbEntity
  8
line engraving
 62
1
420
16711680
100
AcDbPolyline
 90
61
 70
0
 10
763.7549955235336
 20
1102.2703125000003
 10
763.7549955235336
 20
1110.8614832025924
 10
765.0655130883358
 20
1110.8614832025924
 10
765.0655130883358
 20
1109.639951398363
 10
765.315279939035
 20
1109.9717519970905
 10
765.5913380371762
 20
1110.2593125159876
 10
765.8936873827594
 20
1110.5026329550544
 10
766.2223279757847
 20
1110.7017133142908
 10
766.5772598162519
 20
1110.856553593697
 10
766.9584829041612
 20
1110.967153793273
 10
767.3659972395125
 20
1111.0335139130184
 10
767.7998028223058
 20
1111.0556339529335
 10
768.1802675088466
 20
1111.0381907214576
 10
768.5450585671045
 20
1110.9858610270296
 10
768.8941759970799
 20
1110.8986448696498
 10
769.2276197987724
 20
1110.7765422493183
 10
769.5327499493735
 20
1110.626125977895
 10
769.7969264260746
 20
1110.4539688672412
 10
770.0201492288755
 20
1110.2600709173562
 10
770.2024183577764
 20
1110.0444321282405
 10
770.352076227831
 20
1109.80730530035
 10
770.477465254093
 20
1109.5489432341408
 10
770.5785854365623
 20
1109.269345929613
 10
770.655436775239
 20
1108.968513386767
 10
770.6908288391032
 20
1108.7283529534025
 10
770.7161088847206
 20
1108.4123523831859
 10
770.731276912091
 20
1108.0205116761174
 10
770.7363329212144
 20
1107.5528308321968
 10
770.7363329212144
 20
1102.2703125000003
 10
769.2802022936564
 20
1102.2703125000003
 10
769.2802022936564
 20
1107.4962035300139
 10
769.2695846744972
 20
1107.9130714822436
 10
769.2377318170193
 20
1108.2738177332028
 10
769.184643721223
 20
1108.5784422828917
 10
769.110320387108
 20
1108.82694513131
 10
769.0089474041825
 20
1109.0362639090215
 10
768.8747103619545
 20
1109.2233362465897
 10
768.707609260424
 20
1109.3881621440146
 10
768.507644099591
 20
1109.5307416012963
 10
768.2818932922282
 20
1109.645765808855
 10
768.0374352511087
 20
1109.7279259571114
 10
767.7742699762323
 20
1109.7772220460652
 10
767.4923974675991
 20
1109.7936540757164
 10
767.2638026551044
 20
1109.7844268590661
 10
767.0431710569792
 20
1109.756745209115
 10
766.8305026732235
 20
1109.7106091258636
 10
766.6257975038371
 20
1109.6460186093113
 10
766.4290555488203
 20
1109.5629736594583
 10
766.240276808173
 20
1109.4614742763047
 10
766.0594612818951
 20
1109.3415204598505
 10
765.8866089699866
 20
1109.2031122100957
 10
765.728292684308
 20
1109.038918313811
 10
765.59108523672
 20
1108.841607557768
 10
765.4749866272224
 20
1108.611179941966
 10
765.3799968558153
 20
1108.3476354664053
 10
765.3061159224986
 20
1108.0509741310862
 10
765.2533438272725
 20
1107.7211959360081
 10
765.2216805701368
 20
1107.3583008811713
 10
765.2111261510915
 20
1106.962288966576
 10
765.2111261510915
 20
1102.2703125000003
 10
763.7549955235336
 20
1102.2703125000003
  0
LWPOLYLINE
  5
224
330
17
100
AcDbEntity
  8
line engraving
 62
1
420
16711680
100
AcDbPolyline
 90
13
 70
0
 10
772.9771561647342
 20
1102.2703125000003
 10
772.9771561647342
 20
1114.1296875000003
 10
774.4332867922922
 20
1114.1296875000003
 10
774.4332867922922
 20
1107.3667696964533
 10
777.8794626108461
 20
1110.8614832025924
 10
779.7643428120739
 20
1110.8614832025924
 10
776.4799592854708
 20
1107.6741750511599
 10
780.0960170105732
 20
1102.2703125000003
 10
778.3001225699184
 20
1102.2703125000003
 10
775.4606678461803
 20
1106.6629732264669
 10
774.4332867922922
 20
1105.6760402455664
 10
774.4332867922922
 20
1102.2703125000003
 10
772.9771561647342
 20
1102.2703125000003
  0
LWPOLYLINE
  5
225
330
17
100
AcDbEntity
  8
line engraving
 62
1
420
16711680
100
AcDbPolyline
 90
48
 70
0
 10
781.4388930337656
 20
1102.2703125000003
 10
781.4388930337656
 20
1114.1296875000003
 10
785.5241484055255
 20
1114.1296875000003
 10
785.8597410110955
 20
1114.1270330952104
 10
786.1748567797154
 20
1114.119069880841
 10
786.4694957113853
 20
1114.105797856892
 10
786.7436578061051
 20
1114.087217023363
 10
786.9973430638751
 20
1114.0633273802548
 10
787.2305514846948
 20
1114.0341289275668
 10
787.4432830685647
 20
1113.9996216652992
 10
787.6355378154844
 20
1113.9598055934518
 10
788.1264763013729
 20
1113.8187429389072
 10
788.5800003197478
 20
1113.630153798602
 10
788.996109870609
 20
1113.394038172536
 10
789.3748049539565
 20
1113.1103960607097
 10
789.6020093639422
 20
1112.905311690639
 10
789.8144249472418
 20
1112.686449695707
 10
790.0120517038553
 20
1112.4538100759137
 10
790.1948896337826
 20
1112.2073928312589
 10
790.3629387370237
 20
1111.9471979617424
 10
790.5161990135788
 20
1111.6732254673648
 10
790.6546704634477
 20
1111.3854753481255
 10
790.7783530866304
 20
1111.0839476040248
 10
790.9818574538499
 20
1110.445120851275
 10
791.1272177161495
 20
1109.762306819151
 10
791.2144338735293
 20
1109.035505507653
 10
791.2435059259892
 20
1108.2647169167806
 10
791.2237874904077
 20
1107.608446932555
 10
791.1646321836631
 20
1106.9906026176673
 10
791.0660400057557
 20
1106.4111839721184
 10
790.9280109566851
 20
1105.8701909959075
 10
790.7591402519613
 20
1105.3709100949652
 10
790.5680231070943
 20
1104.916627675222
 10
790.3546595220841
 20
1104.5073437366775
 10
790.1190494969306
 20
1104.1430582793319
 10
789.8665018412136
 20
1103.8194736954301
 10
789.6023253645125
 20
1103.5322923772171
 10
789.3265200668275
 20
1103.2815143246933
 10
789.0390859481585
 20
1103.0671395378583
 10
788.7306693916271
 20
1102.882848005308
 10
788.3919167803549
 20
1102.7223197156382
 10
788.022828114342
 20
1102.5855546688483
 10
787.6234033935882
 20
1102.472552864939
 10
787.1933898176375
 20
1102.3840727052782
 10
786.7325345860336
 20
1102.320872591235
 10
786.2408376987767
 20
1102.282952522809
 10
785.7182991558665
 20
1102.2703125000003
 10
781.4388930337656
 20
1102.2703125000003
  0
LWPOLYLINE
  5
226
330
17
100
AcDbEntity
  8
line engraving
 62
1
420
16711680
100
AcDbPolyline
 90
44
 70
0
 10
783.0082782656891
 20
1103.6698158253755
 10
785.5403276347205
 20
1103.6698158253755
 10
786.0952246360208
 20
1103.6834670500089
 10
786.5869215232779
 20
1103.724420723909
 10
787.0154182964915
 20
1103.7926768470757
 10
787.3807149556618
 20
1103.888235419509
 10
787.697473927247
 20
1104.0085684366477
 10
787.9803576377049
 20
1104.1511478939294
 10
788.2293660870355
 20
1104.3159737913543
 10
788.444499275239
 20
1104.5030461289225
 10
788.7081701510276
 20
1104.8061538758743
 10
788.9409993711632
 20
1105.1572937094988
 10
789.1429869356457
 20
1105.5564656297965
 10
789.3141328444749
 20
1106.003669636767
 10
789.4503922903523
 20
1106.499916932235
 10
789.547720465979
 20
1107.0462187180256
 10
789.606117371355
 20
1107.6425749941382
 10
789.6255830064804
 20
1108.2889857605733
 10
789.6160397892598
 20
1108.7406769756408
 10
789.5874101375982
 20
1109.165444942126
 10
789.5396940514955
 20
1109.5632896600287
 10
789.4728915309518
 20
1109.9342111293488
 10
789.3870025759669
 20
1110.2782093500866
 10
789.2820271865409
 20
1110.595284322242
 10
789.1579653626738
 20
1110.8854360458147
 10
789.0148171043658
 20
1111.1486645208051
 10
788.8580176214243
 20
1111.3881297529153
 10
788.6930021236573
 20
1111.6069917478474
 10
788.5197706110645
 20
1111.8052505056012
 10
788.3383230836462
 20
1111.9829060261768
 10
788.1486595414021
 20
1112.1399583095745
 10
787.9507799843326
 20
1112.2764073557942
 10
787.7446844124373
 20
1112.3922531648354
 10
787.5303728257164
 20
1112.4874957366987
 10
787.360617319396
 20
1112.5443758393378
 10
787.1668457697393
 20
1112.5936719282915
 10
786.949058176746
 20
1112.6353840035601
 10
786.7072545404163
 20
1112.6695120651434
 10
786.4414348607501
 20
1112.6960561130415
 10
786.1515991377474
 20
1112.7150161472546
 10
785.8377473714083
 20
1112.7263921677825
 10
785.4998795617328
 20
1112.730184174625
 10
783.0082782656891
 20
1112.730184174625
 10
783.0082782656891
 20
1103.6698158253755
  0
LWPOLYLINE
  5
227
330
17
100
AcDbEntity
  8
cut
 62
5
420
255
100
AcDbPolyline
 90
4
 70
1
 10
1008.0000000000005
 20
910.2000000000003
 10
1008.0000000000005
 20
669.6000000000001
 42
0.9999999999999999
 10
1068.0000000000005
 20
669.6000000000001
 10
1068.0000000000005
 20
910.2000000000003
 42
0.9999999999999999
  0
CIRCLE
  5
228
330
17
100
AcDbEntity
  8
cut
 62
5
420
255
100
AcDbCircle
 10
1038.0000000000005
 20
910.2000000000003
 30
0.0
 40
10.9
  0
CIRCLE
  5
229
330
17
100
AcDbEntity
  8
cut
 62
5
420
255
100
AcDbCircle
 10
1038.0000000000005
 20
669.6000000000001
 30
0.0
 40
10.9
  0
LWPOLYLINE
  5
22A
330
17
100
AcDbEntity
  8
line engraving
 62
1
420
16711680
100
AcDbPolyline
 90
7
 70
0
 10
1043.9296875000005
 20
750.9814940740112
 10
1032.0703125000005
 20
750.9814940740112
 10
1032.0703125000005
 20
752.5508793059347
 10
1042.5301841746252
 20
752.5508793059347
 10
1042.5301841746252
 20
758.3915810453617
 10
1043.9296875000005
 20
758.3915810453617
 10
1043.9296875000005
 20
750.9814940740112
  0
LWPOLYLINE
  5
22B
330
17
100
AcDbEntity
  8
line engraving
 62
1
420
16711680
100
AcDbPolyline
 90
5
 70
0
 10
1033.7448627216922
 20
760.0823104962485
 10
1032.0703125000005
 20
760.0823104962485
 10
1032.0703125000005
 20
761.5384411238065
 10
1033.7448627216922
 20
761.5384411238065
 10
1033.7448627216922
 20
760.0823104962485
  0
LWPOLYLINE
  5
22C
330
17
100
AcDbEntity
  8
line engraving
 62
1
420
16711680
100
AcDbPolyline
 90
5
 70
0
 10
1043.9296875000005
 20
760.0823104962485
 10
1035.3385167974084
 20
760.0823104962485
 10
1035.3385167974084
 20
761.5384411238065
 10
1043.9296875000005
 20
761.5384411238065
 10
1043.9296875000005
 20
760.0823104962485
  0
LWPOLYLINE
  5
22D
330
17
100
AcDbEntity
  8
line engraving
 62
1
420
16711680
100
AcDbPolyline
 90
61
 70
0
 10
1043.9296875000005
 20
763.7549955235336
 10
1035.3385167974084
 20
763.7549955235336
 10
1035.3385167974084
 20
765.0655130883358
 10
1036.5600486016376
 20
765.0655130883358
 10
1036.2282480029103
 20
765.315279939035
 10
1035.940687484013
 20
765.5913380371762
 10
1035.6973670449463
 20
765.8936873827594
 10
1035.49828668571
 20
766.2223279757847
 10
1035.3434464063037
 20
766.5772598162519
 10
1035.2328462067278
 20
766.9584829041612
 10
1035.1664860869823
 20
767.3659972395125
 10
1035.1443660470673
 20
767.7998028223058
 10
1035.1618092785432
 20
768.1802675088466
 10
1035.214138972971
 20
768.5450585671045
 10
1035.3013551303509
 20
768.8941759970799
 10
1035.4234577506825
 20
769.2276197987724
 10
1035.5738740221057
 20
769.5327499493735
 10
1035.7460311327595
 20
769.7969264260746
 10
1035.9399290826445
 20
770.0201492288755
 10
1036.1555678717602
 20
770.2024183577764
 10
1036.3926946996507
 20
770.352076227831
 10
1036.65105676586
 20
770.477465254093
 10
1036.9306540703876
 20
770.5785854365623
 10
1037.2314866132338
 20
770.655436775239
 10
1037.4716470465983
 20
770.6908288391032
 10
1037.7876476168149
 20
770.7161088847206
 10
1038.1794883238833
 20
770.731276912091
 10
1038.647169167804
 20
770.7363329212144
 10
1043.9296875000005
 20
770.7363329212144
 10
1043.9296875000005
 20
769.2802022936564
 10
1038.7037964699869
 20
769.2802022936564
 10
1038.2869285177571
 20
769.2695846744972
 10
1037.926182266798
 20
769.2377318170193
 10
1037.621557717109
 20
769.184643721223
 10
1037.3730548686908
 20
769.110320387108
 10
1037.1637360909792
 20
769.0089474041825
 10
1036.976663753411
 20
768.8747103619545
 10
1036.8118378559861
 20
768.707609260424
 10
1036.6692583987044
 20
768.507644099591
 10
1036.5542341911457
 20
768.2818932922282
 10
1036.4720740428893
 20
768.0374352511087
 10
1036.4227779539356
 20
767.7742699762323
 10
1036.4063459242843
 20
767.4923974675991
 10
1036.4155731409346
 20
767.2638026551044
 10
1036.4432547908857
 20
767.0431710569792
 10
1036.4893908741371
 20
766.8305026732235
 10
1036.5539813906894
 20
766.6257975038371
 10
1036.6370263405424
 20
766.4290555488203
 10
1036.738525723696
 20
766.240276808173
 10
1036.8584795401503
 20
766.0594612818951
 10
1036.996887789905
 20
765.8866089699866
 10
1037.1610816861896
 20
765.728292684308
 10
1037.3583924422328
 20
765.59108523672
 10
1037.5888200580348
 20
765.4749866272224
 10
1037.8523645335954
 20
765.3799968558153
 10
1038.1490258689146
 20
765.3061159224986
 10
1038.4788040639926
 20
765.2533438272725
 10
1038.8416991188294
 20
765.2216805701368
 10
1039.2377110334248
 20
765.2111261510915
 10
1043.9296875000005
 20
765.2111261510915
 10
1043.9296875000005
 20
763.7549955235336
  0
LWPOLYLINE
  5
22E
330
17
100
AcDbEntity
  8
line engraving
 62
1
420
16711680
100
AcDbPolyline
 90
13
 70
0
 10
1043.9296875000005
 20
772.9771561647342
 10
1032.0703125000005
 20
772.9771561647342
 10
1032.0703125000005
 20
774.4332867922922
 10
1038.8332303035475
 20
774.4332867922922
 10
1035.3385167974084
 20
777.8794626108461
 10
1035.3385167974084
 20
779.7643428120739
 10
1038.5258249488409
 20
776.4799592854708
 10
1043.9296875000005
 20
780.0960170105732
 10
1043.9296875000005
 20
778.3001225699184
 10
1039.5370267735339
 20
775.4606678461803
 10
1040.5239597544344
 20
774.4332867922922
 10
1043.9296875000005
 20
774.4332867922922
 10
1043.9296875000005
 20
772.9771561647342
  0
LWPOLYLINE
  5
22F
330
17
100
AcDbEntity
  8
line engraving
 62
1
420
16711680
100
AcDbPolyline
 90
48
 70
0
 10
1043.9296875000005
 20
781.4388930337656
 10
1032.0703125000005
 20
781.4388930337656
 10
1032.0703125000005
 20
785.5241484055255
 10
1032.0729669047903
 20
785.8597410110955
 10
1032.0809301191598
 20
786.1748567797154
 10
1032.0942021431088
 20
786.4694957113853
 10
1032.1127829766376
 20
786.7436578061051
 10
1032.136672619746
 20
786.9973430638751
 10
1032.165871072434
 20
787.2305514846948
 10
1032.2003783347016
 20
787.4432830685647
 10
1032.2401944065489
 20
787.6355378154844
 10
1032.3812570610935
 20
788.1264763013729
 10
1032.5698462013988
 20
788.5800003197478
 10
1032.8059618274647
 20
788.996109870609
 10
1033.089603939291
 20
789.3748049539565
 10
1033.2946883093616
 20
789.6020093639422
 10
1033.5135503042936
 20
789.8144249472418
 10
1033.746189924087
 20
790.0120517038553
 10
1033.9926071687419
 20
790.1948896337826
 10
1034.2528020382583
 20
790.3629387370237
 10
1034.526774532636
 20
790.5161990135788
 10
1034.8145246518752
 20
790.6546704634477
 10
1035.1160523959759
 20
790.7783530866304
 10
1035.7548791487256
 20
790.9818574538499
 10
1036.4376931808497
 20
791.1272177161495
 10
1037.1644944923478
 20
791.2144338735293
 10
1037.9352830832202
 20
791.2435059259892
 10
1038.5915530674458
 20
791.2237874904077
 10
1039.2093973823335
 20
791.1646321836631
 10
1039.7888160278824
 20
791.0660400057557
 10
1040.3298090040932
 20
790.9280109566851
 10
1040.8290899050355
 20
790.7591402519613
 10
1041.2833723247788
 20
790.5680231070943
 10
1041.6926562633232
 20
790.3546595220841
 10
1042.0569417206689
 20
790.1190494969306
 10
1042.3805263045706
 20
789.8665018412136
 10
1042.6677076227836
 20
789.6023253645125
 10
1042.9184856753075
 20
789.3265200668275
 10
1043.1328604621424
 20
789.0390859481585
 10
1043.3171519946927
 20
788.7306693916271
 10
1043.4776802843626
 20
788.3919167803549
 10
1043.6144453311524
 20
788.022828114342
 10
1043.7274471350618
 20
787.6234033935882
 10
1043.8159272947225
 20
787.1933898176375
 10
1043.8791274087657
 20
786.7325345860336
 10
1043.9170474771918
 20
786.2408376987767
 10
1043.9296875000005
 20
785.7182991558665
 10
1043.9296875000005
 20
781.4388930337656
  0
LWPOLYLINE
  5
230
330
17
100
AcDbEntity
  8
line engraving
 62
1
420
16711680
100
AcDbPolyline
 90
44
 70
0
 10
1042.5301841746252
 20
783.0082782656891
 10
1042.5301841746252
 20
785.5403276347205
 10
1042.5165329499919
 20
786.0952246360208
 10
1042.4755792760918
 20
786.5869215232779
 10
1042.407323152925
 20
787.0154182964915
 10
1042.3117645804916
 20
787.3807149556618
 10
1042.191431563353
 20
787.697473927247
 10
1042.0488521060713
 20
787.9803576377049
 10
1041.8840262086464
 20
788.2293660870355
 10
1041.6969538710782
 20
788.444499275239
 10
1041.3938461241264
 20
788.7081701510276
 10
1041.0427062905019
 20
788.9409993711632
 10
1040.6435343702042
 20
789.1429869356457
 10
1040.1963303632338
 20
789.3141328444749
 10
1039.7000830677657
 20
789.4503922903523
 10
1039.1537812819752
 20
789.547720465979
 10
1038.5574250058626
 20
789.606117371355
 10
1037.9110142394275
 20
789.6255830064804
 10
1037.45932302436
 20
789.6160397892598
 10
1037.0345550578747
 20
789.5874101375982
 10
1036.636710339972
 20
789.5396940514955
 10
1036.265788870652
 20
789.4728915309518
 10
1035.921790649914
 20
789.3870025759669
 10
1035.6047156777588
 20
789.2820271865409
 10
1035.314563954186
 20
789.1579653626738
 10
1035.0513354791956
 20
789.0148171043658
 10
1034.8118702470854
 20
788.8580176214243
 10
1034.5930082521534
 20
788.6930021236573
 10
1034.3947494943995
 20
788.5197706110645
 10
1034.217093973824
 20
788.3383230836462
 10
1034.0600416904263
 20
788.1486595414021
 10
1033.9235926442066
 20
787.9507799843326
 10
1033.8077468351653
 20
787.7446844124373
 10
1033.712504263302
 20
787.5303728257164
 10
1033.655624160663
 20
787.360617319396
 10
1033.6063280717092
 20
787.1668457697393
 10
1033.5646159964406
 20
786.949058176746
 10
1033.5304879348573
 20
786.7072545404163
 10
1033.5039438869592
 20
786.4414348607501
 10
1033.4849838527462
 20
786.1515991377474
 10
1033.4736078322182
 20
785.8377473714083
 10
1033.4698158253757
 20
785.4998795617328
 10
1033.4698158253757
 20
783.0082782656891
 10
1042.5301841746252
 20
783.0082782656891
  0
LWPOLYLINE
  5
231
330
17
100
AcDbEntity
  8
cut
 62
5
420
255
100
AcDbPolyline
 90
4
 70
1
 10
1074.0000000000005
 20
910.2000000000003
 10
1074.0000000000005
 20
669.6000000000001
 42
0.9999999999999999
 10
1134.0000000000005
 20
669.6000000000001
 10
1134.0000000000005
 20
910.2000000000003
 42
0.9999999999999999
  0
CIRCLE
  5
232
330
17
100
AcDbEntity
  8
cut
 62
5
420
255
100
AcDbCircle
 10
1104.0000000000005
 20
910.2000000000003
 30
0.0
 40
10.9
  0
CIRCLE
  5
233
330
17
100
AcDbEntity
  8
cut
 62
5
420
255
100
AcDbCircle
 10
1104.0000000000005
 20
669.6000000000001
 30
0.0
 40
10.9
  0
LWPOLYLINE
  5
234
330
17
100
AcDbEntity
  8
line engraving
 62
1
420
16711680
100
AcDbPolyline
 90
7
 70
0
 10
1109.9296875000005
 20
750.9814940740112
 10
1098.0703125000005
 20
750.9814940740112
 10
1098.0703125000005
 20
752.5508793059347
 10
1108.5301841746252
 20
752.5508793059347
 10
1108.5301841746252
 20
758.3915810453617
 10
1109.9296875000005
 20
758.3915810453617
 10
1109.9296875000005
 20
750.9814940740112
  0
LWPOLYLINE
  5
235
330
17
100
AcDbEntity
  8
line engraving
 62
1
420
16711680
100
AcDbPolyline
 90
5
 70
0
 10
1099.7448627216922
 20
760.0823104962485
 10
1098.0703125000005
 20
760.0823104962485
 10
1098.0703125000005
 20
761.5384411238065
 10
1099.7448627216922
 20
761.5384411238065
 10
1099.7448627216922
 20
760.0823104962485
  0
LWPOLYLINE
  5
236
330
17
100
AcDbEntity
  8
line engraving
 62
1
420
16711680
100
AcDbPolyline
 90
5
 70
0
 10
1109.9296875000005
 20
760.0823104962485
 10
1101.3385167974084
 20
760.0823104962485
 10
1101.3385167974084
 20
761.5384411238065
 10
1109.9296875000005
 20
761.5384411238065
 10
1109.9296875000005
 20
760.0823104962485
  0
LWPOLYLINE
  5
237
330
17
100
AcDbEntity
  8
line engraving
 62
1
420
16711680
100
AcDbPolyline
 90
61
 70
0
 10
1109.9296875000005
 20
763.7549955235336
 10
1101.3385167974084
 20
763.7549955235336
 10
1101.3385167974084
 20
765.0655130883358
 10
1102.5600486016376
 20
765.0655130883358
 10
1102.2282480029103
 20
765.315279939035
 10
1101.940687484013
 20
765.5913380371762
 10
1101.6973670449463
 20
765.8936873827594
 10
1101.49828668571
 20
766.2223279757847
 10
1101.3434464063037
 20
766.5772598162519
 10
1101.2328462067278
 20
766.9584829041612
 10
1101.1664860869823
 20
767.3659972395125
 10
1101.1443660470673
 20
767.7998028223058
 10
1101.1618092785432
 20
768.1802675088466
 10
1101.214138972971
 20
768.5450585671045
 10
1101.3013551303509
 20
768.8941759970799
 10
1101.4234577506825
 20
769.2276197987724
 10
1101.5738740221057
 20
769.5327499493735
 10
1101.7460311327595
 20
769.7969264260746
 10
1101.9399290826445
 20
770.0201492288755
 10
1102.1555678717602
 20
770.2024183577764
 10
1102.3926946996507
 20
770.352076227831
 10
1102.65105676586
 20
770.477465254093
 10
1102.9306540703876
 20
770.5785854365623
 10
1103.2314866132338
 20
770.655436775239
 10
1103.4716470465983
 20
770.6908288391032
 10
1103.7876476168149
 20
770.7161088847206
 10
1104.1794883238833
 20
770.731276912091
 10
1104.647169167804
 20
770.7363329212144
 10
1109.9296875000005
 20
770.7363329212144
 10
1109.9296875000005
 20
769.2802022936564
 10
1104.7037964699869
 20
769.2802022936564
 10
1104.2869285177571
 20
769.2695846744972
 10
1103.926182266798
 20
769.2377318170193
 10
1103.621557717109
 20
769.184643721223
 10
1103.3730548686908
 20
769.110320387108
 10
1103.1637360909792
 20
769.0089474041825
 10
1102.976663753411
 20
768.8747103619545
 10
1102.8118378559861
 20
768.707609260424
 10
1102.6692583987044
 20
768.507644099591
 10
1102.5542341911457
 20
768.2818932922282
 10
1102.4720740428893
 20
768.0374352511087
 10
1102.4227779539356
 20
767.7742699762323
 10
1102.4063459242843
 20
767.4923974675991
 10
1102.4155731409346
 20
767.2638026551044
 10
1102.4432547908857
 20
767.0431710569792
 10
1102.4893908741371
 20
766.8305026732235
 10
1102.5539813906894
 20
766.6257975038371
 10
1102.6370263405424
 20
766.4290555488203
 10
1102.738525723696
 20
766.240276808173
 10
1102.8584795401503
 20
766.0594612818951
 10
1102.996887789905
 20
765.8866089699866
 10
1103.1610816861896
 20
765.728292684308
 10
1103.3583924422328
 20
765.59108523672
 10
1103.5888200580348
 20
765.4749866272224
 10
1103.8523645335954
 20
765.3799968558153
 10
1104.1490258689146
 20
765.3061159224986
 10
1104.4788040639926
 20
765.2533438272725
 10
1104.8416991188294
 20
765.2216805701368
 10
1105.2377110334248
 20
765.2111261510915
 10
1109.9296875000005
 20
765.2111261510915
 10
1109.9296875000005
 20
763.7549955235336
  0
LWPOLYLINE
  5
238
330
17
100
AcDbEntity
  8
line engraving
 62
1
420
16711680
100
AcDbPolyline
 90
13
 70
0
 10
1109.9296875000005
 20
772.9771561647342
 10
1098.0703125000005
 20
772.9771561647342
 10
1098.0703125000005
 20
774.4332867922922
 10
1104.8332303035475
 20
774.4332867922922
 10
1101.3385167974084
 20
777.8794626108461
 10
1101.3385167974084
 20
779.7643428120739
 10
1104.5258249488409
 20
776.4799592854708
 10
1109.9296875000005
 20
780.0960170105732
 10
1109.9296875000005
 20
778.3001225699184
 10
1105.5370267735339
 20
775.4606678461803
 10
1106.5239597544344
 20
774.4332867922922
 10
1109.9296875000005
 20
774.4332867922922
 10
1109.9296875000005
 20
772.9771561647342
  0
LWPOLYLINE
  5
239
330
17
100
AcDbEntity
  8
line engraving
 62
1
420
16711680
100
AcDbPolyline
 90
48
 70
0
 10
1109.9296875000005
 20
781.4388930337656
 10
1098.0703125000005
 20
781.4388930337656
 10
1098.0703125000005
 20
785.5241484055255
 10
1098.0729669047903
 20
785.8597410110955
 10
1098.0809301191598
 20
786.1748567797154
 10
1098.0942021431088
 20
786.4694957113853
 10
1098.1127829766376
 20
786.7436578061051
 10
1098.136672619746
 20
786.9973430638751
 10
1098.165871072434
 20
787.2305514846948
 10
1098.2003783347016
 20
787.4432830685647
 10
1098.2401944065489
 20
787.6355378154844
 10
1098.3812570610935
 20
788.1264763013729
 10
1098.5698462013988
 20
788.5800003197478
 10
1098.8059618274647
 20
788.996109870609
 10
1099.089603939291
 20
789.3748049539565
 10
1099.2946883093616
 20
789.6020093639422
 10
1099.5135503042936
 20
789.8144249472418
 10
1099.746189924087
 20
790.0120517038553
 10
1099.9926071687419
 20
790.1948896337826
 10
1100.2528020382583
 20
790.3629387370237
 10
1100.526774532636
 20
790.5161990135788
 10
1100.8145246518752
 20
790.6546704634477
 10
1101.1160523959759
 20
790.7783530866304
 10
1101.7548791487256
 20
790.9818574538499
 10
1102.4376931808497
 20
791.1272177161495
 10
1103.1644944923478
 20
791.2144338735293
 10
1103.9352830832202
 20
791.2435059259892
 10
1104.5915530674458
 20
791.2237874904077
 10
1105.2093973823335
 20
791.1646321836631
 10
1105.7888160278824
 20
791.0660400057557
 10
1106.3298090040932
 20
790.9280109566851
 10
1106.8290899050355
 20
790.7591402519613
 10
1107.2833723247788
 20
790.5680231070943
 10
1107.6926562633232
 20
790.3546595220841
 10
1108.0569417206689
 20
790.1190494969306
 10
1108.3805263045706
 20
789.8665018412136
 10
1108.6677076227836
 20
789.6023253645125
 10
1108.9184856753075
 20
789.3265200668275
 10
1109.1328604621424
 20
789.0390859481585
 10
1109.3171519946927
 20
788.7306693916271
 10
1109.4776802843626
 20
788.3919167803549
 10
1109.6144453311524
 20
788.022828114342
 10
1109.7274471350618
 20
787.6234033935882
 10
1109.8159272947225
 20
787.1933898176375
 10
1109.8791274087657
 20
786.7325345860336
 10
1109.9170474771918
 20
786.2408376987767
 10
1109.9296875000005
 20
785.7182991558665
 10
1109.9296875000005
 20
781.4388930337656
  0
LWPOLYLINE
  5
23A
330
17
100
AcDbEntity
  8
line engraving
 62
1
420
16711680
100
AcDbPolyline
 90
44
 70
0
 10
1108.5301841746252
 20
783.0082782656891
 10
1108.5301841746252
 20
785.5403276347205
 10
1108.5165329499919
 20
786.0952246360208
 10
1108.4755792760918
 20
786.5869215232779
 10
1108.407323152925
 20
787.0154182964915
 10
1108.3117645804916
 20
787.3807149556618
 10
1108.191431563353
 20
787.697473927247
 10
1108.0488521060713
 20
787.9803576377049
 10
1107.8840262086464
 20
788.2293660870355
 10
1107.6969538710782
 20
788.444499275239
 10
1107.3938461241264
 20
788.7081701510276
 10
1107.0427062905019
 20
788.9409993711632
 10
1106.6435343702042
 20
789.1429869356457
 10
1106.1963303632338
 20
789.3141328444749
 10
1105.7000830677657
 20
789.4503922903523
 10
1105.1537812819752
 20
789.547720465979
 10
1104.5574250058626
 20
789.606117371355
 10
1103.9110142394275
 20
789.6255830064804
 10
1103.45932302436
 20
789.6160397892598
 10
1103.0345550578747
 20
789.5874101375982
 10
1102.636710339972
 20
789.5396940514955
 10
1102.265788870652
 20
789.4728915309518
 10
1101.921790649914
 20
789.3870025759669
 10
1101.6047156777588
 20
789.2820271865409
 10
1101.314563954186
 20
789.1579653626738
 10
1101.0513354791956
 20
789.0148171043658
 10
1100.8118702470854
 20
788.8580176214243
 10
1100.5930082521534
 20
788.6930021236573
 10
1100.3947494943995
 20
788.5197706110645
 10
1100.217093973824
 20
788.3383230836462
 10
1100.0600416904263
 20
788.1486595414021
 10
1099.9235926442066
 20
787.9507799843326
 10
1099.8077468351653
 20
787.7446844124373
 10
1099.712504263302
 20
787.5303728257164
 10
1099.655624160663
 20
787.360617319396
 10
1099.6063280717092
 20
787.1668457697393
 10
1099.5646159964406
 20
786.949058176746
 10
1099.5304879348573
 20
786.7072545404163
 10
1099.5039438869592
 20
786.4414348607501
 10
1099.4849838527462
 20
786.1515991377474
 10
1099.4736078322182
 20
785.8377473714083
 10
1099.4698158253757
 20
785.4998795617328
 10
1099.4698158253757
 20
783.0082782656891
 10
1108.5301841746252
 20
783.0082782656891
  0
LWPOLYLINE
  5
23B
330
17
100
AcDbEntity
  8
cut
 62
5
420
255
100
AcDbPolyline
 90
4
 70
1
 10
552.6000000000004
 20
408.0000000000003
 10
312.0000000000002
 20
408.00000000000034
 42
0.9999999999999999
 10
312.0000000000002
 20
348.0000000000003
 10
552.6000000000004
 20
348.0000000000003
 42
0.9999999999999999
  0
CIRCLE
  5
23C
330
17
100
AcDbEntity
  8
cut
 62
5
420
255
100
AcDbCircle
 10
552.6000000000004
 20
378.0000000000002
 30
0.0
 40
10.9
  0
CIRCLE
  5
23D
330
17
100
AcDbEntity
  8
cut
 62
5
420
255
100
AcDbCircle
 10
312.0000000000002
 20
378.0000000000003
 30
0.0
 40
10.9
  0
LWPOLYLINE
  5
23E
330
17
100
AcDbEntity
  8
line engraving
 62
1
420
16711680
100
AcDbPolyline
 90
7
 70
0
 10
393.3814940740112
 20
372.0703125000003
 10
393.3814940740112
 20
383.9296875000003
 10
394.9508793059348
 20
383.9296875000003
 10
394.9508793059348
 20
373.46981582537546
 10
400.7915810453618
 20
373.46981582537546
 10
400.7915810453618
 20
372.0703125000003
 10
393.3814940740112
 20
372.0703125000003
  0
LWPOLYLINE
  5
23F
330
17
100
AcDbEntity
  8
line engraving
 62
1
420
16711680
100
AcDbPolyline
 90
5
 70
0
 10
402.48231049624854
 20
382.2551372783086
 10
402.48231049624854
 20
383.9296875000003
 10
403.93844112380657
 20
383.9296875000003
 10
403.93844112380657
 20
382.2551372783086
 10
402.48231049624854
 20
382.2551372783086
  0
LWPOLYLINE
  5
240
330
17
100
AcDbEntity
  8
line engraving
 62
1
420
16711680
100
AcDbPolyline
 90
5
 70
0
 10
402.48231049624854
 20
372.0703125000003
 10
402.48231049624854
 20
380.66148320259236
 10
403.93844112380657
 20
380.66148320259236
 10
403.93844112380657
 20
372.0703125000003
 10
402.48231049624854
 20
372.0703125000003
  0
LWPOLYLINE
  5
241
330
17
100
AcDbEntity
  8
line engraving
 62
1
420
16711680
100
AcDbPolyline
 90
61
 70
0
 10
406.15499552353367
 20
372.0703125000003
 10
406.15499552353367
 20
380.66148320259236
 10
407.4655130883359
 20
380.66148320259236
 10
407.4655130883359
 20
379.4399513983632
 10
407.7152799390351
 20
379.7717519970906
 10
407.99133803717626
 20
380.05931251598764
 10
408.29368738275946
 20
380.30263295505443
 10
408.62232797578474
 20
380.5017133142909
 10
408.97725981625194
 20
380.65655359369697
 10
409.35848290416124
 20
380.76715379327277
 10
409.76599723951256
 20
380.8335139130183
 10
410.19980282230586
 20
380.85563395293343
 10
410.58026750884665
 20
380.83819072145747
 10
410.94505856710464
 20
380.7858610270296
 10
411.29417599707995
 20
380.69864486964985
 10
411.62761979877246
 20
380.57654224931815
 10
411.93274994937354
 20
380.4261259778951
 10
412.1969264260746
 20
380.25396886724104
 10
412.4201492288756
 20
380.0600709173562
 10
412.6024183577765
 20
379.8444321282404
 10
412.7520762278311
 20
379.6073053003499
 10
412.877465254093
 20
379.3489432341408
 10
412.97858543656235
 20
379.0693459296132
 10
413.055436775239
 20
378.768513386767
 10
413.09082883910327
 20
378.5283529534024
 10
413.11610888472063
 20
378.2123523831858
 10
413.13127691209104
 20
377.82051167611723
 10
413.1363329212145
 20
377.35283083219673
 10
413.1363329212145
 20
372.0703125000003
 10
411.68020229365646
 20
372.0703125000003
 10
411.68020229365646
 20
377.29620353001394
 10
411.6695846744972
 20
377.71307148224366
 10
411.63773181701936
 20
378.0738177332029
 10
411.58464372122296
 20
378.3784422828917
 10
411.51032038710804
 20
378.62694513131
 10
411.4089474041826
 20
378.83626390902145
 10
411.2747103619546
 20
379.0233362465896
 10
411.10760926042406
 20
379.1881621440146
 10
410.907644099591
 20
379.3307416012963
 10
410.68189329222827
 20
379.4457658088552
 10
410.4374352511087
 20
379.5279259571115
 10
410.1742699762323
 20
379.5772220460653
 10
409.89239746759915
 20
379.59365407571653
 10
409.6638026551045
 20
379.5844268590662
 10
409.4431710569793
 20
379.5567452091152
 10
409.23050267322355
 20
379.5106091258636
 10
409.0257975038372
 20
379.44601860931135
 10
408.8290555488204
 20
379.3629736594584
 10
408.64027680817304
 20
379.26147427630485
 10
408.4594612818951
 20
379.14152045985065
 10
408.2866089699866
 20
379.00311221009576
 10
408.1282926843081
 20
378.83891831381123
 10
407.9910852367201
 20
378.641607557768
 10
407.87498662722254
 20
378.4111799419661
 10
407.7799968558154
 20
378.14763546640546
 10
407.7061159224988
 20
377.85097413108616
 10
407.65334382727264
 20
377.52119593600816
 10
407.6216805701369
 20
377.15830088117144
 10
407.6111261510917
 20
376.762288966576
 10
407.6111261510917
 20
372.0703125000003
 10
406.15499552353367
 20
372.0703125000003
  0
LWPOLYLINE
  5
242
330
17
100
AcDbEntity
  8
line engraving
 62
1
420
16711680
100
AcDbPolyline
 90
13
 70
0
 10
415.37715616473423
 20
372.0703125000003
 10
415.37715616473423
 20
383.9296875000003
 10
416.8332867922922
 20
383.9296875000003
 10
416.8332867922922
 20
377.16676969645323
 10
420.2794626108461
 20
380.66148320259236
 10
422.1643428120739
 20
380.66148320259236
 10
418.87995928547093
 20
377.4741750511599
 10
422.49601701057327
 20
372.0703125000003
 10
420.70012256991845
 20
372.0703125000003
 10
417.8606678461804
 20
376.4629732264669
 10
416.8332867922922
 20
375.4760402455664
 10
416.8332867922922
 20
372.0703125000003
 10
415.37715616473423
 20
372.0703125000003
  0
LWPOLYLINE
  5
243
330
17
100
AcDbEntity
  8
line engraving
 62
1
420
16711680
100
AcDbPolyline
 90
48
 70
0
 10
423.8388930337656
 20
372.0703125000003
 10
423.8388930337656
 20
383.9296875000003
 10
427.9241484055255
 20
383.9296875000003
 10
428.2597410110955
 20
383.92703309521045
 10
428.5748567797155
 20
383.919069880841
 10
428.8694957113854
 20
383.9057978568919
 10
429.14365780610535
 20
383.8872170233632
 10
429.3973430638752
 20
383.8633273802548
 10
429.63055148469505
 20
383.8341289275668
 10
429.8432830685648
 20
383.7996216652991
 10
430.0355378154846
 20
383.75980559345186
 10
430.52647630137307
 20
383.6187429389072
 10
430.9800003197479
 20
383.4301537986019
 10
431.3961098706091
 20
383.19403817253607
 10
431.7748049539566
 20
382.9103960607097
 10
432.0020093639423
 20
382.7053116906391
 10
432.2144249472419
 20
382.4864496957071
 10
432.41205170385535
 20
382.2538100759137
 10
432.59488963378266
 20
382.0073928312588
 10
432.76293873702383
 20
381.7471979617425
 10
432.9161990135789
 20
381.4732254673647
 10
433.0546704634478
 20
381.1854753481255
 10
433.1783530866306
 20
380.88394760402485
 10
433.38185745385005
 20
380.24512085127503
 10
433.52721771614966
 20
379.56230681915105
 10
433.61443387352944
 20
378.8355055076529
 10
433.64350592598936
 20
378.06471691678064
 10
433.62378749040784
 20
377.40844693255485
 10
433.5646321836633
 20
376.7906026176674
 10
433.46604000575576
 20
376.2111839721183
 10
433.32801095668515
 20
375.6701909959075
 10
433.1591402519614
 20
375.17091009496534
 10
432.9680231070944
 20
374.71662767522196
 10
432.7546595220842
 20
374.30734373667747
 10
432.5190494969307
 20
373.9430582793318
 10
432.2665018412136
 20
373.61947369543003
 10
432.00232536451256
 20
373.3322923772172
 10
431.7265200668275
 20
373.08151432469333
 10
431.43908594815855
 20
372.8671395378584
 10
431.1306693916272
 20
372.6828480053081
 10
430.791916780355
 20
372.5223197156381
 10
430.42282811434205
 20
372.38555466884833
 10
430.0234033935883
 20
372.2725528649389
 10
429.59338981763756
 20
372.18407270527825
 10
429.13253458603367
 20
372.12087259123496
 10
428.6408376987767
 20
372.08295252280897
 10
428.11829915586657
 20
372.0703125000003
 10
423.8388930337656
 20
372.0703125000003
  0
LWPOLYLINE
  5
244
330
17
100
AcDbEntity
  8
line engraving
 62
1
420
16711680
100
AcDbPolyline
 90
44
 70
0
 10
425.4082782656892
 20
373.46981582537546
 10
427.9403276347206
 20
373.46981582537546
 10
428.4952246360209
 20
373.4834670500088
 10
428.9869215232779
 20
373.52442072390886
 10
429.41541829649157
 20
373.59267684707567
 10
429.78071495566195
 20
373.68823541950917
 10
430.09747392724705
 20
373.80856843664765
 10
430.38035763770495
 20
373.9511478939294
 10
430.6293660870356
 20
374.1159737913543
 10
430.844499275239
 20
374.3030461289225
 10
431.1081701510277
 20
374.60615387587427
 10
431.3409993711633
 20
374.9572937094989
 10
431.54298693564573
 20
375.3564656297965
 10
431.71413284447505
 20
375.803669636767
 10
431.85039229035243
 20
376.2999169322351
 10
431.9477204659791
 20
376.8462187180255
 10
432.0061173713551
 20
377.4425749941382
 10
432.0255830064805
 20
378.0889857605733
 10
432.01603978925993
 20
378.54067697564085
 10
431.9874101375983
 20
378.96544494212594
 10
431.9396940514956
 20
379.3632896600286
 10
431.87289153095185
 20
379.73421112934886
 10
431.787002575967
 20
380.07820935008664
 10
431.682027186541
 20
380.39528432224193
 10
431.557965362674
 20
380.6854360458148
 10
431.4148171043659
 20
380.9486645208052
 10
431.2580176214244
 20
381.1881297529153
 10
431.09300212365736
 20
381.4069917478473
 10
430.9197706110646
 20
381.6052505056012
 10
430.73832308364626
 20
381.78290602617693
 10
430.5486595414023
 20
381.9399583095746
 10
430.35077998433263
 20
382.0764073557941
 10
430.1446844124374
 20
382.1922531648355
 10
429.9303728257165
 20
382.28749573669876
 10
429.76061731939615
 20
382.3443758393378
 10
429.56684576973936
 20
382.39367192829155
 10
429.3490581767461
 20
382.4353840035601
 10
429.10725454041636
 20
382.46951206514353
 10
428.84143486075016
 20
382.49605611304173
 10
428.55159913774753
 20
382.5150161472547
 10
428.23774737140843
 20
382.5263921677825
 10
427.89987956173286
 20
382.5301841746251
 10
425.4082782656892
 20
382.5301841746251
 10
425.4082782656892
 20
373.46981582537546
  0
LWPOLYLINE
  5
245
330
17
100
AcDbEntity
  8
cut
 62
5
420
255
100
AcDbPolyline
 90
4
 70
1
 10
859.2000000000005
 20
408.0000000000003
 10
618.6000000000004
 20
408.00000000000034
 42
0.9999999999999999
 10
618.6000000000004
 20
348.0000000000003
 10
859.2000000000005
 20
348.0000000000003
 42
0.9999999999999999
  0
CIRCLE
  5
246
330
17
100
AcDbEntity
  8
cut
 62
5
420
255
100
AcDbCircle
 10
859.2000000000005
 20
378.0000000000002
 30
0.0
 40
10.9
  0
CIRCLE
  5
247
330
17
100
AcDbEntity
  8
cut
 62
5
420
255
100
AcDbCircle
 10
618.6000000000004
 20
378.0000000000003
 30
0.0
 40
10.9
  0
LWPOLYLINE
  5
248
330
17
100
AcDbEntity
  8
line engraving
 62
1
420
16711680
100
AcDbPolyline
 90
7
 70
0
 10
699.9814940740114
 20
372.0703125000003
 10
699.9814940740114
 20
383.9296875000003
 10
701.5508793059349
 20
383.9296875000003
 10
701.5508793059349
 20
373.46981582537546
 10
707.3915810453619
 20
373.46981582537546
 10
707.3915810453619
 20
372.0703125000003
 10
699.9814940740114
 20
372.0703125000003
  0
LWPOLYLINE
  5
249
330
17
100
AcDbEntity
  8
line engraving
 62
1
420
16711680
100
AcDbPolyline
 90
5
 70
0
 10
709.0823104962487
 20
382.2551372783086
 10
709.0823104962487
 20
383.9296875000003
 10
710.5384411238067
 20
383.9296875000003
 10
710.5384411238067
 20
382.2551372783086
 10
709.0823104962487
 20
382.2551372783086
  0
LWPOLYLINE
  5
24A
330
17
100
AcDbEntity
  8
line engraving
 62
1
420
16711680
100
AcDbPolyline
 90
5
 70
0
 10
709.0823104962487
 20
372.0703125000003
 10
709.0823104962487
 20
380.66148320259236
 10
710.5384411238067
 20
380.66148320259236
 10
710.5384411238067
 20
372.0703125000003
 10
709.0823104962487
 20
372.0703125000003
  0
LWPOLYLINE
  5
24B
330
17
100
AcDbEntity
  8
line engraving
 62
1
420
16711680
100
AcDbPolyline
 90
61
 70
0
 10
712.7549955235338
 20
372.0703125000003
 10
712.7549955235338
 20
380.66148320259236
 10
714.065513088336
 20
380.66148320259236
 10
714.065513088336
 20
379.4399513983632
 10
714.3152799390352
 20
379.7717519970906
 10
714.5913380371765
 20
380.05931251598764
 10
714.8936873827596
 20
380.30263295505443
 10
715.2223279757849
 20
380.5017133142909
 10
715.5772598162521
 20
380.65655359369697
 10
715.9584829041614
 20
380.76715379327277
 10
716.3659972395127
 20
380.8335139130183
 10
716.799802822306
 20
380.85563395293343
 10
717.1802675088468
 20
380.83819072145747
 10
717.5450585671048
 20
380.7858610270296
 10
717.8941759970801
 20
380.69864486964985
 10
718.2276197987726
 20
380.57654224931815
 10
718.5327499493737
 20
380.4261259778951
 10
718.7969264260748
 20
380.25396886724104
 10
719.0201492288758
 20
380.0600709173562
 10
719.2024183577767
 20
379.8444321282404
 10
719.3520762278313
 20
379.6073053003499
 10
719.4774652540932
 20
379.3489432341408
 10
719.5785854365625
 20
379.0693459296132
 10
719.6554367752392
 20
378.768513386767
 10
719.6908288391035
 20
378.5283529534024
 10
719.7161088847208
 20
378.2123523831858
 10
719.7312769120912
 20
377.82051167611723
 10
719.7363329212146
 20
377.35283083219673
 10
719.7363329212146
 20
372.0703125000003
 10
718.2802022936567
 20
372.0703125000003
 10
718.2802022936567
 20
377.29620353001394
 10
718.2695846744974
 20
377.71307148224366
 10
718.2377318170195
 20
378.0738177332029
 10
718.1846437212232
 20
378.3784422828917
 10
718.1103203871082
 20
378.62694513131
 10
718.0089474041828
 20
378.83626390902145
 10
717.8747103619547
 20
379.0233362465896
 10
717.7076092604242
 20
379.1881621440146
 10
717.5076440995912
 20
379.3307416012963
 10
717.2818932922285
 20
379.4457658088552
 10
717.037435251109
 20
379.5279259571115
 10
716.7742699762325
 20
379.5772220460653
 10
716.4923974675993
 20
379.59365407571653
 10
716.2638026551047
 20
379.5844268590662
 10
716.0431710569794
 20
379.5567452091152
 10
715.8305026732237
 20
379.5106091258636
 10
715.6257975038374
 20
379.44601860931135
 10
715.4290555488205
 20
379.3629736594584
 10
715.2402768081732
 20
379.26147427630485
 10
715.0594612818953
 20
379.14152045985065
 10
714.8866089699868
 20
379.00311221009576
 10
714.7282926843083
 20
378.83891831381123
 10
714.5910852367202
 20
378.641607557768
 10
714.4749866272226
 20
378.4111799419661
 10
714.3799968558155
 20
378.14763546640546
 10
714.3061159224989
 20
377.85097413108616
 10
714.2533438272727
 20
377.52119593600816
 10
714.221680570137
 20
377.15830088117144
 10
714.2111261510918
 20
376.762288966576
 10
714.2111261510918
 20
372.0703125000003
 10
712.7549955235338
 20
372.0703125000003
  0
LWPOLYLINE
  5
24C
330
17
100
AcDbEntity
  8
line engraving
 62
1
420
16711680
100
AcDbPolyline
 90
13
 70
0
 10
721.9771561647344
 20
372.0703125000003
 10
721.9771561647344
 20
383.9296875000003
 10
723.4332867922924
 20
383.9296875000003
 10
723.4332867922924
 20
377.16676969645323
 10
726.8794626108463
 20
380.66148320259236
 10
728.7643428120741
 20
380.66148320259236
 10
725.4799592854711
 20
377.4741750511599
 10
729.0960170105734
 20
372.0703125000003
 10
727.3001225699186
 20
372.0703125000003
 10
724.4606678461805
 20
376.4629732264669
 10
723.4332867922924
 20
375.4760402455664
 10
723.4332867922924
 20
372.0703125000003
 10
721.9771561647344
 20
372.0703125000003
  0
LWPOLYLINE
  5
24D
330
17
100
AcDbEntity
  8
line engraving
 62
1
420
16711680
100
AcDbPolyline
 90
48
 70
0
 10
730.4388930337658
 20
372.0703125000003
 10
730.4388930337658
 20
383.9296875000003
 10
734.5241484055257
 20
383.9296875000003
 10
734.8597410110957
 20
383.92703309521045
 10
735.1748567797156
 20
383.919069880841
 10
735.4694957113855
 20
383.9057978568919
 10
735.7436578061054
 20
383.8872170233632
 10
735.9973430638753
 20
383.8633273802548
 10
736.2305514846951
 20
383.8341289275668
 10
736.4432830685649
 20
383.7996216652991
 10
736.6355378154847
 20
383.75980559345186
 10
737.1264763013731
 20
383.6187429389072
 10
737.580000319748
 20
383.4301537986019
 10
737.9961098706092
 20
383.19403817253607
 10
738.3748049539568
 20
382.9103960607097
 10
738.6020093639424
 20
382.7053116906391
 10
738.8144249472421
 20
382.4864496957071
 10
739.0120517038555
 20
382.2538100759137
 10
739.1948896337829
 20
382.0073928312588
 10
739.3629387370239
 20
381.7471979617425
 10
739.516199013579
 20
381.4732254673647
 10
739.6546704634479
 20
381.1854753481255
 10
739.7783530866307
 20
380.88394760402485
 10
739.9818574538501
 20
380.24512085127503
 10
740.1272177161497
 20
379.56230681915105
 10
740.2144338735295
 20
378.8355055076529
 10
740.2435059259894
 20
378.06471691678064
 10
740.223787490408
 20
377.40844693255485
 10
740.1646321836633
 20
376.7906026176674
 10
740.0660400057559
 20
376.2111839721183
 10
739.9280109566853
 20
375.6701909959075
 10
739.7591402519615
 20
375.17091009496534
 10
739.5680231070945
 20
374.71662767522196
 10
739.3546595220844
 20
374.30734373667747
 10
739.1190494969309
 20
373.9430582793318
 10
738.8665018412138
 20
373.61947369543003
 10
738.6023253645127
 20
373.3322923772172
 10
738.3265200668277
 20
373.08151432469333
 10
738.0390859481587
 20
372.8671395378584
 10
737.7306693916273
 20
372.6828480053081
 10
737.3919167803551
 20
372.5223197156381
 10
737.0228281143422
 20
372.38555466884833
 10
736.6234033935884
 20
372.2725528649389
 10
736.1933898176377
 20
372.18407270527825
 10
735.7325345860338
 20
372.12087259123496
 10
735.2408376987769
 20
372.08295252280897
 10
734.7182991558667
 20
372.0703125000003
 10
730.4388930337658
 20
372.0703125000003
  0
LWPOLYLINE
  5
24E
330
17
100
AcDbEntity
  8
line engraving
 62
1
420
16711680
100
AcDbPolyline
 90
44
 70
0
 10
732.0082782656893
 20
373.46981582537546
 10
734.5403276347207
 20
373.46981582537546
 10
735.095224636021
 20
373.4834670500088
 10
735.5869215232781
 20
373.52442072390886
 10
736.0154182964917
 20
373.59267684707567
 10
736.380714955662
 20
373.68823541950917
 10
736.6974739272472
 20
373.80856843664765
 10
736.9803576377051
 20
373.9511478939294
 10
737.2293660870357
 20
374.1159737913543
 10
737.4444992752392
 20
374.3030461289225
 10
737.7081701510278
 20
374.60615387587427
 10
737.9409993711635
 20
374.9572937094989
 10
738.1429869356459
 20
375.3564656297965
 10
738.3141328444751
 20
375.803669636767
 10
738.4503922903525
 20
376.2999169322351
 10
738.5477204659792
 20
376.8462187180255
 10
738.6061173713553
 20
377.4425749941382
 10
738.6255830064806
 20
378.0889857605733
 10
738.6160397892601
 20
378.54067697564085
 10
738.5874101375985
 20
378.96544494212594
 10
738.5396940514958
 20
379.3632896600286
 10
738.472891530952
 20
379.73421112934886
 10
738.3870025759671
 20
380.07820935008664
 10
738.2820271865411
 20
380.39528432224193
 10
738.1579653626741
 20
380.6854360458148
 10
738.014817104366
 20
380.9486645208052
 10
737.8580176214246
 20
381.1881297529153
 10
737.6930021236575
 20
381.4069917478473
 10
737.5197706110647
 20
381.6052505056012
 10
737.3383230836464
 20
381.78290602617693
 10
737.1486595414024
 20
381.9399583095746
 10
736.9507799843328
 20
382.0764073557941
 10
736.7446844124376
 20
382.1922531648355
 10
736.5303728257167
 20
382.28749573669876
 10
736.3606173193963
 20
382.3443758393378
 10
736.1668457697396
 20
382.39367192829155
 10
735.9490581767462
 20
382.4353840035601
 10
735.7072545404166
 20
382.46951206514353
 10
735.4414348607503
 20
382.49605611304173
 10
735.1515991377477
 20
382.5150161472547
 10
734.8377473714086
 20
382.5263921677825
 10
734.499879561733
 20
382.5301841746251
 10
732.0082782656893
 20
382.5301841746251
 10
732.0082782656893
 20
373.46981582537546
  0
LWPOLYLINE
  5
24F
330
17
100
AcDbEntity
  8
cut
 62
5
420
255
100
AcDbPolyline
 90
4
 70
1
 10
552.6000000000004
 20
474.0000000000004
 10
312.0000000000002
 20
474.00000000000045
 42
0.9999999999999999
 10
312.0000000000002
 20
414.0000000000004
 10
552.6000000000004
 20
414.0000000000004
 42
0.9999999999999999
  0
CIRCLE
  5
250
330
17
100
AcDbEntity
  8
cut
 62
5
420
255
100
AcDbCircle
 10
552.6000000000004
 20
444.00000000000034
 30
0.0
 40
10.9
  0
CIRCLE
  5
251
330
17
100
AcDbEntity
  8
cut
 62
5
420
255
100
AcDbCircle
 10
312.0000000000002
 20
444.0000000000004
 30
0.0
 40
10.9
  0
LWPOLYLINE
  5
252
330
17
100
AcDbEntity
  8
line engraving
 62
1
420
16711680
100
AcDbPolyline
 90
7
 70
0
 10
393.3814940740112
 20
438.0703125000004
 10
393.3814940740112
 20
449.9296875000004
 10
394.9508793059348
 20
449.9296875000004
 10
394.9508793059348
 20
439.4698158253756
 10
400.7915810453618
 20
439.4698158253756
 10
400.7915810453618
 20
438.0703125000004
 10
393.3814940740112
 20
438.0703125000004
  0
LWPOLYLINE
  5
253
330
17
100
AcDbEntity
  8
line engraving
 62
1
420
16711680
100
AcDbPolyline
 90
5
 70
0
 10
402.48231049624854
 20
448.2551372783087
 10
402.48231049624854
 20
449.9296875000004
 10
403.93844112380657
 20
449.9296875000004
 10
403.93844112380657
 20
448.2551372783087
 10
402.48231049624854
 20
448.2551372783087
  0
LWPOLYLINE
  5
254
330
17
100
AcDbEntity
  8
line engraving
 62
1
420
16711680
100
AcDbPolyline
 90
5
 70
0
 10
402.48231049624854
 20
438.0703125000004
 10
402.48231049624854
 20
446.6614832025925
 10
403.93844112380657
 20
446.6614832025925
 10
403.93844112380657
 20
438.0703125000004
 10
402.48231049624854
 20
438.0703125000004
  0
LWPOLYLINE
  5
255
330
17
100
AcDbEntity
  8
line engraving
 62
1
420
16711680
100
AcDbPolyline
 90
61
 70
0
 10
406.15499552353367
 20
438.0703125000004
 10
406.15499552353367
 20
446.6614832025925
 10
407.4655130883359
 20
446.6614832025925
 10
407.4655130883359
 20
445.4399513983633
 10
407.7152799390351
 20
445.7717519970907
 10
407.99133803717626
 20
446.05931251598776
 10
408.29368738275946
 20
446.30263295505455
 10
408.62232797578474
 20
446.501713314291
 10
408.97725981625194
 20
446.6565535936971
 10
409.35848290416124
 20
446.7671537932729
 10
409.76599723951256
 20
446.8335139130184
 10
410.19980282230586
 20
446.85563395293354
 10
410.58026750884665
 20
446.8381907214576
 10
410.94505856710464
 20
446.78586102702974
 10
411.29417599707995
 20
446.69864486964997
 10
411.62761979877246
 20
446.57654224931827
 10
411.93274994937354
 20
446.4261259778952
 10
412.1969264260746
 20
446.25396886724116
 10
412.4201492288756
 20
446.0600709173563
 10
412.6024183577765
 20
445.8444321282405
 10
412.7520762278311
 20
445.60730530035
 10
412.877465254093
 20
445.3489432341409
 10
412.97858543656235
 20
445.0693459296133
 10
413.055436775239
 20
444.7685133867671
 10
413.09082883910327
 20
444.52835295340253
 10
413.11610888472063
 20
444.21235238318593
 10
413.13127691209104
 20
443.82051167611735
 10
413.1363329212145
 20
443.35283083219684
 10
413.1363329212145
 20
438.0703125000004
 10
411.68020229365646
 20
438.0703125000004
 10
411.68020229365646
 20
443.29620353001405
 10
411.6695846744972
 20
443.7130714822438
 10
411.63773181701936
 20
444.073817733203
 10
411.58464372122296
 20
444.3784422828918
 10
411.51032038710804
 20
444.6269451313101
 10
411.4089474041826
 20
444.83626390902157
 10
411.2747103619546
 20
445.02333624658974
 10
411.10760926042406
 20
445.1881621440147
 10
410.907644099591
 20
445.33074160129644
 10
410.68189329222827
 20
445.4457658088553
 10
410.4374352511087
 20
445.5279259571116
 10
410.1742699762323
 20
445.5772220460654
 10
409.89239746759915
 20
445.59365407571664
 10
409.6638026551045
 20
445.5844268590663
 10
409.4431710569793
 20
445.5567452091153
 10
409.23050267322355
 20
445.5106091258637
 10
409.0257975038372
 20
445.44601860931147
 10
408.8290555488204
 20
445.36297365945853
 10
408.64027680817304
 20
445.26147427630497
 10
408.4594612818951
 20
445.14152045985077
 10
408.2866089699866
 20
445.0031122100959
 10
408.1282926843081
 20
444.83891831381135
 10
407.9910852367201
 20
444.6416075577681
 10
407.87498662722254
 20
444.4111799419662
 10
407.7799968558154
 20
444.1476354664056
 10
407.7061159224988
 20
443.8509741310863
 10
407.65334382727264
 20
443.52119593600827
 10
407.6216805701369
 20
443.15830088117156
 10
407.6111261510917
 20
442.76228896657614
 10
407.6111261510917
 20
438.0703125000004
 10
406.15499552353367
 20
438.0703125000004
  0
LWPOLYLINE
  5
256
330
17
100
AcDbEntity
  8
line engraving
 62
1
420
16711680
100
AcDbPolyline
 90
13
 70
0
 10
415.37715616473423
 20
438.0703125000004
 10
415.37715616473423
 20
449.9296875000004
 10
416.8332867922922
 20
449.9296875000004
 10
416.8332867922922
 20
443.16676969645334
 10
420.2794626108461
 20
446.6614832025925
 10
422.1643428120739
 20
446.6614832025925
 10
418.87995928547093
 20
443.47417505116
 10
422.49601701057327
 20
438.0703125000004
 10
420.70012256991845
 20
438.0703125000004
 10
417.8606678461804
 20
442.462973226467
 10
416.8332867922922
 20
441.47604024556654
 10
416.8332867922922
 20
438.0703125000004
 10
415.37715616473423
 20
438.0703125000004
  0
LWPOLYLINE
  5
257
330
17
100
AcDbEntity
  8
line engraving
 62
1
420
16711680
100
AcDbPolyline
 90
48
 70
0
 10
423.8388930337656
 20
438.0703125000004
 10
423.8388930337656
 20
449.9296875000004
 10
427.9241484055255
 20
449.9296875000004
 10
428.2597410110955
 20
449.92703309521056
 10
428.5748567797155
 20
449.9190698808411
 10
428.8694957113854
 20
449.90579785689204
 10
429.14365780610535
 20
449.8872170233633
 10
429.3973430638752
 20
449.86332738025493
 10
429.63055148469505
 20
449.8341289275669
 10
429.8432830685648
 20
449.79962166529924
 10
430.0355378154846
 20
449.759805593452
 10
430.52647630137307
 20
449.6187429389073
 10
430.9800003197479
 20
449.430153798602
 10
431.3961098706091
 20
449.1940381725362
 10
431.7748049539566
 20
448.9103960607098
 10
432.0020093639423
 20
448.70531169063923
 10
432.2144249472419
 20
448.4864496957072
 10
432.41205170385535
 20
448.2538100759138
 10
432.59488963378266
 20
448.0073928312589
 10
432.76293873702383
 20
447.7471979617426
 10
432.9161990135789
 20
447.47322546736484
 10
433.0546704634478
 20
447.18547534812564
 10
433.1783530866306
 20
446.88394760402497
 10
433.38185745385005
 20
446.24512085127515
 10
433.52721771614966
 20
445.56230681915116
 10
433.61443387352944
 20
444.835505507653
 10
433.64350592598936
 20
444.06471691678075
 10
433.62378749040784
 20
443.40844693255497
 10
433.5646321836633
 20
442.7906026176675
 10
433.46604000575576
 20
442.2111839721184
 10
433.32801095668515
 20
441.6701909959076
 10
433.1591402519614
 20
441.17091009496545
 10
432.9680231070944
 20
440.71662767522207
 10
432.7546595220842
 20
440.3073437366776
 10
432.5190494969307
 20
439.9430582793319
 10
432.2665018412136
 20
439.61947369543014
 10
432.00232536451256
 20
439.3322923772173
 10
431.7265200668275
 20
439.08151432469344
 10
431.43908594815855
 20
438.8671395378585
 10
431.1306693916272
 20
438.6828480053082
 10
430.791916780355
 20
438.5223197156382
 10
430.42282811434205
 20
438.38555466884844
 10
430.0234033935883
 20
438.27255286493903
 10
429.59338981763756
 20
438.18407270527837
 10
429.13253458603367
 20
438.12087259123507
 10
428.6408376987767
 20
438.0829525228091
 10
428.11829915586657
 20
438.0703125000004
 10
423.8388930337656
 20
438.0703125000004
  0
LWPOLYLINE
  5
258
330
17
100
AcDbEntity
  8
line engraving
 62
1
420
16711680
100
AcDbPolyline
 90
44
 70
0
 10
425.4082782656892
 20
439.4698158253756
 10
427.9403276347206
 20
439.4698158253756
 10
428.4952246360209
 20
439.4834670500089
 10
428.9869215232779
 20
439.524420723909
 10
429.41541829649157
 20
439.5926768470758
 10
429.78071495566195
 20
439.6882354195093
 10
430.09747392724705
 20
439.80856843664776
 10
430.38035763770495
 20
439.9511478939295
 10
430.6293660870356
 20
440.1159737913544
 10
430.844499275239
 20
440.30304612892263
 10
431.1081701510277
 20
440.6061538758744
 10
431.3409993711633
 20
440.957293709499
 10
431.54298693564573
 20
441.3564656297966
 10
431.71413284447505
 20
441.8036696367671
 10
431.85039229035243
 20
442.2999169322352
 10
431.9477204659791
 20
442.8462187180256
 10
432.0061173713551
 20
443.44257499413834
 10
432.0255830064805
 20
444.0889857605734
 10
432.01603978925993
 20
444.54067697564096
 10
431.9874101375983
 20
444.96544494212606
 10
431.9396940514956
 20
445.3632896600287
 10
431.87289153095185
 20
445.734211129349
 10
431.787002575967
 20
446.07820935008675
 10
431.682027186541
 20
446.39528432224205
 10
431.557965362674
 20
446.6854360458149
 10
431.4148171043659
 20
446.9486645208053
 10
431.2580176214244
 20
447.1881297529154
 10
431.09300212365736
 20
447.4069917478474
 10
430.9197706110646
 20
447.6052505056013
 10
430.73832308364626
 20
447.78290602617705
 10
430.5486595414023
 20
447.9399583095747
 10
430.35077998433263
 20
448.07640735579423
 10
430.1446844124374
 20
448.1922531648356
 10
429.9303728257165
 20
448.2874957366989
 10
429.76061731939615
 20
448.3443758393379
 10
429.56684576973936
 20
448.39367192829167
 10
429.3490581767461
 20
448.4353840035602
 10
429.10725454041636
 20
448.46951206514365
 10
428.84143486075016
 20
448.49605611304185
 10
428.55159913774753
 20
448.5150161472548
 10
428.23774737140843
 20
448.5263921677826
 10
427.89987956173286
 20
448.5301841746252
 10
425.4082782656892
 20
448.5301841746252
 10
425.4082782656892
 20
439.4698158253756
  0
LWPOLYLINE
  5
259
330
17
100
AcDbEntity
  8
cut
 62
5
420
255
100
AcDbPolyline
 90
4
 70
1
 10
859.2000000000005
 20
474.0000000000004
 10
618.6000000000004
 20
474.00000000000045
 42
0.9999999999999999
 10
618.6000000000004
 20
414.0000000000004
 10
859.2000000000005
 20
414.0000000000004
 42
0.9999999999999999
  0
CIRCLE
  5
25A
330
17
100
AcDbEntity
  8
cut
 62
5
420
255
100
AcDbCircle
 10
859.2000000000005
 20
444.00000000000034
 30
0.0
 40
10.9
  0
CIRCLE
  5
25B
330
17
100
AcDbEntity
  8
cut
 62
5
420
255
100
AcDbCircle
 10
618.6000000000004
 20
444.0000000000004
 30
0.0
 40
10.9
  0
LWPOLYLINE
  5
25C
330
17
100
AcDbEntity
  8
line engraving
 62
1
420
16711680
100
AcDbPolyline
 90
7
 70
0
 10
699.9814940740114
 20
438.0703125000004
 10
699.9814940740114
 20
449.9296875000004
 10
701.5508793059349
 20
449.9296875000004
 10
701.5508793059349
 20
439.4698158253756
 10
707.3915810453619
 20
439.4698158253756
 10
707.3915810453619
 20
438.0703125000004
 10
699.9814940740114
 20
438.0703125000004
  0
LWPOLYLINE
  5
25D
330
17
100
AcDbEntity
  8
line engraving
 62
1
420
16711680
100
AcDbPolyline
 90
5
 70
0
 10
709.0823104962487
 20
448.2551372783087
 10
709.0823104962487
 20
449.9296875000004
 10
710.5384411238067
 20
449.9296875000004
 10
710.5384411238067
 20
448.2551372783087
 10
709.0823104962487
 20
448.2551372783087
  0
LWPOLYLINE
  5
25E
330
17
100
AcDbEntity
  8
line engraving
 62
1
420
16711680
100
AcDbPolyline
 90
5
 70
0
 10
709.0823104962487
 20
438.0703125000004
 10
709.0823104962487
 20
446.6614832025925
 10
710.5384411238067
 20
446.6614832025925
 10
710.5384411238067
 20
438.0703125000004
 10
709.0823104962487
 20
438.0703125000004
  0
LWPOLYLINE
  5
25F
330
17
100
AcDbEntity
  8
line engraving
 62
1
420
16711680
100
AcDbPolyline
 90
61
 70
0
 10
712.7549955235338
 20
438.0703125000004
 10
712.7549955235338
 20
446.6614832025925
 10
714.065513088336
 20
446.6614832025925
 10
714.065513088336
 20
445.4399513983633
 10
714.3152799390352
 20
445.7717519970907
 10
714.5913380371765
 20
446.05931251598776
 10
714.8936873827596
 20
446.30263295505455
 10
715.2223279757849
 20
446.501713314291
 10
715.5772598162521
 20
446.6565535936971
 10
715.9584829041614
 20
446.7671537932729
 10
716.3659972395127
 20
446.8335139130184
 10
716.799802822306
 20
446.85563395293354
 10
717.1802675088468
 20
446.8381907214576
 10
717.5450585671048
 20
446.78586102702974
 10
717.8941759970801
 20
446.69864486964997
 10
718.2276197987726
 20
446.57654224931827
 10
718.5327499493737
 20
446.4261259778952
 10
718.7969264260748
 20
446.25396886724116
 10
719.0201492288758
 20
446.0600709173563
 10
719.2024183577767
 20
445.8444321282405
 10
719.3520762278313
 20
445.60730530035
 10
719.4774652540932
 20
445.3489432341409
 10
719.5785854365625
 20
445.0693459296133
 10
719.6554367752392
 20
444.7685133867671
 10
719.6908288391035
 20
444.52835295340253
 10
719.7161088847208
 20
444.21235238318593
 10
719.7312769120912
 20
443.82051167611735
 10
719.7363329212146
 20
443.35283083219684
 10
719.7363329212146
 20
438.0703125000004
 10
718.2802022936567
 20
438.0703125000004
 10
718.2802022936567
 20
443.29620353001405
 10
718.2695846744974
 20
443.7130714822438
 10
718.2377318170195
 20
444.073817733203
 10
718.1846437212232
 20
444.3784422828918
 10
718.1103203871082
 20
444.6269451313101
 10
718.0089474041828
 20
444.83626390902157
 10
717.8747103619547
 20
445.02333624658974
 10
717.7076092604242
 20
445.1881621440147
 10
717.5076440995912
 20
445.33074160129644
 10
717.2818932922285
 20
445.4457658088553
 10
717.037435251109
 20
445.5279259571116
 10
716.7742699762325
 20
445.5772220460654
 10
716.4923974675993
 20
445.59365407571664
 10
716.2638026551047
 20
445.5844268590663
 10
716.0431710569794
 20
445.5567452091153
 10
715.8305026732237
 20
445.5106091258637
 10
715.6257975038374
 20
445.44601860931147
 10
715.4290555488205
 20
445.36297365945853
 10
715.2402768081732
 20
445.26147427630497
 10
715.0594612818953
 20
445.14152045985077
 10
714.8866089699868
 20
445.0031122100959
 10
714.7282926843083
 20
444.83891831381135
 10
714.5910852367202
 20
444.6416075577681
 10
714.4749866272226
 20
444.4111799419662
 10
714.3799968558155
 20
444.1476354664056
 10
714.3061159224989
 20
443.8509741310863
 10
714.2533438272727
 20
443.52119593600827
 10
714.221680570137
 20
443.15830088117156
 10
714.2111261510918
 20
442.76228896657614
 10
714.2111261510918
 20
438.0703125000004
 10
712.7549955235338
 20
438.0703125000004
  0
LWPOLYLINE
  5
260
330
17
100
AcDbEntity
  8
line engraving
 62
1
420
16711680
100
AcDbPolyline
 90
13
 70
0
 10
721.9771561647344
 20
438.0703125000004
 10
721.9771561647344
 20
449.9296875000004
 10
723.4332867922924
 20
449.9296875000004
 10
723.4332867922924
 20
443.16676969645334
 10
726.8794626108463
 20
446.6614832025925
 10
728.7643428120741
 20
446.6614832025925
 10
725.4799592854711
 20
443.47417505116
 10
729.0960170105734
 20
438.0703125000004
 10
727.3001225699186
 20
438.0703125000004
 10
724.4606678461805
 20
442.462973226467
 10
723.4332867922924
 20
441.47604024556654
 10
723.4332867922924
 20
438.0703125000004
 10
721.9771561647344
 20
438.0703125000004
  0
LWPOLYLINE
  5
261
330
17
100
AcDbEntity
  8
line engraving
 62
1
420
16711680
100
AcDbPolyline
 90
48
 70
0
 10
730.4388930337658
 20
438.0703125000004
 10
730.4388930337658
 20
449.9296875000004
 10
734.5241484055257
 20
449.9296875000004
 10
734.8597410110957
 20
449.92703309521056
 10
735.1748567797156
 20
449.9190698808411
 10
735.4694957113855
 20
449.90579785689204
 10
735.7436578061054
 20
449.8872170233633
 10
735.9973430638753
 20
449.86332738025493
 10
736.2305514846951
 20
449.8341289275669
 10
736.4432830685649
 20
449.79962166529924
 10
736.6355378154847
 20
449.759805593452
 10
737.1264763013731
 20
449.6187429389073
 10
737.580000319748
 20
449.430153798602
 10
737.9961098706092
 20
449.1940381725362
 10
738.3748049539568
 20
448.9103960607098
 10
738.6020093639424
 20
448.70531169063923
 10
738.8144249472421
 20
448.4864496957072
 10
739.0120517038555
 20
448.2538100759138
 10
739.1948896337829
 20
448.0073928312589
 10
739.3629387370239
 20
447.7471979617426
 10
739.516199013579
 20
447.47322546736484
 10
739.6546704634479
 20
447.18547534812564
 10
739.7783530866307
 20
446.88394760402497
 10
739.9818574538501
 20
446.24512085127515
 10
740.1272177161497
 20
445.56230681915116
 10
740.2144338735295
 20
444.835505507653
 10
740.2435059259894
 20
444.06471691678075
 10
740.223787490408
 20
443.40844693255497
 10
740.1646321836633
 20
442.7906026176675
 10
740.0660400057559
 20
442.2111839721184
 10
739.9280109566853
 20
441.6701909959076
 10
739.7591402519615
 20
441.17091009496545
 10
739.5680231070945
 20
440.71662767522207
 10
739.3546595220844
 20
440.3073437366776
 10
739.1190494969309
 20
439.9430582793319
 10
738.8665018412138
 20
439.61947369543014
 10
738.6023253645127
 20
439.3322923772173
 10
738.3265200668277
 20
439.08151432469344
 10
738.0390859481587
 20
438.8671395378585
 10
737.7306693916273
 20
438.6828480053082
 10
737.3919167803551
 20
438.5223197156382
 10
737.0228281143422
 20
438.38555466884844
 10
736.6234033935884
 20
438.27255286493903
 10
736.1933898176377
 20
438.18407270527837
 10
735.7325345860338
 20
438.12087259123507
 10
735.2408376987769
 20
438.0829525228091
 10
734.7182991558667
 20
438.0703125000004
 10
730.4388930337658
 20
438.0703125000004
  0
LWPOLYLINE
  5
262
330
17
100
AcDbEntity
  8
line engraving
 62
1
420
16711680
100
AcDbPolyline
 90
44
 70
0
 10
732.0082782656893
 20
439.4698158253756
 10
734.5403276347207
 20
439.4698158253756
 10
735.095224636021
 20
439.4834670500089
 10
735.5869215232781
 20
439.524420723909
 10
736.0154182964917
 20
439.5926768470758
 10
736.380714955662
 20
439.6882354195093
 10
736.6974739272472
 20
439.80856843664776
 10
736.9803576377051
 20
439.9511478939295
 10
737.2293660870357
 20
440.1159737913544
 10
737.4444992752392
 20
440.30304612892263
 10
737.7081701510278
 20
440.6061538758744
 10
737.9409993711635
 20
440.957293709499
 10
738.1429869356459
 20
441.3564656297966
 10
738.3141328444751
 20
441.8036696367671
 10
738.4503922903525
 20
442.2999169322352
 10
738.5477204659792
 20
442.8462187180256
 10
738.6061173713553
 20
443.44257499413834
 10
738.6255830064806
 20
444.0889857605734
 10
738.6160397892601
 20
444.54067697564096
 10
738.5874101375985
 20
444.96544494212606
 10
738.5396940514958
 20
445.3632896600287
 10
738.472891530952
 20
445.734211129349
 10
738.3870025759671
 20
446.07820935008675
 10
738.2820271865411
 20
446.39528432224205
 10
738.1579653626741
 20
446.6854360458149
 10
738.014817104366
 20
446.9486645208053
 10
737.8580176214246
 20
447.1881297529154
 10
737.6930021236575
 20
447.4069917478474
 10
737.5197706110647
 20
447.6052505056013
 10
737.3383230836464
 20
447.78290602617705
 10
737.1486595414024
 20
447.9399583095747
 10
736.9507799843328
 20
448.07640735579423
 10
736.7446844124376
 20
448.1922531648356
 10
736.5303728257167
 20
448.2874957366989
 10
736.3606173193963
 20
448.3443758393379
 10
736.1668457697396
 20
448.39367192829167
 10
735.9490581767462
 20
448.4353840035602
 10
735.7072545404166
 20
448.46951206514365
 10
735.4414348607503
 20
448.49605611304185
 10
735.1515991377477
 20
448.5150161472548
 10
734.8377473714086
 20
448.5263921677826
 10
734.499879561733
 20
448.5301841746252
 10
732.0082782656893
 20
448.5301841746252
 10
732.0082782656893
 20
439.4698158253756
  0
LWPOLYLINE
  5
263
330
17
100
AcDbEntity
  8
cut
 62
5
420
255
100
AcDbPolyline
 90
4
 70
1
 10
552.6000000000004
 20
540.0000000000003
 10
312.0000000000002
 20
540.0000000000005
 42
0.9999999999999999
 10
312.0000000000002
 20
480.0000000000004
 10
552.6000000000004
 20
480.0000000000004
 42
0.9999999999999999
  0
CIRCLE
  5
264
330
17
100
AcDbEntity
  8
cut
 62
5
420
255
100
AcDbCircle
 10
552.6000000000004
 20
510.00000000000034
 30
0.0
 40
10.9
  0
CIRCLE
  5
265
330
17
100
AcDbEntity
  8
cut
 62
5
420
255
100
AcDbCircle
 10
312.0000000000002
 20
510.0000000000004
 30
0.0
 40
10.9
  0
LWPOLYLINE
  5
266
330
17
100
AcDbEntity
  8
line engraving
 62
1
420
16711680
100
AcDbPolyline
 90
7
 70
0
 10
393.3814940740112
 20
504.0703125000004
 10
393.3814940740112
 20
515.9296875000005
 10
394.9508793059348
 20
515.9296875000005
 10
394.9508793059348
 20
505.4698158253756
 10
400.7915810453618
 20
505.4698158253756
 10
400.7915810453618
 20
504.0703125000004
 10
393.3814940740112
 20
504.0703125000004
  0
LWPOLYLINE
  5
267
330
17
100
AcDbEntity
  8
line engraving
 62
1
420
16711680
100
AcDbPolyline
 90
5
 70
0
 10
402.48231049624854
 20
514.2551372783087
 10
402.48231049624854
 20
515.9296875000005
 10
403.93844112380657
 20
515.9296875000005
 10
403.93844112380657
 20
514.2551372783087
 10
402.48231049624854
 20
514.2551372783087
  0
LWPOLYLINE
  5
268
330
17
100
AcDbEntity
  8
line engraving
 62
1
420
16711680
100
AcDbPolyline
 90
5
 70
0
 10
402.48231049624854
 20
504.0703125000004
 10
402.48231049624854
 20
512.6614832025925
 10
403.93844112380657
 20
512.6614832025925
 10
403.93844112380657
 20
504.0703125000004
 10
402.48231049624854
 20
504.0703125000004
  0
LWPOLYLINE
  5
269
330
17
100
AcDbEntity
  8
line engraving
 62
1
420
16711680
100
AcDbPolyline
 90
61
 70
0
 10
406.15499552353367
 20
504.0703125000004
 10
406.15499552353367
 20
512.6614832025925
 10
407.4655130883359
 20
512.6614832025925
 10
407.4655130883359
 20
511.4399513983633
 10
407.7152799390351
 20
511.7717519970907
 10
407.99133803717626
 20
512.0593125159878
 10
408.29368738275946
 20
512.3026329550545
 10
408.62232797578474
 20
512.501713314291
 10
408.97725981625194
 20
512.6565535936971
 10
409.35848290416124
 20
512.7671537932729
 10
409.76599723951256
 20
512.8335139130184
 10
410.19980282230586
 20
512.8556339529335
 10
410.58026750884665
 20
512.8381907214576
 10
410.94505856710464
 20
512.7858610270298
 10
411.29417599707995
 20
512.69864486965
 10
411.62761979877246
 20
512.5765422493183
 10
411.93274994937354
 20
512.4261259778953
 10
412.1969264260746
 20
512.2539688672412
 10
412.4201492288756
 20
512.0600709173563
 10
412.6024183577765
 20
511.8444321282405
 10
412.7520762278311
 20
511.60730530035
 10
412.877465254093
 20
511.3489432341409
 10
412.97858543656235
 20
511.0693459296133
 10
413.055436775239
 20
510.7685133867671
 10
413.09082883910327
 20
510.52835295340253
 10
413.11610888472063
 20
510.21235238318593
 10
413.13127691209104
 20
509.82051167611735
 10
413.1363329212145
 20
509.35283083219684
 10
413.1363329212145
 20
504.0703125000004
 10
411.68020229365646
 20
504.0703125000004
 10
411.68020229365646
 20
509.29620353001405
 10
411.6695846744972
 20
509.7130714822438
 10
411.63773181701936
 20
510.073817733203
 10
411.58464372122296
 20
510.3784422828918
 10
411.51032038710804
 20
510.6269451313101
 10
411.4089474041826
 20
510.83626390902157
 10
411.2747103619546
 20
511.02333624658974
 10
411.10760926042406
 20
511.1881621440147
 10
410.907644099591
 20
511.33074160129644
 10
410.68189329222827
 20
511.4457658088553
 10
410.4374352511087
 20
511.5279259571116
 10
410.1742699762323
 20
511.5772220460654
 10
409.89239746759915
 20
511.59365407571664
 10
409.6638026551045
 20
511.5844268590663
 10
409.4431710569793
 20
511.5567452091153
 10
409.23050267322355
 20
511.5106091258637
 10
409.0257975038372
 20
511.44601860931147
 10
408.8290555488204
 20
511.36297365945853
 10
408.64027680817304
 20
511.26147427630497
 10
408.4594612818951
 20
511.14152045985077
 10
408.2866089699866
 20
511.0031122100959
 10
408.1282926843081
 20
510.83891831381135
 10
407.9910852367201
 20
510.6416075577681
 10
407.87498662722254
 20
510.4111799419662
 10
407.7799968558154
 20
510.1476354664056
 10
407.7061159224988
 20
509.8509741310863
 10
407.65334382727264
 20
509.52119593600827
 10
407.6216805701369
 20
509.15830088117156
 10
407.6111261510917
 20
508.76228896657614
 10
407.6111261510917
 20
504.0703125000004
 10
406.15499552353367
 20
504.0703125000004
  0
LWPOLYLINE
  5
26A
330
17
100
AcDbEntity
  8
line engraving
 62
1
420
16711680
100
AcDbPolyline
 90
13
 70
0
 10
415.37715616473423
 20
504.0703125000004
 10
415.37715616473423
 20
515.9296875000005
 10
416.8332867922922
 20
515.9296875000005
 10
416.8332867922922
 20
509.16676969645334
 10
420.2794626108461
 20
512.6614832025925
 10
422.1643428120739
 20
512.6614832025925
 10
418.87995928547093
 20
509.47417505116
 10
422.49601701057327
 20
504.0703125000004
 10
420.70012256991845
 20
504.0703125000004
 10
417.8606678461804
 20
508.462973226467
 10
416.8332867922922
 20
507.47604024556654
 10
416.8332867922922
 20
504.0703125000004
 10
415.37715616473423
 20
504.0703125000004
  0
LWPOLYLINE
  5
26B
330
17
100
AcDbEntity
  8
line engraving
 62
1
420
16711680
100
AcDbPolyline
 90
48
 70
0
 10
423.8388930337656
 20
504.0703125000004
 10
423.8388930337656
 20
515.9296875000005
 10
427.9241484055255
 20
515.9296875000005
 10
428.2597410110955
 20
515.9270330952106
 10
428.5748567797155
 20
515.9190698808412
 10
428.8694957113854
 20
515.905797856892
 10
429.14365780610535
 20
515.8872170233633
 10
429.3973430638752
 20
515.863327380255
 10
429.63055148469505
 20
515.8341289275669
 10
429.8432830685648
 20
515.7996216652992
 10
430.0355378154846
 20
515.7598055934519
 10
430.52647630137307
 20
515.6187429389073
 10
430.9800003197479
 20
515.4301537986021
 10
431.3961098706091
 20
515.1940381725362
 10
431.7748049539566
 20
514.9103960607098
 10
432.0020093639423
 20
514.7053116906393
 10
432.2144249472419
 20
514.4864496957073
 10
432.41205170385535
 20
514.2538100759139
 10
432.59488963378266
 20
514.0073928312589
 10
432.76293873702383
 20
513.7471979617426
 10
432.9161990135789
 20
513.4732254673648
 10
433.0546704634478
 20
513.1854753481256
 10
433.1783530866306
 20
512.8839476040249
 10
433.38185745385005
 20
512.2451208512751
 10
433.52721771614966
 20
511.5623068191511
 10
433.61443387352944
 20
510.835505507653
 10
433.64350592598936
 20
510.06471691678075
 10
433.62378749040784
 20
509.40844693255497
 10
433.5646321836633
 20
508.7906026176675
 10
433.46604000575576
 20
508.2111839721184
 10
433.32801095668515
 20
507.6701909959076
 10
433.1591402519614
 20
507.17091009496545
 10
432.9680231070944
 20
506.71662767522207
 10
432.7546595220842
 20
506.3073437366776
 10
432.5190494969307
 20
505.9430582793319
 10
432.2665018412136
 20
505.61947369543014
 10
432.00232536451256
 20
505.3322923772173
 10
431.7265200668275
 20
505.08151432469344
 10
431.43908594815855
 20
504.8671395378585
 10
431.1306693916272
 20
504.6828480053082
 10
430.791916780355
 20
504.5223197156382
 10
430.42282811434205
 20
504.38555466884844
 10
430.0234033935883
 20
504.27255286493903
 10
429.59338981763756
 20
504.18407270527837
 10
429.13253458603367
 20
504.12087259123507
 10
428.6408376987767
 20
504.0829525228091
 10
428.11829915586657
 20
504.0703125000004
 10
423.8388930337656
 20
504.0703125000004
  0
LWPOLYLINE
  5
26C
330
17
100
AcDbEntity
  8
line engraving
 62
1
420
16711680
100
AcDbPolyline
 90
44
 70
0
 10
425.4082782656892
 20
505.4698158253756
 10
427.9403276347206
 20
505.4698158253756
 10
428.4952246360209
 20
505.4834670500089
 10
428.9869215232779
 20
505.524420723909
 10
429.41541829649157
 20
505.5926768470758
 10
429.78071495566195
 20
505.6882354195093
 10
430.09747392724705
 20
505.80856843664776
 10
430.38035763770495
 20
505.9511478939295
 10
430.6293660870356
 20
506.1159737913544
 10
430.844499275239
 20
506.30304612892263
 10
431.1081701510277
 20
506.6061538758744
 10
431.3409993711633
 20
506.957293709499
 10
431.54298693564573
 20
507.3564656297966
 10
431.71413284447505
 20
507.8036696367671
 10
431.85039229035243
 20
508.2999169322352
 10
431.9477204659791
 20
508.8462187180256
 10
432.0061173713551
 20
509.44257499413834
 10
432.0255830064805
 20
510.0889857605734
 10
432.01603978925993
 20
510.54067697564096
 10
431.9874101375983
 20
510.96544494212606
 10
431.9396940514956
 20
511.3632896600287
 10
431.87289153095185
 20
511.734211129349
 10
431.787002575967
 20
512.0782093500867
 10
431.682027186541
 20
512.395284322242
 10
431.557965362674
 20
512.6854360458149
 10
431.4148171043659
 20
512.9486645208053
 10
431.2580176214244
 20
513.1881297529154
 10
431.09300212365736
 20
513.4069917478474
 10
430.9197706110646
 20
513.6052505056014
 10
430.73832308364626
 20
513.7829060261771
 10
430.5486595414023
 20
513.9399583095748
 10
430.35077998433263
 20
514.0764073557942
 10
430.1446844124374
 20
514.1922531648356
 10
429.9303728257165
 20
514.2874957366989
 10
429.76061731939615
 20
514.3443758393379
 10
429.56684576973936
 20
514.3936719282917
 10
429.3490581767461
 20
514.4353840035602
 10
429.10725454041636
 20
514.4695120651436
 10
428.84143486075016
 20
514.4960561130418
 10
428.55159913774753
 20
514.5150161472549
 10
428.23774737140843
 20
514.5263921677827
 10
427.89987956173286
 20
514.5301841746252
 10
425.4082782656892
 20
514.5301841746252
 10
425.4082782656892
 20
505.4698158253756
  0
LWPOLYLINE
  5
26D
330
17
100
AcDbEntity
  8
cut
 62
5
420
255
100
AcDbPolyline
 90
4
 70
1
 10
552.6000000000004
 20
606.0000000000005
 10
312.0000000000002
 20
606.0000000000006
 42
0.9999999999999999
 10
312.0000000000002
 20
546.0000000000005
 10
552.6000000000004
 20
546.0000000000005
 42
0.9999999999999999
  0
CIRCLE
  5
26E
330
17
100
AcDbEntity
  8
cut
 62
5
420
255
100
AcDbCircle
 10
552.6000000000004
 20
576.0000000000005
 30
0.0
 40
10.9
  0
CIRCLE
  5
26F
330
17
100
AcDbEntity
  8
cut
 62
5
420
255
100
AcDbCircle
 10
312.0000000000002
 20
576.0000000000005
 30
0.0
 40
10.9
  0
LWPOLYLINE
  5
270
330
17
100
AcDbEntity
  8
line engraving
 62
1
420
16711680
100
AcDbPolyline
 90
7
 70
0
 10
393.3814940740112
 20
570.0703125000005
 10
393.3814940740112
 20
581.9296875000005
 10
394.9508793059348
 20
581.9296875000005
 10
394.9508793059348
 20
571.4698158253756
 10
400.7915810453618
 20
571.4698158253756
 10
400.7915810453618
 20
570.0703125000005
 10
393.3814940740112
 20
570.0703125000005
  0
LWPOLYLINE
  5
271
330
17
100
AcDbEntity
  8
line engraving
 62
1
420
16711680
100
AcDbPolyline
 90
5
 70
0
 10
402.48231049624854
 20
580.2551372783088
 10
402.48231049624854
 20
581.9296875000005
 10
403.93844112380657
 20
581.9296875000005
 10
403.93844112380657
 20
580.2551372783088
 10
402.48231049624854
 20
580.2551372783088
  0
LWPOLYLINE
  5
272
330
17
100
AcDbEntity
  8
line engraving
 62
1
420
16711680
100
AcDbPolyline
 90
5
 70
0
 10
402.48231049624854
 20
570.0703125000005
 10
402.48231049624854
 20
578.6614832025925
 10
403.93844112380657
 20
578.6614832025925
 10
403.93844112380657
 20
570.0703125000005
 10
402.48231049624854
 20
570.0703125000005
  0
LWPOLYLINE
  5
273
330
17
100
AcDbEntity
  8
line engraving
 62
1
420
16711680
100
AcDbPolyline
 90
61
 70
0
 10
406.15499552353367
 20
570.0703125000005
 10
406.15499552353367
 20
578.6614832025925
 10
407.4655130883359
 20
578.6614832025925
 10
407.4655130883359
 20
577.4399513983633
 10
407.7152799390351
 20
577.7717519970907
 10
407.99133803717626
 20
578.0593125159878
 10
408.29368738275946
 20
578.3026329550546
 10
408.62232797578474
 20
578.501713314291
 10
408.97725981625194
 20
578.6565535936973
 10
409.35848290416124
 20
578.767153793273
 10
409.76599723951256
 20
578.8335139130185
 10
410.19980282230586
 20
578.8556339529337
 10
410.58026750884665
 20
578.8381907214577
 10
410.94505856710464
 20
578.7858610270298
 10
411.29417599707995
 20
578.69864486965
 10
411.62761979877246
 20
578.5765422493183
 10
411.93274994937354
 20
578.4261259778953
 10
412.1969264260746
 20
578.2539688672413
 10
412.4201492288756
 20
578.0600709173564
 10
412.6024183577765
 20
577.8444321282406
 10
412.7520762278311
 20
577.60730530035
 10
412.877465254093
 20
577.348943234141
 10
412.97858543656235
 20
577.0693459296134
 10
413.055436775239
 20
576.7685133867672
 10
413.09082883910327
 20
576.5283529534025
 10
413.11610888472063
 20
576.212352383186
 10
413.13127691209104
 20
575.8205116761175
 10
413.1363329212145
 20
575.3528308321969
 10
413.1363329212145
 20
570.0703125000005
 10
411.68020229365646
 20
570.0703125000005
 10
411.68020229365646
 20
575.296203530014
 10
411.6695846744972
 20
575.7130714822438
 10
411.63773181701936
 20
576.073817733203
 10
411.58464372122296
 20
576.3784422828918
 10
411.51032038710804
 20
576.6269451313101
 10
411.4089474041826
 20
576.8362639090216
 10
411.2747103619546
 20
577.0233362465898
 10
411.10760926042406
 20
577.1881621440148
 10
410.907644099591
 20
577.3307416012965
 10
410.68189329222827
 20
577.4457658088553
 10
410.4374352511087
 20
577.5279259571116
 10
410.1742699762323
 20
577.5772220460655
 10
409.89239746759915
 20
577.5936540757167
 10
409.6638026551045
 20
577.5844268590664
 10
409.4431710569793
 20
577.5567452091154
 10
409.23050267322355
 20
577.5106091258638
 10
409.0257975038372
 20
577.4460186093115
 10
408.8290555488204
 20
577.3629736594586
 10
408.64027680817304
 20
577.2614742763051
 10
408.4594612818951
 20
577.1415204598509
 10
408.2866089699866
 20
577.003112210096
 10
408.1282926843081
 20
576.8389183138114
 10
407.9910852367201
 20
576.6416075577682
 10
407.87498662722254
 20
576.4111799419662
 10
407.7799968558154
 20
576.1476354664056
 10
407.7061159224988
 20
575.8509741310863
 10
407.65334382727264
 20
575.5211959360083
 10
407.6216805701369
 20
575.1583008811716
 10
407.6111261510917
 20
574.7622889665762
 10
407.6111261510917
 20
570.0703125000005
 10
406.15499552353367
 20
570.0703125000005
  0
LWPOLYLINE
  5
274
330
17
100
AcDbEntity
  8
line engraving
 62
1
420
16711680
100
AcDbPolyline
 90
13
 70
0
 10
415.37715616473423
 20
570.0703125000005
 10
415.37715616473423
 20
581.9296875000005
 10
416.8332867922922
 20
581.9296875000005
 10
416.8332867922922
 20
575.1667696964533
 10
420.2794626108461
 20
578.6614832025925
 10
422.1643428120739
 20
578.6614832025925
 10
418.87995928547093
 20
575.47417505116
 10
422.49601701057327
 20
570.0703125000005
 10
420.70012256991845
 20
570.0703125000005
 10
417.8606678461804
 20
574.462973226467
 10
416.8332867922922
 20
573.4760402455667
 10
416.8332867922922
 20
570.0703125000005
 10
415.37715616473423
 20
570.0703125000005
  0
LWPOLYLINE
  5
275
330
17
100
AcDbEntity
  8
line engraving
 62
1
420
16711680
100
AcDbPolyline
 90
48
 70
0
 10
423.8388930337656
 20
570.0703125000005
 10
423.8388930337656
 20
581.9296875000005
 10
427.9241484055255
 20
581.9296875000005
 10
428.2597410110955
 20
581.9270330952106
 10
428.5748567797155
 20
581.9190698808412
 10
428.8694957113854
 20
581.905797856892
 10
429.14365780610535
 20
581.8872170233633
 10
429.3973430638752
 20
581.863327380255
 10
429.63055148469505
 20
581.834128927567
 10
429.8432830685648
 20
581.7996216652994
 10
430.0355378154846
 20
581.759805593452
 10
430.52647630137307
 20
581.6187429389073
 10
430.9800003197479
 20
581.4301537986021
 10
431.3961098706091
 20
581.1940381725362
 10
431.7748049539566
 20
580.9103960607099
 10
432.0020093639423
 20
580.7053116906393
 10
432.2144249472419
 20
580.4864496957073
 10
432.41205170385535
 20
580.2538100759139
 10
432.59488963378266
 20
580.007392831259
 10
432.76293873702383
 20
579.7471979617427
 10
432.9161990135789
 20
579.4732254673648
 10
433.0546704634478
 20
579.1854753481257
 10
433.1783530866306
 20
578.883947604025
 10
433.38185745385005
 20
578.2451208512753
 10
433.52721771614966
 20
577.5623068191512
 10
433.61443387352944
 20
576.8355055076531
 10
433.64350592598936
 20
576.0647169167808
 10
433.62378749040784
 20
575.408446932555
 10
433.5646321836633
 20
574.7906026176676
 10
433.46604000575576
 20
574.2111839721184
 10
433.32801095668515
 20
573.6701909959077
 10
433.1591402519614
 20
573.1709100949655
 10
432.9680231070944
 20
572.7166276752222
 10
432.7546595220842
 20
572.3073437366776
 10
432.5190494969307
 20
571.9430582793319
 10
432.2665018412136
 20
571.6194736954302
 10
432.00232536451256
 20
571.3322923772173
 10
431.7265200668275
 20
571.0815143246934
 10
431.43908594815855
 20
570.8671395378585
 10
431.1306693916272
 20
570.6828480053083
 10
430.791916780355
 20
570.5223197156382
 10
430.42282811434205
 20
570.3855546688485
 10
430.0234033935883
 20
570.272552864939
 10
429.59338981763756
 20
570.1840727052784
 10
429.13253458603367
 20
570.1208725912351
 10
428.6408376987767
 20
570.0829525228091
 10
428.11829915586657
 20
570.0703125000005
 10
423.8388930337656
 20
570.0703125000005
  0
LWPOLYLINE
  5
276
330
17
100
AcDbEntity
  8
line engraving
 62
1
420
16711680
100
AcDbPolyline
 90
44
 70
0
 10
425.4082782656892
 20
571.4698158253756
 10
427.9403276347206
 20
571.4698158253756
 10
428.4952246360209
 20
571.4834670500089
 10
428.9869215232779
 20
571.524420723909
 10
429.41541829649157
 20
571.5926768470758
 10
429.78071495566195
 20
571.6882354195093
 10
430.09747392724705
 20
571.8085684366478
 10
430.38035763770495
 20
571.9511478939295
 10
430.6293660870356
 20
572.1159737913545
 10
430.844499275239
 20
572.3030461289227
 10
431.1081701510277
 20
572.6061538758744
 10
431.3409993711633
 20
572.957293709499
 10
431.54298693564573
 20
573.3564656297966
 10
431.71413284447505
 20
573.8036696367672
 10
431.85039229035243
 20
574.2999169322353
 10
431.9477204659791
 20
574.8462187180257
 10
432.0061173713551
 20
575.4425749941385
 10
432.0255830064805
 20
576.0889857605735
 10
432.01603978925993
 20
576.5406769756411
 10
431.9874101375983
 20
576.9654449421262
 10
431.9396940514956
 20
577.3632896600288
 10
431.87289153095185
 20
577.734211129349
 10
431.787002575967
 20
578.0782093500868
 10
431.682027186541
 20
578.3952843222421
 10
431.557965362674
 20
578.685436045815
 10
431.4148171043659
 20
578.9486645208053
 10
431.2580176214244
 20
579.1881297529154
 10
431.09300212365736
 20
579.4069917478474
 10
430.9197706110646
 20
579.6052505056014
 10
430.73832308364626
 20
579.7829060261771
 10
430.5486595414023
 20
579.9399583095748
 10
430.35077998433263
 20
580.0764073557942
 10
430.1446844124374
 20
580.1922531648356
 10
429.9303728257165
 20
580.2874957366989
 10
429.76061731939615
 20
580.3443758393379
 10
429.56684576973936
 20
580.3936719282917
 10
429.3490581767461
 20
580.4353840035603
 10
429.10725454041636
 20
580.4695120651437
 10
428.84143486075016
 20
580.496056113042
 10
428.55159913774753
 20
580.515016147255
 10
428.23774737140843
 20
580.5263921677828
 10
427.89987956173286
 20
580.5301841746253
 10
425.4082782656892
 20
580.5301841746253
 10
425.4082782656892
 20
571.4698158253756
  0
LWPOLYLINE
  5
277
330
17
100
AcDbEntity
  8
cut
 62
5
420
255
100
AcDbPolyline
 90
4
 70
1
 10
859.2000000000005
 20
540.0000000000003
 10
618.6000000000004
 20
540.0000000000005
 42
0.9999999999999999
 10
618.6000000000004
 20
480.0000000000004
 10
859.2000000000005
 20
480.0000000000004
 42
0.9999999999999999
  0
CIRCLE
  5
278
330
17
100
AcDbEntity
  8
cut
 62
5
420
255
100
AcDbCircle
 10
859.2000000000005
 20
510.00000000000034
 30
0.0
 40
10.9
  0
CIRCLE
  5
279
330
17
100
AcDbEntity
  8
cut
 62
5
420
255
100
AcDbCircle
 10
618.6000000000004
 20
510.0000000000004
 30
0.0
 40
10.9
  0
LWPOLYLINE
  5
27A
330
17
100
AcDbEntity
  8
line engraving
 62
1
420
16711680
100
AcDbPolyline
 90
7
 70
0
 10
699.9814940740114
 20
504.0703125000004
 10
699.9814940740114
 20
515.9296875000005
 10
701.5508793059349
 20
515.9296875000005
 10
701.5508793059349
 20
505.4698158253756
 10
707.3915810453619
 20
505.4698158253756
 10
707.3915810453619
 20
504.0703125000004
 10
699.9814940740114
 20
504.0703125000004
  0
LWPOLYLINE
  5
27B
330
17
100
AcDbEntity
  8
line engraving
 62
1
420
16711680
100
AcDbPolyline
 90
5
 70
0
 10
709.0823104962487
 20
514.2551372783087
 10
709.0823104962487
 20
515.9296875000005
 10
710.5384411238067
 20
515.9296875000005
 10
710.5384411238067
 20
514.2551372783087
 10
709.0823104962487
 20
514.2551372783087
  0
LWPOLYLINE
  5
27C
330
17
100
AcDbEntity
  8
line engraving
 62
1
420
16711680
100
AcDbPolyline
 90
5
 70
0
 10
709.0823104962487
 20
504.0703125000004
 10
709.0823104962487
 20
512.6614832025925
 10
710.5384411238067
 20
512.6614832025925
 10
710.5384411238067
 20
504.0703125000004
 10
709.0823104962487
 20
504.0703125000004
  0
LWPOLYLINE
  5
27D
330
17
100
AcDbEntity
  8
line engraving
 62
1
420
16711680
100
AcDbPolyline
 90
61
 70
0
 10
712.7549955235338
 20
504.0703125000004
 10
712.7549955235338
 20
512.6614832025925
 10
714.065513088336
 20
512.6614832025925
 10
714.065513088336
 20
511.4399513983633
 10
714.3152799390352
 20
511.7717519970907
 10
714.5913380371765
 20
512.0593125159878
 10
714.8936873827596
 20
512.3026329550545
 10
715.2223279757849
 20
512.501713314291
 10
715.5772598162521
 20
512.6565535936971
 10
715.9584829041614
 20
512.7671537932729
 10
716.3659972395127
 20
512.8335139130184
 10
716.799802822306
 20
512.8556339529335
 10
717.1802675088468
 20
512.8381907214576
 10
717.5450585671048
 20
512.7858610270298
 10
717.8941759970801
 20
512.69864486965
 10
718.2276197987726
 20
512.5765422493183
 10
718.5327499493737
 20
512.4261259778953
 10
718.7969264260748
 20
512.2539688672412
 10
719.0201492288758
 20
512.0600709173563
 10
719.2024183577767
 20
511.8444321282405
 10
719.3520762278313
 20
511.60730530035
 10
719.4774652540932
 20
511.3489432341409
 10
719.5785854365625
 20
511.0693459296133
 10
719.6554367752392
 20
510.7685133867671
 10
719.6908288391035
 20
510.52835295340253
 10
719.7161088847208
 20
510.21235238318593
 10
719.7312769120912
 20
509.82051167611735
 10
719.7363329212146
 20
509.35283083219684
 10
719.7363329212146
 20
504.0703125000004
 10
718.2802022936567
 20
504.0703125000004
 10
718.2802022936567
 20
509.29620353001405
 10
718.2695846744974
 20
509.7130714822438
 10
718.2377318170195
 20
510.073817733203
 10
718.1846437212232
 20
510.3784422828918
 10
718.1103203871082
 20
510.6269451313101
 10
718.0089474041828
 20
510.83626390902157
 10
717.8747103619547
 20
511.02333624658974
 10
717.7076092604242
 20
511.1881621440147
 10
717.5076440995912
 20
511.33074160129644
 10
717.2818932922285
 20
511.4457658088553
 10
717.037435251109
 20
511.5279259571116
 10
716.7742699762325
 20
511.5772220460654
 10
716.4923974675993
 20
511.59365407571664
 10
716.2638026551047
 20
511.5844268590663
 10
716.0431710569794
 20
511.5567452091153
 10
715.8305026732237
 20
511.5106091258637
 10
715.6257975038374
 20
511.44601860931147
 10
715.4290555488205
 20
511.36297365945853
 10
715.2402768081732
 20
511.26147427630497
 10
715.0594612818953
 20
511.14152045985077
 10
714.8866089699868
 20
511.0031122100959
 10
714.7282926843083
 20
510.83891831381135
 10
714.5910852367202
 20
510.6416075577681
 10
714.4749866272226
 20
510.4111799419662
 10
714.3799968558155
 20
510.1476354664056
 10
714.3061159224989
 20
509.8509741310863
 10
714.2533438272727
 20
509.52119593600827
 10
714.221680570137
 20
509.15830088117156
 10
714.2111261510918
 20
508.76228896657614
 10
714.2111261510918
 20
504.0703125000004
 10
712.7549955235338
 20
504.0703125000004
  0
LWPOLYLINE
  5
27E
330
17
100
AcDbEntity
  8
line engraving
 62
1
420
16711680
100
AcDbPolyline
 90
13
 70
0
 10
721.9771561647344
 20
504.0703125000004
 10
721.9771561647344
 20
515.9296875000005
 10
723.4332867922924
 20
515.9296875000005
 10
723.4332867922924
 20
509.16676969645334
 10
726.8794626108463
 20
512.6614832025925
 10
728.7643428120741
 20
512.6614832025925
 10
725.4799592854711
 20
509.47417505116
 10
729.0960170105734
 20
504.0703125000004
 10
727.3001225699186
 20
504.0703125000004
 10
724.4606678461805
 20
508.462973226467
 10
723.4332867922924
 20
507.47604024556654
 10
723.4332867922924
 20
504.0703125000004
 10
721.9771561647344
 20
504.0703125000004
  0
LWPOLYLINE
  5
27F
330
17
100
AcDbEntity
  8
line engraving
 62
1
420
16711680
100
AcDbPolyline
 90
48
 70
0
 10
730.4388930337658
 20
504.0703125000004
 10
730.4388930337658
 20
515.9296875000005
 10
734.5241484055257
 20
515.9296875000005
 10
734.8597410110957
 20
515.9270330952106
 10
735.1748567797156
 20
515.9190698808412
 10
735.4694957113855
 20
515.905797856892
 10
735.7436578061054
 20
515.8872170233633
 10
735.9973430638753
 20
515.863327380255
 10
736.2305514846951
 20
515.8341289275669
 10
736.4432830685649
 20
515.7996216652992
 10
736.6355378154847
 20
515.7598055934519
 10
737.1264763013731
 20
515.6187429389073
 10
737.580000319748
 20
515.4301537986021
 10
737.9961098706092
 20
515.1940381725362
 10
738.3748049539568
 20
514.9103960607098
 10
738.6020093639424
 20
514.7053116906393
 10
738.8144249472421
 20
514.4864496957073
 10
739.0120517038555
 20
514.2538100759139
 10
739.1948896337829
 20
514.0073928312589
 10
739.3629387370239
 20
513.7471979617426
 10
739.516199013579
 20
513.4732254673648
 10
739.6546704634479
 20
513.1854753481256
 10
739.7783530866307
 20
512.8839476040249
 10
739.9818574538501
 20
512.2451208512751
 10
740.1272177161497
 20
511.5623068191511
 10
740.2144338735295
 20
510.835505507653
 10
740.2435059259894
 20
510.06471691678075
 10
740.223787490408
 20
509.40844693255497
 10
740.1646321836633
 20
508.7906026176675
 10
740.0660400057559
 20
508.2111839721184
 10
739.9280109566853
 20
507.6701909959076
 10
739.7591402519615
 20
507.17091009496545
 10
739.5680231070945
 20
506.71662767522207
 10
739.3546595220844
 20
506.3073437366776
 10
739.1190494969309
 20
505.9430582793319
 10
738.8665018412138
 20
505.61947369543014
 10
738.6023253645127
 20
505.3322923772173
 10
738.3265200668277
 20
505.08151432469344
 10
738.0390859481587
 20
504.8671395378585
 10
737.7306693916273
 20
504.6828480053082
 10
737.3919167803551
 20
504.5223197156382
 10
737.0228281143422
 20
504.38555466884844
 10
736.6234033935884
 20
504.27255286493903
 10
736.1933898176377
 20
504.18407270527837
 10
735.7325345860338
 20
504.12087259123507
 10
735.2408376987769
 20
504.0829525228091
 10
734.7182991558667
 20
504.0703125000004
 10
730.4388930337658
 20
504.0703125000004
  0
LWPOLYLINE
  5
280
330
17
100
AcDbEntity
  8
line engraving
 62
1
420
16711680
100
AcDbPolyline
 90
44
 70
0
 10
732.0082782656893
 20
505.4698158253756
 10
734.5403276347207
 20
505.4698158253756
 10
735.095224636021
 20
505.4834670500089
 10
735.5869215232781
 20
505.524420723909
 10
736.0154182964917
 20
505.5926768470758
 10
736.380714955662
 20
505.6882354195093
 10
736.6974739272472
 20
505.80856843664776
 10
736.9803576377051
 20
505.9511478939295
 10
737.2293660870357
 20
506.1159737913544
 10
737.4444992752392
 20
506.30304612892263
 10
737.7081701510278
 20
506.6061538758744
 10
737.9409993711635
 20
506.957293709499
 10
738.1429869356459
 20
507.3564656297966
 10
738.3141328444751
 20
507.8036696367671
 10
738.4503922903525
 20
508.2999169322352
 10
738.5477204659792
 20
508.8462187180256
 10
738.6061173713553
 20
509.44257499413834
 10
738.6255830064806
 20
510.0889857605734
 10
738.6160397892601
 20
510.54067697564096
 10
738.5874101375985
 20
510.96544494212606
 10
738.5396940514958
 20
511.3632896600287
 10
738.472891530952
 20
511.734211129349
 10
738.3870025759671
 20
512.0782093500867
 10
738.2820271865411
 20
512.395284322242
 10
738.1579653626741
 20
512.6854360458149
 10
738.014817104366
 20
512.9486645208053
 10
737.8580176214246
 20
513.1881297529154
 10
737.6930021236575
 20
513.4069917478474
 10
737.5197706110647
 20
513.6052505056014
 10
737.3383230836464
 20
513.7829060261771
 10
737.1486595414024
 20
513.9399583095748
 10
736.9507799843328
 20
514.0764073557942
 10
736.7446844124376
 20
514.1922531648356
 10
736.5303728257167
 20
514.2874957366989
 10
736.3606173193963
 20
514.3443758393379
 10
736.1668457697396
 20
514.3936719282917
 10
735.9490581767462
 20
514.4353840035602
 10
735.7072545404166
 20
514.4695120651436
 10
735.4414348607503
 20
514.4960561130418
 10
735.1515991377477
 20
514.5150161472549
 10
734.8377473714086
 20
514.5263921677827
 10
734.499879561733
 20
514.5301841746252
 10
732.0082782656893
 20
514.5301841746252
 10
732.0082782656893
 20
505.4698158253756
  0
LWPOLYLINE
  5
281
330
17
100
AcDbEntity
  8
cut
 62
5
420
255
100
AcDbPolyline
 90
4
 70
1
 10
859.2000000000005
 20
606.0000000000005
 10
618.6000000000004
 20
606.0000000000006
 42
0.9999999999999999
 10
618.6000000000004
 20
546.0000000000005
 10
859.2000000000005
 20
546.0000000000005
 42
0.9999999999999999
  0
CIRCLE
  5
282
330
17
100
AcDbEntity
  8
cut
 62
5
420
255
100
AcDbCircle
 10
859.2000000000005
 20
576.0000000000005
 30
0.0
 40
10.9
  0
CIRCLE
  5
283
330
17
100
AcDbEntity
  8
cut
 62
5
420
255
100
AcDbCircle
 10
618.6000000000004
 20
576.0000000000005
 30
0.0
 40
10.9
  0
LWPOLYLINE
  5
284
330
17
100
AcDbEntity
  8
line engraving
 62
1
420
16711680
100
AcDbPolyline
 90
7
 70
0
 10
699.9814940740114
 20
570.0703125000005
 10
699.9814940740114
 20
581.9296875000005
 10
701.5508793059349
 20
581.9296875000005
 10
701.5508793059349
 20
571.4698158253756
 10
707.3915810453619
 20
571.4698158253756
 10
707.3915810453619
 20
570.0703125000005
 10
699.9814940740114
 20
570.0703125000005
  0
LWPOLYLINE
  5
285
330
17
100
AcDbEntity
  8
line engraving
 62
1
420
16711680
100
AcDbPolyline
 90
5
 70
0
 10
709.0823104962487
 20
580.2551372783088
 10
709.0823104962487
 20
581.9296875000005
 10
710.5384411238067
 20
581.9296875000005
 10
710.5384411238067
 20
580.2551372783088
 10
709.0823104962487
 20
580.2551372783088
  0
LWPOLYLINE
  5
286
330
17
100
AcDbEntity
  8
line engraving
 62
1
420
16711680
100
AcDbPolyline
 90
5
 70
0
 10
709.0823104962487
 20
570.0703125000005
 10
709.0823104962487
 20
578.6614832025925
 10
710.5384411238067
 20
578.6614832025925
 10
710.5384411238067
 20
570.0703125000005
 10
709.0823104962487
 20
570.0703125000005
  0
LWPOLYLINE
  5
287
330
17
100
AcDbEntity
  8
line engraving
 62
1
420
16711680
100
AcDbPolyline
 90
61
 70
0
 10
712.7549955235338
 20
570.0703125000005
 10
712.7549955235338
 20
578.6614832025925
 10
714.065513088336
 20
578.6614832025925
 10
714.065513088336
 20
577.4399513983633
 10
714.3152799390352
 20
577.7717519970907
 10
714.5913380371765
 20
578.0593125159878
 10
714.8936873827596
 20
578.3026329550546
 10
715.2223279757849
 20
578.501713314291
 10
715.5772598162521
 20
578.6565535936973
 10
715.9584829041614
 20
578.767153793273
 10
716.3659972395127
 20
578.8335139130185
 10
716.799802822306
 20
578.8556339529337
 10
717.1802675088468
 20
578.8381907214577
 10
717.5450585671048
 20
578.7858610270298
 10
717.8941759970801
 20
578.69864486965
 10
718.2276197987726
 20
578.5765422493183
 10
718.5327499493737
 20
578.4261259778953
 10
718.7969264260748
 20
578.2539688672413
 10
719.0201492288758
 20
578.0600709173564
 10
719.2024183577767
 20
577.8444321282406
 10
719.3520762278313
 20
577.60730530035
 10
719.4774652540932
 20
577.348943234141
 10
719.5785854365625
 20
577.0693459296134
 10
719.6554367752392
 20
576.7685133867672
 10
719.6908288391035
 20
576.5283529534025
 10
719.7161088847208
 20
576.212352383186
 10
719.7312769120912
 20
575.8205116761175
 10
719.7363329212146
 20
575.3528308321969
 10
719.7363329212146
 20
570.0703125000005
 10
718.2802022936567
 20
570.0703125000005
 10
718.2802022936567
 20
575.296203530014
 10
718.2695846744974
 20
575.7130714822438
 10
718.2377318170195
 20
576.073817733203
 10
718.1846437212232
 20
576.3784422828918
 10
718.1103203871082
 20
576.6269451313101
 10
718.0089474041828
 20
576.8362639090216
 10
717.8747103619547
 20
577.0233362465898
 10
717.7076092604242
 20
577.1881621440148
 10
717.5076440995912
 20
577.3307416012965
 10
717.2818932922285
 20
577.4457658088553
 10
717.037435251109
 20
577.5279259571116
 10
716.7742699762325
 20
577.5772220460655
 10
716.4923974675993
 20
577.5936540757167
 10
716.2638026551047
 20
577.5844268590664
 10
716.0431710569794
 20
577.5567452091154
 10
715.8305026732237
 20
577.5106091258638
 10
715.6257975038374
 20
577.4460186093115
 10
715.4290555488205
 20
577.3629736594586
 10
715.2402768081732
 20
577.2614742763051
 10
715.0594612818953
 20
577.1415204598509
 10
714.8866089699868
 20
577.003112210096
 10
714.7282926843083
 20
576.8389183138114
 10
714.5910852367202
 20
576.6416075577682
 10
714.4749866272226
 20
576.4111799419662
 10
714.3799968558155
 20
576.1476354664056
 10
714.3061159224989
 20
575.8509741310863
 10
714.2533438272727
 20
575.5211959360083
 10
714.221680570137
 20
575.1583008811716
 10
714.2111261510918
 20
574.7622889665762
 10
714.2111261510918
 20
570.0703125000005
 10
712.7549955235338
 20
570.0703125000005
  0
LWPOLYLINE
  5
288
330
17
100
AcDbEntity
  8
line engraving
 62
1
420
16711680
100
AcDbPolyline
 90
13
 70
0
 10
721.9771561647344
 20
570.0703125000005
 10
721.9771561647344
 20
581.9296875000005
 10
723.4332867922924
 20
581.9296875000005
 10
723.4332867922924
 20
575.1667696964533
 10
726.8794626108463
 20
578.6614832025925
 10
728.7643428120741
 20
578.6614832025925
 10
725.4799592854711
 20
575.47417505116
 10
729.0960170105734
 20
570.0703125000005
 10
727.3001225699186
 20
570.0703125000005
 10
724.4606678461805
 20
574.462973226467
 10
723.4332867922924
 20
573.4760402455667
 10
723.4332867922924
 20
570.0703125000005
 10
721.9771561647344
 20
570.0703125000005
  0
LWPOLYLINE
  5
289
330
17
100
AcDbEntity
  8
line engraving
 62
1
420
16711680
100
AcDbPolyline
 90
48
 70
0
 10
730.4388930337658
 20
570.0703125000005
 10
730.4388930337658
 20
581.9296875000005
 10
734.5241484055257
 20
581.9296875000005
 10
734.8597410110957
 20
581.9270330952106
 10
735.1748567797156
 20
581.9190698808412
 10
735.4694957113855
 20
581.905797856892
 10
735.7436578061054
 20
581.8872170233633
 10
735.9973430638753
 20
581.863327380255
 10
736.2305514846951
 20
581.834128927567
 10
736.4432830685649
 20
581.7996216652994
 10
736.6355378154847
 20
581.759805593452
 10
737.1264763013731
 20
581.6187429389073
 10
737.580000319748
 20
581.4301537986021
 10
737.9961098706092
 20
581.1940381725362
 10
738.3748049539568
 20
580.9103960607099
 10
738.6020093639424
 20
580.7053116906393
 10
738.8144249472421
 20
580.4864496957073
 10
739.0120517038555
 20
580.2538100759139
 10
739.1948896337829
 20
580.007392831259
 10
739.3629387370239
 20
579.7471979617427
 10
739.516199013579
 20
579.4732254673648
 10
739.6546704634479
 20
579.1854753481257
 10
739.7783530866307
 20
578.883947604025
 10
739.9818574538501
 20
578.2451208512753
 10
740.1272177161497
 20
577.5623068191512
 10
740.2144338735295
 20
576.8355055076531
 10
740.2435059259894
 20
576.0647169167808
 10
740.223787490408
 20
575.408446932555
 10
740.1646321836633
 20
574.7906026176676
 10
740.0660400057559
 20
574.2111839721184
 10
739.9280109566853
 20
573.6701909959077
 10
739.7591402519615
 20
573.1709100949655
 10
739.5680231070945
 20
572.7166276752222
 10
739.3546595220844
 20
572.3073437366776
 10
739.1190494969309
 20
571.9430582793319
 10
738.8665018412138
 20
571.6194736954302
 10
738.6023253645127
 20
571.3322923772173
 10
738.3265200668277
 20
571.0815143246934
 10
738.0390859481587
 20
570.8671395378585
 10
737.7306693916273
 20
570.6828480053083
 10
737.3919167803551
 20
570.5223197156382
 10
737.0228281143422
 20
570.3855546688485
 10
736.6234033935884
 20
570.272552864939
 10
736.1933898176377
 20
570.1840727052784
 10
735.7325345860338
 20
570.1208725912351
 10
735.2408376987769
 20
570.0829525228091
 10
734.7182991558667
 20
570.0703125000005
 10
730.4388930337658
 20
570.0703125000005
  0
LWPOLYLINE
  5
28A
330
17
100
AcDbEntity
  8
line engraving
 62
1
420
16711680
100
AcDbPolyline
 90
44
 70
0
 10
732.0082782656893
 20
571.4698158253756
 10
734.5403276347207
 20
571.4698158253756
 10
735.095224636021
 20
571.4834670500089
 10
735.5869215232781
 20
571.524420723909
 10
736.0154182964917
 20
571.5926768470758
 10
736.380714955662
 20
571.6882354195093
 10
736.6974739272472
 20
571.8085684366478
 10
736.9803576377051
 20
571.9511478939295
 10
737.2293660870357
 20
572.1159737913545
 10
737.4444992752392
 20
572.3030461289227
 10
737.7081701510278
 20
572.6061538758744
 10
737.9409993711635
 20
572.957293709499
 10
738.1429869356459
 20
573.3564656297966
 10
738.3141328444751
 20
573.8036696367672
 10
738.4503922903525
 20
574.2999169322353
 10
738.5477204659792
 20
574.8462187180257
 10
738.6061173713553
 20
575.4425749941385
 10
738.6255830064806
 20
576.0889857605735
 10
738.6160397892601
 20
576.5406769756411
 10
738.5874101375985
 20
576.9654449421262
 10
738.5396940514958
 20
577.3632896600288
 10
738.472891530952
 20
577.734211129349
 10
738.3870025759671
 20
578.0782093500868
 10
738.2820271865411
 20
578.3952843222421
 10
738.1579653626741
 20
578.685436045815
 10
738.014817104366
 20
578.9486645208053
 10
737.8580176214246
 20
579.1881297529154
 10
737.6930021236575
 20
579.4069917478474
 10
737.5197706110647
 20
579.6052505056014
 10
737.3383230836464
 20
579.7829060261771
 10
737.1486595414024
 20
579.9399583095748
 10
736.9507799843328
 20
580.0764073557942
 10
736.7446844124376
 20
580.1922531648356
 10
736.5303728257167
 20
580.2874957366989
 10
736.3606173193963
 20
580.3443758393379
 10
736.1668457697396
 20
580.3936719282917
 10
735.9490581767462
 20
580.4353840035603
 10
735.7072545404166
 20
580.4695120651437
 10
735.4414348607503
 20
580.496056113042
 10
735.1515991377477
 20
580.515016147255
 10
734.8377473714086
 20
580.5263921677828
 10
734.499879561733
 20
580.5301841746253
 10
732.0082782656893
 20
580.5301841746253
 10
732.0082782656893
 20
571.4698158253756
  0
CIRCLE
  5
28B
330
17
100
AcDbEntity
  8
cut
 62
5
420
255
100
AcDbCircle
 10
919.2000003576279
 20
372.0000036742754
 30
0.0
 40
10.9
  0
LWPOLYLINE
  5
28C
330
17
100
AcDbEntity
  8
cut
 62
5
420
255
100
AcDbPolyline
 90
4
 70
1
 10
895.2000003576276
 20
372.0000036742749
 42
1.0157787888818275
 10
943.1882375877974
 20
372.7513189137899
 10
943.1882375877974
 20
609.1252354466051
 42
0.9809821123639358
 10
895.2000000000004
 20
608.5962532441054
  0
CIRCLE
  5
28D
330
17
100
AcDbEntity
  8
cut
 62
5
420
255
100
AcDbCircle
 10
919.2000115334985
 20
608.4000449802925
 30
0.0
 40
10.9
  0
LWPOLYLINE
  5
28E
330
17
100
AcDbEntity
  8
line engraving
 62
1
420
16711680
100
AcDbPolyline
 90
7
 70
0
 10
925.1297108129891
 20
542.030562741053
 10
913.2703358129891
 20
542.030562741053
 10
913.2703358129891
 20
543.5999479729767
 10
923.7302074876139
 20
543.5999479729767
 10
923.7302074876139
 20
549.4406497124037
 10
925.1297108129891
 20
549.4406497124037
 10
925.1297108129891
 20
542.030562741053
  0
LWPOLYLINE
  5
28F
330
17
100
AcDbEntity
  8
line engraving
 62
1
420
16711680
100
AcDbPolyline
 90
5
 70
0
 10
914.9448860346807
 20
551.1313791632905
 10
913.2703358129891
 20
551.1313791632905
 10
913.2703358129891
 20
552.5875097908485
 10
914.9448860346807
 20
552.5875097908485
 10
914.9448860346807
 20
551.1313791632905
  0
LWPOLYLINE
  5
290
330
17
100
AcDbEntity
  8
line engraving
 62
1
420
16711680
100
AcDbPolyline
 90
5
 70
0
 10
925.1297108129891
 20
551.1313791632905
 10
916.538540110397
 20
551.1313791632905
 10
916.538540110397
 20
552.5875097908485
 10
925.1297108129891
 20
552.5875097908485
 10
925.1297108129891
 20
551.1313791632905
  0
LWPOLYLINE
  5
291
330
17
100
AcDbEntity
  8
line engraving
 62
1
420
16711680
100
AcDbPolyline
 90
61
 70
0
 10
925.1297108129891
 20
554.8040641905756
 10
916.538540110397
 20
554.8040641905756
 10
916.538540110397
 20
556.1145817553778
 10
917.7600719146262
 20
556.1145817553778
 10
917.4282713158988
 20
556.364348606077
 10
917.1407107970017
 20
556.6404067042182
 10
916.8973903579349
 20
556.9427560498013
 10
916.6983099986985
 20
557.2713966428266
 10
916.5434697192923
 20
557.6263284832938
 10
916.4328695197165
 20
558.0075515712032
 10
916.366509399971
 20
558.4150659065544
 10
916.3443893600559
 20
558.8488714893477
 10
916.3618325915318
 20
559.2293361758885
 10
916.4141622859597
 20
559.5941272341465
 10
916.5013784433395
 20
559.9432446641218
 10
916.6234810636712
 20
560.2766884658143
 10
916.7738973350943
 20
560.5818186164155
 10
916.9460544457482
 20
560.8459950931165
 10
917.1399523956331
 20
561.0692178959175
 10
917.355591184749
 20
561.2514870248184
 10
917.5927180126395
 20
561.401144894873
 10
917.8510800788486
 20
561.526533921135
 10
918.1306773833761
 20
561.6276541036043
 10
918.4315099262224
 20
561.704505442281
 10
918.671670359587
 20
561.7398975061452
 10
918.9876709298035
 20
561.7651775517625
 10
919.379511636872
 20
561.7803455791329
 10
919.8471924807926
 20
561.7854015882564
 10
925.1297108129891
 20
561.7854015882564
 10
925.1297108129891
 20
560.3292709606984
 10
919.9038197829755
 20
560.3292709606984
 10
919.4869518307457
 20
560.3186533415392
 10
919.1262055797865
 20
560.2868004840614
 10
918.8215810300977
 20
560.233712388265
 10
918.5730781816794
 20
560.15938905415
 10
918.363759403968
 20
560.0580160712244
 10
918.1766870663997
 20
559.9237790289965
 10
918.0118611689747
 20
559.756677927466
 10
917.869281711693
 20
559.5567127666329
 10
917.7542575041342
 20
559.3309619592702
 10
917.6720973558779
 20
559.0865039181506
 10
917.6228012669241
 20
558.8233386432743
 10
917.6063692372728
 20
558.541466134641
 10
917.6155964539231
 20
558.3128713221464
 10
917.6432781038741
 20
558.0922397240212
 10
917.6894141871257
 20
557.8795713402654
 10
917.754004703678
 20
557.6748661708791
 10
917.8370496535309
 20
557.4781242158623
 10
917.9385490366844
 20
557.289345475215
 10
918.0585028531386
 20
557.1085299489371
 10
918.1969111028935
 20
556.9356776370286
 10
918.3611049991781
 20
556.77736135135
 10
918.5584157552213
 20
556.640153903762
 10
918.7888433710233
 20
556.5240552942644
 10
919.0523878465839
 20
556.4290655228573
 10
919.3490491819032
 20
556.3551845895406
 10
919.6788273769812
 20
556.3024124943145
 10
920.0417224318179
 20
556.2707492371787
 10
920.4377343464133
 20
556.2601948181335
 10
925.1297108129891
 20
556.2601948181335
 10
925.1297108129891
 20
554.8040641905756
  0
LWPOLYLINE
  5
292
330
17
100
AcDbEntity
  8
line engraving
 62
1
420
16711680
100
AcDbPolyline
 90
13
 70
0
 10
925.1297108129891
 20
564.0262248317762
 10
913.2703358129891
 20
564.0262248317762
 10
913.2703358129891
 20
565.4823554593341
 10
920.0332536165362
 20
565.4823554593341
 10
916.538540110397
 20
568.9285312778879
 10
916.538540110397
 20
570.8134114791159
 10
919.7258482618295
 20
567.5290279525128
 10
925.1297108129891
 20
571.1450856776152
 10
925.1297108129891
 20
569.3491912369603
 10
920.7370500865225
 20
566.5097365132223
 10
921.7239830674229
 20
565.4823554593341
 10
925.1297108129891
 20
565.4823554593341
 10
925.1297108129891
 20
564.0262248317762
  0
LWPOLYLINE
  5
293
330
17
100
AcDbEntity
  8
line engraving
 62
1
420
16711680
100
AcDbPolyline
 90
11
 70
0
 10
925.1297108129891
 20
572.568857846783
 10
913.2703358129891
 20
572.568857846783
 10
913.2703358129891
 20
580.5694866837543
 10
914.6698391383642
 20
580.5694866837543
 10
914.6698391383642
 20
574.1382430787065
 10
918.3425241656494
 20
574.1382430787065
 10
918.3425241656494
 20
579.7038979218171
 10
919.7420274910245
 20
579.7038979218171
 10
919.7420274910245
 20
574.1382430787065
 10
925.1297108129891
 20
574.1382430787065
 10
925.1297108129891
 20
572.568857846783
  0
ENDSEC
  0
SECTION
  2
OBJECTS
  0
DICTIONARY
  5
A
330
0
100
AcDbDictionary
281
1
  3
ACAD_COLOR
350
B
  3
ACAD_GROUP
350
C
  3
ACAD_LAYOUT
350
D
  3
ACAD_MATERIAL
350
E
  3
ACAD_MLEADERSTYLE
350
F
  3
ACAD_MLINESTYLE
350
10
  3
ACAD_PLOTSETTINGS
350
11
  3
ACAD_PLOTSTYLENAME
350
12
  3
ACAD_SCALELIST
350
14
  3
ACAD_TABLESTYLE
350
15
  3
ACAD_VISUALSTYLE
350
16
  3
EZDXF_META
350
2D
  0
DICTIONARY
  5
B
330
A
100
AcDbDictionary
281
1
  0
DICTIONARY
  5
C
330
A
100
AcDbDictionary
281
1
  0
DICTIONARY
  5
D
330
A
100
AcDbDictionary
281
1
  3
Model
350
1A
  3
Layout1
350
1E
  0
DICTIONARY
  5
E
330
A
100
AcDbDictionary
281
1
  3
ByBlock
350
1F
  3
ByLayer
350
20
  3
Global
350
21
  0
DICTIONARY
  5
F
330
A
100
AcDbDictionary
281
1
  3
Standard
350
2C
  0
DICTIONARY
  5
10
330
A
100
AcDbDictionary
281
1
  3
Standard
350
22
  0
DICTIONARY
  5
11
330
A
100
AcDbDictionary
281
1
  0
ACDBDICTIONARYWDFLT
  5
12
330
A
100
AcDbDictionary
281
1
  3
Normal
350
13
100
AcDbDictionaryWithDefault
340
13
  0
ACDBPLACEHOLDER
  5
13
330
12
  0
DICTIONARY
  5
14
330
A
100
AcDbDictionary
281
1
  0
DICTIONARY
  5
15
330
A
100
AcDbDictionary
281
1
  0
DICTIONARY
  5
16
330
A
100
AcDbDictionary
281
1
  0
LAYOUT
  5
1A
330
D
100
AcDbPlotSettings
  1

  4
A3
  6

 40
7.5
 41
20.0
 42
7.5
 43
20.0
 44
420.0
 45
297.0
 46
0.0
 47
0.0
 48
0.0
 49
0.0
140
0.0
141
0.0
142
1.0
143
1.0
 70
1024
 72
1
 73
0
 74
5
  7

 75
16
 76
0
 77
2
 78
300
147
1.0
148
0.0
149
0.0
100
AcDbLayout
  1
Model
 70
1
 71
0
 10
0.0
 20
0.0
 11
420.0
 21
297.0
 12
0.0
 22
0.0
 32
0.0
 14
1e+20
 24
1e+20
 34
1e+20
 15
-1e+20
 25
-1e+20
 35
-1e+20
146
0.0
 13
0.0
 23
0.0
 33
0.0
 16
1.0
 26
0.0
 36
0.0
 17
0.0
 27
1.0
 37
0.0
 76
1
330
17
  0
LAYOUT
  5
1E
330
D
100
AcDbPlotSettings
  1

  4
A3
  6

 40
7.5
 41
20.0
 42
7.5
 43
20.0
 44
420.0
 45
297.0
 46
0.0
 47
0.0
 48
0.0
 49
0.0
140
0.0
141
0.0
142
1.0
143
1.0
 70
0
 72
1
 73
0
 74
5
  7

 75
16
 76
0
 77
2
 78
300
147
1.0
148
0.0
149
0.0
100
AcDbLayout
  1
Layout1
 70
1
 71
1
 10
0.0
 20
0.0
 11
420.0
 21
297.0
 12
0.0
 22
0.0
 32
0.0
 14
1e+20
 24
1e+20
 34
1e+20
 15
-1e+20
 25
-1e+20
 35
-1e+20
146
0.0
 13
0.0
 23
0.0
 33
0.0
 16
1.0
 26
0.0
 36
0.0
 17
0.0
 27
1.0
 37
0.0
 76
1
330
1B
  0
MATERIAL
  5
1F
102
{ACAD_REACTORS
330
E
102
}
330
E
100
AcDbMaterial
  1
ByBlock
  2

 70
0
 40
1.0
 71
1
 41
1.0
 91
-1023410177
 42
1.0
 72
1
  3

 73
1
 74
1
 75
1
 44
0.5
 73
0
 45
1.0
 46
1.0
 77
1
  4

 78
1
 79
1
170
1
 48
1.0
171
1
  6

172
1
173
1
174
1
140
1.0
141
1.0
175
1
  7

176
1
177
1
178
1
143
1.0
179
1
  8

270
1
271
1
272
1
145
1.0
146
1.0
273
1
  9

274
1
275
1
276
1
 42
1.0
 72
1
  3

 73
1
 74
1
 75
1
 94
63
  0
MATERIAL
  5
20
102
{ACAD_REACTORS
330
E
102
}
330
E
100
AcDbMaterial
  1
ByLayer
  2

 70
0
 40
1.0
 71
1
 41
1.0
 91
-1023410177
 42
1.0
 72
1
  3

 73
1
 74
1
 75
1
 44
0.5
 73
0
 45
1.0
 46
1.0
 77
1
  4

 78
1
 79
1
170
1
 48
1.0
171
1
  6

172
1
173
1
174
1
140
1.0
141
1.0
175
1
  7

176
1
177
1
178
1
143
1.0
179
1
  8

270
1
271
1
272
1
145
1.0
146
1.0
273
1
  9

274
1
275
1
276
1
 42
1.0
 72
1
  3

 73
1
 74
1
 75
1
 94
63
  0
MATERIAL
  5
21
102
{ACAD_REACTORS
330
E
102
}
330
E
100
AcDbMaterial
  1
Global
  2

 70
0
 40
1.0
 71
1
 41
1.0
 91
-1023410177
 42
1.0
 72
1
  3

 73
1
 74
1
 75
1
 44
0.5
 73
0
 45
1.0
 46
1.0
 77
1
  4

 78
1
 79
1
170
1
 48
1.0
171
1
  6

172
1
173
1
174
1
140
1.0
141
1.0
175
1
  7

176
1
177
1
178
1
143
1.0
179
1
  8

270
1
271
1
272
1
145
1.0
146
1.0
273
1
  9

274
1
275
1
276
1
 42
1.0
 72
1
  3

 73
1
 74
1
 75
1
 94
63
  0
MLINESTYLE
  5
22
102
{ACAD_REACTORS
330
10
102
}
330
10
100
AcDbMlineStyle
  2
Standard
 70
0
  3

 62
256
 51
90.0
 52
90.0
 71
2
 49
0.5
 62
256
  6
BYLAYER
 49
-0.5
 62
256
  6
BYLAYER
  0
MLEADERSTYLE
  5
2C
102
{ACAD_REACTORS
330
F
102
}
330
F
100
AcDbMLeaderStyle
179
2
170
2
171
1
172
0
 90
2
 40
0.0
 41
0.0
173
1
 91
-1056964608
 92
-2
290
1
 42
2.0
291
1
 43
8.0
  3
Standard
 44
4.0
300

342
29
174
1
175
1
176
0
178
1
 93
-1056964608
 45
4.0
292
0
297
0
 46
4.0
 94
-1056964608
 47
1.0
 49
1.0
140
1.0
294
1
141
0.0
177
0
142
1.0
295
0
296
0
143
3.75
271
0
272
9
273
9
  0
DICTIONARY
  5
2D
330
A
100
AcDbDictionary
280
1
281
1
  3
CREATED_BY_EZDXF
350
2E
  3
WRITTEN_BY_EZDXF
350
296
  0
DICTIONARYVAR
  5
2E
330
2D
100
DictionaryVariables
280
0
  1
1.4.4 @ 2026-08-07T22:46:01.272415+00:00
  0
DICTIONARYVAR
  5
296
330
2D
100
DictionaryVariables
280
0
  1
1.4.4 @ 2026-08-07T22:46:02.075496+00:00
  0
ENDSEC
  0
EOF
